scenario_id,alert_id,timestamp,alert_type,source_node,service_name,severity,metric,observed_value,threshold,alert_message
scen_000000,alt_scen_000000_00001,2026-09-01T00:10:20Z,ErrorRateElevated,sub_svc_4,sub_service_4,critical,error_rate_percent,72.31,10.0,Error rate threshold exceeded
scen_000000,alt_scen_000000_00003,2026-09-01T00:10:39.795814Z,ErrorRateElevated,sub_svc_4,sub_service_4,critical,error_rate_percent,67.04,10.0,DUPLICATE: Error rate threshold exceeded
scen_000000,alt_scen_000000_00002,2026-09-01T00:10:40Z,ErrorRateElevated,sub_svc_4,sub_service_4,critical,error_rate_percent,67.04,10.0,Error rate threshold exceeded
scen_000000,alt_scen_000000_00004,2026-09-01T00:11:10Z,ErrorRateElevated,sub_svc_4,sub_service_4,critical,error_rate_percent,68.87,10.0,Error rate threshold exceeded
scen_000000,alt_scen_000000_00005,2026-09-01T00:12:30Z,ErrorRateElevated,sub_svc_4,sub_service_4,critical,error_rate_percent,41.59,10.0,Error rate threshold exceeded
scen_000000,alt_scen_000000_00006,2026-09-01T00:12:50Z,ErrorRateElevated,sub_svc_4,sub_service_4,critical,error_rate_percent,52.67,10.0,Error rate threshold exceeded
scen_000000,alt_scen_000000_00007,2026-09-01T00:13:10Z,ErrorRateElevated,sub_svc_4,sub_service_4,critical,error_rate_percent,34.84,10.0,Error rate threshold exceeded
scen_000000,alt_scen_000000_00008,2026-09-01T00:13:20Z,ErrorRateElevated,sub_svc_4,sub_service_4,critical,error_rate_percent,31.46,10.0,Error rate threshold exceeded
scen_000000,alt_scen_000000_00009,2026-09-01T00:16:00Z,ErrorRateElevated,sub_svc_4,sub_service_4,critical,error_rate_percent,37.62,10.0,Error rate threshold exceeded
scen_000000,alt_scen_000000_00036,2026-09-01T00:16:09Z,TransientSpikeWarning,web_01,web_service,warning,cpu_usage_percent,78.5,75.0,Transient CPU spike detected on idle node
scen_000000,alt_scen_000000_00010,2026-09-01T00:16:10Z,ErrorRateElevated,sub_svc_4,sub_service_4,critical,error_rate_percent,75.07,10.0,Error rate threshold exceeded
scen_000000,alt_scen_000000_00011,2026-09-01T00:16:20Z,ErrorRateElevated,sub_svc_4,sub_service_4,critical,error_rate_percent,51.19,10.0,Error rate threshold exceeded
scen_000000,alt_scen_000000_00012,2026-09-01T00:16:30Z,ErrorRateElevated,sub_svc_4,sub_service_4,critical,error_rate_percent,61.84,10.0,Error rate threshold exceeded
scen_000000,alt_scen_000000_00037,2026-09-01T00:16:35Z,TransientSpikeWarning,web_01,web_service,warning,cpu_usage_percent,78.5,75.0,Transient CPU spike detected on idle node
scen_000000,alt_scen_000000_00013,2026-09-01T00:17:20Z,ErrorRateElevated,sub_svc_4,sub_service_4,critical,error_rate_percent,72.35,10.0,Error rate threshold exceeded
scen_000000,alt_scen_000000_00014,2026-09-01T00:19:10Z,ErrorRateElevated,sub_svc_4,sub_service_4,critical,error_rate_percent,75.14,10.0,Error rate threshold exceeded
scen_000000,alt_scen_000000_00015,2026-09-01T00:19:30Z,ErrorRateElevated,sub_svc_4,sub_service_4,critical,error_rate_percent,55.91,10.0,Error rate threshold exceeded
scen_000000,alt_scen_000000_00016,2026-09-01T00:19:40Z,ErrorRateElevated,sub_svc_4,sub_service_4,critical,error_rate_percent,56.4,10.0,Error rate threshold exceeded
scen_000000,alt_scen_000000_00018,2026-09-01T00:19:59.745669Z,ErrorRateElevated,sub_svc_4,sub_service_4,critical,error_rate_percent,37.92,10.0,DUPLICATE: Error rate threshold exceeded
scen_000000,alt_scen_000000_00017,2026-09-01T00:20:00Z,ErrorRateElevated,sub_svc_4,sub_service_4,critical,error_rate_percent,37.92,10.0,Error rate threshold exceeded
scen_000000,alt_scen_000000_00019,2026-09-01T00:20:10Z,ErrorRateElevated,sub_svc_4,sub_service_4,critical,error_rate_percent,77.92,10.0,Error rate threshold exceeded
scen_000000,alt_scen_000000_00020,2026-09-01T00:21:20Z,ErrorRateElevated,sub_svc_4,sub_service_4,critical,error_rate_percent,49.98,10.0,Error rate threshold exceeded
scen_000000,alt_scen_000000_00021,2026-09-01T00:21:50Z,ErrorRateElevated,sub_svc_4,sub_service_4,critical,error_rate_percent,50.15,10.0,Error rate threshold exceeded
scen_000000,alt_scen_000000_00022,2026-09-01T00:22:20Z,ErrorRateElevated,sub_svc_4,sub_service_4,critical,error_rate_percent,69.71,10.0,Error rate threshold exceeded
scen_000000,alt_scen_000000_00023,2026-09-01T00:22:30Z,ErrorRateElevated,sub_svc_4,sub_service_4,critical,error_rate_percent,66.34,10.0,Error rate threshold exceeded
scen_000000,alt_scen_000000_00024,2026-09-01T00:22:50Z,ErrorRateElevated,sub_svc_4,sub_service_4,critical,error_rate_percent,68.93,10.0,Error rate threshold exceeded
scen_000000,alt_scen_000000_00025,2026-09-01T00:23:00Z,ErrorRateElevated,sub_svc_4,sub_service_4,critical,error_rate_percent,49.93,10.0,Error rate threshold exceeded
scen_000000,alt_scen_000000_00026,2026-09-01T00:23:30Z,ErrorRateElevated,sub_svc_4,sub_service_4,critical,error_rate_percent,55.37,10.0,Error rate threshold exceeded
scen_000000,alt_scen_000000_00027,2026-09-01T00:25:00Z,ErrorRateElevated,sub_svc_4,sub_service_4,critical,error_rate_percent,68.83,10.0,Error rate threshold exceeded
scen_000000,alt_scen_000000_00028,2026-09-01T00:25:50Z,ErrorRateElevated,sub_svc_4,sub_service_4,critical,error_rate_percent,55.81,10.0,Error rate threshold exceeded
scen_000000,alt_scen_000000_00030,2026-09-01T00:26:26.055085Z,ErrorRateElevated,sub_svc_4,sub_service_4,critical,error_rate_percent,33.87,10.0,DUPLICATE: Error rate threshold exceeded
scen_000000,alt_scen_000000_00029,2026-09-01T00:26:30Z,ErrorRateElevated,sub_svc_4,sub_service_4,critical,error_rate_percent,33.87,10.0,Error rate threshold exceeded
scen_000000,alt_scen_000000_00031,2026-09-01T00:27:00Z,ErrorRateElevated,sub_svc_4,sub_service_4,critical,error_rate_percent,73.8,10.0,Error rate threshold exceeded
scen_000000,alt_scen_000000_00032,2026-09-01T00:29:00Z,ErrorRateElevated,sub_svc_4,sub_service_4,critical,error_rate_percent,32.13,10.0,Error rate threshold exceeded
scen_000000,alt_scen_000000_00034,2026-09-01T00:29:09.144180Z,ErrorRateElevated,sub_svc_4,sub_service_4,critical,error_rate_percent,43.75,10.0,DUPLICATE: Error rate threshold exceeded
scen_000000,alt_scen_000000_00033,2026-09-01T00:29:10Z,ErrorRateElevated,sub_svc_4,sub_service_4,critical,error_rate_percent,43.75,10.0,Error rate threshold exceeded
scen_000000,alt_scen_000000_00035,2026-09-01T00:29:20Z,ErrorRateElevated,sub_svc_4,sub_service_4,critical,error_rate_percent,52.38,10.0,Error rate threshold exceeded
scen_000001,alt_scen_000001_00001,2026-09-01T00:00:35Z,TransientSpikeWarning,sub_svc_3,sub_service_3,warning,cpu_usage_percent,78.5,75.0,Transient CPU spike detected on idle node
scen_000001,alt_scen_000001_00002,2026-09-01T00:02:03Z,TransientSpikeWarning,auth_01,auth_service,warning,cpu_usage_percent,78.5,75.0,Transient CPU spike detected on idle node
scen_000001,alt_scen_000001_00005,2026-09-01T00:02:45Z,TransientSpikeWarning,sub_svc_30,sub_service_30,warning,cpu_usage_percent,78.5,75.0,Transient CPU spike detected on idle node
scen_000001,alt_scen_000001_00004,2026-09-01T00:03:55Z,TransientSpikeWarning,sub_svc_28,sub_service_28,warning,cpu_usage_percent,78.5,75.0,Transient CPU spike detected on idle node
scen_000001,alt_scen_000001_00006,2026-09-01T00:05:13Z,TransientSpikeWarning,sub_svc_19,sub_service_19,warning,cpu_usage_percent,78.5,75.0,Transient CPU spike detected on idle node
scen_000001,alt_scen_000001_00003,2026-09-01T00:14:29Z,TransientSpikeWarning,sub_svc_29,sub_service_29,warning,cpu_usage_percent,78.5,75.0,Transient CPU spike detected on idle node
scen_000002,alt_scen_000002_00001,2026-09-01T00:00:33Z,TransientSpikeWarning,node_08,mesh_svc_8,warning,cpu_usage_percent,78.5,75.0,Transient CPU spike detected on idle node
scen_000002,alt_scen_000002_00002,2026-09-01T00:07:04Z,TransientSpikeWarning,node_13,mesh_svc_13,warning,cpu_usage_percent,78.5,75.0,Transient CPU spike detected on idle node
scen_000003,alt_scen_000003_00001,2026-09-01T00:01:20Z,TransientSpikeWarning,node_10,mesh_svc_10,warning,cpu_usage_percent,78.5,75.0,Transient CPU spike detected on idle node
scen_000003,alt_scen_000003_00004,2026-09-01T00:01:41Z,TransientSpikeWarning,node_17,mesh_svc_17,warning,cpu_usage_percent,78.5,75.0,Transient CPU spike detected on idle node
scen_000003,alt_scen_000003_00003,2026-09-01T00:10:57Z,TransientSpikeWarning,node_12,mesh_svc_12,warning,cpu_usage_percent,78.5,75.0,Transient CPU spike detected on idle node
scen_000003,alt_scen_000003_00002,2026-09-01T00:14:54Z,TransientSpikeWarning,node_14,mesh_svc_14,warning,cpu_usage_percent,78.5,75.0,Transient CPU spike detected on idle node
scen_000004,alt_scen_000004_00001,2026-09-01T00:00:58Z,TransientSpikeWarning,gw_01,api_gateway,warning,cpu_usage_percent,78.5,75.0,Transient CPU spike detected on idle node
scen_000004,alt_scen_000004_00003,2026-09-01T00:01:21Z,TransientSpikeWarning,es_01,elasticsearch,warning,cpu_usage_percent,78.5,75.0,Transient CPU spike detected on idle node
scen_000004,alt_scen_000004_00004,2026-09-01T00:03:55Z,TransientSpikeWarning,search_node_19,search_aux_19,warning,cpu_usage_percent,78.5,75.0,Transient CPU spike detected on idle node
scen_000004,alt_scen_000004_00002,2026-09-01T00:05:32Z,TransientSpikeWarning,mongo_01,mongodb,warning,cpu_usage_percent,78.5,75.0,Transient CPU spike detected on idle node
scen_000005,alt_scen_000005_00002,2026-09-01T00:05:03Z,TransientSpikeWarning,search_node_11,search_aux_11,warning,cpu_usage_percent,78.5,75.0,Transient CPU spike detected on idle node
scen_000005,alt_scen_000005_00005,2026-09-01T00:12:48Z,TransientSpikeWarning,search_node_10,search_aux_10,warning,cpu_usage_percent,78.5,75.0,Transient CPU spike detected on idle node
scen_000005,alt_scen_000005_00001,2026-09-01T00:12:57Z,TransientSpikeWarning,search_node_7,search_aux_7,warning,cpu_usage_percent,78.5,75.0,Transient CPU spike detected on idle node
scen_000005,alt_scen_000005_00004,2026-09-01T00:13:10Z,TransientSpikeWarning,search_node_11,search_aux_11,warning,cpu_usage_percent,78.5,75.0,Transient CPU spike detected on idle node
scen_000005,alt_scen_000005_00006,2026-09-01T00:14:12Z,TransientSpikeWarning,search_node_3,search_aux_3,warning,cpu_usage_percent,78.5,75.0,Transient CPU spike detected on idle node
scen_000005,alt_scen_000005_00003,2026-09-01T00:15:12Z,TransientSpikeWarning,es_01,elasticsearch,warning,cpu_usage_percent,78.5,75.0,Transient CPU spike detected on idle node
scen_000006,alt_scen_000006_00003,2026-09-01T00:01:09Z,TransientSpikeWarning,node_18,mesh_svc_18,warning,cpu_usage_percent,78.5,75.0,Transient CPU spike detected on idle node
scen_000006,alt_scen_000006_00002,2026-09-01T00:05:12Z,TransientSpikeWarning,node_12,mesh_svc_12,warning,cpu_usage_percent,78.5,75.0,Transient CPU spike detected on idle node
scen_000006,alt_scen_000006_00001,2026-09-01T00:09:03Z,TransientSpikeWarning,node_12,mesh_svc_12,warning,cpu_usage_percent,78.5,75.0,Transient CPU spike detected on idle node
scen_000006,alt_scen_000006_00005,2026-09-01T00:14:42Z,TransientSpikeWarning,node_08,mesh_svc_8,warning,cpu_usage_percent,78.5,75.0,Transient CPU spike detected on idle node
scen_000006,alt_scen_000006_00006,2026-09-01T00:15:56Z,TransientSpikeWarning,node_17,mesh_svc_17,warning,cpu_usage_percent,78.5,75.0,Transient CPU spike detected on idle node
scen_000006,alt_scen_000006_00004,2026-09-01T00:16:18Z,TransientSpikeWarning,node_06,mesh_svc_6,warning,cpu_usage_percent,78.5,75.0,Transient CPU spike detected on idle node
scen_000007,alt_scen_000007_00003,2026-09-01T00:01:44Z,TransientSpikeWarning,node_07,mesh_svc_7,warning,cpu_usage_percent,78.5,75.0,Transient CPU spike detected on idle node
scen_000007,alt_scen_000007_00001,2026-09-01T00:04:27Z,TransientSpikeWarning,node_10,mesh_svc_10,warning,cpu_usage_percent,78.5,75.0,Transient CPU spike detected on idle node
scen_000007,alt_scen_000007_00004,2026-09-01T00:09:18Z,TransientSpikeWarning,node_06,mesh_svc_6,warning,cpu_usage_percent,78.5,75.0,Transient CPU spike detected on idle node
scen_000007,alt_scen_000007_00005,2026-09-01T00:10:56Z,TransientSpikeWarning,node_23,mesh_svc_23,warning,cpu_usage_percent,78.5,75.0,Transient CPU spike detected on idle node
scen_000007,alt_scen_000007_00002,2026-09-01T00:15:48Z,TransientSpikeWarning,node_21,mesh_svc_21,warning,cpu_usage_percent,78.5,75.0,Transient CPU spike detected on idle node
scen_000008,alt_scen_000008_00033,2026-09-01T00:04:32Z,TransientSpikeWarning,order_01,order_service,warning,cpu_usage_percent,78.5,75.0,Transient CPU spike detected on idle node
scen_000008,alt_scen_000008_00002,2026-09-01T00:07:06.642400Z,DbConnectionPoolSaturated,ecom_aux_7,user_service_7,warning,connection_pool_usage,95.43,90.0,DUPLICATE: Database connection pool saturated
scen_000008,alt_scen_000008_00001,2026-09-01T00:07:10Z,DbConnectionPoolSaturated,ecom_aux_7,user_service_7,warning,connection_pool_usage,95.43,90.0,Database connection pool saturated
scen_000008,alt_scen_000008_00003,2026-09-01T00:07:50Z,DbConnectionPoolSaturated,ecom_aux_7,user_service_7,warning,connection_pool_usage,96.43,90.0,Database connection pool saturated
scen_000008,alt_scen_000008_00004,2026-09-01T00:08:00Z,ErrorRateElevated,ecom_aux_7,user_service_7,critical,error_rate_percent,35.4,10.0,Error rate threshold exceeded
scen_000008,alt_scen_000008_00005,2026-09-01T00:08:00Z,DbConnectionPoolSaturated,ecom_aux_7,user_service_7,warning,connection_pool_usage,98.45,90.0,Database connection pool saturated
scen_000008,alt_scen_000008_00006,2026-09-01T00:08:20Z,ErrorRateElevated,ecom_aux_7,user_service_7,critical,error_rate_percent,29.01,10.0,Error rate threshold exceeded
scen_000008,alt_scen_000008_00007,2026-09-01T00:09:10Z,ErrorRateElevated,ecom_aux_7,user_service_7,critical,error_rate_percent,27.9,10.0,Error rate threshold exceeded
scen_000008,alt_scen_000008_00008,2026-09-01T00:09:20Z,DbConnectionPoolSaturated,ecom_aux_7,user_service_7,warning,connection_pool_usage,95.74,90.0,Database connection pool saturated
scen_000008,alt_scen_000008_00035,2026-09-01T00:09:45Z,TransientSpikeWarning,auth_01,auth_service,warning,cpu_usage_percent,78.5,75.0,Transient CPU spike detected on idle node
scen_000008,alt_scen_000008_00009,2026-09-01T00:09:50Z,ErrorRateElevated,ecom_aux_7,user_service_7,critical,error_rate_percent,43.98,10.0,Error rate threshold exceeded
scen_000008,alt_scen_000008_00010,2026-09-01T00:10:10Z,ErrorRateElevated,ecom_aux_7,user_service_7,critical,error_rate_percent,37.28,10.0,Error rate threshold exceeded
scen_000008,alt_scen_000008_00011,2026-09-01T00:10:20Z,DbConnectionPoolSaturated,ecom_aux_7,user_service_7,warning,connection_pool_usage,96.87,90.0,Database connection pool saturated
scen_000008,alt_scen_000008_00012,2026-09-01T00:10:30Z,ErrorRateElevated,ecom_aux_7,user_service_7,critical,error_rate_percent,39.67,10.0,Error rate threshold exceeded
scen_000008,alt_scen_000008_00013,2026-09-01T00:10:30Z,DbConnectionPoolSaturated,ecom_aux_7,user_service_7,warning,connection_pool_usage,95.12,90.0,Database connection pool saturated
scen_000008,alt_scen_000008_00014,2026-09-01T00:11:20Z,DbConnectionPoolSaturated,ecom_aux_7,user_service_7,warning,connection_pool_usage,98.67,90.0,Database connection pool saturated
scen_000008,alt_scen_000008_00015,2026-09-01T00:12:10Z,ErrorRateElevated,ecom_aux_7,user_service_7,critical,error_rate_percent,44.23,10.0,Error rate threshold exceeded
scen_000008,alt_scen_000008_00016,2026-09-01T00:12:30Z,DbConnectionPoolSaturated,ecom_aux_7,user_service_7,warning,connection_pool_usage,99.09,90.0,Database connection pool saturated
scen_000008,alt_scen_000008_00018,2026-09-01T00:13:06.140231Z,ErrorRateElevated,ecom_aux_7,user_service_7,critical,error_rate_percent,32.97,10.0,DUPLICATE: Error rate threshold exceeded
scen_000008,alt_scen_000008_00017,2026-09-01T00:13:10Z,ErrorRateElevated,ecom_aux_7,user_service_7,critical,error_rate_percent,32.97,10.0,Error rate threshold exceeded
scen_000008,alt_scen_000008_00019,2026-09-01T00:13:40Z,ErrorRateElevated,ecom_aux_7,user_service_7,critical,error_rate_percent,32.63,10.0,Error rate threshold exceeded
scen_000008,alt_scen_000008_00020,2026-09-01T00:14:30Z,ErrorRateElevated,ecom_aux_7,user_service_7,critical,error_rate_percent,26.67,10.0,Error rate threshold exceeded
scen_000008,alt_scen_000008_00022,2026-09-01T00:14:35.773950Z,ErrorRateElevated,ecom_aux_7,user_service_7,critical,error_rate_percent,21.71,10.0,DUPLICATE: Error rate threshold exceeded
scen_000008,alt_scen_000008_00021,2026-09-01T00:14:40Z,ErrorRateElevated,ecom_aux_7,user_service_7,critical,error_rate_percent,21.71,10.0,Error rate threshold exceeded
scen_000008,alt_scen_000008_00023,2026-09-01T00:14:50Z,ErrorRateElevated,ecom_aux_7,user_service_7,critical,error_rate_percent,25.16,10.0,Error rate threshold exceeded
scen_000008,alt_scen_000008_00024,2026-09-01T00:15:20Z,DbConnectionPoolSaturated,ecom_aux_7,user_service_7,warning,connection_pool_usage,95.77,90.0,Database connection pool saturated
scen_000008,alt_scen_000008_00025,2026-09-01T00:15:40Z,ErrorRateElevated,ecom_aux_7,user_service_7,critical,error_rate_percent,25.87,10.0,Error rate threshold exceeded
scen_000008,alt_scen_000008_00026,2026-09-01T00:15:40Z,DbConnectionPoolSaturated,ecom_aux_7,user_service_7,warning,connection_pool_usage,97.33,90.0,Database connection pool saturated
scen_000008,alt_scen_000008_00034,2026-09-01T00:16:05Z,TransientSpikeWarning,ecom_aux_1,user_service_1,warning,cpu_usage_percent,78.5,75.0,Transient CPU spike detected on idle node
scen_000008,alt_scen_000008_00027,2026-09-01T00:16:10Z,ErrorRateElevated,ecom_aux_7,user_service_7,critical,error_rate_percent,26.49,10.0,Error rate threshold exceeded
scen_000008,alt_scen_000008_00028,2026-09-01T00:16:30Z,ErrorRateElevated,ecom_aux_7,user_service_7,critical,error_rate_percent,24.31,10.0,Error rate threshold exceeded
scen_000008,alt_scen_000008_00029,2026-09-01T00:16:30Z,DbConnectionPoolSaturated,ecom_aux_7,user_service_7,warning,connection_pool_usage,99.0,90.0,Database connection pool saturated
scen_000008,alt_scen_000008_00030,2026-09-01T00:16:34.150217Z,DbConnectionPoolSaturated,ecom_aux_7,user_service_7,warning,connection_pool_usage,99.0,90.0,DUPLICATE: Database connection pool saturated
scen_000008,alt_scen_000008_00031,2026-09-01T00:16:40Z,DbConnectionPoolSaturated,ecom_aux_7,user_service_7,warning,connection_pool_usage,96.99,90.0,Database connection pool saturated
scen_000008,alt_scen_000008_00032,2026-09-01T00:16:50Z,ErrorRateElevated,ecom_aux_7,user_service_7,critical,error_rate_percent,23.87,10.0,Error rate threshold exceeded
scen_000009,alt_scen_000009_00092,2026-09-01T00:00:18Z,TransientSpikeWarning,consumer_27,kafka_consumer_27,warning,cpu_usage_percent,78.5,75.0,Transient CPU spike detected on idle node
scen_000009,alt_scen_000009_00093,2026-09-01T00:01:00Z,TransientSpikeWarning,consumer_1,kafka_consumer_1,warning,cpu_usage_percent,78.5,75.0,Transient CPU spike detected on idle node
scen_000009,alt_scen_000009_00095,2026-09-01T00:01:54Z,TransientSpikeWarning,consumer_26,kafka_consumer_26,warning,cpu_usage_percent,78.5,75.0,Transient CPU spike detected on idle node
scen_000009,alt_scen_000009_00094,2026-09-01T00:02:13Z,TransientSpikeWarning,consumer_19,kafka_consumer_19,warning,cpu_usage_percent,78.5,75.0,Transient CPU spike detected on idle node
scen_000009,alt_scen_000009_00001,2026-09-01T00:05:00Z,ErrorRateElevated,db_event,mysql,critical,error_rate_percent,38.28,10.0,Error rate threshold exceeded
scen_000009,alt_scen_000009_00002,2026-09-01T00:05:10Z,DbConnectionPoolSaturated,db_event,mysql,warning,connection_pool_usage,96.56,90.0,Database connection pool saturated
scen_000009,alt_scen_000009_00003,2026-09-01T00:05:20Z,ErrorRateElevated,db_event,mysql,critical,error_rate_percent,24.91,10.0,Error rate threshold exceeded
scen_000009,alt_scen_000009_00004,2026-09-01T00:06:20Z,DbConnectionPoolSaturated,db_event,mysql,warning,connection_pool_usage,98.74,90.0,Database connection pool saturated
scen_000009,alt_scen_000009_00005,2026-09-01T00:06:50Z,DbConnectionPoolSaturated,db_event,mysql,warning,connection_pool_usage,95.43,90.0,Database connection pool saturated
scen_000009,alt_scen_000009_00006,2026-09-01T00:07:10Z,DbConnectionPoolSaturated,db_event,mysql,warning,connection_pool_usage,95.21,90.0,Database connection pool saturated
scen_000009,alt_scen_000009_00007,2026-09-01T00:07:30Z,ErrorRateElevated,db_event,mysql,critical,error_rate_percent,37.58,10.0,Error rate threshold exceeded
scen_000009,alt_scen_000009_00009,2026-09-01T00:08:18.026324Z,ErrorRateElevated,db_event,mysql,critical,error_rate_percent,32.81,10.0,DUPLICATE: Error rate threshold exceeded
scen_000009,alt_scen_000009_00008,2026-09-01T00:08:20Z,ErrorRateElevated,db_event,mysql,critical,error_rate_percent,32.81,10.0,Error rate threshold exceeded
scen_000009,alt_scen_000009_00010,2026-09-01T00:09:30Z,DbConnectionPoolSaturated,db_event,mysql,warning,connection_pool_usage,97.94,90.0,Database connection pool saturated
scen_000009,alt_scen_000009_00012,2026-09-01T00:09:48.022308Z,ErrorRateElevated,db_event,mysql,critical,error_rate_percent,26.96,10.0,DUPLICATE: Error rate threshold exceeded
scen_000009,alt_scen_000009_00011,2026-09-01T00:09:50Z,ErrorRateElevated,db_event,mysql,critical,error_rate_percent,26.96,10.0,Error rate threshold exceeded
scen_000009,alt_scen_000009_00013,2026-09-01T00:10:00Z,DbConnectionPoolSaturated,db_event,mysql,warning,connection_pool_usage,98.6,90.0,Database connection pool saturated
scen_000009,alt_scen_000009_00014,2026-09-01T00:10:10Z,ErrorRateElevated,db_event,mysql,critical,error_rate_percent,26.95,10.0,Error rate threshold exceeded
scen_000009,alt_scen_000009_00015,2026-09-01T00:10:20Z,DbConnectionPoolSaturated,db_event,mysql,warning,connection_pool_usage,96.98,90.0,Database connection pool saturated
scen_000009,alt_scen_000009_00016,2026-09-01T00:10:40Z,ErrorRateElevated,db_event,mysql,critical,error_rate_percent,35.91,10.0,Error rate threshold exceeded
scen_000009,alt_scen_000009_00017,2026-09-01T00:11:20Z,DbConnectionPoolSaturated,db_event,mysql,warning,connection_pool_usage,97.53,90.0,Database connection pool saturated
scen_000009,alt_scen_000009_00019,2026-09-01T00:11:36.011020Z,DbConnectionPoolSaturated,db_event,mysql,warning,connection_pool_usage,95.44,90.0,DUPLICATE: Database connection pool saturated
scen_000009,alt_scen_000009_00018,2026-09-01T00:11:40Z,DbConnectionPoolSaturated,db_event,mysql,warning,connection_pool_usage,95.44,90.0,Database connection pool saturated
scen_000009,alt_scen_000009_00020,2026-09-01T00:11:50Z,ErrorRateElevated,db_event,mysql,critical,error_rate_percent,32.92,10.0,Error rate threshold exceeded
scen_000009,alt_scen_000009_00021,2026-09-01T00:11:53.375086Z,ErrorRateElevated,db_event,mysql,critical,error_rate_percent,32.92,10.0,DUPLICATE: Error rate threshold exceeded
scen_000009,alt_scen_000009_00022,2026-09-01T00:12:00Z,ErrorRateElevated,db_event,mysql,critical,error_rate_percent,36.06,10.0,Error rate threshold exceeded
scen_000009,alt_scen_000009_00023,2026-09-01T00:12:04.643532Z,ErrorRateElevated,db_event,mysql,critical,error_rate_percent,36.06,10.0,DUPLICATE: Error rate threshold exceeded
scen_000009,alt_scen_000009_00024,2026-09-01T00:12:20Z,DbConnectionPoolSaturated,db_event,mysql,warning,connection_pool_usage,96.81,90.0,Database connection pool saturated
scen_000009,alt_scen_000009_00025,2026-09-01T00:12:40Z,ErrorRateElevated,db_event,mysql,critical,error_rate_percent,32.15,10.0,Error rate threshold exceeded
scen_000009,alt_scen_000009_00027,2026-09-01T00:12:45.105793Z,DbConnectionPoolSaturated,db_event,mysql,warning,connection_pool_usage,97.93,90.0,DUPLICATE: Database connection pool saturated
scen_000009,alt_scen_000009_00026,2026-09-01T00:12:50Z,DbConnectionPoolSaturated,db_event,mysql,warning,connection_pool_usage,97.93,90.0,Database connection pool saturated
scen_000009,alt_scen_000009_00028,2026-09-01T00:13:20Z,DbConnectionPoolSaturated,db_event,mysql,warning,connection_pool_usage,97.02,90.0,Database connection pool saturated
scen_000009,alt_scen_000009_00029,2026-09-01T00:13:24.353342Z,DbConnectionPoolSaturated,db_event,mysql,warning,connection_pool_usage,97.02,90.0,DUPLICATE: Database connection pool saturated
scen_000009,alt_scen_000009_00030,2026-09-01T00:13:30Z,DbConnectionPoolSaturated,db_event,mysql,warning,connection_pool_usage,97.14,90.0,Database connection pool saturated
scen_000009,alt_scen_000009_00032,2026-09-01T00:13:47.341888Z,ErrorRateElevated,db_event,mysql,critical,error_rate_percent,20.06,10.0,DUPLICATE: Error rate threshold exceeded
scen_000009,alt_scen_000009_00031,2026-09-01T00:13:50Z,ErrorRateElevated,db_event,mysql,critical,error_rate_percent,20.06,10.0,Error rate threshold exceeded
scen_000009,alt_scen_000009_00033,2026-09-01T00:13:50Z,DbConnectionPoolSaturated,db_event,mysql,warning,connection_pool_usage,97.9,90.0,Database connection pool saturated
scen_000009,alt_scen_000009_00034,2026-09-01T00:14:00Z,ErrorRateElevated,db_event,mysql,critical,error_rate_percent,29.5,10.0,Error rate threshold exceeded
scen_000009,alt_scen_000009_00035,2026-09-01T00:14:30Z,DbConnectionPoolSaturated,db_event,mysql,warning,connection_pool_usage,96.24,90.0,Database connection pool saturated
scen_000009,alt_scen_000009_00036,2026-09-01T00:15:00Z,ErrorRateElevated,db_event,mysql,critical,error_rate_percent,21.99,10.0,Error rate threshold exceeded
scen_000009,alt_scen_000009_00091,2026-09-01T00:15:02Z,TransientSpikeWarning,consumer_2,kafka_consumer_2,warning,cpu_usage_percent,78.5,75.0,Transient CPU spike detected on idle node
scen_000009,alt_scen_000009_00037,2026-09-01T00:15:10Z,ErrorRateElevated,db_event,mysql,critical,error_rate_percent,23.56,10.0,Error rate threshold exceeded
scen_000009,alt_scen_000009_00090,2026-09-01T00:15:14Z,TransientSpikeWarning,consumer_4,kafka_consumer_4,warning,cpu_usage_percent,78.5,75.0,Transient CPU spike detected on idle node
scen_000009,alt_scen_000009_00039,2026-09-01T00:15:36.765675Z,ErrorRateElevated,db_event,mysql,critical,error_rate_percent,44.22,10.0,DUPLICATE: Error rate threshold exceeded
scen_000009,alt_scen_000009_00038,2026-09-01T00:15:40Z,ErrorRateElevated,db_event,mysql,critical,error_rate_percent,44.22,10.0,Error rate threshold exceeded
scen_000009,alt_scen_000009_00040,2026-09-01T00:15:40Z,DbConnectionPoolSaturated,db_event,mysql,warning,connection_pool_usage,96.23,90.0,Database connection pool saturated
scen_000009,alt_scen_000009_00041,2026-09-01T00:15:50Z,DbConnectionPoolSaturated,db_event,mysql,warning,connection_pool_usage,98.19,90.0,Database connection pool saturated
scen_000009,alt_scen_000009_00042,2026-09-01T00:16:20Z,ErrorRateElevated,db_event,mysql,critical,error_rate_percent,36.96,10.0,Error rate threshold exceeded
scen_000009,alt_scen_000009_00043,2026-09-01T00:16:40Z,DbConnectionPoolSaturated,db_event,mysql,warning,connection_pool_usage,97.96,90.0,Database connection pool saturated
scen_000009,alt_scen_000009_00044,2026-09-01T00:17:10Z,ErrorRateElevated,db_event,mysql,critical,error_rate_percent,20.88,10.0,Error rate threshold exceeded
scen_000009,alt_scen_000009_00045,2026-09-01T00:17:20Z,ErrorRateElevated,db_event,mysql,critical,error_rate_percent,27.11,10.0,Error rate threshold exceeded
scen_000009,alt_scen_000009_00046,2026-09-01T00:17:30Z,ErrorRateElevated,db_event,mysql,critical,error_rate_percent,20.62,10.0,Error rate threshold exceeded
scen_000009,alt_scen_000009_00047,2026-09-01T00:17:30Z,DbConnectionPoolSaturated,db_event,mysql,warning,connection_pool_usage,99.58,90.0,Database connection pool saturated
scen_000009,alt_scen_000009_00048,2026-09-01T00:17:34.865895Z,DbConnectionPoolSaturated,db_event,mysql,warning,connection_pool_usage,99.58,90.0,DUPLICATE: Database connection pool saturated
scen_000009,alt_scen_000009_00050,2026-09-01T00:17:49.487482Z,ErrorRateElevated,db_event,mysql,critical,error_rate_percent,33.65,10.0,DUPLICATE: Error rate threshold exceeded
scen_000009,alt_scen_000009_00049,2026-09-01T00:17:50Z,ErrorRateElevated,db_event,mysql,critical,error_rate_percent,33.65,10.0,Error rate threshold exceeded
scen_000009,alt_scen_000009_00051,2026-09-01T00:17:50Z,DbConnectionPoolSaturated,db_event,mysql,warning,connection_pool_usage,97.85,90.0,Database connection pool saturated
scen_000009,alt_scen_000009_00052,2026-09-01T00:17:54.839237Z,DbConnectionPoolSaturated,db_event,mysql,warning,connection_pool_usage,97.85,90.0,DUPLICATE: Database connection pool saturated
scen_000009,alt_scen_000009_00053,2026-09-01T00:18:00Z,DbConnectionPoolSaturated,db_event,mysql,warning,connection_pool_usage,99.31,90.0,Database connection pool saturated
scen_000009,alt_scen_000009_00054,2026-09-01T00:18:10Z,DbConnectionPoolSaturated,db_event,mysql,warning,connection_pool_usage,97.34,90.0,Database connection pool saturated
scen_000009,alt_scen_000009_00056,2026-09-01T00:18:38.698681Z,DbConnectionPoolSaturated,db_event,mysql,warning,connection_pool_usage,95.99,90.0,DUPLICATE: Database connection pool saturated
scen_000009,alt_scen_000009_00055,2026-09-01T00:18:40Z,DbConnectionPoolSaturated,db_event,mysql,warning,connection_pool_usage,95.99,90.0,Database connection pool saturated
scen_000009,alt_scen_000009_00057,2026-09-01T00:18:50Z,DbConnectionPoolSaturated,db_event,mysql,warning,connection_pool_usage,96.89,90.0,Database connection pool saturated
scen_000009,alt_scen_000009_00058,2026-09-01T00:19:00Z,DbConnectionPoolSaturated,db_event,mysql,warning,connection_pool_usage,98.94,90.0,Database connection pool saturated
scen_000009,alt_scen_000009_00059,2026-09-01T00:19:10Z,ErrorRateElevated,db_event,mysql,critical,error_rate_percent,34.46,10.0,Error rate threshold exceeded
scen_000009,alt_scen_000009_00060,2026-09-01T00:19:20Z,DbConnectionPoolSaturated,db_event,mysql,warning,connection_pool_usage,96.54,90.0,Database connection pool saturated
scen_000009,alt_scen_000009_00061,2026-09-01T00:19:40Z,ErrorRateElevated,db_event,mysql,critical,error_rate_percent,38.33,10.0,Error rate threshold exceeded
scen_000009,alt_scen_000009_00062,2026-09-01T00:19:41.058365Z,ErrorRateElevated,db_event,mysql,critical,error_rate_percent,38.33,10.0,DUPLICATE: Error rate threshold exceeded
scen_000009,alt_scen_000009_00063,2026-09-01T00:19:50Z,ErrorRateElevated,db_event,mysql,critical,error_rate_percent,43.27,10.0,Error rate threshold exceeded
scen_000009,alt_scen_000009_00064,2026-09-01T00:20:00Z,DbConnectionPoolSaturated,db_event,mysql,warning,connection_pool_usage,95.28,90.0,Database connection pool saturated
scen_000009,alt_scen_000009_00065,2026-09-01T00:20:20Z,ErrorRateElevated,db_event,mysql,critical,error_rate_percent,25.65,10.0,Error rate threshold exceeded
scen_000009,alt_scen_000009_00067,2026-09-01T00:20:20Z,DbConnectionPoolSaturated,db_event,mysql,warning,connection_pool_usage,95.25,90.0,Database connection pool saturated
scen_000009,alt_scen_000009_00066,2026-09-01T00:20:24.965097Z,ErrorRateElevated,db_event,mysql,critical,error_rate_percent,25.65,10.0,DUPLICATE: Error rate threshold exceeded
scen_000009,alt_scen_000009_00068,2026-09-01T00:20:30Z,ErrorRateElevated,db_event,mysql,critical,error_rate_percent,21.14,10.0,Error rate threshold exceeded
scen_000009,alt_scen_000009_00069,2026-09-01T00:20:40Z,DbConnectionPoolSaturated,db_event,mysql,warning,connection_pool_usage,97.0,90.0,Database connection pool saturated
scen_000009,alt_scen_000009_00070,2026-09-01T00:20:50Z,ErrorRateElevated,db_event,mysql,critical,error_rate_percent,39.86,10.0,Error rate threshold exceeded
scen_000009,alt_scen_000009_00071,2026-09-01T00:21:00Z,DbConnectionPoolSaturated,db_event,mysql,warning,connection_pool_usage,96.23,90.0,Database connection pool saturated
scen_000009,alt_scen_000009_00072,2026-09-01T00:21:40Z,ErrorRateElevated,db_event,mysql,critical,error_rate_percent,26.34,10.0,Error rate threshold exceeded
scen_000009,alt_scen_000009_00073,2026-09-01T00:21:40Z,DbConnectionPoolSaturated,db_event,mysql,warning,connection_pool_usage,97.72,90.0,Database connection pool saturated
scen_000009,alt_scen_000009_00074,2026-09-01T00:21:42.886486Z,DbConnectionPoolSaturated,db_event,mysql,warning,connection_pool_usage,97.72,90.0,DUPLICATE: Database connection pool saturated
scen_000009,alt_scen_000009_00075,2026-09-01T00:21:50Z,ErrorRateElevated,db_event,mysql,critical,error_rate_percent,25.96,10.0,Error rate threshold exceeded
scen_000009,alt_scen_000009_00076,2026-09-01T00:22:00Z,ErrorRateElevated,db_event,mysql,critical,error_rate_percent,42.55,10.0,Error rate threshold exceeded
scen_000009,alt_scen_000009_00077,2026-09-01T00:22:10Z,ErrorRateElevated,db_event,mysql,critical,error_rate_percent,32.74,10.0,Error rate threshold exceeded
scen_000009,alt_scen_000009_00078,2026-09-01T00:22:40Z,ErrorRateElevated,db_event,mysql,critical,error_rate_percent,28.43,10.0,Error rate threshold exceeded
scen_000009,alt_scen_000009_00079,2026-09-01T00:22:40Z,DbConnectionPoolSaturated,db_event,mysql,warning,connection_pool_usage,98.97,90.0,Database connection pool saturated
scen_000009,alt_scen_000009_00080,2026-09-01T00:23:00Z,ErrorRateElevated,db_event,mysql,critical,error_rate_percent,35.95,10.0,Error rate threshold exceeded
scen_000009,alt_scen_000009_00081,2026-09-01T00:23:40Z,DbConnectionPoolSaturated,db_event,mysql,warning,connection_pool_usage,99.18,90.0,Database connection pool saturated
scen_000009,alt_scen_000009_00082,2026-09-01T00:23:50Z,ErrorRateElevated,db_event,mysql,critical,error_rate_percent,21.93,10.0,Error rate threshold exceeded
scen_000009,alt_scen_000009_00083,2026-09-01T00:24:00Z,DbConnectionPoolSaturated,db_event,mysql,warning,connection_pool_usage,98.64,90.0,Database connection pool saturated
scen_000009,alt_scen_000009_00084,2026-09-01T00:24:04.344700Z,DbConnectionPoolSaturated,db_event,mysql,warning,connection_pool_usage,98.64,90.0,DUPLICATE: Database connection pool saturated
scen_000009,alt_scen_000009_00085,2026-09-01T00:24:10Z,DbConnectionPoolSaturated,db_event,mysql,warning,connection_pool_usage,97.73,90.0,Database connection pool saturated
scen_000009,alt_scen_000009_00086,2026-09-01T00:24:20Z,DbConnectionPoolSaturated,db_event,mysql,warning,connection_pool_usage,97.39,90.0,Database connection pool saturated
scen_000009,alt_scen_000009_00087,2026-09-01T00:24:40Z,DbConnectionPoolSaturated,db_event,mysql,warning,connection_pool_usage,97.57,90.0,Database connection pool saturated
scen_000009,alt_scen_000009_00088,2026-09-01T00:24:50Z,DbConnectionPoolSaturated,db_event,mysql,warning,connection_pool_usage,95.19,90.0,Database connection pool saturated
scen_000009,alt_scen_000009_00089,2026-09-01T00:25:00Z,ErrorRateElevated,db_event,mysql,critical,error_rate_percent,31.06,10.0,Error rate threshold exceeded
scen_000010,alt_scen_000010_00042,2026-09-01T00:02:30Z,TransientSpikeWarning,consumer_3,kafka_consumer_3,warning,cpu_usage_percent,78.5,75.0,Transient CPU spike detected on idle node
scen_000010,alt_scen_000010_00038,2026-09-01T00:04:18Z,TransientSpikeWarning,consumer_9,kafka_consumer_9,warning,cpu_usage_percent,78.5,75.0,Transient CPU spike detected on idle node
scen_000010,alt_scen_000010_00041,2026-09-01T00:04:39Z,TransientSpikeWarning,consumer_6,kafka_consumer_6,warning,cpu_usage_percent,78.5,75.0,Transient CPU spike detected on idle node
scen_000010,alt_scen_000010_00001,2026-09-01T00:05:00Z,ErrorRateElevated,consumer_8,kafka_consumer_8,critical,error_rate_percent,21.59,10.0,Error rate threshold exceeded
scen_000010,alt_scen_000010_00002,2026-09-01T00:05:03.021655Z,ErrorRateElevated,consumer_8,kafka_consumer_8,critical,error_rate_percent,21.59,10.0,DUPLICATE: Error rate threshold exceeded
scen_000010,alt_scen_000010_00003,2026-09-01T00:05:10Z,DbConnectionPoolSaturated,consumer_8,kafka_consumer_8,warning,connection_pool_usage,99.02,90.0,Database connection pool saturated
scen_000010,alt_scen_000010_00040,2026-09-01T00:05:56Z,TransientSpikeWarning,consumer_11,kafka_consumer_11,warning,cpu_usage_percent,78.5,75.0,Transient CPU spike detected on idle node
scen_000010,alt_scen_000010_00004,2026-09-01T00:06:00Z,ErrorRateElevated,consumer_8,kafka_consumer_8,critical,error_rate_percent,30.52,10.0,Error rate threshold exceeded
scen_000010,alt_scen_000010_00005,2026-09-01T00:06:02.763786Z,ErrorRateElevated,consumer_8,kafka_consumer_8,critical,error_rate_percent,30.52,10.0,DUPLICATE: Error rate threshold exceeded
scen_000010,alt_scen_000010_00006,2026-09-01T00:06:10Z,DbConnectionPoolSaturated,consumer_8,kafka_consumer_8,warning,connection_pool_usage,98.52,90.0,Database connection pool saturated
scen_000010,alt_scen_000010_00007,2026-09-01T00:06:40Z,DbConnectionPoolSaturated,consumer_8,kafka_consumer_8,warning,connection_pool_usage,95.88,90.0,Database connection pool saturated
scen_000010,alt_scen_000010_00008,2026-09-01T00:06:50Z,ErrorRateElevated,consumer_8,kafka_consumer_8,critical,error_rate_percent,44.6,10.0,Error rate threshold exceeded
scen_000010,alt_scen_000010_00009,2026-09-01T00:07:00Z,ErrorRateElevated,consumer_8,kafka_consumer_8,critical,error_rate_percent,32.83,10.0,Error rate threshold exceeded
scen_000010,alt_scen_000010_00010,2026-09-01T00:07:30Z,DbConnectionPoolSaturated,consumer_8,kafka_consumer_8,warning,connection_pool_usage,96.11,90.0,Database connection pool saturated
scen_000010,alt_scen_000010_00011,2026-09-01T00:07:40Z,ErrorRateElevated,consumer_8,kafka_consumer_8,critical,error_rate_percent,31.9,10.0,Error rate threshold exceeded
scen_000010,alt_scen_000010_00012,2026-09-01T00:08:50Z,ErrorRateElevated,consumer_8,kafka_consumer_8,critical,error_rate_percent,31.08,10.0,Error rate threshold exceeded
scen_000010,alt_scen_000010_00013,2026-09-01T00:08:50Z,DbConnectionPoolSaturated,consumer_8,kafka_consumer_8,warning,connection_pool_usage,99.08,90.0,Database connection pool saturated
scen_000010,alt_scen_000010_00014,2026-09-01T00:09:00Z,DbConnectionPoolSaturated,consumer_8,kafka_consumer_8,warning,connection_pool_usage,98.41,90.0,Database connection pool saturated
scen_000010,alt_scen_000010_00015,2026-09-01T00:09:10Z,ErrorRateElevated,consumer_8,kafka_consumer_8,critical,error_rate_percent,21.42,10.0,Error rate threshold exceeded
scen_000010,alt_scen_000010_00016,2026-09-01T00:10:10Z,DbConnectionPoolSaturated,consumer_8,kafka_consumer_8,warning,connection_pool_usage,97.42,90.0,Database connection pool saturated
scen_000010,alt_scen_000010_00017,2026-09-01T00:10:20Z,ErrorRateElevated,consumer_8,kafka_consumer_8,critical,error_rate_percent,33.85,10.0,Error rate threshold exceeded
scen_000010,alt_scen_000010_00019,2026-09-01T00:10:20Z,DbConnectionPoolSaturated,consumer_8,kafka_consumer_8,warning,connection_pool_usage,95.75,90.0,Database connection pool saturated
scen_000010,alt_scen_000010_00018,2026-09-01T00:10:21.603475Z,ErrorRateElevated,consumer_8,kafka_consumer_8,critical,error_rate_percent,33.85,10.0,DUPLICATE: Error rate threshold exceeded
scen_000010,alt_scen_000010_00020,2026-09-01T00:10:30Z,ErrorRateElevated,consumer_8,kafka_consumer_8,critical,error_rate_percent,28.73,10.0,Error rate threshold exceeded
scen_000010,alt_scen_000010_00021,2026-09-01T00:10:40Z,DbConnectionPoolSaturated,consumer_8,kafka_consumer_8,warning,connection_pool_usage,96.69,90.0,Database connection pool saturated
scen_000010,alt_scen_000010_00022,2026-09-01T00:10:50Z,DbConnectionPoolSaturated,consumer_8,kafka_consumer_8,warning,connection_pool_usage,95.05,90.0,Database connection pool saturated
scen_000010,alt_scen_000010_00023,2026-09-01T00:11:00Z,DbConnectionPoolSaturated,consumer_8,kafka_consumer_8,warning,connection_pool_usage,97.91,90.0,Database connection pool saturated
scen_000010,alt_scen_000010_00024,2026-09-01T00:11:10Z,DbConnectionPoolSaturated,consumer_8,kafka_consumer_8,warning,connection_pool_usage,99.05,90.0,Database connection pool saturated
scen_000010,alt_scen_000010_00025,2026-09-01T00:11:30Z,ErrorRateElevated,consumer_8,kafka_consumer_8,critical,error_rate_percent,35.02,10.0,Error rate threshold exceeded
scen_000010,alt_scen_000010_00026,2026-09-01T00:11:50Z,ErrorRateElevated,consumer_8,kafka_consumer_8,critical,error_rate_percent,27.49,10.0,Error rate threshold exceeded
scen_000010,alt_scen_000010_00027,2026-09-01T00:11:50Z,DbConnectionPoolSaturated,consumer_8,kafka_consumer_8,warning,connection_pool_usage,95.87,90.0,Database connection pool saturated
scen_000010,alt_scen_000010_00028,2026-09-01T00:12:10Z,DbConnectionPoolSaturated,consumer_8,kafka_consumer_8,warning,connection_pool_usage,97.41,90.0,Database connection pool saturated
scen_000010,alt_scen_000010_00039,2026-09-01T00:12:17Z,TransientSpikeWarning,consumer_7,kafka_consumer_7,warning,cpu_usage_percent,78.5,75.0,Transient CPU spike detected on idle node
scen_000010,alt_scen_000010_00029,2026-09-01T00:12:20Z,ErrorRateElevated,consumer_8,kafka_consumer_8,critical,error_rate_percent,43.79,10.0,Error rate threshold exceeded
scen_000010,alt_scen_000010_00030,2026-09-01T00:12:50Z,ErrorRateElevated,consumer_8,kafka_consumer_8,critical,error_rate_percent,42.16,10.0,Error rate threshold exceeded
scen_000010,alt_scen_000010_00031,2026-09-01T00:13:00Z,DbConnectionPoolSaturated,consumer_8,kafka_consumer_8,warning,connection_pool_usage,99.85,90.0,Database connection pool saturated
scen_000010,alt_scen_000010_00032,2026-09-01T00:14:00Z,DbConnectionPoolSaturated,consumer_8,kafka_consumer_8,warning,connection_pool_usage,97.44,90.0,Database connection pool saturated
scen_000010,alt_scen_000010_00033,2026-09-01T00:14:10Z,DbConnectionPoolSaturated,consumer_8,kafka_consumer_8,warning,connection_pool_usage,98.71,90.0,Database connection pool saturated
scen_000010,alt_scen_000010_00034,2026-09-01T00:14:40Z,ErrorRateElevated,consumer_8,kafka_consumer_8,critical,error_rate_percent,38.49,10.0,Error rate threshold exceeded
scen_000010,alt_scen_000010_00035,2026-09-01T00:14:40Z,DbConnectionPoolSaturated,consumer_8,kafka_consumer_8,warning,connection_pool_usage,99.49,90.0,Database connection pool saturated
scen_000010,alt_scen_000010_00036,2026-09-01T00:14:50Z,DbConnectionPoolSaturated,consumer_8,kafka_consumer_8,warning,connection_pool_usage,99.62,90.0,Database connection pool saturated
scen_000010,alt_scen_000010_00037,2026-09-01T00:15:00Z,DbConnectionPoolSaturated,consumer_8,kafka_consumer_8,warning,connection_pool_usage,96.94,90.0,Database connection pool saturated
scen_000011,alt_scen_000011_00023,2026-09-01T00:03:35Z,TransientSpikeWarning,consumer_28,kafka_consumer_28,warning,cpu_usage_percent,78.5,75.0,Transient CPU spike detected on idle node
scen_000011,alt_scen_000011_00025,2026-09-01T00:03:41Z,TransientSpikeWarning,kafka_broker,kafka,warning,cpu_usage_percent,78.5,75.0,Transient CPU spike detected on idle node
scen_000011,alt_scen_000011_00001,2026-09-01T00:05:10Z,CpuUtilizationHigh,consumer_12,kafka_consumer_12,warning,cpu_usage_percent,97.22,90.0,CPU usage exceeded critical threshold
scen_000011,alt_scen_000011_00002,2026-09-01T00:06:00Z,CpuUtilizationHigh,consumer_12,kafka_consumer_12,warning,cpu_usage_percent,94.0,90.0,CPU usage exceeded critical threshold
scen_000011,alt_scen_000011_00003,2026-09-01T00:06:10Z,CpuUtilizationHigh,consumer_12,kafka_consumer_12,warning,cpu_usage_percent,96.13,90.0,CPU usage exceeded critical threshold
scen_000011,alt_scen_000011_00004,2026-09-01T00:06:20Z,CpuUtilizationHigh,consumer_12,kafka_consumer_12,warning,cpu_usage_percent,91.83,90.0,CPU usage exceeded critical threshold
scen_000011,alt_scen_000011_00005,2026-09-01T00:08:00Z,CpuUtilizationHigh,consumer_12,kafka_consumer_12,warning,cpu_usage_percent,91.27,90.0,CPU usage exceeded critical threshold
scen_000011,alt_scen_000011_00026,2026-09-01T00:08:35Z,TransientSpikeWarning,consumer_16,kafka_consumer_16,warning,cpu_usage_percent,78.5,75.0,Transient CPU spike detected on idle node
scen_000011,alt_scen_000011_00006,2026-09-01T00:09:20Z,CpuUtilizationHigh,consumer_12,kafka_consumer_12,warning,cpu_usage_percent,95.19,90.0,CPU usage exceeded critical threshold
scen_000011,alt_scen_000011_00007,2026-09-01T00:10:00Z,CpuUtilizationHigh,consumer_12,kafka_consumer_12,warning,cpu_usage_percent,100.0,90.0,CPU usage exceeded critical threshold
scen_000011,alt_scen_000011_00008,2026-09-01T00:10:30Z,CpuUtilizationHigh,consumer_12,kafka_consumer_12,warning,cpu_usage_percent,94.0,90.0,CPU usage exceeded critical threshold
scen_000011,alt_scen_000011_00010,2026-09-01T00:10:35.549465Z,CpuUtilizationHigh,consumer_12,kafka_consumer_12,warning,cpu_usage_percent,100.0,90.0,DUPLICATE: CPU usage exceeded critical threshold
scen_000011,alt_scen_000011_00009,2026-09-01T00:10:40Z,CpuUtilizationHigh,consumer_12,kafka_consumer_12,warning,cpu_usage_percent,100.0,90.0,CPU usage exceeded critical threshold
scen_000011,alt_scen_000011_00024,2026-09-01T00:10:54Z,TransientSpikeWarning,consumer_6,kafka_consumer_6,warning,cpu_usage_percent,78.5,75.0,Transient CPU spike detected on idle node
scen_000011,alt_scen_000011_00011,2026-09-01T00:11:40Z,CpuUtilizationHigh,consumer_12,kafka_consumer_12,warning,cpu_usage_percent,100.0,90.0,CPU usage exceeded critical threshold
scen_000011,alt_scen_000011_00013,2026-09-01T00:11:48.062878Z,CpuUtilizationHigh,consumer_12,kafka_consumer_12,warning,cpu_usage_percent,92.31,90.0,DUPLICATE: CPU usage exceeded critical threshold
scen_000011,alt_scen_000011_00012,2026-09-01T00:11:50Z,CpuUtilizationHigh,consumer_12,kafka_consumer_12,warning,cpu_usage_percent,92.31,90.0,CPU usage exceeded critical threshold
scen_000011,alt_scen_000011_00015,2026-09-01T00:12:18.807005Z,CpuUtilizationHigh,consumer_12,kafka_consumer_12,warning,cpu_usage_percent,100.0,90.0,DUPLICATE: CPU usage exceeded critical threshold
scen_000011,alt_scen_000011_00014,2026-09-01T00:12:20Z,CpuUtilizationHigh,consumer_12,kafka_consumer_12,warning,cpu_usage_percent,100.0,90.0,CPU usage exceeded critical threshold
scen_000011,alt_scen_000011_00016,2026-09-01T00:13:00Z,CpuUtilizationHigh,consumer_12,kafka_consumer_12,warning,cpu_usage_percent,100.0,90.0,CPU usage exceeded critical threshold
scen_000011,alt_scen_000011_00017,2026-09-01T00:13:20Z,CpuUtilizationHigh,consumer_12,kafka_consumer_12,warning,cpu_usage_percent,100.0,90.0,CPU usage exceeded critical threshold
scen_000011,alt_scen_000011_00019,2026-09-01T00:14:16.943691Z,CpuUtilizationHigh,consumer_12,kafka_consumer_12,warning,cpu_usage_percent,93.31,90.0,DUPLICATE: CPU usage exceeded critical threshold
scen_000011,alt_scen_000011_00018,2026-09-01T00:14:20Z,CpuUtilizationHigh,consumer_12,kafka_consumer_12,warning,cpu_usage_percent,93.31,90.0,CPU usage exceeded critical threshold
scen_000011,alt_scen_000011_00020,2026-09-01T00:14:40Z,CpuUtilizationHigh,consumer_12,kafka_consumer_12,warning,cpu_usage_percent,100.0,90.0,CPU usage exceeded critical threshold
scen_000011,alt_scen_000011_00021,2026-09-01T00:14:50Z,CpuUtilizationHigh,consumer_12,kafka_consumer_12,warning,cpu_usage_percent,99.8,90.0,CPU usage exceeded critical threshold
scen_000011,alt_scen_000011_00022,2026-09-01T00:15:00Z,CpuUtilizationHigh,consumer_12,kafka_consumer_12,warning,cpu_usage_percent,100.0,90.0,CPU usage exceeded critical threshold
scen_000012,alt_scen_000012_00003,2026-09-01T00:01:10Z,TransientSpikeWarning,search_node_1,search_aux_1,warning,cpu_usage_percent,78.5,75.0,Transient CPU spike detected on idle node
scen_000012,alt_scen_000012_00006,2026-09-01T00:02:29Z,TransientSpikeWarning,search_node_26,search_aux_26,warning,cpu_usage_percent,78.5,75.0,Transient CPU spike detected on idle node
scen_000012,alt_scen_000012_00005,2026-09-01T00:03:44Z,TransientSpikeWarning,es_01,elasticsearch,warning,cpu_usage_percent,78.5,75.0,Transient CPU spike detected on idle node
scen_000012,alt_scen_000012_00004,2026-09-01T00:07:42Z,TransientSpikeWarning,search_node_14,search_aux_14,warning,cpu_usage_percent,78.5,75.0,Transient CPU spike detected on idle node
scen_000012,alt_scen_000012_00001,2026-09-01T00:10:05Z,TransientSpikeWarning,search_node_16,search_aux_16,warning,cpu_usage_percent,78.5,75.0,Transient CPU spike detected on idle node
scen_000012,alt_scen_000012_00002,2026-09-01T00:12:37Z,TransientSpikeWarning,redis_01,redis,warning,cpu_usage_percent,78.5,75.0,Transient CPU spike detected on idle node
scen_000013,alt_scen_000013_00003,2026-09-01T00:01:53Z,TransientSpikeWarning,ecom_aux_23,user_service_23,warning,cpu_usage_percent,78.5,75.0,Transient CPU spike detected on idle node
scen_000013,alt_scen_000013_00002,2026-09-01T00:04:46Z,TransientSpikeWarning,ecom_aux_3,user_service_3,warning,cpu_usage_percent,78.5,75.0,Transient CPU spike detected on idle node
scen_000013,alt_scen_000013_00001,2026-09-01T00:14:57Z,TransientSpikeWarning,ecom_aux_21,user_service_21,warning,cpu_usage_percent,78.5,75.0,Transient CPU spike detected on idle node
scen_000014,alt_scen_000014_00003,2026-09-01T00:00:31Z,TransientSpikeWarning,user_01,user_service,warning,cpu_usage_percent,78.5,75.0,Transient CPU spike detected on idle node
scen_000014,alt_scen_000014_00004,2026-09-01T00:02:05Z,TransientSpikeWarning,user_01,user_service,warning,cpu_usage_percent,78.5,75.0,Transient CPU spike detected on idle node
scen_000014,alt_scen_000014_00001,2026-09-01T00:02:44Z,TransientSpikeWarning,consumer_7,kafka_consumer_7,warning,cpu_usage_percent,78.5,75.0,Transient CPU spike detected on idle node
scen_000014,alt_scen_000014_00002,2026-09-01T00:04:44Z,TransientSpikeWarning,consumer_4,kafka_consumer_4,warning,cpu_usage_percent,78.5,75.0,Transient CPU spike detected on idle node
scen_000015,alt_scen_000015_00003,2026-09-01T00:05:32Z,TransientSpikeWarning,sub_svc_14,sub_service_14,warning,cpu_usage_percent,78.5,75.0,Transient CPU spike detected on idle node
scen_000015,alt_scen_000015_00002,2026-09-01T00:05:46Z,TransientSpikeWarning,gw_01,api_gateway,warning,cpu_usage_percent,78.5,75.0,Transient CPU spike detected on idle node
scen_000015,alt_scen_000015_00005,2026-09-01T00:06:04Z,TransientSpikeWarning,sub_svc_17,sub_service_17,warning,cpu_usage_percent,78.5,75.0,Transient CPU spike detected on idle node
scen_000015,alt_scen_000015_00004,2026-09-01T00:08:36Z,TransientSpikeWarning,sub_svc_5,sub_service_5,warning,cpu_usage_percent,78.5,75.0,Transient CPU spike detected on idle node
scen_000015,alt_scen_000015_00001,2026-09-01T00:15:27Z,TransientSpikeWarning,sub_svc_17,sub_service_17,warning,cpu_usage_percent,78.5,75.0,Transient CPU spike detected on idle node
scen_000016,alt_scen_000016_00003,2026-09-01T00:00:38Z,TransientSpikeWarning,search_node_13,search_aux_13,warning,cpu_usage_percent,78.5,75.0,Transient CPU spike detected on idle node
scen_000016,alt_scen_000016_00005,2026-09-01T00:04:05Z,TransientSpikeWarning,search_node_22,search_aux_22,warning,cpu_usage_percent,78.5,75.0,Transient CPU spike detected on idle node
scen_000016,alt_scen_000016_00004,2026-09-01T00:05:59Z,TransientSpikeWarning,es_01,elasticsearch,warning,cpu_usage_percent,78.5,75.0,Transient CPU spike detected on idle node
scen_000016,alt_scen_000016_00002,2026-09-01T00:12:41Z,TransientSpikeWarning,search_node_29,search_aux_29,warning,cpu_usage_percent,78.5,75.0,Transient CPU spike detected on idle node
scen_000016,alt_scen_000016_00001,2026-09-01T00:15:48Z,TransientSpikeWarning,search_node_43,search_aux_43,warning,cpu_usage_percent,78.5,75.0,Transient CPU spike detected on idle node
scen_000017,alt_scen_000017_00002,2026-09-01T00:05:22Z,TransientSpikeWarning,gw_01,api_gateway,warning,cpu_usage_percent,78.5,75.0,Transient CPU spike detected on idle node
scen_000017,alt_scen_000017_00001,2026-09-01T00:16:15Z,TransientSpikeWarning,auth_01,auth_service,warning,cpu_usage_percent,78.5,75.0,Transient CPU spike detected on idle node
scen_000018,alt_scen_000018_00001,2026-09-01T00:02:17Z,TransientSpikeWarning,rec_01,recommendation_service,warning,cpu_usage_percent,78.5,75.0,Transient CPU spike detected on idle node
scen_000018,alt_scen_000018_00005,2026-09-01T00:04:17Z,TransientSpikeWarning,search_node_3,search_aux_3,warning,cpu_usage_percent,78.5,75.0,Transient CPU spike detected on idle node
scen_000018,alt_scen_000018_00002,2026-09-01T00:08:32Z,TransientSpikeWarning,search_node_3,search_aux_3,warning,cpu_usage_percent,78.5,75.0,Transient CPU spike detected on idle node
scen_000018,alt_scen_000018_00006,2026-09-01T00:09:21Z,TransientSpikeWarning,search_node_3,search_aux_3,warning,cpu_usage_percent,78.5,75.0,Transient CPU spike detected on idle node
scen_000018,alt_scen_000018_00004,2026-09-01T00:09:37Z,TransientSpikeWarning,es_01,elasticsearch,warning,cpu_usage_percent,78.5,75.0,Transient CPU spike detected on idle node
scen_000018,alt_scen_000018_00003,2026-09-01T00:12:59Z,TransientSpikeWarning,redis_01,redis,warning,cpu_usage_percent,78.5,75.0,Transient CPU spike detected on idle node
scen_000019,alt_scen_000019_00001,2026-09-01T00:03:38Z,TransientSpikeWarning,node_15,mesh_svc_15,warning,cpu_usage_percent,78.5,75.0,Transient CPU spike detected on idle node
scen_000019,alt_scen_000019_00003,2026-09-01T00:05:01Z,TransientSpikeWarning,node_13,mesh_svc_13,warning,cpu_usage_percent,78.5,75.0,Transient CPU spike detected on idle node
scen_000019,alt_scen_000019_00002,2026-09-01T00:13:09Z,TransientSpikeWarning,node_10,mesh_svc_10,warning,cpu_usage_percent,78.5,75.0,Transient CPU spike detected on idle node
scen_000020,alt_scen_000020_00001,2026-09-01T00:09:13Z,TransientSpikeWarning,consumer_10,kafka_consumer_10,warning,cpu_usage_percent,78.5,75.0,Transient CPU spike detected on idle node
scen_000020,alt_scen_000020_00002,2026-09-01T00:13:42Z,TransientSpikeWarning,consumer_29,kafka_consumer_29,warning,cpu_usage_percent,78.5,75.0,Transient CPU spike detected on idle node
scen_000021,alt_scen_000021_00001,2026-09-01T00:04:09Z,TransientSpikeWarning,search_node_18,search_aux_18,warning,cpu_usage_percent,78.5,75.0,Transient CPU spike detected on idle node
scen_000021,alt_scen_000021_00003,2026-09-01T00:04:10Z,TransientSpikeWarning,search_node_14,search_aux_14,warning,cpu_usage_percent,78.5,75.0,Transient CPU spike detected on idle node
scen_000021,alt_scen_000021_00002,2026-09-01T00:15:57Z,TransientSpikeWarning,search_node_2,search_aux_2,warning,cpu_usage_percent,78.5,75.0,Transient CPU spike detected on idle node
scen_000022,alt_scen_000022_00011,2026-09-01T00:01:42Z,TransientSpikeWarning,consumer_15,kafka_consumer_15,warning,cpu_usage_percent,78.5,75.0,Transient CPU spike detected on idle node
scen_000022,alt_scen_000022_00010,2026-09-01T00:02:38Z,TransientSpikeWarning,user_01,user_service,warning,cpu_usage_percent,78.5,75.0,Transient CPU spike detected on idle node
scen_000022,alt_scen_000022_00006,2026-09-01T00:04:02Z,TransientSpikeWarning,consumer_4,kafka_consumer_4,warning,cpu_usage_percent,78.5,75.0,Transient CPU spike detected on idle node
scen_000022,alt_scen_000022_00008,2026-09-01T00:10:06Z,TransientSpikeWarning,consumer_37,kafka_consumer_37,warning,cpu_usage_percent,78.5,75.0,Transient CPU spike detected on idle node
scen_000022,alt_scen_000022_00009,2026-09-01T00:11:25Z,TransientSpikeWarning,consumer_1,kafka_consumer_1,warning,cpu_usage_percent,78.5,75.0,Transient CPU spike detected on idle node
scen_000022,alt_scen_000022_00001,2026-09-01T00:13:20Z,CpuUtilizationHigh,ingest_01,ingestion_gateway,warning,cpu_usage_percent,92.05,90.0,CPU usage exceeded critical threshold
scen_000022,alt_scen_000022_00003,2026-09-01T00:13:38.253503Z,CpuUtilizationHigh,ingest_01,ingestion_gateway,warning,cpu_usage_percent,91.94,90.0,DUPLICATE: CPU usage exceeded critical threshold
scen_000022,alt_scen_000022_00002,2026-09-01T00:13:40Z,CpuUtilizationHigh,ingest_01,ingestion_gateway,warning,cpu_usage_percent,91.94,90.0,CPU usage exceeded critical threshold
scen_000022,alt_scen_000022_00004,2026-09-01T00:14:00Z,CpuUtilizationHigh,ingest_01,ingestion_gateway,warning,cpu_usage_percent,92.78,90.0,CPU usage exceeded critical threshold
scen_000022,alt_scen_000022_00005,2026-09-01T00:14:10Z,CpuUtilizationHigh,ingest_01,ingestion_gateway,warning,cpu_usage_percent,90.79,90.0,CPU usage exceeded critical threshold
scen_000022,alt_scen_000022_00007,2026-09-01T00:15:52Z,TransientSpikeWarning,consumer_10,kafka_consumer_10,warning,cpu_usage_percent,78.5,75.0,Transient CPU spike detected on idle node
scen_000023,alt_scen_000023_00003,2026-09-01T00:00:31Z,TransientSpikeWarning,gw_01,api_gateway,warning,cpu_usage_percent,78.5,75.0,Transient CPU spike detected on idle node
scen_000023,alt_scen_000023_00004,2026-09-01T00:06:21Z,TransientSpikeWarning,sub_svc_9,sub_service_9,warning,cpu_usage_percent,78.5,75.0,Transient CPU spike detected on idle node
scen_000023,alt_scen_000023_00002,2026-09-01T00:11:49Z,TransientSpikeWarning,sub_svc_16,sub_service_16,warning,cpu_usage_percent,78.5,75.0,Transient CPU spike detected on idle node
scen_000023,alt_scen_000023_00001,2026-09-01T00:13:40Z,TransientSpikeWarning,auth_01,auth_service,warning,cpu_usage_percent,78.5,75.0,Transient CPU spike detected on idle node
scen_000024,alt_scen_000024_00002,2026-09-01T00:05:52Z,TransientSpikeWarning,consumer_1,kafka_consumer_1,warning,cpu_usage_percent,78.5,75.0,Transient CPU spike detected on idle node
scen_000024,alt_scen_000024_00001,2026-09-01T00:08:15Z,TransientSpikeWarning,consumer_3,kafka_consumer_3,warning,cpu_usage_percent,78.5,75.0,Transient CPU spike detected on idle node
scen_000024,alt_scen_000024_00004,2026-09-01T00:12:04Z,TransientSpikeWarning,user_01,user_service,warning,cpu_usage_percent,78.5,75.0,Transient CPU spike detected on idle node
scen_000024,alt_scen_000024_00003,2026-09-01T00:12:09Z,TransientSpikeWarning,consumer_4,kafka_consumer_4,warning,cpu_usage_percent,78.5,75.0,Transient CPU spike detected on idle node
scen_000025,alt_scen_000025_00028,2026-09-01T00:02:58Z,TransientSpikeWarning,mq_01,kafka,warning,cpu_usage_percent,78.5,75.0,Transient CPU spike detected on idle node
scen_000025,alt_scen_000025_00001,2026-09-01T00:05:10Z,CpuUtilizationHigh,ecom_aux_2,user_service_2,warning,cpu_usage_percent,94.37,90.0,CPU usage exceeded critical threshold
scen_000025,alt_scen_000025_00002,2026-09-01T00:05:30Z,CpuUtilizationHigh,ecom_aux_2,user_service_2,warning,cpu_usage_percent,95.72,90.0,CPU usage exceeded critical threshold
scen_000025,alt_scen_000025_00003,2026-09-01T00:05:34.844717Z,CpuUtilizationHigh,ecom_aux_2,user_service_2,warning,cpu_usage_percent,95.72,90.0,DUPLICATE: CPU usage exceeded critical threshold
scen_000025,alt_scen_000025_00005,2026-09-01T00:07:30.316485Z,CpuUtilizationHigh,ecom_aux_2,user_service_2,warning,cpu_usage_percent,92.1,90.0,DUPLICATE: CPU usage exceeded critical threshold
scen_000025,alt_scen_000025_00004,2026-09-01T00:07:30Z,CpuUtilizationHigh,ecom_aux_2,user_service_2,warning,cpu_usage_percent,92.1,90.0,CPU usage exceeded critical threshold
scen_000025,alt_scen_000025_00006,2026-09-01T00:09:10Z,CpuUtilizationHigh,ecom_aux_2,user_service_2,warning,cpu_usage_percent,97.53,90.0,CPU usage exceeded critical threshold
scen_000025,alt_scen_000025_00007,2026-09-01T00:09:12.459370Z,CpuUtilizationHigh,ecom_aux_2,user_service_2,warning,cpu_usage_percent,97.53,90.0,DUPLICATE: CPU usage exceeded critical threshold
scen_000025,alt_scen_000025_00008,2026-09-01T00:09:20Z,CpuUtilizationHigh,ecom_aux_2,user_service_2,warning,cpu_usage_percent,94.31,90.0,CPU usage exceeded critical threshold
scen_000025,alt_scen_000025_00009,2026-09-01T00:11:10Z,CpuUtilizationHigh,ecom_aux_2,user_service_2,warning,cpu_usage_percent,95.52,90.0,CPU usage exceeded critical threshold
scen_000025,alt_scen_000025_00010,2026-09-01T00:11:40Z,CpuUtilizationHigh,ecom_aux_2,user_service_2,warning,cpu_usage_percent,100.0,90.0,CPU usage exceeded critical threshold
scen_000025,alt_scen_000025_00011,2026-09-01T00:12:00Z,CpuUtilizationHigh,ecom_aux_2,user_service_2,warning,cpu_usage_percent,100.0,90.0,CPU usage exceeded critical threshold
scen_000025,alt_scen_000025_00012,2026-09-01T00:12:50Z,CpuUtilizationHigh,ecom_aux_2,user_service_2,warning,cpu_usage_percent,93.58,90.0,CPU usage exceeded critical threshold
scen_000025,alt_scen_000025_00026,2026-09-01T00:13:25Z,TransientSpikeWarning,ecom_aux_11,user_service_11,warning,cpu_usage_percent,78.5,75.0,Transient CPU spike detected on idle node
scen_000025,alt_scen_000025_00013,2026-09-01T00:14:00Z,CpuUtilizationHigh,ecom_aux_2,user_service_2,warning,cpu_usage_percent,100.0,90.0,CPU usage exceeded critical threshold
scen_000025,alt_scen_000025_00014,2026-09-01T00:14:10Z,CpuUtilizationHigh,ecom_aux_2,user_service_2,warning,cpu_usage_percent,100.0,90.0,CPU usage exceeded critical threshold
scen_000025,alt_scen_000025_00015,2026-09-01T00:14:11.921185Z,CpuUtilizationHigh,ecom_aux_2,user_service_2,warning,cpu_usage_percent,100.0,90.0,DUPLICATE: CPU usage exceeded critical threshold
scen_000025,alt_scen_000025_00016,2026-09-01T00:14:30Z,CpuUtilizationHigh,ecom_aux_2,user_service_2,warning,cpu_usage_percent,100.0,90.0,CPU usage exceeded critical threshold
scen_000025,alt_scen_000025_00027,2026-09-01T00:14:40Z,TransientSpikeWarning,pay_01,payment_service,warning,cpu_usage_percent,78.5,75.0,Transient CPU spike detected on idle node
scen_000025,alt_scen_000025_00018,2026-09-01T00:14:48.972787Z,CpuUtilizationHigh,ecom_aux_2,user_service_2,warning,cpu_usage_percent,100.0,90.0,DUPLICATE: CPU usage exceeded critical threshold
scen_000025,alt_scen_000025_00017,2026-09-01T00:14:50Z,CpuUtilizationHigh,ecom_aux_2,user_service_2,warning,cpu_usage_percent,100.0,90.0,CPU usage exceeded critical threshold
scen_000025,alt_scen_000025_00019,2026-09-01T00:15:00Z,CpuUtilizationHigh,ecom_aux_2,user_service_2,warning,cpu_usage_percent,91.63,90.0,CPU usage exceeded critical threshold
scen_000025,alt_scen_000025_00020,2026-09-01T00:15:10Z,CpuUtilizationHigh,ecom_aux_2,user_service_2,warning,cpu_usage_percent,99.15,90.0,CPU usage exceeded critical threshold
scen_000025,alt_scen_000025_00021,2026-09-01T00:16:40Z,CpuUtilizationHigh,ecom_aux_2,user_service_2,warning,cpu_usage_percent,92.0,90.0,CPU usage exceeded critical threshold
scen_000025,alt_scen_000025_00022,2026-09-01T00:18:00Z,CpuUtilizationHigh,ecom_aux_2,user_service_2,warning,cpu_usage_percent,92.87,90.0,CPU usage exceeded critical threshold
scen_000025,alt_scen_000025_00023,2026-09-01T00:18:20Z,CpuUtilizationHigh,ecom_aux_2,user_service_2,warning,cpu_usage_percent,99.85,90.0,CPU usage exceeded critical threshold
scen_000025,alt_scen_000025_00024,2026-09-01T00:19:00Z,CpuUtilizationHigh,ecom_aux_2,user_service_2,warning,cpu_usage_percent,95.04,90.0,CPU usage exceeded critical threshold
scen_000025,alt_scen_000025_00025,2026-09-01T00:21:00Z,CpuUtilizationHigh,ecom_aux_2,user_service_2,warning,cpu_usage_percent,100.0,90.0,CPU usage exceeded critical threshold
scen_000026,alt_scen_000026_00004,2026-09-01T00:02:24Z,TransientSpikeWarning,pay_01,payment_service,warning,cpu_usage_percent,78.5,75.0,Transient CPU spike detected on idle node
scen_000026,alt_scen_000026_00002,2026-09-01T00:05:46Z,TransientSpikeWarning,ecom_aux_27,user_service_27,warning,cpu_usage_percent,78.5,75.0,Transient CPU spike detected on idle node
scen_000026,alt_scen_000026_00003,2026-09-01T00:09:57Z,TransientSpikeWarning,ecom_aux_23,user_service_23,warning,cpu_usage_percent,78.5,75.0,Transient CPU spike detected on idle node
scen_000026,alt_scen_000026_00001,2026-09-01T00:15:36Z,TransientSpikeWarning,ecom_aux_19,user_service_19,warning,cpu_usage_percent,78.5,75.0,Transient CPU spike detected on idle node
scen_000027,alt_scen_000027_00001,2026-09-01T00:04:14Z,TransientSpikeWarning,es_01,elasticsearch,warning,cpu_usage_percent,78.5,75.0,Transient CPU spike detected on idle node
scen_000027,alt_scen_000027_00006,2026-09-01T00:05:48Z,TransientSpikeWarning,search_node_13,search_aux_13,warning,cpu_usage_percent,78.5,75.0,Transient CPU spike detected on idle node
scen_000027,alt_scen_000027_00002,2026-09-01T00:08:21Z,TransientSpikeWarning,search_node_10,search_aux_10,warning,cpu_usage_percent,78.5,75.0,Transient CPU spike detected on idle node
scen_000027,alt_scen_000027_00004,2026-09-01T00:10:39Z,TransientSpikeWarning,search_node_14,search_aux_14,warning,cpu_usage_percent,78.5,75.0,Transient CPU spike detected on idle node
scen_000027,alt_scen_000027_00003,2026-09-01T00:11:17Z,TransientSpikeWarning,search_node_14,search_aux_14,warning,cpu_usage_percent,78.5,75.0,Transient CPU spike detected on idle node
scen_000027,alt_scen_000027_00005,2026-09-01T00:11:57Z,TransientSpikeWarning,search_node_2,search_aux_2,warning,cpu_usage_percent,78.5,75.0,Transient CPU spike detected on idle node
scen_000028,alt_scen_000028_00003,2026-09-01T00:02:10Z,TransientSpikeWarning,search_node_4,search_aux_4,warning,cpu_usage_percent,78.5,75.0,Transient CPU spike detected on idle node
scen_000028,alt_scen_000028_00002,2026-09-01T00:04:06Z,TransientSpikeWarning,gw_01,api_gateway,warning,cpu_usage_percent,78.5,75.0,Transient CPU spike detected on idle node
scen_000028,alt_scen_000028_00001,2026-09-01T00:04:26Z,TransientSpikeWarning,search_node_20,search_aux_20,warning,cpu_usage_percent,78.5,75.0,Transient CPU spike detected on idle node
scen_000029,alt_scen_000029_00001,2026-09-01T00:00:28Z,TransientSpikeWarning,node_00,mesh_svc_0,warning,cpu_usage_percent,78.5,75.0,Transient CPU spike detected on idle node
scen_000029,alt_scen_000029_00003,2026-09-01T00:06:37Z,TransientSpikeWarning,node_08,mesh_svc_8,warning,cpu_usage_percent,78.5,75.0,Transient CPU spike detected on idle node
scen_000029,alt_scen_000029_00002,2026-09-01T00:08:54Z,TransientSpikeWarning,node_18,mesh_svc_18,warning,cpu_usage_percent,78.5,75.0,Transient CPU spike detected on idle node
scen_000029,alt_scen_000029_00004,2026-09-01T00:10:07Z,TransientSpikeWarning,node_13,mesh_svc_13,warning,cpu_usage_percent,78.5,75.0,Transient CPU spike detected on idle node
scen_000030,alt_scen_000030_00068,2026-09-01T00:02:14Z,TransientSpikeWarning,consumer_2,kafka_consumer_2,warning,cpu_usage_percent,78.5,75.0,Transient CPU spike detected on idle node
scen_000030,alt_scen_000030_00001,2026-09-01T00:05:00Z,ErrorRateElevated,consumer_1,kafka_consumer_1,critical,error_rate_percent,33.37,10.0,Error rate threshold exceeded
scen_000030,alt_scen_000030_00002,2026-09-01T00:05:00Z,DbConnectionPoolSaturated,consumer_1,kafka_consumer_1,warning,connection_pool_usage,98.38,90.0,Database connection pool saturated
scen_000030,alt_scen_000030_00003,2026-09-01T00:05:10Z,DbConnectionPoolSaturated,consumer_1,kafka_consumer_1,warning,connection_pool_usage,99.76,90.0,Database connection pool saturated
scen_000030,alt_scen_000030_00004,2026-09-01T00:05:14.787923Z,DbConnectionPoolSaturated,consumer_1,kafka_consumer_1,warning,connection_pool_usage,99.76,90.0,DUPLICATE: Database connection pool saturated
scen_000030,alt_scen_000030_00005,2026-09-01T00:05:20Z,DbConnectionPoolSaturated,consumer_1,kafka_consumer_1,warning,connection_pool_usage,97.62,90.0,Database connection pool saturated
scen_000030,alt_scen_000030_00006,2026-09-01T00:05:30Z,DbConnectionPoolSaturated,consumer_1,kafka_consumer_1,warning,connection_pool_usage,99.02,90.0,Database connection pool saturated
scen_000030,alt_scen_000030_00007,2026-09-01T00:05:50Z,ErrorRateElevated,consumer_1,kafka_consumer_1,critical,error_rate_percent,28.89,10.0,Error rate threshold exceeded
scen_000030,alt_scen_000030_00008,2026-09-01T00:06:20Z,ErrorRateElevated,consumer_1,kafka_consumer_1,critical,error_rate_percent,43.31,10.0,Error rate threshold exceeded
scen_000030,alt_scen_000030_00009,2026-09-01T00:06:50Z,ErrorRateElevated,consumer_1,kafka_consumer_1,critical,error_rate_percent,26.32,10.0,Error rate threshold exceeded
scen_000030,alt_scen_000030_00010,2026-09-01T00:07:10Z,ErrorRateElevated,consumer_1,kafka_consumer_1,critical,error_rate_percent,22.26,10.0,Error rate threshold exceeded
scen_000030,alt_scen_000030_00066,2026-09-01T00:07:16Z,TransientSpikeWarning,notif_01,notification_service,warning,cpu_usage_percent,78.5,75.0,Transient CPU spike detected on idle node
scen_000030,alt_scen_000030_00011,2026-09-01T00:07:40Z,ErrorRateElevated,consumer_1,kafka_consumer_1,critical,error_rate_percent,43.99,10.0,Error rate threshold exceeded
scen_000030,alt_scen_000030_00012,2026-09-01T00:07:40Z,DbConnectionPoolSaturated,consumer_1,kafka_consumer_1,warning,connection_pool_usage,95.75,90.0,Database connection pool saturated
scen_000030,alt_scen_000030_00013,2026-09-01T00:07:41.539399Z,DbConnectionPoolSaturated,consumer_1,kafka_consumer_1,warning,connection_pool_usage,95.75,90.0,DUPLICATE: Database connection pool saturated
scen_000030,alt_scen_000030_00014,2026-09-01T00:07:50Z,DbConnectionPoolSaturated,consumer_1,kafka_consumer_1,warning,connection_pool_usage,97.17,90.0,Database connection pool saturated
scen_000030,alt_scen_000030_00016,2026-09-01T00:08:19.608976Z,DbConnectionPoolSaturated,consumer_1,kafka_consumer_1,warning,connection_pool_usage,98.33,90.0,DUPLICATE: Database connection pool saturated
scen_000030,alt_scen_000030_00015,2026-09-01T00:08:20Z,DbConnectionPoolSaturated,consumer_1,kafka_consumer_1,warning,connection_pool_usage,98.33,90.0,Database connection pool saturated
scen_000030,alt_scen_000030_00017,2026-09-01T00:09:30Z,ErrorRateElevated,consumer_1,kafka_consumer_1,critical,error_rate_percent,33.54,10.0,Error rate threshold exceeded
scen_000030,alt_scen_000030_00018,2026-09-01T00:09:50Z,ErrorRateElevated,consumer_1,kafka_consumer_1,critical,error_rate_percent,44.43,10.0,Error rate threshold exceeded
scen_000030,alt_scen_000030_00064,2026-09-01T00:09:50Z,TransientSpikeWarning,consumer_3,kafka_consumer_3,warning,cpu_usage_percent,78.5,75.0,Transient CPU spike detected on idle node
scen_000030,alt_scen_000030_00019,2026-09-01T00:10:00Z,ErrorRateElevated,consumer_1,kafka_consumer_1,critical,error_rate_percent,42.14,10.0,Error rate threshold exceeded
scen_000030,alt_scen_000030_00020,2026-09-01T00:10:00Z,DbConnectionPoolSaturated,consumer_1,kafka_consumer_1,warning,connection_pool_usage,98.79,90.0,Database connection pool saturated
scen_000030,alt_scen_000030_00067,2026-09-01T00:10:06Z,TransientSpikeWarning,consumer_7,kafka_consumer_7,warning,cpu_usage_percent,78.5,75.0,Transient CPU spike detected on idle node
scen_000030,alt_scen_000030_00021,2026-09-01T00:10:30Z,ErrorRateElevated,consumer_1,kafka_consumer_1,critical,error_rate_percent,23.47,10.0,Error rate threshold exceeded
scen_000030,alt_scen_000030_00022,2026-09-01T00:10:40Z,DbConnectionPoolSaturated,consumer_1,kafka_consumer_1,warning,connection_pool_usage,97.87,90.0,Database connection pool saturated
scen_000030,alt_scen_000030_00023,2026-09-01T00:11:00Z,DbConnectionPoolSaturated,consumer_1,kafka_consumer_1,warning,connection_pool_usage,95.74,90.0,Database connection pool saturated
scen_000030,alt_scen_000030_00024,2026-09-01T00:11:20Z,ErrorRateElevated,consumer_1,kafka_consumer_1,critical,error_rate_percent,35.49,10.0,Error rate threshold exceeded
scen_000030,alt_scen_000030_00025,2026-09-01T00:11:40Z,DbConnectionPoolSaturated,consumer_1,kafka_consumer_1,warning,connection_pool_usage,98.32,90.0,Database connection pool saturated
scen_000030,alt_scen_000030_00026,2026-09-01T00:11:50Z,ErrorRateElevated,consumer_1,kafka_consumer_1,critical,error_rate_percent,38.67,10.0,Error rate threshold exceeded
scen_000030,alt_scen_000030_00027,2026-09-01T00:11:50Z,DbConnectionPoolSaturated,consumer_1,kafka_consumer_1,warning,connection_pool_usage,99.08,90.0,Database connection pool saturated
scen_000030,alt_scen_000030_00028,2026-09-01T00:11:53.350308Z,DbConnectionPoolSaturated,consumer_1,kafka_consumer_1,warning,connection_pool_usage,99.08,90.0,DUPLICATE: Database connection pool saturated
scen_000030,alt_scen_000030_00029,2026-09-01T00:12:20Z,DbConnectionPoolSaturated,consumer_1,kafka_consumer_1,warning,connection_pool_usage,95.44,90.0,Database connection pool saturated
scen_000030,alt_scen_000030_00030,2026-09-01T00:12:30Z,DbConnectionPoolSaturated,consumer_1,kafka_consumer_1,warning,connection_pool_usage,97.02,90.0,Database connection pool saturated
scen_000030,alt_scen_000030_00031,2026-09-01T00:12:50Z,DbConnectionPoolSaturated,consumer_1,kafka_consumer_1,warning,connection_pool_usage,97.77,90.0,Database connection pool saturated
scen_000030,alt_scen_000030_00032,2026-09-01T00:13:00Z,DbConnectionPoolSaturated,consumer_1,kafka_consumer_1,warning,connection_pool_usage,98.66,90.0,Database connection pool saturated
scen_000030,alt_scen_000030_00033,2026-09-01T00:13:10Z,DbConnectionPoolSaturated,consumer_1,kafka_consumer_1,warning,connection_pool_usage,99.27,90.0,Database connection pool saturated
scen_000030,alt_scen_000030_00034,2026-09-01T00:13:11.997583Z,DbConnectionPoolSaturated,consumer_1,kafka_consumer_1,warning,connection_pool_usage,99.27,90.0,DUPLICATE: Database connection pool saturated
scen_000030,alt_scen_000030_00035,2026-09-01T00:13:30Z,ErrorRateElevated,consumer_1,kafka_consumer_1,critical,error_rate_percent,39.41,10.0,Error rate threshold exceeded
scen_000030,alt_scen_000030_00036,2026-09-01T00:13:50Z,DbConnectionPoolSaturated,consumer_1,kafka_consumer_1,warning,connection_pool_usage,97.73,90.0,Database connection pool saturated
scen_000030,alt_scen_000030_00037,2026-09-01T00:14:00Z,ErrorRateElevated,consumer_1,kafka_consumer_1,critical,error_rate_percent,22.97,10.0,Error rate threshold exceeded
scen_000030,alt_scen_000030_00038,2026-09-01T00:14:20Z,DbConnectionPoolSaturated,consumer_1,kafka_consumer_1,warning,connection_pool_usage,96.08,90.0,Database connection pool saturated
scen_000030,alt_scen_000030_00039,2026-09-01T00:14:30Z,DbConnectionPoolSaturated,consumer_1,kafka_consumer_1,warning,connection_pool_usage,98.77,90.0,Database connection pool saturated
scen_000030,alt_scen_000030_00040,2026-09-01T00:14:40Z,DbConnectionPoolSaturated,consumer_1,kafka_consumer_1,warning,connection_pool_usage,95.4,90.0,Database connection pool saturated
scen_000030,alt_scen_000030_00041,2026-09-01T00:14:50Z,ErrorRateElevated,consumer_1,kafka_consumer_1,critical,error_rate_percent,33.41,10.0,Error rate threshold exceeded
scen_000030,alt_scen_000030_00042,2026-09-01T00:15:00Z,ErrorRateElevated,consumer_1,kafka_consumer_1,critical,error_rate_percent,34.13,10.0,Error rate threshold exceeded
scen_000030,alt_scen_000030_00043,2026-09-01T00:15:00Z,DbConnectionPoolSaturated,consumer_1,kafka_consumer_1,warning,connection_pool_usage,98.09,90.0,Database connection pool saturated
scen_000030,alt_scen_000030_00044,2026-09-01T00:15:10Z,ErrorRateElevated,consumer_1,kafka_consumer_1,critical,error_rate_percent,23.5,10.0,Error rate threshold exceeded
scen_000030,alt_scen_000030_00045,2026-09-01T00:15:10Z,DbConnectionPoolSaturated,consumer_1,kafka_consumer_1,warning,connection_pool_usage,95.8,90.0,Database connection pool saturated
scen_000030,alt_scen_000030_00046,2026-09-01T00:15:50Z,DbConnectionPoolSaturated,consumer_1,kafka_consumer_1,warning,connection_pool_usage,98.99,90.0,Database connection pool saturated
scen_000030,alt_scen_000030_00047,2026-09-01T00:16:00Z,DbConnectionPoolSaturated,consumer_1,kafka_consumer_1,warning,connection_pool_usage,97.75,90.0,Database connection pool saturated
scen_000030,alt_scen_000030_00048,2026-09-01T00:16:03.728822Z,DbConnectionPoolSaturated,consumer_1,kafka_consumer_1,warning,connection_pool_usage,97.75,90.0,DUPLICATE: Database connection pool saturated
scen_000030,alt_scen_000030_00065,2026-09-01T00:16:19Z,TransientSpikeWarning,consumer_2,kafka_consumer_2,warning,cpu_usage_percent,78.5,75.0,Transient CPU spike detected on idle node
scen_000030,alt_scen_000030_00049,2026-09-01T00:16:30Z,DbConnectionPoolSaturated,consumer_1,kafka_consumer_1,warning,connection_pool_usage,97.1,90.0,Database connection pool saturated
scen_000030,alt_scen_000030_00050,2026-09-01T00:16:50Z,DbConnectionPoolSaturated,consumer_1,kafka_consumer_1,warning,connection_pool_usage,95.56,90.0,Database connection pool saturated
scen_000030,alt_scen_000030_00051,2026-09-01T00:17:10Z,ErrorRateElevated,consumer_1,kafka_consumer_1,critical,error_rate_percent,39.08,10.0,Error rate threshold exceeded
scen_000030,alt_scen_000030_00052,2026-09-01T00:17:40Z,DbConnectionPoolSaturated,consumer_1,kafka_consumer_1,warning,connection_pool_usage,97.91,90.0,Database connection pool saturated
scen_000030,alt_scen_000030_00053,2026-09-01T00:18:20Z,ErrorRateElevated,consumer_1,kafka_consumer_1,critical,error_rate_percent,39.38,10.0,Error rate threshold exceeded
scen_000030,alt_scen_000030_00055,2026-09-01T00:18:26.184841Z,ErrorRateElevated,consumer_1,kafka_consumer_1,critical,error_rate_percent,26.94,10.0,DUPLICATE: Error rate threshold exceeded
scen_000030,alt_scen_000030_00054,2026-09-01T00:18:30Z,ErrorRateElevated,consumer_1,kafka_consumer_1,critical,error_rate_percent,26.94,10.0,Error rate threshold exceeded
scen_000030,alt_scen_000030_00056,2026-09-01T00:18:30Z,DbConnectionPoolSaturated,consumer_1,kafka_consumer_1,warning,connection_pool_usage,98.08,90.0,Database connection pool saturated
scen_000030,alt_scen_000030_00057,2026-09-01T00:18:40Z,DbConnectionPoolSaturated,consumer_1,kafka_consumer_1,warning,connection_pool_usage,96.79,90.0,Database connection pool saturated
scen_000030,alt_scen_000030_00058,2026-09-01T00:18:50Z,DbConnectionPoolSaturated,consumer_1,kafka_consumer_1,warning,connection_pool_usage,99.67,90.0,Database connection pool saturated
scen_000030,alt_scen_000030_00059,2026-09-01T00:19:00Z,ErrorRateElevated,consumer_1,kafka_consumer_1,critical,error_rate_percent,33.0,10.0,Error rate threshold exceeded
scen_000030,alt_scen_000030_00060,2026-09-01T00:19:00Z,DbConnectionPoolSaturated,consumer_1,kafka_consumer_1,warning,connection_pool_usage,98.56,90.0,Database connection pool saturated
scen_000030,alt_scen_000030_00061,2026-09-01T00:19:20Z,DbConnectionPoolSaturated,consumer_1,kafka_consumer_1,warning,connection_pool_usage,98.6,90.0,Database connection pool saturated
scen_000030,alt_scen_000030_00062,2026-09-01T00:19:40Z,DbConnectionPoolSaturated,consumer_1,kafka_consumer_1,warning,connection_pool_usage,95.1,90.0,Database connection pool saturated
scen_000030,alt_scen_000030_00063,2026-09-01T00:20:00Z,ErrorRateElevated,consumer_1,kafka_consumer_1,critical,error_rate_percent,24.44,10.0,Error rate threshold exceeded
scen_000031,alt_scen_000031_00003,2026-09-01T00:03:00Z,TransientSpikeWarning,node_01,mesh_svc_1,warning,cpu_usage_percent,78.5,75.0,Transient CPU spike detected on idle node
scen_000031,alt_scen_000031_00001,2026-09-01T00:08:17Z,TransientSpikeWarning,node_10,mesh_svc_10,warning,cpu_usage_percent,78.5,75.0,Transient CPU spike detected on idle node
scen_000031,alt_scen_000031_00004,2026-09-01T00:09:00Z,TransientSpikeWarning,node_13,mesh_svc_13,warning,cpu_usage_percent,78.5,75.0,Transient CPU spike detected on idle node
scen_000031,alt_scen_000031_00002,2026-09-01T00:16:14Z,TransientSpikeWarning,node_25,mesh_svc_25,warning,cpu_usage_percent,78.5,75.0,Transient CPU spike detected on idle node
scen_000031,alt_scen_000031_00005,2026-09-01T00:16:30Z,TransientSpikeWarning,node_09,mesh_svc_9,warning,cpu_usage_percent,78.5,75.0,Transient CPU spike detected on idle node
scen_000032,alt_scen_000032_00002,2026-09-01T00:02:18Z,TransientSpikeWarning,node_01,mesh_svc_1,warning,cpu_usage_percent,78.5,75.0,Transient CPU spike detected on idle node
scen_000032,alt_scen_000032_00003,2026-09-01T00:03:18Z,TransientSpikeWarning,node_01,mesh_svc_1,warning,cpu_usage_percent,78.5,75.0,Transient CPU spike detected on idle node
scen_000032,alt_scen_000032_00001,2026-09-01T00:15:23Z,TransientSpikeWarning,node_08,mesh_svc_8,warning,cpu_usage_percent,78.5,75.0,Transient CPU spike detected on idle node
scen_000033,alt_scen_000033_00002,2026-09-01T00:01:08Z,TransientSpikeWarning,node_03,mesh_svc_3,warning,cpu_usage_percent,78.5,75.0,Transient CPU spike detected on idle node
scen_000033,alt_scen_000033_00004,2026-09-01T00:08:13Z,TransientSpikeWarning,node_00,mesh_svc_0,warning,cpu_usage_percent,78.5,75.0,Transient CPU spike detected on idle node
scen_000033,alt_scen_000033_00003,2026-09-01T00:08:20Z,TransientSpikeWarning,node_10,mesh_svc_10,warning,cpu_usage_percent,78.5,75.0,Transient CPU spike detected on idle node
scen_000033,alt_scen_000033_00001,2026-09-01T00:10:19Z,TransientSpikeWarning,node_11,mesh_svc_11,warning,cpu_usage_percent,78.5,75.0,Transient CPU spike detected on idle node
scen_000034,alt_scen_000034_00003,2026-09-01T00:06:16Z,TransientSpikeWarning,consumer_6,kafka_consumer_6,warning,cpu_usage_percent,78.5,75.0,Transient CPU spike detected on idle node
scen_000034,alt_scen_000034_00004,2026-09-01T00:12:06Z,TransientSpikeWarning,consumer_18,kafka_consumer_18,warning,cpu_usage_percent,78.5,75.0,Transient CPU spike detected on idle node
scen_000034,alt_scen_000034_00002,2026-09-01T00:14:23Z,TransientSpikeWarning,consumer_8,kafka_consumer_8,warning,cpu_usage_percent,78.5,75.0,Transient CPU spike detected on idle node
scen_000034,alt_scen_000034_00001,2026-09-01T00:16:32Z,TransientSpikeWarning,consumer_6,kafka_consumer_6,warning,cpu_usage_percent,78.5,75.0,Transient CPU spike detected on idle node
scen_000035,alt_scen_000035_00002,2026-09-01T00:03:30Z,TransientSpikeWarning,node_11,mesh_svc_11,warning,cpu_usage_percent,78.5,75.0,Transient CPU spike detected on idle node
scen_000035,alt_scen_000035_00001,2026-09-01T00:06:27Z,TransientSpikeWarning,node_11,mesh_svc_11,warning,cpu_usage_percent,78.5,75.0,Transient CPU spike detected on idle node
scen_000035,alt_scen_000035_00004,2026-09-01T00:11:00Z,TransientSpikeWarning,node_34,mesh_svc_34,warning,cpu_usage_percent,78.5,75.0,Transient CPU spike detected on idle node
scen_000035,alt_scen_000035_00003,2026-09-01T00:15:08Z,TransientSpikeWarning,node_04,mesh_svc_4,warning,cpu_usage_percent,78.5,75.0,Transient CPU spike detected on idle node
scen_000036,alt_scen_000036_00002,2026-09-01T00:03:36Z,TransientSpikeWarning,node_13,mesh_svc_13,warning,cpu_usage_percent,78.5,75.0,Transient CPU spike detected on idle node
scen_000036,alt_scen_000036_00004,2026-09-01T00:05:21Z,TransientSpikeWarning,node_14,mesh_svc_14,warning,cpu_usage_percent,78.5,75.0,Transient CPU spike detected on idle node
scen_000036,alt_scen_000036_00005,2026-09-01T00:07:23Z,TransientSpikeWarning,node_04,mesh_svc_4,warning,cpu_usage_percent,78.5,75.0,Transient CPU spike detected on idle node
scen_000036,alt_scen_000036_00001,2026-09-01T00:11:56Z,TransientSpikeWarning,node_12,mesh_svc_12,warning,cpu_usage_percent,78.5,75.0,Transient CPU spike detected on idle node
scen_000036,alt_scen_000036_00006,2026-09-01T00:15:55Z,TransientSpikeWarning,node_14,mesh_svc_14,warning,cpu_usage_percent,78.5,75.0,Transient CPU spike detected on idle node
scen_000036,alt_scen_000036_00003,2026-09-01T00:15:59Z,TransientSpikeWarning,node_08,mesh_svc_8,warning,cpu_usage_percent,78.5,75.0,Transient CPU spike detected on idle node
scen_000037,alt_scen_000037_00003,2026-09-01T00:02:13Z,TransientSpikeWarning,ecom_aux_22,user_service_22,warning,cpu_usage_percent,78.5,75.0,Transient CPU spike detected on idle node
scen_000037,alt_scen_000037_00002,2026-09-01T00:09:59Z,TransientSpikeWarning,ecom_aux_9,user_service_9,warning,cpu_usage_percent,78.5,75.0,Transient CPU spike detected on idle node
scen_000037,alt_scen_000037_00001,2026-09-01T00:13:41Z,TransientSpikeWarning,ecom_aux_21,user_service_21,warning,cpu_usage_percent,78.5,75.0,Transient CPU spike detected on idle node
scen_000038,alt_scen_000038_00052,2026-09-01T00:00:34Z,TransientSpikeWarning,node_01,mesh_svc_1,warning,cpu_usage_percent,78.5,75.0,Transient CPU spike detected on idle node
scen_000038,alt_scen_000038_00001,2026-09-01T00:05:00Z,ErrorRateElevated,node_07,mesh_svc_7,critical,error_rate_percent,23.85,10.0,Error rate threshold exceeded
scen_000038,alt_scen_000038_00056,2026-09-01T00:05:23Z,TransientSpikeWarning,node_05,mesh_svc_5,warning,cpu_usage_percent,78.5,75.0,Transient CPU spike detected on idle node
scen_000038,alt_scen_000038_00002,2026-09-01T00:05:30Z,ErrorRateElevated,node_07,mesh_svc_7,critical,error_rate_percent,25.31,10.0,Error rate threshold exceeded
scen_000038,alt_scen_000038_00003,2026-09-01T00:05:40Z,ErrorRateElevated,node_07,mesh_svc_7,critical,error_rate_percent,38.27,10.0,Error rate threshold exceeded
scen_000038,alt_scen_000038_00004,2026-09-01T00:06:20Z,DbConnectionPoolSaturated,node_07,mesh_svc_7,warning,connection_pool_usage,99.09,90.0,Database connection pool saturated
scen_000038,alt_scen_000038_00005,2026-09-01T00:06:40Z,ErrorRateElevated,node_07,mesh_svc_7,critical,error_rate_percent,24.93,10.0,Error rate threshold exceeded
scen_000038,alt_scen_000038_00006,2026-09-01T00:06:42.792751Z,ErrorRateElevated,node_07,mesh_svc_7,critical,error_rate_percent,24.93,10.0,DUPLICATE: Error rate threshold exceeded
scen_000038,alt_scen_000038_00057,2026-09-01T00:07:06Z,TransientSpikeWarning,node_00,mesh_svc_0,warning,cpu_usage_percent,78.5,75.0,Transient CPU spike detected on idle node
scen_000038,alt_scen_000038_00054,2026-09-01T00:07:07Z,TransientSpikeWarning,node_08,mesh_svc_8,warning,cpu_usage_percent,78.5,75.0,Transient CPU spike detected on idle node
scen_000038,alt_scen_000038_00007,2026-09-01T00:07:10Z,DbConnectionPoolSaturated,node_07,mesh_svc_7,warning,connection_pool_usage,98.7,90.0,Database connection pool saturated
scen_000038,alt_scen_000038_00008,2026-09-01T00:07:20Z,DbConnectionPoolSaturated,node_07,mesh_svc_7,warning,connection_pool_usage,95.44,90.0,Database connection pool saturated
scen_000038,alt_scen_000038_00055,2026-09-01T00:07:25Z,TransientSpikeWarning,node_12,mesh_svc_12,warning,cpu_usage_percent,78.5,75.0,Transient CPU spike detected on idle node
scen_000038,alt_scen_000038_00009,2026-09-01T00:07:30Z,ErrorRateElevated,node_07,mesh_svc_7,critical,error_rate_percent,34.78,10.0,Error rate threshold exceeded
scen_000038,alt_scen_000038_00010,2026-09-01T00:07:40Z,DbConnectionPoolSaturated,node_07,mesh_svc_7,warning,connection_pool_usage,98.32,90.0,Database connection pool saturated
scen_000038,alt_scen_000038_00053,2026-09-01T00:07:41Z,TransientSpikeWarning,node_20,mesh_svc_20,warning,cpu_usage_percent,78.5,75.0,Transient CPU spike detected on idle node
scen_000038,alt_scen_000038_00011,2026-09-01T00:08:00Z,ErrorRateElevated,node_07,mesh_svc_7,critical,error_rate_percent,41.97,10.0,Error rate threshold exceeded
scen_000038,alt_scen_000038_00012,2026-09-01T00:08:00Z,DbConnectionPoolSaturated,node_07,mesh_svc_7,warning,connection_pool_usage,98.93,90.0,Database connection pool saturated
scen_000038,alt_scen_000038_00013,2026-09-01T00:08:30Z,ErrorRateElevated,node_07,mesh_svc_7,critical,error_rate_percent,43.57,10.0,Error rate threshold exceeded
scen_000038,alt_scen_000038_00014,2026-09-01T00:08:31.187920Z,ErrorRateElevated,node_07,mesh_svc_7,critical,error_rate_percent,43.57,10.0,DUPLICATE: Error rate threshold exceeded
scen_000038,alt_scen_000038_00015,2026-09-01T00:08:50Z,DbConnectionPoolSaturated,node_07,mesh_svc_7,warning,connection_pool_usage,98.9,90.0,Database connection pool saturated
scen_000038,alt_scen_000038_00016,2026-09-01T00:10:00Z,ErrorRateElevated,node_07,mesh_svc_7,critical,error_rate_percent,21.12,10.0,Error rate threshold exceeded
scen_000038,alt_scen_000038_00017,2026-09-01T00:10:00Z,DbConnectionPoolSaturated,node_07,mesh_svc_7,warning,connection_pool_usage,98.94,90.0,Database connection pool saturated
scen_000038,alt_scen_000038_00018,2026-09-01T00:10:20Z,DbConnectionPoolSaturated,node_07,mesh_svc_7,warning,connection_pool_usage,98.39,90.0,Database connection pool saturated
scen_000038,alt_scen_000038_00019,2026-09-01T00:10:30Z,ErrorRateElevated,node_07,mesh_svc_7,critical,error_rate_percent,43.46,10.0,Error rate threshold exceeded
scen_000038,alt_scen_000038_00020,2026-09-01T00:11:10Z,ErrorRateElevated,node_07,mesh_svc_7,critical,error_rate_percent,36.2,10.0,Error rate threshold exceeded
scen_000038,alt_scen_000038_00021,2026-09-01T00:11:13.817208Z,ErrorRateElevated,node_07,mesh_svc_7,critical,error_rate_percent,36.2,10.0,DUPLICATE: Error rate threshold exceeded
scen_000038,alt_scen_000038_00022,2026-09-01T00:11:20Z,ErrorRateElevated,node_07,mesh_svc_7,critical,error_rate_percent,24.88,10.0,Error rate threshold exceeded
scen_000038,alt_scen_000038_00023,2026-09-01T00:11:20Z,DbConnectionPoolSaturated,node_07,mesh_svc_7,warning,connection_pool_usage,97.8,90.0,Database connection pool saturated
scen_000038,alt_scen_000038_00024,2026-09-01T00:11:40Z,ErrorRateElevated,node_07,mesh_svc_7,critical,error_rate_percent,35.7,10.0,Error rate threshold exceeded
scen_000038,alt_scen_000038_00025,2026-09-01T00:11:40Z,DbConnectionPoolSaturated,node_07,mesh_svc_7,warning,connection_pool_usage,95.12,90.0,Database connection pool saturated
scen_000038,alt_scen_000038_00026,2026-09-01T00:11:50Z,ErrorRateElevated,node_07,mesh_svc_7,critical,error_rate_percent,29.71,10.0,Error rate threshold exceeded
scen_000038,alt_scen_000038_00027,2026-09-01T00:11:50Z,DbConnectionPoolSaturated,node_07,mesh_svc_7,warning,connection_pool_usage,97.42,90.0,Database connection pool saturated
scen_000038,alt_scen_000038_00028,2026-09-01T00:12:00Z,ErrorRateElevated,node_07,mesh_svc_7,critical,error_rate_percent,36.68,10.0,Error rate threshold exceeded
scen_000038,alt_scen_000038_00029,2026-09-01T00:12:40Z,ErrorRateElevated,node_07,mesh_svc_7,critical,error_rate_percent,31.58,10.0,Error rate threshold exceeded
scen_000038,alt_scen_000038_00030,2026-09-01T00:12:40Z,DbConnectionPoolSaturated,node_07,mesh_svc_7,warning,connection_pool_usage,95.02,90.0,Database connection pool saturated
scen_000038,alt_scen_000038_00033,2026-09-01T00:12:58.888417Z,DbConnectionPoolSaturated,node_07,mesh_svc_7,warning,connection_pool_usage,98.3,90.0,DUPLICATE: Database connection pool saturated
scen_000038,alt_scen_000038_00031,2026-09-01T00:13:00Z,ErrorRateElevated,node_07,mesh_svc_7,critical,error_rate_percent,43.69,10.0,Error rate threshold exceeded
scen_000038,alt_scen_000038_00032,2026-09-01T00:13:00Z,DbConnectionPoolSaturated,node_07,mesh_svc_7,warning,connection_pool_usage,98.3,90.0,Database connection pool saturated
scen_000038,alt_scen_000038_00034,2026-09-01T00:13:20Z,DbConnectionPoolSaturated,node_07,mesh_svc_7,warning,connection_pool_usage,99.31,90.0,Database connection pool saturated
scen_000038,alt_scen_000038_00035,2026-09-01T00:14:00Z,ErrorRateElevated,node_07,mesh_svc_7,critical,error_rate_percent,37.67,10.0,Error rate threshold exceeded
scen_000038,alt_scen_000038_00036,2026-09-01T00:14:00Z,DbConnectionPoolSaturated,node_07,mesh_svc_7,warning,connection_pool_usage,98.07,90.0,Database connection pool saturated
scen_000038,alt_scen_000038_00037,2026-09-01T00:15:00Z,ErrorRateElevated,node_07,mesh_svc_7,critical,error_rate_percent,36.27,10.0,Error rate threshold exceeded
scen_000038,alt_scen_000038_00038,2026-09-01T00:15:10Z,ErrorRateElevated,node_07,mesh_svc_7,critical,error_rate_percent,31.63,10.0,Error rate threshold exceeded
scen_000038,alt_scen_000038_00039,2026-09-01T00:15:40Z,DbConnectionPoolSaturated,node_07,mesh_svc_7,warning,connection_pool_usage,99.78,90.0,Database connection pool saturated
scen_000038,alt_scen_000038_00040,2026-09-01T00:16:20Z,ErrorRateElevated,node_07,mesh_svc_7,critical,error_rate_percent,21.87,10.0,Error rate threshold exceeded
scen_000038,alt_scen_000038_00041,2026-09-01T00:17:10Z,ErrorRateElevated,node_07,mesh_svc_7,critical,error_rate_percent,21.08,10.0,Error rate threshold exceeded
scen_000038,alt_scen_000038_00042,2026-09-01T00:17:20Z,DbConnectionPoolSaturated,node_07,mesh_svc_7,warning,connection_pool_usage,99.26,90.0,Database connection pool saturated
scen_000038,alt_scen_000038_00043,2026-09-01T00:17:40Z,ErrorRateElevated,node_07,mesh_svc_7,critical,error_rate_percent,27.01,10.0,Error rate threshold exceeded
scen_000038,alt_scen_000038_00044,2026-09-01T00:18:10Z,DbConnectionPoolSaturated,node_07,mesh_svc_7,warning,connection_pool_usage,95.56,90.0,Database connection pool saturated
scen_000038,alt_scen_000038_00045,2026-09-01T00:18:20Z,DbConnectionPoolSaturated,node_07,mesh_svc_7,warning,connection_pool_usage,96.8,90.0,Database connection pool saturated
scen_000038,alt_scen_000038_00046,2026-09-01T00:18:30Z,DbConnectionPoolSaturated,node_07,mesh_svc_7,warning,connection_pool_usage,96.29,90.0,Database connection pool saturated
scen_000038,alt_scen_000038_00047,2026-09-01T00:19:20Z,ErrorRateElevated,node_07,mesh_svc_7,critical,error_rate_percent,28.82,10.0,Error rate threshold exceeded
scen_000038,alt_scen_000038_00048,2026-09-01T00:19:30Z,ErrorRateElevated,node_07,mesh_svc_7,critical,error_rate_percent,20.2,10.0,Error rate threshold exceeded
scen_000038,alt_scen_000038_00049,2026-09-01T00:20:00Z,DbConnectionPoolSaturated,node_07,mesh_svc_7,warning,connection_pool_usage,96.75,90.0,Database connection pool saturated
scen_000038,alt_scen_000038_00050,2026-09-01T00:20:10Z,DbConnectionPoolSaturated,node_07,mesh_svc_7,warning,connection_pool_usage,98.26,90.0,Database connection pool saturated
scen_000038,alt_scen_000038_00051,2026-09-01T00:21:00Z,ErrorRateElevated,node_07,mesh_svc_7,critical,error_rate_percent,33.5,10.0,Error rate threshold exceeded
scen_000039,alt_scen_000039_00001,2026-09-01T00:04:05Z,TransientSpikeWarning,ecom_aux_19,user_service_19,warning,cpu_usage_percent,78.5,75.0,Transient CPU spike detected on idle node
scen_000039,alt_scen_000039_00004,2026-09-01T00:04:32Z,TransientSpikeWarning,ecom_aux_1,user_service_1,warning,cpu_usage_percent,78.5,75.0,Transient CPU spike detected on idle node
scen_000039,alt_scen_000039_00003,2026-09-01T00:07:38Z,TransientSpikeWarning,ecom_aux_15,user_service_15,warning,cpu_usage_percent,78.5,75.0,Transient CPU spike detected on idle node
scen_000039,alt_scen_000039_00002,2026-09-01T00:16:33Z,TransientSpikeWarning,pay_01,payment_service,warning,cpu_usage_percent,78.5,75.0,Transient CPU spike detected on idle node
scen_000040,alt_scen_000040_00001,2026-09-01T00:10:30Z,TransientSpikeWarning,consumer_6,kafka_consumer_6,warning,cpu_usage_percent,78.5,75.0,Transient CPU spike detected on idle node
scen_000040,alt_scen_000040_00003,2026-09-01T00:11:32Z,TransientSpikeWarning,consumer_8,kafka_consumer_8,warning,cpu_usage_percent,78.5,75.0,Transient CPU spike detected on idle node
scen_000040,alt_scen_000040_00002,2026-09-01T00:14:14Z,TransientSpikeWarning,consumer_4,kafka_consumer_4,warning,cpu_usage_percent,78.5,75.0,Transient CPU spike detected on idle node
scen_000041,alt_scen_000041_00067,2026-09-01T00:02:59Z,TransientSpikeWarning,node_09,mesh_svc_9,warning,cpu_usage_percent,78.5,75.0,Transient CPU spike detected on idle node
scen_000041,alt_scen_000041_00001,2026-09-01T00:05:10Z,DbConnectionPoolSaturated,node_02,mesh_svc_2,warning,connection_pool_usage,97.63,90.0,Database connection pool saturated
scen_000041,alt_scen_000041_00002,2026-09-01T00:05:30Z,ErrorRateElevated,node_02,mesh_svc_2,critical,error_rate_percent,39.87,10.0,Error rate threshold exceeded
scen_000041,alt_scen_000041_00069,2026-09-01T00:06:15Z,TransientSpikeWarning,node_05,mesh_svc_5,warning,cpu_usage_percent,78.5,75.0,Transient CPU spike detected on idle node
scen_000041,alt_scen_000041_00003,2026-09-01T00:07:00Z,DbConnectionPoolSaturated,node_02,mesh_svc_2,warning,connection_pool_usage,96.57,90.0,Database connection pool saturated
scen_000041,alt_scen_000041_00004,2026-09-01T00:07:02.970188Z,DbConnectionPoolSaturated,node_02,mesh_svc_2,warning,connection_pool_usage,96.57,90.0,DUPLICATE: Database connection pool saturated
scen_000041,alt_scen_000041_00005,2026-09-01T00:07:10Z,ErrorRateElevated,node_02,mesh_svc_2,critical,error_rate_percent,38.52,10.0,Error rate threshold exceeded
scen_000041,alt_scen_000041_00006,2026-09-01T00:08:00Z,DbConnectionPoolSaturated,node_02,mesh_svc_2,warning,connection_pool_usage,99.69,90.0,Database connection pool saturated
scen_000041,alt_scen_000041_00007,2026-09-01T00:08:10Z,DbConnectionPoolSaturated,node_02,mesh_svc_2,warning,connection_pool_usage,98.95,90.0,Database connection pool saturated
scen_000041,alt_scen_000041_00009,2026-09-01T00:08:16.064640Z,ErrorRateElevated,node_02,mesh_svc_2,critical,error_rate_percent,36.46,10.0,DUPLICATE: Error rate threshold exceeded
scen_000041,alt_scen_000041_00008,2026-09-01T00:08:20Z,ErrorRateElevated,node_02,mesh_svc_2,critical,error_rate_percent,36.46,10.0,Error rate threshold exceeded
scen_000041,alt_scen_000041_00010,2026-09-01T00:08:30Z,DbConnectionPoolSaturated,node_02,mesh_svc_2,warning,connection_pool_usage,99.48,90.0,Database connection pool saturated
scen_000041,alt_scen_000041_00011,2026-09-01T00:08:50Z,ErrorRateElevated,node_02,mesh_svc_2,critical,error_rate_percent,38.93,10.0,Error rate threshold exceeded
scen_000041,alt_scen_000041_00012,2026-09-01T00:08:50Z,DbConnectionPoolSaturated,node_02,mesh_svc_2,warning,connection_pool_usage,95.8,90.0,Database connection pool saturated
scen_000041,alt_scen_000041_00068,2026-09-01T00:09:20Z,TransientSpikeWarning,node_00,mesh_svc_0,warning,cpu_usage_percent,78.5,75.0,Transient CPU spike detected on idle node
scen_000041,alt_scen_000041_00013,2026-09-01T00:09:50Z,ErrorRateElevated,node_02,mesh_svc_2,critical,error_rate_percent,23.36,10.0,Error rate threshold exceeded
scen_000041,alt_scen_000041_00014,2026-09-01T00:10:10Z,ErrorRateElevated,node_02,mesh_svc_2,critical,error_rate_percent,23.59,10.0,Error rate threshold exceeded
scen_000041,alt_scen_000041_00015,2026-09-01T00:10:20Z,DbConnectionPoolSaturated,node_02,mesh_svc_2,warning,connection_pool_usage,95.63,90.0,Database connection pool saturated
scen_000041,alt_scen_000041_00016,2026-09-01T00:11:10Z,ErrorRateElevated,node_02,mesh_svc_2,critical,error_rate_percent,39.1,10.0,Error rate threshold exceeded
scen_000041,alt_scen_000041_00017,2026-09-01T00:11:20Z,DbConnectionPoolSaturated,node_02,mesh_svc_2,warning,connection_pool_usage,99.96,90.0,Database connection pool saturated
scen_000041,alt_scen_000041_00018,2026-09-01T00:11:30Z,ErrorRateElevated,node_02,mesh_svc_2,critical,error_rate_percent,27.45,10.0,Error rate threshold exceeded
scen_000041,alt_scen_000041_00019,2026-09-01T00:11:40Z,DbConnectionPoolSaturated,node_02,mesh_svc_2,warning,connection_pool_usage,96.31,90.0,Database connection pool saturated
scen_000041,alt_scen_000041_00020,2026-09-01T00:11:50Z,DbConnectionPoolSaturated,node_02,mesh_svc_2,warning,connection_pool_usage,99.07,90.0,Database connection pool saturated
scen_000041,alt_scen_000041_00021,2026-09-01T00:12:00Z,DbConnectionPoolSaturated,node_02,mesh_svc_2,warning,connection_pool_usage,99.87,90.0,Database connection pool saturated
scen_000041,alt_scen_000041_00022,2026-09-01T00:12:04.280613Z,DbConnectionPoolSaturated,node_02,mesh_svc_2,warning,connection_pool_usage,99.87,90.0,DUPLICATE: Database connection pool saturated
scen_000041,alt_scen_000041_00023,2026-09-01T00:12:10Z,DbConnectionPoolSaturated,node_02,mesh_svc_2,warning,connection_pool_usage,99.14,90.0,Database connection pool saturated
scen_000041,alt_scen_000041_00024,2026-09-01T00:12:40Z,ErrorRateElevated,node_02,mesh_svc_2,critical,error_rate_percent,22.43,10.0,Error rate threshold exceeded
scen_000041,alt_scen_000041_00025,2026-09-01T00:12:40Z,DbConnectionPoolSaturated,node_02,mesh_svc_2,warning,connection_pool_usage,98.83,90.0,Database connection pool saturated
scen_000041,alt_scen_000041_00026,2026-09-01T00:13:20Z,ErrorRateElevated,node_02,mesh_svc_2,critical,error_rate_percent,22.3,10.0,Error rate threshold exceeded
scen_000041,alt_scen_000041_00027,2026-09-01T00:13:30Z,DbConnectionPoolSaturated,node_02,mesh_svc_2,warning,connection_pool_usage,96.94,90.0,Database connection pool saturated
scen_000041,alt_scen_000041_00028,2026-09-01T00:14:10Z,ErrorRateElevated,node_02,mesh_svc_2,critical,error_rate_percent,23.5,10.0,Error rate threshold exceeded
scen_000041,alt_scen_000041_00029,2026-09-01T00:14:20Z,DbConnectionPoolSaturated,node_02,mesh_svc_2,warning,connection_pool_usage,98.01,90.0,Database connection pool saturated
scen_000041,alt_scen_000041_00030,2026-09-01T00:14:40Z,ErrorRateElevated,node_02,mesh_svc_2,critical,error_rate_percent,22.08,10.0,Error rate threshold exceeded
scen_000041,alt_scen_000041_00031,2026-09-01T00:14:50Z,DbConnectionPoolSaturated,node_02,mesh_svc_2,warning,connection_pool_usage,97.98,90.0,Database connection pool saturated
scen_000041,alt_scen_000041_00032,2026-09-01T00:15:00Z,DbConnectionPoolSaturated,node_02,mesh_svc_2,warning,connection_pool_usage,99.29,90.0,Database connection pool saturated
scen_000041,alt_scen_000041_00033,2026-09-01T00:15:10Z,DbConnectionPoolSaturated,node_02,mesh_svc_2,warning,connection_pool_usage,96.25,90.0,Database connection pool saturated
scen_000041,alt_scen_000041_00034,2026-09-01T00:15:20Z,ErrorRateElevated,node_02,mesh_svc_2,critical,error_rate_percent,20.17,10.0,Error rate threshold exceeded
scen_000041,alt_scen_000041_00035,2026-09-01T00:15:24.010711Z,ErrorRateElevated,node_02,mesh_svc_2,critical,error_rate_percent,20.17,10.0,DUPLICATE: Error rate threshold exceeded
scen_000041,alt_scen_000041_00070,2026-09-01T00:15:39Z,TransientSpikeWarning,node_05,mesh_svc_5,warning,cpu_usage_percent,78.5,75.0,Transient CPU spike detected on idle node
scen_000041,alt_scen_000041_00036,2026-09-01T00:15:40Z,ErrorRateElevated,node_02,mesh_svc_2,critical,error_rate_percent,36.78,10.0,Error rate threshold exceeded
scen_000041,alt_scen_000041_00037,2026-09-01T00:15:50Z,ErrorRateElevated,node_02,mesh_svc_2,critical,error_rate_percent,37.69,10.0,Error rate threshold exceeded
scen_000041,alt_scen_000041_00038,2026-09-01T00:16:10Z,DbConnectionPoolSaturated,node_02,mesh_svc_2,warning,connection_pool_usage,95.05,90.0,Database connection pool saturated
scen_000041,alt_scen_000041_00039,2026-09-01T00:16:13.589037Z,DbConnectionPoolSaturated,node_02,mesh_svc_2,warning,connection_pool_usage,95.05,90.0,DUPLICATE: Database connection pool saturated
scen_000041,alt_scen_000041_00040,2026-09-01T00:16:20Z,DbConnectionPoolSaturated,node_02,mesh_svc_2,warning,connection_pool_usage,98.16,90.0,Database connection pool saturated
scen_000041,alt_scen_000041_00041,2026-09-01T00:16:40Z,DbConnectionPoolSaturated,node_02,mesh_svc_2,warning,connection_pool_usage,99.53,90.0,Database connection pool saturated
scen_000041,alt_scen_000041_00042,2026-09-01T00:17:10Z,ErrorRateElevated,node_02,mesh_svc_2,critical,error_rate_percent,38.23,10.0,Error rate threshold exceeded
scen_000041,alt_scen_000041_00043,2026-09-01T00:17:10Z,DbConnectionPoolSaturated,node_02,mesh_svc_2,warning,connection_pool_usage,96.08,90.0,Database connection pool saturated
scen_000041,alt_scen_000041_00044,2026-09-01T00:17:30Z,ErrorRateElevated,node_02,mesh_svc_2,critical,error_rate_percent,37.31,10.0,Error rate threshold exceeded
scen_000041,alt_scen_000041_00045,2026-09-01T00:17:30Z,DbConnectionPoolSaturated,node_02,mesh_svc_2,warning,connection_pool_usage,98.02,90.0,Database connection pool saturated
scen_000041,alt_scen_000041_00047,2026-09-01T00:17:46.001907Z,DbConnectionPoolSaturated,node_02,mesh_svc_2,warning,connection_pool_usage,99.32,90.0,DUPLICATE: Database connection pool saturated
scen_000041,alt_scen_000041_00046,2026-09-01T00:17:50Z,DbConnectionPoolSaturated,node_02,mesh_svc_2,warning,connection_pool_usage,99.32,90.0,Database connection pool saturated
scen_000041,alt_scen_000041_00048,2026-09-01T00:18:20Z,ErrorRateElevated,node_02,mesh_svc_2,critical,error_rate_percent,22.4,10.0,Error rate threshold exceeded
scen_000041,alt_scen_000041_00049,2026-09-01T00:18:20Z,DbConnectionPoolSaturated,node_02,mesh_svc_2,warning,connection_pool_usage,95.09,90.0,Database connection pool saturated
scen_000041,alt_scen_000041_00050,2026-09-01T00:18:30Z,DbConnectionPoolSaturated,node_02,mesh_svc_2,warning,connection_pool_usage,98.73,90.0,Database connection pool saturated
scen_000041,alt_scen_000041_00051,2026-09-01T00:18:40Z,DbConnectionPoolSaturated,node_02,mesh_svc_2,warning,connection_pool_usage,96.51,90.0,Database connection pool saturated
scen_000041,alt_scen_000041_00052,2026-09-01T00:18:50Z,DbConnectionPoolSaturated,node_02,mesh_svc_2,warning,connection_pool_usage,99.88,90.0,Database connection pool saturated
scen_000041,alt_scen_000041_00053,2026-09-01T00:19:20Z,ErrorRateElevated,node_02,mesh_svc_2,critical,error_rate_percent,40.76,10.0,Error rate threshold exceeded
scen_000041,alt_scen_000041_00054,2026-09-01T00:19:30Z,DbConnectionPoolSaturated,node_02,mesh_svc_2,warning,connection_pool_usage,95.31,90.0,Database connection pool saturated
scen_000041,alt_scen_000041_00055,2026-09-01T00:20:00Z,DbConnectionPoolSaturated,node_02,mesh_svc_2,warning,connection_pool_usage,97.84,90.0,Database connection pool saturated
scen_000041,alt_scen_000041_00056,2026-09-01T00:20:10Z,ErrorRateElevated,node_02,mesh_svc_2,critical,error_rate_percent,28.28,10.0,Error rate threshold exceeded
scen_000041,alt_scen_000041_00057,2026-09-01T00:20:10Z,DbConnectionPoolSaturated,node_02,mesh_svc_2,warning,connection_pool_usage,98.75,90.0,Database connection pool saturated
scen_000041,alt_scen_000041_00058,2026-09-01T00:21:00Z,ErrorRateElevated,node_02,mesh_svc_2,critical,error_rate_percent,38.65,10.0,Error rate threshold exceeded
scen_000041,alt_scen_000041_00059,2026-09-01T00:21:10Z,DbConnectionPoolSaturated,node_02,mesh_svc_2,warning,connection_pool_usage,95.31,90.0,Database connection pool saturated
scen_000041,alt_scen_000041_00060,2026-09-01T00:21:40Z,DbConnectionPoolSaturated,node_02,mesh_svc_2,warning,connection_pool_usage,97.17,90.0,Database connection pool saturated
scen_000041,alt_scen_000041_00061,2026-09-01T00:22:10Z,DbConnectionPoolSaturated,node_02,mesh_svc_2,warning,connection_pool_usage,95.35,90.0,Database connection pool saturated
scen_000041,alt_scen_000041_00062,2026-09-01T00:22:40Z,DbConnectionPoolSaturated,node_02,mesh_svc_2,warning,connection_pool_usage,98.77,90.0,Database connection pool saturated
scen_000041,alt_scen_000041_00063,2026-09-01T00:23:00Z,ErrorRateElevated,node_02,mesh_svc_2,critical,error_rate_percent,35.75,10.0,Error rate threshold exceeded
scen_000041,alt_scen_000041_00064,2026-09-01T00:23:10Z,ErrorRateElevated,node_02,mesh_svc_2,critical,error_rate_percent,41.78,10.0,Error rate threshold exceeded
scen_000041,alt_scen_000041_00065,2026-09-01T00:23:50Z,ErrorRateElevated,node_02,mesh_svc_2,critical,error_rate_percent,20.13,10.0,Error rate threshold exceeded
scen_000041,alt_scen_000041_00066,2026-09-01T00:24:00Z,DbConnectionPoolSaturated,node_02,mesh_svc_2,warning,connection_pool_usage,97.27,90.0,Database connection pool saturated
scen_000042,alt_scen_000042_00002,2026-09-01T00:00:13Z,TransientSpikeWarning,ecom_aux_1,user_service_1,warning,cpu_usage_percent,78.5,75.0,Transient CPU spike detected on idle node
scen_000042,alt_scen_000042_00001,2026-09-01T00:04:56Z,TransientSpikeWarning,ecom_aux_5,user_service_5,warning,cpu_usage_percent,78.5,75.0,Transient CPU spike detected on idle node
scen_000043,alt_scen_000043_00001,2026-09-01T00:03:27Z,TransientSpikeWarning,search_node_1,search_aux_1,warning,cpu_usage_percent,78.5,75.0,Transient CPU spike detected on idle node
scen_000043,alt_scen_000043_00003,2026-09-01T00:04:17Z,TransientSpikeWarning,search_node_18,search_aux_18,warning,cpu_usage_percent,78.5,75.0,Transient CPU spike detected on idle node
scen_000043,alt_scen_000043_00002,2026-09-01T00:07:23Z,TransientSpikeWarning,search_node_21,search_aux_21,warning,cpu_usage_percent,78.5,75.0,Transient CPU spike detected on idle node
scen_000044,alt_scen_000044_00002,2026-09-01T00:00:41Z,TransientSpikeWarning,node_05,mesh_svc_5,warning,cpu_usage_percent,78.5,75.0,Transient CPU spike detected on idle node
scen_000044,alt_scen_000044_00004,2026-09-01T00:06:04Z,TransientSpikeWarning,node_04,mesh_svc_4,warning,cpu_usage_percent,78.5,75.0,Transient CPU spike detected on idle node
scen_000044,alt_scen_000044_00001,2026-09-01T00:10:49Z,TransientSpikeWarning,node_01,mesh_svc_1,warning,cpu_usage_percent,78.5,75.0,Transient CPU spike detected on idle node
scen_000044,alt_scen_000044_00003,2026-09-01T00:11:58Z,TransientSpikeWarning,node_03,mesh_svc_3,warning,cpu_usage_percent,78.5,75.0,Transient CPU spike detected on idle node
scen_000045,alt_scen_000045_00002,2026-09-01T00:05:37Z,TransientSpikeWarning,consumer_20,kafka_consumer_20,warning,cpu_usage_percent,78.5,75.0,Transient CPU spike detected on idle node
scen_000045,alt_scen_000045_00001,2026-09-01T00:09:13Z,TransientSpikeWarning,ingest_01,ingestion_gateway,warning,cpu_usage_percent,78.5,75.0,Transient CPU spike detected on idle node
scen_000046,alt_scen_000046_00001,2026-09-01T00:00:47Z,TransientSpikeWarning,mq_01,kafka,warning,cpu_usage_percent,78.5,75.0,Transient CPU spike detected on idle node
scen_000046,alt_scen_000046_00003,2026-09-01T00:08:03Z,TransientSpikeWarning,ecom_aux_15,user_service_15,warning,cpu_usage_percent,78.5,75.0,Transient CPU spike detected on idle node
scen_000046,alt_scen_000046_00004,2026-09-01T00:09:01Z,TransientSpikeWarning,gw_01,api_gateway,warning,cpu_usage_percent,78.5,75.0,Transient CPU spike detected on idle node
scen_000046,alt_scen_000046_00002,2026-09-01T00:11:14Z,TransientSpikeWarning,inv_01,inventory_service,warning,cpu_usage_percent,78.5,75.0,Transient CPU spike detected on idle node
scen_000046,alt_scen_000046_00005,2026-09-01T00:14:03Z,TransientSpikeWarning,ecom_aux_8,user_service_8,warning,cpu_usage_percent,78.5,75.0,Transient CPU spike detected on idle node
scen_000047,alt_scen_000047_00044,2026-09-01T00:04:27Z,TransientSpikeWarning,es_01,elasticsearch,warning,cpu_usage_percent,78.5,75.0,Transient CPU spike detected on idle node
scen_000047,alt_scen_000047_00001,2026-09-01T00:05:00Z,ErrorRateElevated,search_node_5,search_aux_5,critical,error_rate_percent,25.23,10.0,Error rate threshold exceeded
scen_000047,alt_scen_000047_00002,2026-09-01T00:05:00Z,DbConnectionPoolSaturated,search_node_5,search_aux_5,warning,connection_pool_usage,99.6,90.0,Database connection pool saturated
scen_000047,alt_scen_000047_00003,2026-09-01T00:05:20Z,ErrorRateElevated,search_node_5,search_aux_5,critical,error_rate_percent,25.04,10.0,Error rate threshold exceeded
scen_000047,alt_scen_000047_00004,2026-09-01T00:05:30Z,DbConnectionPoolSaturated,search_node_5,search_aux_5,warning,connection_pool_usage,96.49,90.0,Database connection pool saturated
scen_000047,alt_scen_000047_00005,2026-09-01T00:05:40Z,ErrorRateElevated,search_node_5,search_aux_5,critical,error_rate_percent,29.66,10.0,Error rate threshold exceeded
scen_000047,alt_scen_000047_00006,2026-09-01T00:05:50Z,DbConnectionPoolSaturated,search_node_5,search_aux_5,warning,connection_pool_usage,99.32,90.0,Database connection pool saturated
scen_000047,alt_scen_000047_00007,2026-09-01T00:06:10Z,ErrorRateElevated,search_node_5,search_aux_5,critical,error_rate_percent,36.97,10.0,Error rate threshold exceeded
scen_000047,alt_scen_000047_00046,2026-09-01T00:06:17Z,TransientSpikeWarning,es_01,elasticsearch,warning,cpu_usage_percent,78.5,75.0,Transient CPU spike detected on idle node
scen_000047,alt_scen_000047_00008,2026-09-01T00:06:30Z,DbConnectionPoolSaturated,search_node_5,search_aux_5,warning,connection_pool_usage,97.25,90.0,Database connection pool saturated
scen_000047,alt_scen_000047_00009,2026-09-01T00:06:31.529427Z,DbConnectionPoolSaturated,search_node_5,search_aux_5,warning,connection_pool_usage,97.25,90.0,DUPLICATE: Database connection pool saturated
scen_000047,alt_scen_000047_00010,2026-09-01T00:06:50Z,ErrorRateElevated,search_node_5,search_aux_5,critical,error_rate_percent,38.39,10.0,Error rate threshold exceeded
scen_000047,alt_scen_000047_00011,2026-09-01T00:06:50Z,DbConnectionPoolSaturated,search_node_5,search_aux_5,warning,connection_pool_usage,95.15,90.0,Database connection pool saturated
scen_000047,alt_scen_000047_00012,2026-09-01T00:07:40Z,ErrorRateElevated,search_node_5,search_aux_5,critical,error_rate_percent,33.88,10.0,Error rate threshold exceeded
scen_000047,alt_scen_000047_00013,2026-09-01T00:08:30Z,ErrorRateElevated,search_node_5,search_aux_5,critical,error_rate_percent,20.08,10.0,Error rate threshold exceeded
scen_000047,alt_scen_000047_00014,2026-09-01T00:08:33.170019Z,ErrorRateElevated,search_node_5,search_aux_5,critical,error_rate_percent,20.08,10.0,DUPLICATE: Error rate threshold exceeded
scen_000047,alt_scen_000047_00015,2026-09-01T00:08:50Z,DbConnectionPoolSaturated,search_node_5,search_aux_5,warning,connection_pool_usage,96.32,90.0,Database connection pool saturated
scen_000047,alt_scen_000047_00016,2026-09-01T00:09:20Z,ErrorRateElevated,search_node_5,search_aux_5,critical,error_rate_percent,35.91,10.0,Error rate threshold exceeded
scen_000047,alt_scen_000047_00018,2026-09-01T00:09:37.767113Z,DbConnectionPoolSaturated,search_node_5,search_aux_5,warning,connection_pool_usage,95.93,90.0,DUPLICATE: Database connection pool saturated
scen_000047,alt_scen_000047_00017,2026-09-01T00:09:40Z,DbConnectionPoolSaturated,search_node_5,search_aux_5,warning,connection_pool_usage,95.93,90.0,Database connection pool saturated
scen_000047,alt_scen_000047_00019,2026-09-01T00:09:50Z,DbConnectionPoolSaturated,search_node_5,search_aux_5,warning,connection_pool_usage,95.52,90.0,Database connection pool saturated
scen_000047,alt_scen_000047_00045,2026-09-01T00:10:02Z,TransientSpikeWarning,search_node_3,search_aux_3,warning,cpu_usage_percent,78.5,75.0,Transient CPU spike detected on idle node
scen_000047,alt_scen_000047_00020,2026-09-01T00:10:10Z,DbConnectionPoolSaturated,search_node_5,search_aux_5,warning,connection_pool_usage,96.59,90.0,Database connection pool saturated
scen_000047,alt_scen_000047_00043,2026-09-01T00:10:25Z,TransientSpikeWarning,search_node_4,search_aux_4,warning,cpu_usage_percent,78.5,75.0,Transient CPU spike detected on idle node
scen_000047,alt_scen_000047_00021,2026-09-01T00:10:30Z,DbConnectionPoolSaturated,search_node_5,search_aux_5,warning,connection_pool_usage,95.95,90.0,Database connection pool saturated
scen_000047,alt_scen_000047_00022,2026-09-01T00:10:40Z,ErrorRateElevated,search_node_5,search_aux_5,critical,error_rate_percent,25.74,10.0,Error rate threshold exceeded
scen_000047,alt_scen_000047_00024,2026-09-01T00:10:57.775935Z,DbConnectionPoolSaturated,search_node_5,search_aux_5,warning,connection_pool_usage,99.82,90.0,DUPLICATE: Database connection pool saturated
scen_000047,alt_scen_000047_00023,2026-09-01T00:11:00Z,DbConnectionPoolSaturated,search_node_5,search_aux_5,warning,connection_pool_usage,99.82,90.0,Database connection pool saturated
scen_000047,alt_scen_000047_00025,2026-09-01T00:11:20Z,ErrorRateElevated,search_node_5,search_aux_5,critical,error_rate_percent,28.99,10.0,Error rate threshold exceeded
scen_000047,alt_scen_000047_00026,2026-09-01T00:11:20Z,DbConnectionPoolSaturated,search_node_5,search_aux_5,warning,connection_pool_usage,99.63,90.0,Database connection pool saturated
scen_000047,alt_scen_000047_00028,2026-09-01T00:11:29.224091Z,DbConnectionPoolSaturated,search_node_5,search_aux_5,warning,connection_pool_usage,95.53,90.0,DUPLICATE: Database connection pool saturated
scen_000047,alt_scen_000047_00027,2026-09-01T00:11:30Z,DbConnectionPoolSaturated,search_node_5,search_aux_5,warning,connection_pool_usage,95.53,90.0,Database connection pool saturated
scen_000047,alt_scen_000047_00029,2026-09-01T00:11:50Z,ErrorRateElevated,search_node_5,search_aux_5,critical,error_rate_percent,21.21,10.0,Error rate threshold exceeded
scen_000047,alt_scen_000047_00047,2026-09-01T00:11:55Z,TransientSpikeWarning,mongo_01,mongodb,warning,cpu_usage_percent,78.5,75.0,Transient CPU spike detected on idle node
scen_000047,alt_scen_000047_00030,2026-09-01T00:12:10Z,ErrorRateElevated,search_node_5,search_aux_5,critical,error_rate_percent,33.8,10.0,Error rate threshold exceeded
scen_000047,alt_scen_000047_00031,2026-09-01T00:12:20Z,DbConnectionPoolSaturated,search_node_5,search_aux_5,warning,connection_pool_usage,97.22,90.0,Database connection pool saturated
scen_000047,alt_scen_000047_00033,2026-09-01T00:12:39.377457Z,DbConnectionPoolSaturated,search_node_5,search_aux_5,warning,connection_pool_usage,97.85,90.0,DUPLICATE: Database connection pool saturated
scen_000047,alt_scen_000047_00032,2026-09-01T00:12:40Z,DbConnectionPoolSaturated,search_node_5,search_aux_5,warning,connection_pool_usage,97.85,90.0,Database connection pool saturated
scen_000047,alt_scen_000047_00034,2026-09-01T00:13:10Z,DbConnectionPoolSaturated,search_node_5,search_aux_5,warning,connection_pool_usage,97.69,90.0,Database connection pool saturated
scen_000047,alt_scen_000047_00035,2026-09-01T00:13:20Z,ErrorRateElevated,search_node_5,search_aux_5,critical,error_rate_percent,22.24,10.0,Error rate threshold exceeded
scen_000047,alt_scen_000047_00036,2026-09-01T00:13:30Z,ErrorRateElevated,search_node_5,search_aux_5,critical,error_rate_percent,28.43,10.0,Error rate threshold exceeded
scen_000047,alt_scen_000047_00038,2026-09-01T00:13:36.037531Z,DbConnectionPoolSaturated,search_node_5,search_aux_5,warning,connection_pool_usage,99.06,90.0,DUPLICATE: Database connection pool saturated
scen_000047,alt_scen_000047_00037,2026-09-01T00:13:40Z,DbConnectionPoolSaturated,search_node_5,search_aux_5,warning,connection_pool_usage,99.06,90.0,Database connection pool saturated
scen_000047,alt_scen_000047_00039,2026-09-01T00:14:30Z,ErrorRateElevated,search_node_5,search_aux_5,critical,error_rate_percent,24.23,10.0,Error rate threshold exceeded
scen_000047,alt_scen_000047_00040,2026-09-01T00:14:50Z,ErrorRateElevated,search_node_5,search_aux_5,critical,error_rate_percent,28.32,10.0,Error rate threshold exceeded
scen_000047,alt_scen_000047_00041,2026-09-01T00:15:00Z,ErrorRateElevated,search_node_5,search_aux_5,critical,error_rate_percent,28.05,10.0,Error rate threshold exceeded
scen_000047,alt_scen_000047_00042,2026-09-01T00:15:22Z,TransientSpikeWarning,rec_01,recommendation_service,warning,cpu_usage_percent,78.5,75.0,Transient CPU spike detected on idle node
scen_000048,alt_scen_000048_00004,2026-09-01T00:04:03Z,TransientSpikeWarning,sub_svc_23,sub_service_23,warning,cpu_usage_percent,78.5,75.0,Transient CPU spike detected on idle node
scen_000048,alt_scen_000048_00003,2026-09-01T00:07:45Z,TransientSpikeWarning,sub_svc_22,sub_service_22,warning,cpu_usage_percent,78.5,75.0,Transient CPU spike detected on idle node
scen_000048,alt_scen_000048_00001,2026-09-01T00:12:55Z,TransientSpikeWarning,sub_svc_5,sub_service_5,warning,cpu_usage_percent,78.5,75.0,Transient CPU spike detected on idle node
scen_000048,alt_scen_000048_00002,2026-09-01T00:16:02Z,TransientSpikeWarning,sub_svc_6,sub_service_6,warning,cpu_usage_percent,78.5,75.0,Transient CPU spike detected on idle node
scen_000049,alt_scen_000049_00003,2026-09-01T00:07:49Z,TransientSpikeWarning,ecom_aux_4,user_service_4,warning,cpu_usage_percent,78.5,75.0,Transient CPU spike detected on idle node
scen_000049,alt_scen_000049_00001,2026-09-01T00:09:11Z,TransientSpikeWarning,ecom_aux_13,user_service_13,warning,cpu_usage_percent,78.5,75.0,Transient CPU spike detected on idle node
scen_000049,alt_scen_000049_00002,2026-09-01T00:10:01Z,TransientSpikeWarning,ecom_aux_8,user_service_8,warning,cpu_usage_percent,78.5,75.0,Transient CPU spike detected on idle node
scen_000050,alt_scen_000050_00060,2026-09-01T00:00:32Z,TransientSpikeWarning,user_01,user_service,warning,cpu_usage_percent,78.5,75.0,Transient CPU spike detected on idle node
scen_000050,alt_scen_000050_00061,2026-09-01T00:03:57Z,TransientSpikeWarning,db_event,mysql,warning,cpu_usage_percent,78.5,75.0,Transient CPU spike detected on idle node
scen_000050,alt_scen_000050_00062,2026-09-01T00:05:45Z,TransientSpikeWarning,notif_01,notification_service,warning,cpu_usage_percent,78.5,75.0,Transient CPU spike detected on idle node
scen_000050,alt_scen_000050_00001,2026-09-01T00:05:50Z,DbConnectionPoolSaturated,kafka_broker,kafka,warning,connection_pool_usage,95.99,90.0,Database connection pool saturated
scen_000050,alt_scen_000050_00002,2026-09-01T00:05:51.058365Z,DbConnectionPoolSaturated,kafka_broker,kafka,warning,connection_pool_usage,95.99,90.0,DUPLICATE: Database connection pool saturated
scen_000050,alt_scen_000050_00004,2026-09-01T00:05:57.033702Z,ErrorRateElevated,kafka_broker,kafka,critical,error_rate_percent,27.55,10.0,DUPLICATE: Error rate threshold exceeded
scen_000050,alt_scen_000050_00003,2026-09-01T00:06:00Z,ErrorRateElevated,kafka_broker,kafka,critical,error_rate_percent,27.55,10.0,Error rate threshold exceeded
scen_000050,alt_scen_000050_00005,2026-09-01T00:06:00Z,DbConnectionPoolSaturated,kafka_broker,kafka,warning,connection_pool_usage,96.75,90.0,Database connection pool saturated
scen_000050,alt_scen_000050_00006,2026-09-01T00:06:10Z,ErrorRateElevated,kafka_broker,kafka,critical,error_rate_percent,25.91,10.0,Error rate threshold exceeded
scen_000050,alt_scen_000050_00007,2026-09-01T00:06:40Z,ErrorRateElevated,kafka_broker,kafka,critical,error_rate_percent,44.34,10.0,Error rate threshold exceeded
scen_000050,alt_scen_000050_00008,2026-09-01T00:06:50Z,DbConnectionPoolSaturated,kafka_broker,kafka,warning,connection_pool_usage,96.28,90.0,Database connection pool saturated
scen_000050,alt_scen_000050_00009,2026-09-01T00:07:00Z,DbConnectionPoolSaturated,kafka_broker,kafka,warning,connection_pool_usage,98.77,90.0,Database connection pool saturated
scen_000050,alt_scen_000050_00010,2026-09-01T00:07:10Z,ErrorRateElevated,kafka_broker,kafka,critical,error_rate_percent,40.64,10.0,Error rate threshold exceeded
scen_000050,alt_scen_000050_00011,2026-09-01T00:07:30Z,ErrorRateElevated,kafka_broker,kafka,critical,error_rate_percent,39.92,10.0,Error rate threshold exceeded
scen_000050,alt_scen_000050_00012,2026-09-01T00:07:30Z,DbConnectionPoolSaturated,kafka_broker,kafka,warning,connection_pool_usage,99.5,90.0,Database connection pool saturated
scen_000050,alt_scen_000050_00013,2026-09-01T00:07:50Z,ErrorRateElevated,kafka_broker,kafka,critical,error_rate_percent,42.22,10.0,Error rate threshold exceeded
scen_000050,alt_scen_000050_00014,2026-09-01T00:08:00Z,DbConnectionPoolSaturated,kafka_broker,kafka,warning,connection_pool_usage,96.5,90.0,Database connection pool saturated
scen_000050,alt_scen_000050_00015,2026-09-01T00:09:00Z,ErrorRateElevated,kafka_broker,kafka,critical,error_rate_percent,28.09,10.0,Error rate threshold exceeded
scen_000050,alt_scen_000050_00016,2026-09-01T00:09:10Z,DbConnectionPoolSaturated,kafka_broker,kafka,warning,connection_pool_usage,97.55,90.0,Database connection pool saturated
scen_000050,alt_scen_000050_00064,2026-09-01T00:09:20Z,TransientSpikeWarning,db_event,mysql,warning,cpu_usage_percent,78.5,75.0,Transient CPU spike detected on idle node
scen_000050,alt_scen_000050_00017,2026-09-01T00:09:50Z,ErrorRateElevated,kafka_broker,kafka,critical,error_rate_percent,27.23,10.0,Error rate threshold exceeded
scen_000050,alt_scen_000050_00018,2026-09-01T00:10:30Z,DbConnectionPoolSaturated,kafka_broker,kafka,warning,connection_pool_usage,98.93,90.0,Database connection pool saturated
scen_000050,alt_scen_000050_00020,2026-09-01T00:10:48.924959Z,DbConnectionPoolSaturated,kafka_broker,kafka,warning,connection_pool_usage,97.48,90.0,DUPLICATE: Database connection pool saturated
scen_000050,alt_scen_000050_00019,2026-09-01T00:10:50Z,DbConnectionPoolSaturated,kafka_broker,kafka,warning,connection_pool_usage,97.48,90.0,Database connection pool saturated
scen_000050,alt_scen_000050_00021,2026-09-01T00:11:00Z,ErrorRateElevated,kafka_broker,kafka,critical,error_rate_percent,27.0,10.0,Error rate threshold exceeded
scen_000050,alt_scen_000050_00022,2026-09-01T00:11:00Z,DbConnectionPoolSaturated,kafka_broker,kafka,warning,connection_pool_usage,96.89,90.0,Database connection pool saturated
scen_000050,alt_scen_000050_00023,2026-09-01T00:11:04.704330Z,DbConnectionPoolSaturated,kafka_broker,kafka,warning,connection_pool_usage,96.89,90.0,DUPLICATE: Database connection pool saturated
scen_000050,alt_scen_000050_00024,2026-09-01T00:11:30Z,DbConnectionPoolSaturated,kafka_broker,kafka,warning,connection_pool_usage,97.38,90.0,Database connection pool saturated
scen_000050,alt_scen_000050_00027,2026-09-01T00:12:00.090378Z,DbConnectionPoolSaturated,kafka_broker,kafka,warning,connection_pool_usage,98.29,90.0,DUPLICATE: Database connection pool saturated
scen_000050,alt_scen_000050_00025,2026-09-01T00:12:00Z,ErrorRateElevated,kafka_broker,kafka,critical,error_rate_percent,26.16,10.0,Error rate threshold exceeded
scen_000050,alt_scen_000050_00026,2026-09-01T00:12:00Z,DbConnectionPoolSaturated,kafka_broker,kafka,warning,connection_pool_usage,98.29,90.0,Database connection pool saturated
scen_000050,alt_scen_000050_00028,2026-09-01T00:12:40Z,DbConnectionPoolSaturated,kafka_broker,kafka,warning,connection_pool_usage,97.57,90.0,Database connection pool saturated
scen_000050,alt_scen_000050_00030,2026-09-01T00:12:45.127512Z,DbConnectionPoolSaturated,kafka_broker,kafka,warning,connection_pool_usage,95.83,90.0,DUPLICATE: Database connection pool saturated
scen_000050,alt_scen_000050_00029,2026-09-01T00:12:50Z,DbConnectionPoolSaturated,kafka_broker,kafka,warning,connection_pool_usage,95.83,90.0,Database connection pool saturated
scen_000050,alt_scen_000050_00032,2026-09-01T00:12:55.617090Z,DbConnectionPoolSaturated,kafka_broker,kafka,warning,connection_pool_usage,97.95,90.0,DUPLICATE: Database connection pool saturated
scen_000050,alt_scen_000050_00063,2026-09-01T00:12:58Z,TransientSpikeWarning,kafka_broker,kafka,warning,cpu_usage_percent,78.5,75.0,Transient CPU spike detected on idle node
scen_000050,alt_scen_000050_00031,2026-09-01T00:13:00Z,DbConnectionPoolSaturated,kafka_broker,kafka,warning,connection_pool_usage,97.95,90.0,Database connection pool saturated
scen_000050,alt_scen_000050_00033,2026-09-01T00:13:10Z,ErrorRateElevated,kafka_broker,kafka,critical,error_rate_percent,36.58,10.0,Error rate threshold exceeded
scen_000050,alt_scen_000050_00034,2026-09-01T00:13:20Z,ErrorRateElevated,kafka_broker,kafka,critical,error_rate_percent,42.29,10.0,Error rate threshold exceeded
scen_000050,alt_scen_000050_00035,2026-09-01T00:13:50Z,ErrorRateElevated,kafka_broker,kafka,critical,error_rate_percent,32.34,10.0,Error rate threshold exceeded
scen_000050,alt_scen_000050_00036,2026-09-01T00:14:00Z,ErrorRateElevated,kafka_broker,kafka,critical,error_rate_percent,36.09,10.0,Error rate threshold exceeded
scen_000050,alt_scen_000050_00037,2026-09-01T00:14:00Z,DbConnectionPoolSaturated,kafka_broker,kafka,warning,connection_pool_usage,95.76,90.0,Database connection pool saturated
scen_000050,alt_scen_000050_00038,2026-09-01T00:14:20Z,ErrorRateElevated,kafka_broker,kafka,critical,error_rate_percent,34.16,10.0,Error rate threshold exceeded
scen_000050,alt_scen_000050_00040,2026-09-01T00:14:38.065819Z,ErrorRateElevated,kafka_broker,kafka,critical,error_rate_percent,40.47,10.0,DUPLICATE: Error rate threshold exceeded
scen_000050,alt_scen_000050_00039,2026-09-01T00:14:40Z,ErrorRateElevated,kafka_broker,kafka,critical,error_rate_percent,40.47,10.0,Error rate threshold exceeded
scen_000050,alt_scen_000050_00041,2026-09-01T00:14:50Z,DbConnectionPoolSaturated,kafka_broker,kafka,warning,connection_pool_usage,95.38,90.0,Database connection pool saturated
scen_000050,alt_scen_000050_00042,2026-09-01T00:15:00Z,DbConnectionPoolSaturated,kafka_broker,kafka,warning,connection_pool_usage,99.52,90.0,Database connection pool saturated
scen_000050,alt_scen_000050_00065,2026-09-01T00:15:04Z,TransientSpikeWarning,consumer_3,kafka_consumer_3,warning,cpu_usage_percent,78.5,75.0,Transient CPU spike detected on idle node
scen_000050,alt_scen_000050_00043,2026-09-01T00:15:10Z,DbConnectionPoolSaturated,kafka_broker,kafka,warning,connection_pool_usage,96.69,90.0,Database connection pool saturated
scen_000050,alt_scen_000050_00044,2026-09-01T00:15:11.494712Z,DbConnectionPoolSaturated,kafka_broker,kafka,warning,connection_pool_usage,96.69,90.0,DUPLICATE: Database connection pool saturated
scen_000050,alt_scen_000050_00045,2026-09-01T00:15:20Z,ErrorRateElevated,kafka_broker,kafka,critical,error_rate_percent,27.5,10.0,Error rate threshold exceeded
scen_000050,alt_scen_000050_00046,2026-09-01T00:15:40Z,DbConnectionPoolSaturated,kafka_broker,kafka,warning,connection_pool_usage,99.23,90.0,Database connection pool saturated
scen_000050,alt_scen_000050_00047,2026-09-01T00:15:50Z,DbConnectionPoolSaturated,kafka_broker,kafka,warning,connection_pool_usage,99.7,90.0,Database connection pool saturated
scen_000050,alt_scen_000050_00049,2026-09-01T00:16:05.883418Z,DbConnectionPoolSaturated,kafka_broker,kafka,warning,connection_pool_usage,98.83,90.0,DUPLICATE: Database connection pool saturated
scen_000050,alt_scen_000050_00048,2026-09-01T00:16:10Z,DbConnectionPoolSaturated,kafka_broker,kafka,warning,connection_pool_usage,98.83,90.0,Database connection pool saturated
scen_000050,alt_scen_000050_00050,2026-09-01T00:16:40Z,DbConnectionPoolSaturated,kafka_broker,kafka,warning,connection_pool_usage,98.48,90.0,Database connection pool saturated
scen_000050,alt_scen_000050_00051,2026-09-01T00:16:50Z,ErrorRateElevated,kafka_broker,kafka,critical,error_rate_percent,32.3,10.0,Error rate threshold exceeded
scen_000050,alt_scen_000050_00052,2026-09-01T00:17:20Z,ErrorRateElevated,kafka_broker,kafka,critical,error_rate_percent,32.36,10.0,Error rate threshold exceeded
scen_000050,alt_scen_000050_00054,2026-09-01T00:17:28.272920Z,DbConnectionPoolSaturated,kafka_broker,kafka,warning,connection_pool_usage,96.75,90.0,DUPLICATE: Database connection pool saturated
scen_000050,alt_scen_000050_00053,2026-09-01T00:17:30Z,DbConnectionPoolSaturated,kafka_broker,kafka,warning,connection_pool_usage,96.75,90.0,Database connection pool saturated
scen_000050,alt_scen_000050_00056,2026-09-01T00:17:35.884020Z,ErrorRateElevated,kafka_broker,kafka,critical,error_rate_percent,28.33,10.0,DUPLICATE: Error rate threshold exceeded
scen_000050,alt_scen_000050_00055,2026-09-01T00:17:40Z,ErrorRateElevated,kafka_broker,kafka,critical,error_rate_percent,28.33,10.0,Error rate threshold exceeded
scen_000050,alt_scen_000050_00059,2026-09-01T00:17:57.325574Z,DbConnectionPoolSaturated,kafka_broker,kafka,warning,connection_pool_usage,95.63,90.0,DUPLICATE: Database connection pool saturated
scen_000050,alt_scen_000050_00057,2026-09-01T00:18:00Z,ErrorRateElevated,kafka_broker,kafka,critical,error_rate_percent,20.43,10.0,Error rate threshold exceeded
scen_000050,alt_scen_000050_00058,2026-09-01T00:18:00Z,DbConnectionPoolSaturated,kafka_broker,kafka,warning,connection_pool_usage,95.63,90.0,Database connection pool saturated
scen_000051,alt_scen_000051_00002,2026-09-01T00:00:22Z,TransientSpikeWarning,node_08,mesh_svc_8,warning,cpu_usage_percent,78.5,75.0,Transient CPU spike detected on idle node
scen_000051,alt_scen_000051_00005,2026-09-01T00:00:50Z,TransientSpikeWarning,node_25,mesh_svc_25,warning,cpu_usage_percent,78.5,75.0,Transient CPU spike detected on idle node
scen_000051,alt_scen_000051_00006,2026-09-01T00:08:46Z,TransientSpikeWarning,node_26,mesh_svc_26,warning,cpu_usage_percent,78.5,75.0,Transient CPU spike detected on idle node
scen_000051,alt_scen_000051_00003,2026-09-01T00:10:49Z,TransientSpikeWarning,node_24,mesh_svc_24,warning,cpu_usage_percent,78.5,75.0,Transient CPU spike detected on idle node
scen_000051,alt_scen_000051_00001,2026-09-01T00:12:16Z,TransientSpikeWarning,node_11,mesh_svc_11,warning,cpu_usage_percent,78.5,75.0,Transient CPU spike detected on idle node
scen_000051,alt_scen_000051_00004,2026-09-01T00:12:31Z,TransientSpikeWarning,node_36,mesh_svc_36,warning,cpu_usage_percent,78.5,75.0,Transient CPU spike detected on idle node
scen_000052,alt_scen_000052_00004,2026-09-01T00:00:12Z,TransientSpikeWarning,consumer_6,kafka_consumer_6,warning,cpu_usage_percent,78.5,75.0,Transient CPU spike detected on idle node
scen_000052,alt_scen_000052_00001,2026-09-01T00:01:53Z,TransientSpikeWarning,consumer_9,kafka_consumer_9,warning,cpu_usage_percent,78.5,75.0,Transient CPU spike detected on idle node
scen_000052,alt_scen_000052_00003,2026-09-01T00:04:26Z,TransientSpikeWarning,consumer_21,kafka_consumer_21,warning,cpu_usage_percent,78.5,75.0,Transient CPU spike detected on idle node
scen_000052,alt_scen_000052_00002,2026-09-01T00:16:21Z,TransientSpikeWarning,consumer_12,kafka_consumer_12,warning,cpu_usage_percent,78.5,75.0,Transient CPU spike detected on idle node
scen_000053,alt_scen_000053_00001,2026-09-01T00:01:16Z,TransientSpikeWarning,sub_svc_4,sub_service_4,warning,cpu_usage_percent,78.5,75.0,Transient CPU spike detected on idle node
scen_000053,alt_scen_000053_00002,2026-09-01T00:06:52Z,TransientSpikeWarning,db_01,postgresql,warning,cpu_usage_percent,78.5,75.0,Transient CPU spike detected on idle node
scen_000053,alt_scen_000053_00005,2026-09-01T00:07:13Z,TransientSpikeWarning,sub_svc_5,sub_service_5,warning,cpu_usage_percent,78.5,75.0,Transient CPU spike detected on idle node
scen_000053,alt_scen_000053_00006,2026-09-01T00:07:33Z,TransientSpikeWarning,sub_svc_10,sub_service_10,warning,cpu_usage_percent,78.5,75.0,Transient CPU spike detected on idle node
scen_000053,alt_scen_000053_00003,2026-09-01T00:10:59Z,TransientSpikeWarning,sub_svc_6,sub_service_6,warning,cpu_usage_percent,78.5,75.0,Transient CPU spike detected on idle node
scen_000053,alt_scen_000053_00004,2026-09-01T00:13:42Z,TransientSpikeWarning,lb_01,load_balancer,warning,cpu_usage_percent,78.5,75.0,Transient CPU spike detected on idle node
scen_000054,alt_scen_000054_00001,2026-09-01T00:03:45Z,TransientSpikeWarning,consumer_21,kafka_consumer_21,warning,cpu_usage_percent,78.5,75.0,Transient CPU spike detected on idle node
scen_000054,alt_scen_000054_00004,2026-09-01T00:06:24Z,TransientSpikeWarning,db_event,mysql,warning,cpu_usage_percent,78.5,75.0,Transient CPU spike detected on idle node
scen_000054,alt_scen_000054_00002,2026-09-01T00:12:52Z,TransientSpikeWarning,consumer_33,kafka_consumer_33,warning,cpu_usage_percent,78.5,75.0,Transient CPU spike detected on idle node
scen_000054,alt_scen_000054_00003,2026-09-01T00:14:53Z,TransientSpikeWarning,consumer_11,kafka_consumer_11,warning,cpu_usage_percent,78.5,75.0,Transient CPU spike detected on idle node
scen_000055,alt_scen_000055_00002,2026-09-01T00:01:00Z,TransientSpikeWarning,lb_01,load_balancer,warning,cpu_usage_percent,78.5,75.0,Transient CPU spike detected on idle node
scen_000055,alt_scen_000055_00001,2026-09-01T00:13:11Z,TransientSpikeWarning,sub_svc_7,sub_service_7,warning,cpu_usage_percent,78.5,75.0,Transient CPU spike detected on idle node
scen_000056,alt_scen_000056_00001,2026-09-01T00:08:07Z,TransientSpikeWarning,consumer_1,kafka_consumer_1,warning,cpu_usage_percent,78.5,75.0,Transient CPU spike detected on idle node
scen_000056,alt_scen_000056_00002,2026-09-01T00:11:19Z,TransientSpikeWarning,consumer_1,kafka_consumer_1,warning,cpu_usage_percent,78.5,75.0,Transient CPU spike detected on idle node
scen_000057,alt_scen_000057_00044,2026-09-01T00:01:23Z,TransientSpikeWarning,ecom_aux_27,user_service_27,warning,cpu_usage_percent,78.5,75.0,Transient CPU spike detected on idle node
scen_000057,alt_scen_000057_00043,2026-09-01T00:02:12Z,TransientSpikeWarning,ecom_aux_12,user_service_12,warning,cpu_usage_percent,78.5,75.0,Transient CPU spike detected on idle node
scen_000057,alt_scen_000057_00001,2026-09-01T00:05:00Z,ErrorRateElevated,ecom_aux_11,user_service_11,critical,error_rate_percent,20.4,10.0,Error rate threshold exceeded
scen_000057,alt_scen_000057_00002,2026-09-01T00:05:10Z,ErrorRateElevated,ecom_aux_11,user_service_11,critical,error_rate_percent,30.65,10.0,Error rate threshold exceeded
scen_000057,alt_scen_000057_00003,2026-09-01T00:05:40Z,ErrorRateElevated,ecom_aux_11,user_service_11,critical,error_rate_percent,23.32,10.0,Error rate threshold exceeded
scen_000057,alt_scen_000057_00004,2026-09-01T00:06:00Z,ErrorRateElevated,ecom_aux_11,user_service_11,critical,error_rate_percent,39.14,10.0,Error rate threshold exceeded
scen_000057,alt_scen_000057_00005,2026-09-01T00:06:00Z,DbConnectionPoolSaturated,ecom_aux_11,user_service_11,warning,connection_pool_usage,95.36,90.0,Database connection pool saturated
scen_000057,alt_scen_000057_00007,2026-09-01T00:06:20.121512Z,ErrorRateElevated,ecom_aux_11,user_service_11,critical,error_rate_percent,35.9,10.0,DUPLICATE: Error rate threshold exceeded
scen_000057,alt_scen_000057_00006,2026-09-01T00:06:20Z,ErrorRateElevated,ecom_aux_11,user_service_11,critical,error_rate_percent,35.9,10.0,Error rate threshold exceeded
scen_000057,alt_scen_000057_00008,2026-09-01T00:06:40Z,ErrorRateElevated,ecom_aux_11,user_service_11,critical,error_rate_percent,23.88,10.0,Error rate threshold exceeded
scen_000057,alt_scen_000057_00009,2026-09-01T00:07:00Z,ErrorRateElevated,ecom_aux_11,user_service_11,critical,error_rate_percent,43.04,10.0,Error rate threshold exceeded
scen_000057,alt_scen_000057_00010,2026-09-01T00:07:30Z,ErrorRateElevated,ecom_aux_11,user_service_11,critical,error_rate_percent,44.16,10.0,Error rate threshold exceeded
scen_000057,alt_scen_000057_00011,2026-09-01T00:07:33.585698Z,ErrorRateElevated,ecom_aux_11,user_service_11,critical,error_rate_percent,44.16,10.0,DUPLICATE: Error rate threshold exceeded
scen_000057,alt_scen_000057_00012,2026-09-01T00:07:50Z,DbConnectionPoolSaturated,ecom_aux_11,user_service_11,warning,connection_pool_usage,95.59,90.0,Database connection pool saturated
scen_000057,alt_scen_000057_00013,2026-09-01T00:08:30Z,ErrorRateElevated,ecom_aux_11,user_service_11,critical,error_rate_percent,35.2,10.0,Error rate threshold exceeded
scen_000057,alt_scen_000057_00042,2026-09-01T00:08:54Z,TransientSpikeWarning,gw_01,api_gateway,warning,cpu_usage_percent,78.5,75.0,Transient CPU spike detected on idle node
scen_000057,alt_scen_000057_00014,2026-09-01T00:09:00Z,ErrorRateElevated,ecom_aux_11,user_service_11,critical,error_rate_percent,30.11,10.0,Error rate threshold exceeded
scen_000057,alt_scen_000057_00015,2026-09-01T00:09:00Z,DbConnectionPoolSaturated,ecom_aux_11,user_service_11,warning,connection_pool_usage,96.46,90.0,Database connection pool saturated
scen_000057,alt_scen_000057_00016,2026-09-01T00:09:20Z,DbConnectionPoolSaturated,ecom_aux_11,user_service_11,warning,connection_pool_usage,98.71,90.0,Database connection pool saturated
scen_000057,alt_scen_000057_00017,2026-09-01T00:09:30Z,ErrorRateElevated,ecom_aux_11,user_service_11,critical,error_rate_percent,37.98,10.0,Error rate threshold exceeded
scen_000057,alt_scen_000057_00018,2026-09-01T00:09:40Z,ErrorRateElevated,ecom_aux_11,user_service_11,critical,error_rate_percent,43.28,10.0,Error rate threshold exceeded
scen_000057,alt_scen_000057_00019,2026-09-01T00:09:50Z,DbConnectionPoolSaturated,ecom_aux_11,user_service_11,warning,connection_pool_usage,99.65,90.0,Database connection pool saturated
scen_000057,alt_scen_000057_00020,2026-09-01T00:10:40Z,DbConnectionPoolSaturated,ecom_aux_11,user_service_11,warning,connection_pool_usage,98.3,90.0,Database connection pool saturated
scen_000057,alt_scen_000057_00021,2026-09-01T00:11:00Z,ErrorRateElevated,ecom_aux_11,user_service_11,critical,error_rate_percent,24.84,10.0,Error rate threshold exceeded
scen_000057,alt_scen_000057_00022,2026-09-01T00:11:20Z,ErrorRateElevated,ecom_aux_11,user_service_11,critical,error_rate_percent,28.92,10.0,Error rate threshold exceeded
scen_000057,alt_scen_000057_00023,2026-09-01T00:11:20Z,DbConnectionPoolSaturated,ecom_aux_11,user_service_11,warning,connection_pool_usage,95.82,90.0,Database connection pool saturated
scen_000057,alt_scen_000057_00024,2026-09-01T00:11:40Z,ErrorRateElevated,ecom_aux_11,user_service_11,critical,error_rate_percent,42.47,10.0,Error rate threshold exceeded
scen_000057,alt_scen_000057_00025,2026-09-01T00:11:50Z,ErrorRateElevated,ecom_aux_11,user_service_11,critical,error_rate_percent,23.07,10.0,Error rate threshold exceeded
scen_000057,alt_scen_000057_00026,2026-09-01T00:11:50Z,DbConnectionPoolSaturated,ecom_aux_11,user_service_11,warning,connection_pool_usage,98.97,90.0,Database connection pool saturated
scen_000057,alt_scen_000057_00027,2026-09-01T00:12:10Z,ErrorRateElevated,ecom_aux_11,user_service_11,critical,error_rate_percent,35.69,10.0,Error rate threshold exceeded
scen_000057,alt_scen_000057_00028,2026-09-01T00:12:10Z,DbConnectionPoolSaturated,ecom_aux_11,user_service_11,warning,connection_pool_usage,98.74,90.0,Database connection pool saturated
scen_000057,alt_scen_000057_00029,2026-09-01T00:12:40Z,ErrorRateElevated,ecom_aux_11,user_service_11,critical,error_rate_percent,23.68,10.0,Error rate threshold exceeded
scen_000057,alt_scen_000057_00030,2026-09-01T00:12:40Z,DbConnectionPoolSaturated,ecom_aux_11,user_service_11,warning,connection_pool_usage,99.31,90.0,Database connection pool saturated
scen_000057,alt_scen_000057_00031,2026-09-01T00:13:00Z,DbConnectionPoolSaturated,ecom_aux_11,user_service_11,warning,connection_pool_usage,96.43,90.0,Database connection pool saturated
scen_000057,alt_scen_000057_00032,2026-09-01T00:13:20Z,ErrorRateElevated,ecom_aux_11,user_service_11,critical,error_rate_percent,29.07,10.0,Error rate threshold exceeded
scen_000057,alt_scen_000057_00033,2026-09-01T00:13:30Z,ErrorRateElevated,ecom_aux_11,user_service_11,critical,error_rate_percent,44.28,10.0,Error rate threshold exceeded
scen_000057,alt_scen_000057_00034,2026-09-01T00:14:00Z,DbConnectionPoolSaturated,ecom_aux_11,user_service_11,warning,connection_pool_usage,98.16,90.0,Database connection pool saturated
scen_000057,alt_scen_000057_00035,2026-09-01T00:14:30Z,ErrorRateElevated,ecom_aux_11,user_service_11,critical,error_rate_percent,29.8,10.0,Error rate threshold exceeded
scen_000057,alt_scen_000057_00036,2026-09-01T00:14:30Z,DbConnectionPoolSaturated,ecom_aux_11,user_service_11,warning,connection_pool_usage,96.61,90.0,Database connection pool saturated
scen_000057,alt_scen_000057_00037,2026-09-01T00:15:40Z,ErrorRateElevated,ecom_aux_11,user_service_11,critical,error_rate_percent,41.89,10.0,Error rate threshold exceeded
scen_000057,alt_scen_000057_00038,2026-09-01T00:15:40Z,DbConnectionPoolSaturated,ecom_aux_11,user_service_11,warning,connection_pool_usage,99.42,90.0,Database connection pool saturated
scen_000057,alt_scen_000057_00039,2026-09-01T00:16:00Z,ErrorRateElevated,ecom_aux_11,user_service_11,critical,error_rate_percent,38.34,10.0,Error rate threshold exceeded
scen_000057,alt_scen_000057_00040,2026-09-01T00:16:40Z,ErrorRateElevated,ecom_aux_11,user_service_11,critical,error_rate_percent,21.29,10.0,Error rate threshold exceeded
scen_000057,alt_scen_000057_00041,2026-09-01T00:16:50Z,DbConnectionPoolSaturated,ecom_aux_11,user_service_11,warning,connection_pool_usage,97.8,90.0,Database connection pool saturated
scen_000058,alt_scen_000058_00002,2026-09-01T00:08:54Z,TransientSpikeWarning,sub_svc_16,sub_service_16,warning,cpu_usage_percent,78.5,75.0,Transient CPU spike detected on idle node
scen_000058,alt_scen_000058_00001,2026-09-01T00:12:03Z,TransientSpikeWarning,sub_svc_2,sub_service_2,warning,cpu_usage_percent,78.5,75.0,Transient CPU spike detected on idle node
scen_000059,alt_scen_000059_00002,2026-09-01T00:01:03Z,TransientSpikeWarning,db_master,postgresql,warning,cpu_usage_percent,78.5,75.0,Transient CPU spike detected on idle node
scen_000059,alt_scen_000059_00004,2026-09-01T00:06:56Z,TransientSpikeWarning,order_01,order_service,warning,cpu_usage_percent,78.5,75.0,Transient CPU spike detected on idle node
scen_000059,alt_scen_000059_00003,2026-09-01T00:11:19Z,TransientSpikeWarning,ecom_aux_4,user_service_4,warning,cpu_usage_percent,78.5,75.0,Transient CPU spike detected on idle node
scen_000059,alt_scen_000059_00001,2026-09-01T00:14:53Z,TransientSpikeWarning,db_master,postgresql,warning,cpu_usage_percent,78.5,75.0,Transient CPU spike detected on idle node
scen_000060,alt_scen_000060_00088,2026-09-01T00:01:03Z,TransientSpikeWarning,search_node_20,search_aux_20,warning,cpu_usage_percent,78.5,75.0,Transient CPU spike detected on idle node
scen_000060,alt_scen_000060_00058,2026-09-01T00:05:30Z,CpuUtilizationHigh,search_node_28,search_aux_28,warning,cpu_usage_percent,98.47,90.0,CPU usage exceeded critical threshold
scen_000060,alt_scen_000060_00059,2026-09-01T00:05:40Z,CpuUtilizationHigh,search_node_28,search_aux_28,warning,cpu_usage_percent,100.0,90.0,CPU usage exceeded critical threshold
scen_000060,alt_scen_000060_00060,2026-09-01T00:06:50Z,CpuUtilizationHigh,search_node_28,search_aux_28,warning,cpu_usage_percent,100.0,90.0,CPU usage exceeded critical threshold
scen_000060,alt_scen_000060_00086,2026-09-01T00:07:13Z,TransientSpikeWarning,search_node_18,search_aux_18,warning,cpu_usage_percent,78.5,75.0,Transient CPU spike detected on idle node
scen_000060,alt_scen_000060_00061,2026-09-01T00:08:10Z,CpuUtilizationHigh,search_node_28,search_aux_28,warning,cpu_usage_percent,92.75,90.0,CPU usage exceeded critical threshold
scen_000060,alt_scen_000060_00062,2026-09-01T00:08:40Z,CpuUtilizationHigh,search_node_28,search_aux_28,warning,cpu_usage_percent,91.02,90.0,CPU usage exceeded critical threshold
scen_000060,alt_scen_000060_00063,2026-09-01T00:08:50Z,CpuUtilizationHigh,search_node_28,search_aux_28,warning,cpu_usage_percent,91.54,90.0,CPU usage exceeded critical threshold
scen_000060,alt_scen_000060_00064,2026-09-01T00:09:00Z,CpuUtilizationHigh,search_node_28,search_aux_28,warning,cpu_usage_percent,100.0,90.0,CPU usage exceeded critical threshold
scen_000060,alt_scen_000060_00087,2026-09-01T00:09:05Z,TransientSpikeWarning,search_node_21,search_aux_21,warning,cpu_usage_percent,78.5,75.0,Transient CPU spike detected on idle node
scen_000060,alt_scen_000060_00002,2026-09-01T00:09:10.433431Z,ErrorRateElevated,search_node_27,search_aux_27,critical,error_rate_percent,37.52,10.0,DUPLICATE: Error rate threshold exceeded
scen_000060,alt_scen_000060_00001,2026-09-01T00:09:10Z,ErrorRateElevated,search_node_27,search_aux_27,critical,error_rate_percent,37.52,10.0,Error rate threshold exceeded
scen_000060,alt_scen_000060_00003,2026-09-01T00:09:20Z,ErrorRateElevated,search_node_27,search_aux_27,critical,error_rate_percent,35.63,10.0,Error rate threshold exceeded
scen_000060,alt_scen_000060_00066,2026-09-01T00:09:29.759925Z,CpuUtilizationHigh,search_node_28,search_aux_28,warning,cpu_usage_percent,100.0,90.0,DUPLICATE: CPU usage exceeded critical threshold
scen_000060,alt_scen_000060_00065,2026-09-01T00:09:30Z,CpuUtilizationHigh,search_node_28,search_aux_28,warning,cpu_usage_percent,100.0,90.0,CPU usage exceeded critical threshold
scen_000060,alt_scen_000060_00083,2026-09-01T00:09:37Z,TransientSpikeWarning,search_node_2,search_aux_2,warning,cpu_usage_percent,78.5,75.0,Transient CPU spike detected on idle node
scen_000060,alt_scen_000060_00004,2026-09-01T00:09:50Z,DbConnectionPoolSaturated,search_node_27,search_aux_27,warning,connection_pool_usage,95.11,90.0,Database connection pool saturated
scen_000060,alt_scen_000060_00067,2026-09-01T00:09:50Z,CpuUtilizationHigh,search_node_28,search_aux_28,warning,cpu_usage_percent,100.0,90.0,CPU usage exceeded critical threshold
scen_000060,alt_scen_000060_00005,2026-09-01T00:09:53.607365Z,DbConnectionPoolSaturated,search_node_27,search_aux_27,warning,connection_pool_usage,95.11,90.0,DUPLICATE: Database connection pool saturated
scen_000060,alt_scen_000060_00068,2026-09-01T00:10:10Z,CpuUtilizationHigh,search_node_28,search_aux_28,warning,cpu_usage_percent,90.48,90.0,CPU usage exceeded critical threshold
scen_000060,alt_scen_000060_00006,2026-09-01T00:10:30Z,DbConnectionPoolSaturated,search_node_27,search_aux_27,warning,connection_pool_usage,97.99,90.0,Database connection pool saturated
scen_000060,alt_scen_000060_00069,2026-09-01T00:11:00Z,CpuUtilizationHigh,search_node_28,search_aux_28,warning,cpu_usage_percent,94.15,90.0,CPU usage exceeded critical threshold
scen_000060,alt_scen_000060_00007,2026-09-01T00:11:10Z,ErrorRateElevated,search_node_27,search_aux_27,critical,error_rate_percent,27.52,10.0,Error rate threshold exceeded
scen_000060,alt_scen_000060_00070,2026-09-01T00:11:10Z,CpuUtilizationHigh,search_node_28,search_aux_28,warning,cpu_usage_percent,100.0,90.0,CPU usage exceeded critical threshold
scen_000060,alt_scen_000060_00084,2026-09-01T00:11:19Z,TransientSpikeWarning,search_node_30,search_aux_30,warning,cpu_usage_percent,78.5,75.0,Transient CPU spike detected on idle node
scen_000060,alt_scen_000060_00008,2026-09-01T00:11:40Z,DbConnectionPoolSaturated,search_node_27,search_aux_27,warning,connection_pool_usage,97.03,90.0,Database connection pool saturated
scen_000060,alt_scen_000060_00071,2026-09-01T00:11:40Z,CpuUtilizationHigh,search_node_28,search_aux_28,warning,cpu_usage_percent,95.11,90.0,CPU usage exceeded critical threshold
scen_000060,alt_scen_000060_00072,2026-09-01T00:11:50Z,CpuUtilizationHigh,search_node_28,search_aux_28,warning,cpu_usage_percent,93.26,90.0,CPU usage exceeded critical threshold
scen_000060,alt_scen_000060_00074,2026-09-01T00:11:56.202599Z,CpuUtilizationHigh,search_node_28,search_aux_28,warning,cpu_usage_percent,98.31,90.0,DUPLICATE: CPU usage exceeded critical threshold
scen_000060,alt_scen_000060_00009,2026-09-01T00:12:00Z,DbConnectionPoolSaturated,search_node_27,search_aux_27,warning,connection_pool_usage,96.2,90.0,Database connection pool saturated
scen_000060,alt_scen_000060_00073,2026-09-01T00:12:00Z,CpuUtilizationHigh,search_node_28,search_aux_28,warning,cpu_usage_percent,98.31,90.0,CPU usage exceeded critical threshold
scen_000060,alt_scen_000060_00010,2026-09-01T00:12:10Z,DbConnectionPoolSaturated,search_node_27,search_aux_27,warning,connection_pool_usage,96.65,90.0,Database connection pool saturated
scen_000060,alt_scen_000060_00075,2026-09-01T00:12:20Z,CpuUtilizationHigh,search_node_28,search_aux_28,warning,cpu_usage_percent,97.35,90.0,CPU usage exceeded critical threshold
scen_000060,alt_scen_000060_00076,2026-09-01T00:12:50Z,CpuUtilizationHigh,search_node_28,search_aux_28,warning,cpu_usage_percent,100.0,90.0,CPU usage exceeded critical threshold
scen_000060,alt_scen_000060_00011,2026-09-01T00:13:00Z,DbConnectionPoolSaturated,search_node_27,search_aux_27,warning,connection_pool_usage,98.24,90.0,Database connection pool saturated
scen_000060,alt_scen_000060_00077,2026-09-01T00:13:10Z,CpuUtilizationHigh,search_node_28,search_aux_28,warning,cpu_usage_percent,99.68,90.0,CPU usage exceeded critical threshold
scen_000060,alt_scen_000060_00012,2026-09-01T00:13:30Z,ErrorRateElevated,search_node_27,search_aux_27,critical,error_rate_percent,40.22,10.0,Error rate threshold exceeded
scen_000060,alt_scen_000060_00015,2026-09-01T00:14:26.387068Z,DbConnectionPoolSaturated,search_node_27,search_aux_27,warning,connection_pool_usage,96.39,90.0,DUPLICATE: Database connection pool saturated
scen_000060,alt_scen_000060_00013,2026-09-01T00:14:30Z,ErrorRateElevated,search_node_27,search_aux_27,critical,error_rate_percent,23.62,10.0,Error rate threshold exceeded
scen_000060,alt_scen_000060_00014,2026-09-01T00:14:30Z,DbConnectionPoolSaturated,search_node_27,search_aux_27,warning,connection_pool_usage,96.39,90.0,Database connection pool saturated
scen_000060,alt_scen_000060_00085,2026-09-01T00:14:53Z,TransientSpikeWarning,search_node_18,search_aux_18,warning,cpu_usage_percent,78.5,75.0,Transient CPU spike detected on idle node
scen_000060,alt_scen_000060_00016,2026-09-01T00:15:10Z,DbConnectionPoolSaturated,search_node_27,search_aux_27,warning,connection_pool_usage,98.26,90.0,Database connection pool saturated
scen_000060,alt_scen_000060_00017,2026-09-01T00:15:20Z,ErrorRateElevated,search_node_27,search_aux_27,critical,error_rate_percent,41.95,10.0,Error rate threshold exceeded
scen_000060,alt_scen_000060_00078,2026-09-01T00:15:20Z,CpuUtilizationHigh,search_node_28,search_aux_28,warning,cpu_usage_percent,95.2,90.0,CPU usage exceeded critical threshold
scen_000060,alt_scen_000060_00018,2026-09-01T00:15:40Z,ErrorRateElevated,search_node_27,search_aux_27,critical,error_rate_percent,32.59,10.0,Error rate threshold exceeded
scen_000060,alt_scen_000060_00019,2026-09-01T00:15:40Z,DbConnectionPoolSaturated,search_node_27,search_aux_27,warning,connection_pool_usage,96.59,90.0,Database connection pool saturated
scen_000060,alt_scen_000060_00079,2026-09-01T00:15:50Z,CpuUtilizationHigh,search_node_28,search_aux_28,warning,cpu_usage_percent,96.0,90.0,CPU usage exceeded critical threshold
scen_000060,alt_scen_000060_00020,2026-09-01T00:16:00Z,DbConnectionPoolSaturated,search_node_27,search_aux_27,warning,connection_pool_usage,99.46,90.0,Database connection pool saturated
scen_000060,alt_scen_000060_00021,2026-09-01T00:16:03.614026Z,DbConnectionPoolSaturated,search_node_27,search_aux_27,warning,connection_pool_usage,99.46,90.0,DUPLICATE: Database connection pool saturated
scen_000060,alt_scen_000060_00022,2026-09-01T00:16:10Z,DbConnectionPoolSaturated,search_node_27,search_aux_27,warning,connection_pool_usage,97.83,90.0,Database connection pool saturated
scen_000060,alt_scen_000060_00023,2026-09-01T00:16:30Z,ErrorRateElevated,search_node_27,search_aux_27,critical,error_rate_percent,30.59,10.0,Error rate threshold exceeded
scen_000060,alt_scen_000060_00024,2026-09-01T00:16:30Z,DbConnectionPoolSaturated,search_node_27,search_aux_27,warning,connection_pool_usage,95.11,90.0,Database connection pool saturated
scen_000060,alt_scen_000060_00026,2026-09-01T00:16:35.515374Z,ErrorRateElevated,search_node_27,search_aux_27,critical,error_rate_percent,39.22,10.0,DUPLICATE: Error rate threshold exceeded
scen_000060,alt_scen_000060_00025,2026-09-01T00:16:40Z,ErrorRateElevated,search_node_27,search_aux_27,critical,error_rate_percent,39.22,10.0,Error rate threshold exceeded
scen_000060,alt_scen_000060_00080,2026-09-01T00:16:40Z,CpuUtilizationHigh,search_node_28,search_aux_28,warning,cpu_usage_percent,93.3,90.0,CPU usage exceeded critical threshold
scen_000060,alt_scen_000060_00027,2026-09-01T00:16:50Z,ErrorRateElevated,search_node_27,search_aux_27,critical,error_rate_percent,43.49,10.0,Error rate threshold exceeded
scen_000060,alt_scen_000060_00028,2026-09-01T00:17:10Z,ErrorRateElevated,search_node_27,search_aux_27,critical,error_rate_percent,37.4,10.0,Error rate threshold exceeded
scen_000060,alt_scen_000060_00030,2026-09-01T00:17:10Z,DbConnectionPoolSaturated,search_node_27,search_aux_27,warning,connection_pool_usage,97.64,90.0,Database connection pool saturated
scen_000060,alt_scen_000060_00081,2026-09-01T00:17:10Z,CpuUtilizationHigh,search_node_28,search_aux_28,warning,cpu_usage_percent,91.32,90.0,CPU usage exceeded critical threshold
scen_000060,alt_scen_000060_00029,2026-09-01T00:17:14.151112Z,ErrorRateElevated,search_node_27,search_aux_27,critical,error_rate_percent,37.4,10.0,DUPLICATE: Error rate threshold exceeded
scen_000060,alt_scen_000060_00082,2026-09-01T00:17:40Z,CpuUtilizationHigh,search_node_28,search_aux_28,warning,cpu_usage_percent,97.32,90.0,CPU usage exceeded critical threshold
scen_000060,alt_scen_000060_00031,2026-09-01T00:17:50Z,DbConnectionPoolSaturated,search_node_27,search_aux_27,warning,connection_pool_usage,97.9,90.0,Database connection pool saturated
scen_000060,alt_scen_000060_00032,2026-09-01T00:18:00Z,ErrorRateElevated,search_node_27,search_aux_27,critical,error_rate_percent,38.34,10.0,Error rate threshold exceeded
scen_000060,alt_scen_000060_00033,2026-09-01T00:18:00Z,DbConnectionPoolSaturated,search_node_27,search_aux_27,warning,connection_pool_usage,99.98,90.0,Database connection pool saturated
scen_000060,alt_scen_000060_00034,2026-09-01T00:18:30Z,DbConnectionPoolSaturated,search_node_27,search_aux_27,warning,connection_pool_usage,97.88,90.0,Database connection pool saturated
scen_000060,alt_scen_000060_00035,2026-09-01T00:19:10Z,ErrorRateElevated,search_node_27,search_aux_27,critical,error_rate_percent,34.12,10.0,Error rate threshold exceeded
scen_000060,alt_scen_000060_00036,2026-09-01T00:19:30Z,DbConnectionPoolSaturated,search_node_27,search_aux_27,warning,connection_pool_usage,99.72,90.0,Database connection pool saturated
scen_000060,alt_scen_000060_00037,2026-09-01T00:19:40Z,DbConnectionPoolSaturated,search_node_27,search_aux_27,warning,connection_pool_usage,99.76,90.0,Database connection pool saturated
scen_000060,alt_scen_000060_00038,2026-09-01T00:20:10Z,DbConnectionPoolSaturated,search_node_27,search_aux_27,warning,connection_pool_usage,95.41,90.0,Database connection pool saturated
scen_000060,alt_scen_000060_00039,2026-09-01T00:20:40Z,DbConnectionPoolSaturated,search_node_27,search_aux_27,warning,connection_pool_usage,95.64,90.0,Database connection pool saturated
scen_000060,alt_scen_000060_00040,2026-09-01T00:20:50Z,ErrorRateElevated,search_node_27,search_aux_27,critical,error_rate_percent,34.74,10.0,Error rate threshold exceeded
scen_000060,alt_scen_000060_00042,2026-09-01T00:20:55.577261Z,DbConnectionPoolSaturated,search_node_27,search_aux_27,warning,connection_pool_usage,95.37,90.0,DUPLICATE: Database connection pool saturated
scen_000060,alt_scen_000060_00041,2026-09-01T00:21:00Z,DbConnectionPoolSaturated,search_node_27,search_aux_27,warning,connection_pool_usage,95.37,90.0,Database connection pool saturated
scen_000060,alt_scen_000060_00043,2026-09-01T00:21:10Z,DbConnectionPoolSaturated,search_node_27,search_aux_27,warning,connection_pool_usage,98.85,90.0,Database connection pool saturated
scen_000060,alt_scen_000060_00044,2026-09-01T00:21:30Z,DbConnectionPoolSaturated,search_node_27,search_aux_27,warning,connection_pool_usage,96.9,90.0,Database connection pool saturated
scen_000060,alt_scen_000060_00046,2026-09-01T00:21:49.624163Z,ErrorRateElevated,search_node_27,search_aux_27,critical,error_rate_percent,24.19,10.0,DUPLICATE: Error rate threshold exceeded
scen_000060,alt_scen_000060_00045,2026-09-01T00:21:50Z,ErrorRateElevated,search_node_27,search_aux_27,critical,error_rate_percent,24.19,10.0,Error rate threshold exceeded
scen_000060,alt_scen_000060_00048,2026-09-01T00:21:57.145133Z,ErrorRateElevated,search_node_27,search_aux_27,critical,error_rate_percent,44.76,10.0,DUPLICATE: Error rate threshold exceeded
scen_000060,alt_scen_000060_00047,2026-09-01T00:22:00Z,ErrorRateElevated,search_node_27,search_aux_27,critical,error_rate_percent,44.76,10.0,Error rate threshold exceeded
scen_000060,alt_scen_000060_00049,2026-09-01T00:22:10Z,DbConnectionPoolSaturated,search_node_27,search_aux_27,warning,connection_pool_usage,95.11,90.0,Database connection pool saturated
scen_000060,alt_scen_000060_00050,2026-09-01T00:22:20Z,ErrorRateElevated,search_node_27,search_aux_27,critical,error_rate_percent,38.96,10.0,Error rate threshold exceeded
scen_000060,alt_scen_000060_00051,2026-09-01T00:22:30Z,ErrorRateElevated,search_node_27,search_aux_27,critical,error_rate_percent,39.12,10.0,Error rate threshold exceeded
scen_000060,alt_scen_000060_00052,2026-09-01T00:22:31.892745Z,ErrorRateElevated,search_node_27,search_aux_27,critical,error_rate_percent,39.12,10.0,DUPLICATE: Error rate threshold exceeded
scen_000060,alt_scen_000060_00053,2026-09-01T00:24:00Z,DbConnectionPoolSaturated,search_node_27,search_aux_27,warning,connection_pool_usage,95.94,90.0,Database connection pool saturated
scen_000060,alt_scen_000060_00054,2026-09-01T00:25:10Z,ErrorRateElevated,search_node_27,search_aux_27,critical,error_rate_percent,22.66,10.0,Error rate threshold exceeded
scen_000060,alt_scen_000060_00055,2026-09-01T00:26:20Z,DbConnectionPoolSaturated,search_node_27,search_aux_27,warning,connection_pool_usage,98.44,90.0,Database connection pool saturated
scen_000060,alt_scen_000060_00056,2026-09-01T00:26:30Z,DbConnectionPoolSaturated,search_node_27,search_aux_27,warning,connection_pool_usage,96.43,90.0,Database connection pool saturated
scen_000060,alt_scen_000060_00057,2026-09-01T00:26:31.729365Z,DbConnectionPoolSaturated,search_node_27,search_aux_27,warning,connection_pool_usage,96.43,90.0,DUPLICATE: Database connection pool saturated
scen_000061,alt_scen_000061_00020,2026-09-01T00:04:56Z,TransientSpikeWarning,ecom_aux_21,user_service_21,warning,cpu_usage_percent,78.5,75.0,Transient CPU spike detected on idle node
scen_000061,alt_scen_000061_00001,2026-09-01T00:05:10Z,CpuUtilizationHigh,ecom_aux_4,user_service_4,warning,cpu_usage_percent,100.0,90.0,CPU usage exceeded critical threshold
scen_000061,alt_scen_000061_00003,2026-09-01T00:06:35.374228Z,CpuUtilizationHigh,ecom_aux_4,user_service_4,warning,cpu_usage_percent,98.65,90.0,DUPLICATE: CPU usage exceeded critical threshold
scen_000061,alt_scen_000061_00002,2026-09-01T00:06:40Z,CpuUtilizationHigh,ecom_aux_4,user_service_4,warning,cpu_usage_percent,98.65,90.0,CPU usage exceeded critical threshold
scen_000061,alt_scen_000061_00017,2026-09-01T00:08:03Z,TransientSpikeWarning,ecom_aux_18,user_service_18,warning,cpu_usage_percent,78.5,75.0,Transient CPU spike detected on idle node
scen_000061,alt_scen_000061_00004,2026-09-01T00:10:00Z,CpuUtilizationHigh,ecom_aux_4,user_service_4,warning,cpu_usage_percent,96.1,90.0,CPU usage exceeded critical threshold
scen_000061,alt_scen_000061_00005,2026-09-01T00:10:20Z,CpuUtilizationHigh,ecom_aux_4,user_service_4,warning,cpu_usage_percent,99.25,90.0,CPU usage exceeded critical threshold
scen_000061,alt_scen_000061_00007,2026-09-01T00:10:38.174179Z,CpuUtilizationHigh,ecom_aux_4,user_service_4,warning,cpu_usage_percent,90.56,90.0,DUPLICATE: CPU usage exceeded critical threshold
scen_000061,alt_scen_000061_00006,2026-09-01T00:10:40Z,CpuUtilizationHigh,ecom_aux_4,user_service_4,warning,cpu_usage_percent,90.56,90.0,CPU usage exceeded critical threshold
scen_000061,alt_scen_000061_00008,2026-09-01T00:10:50Z,CpuUtilizationHigh,ecom_aux_4,user_service_4,warning,cpu_usage_percent,100.0,90.0,CPU usage exceeded critical threshold
scen_000061,alt_scen_000061_00018,2026-09-01T00:12:11Z,TransientSpikeWarning,ecom_aux_23,user_service_23,warning,cpu_usage_percent,78.5,75.0,Transient CPU spike detected on idle node
scen_000061,alt_scen_000061_00010,2026-09-01T00:12:19.334864Z,CpuUtilizationHigh,ecom_aux_4,user_service_4,warning,cpu_usage_percent,100.0,90.0,DUPLICATE: CPU usage exceeded critical threshold
scen_000061,alt_scen_000061_00009,2026-09-01T00:12:20Z,CpuUtilizationHigh,ecom_aux_4,user_service_4,warning,cpu_usage_percent,100.0,90.0,CPU usage exceeded critical threshold
scen_000061,alt_scen_000061_00011,2026-09-01T00:12:50Z,CpuUtilizationHigh,ecom_aux_4,user_service_4,warning,cpu_usage_percent,100.0,90.0,CPU usage exceeded critical threshold
scen_000061,alt_scen_000061_00012,2026-09-01T00:13:10Z,CpuUtilizationHigh,ecom_aux_4,user_service_4,warning,cpu_usage_percent,95.87,90.0,CPU usage exceeded critical threshold
scen_000061,alt_scen_000061_00013,2026-09-01T00:13:20Z,CpuUtilizationHigh,ecom_aux_4,user_service_4,warning,cpu_usage_percent,100.0,90.0,CPU usage exceeded critical threshold
scen_000061,alt_scen_000061_00014,2026-09-01T00:13:30Z,CpuUtilizationHigh,ecom_aux_4,user_service_4,warning,cpu_usage_percent,100.0,90.0,CPU usage exceeded critical threshold
scen_000061,alt_scen_000061_00015,2026-09-01T00:14:30Z,CpuUtilizationHigh,ecom_aux_4,user_service_4,warning,cpu_usage_percent,100.0,90.0,CPU usage exceeded critical threshold
scen_000061,alt_scen_000061_00016,2026-09-01T00:14:50Z,CpuUtilizationHigh,ecom_aux_4,user_service_4,warning,cpu_usage_percent,100.0,90.0,CPU usage exceeded critical threshold
scen_000061,alt_scen_000061_00019,2026-09-01T00:16:39Z,TransientSpikeWarning,gw_01,api_gateway,warning,cpu_usage_percent,78.5,75.0,Transient CPU spike detected on idle node
scen_000062,alt_scen_000062_00001,2026-09-01T00:07:04Z,TransientSpikeWarning,node_11,mesh_svc_11,warning,cpu_usage_percent,78.5,75.0,Transient CPU spike detected on idle node
scen_000062,alt_scen_000062_00004,2026-09-01T00:07:43Z,TransientSpikeWarning,node_04,mesh_svc_4,warning,cpu_usage_percent,78.5,75.0,Transient CPU spike detected on idle node
scen_000062,alt_scen_000062_00002,2026-09-01T00:12:19Z,TransientSpikeWarning,node_08,mesh_svc_8,warning,cpu_usage_percent,78.5,75.0,Transient CPU spike detected on idle node
scen_000062,alt_scen_000062_00003,2026-09-01T00:15:19Z,TransientSpikeWarning,node_11,mesh_svc_11,warning,cpu_usage_percent,78.5,75.0,Transient CPU spike detected on idle node
scen_000063,alt_scen_000063_00002,2026-09-01T00:00:52Z,TransientSpikeWarning,gw_01,api_gateway,warning,cpu_usage_percent,78.5,75.0,Transient CPU spike detected on idle node
scen_000063,alt_scen_000063_00001,2026-09-01T00:04:49Z,TransientSpikeWarning,sub_svc_15,sub_service_15,warning,cpu_usage_percent,78.5,75.0,Transient CPU spike detected on idle node
scen_000064,alt_scen_000064_00001,2026-09-01T00:00:11Z,TransientSpikeWarning,search_node_12,search_aux_12,warning,cpu_usage_percent,78.5,75.0,Transient CPU spike detected on idle node
scen_000064,alt_scen_000064_00002,2026-09-01T00:05:54Z,TransientSpikeWarning,redis_01,redis,warning,cpu_usage_percent,78.5,75.0,Transient CPU spike detected on idle node
scen_000064,alt_scen_000064_00003,2026-09-01T00:08:06Z,TransientSpikeWarning,search_node_26,search_aux_26,warning,cpu_usage_percent,78.5,75.0,Transient CPU spike detected on idle node
scen_000065,alt_scen_000065_00001,2026-09-01T00:13:14Z,TransientSpikeWarning,consumer_13,kafka_consumer_13,warning,cpu_usage_percent,78.5,75.0,Transient CPU spike detected on idle node
scen_000065,alt_scen_000065_00002,2026-09-01T00:15:47Z,TransientSpikeWarning,consumer_4,kafka_consumer_4,warning,cpu_usage_percent,78.5,75.0,Transient CPU spike detected on idle node
scen_000066,alt_scen_000066_00001,2026-09-01T00:05:52Z,TransientSpikeWarning,node_07,mesh_svc_7,warning,cpu_usage_percent,78.5,75.0,Transient CPU spike detected on idle node
scen_000066,alt_scen_000066_00002,2026-09-01T00:15:58Z,TransientSpikeWarning,node_00,mesh_svc_0,warning,cpu_usage_percent,78.5,75.0,Transient CPU spike detected on idle node
scen_000067,alt_scen_000067_00076,2026-09-01T00:00:58Z,TransientSpikeWarning,consumer_4,kafka_consumer_4,warning,cpu_usage_percent,78.5,75.0,Transient CPU spike detected on idle node
scen_000067,alt_scen_000067_00075,2026-09-01T00:01:49Z,TransientSpikeWarning,notif_01,notification_service,warning,cpu_usage_percent,78.5,75.0,Transient CPU spike detected on idle node
scen_000067,alt_scen_000067_00001,2026-09-01T00:05:00Z,ErrorRateElevated,db_event,mysql,critical,error_rate_percent,32.05,10.0,Error rate threshold exceeded
scen_000067,alt_scen_000067_00002,2026-09-01T00:05:00Z,DbConnectionPoolSaturated,db_event,mysql,warning,connection_pool_usage,99.14,90.0,Database connection pool saturated
scen_000067,alt_scen_000067_00003,2026-09-01T00:05:50Z,ErrorRateElevated,db_event,mysql,critical,error_rate_percent,32.98,10.0,Error rate threshold exceeded
scen_000067,alt_scen_000067_00004,2026-09-01T00:06:00Z,DbConnectionPoolSaturated,db_event,mysql,warning,connection_pool_usage,99.39,90.0,Database connection pool saturated
scen_000067,alt_scen_000067_00077,2026-09-01T00:06:04Z,TransientSpikeWarning,consumer_3,kafka_consumer_3,warning,cpu_usage_percent,78.5,75.0,Transient CPU spike detected on idle node
scen_000067,alt_scen_000067_00005,2026-09-01T00:06:10Z,ErrorRateElevated,db_event,mysql,critical,error_rate_percent,25.95,10.0,Error rate threshold exceeded
scen_000067,alt_scen_000067_00006,2026-09-01T00:06:10Z,DbConnectionPoolSaturated,db_event,mysql,warning,connection_pool_usage,97.57,90.0,Database connection pool saturated
scen_000067,alt_scen_000067_00008,2026-09-01T00:06:20.274792Z,ErrorRateElevated,db_event,mysql,critical,error_rate_percent,39.3,10.0,DUPLICATE: Error rate threshold exceeded
scen_000067,alt_scen_000067_00007,2026-09-01T00:06:20Z,ErrorRateElevated,db_event,mysql,critical,error_rate_percent,39.3,10.0,Error rate threshold exceeded
scen_000067,alt_scen_000067_00009,2026-09-01T00:06:40Z,DbConnectionPoolSaturated,db_event,mysql,warning,connection_pool_usage,98.17,90.0,Database connection pool saturated
scen_000067,alt_scen_000067_00010,2026-09-01T00:06:42.371007Z,DbConnectionPoolSaturated,db_event,mysql,warning,connection_pool_usage,98.17,90.0,DUPLICATE: Database connection pool saturated
scen_000067,alt_scen_000067_00011,2026-09-01T00:06:50Z,ErrorRateElevated,db_event,mysql,critical,error_rate_percent,31.4,10.0,Error rate threshold exceeded
scen_000067,alt_scen_000067_00012,2026-09-01T00:07:10Z,ErrorRateElevated,db_event,mysql,critical,error_rate_percent,36.76,10.0,Error rate threshold exceeded
scen_000067,alt_scen_000067_00013,2026-09-01T00:07:40Z,DbConnectionPoolSaturated,db_event,mysql,warning,connection_pool_usage,98.66,90.0,Database connection pool saturated
scen_000067,alt_scen_000067_00014,2026-09-01T00:07:50Z,ErrorRateElevated,db_event,mysql,critical,error_rate_percent,36.52,10.0,Error rate threshold exceeded
scen_000067,alt_scen_000067_00016,2026-09-01T00:08:00.678445Z,DbConnectionPoolSaturated,db_event,mysql,warning,connection_pool_usage,99.69,90.0,DUPLICATE: Database connection pool saturated
scen_000067,alt_scen_000067_00015,2026-09-01T00:08:00Z,DbConnectionPoolSaturated,db_event,mysql,warning,connection_pool_usage,99.69,90.0,Database connection pool saturated
scen_000067,alt_scen_000067_00017,2026-09-01T00:08:20Z,DbConnectionPoolSaturated,db_event,mysql,warning,connection_pool_usage,97.66,90.0,Database connection pool saturated
scen_000067,alt_scen_000067_00018,2026-09-01T00:08:40Z,ErrorRateElevated,db_event,mysql,critical,error_rate_percent,22.63,10.0,Error rate threshold exceeded
scen_000067,alt_scen_000067_00079,2026-09-01T00:08:44Z,TransientSpikeWarning,consumer_6,kafka_consumer_6,warning,cpu_usage_percent,78.5,75.0,Transient CPU spike detected on idle node
scen_000067,alt_scen_000067_00019,2026-09-01T00:09:10Z,ErrorRateElevated,db_event,mysql,critical,error_rate_percent,44.34,10.0,Error rate threshold exceeded
scen_000067,alt_scen_000067_00020,2026-09-01T00:09:30Z,ErrorRateElevated,db_event,mysql,critical,error_rate_percent,22.4,10.0,Error rate threshold exceeded
scen_000067,alt_scen_000067_00022,2026-09-01T00:09:30Z,DbConnectionPoolSaturated,db_event,mysql,warning,connection_pool_usage,97.03,90.0,Database connection pool saturated
scen_000067,alt_scen_000067_00021,2026-09-01T00:09:33.513022Z,ErrorRateElevated,db_event,mysql,critical,error_rate_percent,22.4,10.0,DUPLICATE: Error rate threshold exceeded
scen_000067,alt_scen_000067_00024,2026-09-01T00:09:55.204096Z,DbConnectionPoolSaturated,db_event,mysql,warning,connection_pool_usage,97.27,90.0,DUPLICATE: Database connection pool saturated
scen_000067,alt_scen_000067_00023,2026-09-01T00:10:00Z,DbConnectionPoolSaturated,db_event,mysql,warning,connection_pool_usage,97.27,90.0,Database connection pool saturated
scen_000067,alt_scen_000067_00078,2026-09-01T00:11:06Z,TransientSpikeWarning,consumer_5,kafka_consumer_5,warning,cpu_usage_percent,78.5,75.0,Transient CPU spike detected on idle node
scen_000067,alt_scen_000067_00025,2026-09-01T00:11:20Z,ErrorRateElevated,db_event,mysql,critical,error_rate_percent,27.84,10.0,Error rate threshold exceeded
scen_000067,alt_scen_000067_00026,2026-09-01T00:11:40Z,ErrorRateElevated,db_event,mysql,critical,error_rate_percent,35.32,10.0,Error rate threshold exceeded
scen_000067,alt_scen_000067_00027,2026-09-01T00:12:00Z,ErrorRateElevated,db_event,mysql,critical,error_rate_percent,22.55,10.0,Error rate threshold exceeded
scen_000067,alt_scen_000067_00028,2026-09-01T00:12:00Z,DbConnectionPoolSaturated,db_event,mysql,warning,connection_pool_usage,97.52,90.0,Database connection pool saturated
scen_000067,alt_scen_000067_00029,2026-09-01T00:12:10Z,DbConnectionPoolSaturated,db_event,mysql,warning,connection_pool_usage,99.97,90.0,Database connection pool saturated
scen_000067,alt_scen_000067_00030,2026-09-01T00:12:30Z,DbConnectionPoolSaturated,db_event,mysql,warning,connection_pool_usage,98.01,90.0,Database connection pool saturated
scen_000067,alt_scen_000067_00031,2026-09-01T00:12:50Z,DbConnectionPoolSaturated,db_event,mysql,warning,connection_pool_usage,99.82,90.0,Database connection pool saturated
scen_000067,alt_scen_000067_00032,2026-09-01T00:13:40Z,ErrorRateElevated,db_event,mysql,critical,error_rate_percent,30.21,10.0,Error rate threshold exceeded
scen_000067,alt_scen_000067_00033,2026-09-01T00:13:40Z,DbConnectionPoolSaturated,db_event,mysql,warning,connection_pool_usage,97.55,90.0,Database connection pool saturated
scen_000067,alt_scen_000067_00034,2026-09-01T00:14:00Z,ErrorRateElevated,db_event,mysql,critical,error_rate_percent,21.58,10.0,Error rate threshold exceeded
scen_000067,alt_scen_000067_00035,2026-09-01T00:14:30Z,DbConnectionPoolSaturated,db_event,mysql,warning,connection_pool_usage,97.24,90.0,Database connection pool saturated
scen_000067,alt_scen_000067_00036,2026-09-01T00:14:40Z,ErrorRateElevated,db_event,mysql,critical,error_rate_percent,44.89,10.0,Error rate threshold exceeded
scen_000067,alt_scen_000067_00037,2026-09-01T00:14:40Z,DbConnectionPoolSaturated,db_event,mysql,warning,connection_pool_usage,98.96,90.0,Database connection pool saturated
scen_000067,alt_scen_000067_00038,2026-09-01T00:15:20Z,ErrorRateElevated,db_event,mysql,critical,error_rate_percent,26.6,10.0,Error rate threshold exceeded
scen_000067,alt_scen_000067_00039,2026-09-01T00:15:40Z,ErrorRateElevated,db_event,mysql,critical,error_rate_percent,33.48,10.0,Error rate threshold exceeded
scen_000067,alt_scen_000067_00040,2026-09-01T00:15:40Z,DbConnectionPoolSaturated,db_event,mysql,warning,connection_pool_usage,96.42,90.0,Database connection pool saturated
scen_000067,alt_scen_000067_00041,2026-09-01T00:16:00Z,ErrorRateElevated,db_event,mysql,critical,error_rate_percent,40.18,10.0,Error rate threshold exceeded
scen_000067,alt_scen_000067_00042,2026-09-01T00:16:00Z,DbConnectionPoolSaturated,db_event,mysql,warning,connection_pool_usage,95.88,90.0,Database connection pool saturated
scen_000067,alt_scen_000067_00043,2026-09-01T00:16:10Z,DbConnectionPoolSaturated,db_event,mysql,warning,connection_pool_usage,99.17,90.0,Database connection pool saturated
scen_000067,alt_scen_000067_00044,2026-09-01T00:16:20Z,ErrorRateElevated,db_event,mysql,critical,error_rate_percent,23.58,10.0,Error rate threshold exceeded
scen_000067,alt_scen_000067_00046,2026-09-01T00:16:45.540967Z,DbConnectionPoolSaturated,db_event,mysql,warning,connection_pool_usage,98.79,90.0,DUPLICATE: Database connection pool saturated
scen_000067,alt_scen_000067_00045,2026-09-01T00:16:50Z,DbConnectionPoolSaturated,db_event,mysql,warning,connection_pool_usage,98.79,90.0,Database connection pool saturated
scen_000067,alt_scen_000067_00047,2026-09-01T00:17:10Z,ErrorRateElevated,db_event,mysql,critical,error_rate_percent,32.39,10.0,Error rate threshold exceeded
scen_000067,alt_scen_000067_00048,2026-09-01T00:17:10Z,DbConnectionPoolSaturated,db_event,mysql,warning,connection_pool_usage,95.9,90.0,Database connection pool saturated
scen_000067,alt_scen_000067_00049,2026-09-01T00:17:20Z,DbConnectionPoolSaturated,db_event,mysql,warning,connection_pool_usage,99.94,90.0,Database connection pool saturated
scen_000067,alt_scen_000067_00050,2026-09-01T00:17:30Z,DbConnectionPoolSaturated,db_event,mysql,warning,connection_pool_usage,97.67,90.0,Database connection pool saturated
scen_000067,alt_scen_000067_00051,2026-09-01T00:17:32.360844Z,DbConnectionPoolSaturated,db_event,mysql,warning,connection_pool_usage,97.67,90.0,DUPLICATE: Database connection pool saturated
scen_000067,alt_scen_000067_00054,2026-09-01T00:17:36.922666Z,DbConnectionPoolSaturated,db_event,mysql,warning,connection_pool_usage,98.94,90.0,DUPLICATE: Database connection pool saturated
scen_000067,alt_scen_000067_00052,2026-09-01T00:17:40Z,ErrorRateElevated,db_event,mysql,critical,error_rate_percent,42.35,10.0,Error rate threshold exceeded
scen_000067,alt_scen_000067_00053,2026-09-01T00:17:40Z,DbConnectionPoolSaturated,db_event,mysql,warning,connection_pool_usage,98.94,90.0,Database connection pool saturated
scen_000067,alt_scen_000067_00055,2026-09-01T00:18:20Z,ErrorRateElevated,db_event,mysql,critical,error_rate_percent,29.99,10.0,Error rate threshold exceeded
scen_000067,alt_scen_000067_00056,2026-09-01T00:18:40Z,ErrorRateElevated,db_event,mysql,critical,error_rate_percent,26.17,10.0,Error rate threshold exceeded
scen_000067,alt_scen_000067_00057,2026-09-01T00:19:10Z,DbConnectionPoolSaturated,db_event,mysql,warning,connection_pool_usage,96.86,90.0,Database connection pool saturated
scen_000067,alt_scen_000067_00058,2026-09-01T00:19:20Z,DbConnectionPoolSaturated,db_event,mysql,warning,connection_pool_usage,97.88,90.0,Database connection pool saturated
scen_000067,alt_scen_000067_00059,2026-09-01T00:19:40Z,DbConnectionPoolSaturated,db_event,mysql,warning,connection_pool_usage,97.29,90.0,Database connection pool saturated
scen_000067,alt_scen_000067_00060,2026-09-01T00:20:40Z,DbConnectionPoolSaturated,db_event,mysql,warning,connection_pool_usage,98.45,90.0,Database connection pool saturated
scen_000067,alt_scen_000067_00061,2026-09-01T00:21:00Z,DbConnectionPoolSaturated,db_event,mysql,warning,connection_pool_usage,98.03,90.0,Database connection pool saturated
scen_000067,alt_scen_000067_00063,2026-09-01T00:21:50.459271Z,ErrorRateElevated,db_event,mysql,critical,error_rate_percent,37.46,10.0,DUPLICATE: Error rate threshold exceeded
scen_000067,alt_scen_000067_00062,2026-09-01T00:21:50Z,ErrorRateElevated,db_event,mysql,critical,error_rate_percent,37.46,10.0,Error rate threshold exceeded
scen_000067,alt_scen_000067_00064,2026-09-01T00:22:00Z,ErrorRateElevated,db_event,mysql,critical,error_rate_percent,42.92,10.0,Error rate threshold exceeded
scen_000067,alt_scen_000067_00065,2026-09-01T00:22:00Z,DbConnectionPoolSaturated,db_event,mysql,warning,connection_pool_usage,99.61,90.0,Database connection pool saturated
scen_000067,alt_scen_000067_00066,2026-09-01T00:22:20Z,ErrorRateElevated,db_event,mysql,critical,error_rate_percent,20.16,10.0,Error rate threshold exceeded
scen_000067,alt_scen_000067_00067,2026-09-01T00:22:40Z,DbConnectionPoolSaturated,db_event,mysql,warning,connection_pool_usage,98.42,90.0,Database connection pool saturated
scen_000067,alt_scen_000067_00068,2026-09-01T00:23:20Z,ErrorRateElevated,db_event,mysql,critical,error_rate_percent,28.68,10.0,Error rate threshold exceeded
scen_000067,alt_scen_000067_00069,2026-09-01T00:23:40Z,ErrorRateElevated,db_event,mysql,critical,error_rate_percent,24.07,10.0,Error rate threshold exceeded
scen_000067,alt_scen_000067_00070,2026-09-01T00:24:10Z,ErrorRateElevated,db_event,mysql,critical,error_rate_percent,28.28,10.0,Error rate threshold exceeded
scen_000067,alt_scen_000067_00071,2026-09-01T00:24:30Z,DbConnectionPoolSaturated,db_event,mysql,warning,connection_pool_usage,99.84,90.0,Database connection pool saturated
scen_000067,alt_scen_000067_00072,2026-09-01T00:24:40Z,DbConnectionPoolSaturated,db_event,mysql,warning,connection_pool_usage,96.1,90.0,Database connection pool saturated
scen_000067,alt_scen_000067_00073,2026-09-01T00:24:44.815952Z,DbConnectionPoolSaturated,db_event,mysql,warning,connection_pool_usage,96.1,90.0,DUPLICATE: Database connection pool saturated
scen_000067,alt_scen_000067_00074,2026-09-01T00:24:50Z,ErrorRateElevated,db_event,mysql,critical,error_rate_percent,30.78,10.0,Error rate threshold exceeded
scen_000068,alt_scen_000068_00002,2026-09-01T00:10:23Z,TransientSpikeWarning,ecom_aux_3,user_service_3,warning,cpu_usage_percent,78.5,75.0,Transient CPU spike detected on idle node
scen_000068,alt_scen_000068_00001,2026-09-01T00:10:37Z,TransientSpikeWarning,ecom_aux_14,user_service_14,warning,cpu_usage_percent,78.5,75.0,Transient CPU spike detected on idle node
scen_000069,alt_scen_000069_00002,2026-09-01T00:01:05Z,TransientSpikeWarning,consumer_20,kafka_consumer_20,warning,cpu_usage_percent,78.5,75.0,Transient CPU spike detected on idle node
scen_000069,alt_scen_000069_00004,2026-09-01T00:09:30Z,TransientSpikeWarning,consumer_3,kafka_consumer_3,warning,cpu_usage_percent,78.5,75.0,Transient CPU spike detected on idle node
scen_000069,alt_scen_000069_00001,2026-09-01T00:11:46Z,TransientSpikeWarning,ingest_01,ingestion_gateway,warning,cpu_usage_percent,78.5,75.0,Transient CPU spike detected on idle node
scen_000069,alt_scen_000069_00005,2026-09-01T00:14:15Z,TransientSpikeWarning,consumer_1,kafka_consumer_1,warning,cpu_usage_percent,78.5,75.0,Transient CPU spike detected on idle node
scen_000069,alt_scen_000069_00003,2026-09-01T00:15:30Z,TransientSpikeWarning,consumer_20,kafka_consumer_20,warning,cpu_usage_percent,78.5,75.0,Transient CPU spike detected on idle node
scen_000070,alt_scen_000070_00001,2026-09-01T00:08:31Z,TransientSpikeWarning,ecom_aux_1,user_service_1,warning,cpu_usage_percent,78.5,75.0,Transient CPU spike detected on idle node
scen_000070,alt_scen_000070_00002,2026-09-01T00:16:13Z,TransientSpikeWarning,pay_01,payment_service,warning,cpu_usage_percent,78.5,75.0,Transient CPU spike detected on idle node
scen_000071,alt_scen_000071_00001,2026-09-01T00:05:00Z,DbConnectionPoolSaturated,node_25,mesh_svc_25,warning,connection_pool_usage,99.35,90.0,Database connection pool saturated
scen_000071,alt_scen_000071_00002,2026-09-01T00:05:30Z,DbConnectionPoolSaturated,node_25,mesh_svc_25,warning,connection_pool_usage,97.23,90.0,Database connection pool saturated
scen_000071,alt_scen_000071_00003,2026-09-01T00:06:10Z,DbConnectionPoolSaturated,node_25,mesh_svc_25,warning,connection_pool_usage,97.58,90.0,Database connection pool saturated
scen_000071,alt_scen_000071_00006,2026-09-01T00:06:28.623590Z,DbConnectionPoolSaturated,node_25,mesh_svc_25,warning,connection_pool_usage,97.07,90.0,DUPLICATE: Database connection pool saturated
scen_000071,alt_scen_000071_00004,2026-09-01T00:06:30Z,ErrorRateElevated,node_25,mesh_svc_25,critical,error_rate_percent,38.08,10.0,Error rate threshold exceeded
scen_000071,alt_scen_000071_00005,2026-09-01T00:06:30Z,DbConnectionPoolSaturated,node_25,mesh_svc_25,warning,connection_pool_usage,97.07,90.0,Database connection pool saturated
scen_000071,alt_scen_000071_00008,2026-09-01T00:06:56.274456Z,ErrorRateElevated,node_25,mesh_svc_25,critical,error_rate_percent,31.17,10.0,DUPLICATE: Error rate threshold exceeded
scen_000071,alt_scen_000071_00007,2026-09-01T00:07:00Z,ErrorRateElevated,node_25,mesh_svc_25,critical,error_rate_percent,31.17,10.0,Error rate threshold exceeded
scen_000071,alt_scen_000071_00009,2026-09-01T00:07:20Z,DbConnectionPoolSaturated,node_25,mesh_svc_25,warning,connection_pool_usage,95.61,90.0,Database connection pool saturated
scen_000071,alt_scen_000071_00065,2026-09-01T00:07:27Z,TransientSpikeWarning,node_21,mesh_svc_21,warning,cpu_usage_percent,78.5,75.0,Transient CPU spike detected on idle node
scen_000071,alt_scen_000071_00010,2026-09-01T00:07:30Z,DbConnectionPoolSaturated,node_25,mesh_svc_25,warning,connection_pool_usage,96.13,90.0,Database connection pool saturated
scen_000071,alt_scen_000071_00011,2026-09-01T00:07:40Z,DbConnectionPoolSaturated,node_25,mesh_svc_25,warning,connection_pool_usage,98.51,90.0,Database connection pool saturated
scen_000071,alt_scen_000071_00012,2026-09-01T00:07:50Z,ErrorRateElevated,node_25,mesh_svc_25,critical,error_rate_percent,35.24,10.0,Error rate threshold exceeded
scen_000071,alt_scen_000071_00013,2026-09-01T00:08:10Z,ErrorRateElevated,node_25,mesh_svc_25,critical,error_rate_percent,24.56,10.0,Error rate threshold exceeded
scen_000071,alt_scen_000071_00014,2026-09-01T00:08:20Z,DbConnectionPoolSaturated,node_25,mesh_svc_25,warning,connection_pool_usage,98.91,90.0,Database connection pool saturated
scen_000071,alt_scen_000071_00016,2026-09-01T00:08:27.200698Z,ErrorRateElevated,node_25,mesh_svc_25,critical,error_rate_percent,35.26,10.0,DUPLICATE: Error rate threshold exceeded
scen_000071,alt_scen_000071_00015,2026-09-01T00:08:30Z,ErrorRateElevated,node_25,mesh_svc_25,critical,error_rate_percent,35.26,10.0,Error rate threshold exceeded
scen_000071,alt_scen_000071_00017,2026-09-01T00:09:40Z,DbConnectionPoolSaturated,node_25,mesh_svc_25,warning,connection_pool_usage,98.91,90.0,Database connection pool saturated
scen_000071,alt_scen_000071_00018,2026-09-01T00:10:40Z,DbConnectionPoolSaturated,node_25,mesh_svc_25,warning,connection_pool_usage,95.22,90.0,Database connection pool saturated
scen_000071,alt_scen_000071_00020,2026-09-01T00:10:47.572232Z,DbConnectionPoolSaturated,node_25,mesh_svc_25,warning,connection_pool_usage,99.1,90.0,DUPLICATE: Database connection pool saturated
scen_000071,alt_scen_000071_00019,2026-09-01T00:10:50Z,DbConnectionPoolSaturated,node_25,mesh_svc_25,warning,connection_pool_usage,99.1,90.0,Database connection pool saturated
scen_000071,alt_scen_000071_00021,2026-09-01T00:11:00Z,ErrorRateElevated,node_25,mesh_svc_25,critical,error_rate_percent,43.03,10.0,Error rate threshold exceeded
scen_000071,alt_scen_000071_00022,2026-09-01T00:11:00Z,DbConnectionPoolSaturated,node_25,mesh_svc_25,warning,connection_pool_usage,95.47,90.0,Database connection pool saturated
scen_000071,alt_scen_000071_00023,2026-09-01T00:11:20Z,ErrorRateElevated,node_25,mesh_svc_25,critical,error_rate_percent,35.27,10.0,Error rate threshold exceeded
scen_000071,alt_scen_000071_00064,2026-09-01T00:11:35Z,TransientSpikeWarning,node_26,mesh_svc_26,warning,cpu_usage_percent,78.5,75.0,Transient CPU spike detected on idle node
scen_000071,alt_scen_000071_00024,2026-09-01T00:11:40Z,DbConnectionPoolSaturated,node_25,mesh_svc_25,warning,connection_pool_usage,98.03,90.0,Database connection pool saturated
scen_000071,alt_scen_000071_00025,2026-09-01T00:11:50Z,ErrorRateElevated,node_25,mesh_svc_25,critical,error_rate_percent,44.8,10.0,Error rate threshold exceeded
scen_000071,alt_scen_000071_00026,2026-09-01T00:11:50Z,DbConnectionPoolSaturated,node_25,mesh_svc_25,warning,connection_pool_usage,99.21,90.0,Database connection pool saturated
scen_000071,alt_scen_000071_00028,2026-09-01T00:11:56.119099Z,DbConnectionPoolSaturated,node_25,mesh_svc_25,warning,connection_pool_usage,95.44,90.0,DUPLICATE: Database connection pool saturated
scen_000071,alt_scen_000071_00027,2026-09-01T00:12:00Z,DbConnectionPoolSaturated,node_25,mesh_svc_25,warning,connection_pool_usage,95.44,90.0,Database connection pool saturated
scen_000071,alt_scen_000071_00029,2026-09-01T00:12:20Z,DbConnectionPoolSaturated,node_25,mesh_svc_25,warning,connection_pool_usage,99.09,90.0,Database connection pool saturated
scen_000071,alt_scen_000071_00030,2026-09-01T00:12:40Z,ErrorRateElevated,node_25,mesh_svc_25,critical,error_rate_percent,25.44,10.0,Error rate threshold exceeded
scen_000071,alt_scen_000071_00031,2026-09-01T00:12:40Z,DbConnectionPoolSaturated,node_25,mesh_svc_25,warning,connection_pool_usage,97.55,90.0,Database connection pool saturated
scen_000071,alt_scen_000071_00032,2026-09-01T00:12:43.278775Z,DbConnectionPoolSaturated,node_25,mesh_svc_25,warning,connection_pool_usage,97.55,90.0,DUPLICATE: Database connection pool saturated
scen_000071,alt_scen_000071_00035,2026-09-01T00:13:17.634796Z,DbConnectionPoolSaturated,node_25,mesh_svc_25,warning,connection_pool_usage,97.92,90.0,DUPLICATE: Database connection pool saturated
scen_000071,alt_scen_000071_00033,2026-09-01T00:13:20Z,ErrorRateElevated,node_25,mesh_svc_25,critical,error_rate_percent,25.97,10.0,Error rate threshold exceeded
scen_000071,alt_scen_000071_00034,2026-09-01T00:13:20Z,DbConnectionPoolSaturated,node_25,mesh_svc_25,warning,connection_pool_usage,97.92,90.0,Database connection pool saturated
scen_000071,alt_scen_000071_00036,2026-09-01T00:14:00Z,DbConnectionPoolSaturated,node_25,mesh_svc_25,warning,connection_pool_usage,95.18,90.0,Database connection pool saturated
scen_000071,alt_scen_000071_00038,2026-09-01T00:14:08.988151Z,DbConnectionPoolSaturated,node_25,mesh_svc_25,warning,connection_pool_usage,97.45,90.0,DUPLICATE: Database connection pool saturated
scen_000071,alt_scen_000071_00037,2026-09-01T00:14:10Z,DbConnectionPoolSaturated,node_25,mesh_svc_25,warning,connection_pool_usage,97.45,90.0,Database connection pool saturated
scen_000071,alt_scen_000071_00039,2026-09-01T00:14:20Z,DbConnectionPoolSaturated,node_25,mesh_svc_25,warning,connection_pool_usage,96.81,90.0,Database connection pool saturated
scen_000071,alt_scen_000071_00040,2026-09-01T00:14:30Z,DbConnectionPoolSaturated,node_25,mesh_svc_25,warning,connection_pool_usage,96.65,90.0,Database connection pool saturated
scen_000071,alt_scen_000071_00041,2026-09-01T00:15:00Z,DbConnectionPoolSaturated,node_25,mesh_svc_25,warning,connection_pool_usage,98.22,90.0,Database connection pool saturated
scen_000071,alt_scen_000071_00043,2026-09-01T00:15:19.280795Z,DbConnectionPoolSaturated,node_25,mesh_svc_25,warning,connection_pool_usage,98.44,90.0,DUPLICATE: Database connection pool saturated
scen_000071,alt_scen_000071_00042,2026-09-01T00:15:20Z,DbConnectionPoolSaturated,node_25,mesh_svc_25,warning,connection_pool_usage,98.44,90.0,Database connection pool saturated
scen_000071,alt_scen_000071_00045,2026-09-01T00:16:06.773852Z,ErrorRateElevated,node_25,mesh_svc_25,critical,error_rate_percent,39.33,10.0,DUPLICATE: Error rate threshold exceeded
scen_000071,alt_scen_000071_00044,2026-09-01T00:16:10Z,ErrorRateElevated,node_25,mesh_svc_25,critical,error_rate_percent,39.33,10.0,Error rate threshold exceeded
scen_000071,alt_scen_000071_00046,2026-09-01T00:16:40Z,ErrorRateElevated,node_25,mesh_svc_25,critical,error_rate_percent,37.36,10.0,Error rate threshold exceeded
scen_000071,alt_scen_000071_00048,2026-09-01T00:16:48.400908Z,ErrorRateElevated,node_25,mesh_svc_25,critical,error_rate_percent,27.05,10.0,DUPLICATE: Error rate threshold exceeded
scen_000071,alt_scen_000071_00047,2026-09-01T00:16:50Z,ErrorRateElevated,node_25,mesh_svc_25,critical,error_rate_percent,27.05,10.0,Error rate threshold exceeded
scen_000071,alt_scen_000071_00049,2026-09-01T00:16:50Z,DbConnectionPoolSaturated,node_25,mesh_svc_25,warning,connection_pool_usage,97.37,90.0,Database connection pool saturated
scen_000071,alt_scen_000071_00050,2026-09-01T00:17:50Z,ErrorRateElevated,node_25,mesh_svc_25,critical,error_rate_percent,43.0,10.0,Error rate threshold exceeded
scen_000071,alt_scen_000071_00051,2026-09-01T00:17:50Z,DbConnectionPoolSaturated,node_25,mesh_svc_25,warning,connection_pool_usage,95.11,90.0,Database connection pool saturated
scen_000071,alt_scen_000071_00052,2026-09-01T00:18:20Z,ErrorRateElevated,node_25,mesh_svc_25,critical,error_rate_percent,20.06,10.0,Error rate threshold exceeded
scen_000071,alt_scen_000071_00053,2026-09-01T00:18:20Z,DbConnectionPoolSaturated,node_25,mesh_svc_25,warning,connection_pool_usage,95.42,90.0,Database connection pool saturated
scen_000071,alt_scen_000071_00054,2026-09-01T00:18:50Z,ErrorRateElevated,node_25,mesh_svc_25,critical,error_rate_percent,36.36,10.0,Error rate threshold exceeded
scen_000071,alt_scen_000071_00056,2026-09-01T00:19:50.822013Z,DbConnectionPoolSaturated,node_25,mesh_svc_25,warning,connection_pool_usage,99.53,90.0,DUPLICATE: Database connection pool saturated
scen_000071,alt_scen_000071_00055,2026-09-01T00:19:50Z,DbConnectionPoolSaturated,node_25,mesh_svc_25,warning,connection_pool_usage,99.53,90.0,Database connection pool saturated
scen_000071,alt_scen_000071_00057,2026-09-01T00:20:00Z,ErrorRateElevated,node_25,mesh_svc_25,critical,error_rate_percent,37.54,10.0,Error rate threshold exceeded
scen_000071,alt_scen_000071_00059,2026-09-01T00:20:09.012448Z,DbConnectionPoolSaturated,node_25,mesh_svc_25,warning,connection_pool_usage,97.21,90.0,DUPLICATE: Database connection pool saturated
scen_000071,alt_scen_000071_00058,2026-09-01T00:20:10Z,DbConnectionPoolSaturated,node_25,mesh_svc_25,warning,connection_pool_usage,97.21,90.0,Database connection pool saturated
scen_000071,alt_scen_000071_00060,2026-09-01T00:20:20Z,DbConnectionPoolSaturated,node_25,mesh_svc_25,warning,connection_pool_usage,96.47,90.0,Database connection pool saturated
scen_000071,alt_scen_000071_00061,2026-09-01T00:20:50Z,ErrorRateElevated,node_25,mesh_svc_25,critical,error_rate_percent,23.72,10.0,Error rate threshold exceeded
scen_000071,alt_scen_000071_00062,2026-09-01T00:21:00Z,DbConnectionPoolSaturated,node_25,mesh_svc_25,warning,connection_pool_usage,99.79,90.0,Database connection pool saturated
scen_000071,alt_scen_000071_00063,2026-09-01T00:21:20Z,DbConnectionPoolSaturated,node_25,mesh_svc_25,warning,connection_pool_usage,99.06,90.0,Database connection pool saturated
scen_000072,alt_scen_000072_00003,2026-09-01T00:01:35Z,TransientSpikeWarning,ecom_aux_23,user_service_23,warning,cpu_usage_percent,78.5,75.0,Transient CPU spike detected on idle node
scen_000072,alt_scen_000072_00001,2026-09-01T00:02:44Z,TransientSpikeWarning,ecom_aux_33,user_service_33,warning,cpu_usage_percent,78.5,75.0,Transient CPU spike detected on idle node
scen_000072,alt_scen_000072_00005,2026-09-01T00:03:46Z,TransientSpikeWarning,ecom_aux_14,user_service_14,warning,cpu_usage_percent,78.5,75.0,Transient CPU spike detected on idle node
scen_000072,alt_scen_000072_00004,2026-09-01T00:13:12Z,TransientSpikeWarning,ecom_aux_15,user_service_15,warning,cpu_usage_percent,78.5,75.0,Transient CPU spike detected on idle node
scen_000072,alt_scen_000072_00002,2026-09-01T00:15:31Z,TransientSpikeWarning,ecom_aux_37,user_service_37,warning,cpu_usage_percent,78.5,75.0,Transient CPU spike detected on idle node
scen_000073,alt_scen_000073_00003,2026-09-01T00:06:33Z,TransientSpikeWarning,ecom_aux_10,user_service_10,warning,cpu_usage_percent,78.5,75.0,Transient CPU spike detected on idle node
scen_000073,alt_scen_000073_00004,2026-09-01T00:07:22Z,TransientSpikeWarning,ecom_aux_18,user_service_18,warning,cpu_usage_percent,78.5,75.0,Transient CPU spike detected on idle node
scen_000073,alt_scen_000073_00001,2026-09-01T00:07:53Z,TransientSpikeWarning,ecom_aux_18,user_service_18,warning,cpu_usage_percent,78.5,75.0,Transient CPU spike detected on idle node
scen_000073,alt_scen_000073_00002,2026-09-01T00:10:49Z,TransientSpikeWarning,ecom_aux_4,user_service_4,warning,cpu_usage_percent,78.5,75.0,Transient CPU spike detected on idle node
scen_000074,alt_scen_000074_00004,2026-09-01T00:03:35Z,TransientSpikeWarning,consumer_25,kafka_consumer_25,warning,cpu_usage_percent,78.5,75.0,Transient CPU spike detected on idle node
scen_000074,alt_scen_000074_00001,2026-09-01T00:05:49Z,TransientSpikeWarning,notif_01,notification_service,warning,cpu_usage_percent,78.5,75.0,Transient CPU spike detected on idle node
scen_000074,alt_scen_000074_00002,2026-09-01T00:13:39Z,TransientSpikeWarning,consumer_5,kafka_consumer_5,warning,cpu_usage_percent,78.5,75.0,Transient CPU spike detected on idle node
scen_000074,alt_scen_000074_00003,2026-09-01T00:15:14Z,TransientSpikeWarning,consumer_2,kafka_consumer_2,warning,cpu_usage_percent,78.5,75.0,Transient CPU spike detected on idle node
scen_000075,alt_scen_000075_00001,2026-09-01T00:01:20Z,TransientSpikeWarning,consumer_3,kafka_consumer_3,warning,cpu_usage_percent,78.5,75.0,Transient CPU spike detected on idle node
scen_000075,alt_scen_000075_00003,2026-09-01T00:05:34Z,TransientSpikeWarning,consumer_2,kafka_consumer_2,warning,cpu_usage_percent,78.5,75.0,Transient CPU spike detected on idle node
scen_000075,alt_scen_000075_00002,2026-09-01T00:05:59Z,TransientSpikeWarning,consumer_12,kafka_consumer_12,warning,cpu_usage_percent,78.5,75.0,Transient CPU spike detected on idle node
scen_000075,alt_scen_000075_00005,2026-09-01T00:09:13Z,TransientSpikeWarning,consumer_6,kafka_consumer_6,warning,cpu_usage_percent,78.5,75.0,Transient CPU spike detected on idle node
scen_000075,alt_scen_000075_00004,2026-09-01T00:09:25Z,TransientSpikeWarning,consumer_17,kafka_consumer_17,warning,cpu_usage_percent,78.5,75.0,Transient CPU spike detected on idle node
scen_000075,alt_scen_000075_00006,2026-09-01T00:10:23Z,TransientSpikeWarning,ingest_01,ingestion_gateway,warning,cpu_usage_percent,78.5,75.0,Transient CPU spike detected on idle node
scen_000076,alt_scen_000076_00002,2026-09-01T00:03:27Z,TransientSpikeWarning,sub_svc_11,sub_service_11,warning,cpu_usage_percent,78.5,75.0,Transient CPU spike detected on idle node
scen_000076,alt_scen_000076_00004,2026-09-01T00:03:29Z,TransientSpikeWarning,sub_svc_15,sub_service_15,warning,cpu_usage_percent,78.5,75.0,Transient CPU spike detected on idle node
scen_000076,alt_scen_000076_00003,2026-09-01T00:07:10Z,TransientSpikeWarning,sub_svc_4,sub_service_4,warning,cpu_usage_percent,78.5,75.0,Transient CPU spike detected on idle node
scen_000076,alt_scen_000076_00001,2026-09-01T00:07:20Z,TransientSpikeWarning,sub_svc_11,sub_service_11,warning,cpu_usage_percent,78.5,75.0,Transient CPU spike detected on idle node
scen_000076,alt_scen_000076_00006,2026-09-01T00:11:49Z,TransientSpikeWarning,sub_svc_12,sub_service_12,warning,cpu_usage_percent,78.5,75.0,Transient CPU spike detected on idle node
scen_000076,alt_scen_000076_00005,2026-09-01T00:14:27Z,TransientSpikeWarning,sub_svc_7,sub_service_7,warning,cpu_usage_percent,78.5,75.0,Transient CPU spike detected on idle node
scen_000077,alt_scen_000077_00003,2026-09-01T00:08:20Z,TransientSpikeWarning,sub_svc_2,sub_service_2,warning,cpu_usage_percent,78.5,75.0,Transient CPU spike detected on idle node
scen_000077,alt_scen_000077_00002,2026-09-01T00:11:53Z,TransientSpikeWarning,web_01,web_service,warning,cpu_usage_percent,78.5,75.0,Transient CPU spike detected on idle node
scen_000077,alt_scen_000077_00001,2026-09-01T00:13:25Z,TransientSpikeWarning,web_01,web_service,warning,cpu_usage_percent,78.5,75.0,Transient CPU spike detected on idle node
scen_000078,alt_scen_000078_00003,2026-09-01T00:04:06Z,TransientSpikeWarning,search_node_21,search_aux_21,warning,cpu_usage_percent,78.5,75.0,Transient CPU spike detected on idle node
scen_000078,alt_scen_000078_00002,2026-09-01T00:10:19Z,TransientSpikeWarning,search_node_6,search_aux_6,warning,cpu_usage_percent,78.5,75.0,Transient CPU spike detected on idle node
scen_000078,alt_scen_000078_00001,2026-09-01T00:15:53Z,TransientSpikeWarning,search_node_14,search_aux_14,warning,cpu_usage_percent,78.5,75.0,Transient CPU spike detected on idle node
scen_000079,alt_scen_000079_00001,2026-09-01T00:11:30Z,TransientSpikeWarning,node_02,mesh_svc_2,warning,cpu_usage_percent,78.5,75.0,Transient CPU spike detected on idle node
scen_000079,alt_scen_000079_00002,2026-09-01T00:13:07Z,TransientSpikeWarning,node_00,mesh_svc_0,warning,cpu_usage_percent,78.5,75.0,Transient CPU spike detected on idle node
scen_000079,alt_scen_000079_00004,2026-09-01T00:13:48Z,TransientSpikeWarning,node_08,mesh_svc_8,warning,cpu_usage_percent,78.5,75.0,Transient CPU spike detected on idle node
scen_000079,alt_scen_000079_00003,2026-09-01T00:14:13Z,TransientSpikeWarning,node_01,mesh_svc_1,warning,cpu_usage_percent,78.5,75.0,Transient CPU spike detected on idle node
scen_000080,alt_scen_000080_00002,2026-09-01T00:07:07Z,TransientSpikeWarning,ecom_aux_26,user_service_26,warning,cpu_usage_percent,78.5,75.0,Transient CPU spike detected on idle node
scen_000080,alt_scen_000080_00001,2026-09-01T00:07:43Z,TransientSpikeWarning,ecom_aux_22,user_service_22,warning,cpu_usage_percent,78.5,75.0,Transient CPU spike detected on idle node
scen_000080,alt_scen_000080_00003,2026-09-01T00:15:18Z,TransientSpikeWarning,ecom_aux_31,user_service_31,warning,cpu_usage_percent,78.5,75.0,Transient CPU spike detected on idle node
scen_000081,alt_scen_000081_00001,2026-09-01T00:08:56Z,TransientSpikeWarning,sub_svc_8,sub_service_8,warning,cpu_usage_percent,78.5,75.0,Transient CPU spike detected on idle node
scen_000081,alt_scen_000081_00002,2026-09-01T00:15:02Z,TransientSpikeWarning,sub_svc_24,sub_service_24,warning,cpu_usage_percent,78.5,75.0,Transient CPU spike detected on idle node
scen_000082,alt_scen_000082_00004,2026-09-01T00:01:38Z,TransientSpikeWarning,node_19,mesh_svc_19,warning,cpu_usage_percent,78.5,75.0,Transient CPU spike detected on idle node
scen_000082,alt_scen_000082_00003,2026-09-01T00:03:59Z,TransientSpikeWarning,node_11,mesh_svc_11,warning,cpu_usage_percent,78.5,75.0,Transient CPU spike detected on idle node
scen_000082,alt_scen_000082_00001,2026-09-01T00:04:52Z,TransientSpikeWarning,node_26,mesh_svc_26,warning,cpu_usage_percent,78.5,75.0,Transient CPU spike detected on idle node
scen_000082,alt_scen_000082_00006,2026-09-01T00:05:52Z,TransientSpikeWarning,node_06,mesh_svc_6,warning,cpu_usage_percent,78.5,75.0,Transient CPU spike detected on idle node
scen_000082,alt_scen_000082_00002,2026-09-01T00:10:01Z,TransientSpikeWarning,node_26,mesh_svc_26,warning,cpu_usage_percent,78.5,75.0,Transient CPU spike detected on idle node
scen_000082,alt_scen_000082_00005,2026-09-01T00:15:37Z,TransientSpikeWarning,node_07,mesh_svc_7,warning,cpu_usage_percent,78.5,75.0,Transient CPU spike detected on idle node
scen_000083,alt_scen_000083_00025,2026-09-01T00:05:09Z,TransientSpikeWarning,consumer_20,kafka_consumer_20,warning,cpu_usage_percent,78.5,75.0,Transient CPU spike detected on idle node
scen_000083,alt_scen_000083_00001,2026-09-01T00:05:50Z,CpuUtilizationHigh,consumer_26,kafka_consumer_26,warning,cpu_usage_percent,92.53,90.0,CPU usage exceeded critical threshold
scen_000083,alt_scen_000083_00024,2026-09-01T00:06:39Z,TransientSpikeWarning,consumer_18,kafka_consumer_18,warning,cpu_usage_percent,78.5,75.0,Transient CPU spike detected on idle node
scen_000083,alt_scen_000083_00002,2026-09-01T00:07:20Z,CpuUtilizationHigh,consumer_26,kafka_consumer_26,warning,cpu_usage_percent,93.95,90.0,CPU usage exceeded critical threshold
scen_000083,alt_scen_000083_00003,2026-09-01T00:07:40Z,CpuUtilizationHigh,consumer_26,kafka_consumer_26,warning,cpu_usage_percent,97.73,90.0,CPU usage exceeded critical threshold
scen_000083,alt_scen_000083_00005,2026-09-01T00:07:59.880028Z,CpuUtilizationHigh,consumer_26,kafka_consumer_26,warning,cpu_usage_percent,96.14,90.0,DUPLICATE: CPU usage exceeded critical threshold
scen_000083,alt_scen_000083_00004,2026-09-01T00:08:00Z,CpuUtilizationHigh,consumer_26,kafka_consumer_26,warning,cpu_usage_percent,96.14,90.0,CPU usage exceeded critical threshold
scen_000083,alt_scen_000083_00023,2026-09-01T00:10:12Z,TransientSpikeWarning,notif_01,notification_service,warning,cpu_usage_percent,78.5,75.0,Transient CPU spike detected on idle node
scen_000083,alt_scen_000083_00006,2026-09-01T00:12:00Z,CpuUtilizationHigh,consumer_26,kafka_consumer_26,warning,cpu_usage_percent,93.84,90.0,CPU usage exceeded critical threshold
scen_000083,alt_scen_000083_00007,2026-09-01T00:12:20Z,CpuUtilizationHigh,consumer_26,kafka_consumer_26,warning,cpu_usage_percent,95.09,90.0,CPU usage exceeded critical threshold
scen_000083,alt_scen_000083_00008,2026-09-01T00:13:20Z,CpuUtilizationHigh,consumer_26,kafka_consumer_26,warning,cpu_usage_percent,100.0,90.0,CPU usage exceeded critical threshold
scen_000083,alt_scen_000083_00009,2026-09-01T00:13:30Z,CpuUtilizationHigh,consumer_26,kafka_consumer_26,warning,cpu_usage_percent,90.99,90.0,CPU usage exceeded critical threshold
scen_000083,alt_scen_000083_00010,2026-09-01T00:14:10Z,CpuUtilizationHigh,consumer_26,kafka_consumer_26,warning,cpu_usage_percent,95.43,90.0,CPU usage exceeded critical threshold
scen_000083,alt_scen_000083_00011,2026-09-01T00:14:20Z,CpuUtilizationHigh,consumer_26,kafka_consumer_26,warning,cpu_usage_percent,100.0,90.0,CPU usage exceeded critical threshold
scen_000083,alt_scen_000083_00012,2026-09-01T00:15:10Z,CpuUtilizationHigh,consumer_26,kafka_consumer_26,warning,cpu_usage_percent,93.34,90.0,CPU usage exceeded critical threshold
scen_000083,alt_scen_000083_00013,2026-09-01T00:15:20Z,CpuUtilizationHigh,consumer_26,kafka_consumer_26,warning,cpu_usage_percent,99.37,90.0,CPU usage exceeded critical threshold
scen_000083,alt_scen_000083_00014,2026-09-01T00:15:30Z,CpuUtilizationHigh,consumer_26,kafka_consumer_26,warning,cpu_usage_percent,100.0,90.0,CPU usage exceeded critical threshold
scen_000083,alt_scen_000083_00026,2026-09-01T00:15:52Z,TransientSpikeWarning,consumer_28,kafka_consumer_28,warning,cpu_usage_percent,78.5,75.0,Transient CPU spike detected on idle node
scen_000083,alt_scen_000083_00015,2026-09-01T00:16:10Z,CpuUtilizationHigh,consumer_26,kafka_consumer_26,warning,cpu_usage_percent,93.63,90.0,CPU usage exceeded critical threshold
scen_000083,alt_scen_000083_00016,2026-09-01T00:17:20Z,CpuUtilizationHigh,consumer_26,kafka_consumer_26,warning,cpu_usage_percent,90.88,90.0,CPU usage exceeded critical threshold
scen_000083,alt_scen_000083_00017,2026-09-01T00:18:00Z,CpuUtilizationHigh,consumer_26,kafka_consumer_26,warning,cpu_usage_percent,98.58,90.0,CPU usage exceeded critical threshold
scen_000083,alt_scen_000083_00018,2026-09-01T00:19:00Z,CpuUtilizationHigh,consumer_26,kafka_consumer_26,warning,cpu_usage_percent,97.57,90.0,CPU usage exceeded critical threshold
scen_000083,alt_scen_000083_00019,2026-09-01T00:20:20Z,CpuUtilizationHigh,consumer_26,kafka_consumer_26,warning,cpu_usage_percent,93.91,90.0,CPU usage exceeded critical threshold
scen_000083,alt_scen_000083_00021,2026-09-01T00:22:29.327153Z,CpuUtilizationHigh,consumer_26,kafka_consumer_26,warning,cpu_usage_percent,93.9,90.0,DUPLICATE: CPU usage exceeded critical threshold
scen_000083,alt_scen_000083_00020,2026-09-01T00:22:30Z,CpuUtilizationHigh,consumer_26,kafka_consumer_26,warning,cpu_usage_percent,93.9,90.0,CPU usage exceeded critical threshold
scen_000083,alt_scen_000083_00022,2026-09-01T00:25:00Z,CpuUtilizationHigh,consumer_26,kafka_consumer_26,warning,cpu_usage_percent,94.07,90.0,CPU usage exceeded critical threshold
scen_000084,alt_scen_000084_00042,2026-09-01T00:01:41Z,TransientSpikeWarning,consumer_3,kafka_consumer_3,warning,cpu_usage_percent,78.5,75.0,Transient CPU spike detected on idle node
scen_000084,alt_scen_000084_00043,2026-09-01T00:04:53Z,TransientSpikeWarning,user_01,user_service,warning,cpu_usage_percent,78.5,75.0,Transient CPU spike detected on idle node
scen_000084,alt_scen_000084_00001,2026-09-01T00:05:40Z,ErrorRateElevated,consumer_3,kafka_consumer_3,critical,error_rate_percent,31.56,10.0,Error rate threshold exceeded
scen_000084,alt_scen_000084_00002,2026-09-01T00:05:44.119435Z,ErrorRateElevated,consumer_3,kafka_consumer_3,critical,error_rate_percent,31.56,10.0,DUPLICATE: Error rate threshold exceeded
scen_000084,alt_scen_000084_00004,2026-09-01T00:06:58.126037Z,ErrorRateElevated,consumer_3,kafka_consumer_3,critical,error_rate_percent,74.55,10.0,DUPLICATE: Error rate threshold exceeded
scen_000084,alt_scen_000084_00003,2026-09-01T00:07:00Z,ErrorRateElevated,consumer_3,kafka_consumer_3,critical,error_rate_percent,74.55,10.0,Error rate threshold exceeded
scen_000084,alt_scen_000084_00040,2026-09-01T00:07:08Z,TransientSpikeWarning,consumer_18,kafka_consumer_18,warning,cpu_usage_percent,78.5,75.0,Transient CPU spike detected on idle node
scen_000084,alt_scen_000084_00005,2026-09-01T00:07:10Z,ErrorRateElevated,consumer_3,kafka_consumer_3,critical,error_rate_percent,34.39,10.0,Error rate threshold exceeded
scen_000084,alt_scen_000084_00006,2026-09-01T00:07:20Z,ErrorRateElevated,consumer_3,kafka_consumer_3,critical,error_rate_percent,45.47,10.0,Error rate threshold exceeded
scen_000084,alt_scen_000084_00039,2026-09-01T00:08:05Z,TransientSpikeWarning,consumer_7,kafka_consumer_7,warning,cpu_usage_percent,78.5,75.0,Transient CPU spike detected on idle node
scen_000084,alt_scen_000084_00044,2026-09-01T00:08:49Z,TransientSpikeWarning,user_01,user_service,warning,cpu_usage_percent,78.5,75.0,Transient CPU spike detected on idle node
scen_000084,alt_scen_000084_00007,2026-09-01T00:09:10Z,ErrorRateElevated,consumer_3,kafka_consumer_3,critical,error_rate_percent,43.2,10.0,Error rate threshold exceeded
scen_000084,alt_scen_000084_00008,2026-09-01T00:09:50Z,ErrorRateElevated,consumer_3,kafka_consumer_3,critical,error_rate_percent,48.22,10.0,Error rate threshold exceeded
scen_000084,alt_scen_000084_00009,2026-09-01T00:10:30Z,ErrorRateElevated,consumer_3,kafka_consumer_3,critical,error_rate_percent,76.09,10.0,Error rate threshold exceeded
scen_000084,alt_scen_000084_00010,2026-09-01T00:11:00Z,ErrorRateElevated,consumer_3,kafka_consumer_3,critical,error_rate_percent,47.51,10.0,Error rate threshold exceeded
scen_000084,alt_scen_000084_00011,2026-09-01T00:11:10Z,ErrorRateElevated,consumer_3,kafka_consumer_3,critical,error_rate_percent,43.96,10.0,Error rate threshold exceeded
scen_000084,alt_scen_000084_00013,2026-09-01T00:11:36.442615Z,ErrorRateElevated,consumer_3,kafka_consumer_3,critical,error_rate_percent,74.84,10.0,DUPLICATE: Error rate threshold exceeded
scen_000084,alt_scen_000084_00012,2026-09-01T00:11:40Z,ErrorRateElevated,consumer_3,kafka_consumer_3,critical,error_rate_percent,74.84,10.0,Error rate threshold exceeded
scen_000084,alt_scen_000084_00014,2026-09-01T00:11:50Z,ErrorRateElevated,consumer_3,kafka_consumer_3,critical,error_rate_percent,49.63,10.0,Error rate threshold exceeded
scen_000084,alt_scen_000084_00015,2026-09-01T00:12:20Z,ErrorRateElevated,consumer_3,kafka_consumer_3,critical,error_rate_percent,48.91,10.0,Error rate threshold exceeded
scen_000084,alt_scen_000084_00016,2026-09-01T00:12:40Z,ErrorRateElevated,consumer_3,kafka_consumer_3,critical,error_rate_percent,61.93,10.0,Error rate threshold exceeded
scen_000084,alt_scen_000084_00017,2026-09-01T00:12:50Z,ErrorRateElevated,consumer_3,kafka_consumer_3,critical,error_rate_percent,40.8,10.0,Error rate threshold exceeded
scen_000084,alt_scen_000084_00041,2026-09-01T00:13:01Z,TransientSpikeWarning,consumer_17,kafka_consumer_17,warning,cpu_usage_percent,78.5,75.0,Transient CPU spike detected on idle node
scen_000084,alt_scen_000084_00018,2026-09-01T00:13:30Z,ErrorRateElevated,consumer_3,kafka_consumer_3,critical,error_rate_percent,63.14,10.0,Error rate threshold exceeded
scen_000084,alt_scen_000084_00019,2026-09-01T00:13:40Z,ErrorRateElevated,consumer_3,kafka_consumer_3,critical,error_rate_percent,68.99,10.0,Error rate threshold exceeded
scen_000084,alt_scen_000084_00020,2026-09-01T00:13:50Z,ErrorRateElevated,consumer_3,kafka_consumer_3,critical,error_rate_percent,75.29,10.0,Error rate threshold exceeded
scen_000084,alt_scen_000084_00021,2026-09-01T00:14:10Z,ErrorRateElevated,consumer_3,kafka_consumer_3,critical,error_rate_percent,71.35,10.0,Error rate threshold exceeded
scen_000084,alt_scen_000084_00023,2026-09-01T00:14:35.021187Z,ErrorRateElevated,consumer_3,kafka_consumer_3,critical,error_rate_percent,40.04,10.0,DUPLICATE: Error rate threshold exceeded
scen_000084,alt_scen_000084_00022,2026-09-01T00:14:40Z,ErrorRateElevated,consumer_3,kafka_consumer_3,critical,error_rate_percent,40.04,10.0,Error rate threshold exceeded
scen_000084,alt_scen_000084_00024,2026-09-01T00:14:50Z,ErrorRateElevated,consumer_3,kafka_consumer_3,critical,error_rate_percent,60.29,10.0,Error rate threshold exceeded
scen_000084,alt_scen_000084_00025,2026-09-01T00:16:10Z,ErrorRateElevated,consumer_3,kafka_consumer_3,critical,error_rate_percent,36.07,10.0,Error rate threshold exceeded
scen_000084,alt_scen_000084_00026,2026-09-01T00:17:50Z,ErrorRateElevated,consumer_3,kafka_consumer_3,critical,error_rate_percent,77.38,10.0,Error rate threshold exceeded
scen_000084,alt_scen_000084_00027,2026-09-01T00:18:30Z,ErrorRateElevated,consumer_3,kafka_consumer_3,critical,error_rate_percent,47.5,10.0,Error rate threshold exceeded
scen_000084,alt_scen_000084_00029,2026-09-01T00:18:35.650249Z,ErrorRateElevated,consumer_3,kafka_consumer_3,critical,error_rate_percent,52.06,10.0,DUPLICATE: Error rate threshold exceeded
scen_000084,alt_scen_000084_00028,2026-09-01T00:18:40Z,ErrorRateElevated,consumer_3,kafka_consumer_3,critical,error_rate_percent,52.06,10.0,Error rate threshold exceeded
scen_000084,alt_scen_000084_00030,2026-09-01T00:20:50Z,ErrorRateElevated,consumer_3,kafka_consumer_3,critical,error_rate_percent,52.78,10.0,Error rate threshold exceeded
scen_000084,alt_scen_000084_00031,2026-09-01T00:21:50Z,ErrorRateElevated,consumer_3,kafka_consumer_3,critical,error_rate_percent,46.55,10.0,Error rate threshold exceeded
scen_000084,alt_scen_000084_00032,2026-09-01T00:22:00Z,ErrorRateElevated,consumer_3,kafka_consumer_3,critical,error_rate_percent,68.98,10.0,Error rate threshold exceeded
scen_000084,alt_scen_000084_00033,2026-09-01T00:23:30Z,ErrorRateElevated,consumer_3,kafka_consumer_3,critical,error_rate_percent,40.28,10.0,Error rate threshold exceeded
scen_000084,alt_scen_000084_00034,2026-09-01T00:23:32.252379Z,ErrorRateElevated,consumer_3,kafka_consumer_3,critical,error_rate_percent,40.28,10.0,DUPLICATE: Error rate threshold exceeded
scen_000084,alt_scen_000084_00035,2026-09-01T00:24:20Z,ErrorRateElevated,consumer_3,kafka_consumer_3,critical,error_rate_percent,77.14,10.0,Error rate threshold exceeded
scen_000084,alt_scen_000084_00036,2026-09-01T00:24:24.845733Z,ErrorRateElevated,consumer_3,kafka_consumer_3,critical,error_rate_percent,77.14,10.0,DUPLICATE: Error rate threshold exceeded
scen_000084,alt_scen_000084_00037,2026-09-01T00:24:50Z,ErrorRateElevated,consumer_3,kafka_consumer_3,critical,error_rate_percent,73.75,10.0,Error rate threshold exceeded
scen_000084,alt_scen_000084_00038,2026-09-01T00:25:00Z,ErrorRateElevated,consumer_3,kafka_consumer_3,critical,error_rate_percent,37.75,10.0,Error rate threshold exceeded
scen_000085,alt_scen_000085_00036,2026-09-01T00:02:09Z,TransientSpikeWarning,sub_svc_6,sub_service_6,warning,cpu_usage_percent,78.5,75.0,Transient CPU spike detected on idle node
scen_000085,alt_scen_000085_00032,2026-09-01T00:04:13Z,TransientSpikeWarning,db_01,postgresql,warning,cpu_usage_percent,78.5,75.0,Transient CPU spike detected on idle node
scen_000085,alt_scen_000085_00034,2026-09-01T00:04:22Z,TransientSpikeWarning,sub_svc_5,sub_service_5,warning,cpu_usage_percent,78.5,75.0,Transient CPU spike detected on idle node
scen_000085,alt_scen_000085_00001,2026-09-01T00:05:10Z,ErrorRateElevated,sub_svc_5,sub_service_5,critical,error_rate_percent,59.51,10.0,Error rate threshold exceeded
scen_000085,alt_scen_000085_00002,2026-09-01T00:05:20Z,ErrorRateElevated,sub_svc_5,sub_service_5,critical,error_rate_percent,79.62,10.0,Error rate threshold exceeded
scen_000085,alt_scen_000085_00003,2026-09-01T00:05:40Z,ErrorRateElevated,sub_svc_5,sub_service_5,critical,error_rate_percent,44.93,10.0,Error rate threshold exceeded
scen_000085,alt_scen_000085_00004,2026-09-01T00:06:50Z,ErrorRateElevated,sub_svc_5,sub_service_5,critical,error_rate_percent,54.44,10.0,Error rate threshold exceeded
scen_000085,alt_scen_000085_00005,2026-09-01T00:07:10Z,ErrorRateElevated,sub_svc_5,sub_service_5,critical,error_rate_percent,41.44,10.0,Error rate threshold exceeded
scen_000085,alt_scen_000085_00006,2026-09-01T00:07:20Z,ErrorRateElevated,sub_svc_5,sub_service_5,critical,error_rate_percent,69.9,10.0,Error rate threshold exceeded
scen_000085,alt_scen_000085_00007,2026-09-01T00:07:30Z,ErrorRateElevated,sub_svc_5,sub_service_5,critical,error_rate_percent,34.28,10.0,Error rate threshold exceeded
scen_000085,alt_scen_000085_00031,2026-09-01T00:08:23Z,TransientSpikeWarning,sub_svc_3,sub_service_3,warning,cpu_usage_percent,78.5,75.0,Transient CPU spike detected on idle node
scen_000085,alt_scen_000085_00008,2026-09-01T00:10:10Z,ErrorRateElevated,sub_svc_5,sub_service_5,critical,error_rate_percent,45.39,10.0,Error rate threshold exceeded
scen_000085,alt_scen_000085_00009,2026-09-01T00:10:30Z,ErrorRateElevated,sub_svc_5,sub_service_5,critical,error_rate_percent,57.52,10.0,Error rate threshold exceeded
scen_000085,alt_scen_000085_00010,2026-09-01T00:11:00Z,ErrorRateElevated,sub_svc_5,sub_service_5,critical,error_rate_percent,59.19,10.0,Error rate threshold exceeded
scen_000085,alt_scen_000085_00011,2026-09-01T00:11:01.307419Z,ErrorRateElevated,sub_svc_5,sub_service_5,critical,error_rate_percent,59.19,10.0,DUPLICATE: Error rate threshold exceeded
scen_000085,alt_scen_000085_00012,2026-09-01T00:11:50Z,ErrorRateElevated,sub_svc_5,sub_service_5,critical,error_rate_percent,34.57,10.0,Error rate threshold exceeded
scen_000085,alt_scen_000085_00013,2026-09-01T00:12:20Z,ErrorRateElevated,sub_svc_5,sub_service_5,critical,error_rate_percent,40.78,10.0,Error rate threshold exceeded
scen_000085,alt_scen_000085_00015,2026-09-01T00:12:35.602463Z,ErrorRateElevated,sub_svc_5,sub_service_5,critical,error_rate_percent,51.09,10.0,DUPLICATE: Error rate threshold exceeded
scen_000085,alt_scen_000085_00014,2026-09-01T00:12:40Z,ErrorRateElevated,sub_svc_5,sub_service_5,critical,error_rate_percent,51.09,10.0,Error rate threshold exceeded
scen_000085,alt_scen_000085_00017,2026-09-01T00:12:58.770446Z,ErrorRateElevated,sub_svc_5,sub_service_5,critical,error_rate_percent,79.66,10.0,DUPLICATE: Error rate threshold exceeded
scen_000085,alt_scen_000085_00016,2026-09-01T00:13:00Z,ErrorRateElevated,sub_svc_5,sub_service_5,critical,error_rate_percent,79.66,10.0,Error rate threshold exceeded
scen_000085,alt_scen_000085_00018,2026-09-01T00:13:10Z,ErrorRateElevated,sub_svc_5,sub_service_5,critical,error_rate_percent,51.12,10.0,Error rate threshold exceeded
scen_000085,alt_scen_000085_00019,2026-09-01T00:13:20Z,ErrorRateElevated,sub_svc_5,sub_service_5,critical,error_rate_percent,61.83,10.0,Error rate threshold exceeded
scen_000085,alt_scen_000085_00020,2026-09-01T00:13:50Z,ErrorRateElevated,sub_svc_5,sub_service_5,critical,error_rate_percent,57.13,10.0,Error rate threshold exceeded
scen_000085,alt_scen_000085_00021,2026-09-01T00:14:20Z,ErrorRateElevated,sub_svc_5,sub_service_5,critical,error_rate_percent,40.3,10.0,Error rate threshold exceeded
scen_000085,alt_scen_000085_00022,2026-09-01T00:14:22.417645Z,ErrorRateElevated,sub_svc_5,sub_service_5,critical,error_rate_percent,40.3,10.0,DUPLICATE: Error rate threshold exceeded
scen_000085,alt_scen_000085_00035,2026-09-01T00:14:29Z,TransientSpikeWarning,lb_01,load_balancer,warning,cpu_usage_percent,78.5,75.0,Transient CPU spike detected on idle node
scen_000085,alt_scen_000085_00024,2026-09-01T00:14:59.498651Z,ErrorRateElevated,sub_svc_5,sub_service_5,critical,error_rate_percent,44.95,10.0,DUPLICATE: Error rate threshold exceeded
scen_000085,alt_scen_000085_00023,2026-09-01T00:15:00Z,ErrorRateElevated,sub_svc_5,sub_service_5,critical,error_rate_percent,44.95,10.0,Error rate threshold exceeded
scen_000085,alt_scen_000085_00025,2026-09-01T00:15:10Z,ErrorRateElevated,sub_svc_5,sub_service_5,critical,error_rate_percent,78.26,10.0,Error rate threshold exceeded
scen_000085,alt_scen_000085_00026,2026-09-01T00:15:11.872540Z,ErrorRateElevated,sub_svc_5,sub_service_5,critical,error_rate_percent,78.26,10.0,DUPLICATE: Error rate threshold exceeded
scen_000085,alt_scen_000085_00027,2026-09-01T00:16:10Z,ErrorRateElevated,sub_svc_5,sub_service_5,critical,error_rate_percent,62.51,10.0,Error rate threshold exceeded
scen_000085,alt_scen_000085_00033,2026-09-01T00:16:22Z,TransientSpikeWarning,lb_01,load_balancer,warning,cpu_usage_percent,78.5,75.0,Transient CPU spike detected on idle node
scen_000085,alt_scen_000085_00028,2026-09-01T00:16:40Z,ErrorRateElevated,sub_svc_5,sub_service_5,critical,error_rate_percent,72.66,10.0,Error rate threshold exceeded
scen_000085,alt_scen_000085_00030,2026-09-01T00:16:48.454076Z,ErrorRateElevated,sub_svc_5,sub_service_5,critical,error_rate_percent,67.8,10.0,DUPLICATE: Error rate threshold exceeded
scen_000085,alt_scen_000085_00029,2026-09-01T00:16:50Z,ErrorRateElevated,sub_svc_5,sub_service_5,critical,error_rate_percent,67.8,10.0,Error rate threshold exceeded
scen_000086,alt_scen_000086_00001,2026-09-01T00:02:27Z,TransientSpikeWarning,ecom_aux_7,user_service_7,warning,cpu_usage_percent,78.5,75.0,Transient CPU spike detected on idle node
scen_000086,alt_scen_000086_00002,2026-09-01T00:07:11Z,TransientSpikeWarning,order_01,order_service,warning,cpu_usage_percent,78.5,75.0,Transient CPU spike detected on idle node
scen_000086,alt_scen_000086_00005,2026-09-01T00:09:41Z,TransientSpikeWarning,inv_01,inventory_service,warning,cpu_usage_percent,78.5,75.0,Transient CPU spike detected on idle node
scen_000086,alt_scen_000086_00003,2026-09-01T00:10:24Z,TransientSpikeWarning,db_master,postgresql,warning,cpu_usage_percent,78.5,75.0,Transient CPU spike detected on idle node
scen_000086,alt_scen_000086_00004,2026-09-01T00:12:12Z,TransientSpikeWarning,ecom_aux_7,user_service_7,warning,cpu_usage_percent,78.5,75.0,Transient CPU spike detected on idle node
scen_000087,alt_scen_000087_00001,2026-09-01T00:01:38Z,TransientSpikeWarning,ecom_aux_11,user_service_11,warning,cpu_usage_percent,78.5,75.0,Transient CPU spike detected on idle node
scen_000087,alt_scen_000087_00002,2026-09-01T00:08:27Z,TransientSpikeWarning,ecom_aux_7,user_service_7,warning,cpu_usage_percent,78.5,75.0,Transient CPU spike detected on idle node
scen_000087,alt_scen_000087_00003,2026-09-01T00:12:27Z,TransientSpikeWarning,ecom_aux_2,user_service_2,warning,cpu_usage_percent,78.5,75.0,Transient CPU spike detected on idle node
scen_000088,alt_scen_000088_00003,2026-09-01T00:02:54Z,TransientSpikeWarning,sub_svc_7,sub_service_7,warning,cpu_usage_percent,78.5,75.0,Transient CPU spike detected on idle node
scen_000088,alt_scen_000088_00001,2026-09-01T00:04:40Z,TransientSpikeWarning,web_01,web_service,warning,cpu_usage_percent,78.5,75.0,Transient CPU spike detected on idle node
scen_000088,alt_scen_000088_00006,2026-09-01T00:08:25Z,TransientSpikeWarning,sub_svc_14,sub_service_14,warning,cpu_usage_percent,78.5,75.0,Transient CPU spike detected on idle node
scen_000088,alt_scen_000088_00005,2026-09-01T00:09:35Z,TransientSpikeWarning,sub_svc_6,sub_service_6,warning,cpu_usage_percent,78.5,75.0,Transient CPU spike detected on idle node
scen_000088,alt_scen_000088_00004,2026-09-01T00:14:29Z,TransientSpikeWarning,sub_svc_11,sub_service_11,warning,cpu_usage_percent,78.5,75.0,Transient CPU spike detected on idle node
scen_000088,alt_scen_000088_00002,2026-09-01T00:16:24Z,TransientSpikeWarning,sub_svc_3,sub_service_3,warning,cpu_usage_percent,78.5,75.0,Transient CPU spike detected on idle node
scen_000089,alt_scen_000089_00076,2026-09-01T00:00:11Z,TransientSpikeWarning,node_32,mesh_svc_32,warning,cpu_usage_percent,78.5,75.0,Transient CPU spike detected on idle node
scen_000089,alt_scen_000089_00078,2026-09-01T00:02:33Z,TransientSpikeWarning,node_33,mesh_svc_33,warning,cpu_usage_percent,78.5,75.0,Transient CPU spike detected on idle node
scen_000089,alt_scen_000089_00077,2026-09-01T00:02:53Z,TransientSpikeWarning,node_12,mesh_svc_12,warning,cpu_usage_percent,78.5,75.0,Transient CPU spike detected on idle node
scen_000089,alt_scen_000089_00001,2026-09-01T00:05:00Z,DbConnectionPoolSaturated,node_26,mesh_svc_26,warning,connection_pool_usage,98.73,90.0,Database connection pool saturated
scen_000089,alt_scen_000089_00002,2026-09-01T00:05:01.913513Z,DbConnectionPoolSaturated,node_26,mesh_svc_26,warning,connection_pool_usage,98.73,90.0,DUPLICATE: Database connection pool saturated
scen_000089,alt_scen_000089_00003,2026-09-01T00:05:10Z,DbConnectionPoolSaturated,node_26,mesh_svc_26,warning,connection_pool_usage,98.09,90.0,Database connection pool saturated
scen_000089,alt_scen_000089_00005,2026-09-01T00:05:19.084358Z,ErrorRateElevated,node_26,mesh_svc_26,critical,error_rate_percent,31.49,10.0,DUPLICATE: Error rate threshold exceeded
scen_000089,alt_scen_000089_00004,2026-09-01T00:05:20Z,ErrorRateElevated,node_26,mesh_svc_26,critical,error_rate_percent,31.49,10.0,Error rate threshold exceeded
scen_000089,alt_scen_000089_00006,2026-09-01T00:05:30Z,ErrorRateElevated,node_26,mesh_svc_26,critical,error_rate_percent,24.48,10.0,Error rate threshold exceeded
scen_000089,alt_scen_000089_00007,2026-09-01T00:05:30Z,DbConnectionPoolSaturated,node_26,mesh_svc_26,warning,connection_pool_usage,95.1,90.0,Database connection pool saturated
scen_000089,alt_scen_000089_00008,2026-09-01T00:05:50Z,ErrorRateElevated,node_26,mesh_svc_26,critical,error_rate_percent,28.2,10.0,Error rate threshold exceeded
scen_000089,alt_scen_000089_00009,2026-09-01T00:06:00Z,DbConnectionPoolSaturated,node_26,mesh_svc_26,warning,connection_pool_usage,98.96,90.0,Database connection pool saturated
scen_000089,alt_scen_000089_00010,2026-09-01T00:06:10Z,ErrorRateElevated,node_26,mesh_svc_26,critical,error_rate_percent,27.66,10.0,Error rate threshold exceeded
scen_000089,alt_scen_000089_00011,2026-09-01T00:06:30Z,DbConnectionPoolSaturated,node_26,mesh_svc_26,warning,connection_pool_usage,98.76,90.0,Database connection pool saturated
scen_000089,alt_scen_000089_00012,2026-09-01T00:06:50Z,ErrorRateElevated,node_26,mesh_svc_26,critical,error_rate_percent,40.98,10.0,Error rate threshold exceeded
scen_000089,alt_scen_000089_00013,2026-09-01T00:07:20Z,ErrorRateElevated,node_26,mesh_svc_26,critical,error_rate_percent,40.67,10.0,Error rate threshold exceeded
scen_000089,alt_scen_000089_00014,2026-09-01T00:07:30Z,ErrorRateElevated,node_26,mesh_svc_26,critical,error_rate_percent,41.4,10.0,Error rate threshold exceeded
scen_000089,alt_scen_000089_00015,2026-09-01T00:08:00Z,ErrorRateElevated,node_26,mesh_svc_26,critical,error_rate_percent,41.43,10.0,Error rate threshold exceeded
scen_000089,alt_scen_000089_00016,2026-09-01T00:08:50Z,DbConnectionPoolSaturated,node_26,mesh_svc_26,warning,connection_pool_usage,95.09,90.0,Database connection pool saturated
scen_000089,alt_scen_000089_00017,2026-09-01T00:09:00Z,DbConnectionPoolSaturated,node_26,mesh_svc_26,warning,connection_pool_usage,99.5,90.0,Database connection pool saturated
scen_000089,alt_scen_000089_00018,2026-09-01T00:09:20Z,ErrorRateElevated,node_26,mesh_svc_26,critical,error_rate_percent,30.1,10.0,Error rate threshold exceeded
scen_000089,alt_scen_000089_00019,2026-09-01T00:09:21.409744Z,ErrorRateElevated,node_26,mesh_svc_26,critical,error_rate_percent,30.1,10.0,DUPLICATE: Error rate threshold exceeded
scen_000089,alt_scen_000089_00020,2026-09-01T00:09:40Z,ErrorRateElevated,node_26,mesh_svc_26,critical,error_rate_percent,26.2,10.0,Error rate threshold exceeded
scen_000089,alt_scen_000089_00021,2026-09-01T00:09:50Z,DbConnectionPoolSaturated,node_26,mesh_svc_26,warning,connection_pool_usage,95.72,90.0,Database connection pool saturated
scen_000089,alt_scen_000089_00022,2026-09-01T00:11:00Z,DbConnectionPoolSaturated,node_26,mesh_svc_26,warning,connection_pool_usage,98.48,90.0,Database connection pool saturated
scen_000089,alt_scen_000089_00023,2026-09-01T00:11:30Z,DbConnectionPoolSaturated,node_26,mesh_svc_26,warning,connection_pool_usage,99.08,90.0,Database connection pool saturated
scen_000089,alt_scen_000089_00024,2026-09-01T00:11:40Z,DbConnectionPoolSaturated,node_26,mesh_svc_26,warning,connection_pool_usage,98.27,90.0,Database connection pool saturated
scen_000089,alt_scen_000089_00025,2026-09-01T00:11:50Z,DbConnectionPoolSaturated,node_26,mesh_svc_26,warning,connection_pool_usage,95.21,90.0,Database connection pool saturated
scen_000089,alt_scen_000089_00026,2026-09-01T00:12:10Z,DbConnectionPoolSaturated,node_26,mesh_svc_26,warning,connection_pool_usage,99.09,90.0,Database connection pool saturated
scen_000089,alt_scen_000089_00027,2026-09-01T00:12:11.742503Z,DbConnectionPoolSaturated,node_26,mesh_svc_26,warning,connection_pool_usage,99.09,90.0,DUPLICATE: Database connection pool saturated
scen_000089,alt_scen_000089_00029,2026-09-01T00:12:38.916004Z,ErrorRateElevated,node_26,mesh_svc_26,critical,error_rate_percent,26.43,10.0,DUPLICATE: Error rate threshold exceeded
scen_000089,alt_scen_000089_00028,2026-09-01T00:12:40Z,ErrorRateElevated,node_26,mesh_svc_26,critical,error_rate_percent,26.43,10.0,Error rate threshold exceeded
scen_000089,alt_scen_000089_00030,2026-09-01T00:12:50Z,ErrorRateElevated,node_26,mesh_svc_26,critical,error_rate_percent,44.83,10.0,Error rate threshold exceeded
scen_000089,alt_scen_000089_00031,2026-09-01T00:13:10Z,DbConnectionPoolSaturated,node_26,mesh_svc_26,warning,connection_pool_usage,95.31,90.0,Database connection pool saturated
scen_000089,alt_scen_000089_00032,2026-09-01T00:13:20Z,ErrorRateElevated,node_26,mesh_svc_26,critical,error_rate_percent,36.74,10.0,Error rate threshold exceeded
scen_000089,alt_scen_000089_00033,2026-09-01T00:13:30Z,DbConnectionPoolSaturated,node_26,mesh_svc_26,warning,connection_pool_usage,98.82,90.0,Database connection pool saturated
scen_000089,alt_scen_000089_00034,2026-09-01T00:13:50Z,DbConnectionPoolSaturated,node_26,mesh_svc_26,warning,connection_pool_usage,95.18,90.0,Database connection pool saturated
scen_000089,alt_scen_000089_00075,2026-09-01T00:14:06Z,TransientSpikeWarning,node_29,mesh_svc_29,warning,cpu_usage_percent,78.5,75.0,Transient CPU spike detected on idle node
scen_000089,alt_scen_000089_00035,2026-09-01T00:14:20Z,DbConnectionPoolSaturated,node_26,mesh_svc_26,warning,connection_pool_usage,98.17,90.0,Database connection pool saturated
scen_000089,alt_scen_000089_00036,2026-09-01T00:14:30Z,ErrorRateElevated,node_26,mesh_svc_26,critical,error_rate_percent,21.22,10.0,Error rate threshold exceeded
scen_000089,alt_scen_000089_00037,2026-09-01T00:14:50Z,ErrorRateElevated,node_26,mesh_svc_26,critical,error_rate_percent,41.64,10.0,Error rate threshold exceeded
scen_000089,alt_scen_000089_00038,2026-09-01T00:14:50Z,DbConnectionPoolSaturated,node_26,mesh_svc_26,warning,connection_pool_usage,96.17,90.0,Database connection pool saturated
scen_000089,alt_scen_000089_00039,2026-09-01T00:15:20Z,DbConnectionPoolSaturated,node_26,mesh_svc_26,warning,connection_pool_usage,98.69,90.0,Database connection pool saturated
scen_000089,alt_scen_000089_00040,2026-09-01T00:16:00Z,ErrorRateElevated,node_26,mesh_svc_26,critical,error_rate_percent,27.96,10.0,Error rate threshold exceeded
scen_000089,alt_scen_000089_00041,2026-09-01T00:16:30Z,ErrorRateElevated,node_26,mesh_svc_26,critical,error_rate_percent,43.09,10.0,Error rate threshold exceeded
scen_000089,alt_scen_000089_00042,2026-09-01T00:17:00Z,ErrorRateElevated,node_26,mesh_svc_26,critical,error_rate_percent,44.01,10.0,Error rate threshold exceeded
scen_000089,alt_scen_000089_00043,2026-09-01T00:17:10Z,DbConnectionPoolSaturated,node_26,mesh_svc_26,warning,connection_pool_usage,99.28,90.0,Database connection pool saturated
scen_000089,alt_scen_000089_00045,2026-09-01T00:17:39.303516Z,DbConnectionPoolSaturated,node_26,mesh_svc_26,warning,connection_pool_usage,96.87,90.0,DUPLICATE: Database connection pool saturated
scen_000089,alt_scen_000089_00044,2026-09-01T00:17:40Z,DbConnectionPoolSaturated,node_26,mesh_svc_26,warning,connection_pool_usage,96.87,90.0,Database connection pool saturated
scen_000089,alt_scen_000089_00046,2026-09-01T00:17:50Z,DbConnectionPoolSaturated,node_26,mesh_svc_26,warning,connection_pool_usage,95.58,90.0,Database connection pool saturated
scen_000089,alt_scen_000089_00047,2026-09-01T00:18:20Z,ErrorRateElevated,node_26,mesh_svc_26,critical,error_rate_percent,42.28,10.0,Error rate threshold exceeded
scen_000089,alt_scen_000089_00048,2026-09-01T00:18:20Z,DbConnectionPoolSaturated,node_26,mesh_svc_26,warning,connection_pool_usage,98.27,90.0,Database connection pool saturated
scen_000089,alt_scen_000089_00049,2026-09-01T00:18:50Z,DbConnectionPoolSaturated,node_26,mesh_svc_26,warning,connection_pool_usage,95.33,90.0,Database connection pool saturated
scen_000089,alt_scen_000089_00050,2026-09-01T00:19:00Z,ErrorRateElevated,node_26,mesh_svc_26,critical,error_rate_percent,37.0,10.0,Error rate threshold exceeded
scen_000089,alt_scen_000089_00051,2026-09-01T00:19:10Z,DbConnectionPoolSaturated,node_26,mesh_svc_26,warning,connection_pool_usage,99.43,90.0,Database connection pool saturated
scen_000089,alt_scen_000089_00052,2026-09-01T00:19:50Z,ErrorRateElevated,node_26,mesh_svc_26,critical,error_rate_percent,40.11,10.0,Error rate threshold exceeded
scen_000089,alt_scen_000089_00053,2026-09-01T00:20:10Z,DbConnectionPoolSaturated,node_26,mesh_svc_26,warning,connection_pool_usage,96.78,90.0,Database connection pool saturated
scen_000089,alt_scen_000089_00054,2026-09-01T00:20:13.078886Z,DbConnectionPoolSaturated,node_26,mesh_svc_26,warning,connection_pool_usage,96.78,90.0,DUPLICATE: Database connection pool saturated
scen_000089,alt_scen_000089_00055,2026-09-01T00:20:20Z,DbConnectionPoolSaturated,node_26,mesh_svc_26,warning,connection_pool_usage,96.25,90.0,Database connection pool saturated
scen_000089,alt_scen_000089_00056,2026-09-01T00:20:30Z,DbConnectionPoolSaturated,node_26,mesh_svc_26,warning,connection_pool_usage,95.7,90.0,Database connection pool saturated
scen_000089,alt_scen_000089_00057,2026-09-01T00:20:31.992123Z,DbConnectionPoolSaturated,node_26,mesh_svc_26,warning,connection_pool_usage,95.7,90.0,DUPLICATE: Database connection pool saturated
scen_000089,alt_scen_000089_00058,2026-09-01T00:20:40Z,ErrorRateElevated,node_26,mesh_svc_26,critical,error_rate_percent,25.82,10.0,Error rate threshold exceeded
scen_000089,alt_scen_000089_00059,2026-09-01T00:21:20Z,DbConnectionPoolSaturated,node_26,mesh_svc_26,warning,connection_pool_usage,97.06,90.0,Database connection pool saturated
scen_000089,alt_scen_000089_00060,2026-09-01T00:22:00Z,DbConnectionPoolSaturated,node_26,mesh_svc_26,warning,connection_pool_usage,96.49,90.0,Database connection pool saturated
scen_000089,alt_scen_000089_00061,2026-09-01T00:22:30Z,ErrorRateElevated,node_26,mesh_svc_26,critical,error_rate_percent,23.47,10.0,Error rate threshold exceeded
scen_000089,alt_scen_000089_00062,2026-09-01T00:23:00Z,DbConnectionPoolSaturated,node_26,mesh_svc_26,warning,connection_pool_usage,99.55,90.0,Database connection pool saturated
scen_000089,alt_scen_000089_00063,2026-09-01T00:23:10Z,DbConnectionPoolSaturated,node_26,mesh_svc_26,warning,connection_pool_usage,97.01,90.0,Database connection pool saturated
scen_000089,alt_scen_000089_00065,2026-09-01T00:23:19.732344Z,DbConnectionPoolSaturated,node_26,mesh_svc_26,warning,connection_pool_usage,97.51,90.0,DUPLICATE: Database connection pool saturated
scen_000089,alt_scen_000089_00064,2026-09-01T00:23:20Z,DbConnectionPoolSaturated,node_26,mesh_svc_26,warning,connection_pool_usage,97.51,90.0,Database connection pool saturated
scen_000089,alt_scen_000089_00066,2026-09-01T00:23:30Z,ErrorRateElevated,node_26,mesh_svc_26,critical,error_rate_percent,43.34,10.0,Error rate threshold exceeded
scen_000089,alt_scen_000089_00067,2026-09-01T00:23:30Z,DbConnectionPoolSaturated,node_26,mesh_svc_26,warning,connection_pool_usage,95.55,90.0,Database connection pool saturated
scen_000089,alt_scen_000089_00068,2026-09-01T00:23:50Z,DbConnectionPoolSaturated,node_26,mesh_svc_26,warning,connection_pool_usage,99.3,90.0,Database connection pool saturated
scen_000089,alt_scen_000089_00069,2026-09-01T00:24:10Z,ErrorRateElevated,node_26,mesh_svc_26,critical,error_rate_percent,38.64,10.0,Error rate threshold exceeded
scen_000089,alt_scen_000089_00070,2026-09-01T00:24:10Z,DbConnectionPoolSaturated,node_26,mesh_svc_26,warning,connection_pool_usage,95.38,90.0,Database connection pool saturated
scen_000089,alt_scen_000089_00071,2026-09-01T00:24:30Z,ErrorRateElevated,node_26,mesh_svc_26,critical,error_rate_percent,32.48,10.0,Error rate threshold exceeded
scen_000089,alt_scen_000089_00072,2026-09-01T00:24:40Z,ErrorRateElevated,node_26,mesh_svc_26,critical,error_rate_percent,34.88,10.0,Error rate threshold exceeded
scen_000089,alt_scen_000089_00073,2026-09-01T00:24:40Z,DbConnectionPoolSaturated,node_26,mesh_svc_26,warning,connection_pool_usage,95.79,90.0,Database connection pool saturated
scen_000089,alt_scen_000089_00074,2026-09-01T00:24:50Z,ErrorRateElevated,node_26,mesh_svc_26,critical,error_rate_percent,39.31,10.0,Error rate threshold exceeded
scen_000090,alt_scen_000090_00002,2026-09-01T00:02:24Z,TransientSpikeWarning,consumer_14,kafka_consumer_14,warning,cpu_usage_percent,78.5,75.0,Transient CPU spike detected on idle node
scen_000090,alt_scen_000090_00003,2026-09-01T00:07:21Z,TransientSpikeWarning,db_event,mysql,warning,cpu_usage_percent,78.5,75.0,Transient CPU spike detected on idle node
scen_000090,alt_scen_000090_00005,2026-09-01T00:09:41Z,TransientSpikeWarning,consumer_4,kafka_consumer_4,warning,cpu_usage_percent,78.5,75.0,Transient CPU spike detected on idle node
scen_000090,alt_scen_000090_00006,2026-09-01T00:09:44Z,TransientSpikeWarning,consumer_18,kafka_consumer_18,warning,cpu_usage_percent,78.5,75.0,Transient CPU spike detected on idle node
scen_000090,alt_scen_000090_00001,2026-09-01T00:11:21Z,TransientSpikeWarning,consumer_23,kafka_consumer_23,warning,cpu_usage_percent,78.5,75.0,Transient CPU spike detected on idle node
scen_000090,alt_scen_000090_00004,2026-09-01T00:12:47Z,TransientSpikeWarning,notif_01,notification_service,warning,cpu_usage_percent,78.5,75.0,Transient CPU spike detected on idle node
scen_000091,alt_scen_000091_00003,2026-09-01T00:06:34Z,TransientSpikeWarning,rec_01,recommendation_service,warning,cpu_usage_percent,78.5,75.0,Transient CPU spike detected on idle node
scen_000091,alt_scen_000091_00001,2026-09-01T00:09:38Z,TransientSpikeWarning,search_node_13,search_aux_13,warning,cpu_usage_percent,78.5,75.0,Transient CPU spike detected on idle node
scen_000091,alt_scen_000091_00004,2026-09-01T00:09:53Z,TransientSpikeWarning,search_node_27,search_aux_27,warning,cpu_usage_percent,78.5,75.0,Transient CPU spike detected on idle node
scen_000091,alt_scen_000091_00002,2026-09-01T00:14:44Z,TransientSpikeWarning,gw_01,api_gateway,warning,cpu_usage_percent,78.5,75.0,Transient CPU spike detected on idle node
scen_000092,alt_scen_000092_00001,2026-09-01T00:05:00Z,DbConnectionPoolSaturated,ecom_aux_37,user_service_37,warning,connection_pool_usage,97.14,90.0,Database connection pool saturated
scen_000092,alt_scen_000092_00003,2026-09-01T00:05:15.794748Z,ErrorRateElevated,ecom_aux_37,user_service_37,critical,error_rate_percent,36.47,10.0,DUPLICATE: Error rate threshold exceeded
scen_000092,alt_scen_000092_00002,2026-09-01T00:05:20Z,ErrorRateElevated,ecom_aux_37,user_service_37,critical,error_rate_percent,36.47,10.0,Error rate threshold exceeded
scen_000092,alt_scen_000092_00004,2026-09-01T00:05:30Z,DbConnectionPoolSaturated,ecom_aux_37,user_service_37,warning,connection_pool_usage,99.08,90.0,Database connection pool saturated
scen_000092,alt_scen_000092_00006,2026-09-01T00:05:58.216193Z,ErrorRateElevated,ecom_aux_37,user_service_37,critical,error_rate_percent,32.93,10.0,DUPLICATE: Error rate threshold exceeded
scen_000092,alt_scen_000092_00008,2026-09-01T00:06:00.860771Z,DbConnectionPoolSaturated,ecom_aux_37,user_service_37,warning,connection_pool_usage,99.65,90.0,DUPLICATE: Database connection pool saturated
scen_000092,alt_scen_000092_00005,2026-09-01T00:06:00Z,ErrorRateElevated,ecom_aux_37,user_service_37,critical,error_rate_percent,32.93,10.0,Error rate threshold exceeded
scen_000092,alt_scen_000092_00007,2026-09-01T00:06:00Z,DbConnectionPoolSaturated,ecom_aux_37,user_service_37,warning,connection_pool_usage,99.65,90.0,Database connection pool saturated
scen_000092,alt_scen_000092_00010,2026-09-01T00:06:28.088475Z,ErrorRateElevated,ecom_aux_37,user_service_37,critical,error_rate_percent,41.62,10.0,DUPLICATE: Error rate threshold exceeded
scen_000092,alt_scen_000092_00009,2026-09-01T00:06:30Z,ErrorRateElevated,ecom_aux_37,user_service_37,critical,error_rate_percent,41.62,10.0,Error rate threshold exceeded
scen_000092,alt_scen_000092_00011,2026-09-01T00:06:30Z,DbConnectionPoolSaturated,ecom_aux_37,user_service_37,warning,connection_pool_usage,99.94,90.0,Database connection pool saturated
scen_000092,alt_scen_000092_00012,2026-09-01T00:07:20Z,DbConnectionPoolSaturated,ecom_aux_37,user_service_37,warning,connection_pool_usage,99.42,90.0,Database connection pool saturated
scen_000092,alt_scen_000092_00086,2026-09-01T00:07:38Z,TransientSpikeWarning,ecom_aux_30,user_service_30,warning,cpu_usage_percent,78.5,75.0,Transient CPU spike detected on idle node
scen_000092,alt_scen_000092_00014,2026-09-01T00:07:39.731514Z,ErrorRateElevated,ecom_aux_37,user_service_37,critical,error_rate_percent,25.47,10.0,DUPLICATE: Error rate threshold exceeded
scen_000092,alt_scen_000092_00013,2026-09-01T00:07:40Z,ErrorRateElevated,ecom_aux_37,user_service_37,critical,error_rate_percent,25.47,10.0,Error rate threshold exceeded
scen_000092,alt_scen_000092_00015,2026-09-01T00:08:40Z,ErrorRateElevated,ecom_aux_37,user_service_37,critical,error_rate_percent,26.95,10.0,Error rate threshold exceeded
scen_000092,alt_scen_000092_00016,2026-09-01T00:08:40Z,DbConnectionPoolSaturated,ecom_aux_37,user_service_37,warning,connection_pool_usage,95.82,90.0,Database connection pool saturated
scen_000092,alt_scen_000092_00017,2026-09-01T00:09:00Z,DbConnectionPoolSaturated,ecom_aux_37,user_service_37,warning,connection_pool_usage,97.19,90.0,Database connection pool saturated
scen_000092,alt_scen_000092_00018,2026-09-01T00:09:20Z,ErrorRateElevated,ecom_aux_37,user_service_37,critical,error_rate_percent,34.44,10.0,Error rate threshold exceeded
scen_000092,alt_scen_000092_00019,2026-09-01T00:09:20Z,DbConnectionPoolSaturated,ecom_aux_37,user_service_37,warning,connection_pool_usage,95.11,90.0,Database connection pool saturated
scen_000092,alt_scen_000092_00020,2026-09-01T00:09:40Z,ErrorRateElevated,ecom_aux_37,user_service_37,critical,error_rate_percent,38.25,10.0,Error rate threshold exceeded
scen_000092,alt_scen_000092_00022,2026-09-01T00:09:40Z,DbConnectionPoolSaturated,ecom_aux_37,user_service_37,warning,connection_pool_usage,96.54,90.0,Database connection pool saturated
scen_000092,alt_scen_000092_00021,2026-09-01T00:09:44.141077Z,ErrorRateElevated,ecom_aux_37,user_service_37,critical,error_rate_percent,38.25,10.0,DUPLICATE: Error rate threshold exceeded
scen_000092,alt_scen_000092_00023,2026-09-01T00:09:44.444769Z,DbConnectionPoolSaturated,ecom_aux_37,user_service_37,warning,connection_pool_usage,96.54,90.0,DUPLICATE: Database connection pool saturated
scen_000092,alt_scen_000092_00024,2026-09-01T00:10:00Z,ErrorRateElevated,ecom_aux_37,user_service_37,critical,error_rate_percent,34.39,10.0,Error rate threshold exceeded
scen_000092,alt_scen_000092_00025,2026-09-01T00:10:10Z,ErrorRateElevated,ecom_aux_37,user_service_37,critical,error_rate_percent,21.06,10.0,Error rate threshold exceeded
scen_000092,alt_scen_000092_00026,2026-09-01T00:10:20Z,DbConnectionPoolSaturated,ecom_aux_37,user_service_37,warning,connection_pool_usage,95.52,90.0,Database connection pool saturated
scen_000092,alt_scen_000092_00084,2026-09-01T00:10:25Z,TransientSpikeWarning,db_master,postgresql,warning,cpu_usage_percent,78.5,75.0,Transient CPU spike detected on idle node
scen_000092,alt_scen_000092_00027,2026-09-01T00:10:40Z,DbConnectionPoolSaturated,ecom_aux_37,user_service_37,warning,connection_pool_usage,98.06,90.0,Database connection pool saturated
scen_000092,alt_scen_000092_00028,2026-09-01T00:10:50Z,ErrorRateElevated,ecom_aux_37,user_service_37,critical,error_rate_percent,24.16,10.0,Error rate threshold exceeded
scen_000092,alt_scen_000092_00029,2026-09-01T00:11:00Z,ErrorRateElevated,ecom_aux_37,user_service_37,critical,error_rate_percent,29.14,10.0,Error rate threshold exceeded
scen_000092,alt_scen_000092_00031,2026-09-01T00:11:08.687952Z,ErrorRateElevated,ecom_aux_37,user_service_37,critical,error_rate_percent,24.1,10.0,DUPLICATE: Error rate threshold exceeded
scen_000092,alt_scen_000092_00030,2026-09-01T00:11:10Z,ErrorRateElevated,ecom_aux_37,user_service_37,critical,error_rate_percent,24.1,10.0,Error rate threshold exceeded
scen_000092,alt_scen_000092_00032,2026-09-01T00:11:10Z,DbConnectionPoolSaturated,ecom_aux_37,user_service_37,warning,connection_pool_usage,98.49,90.0,Database connection pool saturated
scen_000092,alt_scen_000092_00033,2026-09-01T00:11:20Z,DbConnectionPoolSaturated,ecom_aux_37,user_service_37,warning,connection_pool_usage,95.39,90.0,Database connection pool saturated
scen_000092,alt_scen_000092_00085,2026-09-01T00:12:03Z,TransientSpikeWarning,ecom_aux_37,user_service_37,warning,cpu_usage_percent,78.5,75.0,Transient CPU spike detected on idle node
scen_000092,alt_scen_000092_00034,2026-09-01T00:13:10Z,ErrorRateElevated,ecom_aux_37,user_service_37,critical,error_rate_percent,35.31,10.0,Error rate threshold exceeded
scen_000092,alt_scen_000092_00035,2026-09-01T00:13:30Z,ErrorRateElevated,ecom_aux_37,user_service_37,critical,error_rate_percent,21.76,10.0,Error rate threshold exceeded
scen_000092,alt_scen_000092_00036,2026-09-01T00:13:50Z,ErrorRateElevated,ecom_aux_37,user_service_37,critical,error_rate_percent,24.46,10.0,Error rate threshold exceeded
scen_000092,alt_scen_000092_00037,2026-09-01T00:14:00Z,ErrorRateElevated,ecom_aux_37,user_service_37,critical,error_rate_percent,21.03,10.0,Error rate threshold exceeded
scen_000092,alt_scen_000092_00038,2026-09-01T00:14:00Z,DbConnectionPoolSaturated,ecom_aux_37,user_service_37,warning,connection_pool_usage,98.25,90.0,Database connection pool saturated
scen_000092,alt_scen_000092_00039,2026-09-01T00:14:01.795115Z,DbConnectionPoolSaturated,ecom_aux_37,user_service_37,warning,connection_pool_usage,98.25,90.0,DUPLICATE: Database connection pool saturated
scen_000092,alt_scen_000092_00040,2026-09-01T00:14:20Z,ErrorRateElevated,ecom_aux_37,user_service_37,critical,error_rate_percent,44.77,10.0,Error rate threshold exceeded
scen_000092,alt_scen_000092_00041,2026-09-01T00:14:24.340591Z,ErrorRateElevated,ecom_aux_37,user_service_37,critical,error_rate_percent,44.77,10.0,DUPLICATE: Error rate threshold exceeded
scen_000092,alt_scen_000092_00042,2026-09-01T00:14:40Z,ErrorRateElevated,ecom_aux_37,user_service_37,critical,error_rate_percent,40.53,10.0,Error rate threshold exceeded
scen_000092,alt_scen_000092_00043,2026-09-01T00:15:10Z,DbConnectionPoolSaturated,ecom_aux_37,user_service_37,warning,connection_pool_usage,98.79,90.0,Database connection pool saturated
scen_000092,alt_scen_000092_00044,2026-09-01T00:15:30Z,ErrorRateElevated,ecom_aux_37,user_service_37,critical,error_rate_percent,38.62,10.0,Error rate threshold exceeded
scen_000092,alt_scen_000092_00045,2026-09-01T00:15:40Z,ErrorRateElevated,ecom_aux_37,user_service_37,critical,error_rate_percent,36.58,10.0,Error rate threshold exceeded
scen_000092,alt_scen_000092_00046,2026-09-01T00:16:20Z,DbConnectionPoolSaturated,ecom_aux_37,user_service_37,warning,connection_pool_usage,98.84,90.0,Database connection pool saturated
scen_000092,alt_scen_000092_00047,2026-09-01T00:16:30Z,DbConnectionPoolSaturated,ecom_aux_37,user_service_37,warning,connection_pool_usage,97.3,90.0,Database connection pool saturated
scen_000092,alt_scen_000092_00048,2026-09-01T00:16:40Z,ErrorRateElevated,ecom_aux_37,user_service_37,critical,error_rate_percent,35.77,10.0,Error rate threshold exceeded
scen_000092,alt_scen_000092_00049,2026-09-01T00:17:00Z,DbConnectionPoolSaturated,ecom_aux_37,user_service_37,warning,connection_pool_usage,97.5,90.0,Database connection pool saturated
scen_000092,alt_scen_000092_00050,2026-09-01T00:17:03.012492Z,DbConnectionPoolSaturated,ecom_aux_37,user_service_37,warning,connection_pool_usage,97.5,90.0,DUPLICATE: Database connection pool saturated
scen_000092,alt_scen_000092_00051,2026-09-01T00:17:10Z,ErrorRateElevated,ecom_aux_37,user_service_37,critical,error_rate_percent,35.53,10.0,Error rate threshold exceeded
scen_000092,alt_scen_000092_00052,2026-09-01T00:17:10Z,DbConnectionPoolSaturated,ecom_aux_37,user_service_37,warning,connection_pool_usage,95.78,90.0,Database connection pool saturated
scen_000092,alt_scen_000092_00053,2026-09-01T00:17:20Z,ErrorRateElevated,ecom_aux_37,user_service_37,critical,error_rate_percent,41.08,10.0,Error rate threshold exceeded
scen_000092,alt_scen_000092_00054,2026-09-01T00:17:30Z,ErrorRateElevated,ecom_aux_37,user_service_37,critical,error_rate_percent,32.67,10.0,Error rate threshold exceeded
scen_000092,alt_scen_000092_00055,2026-09-01T00:17:40Z,ErrorRateElevated,ecom_aux_37,user_service_37,critical,error_rate_percent,41.19,10.0,Error rate threshold exceeded
scen_000092,alt_scen_000092_00056,2026-09-01T00:17:40Z,DbConnectionPoolSaturated,ecom_aux_37,user_service_37,warning,connection_pool_usage,99.76,90.0,Database connection pool saturated
scen_000092,alt_scen_000092_00057,2026-09-01T00:18:00Z,DbConnectionPoolSaturated,ecom_aux_37,user_service_37,warning,connection_pool_usage,99.29,90.0,Database connection pool saturated
scen_000092,alt_scen_000092_00058,2026-09-01T00:18:04.059091Z,DbConnectionPoolSaturated,ecom_aux_37,user_service_37,warning,connection_pool_usage,99.29,90.0,DUPLICATE: Database connection pool saturated
scen_000092,alt_scen_000092_00059,2026-09-01T00:18:10Z,DbConnectionPoolSaturated,ecom_aux_37,user_service_37,warning,connection_pool_usage,97.24,90.0,Database connection pool saturated
scen_000092,alt_scen_000092_00060,2026-09-01T00:18:20Z,ErrorRateElevated,ecom_aux_37,user_service_37,critical,error_rate_percent,40.42,10.0,Error rate threshold exceeded
scen_000092,alt_scen_000092_00061,2026-09-01T00:18:30Z,DbConnectionPoolSaturated,ecom_aux_37,user_service_37,warning,connection_pool_usage,97.99,90.0,Database connection pool saturated
scen_000092,alt_scen_000092_00062,2026-09-01T00:18:40Z,ErrorRateElevated,ecom_aux_37,user_service_37,critical,error_rate_percent,23.48,10.0,Error rate threshold exceeded
scen_000092,alt_scen_000092_00063,2026-09-01T00:18:50Z,ErrorRateElevated,ecom_aux_37,user_service_37,critical,error_rate_percent,27.95,10.0,Error rate threshold exceeded
scen_000092,alt_scen_000092_00064,2026-09-01T00:18:50Z,DbConnectionPoolSaturated,ecom_aux_37,user_service_37,warning,connection_pool_usage,98.26,90.0,Database connection pool saturated
scen_000092,alt_scen_000092_00065,2026-09-01T00:19:10Z,ErrorRateElevated,ecom_aux_37,user_service_37,critical,error_rate_percent,25.89,10.0,Error rate threshold exceeded
scen_000092,alt_scen_000092_00066,2026-09-01T00:19:13.881722Z,ErrorRateElevated,ecom_aux_37,user_service_37,critical,error_rate_percent,25.89,10.0,DUPLICATE: Error rate threshold exceeded
scen_000092,alt_scen_000092_00067,2026-09-01T00:19:50Z,ErrorRateElevated,ecom_aux_37,user_service_37,critical,error_rate_percent,38.95,10.0,Error rate threshold exceeded
scen_000092,alt_scen_000092_00068,2026-09-01T00:20:00Z,DbConnectionPoolSaturated,ecom_aux_37,user_service_37,warning,connection_pool_usage,97.09,90.0,Database connection pool saturated
scen_000092,alt_scen_000092_00069,2026-09-01T00:20:20Z,DbConnectionPoolSaturated,ecom_aux_37,user_service_37,warning,connection_pool_usage,95.3,90.0,Database connection pool saturated
scen_000092,alt_scen_000092_00070,2026-09-01T00:20:50Z,ErrorRateElevated,ecom_aux_37,user_service_37,critical,error_rate_percent,27.54,10.0,Error rate threshold exceeded
scen_000092,alt_scen_000092_00071,2026-09-01T00:21:20Z,DbConnectionPoolSaturated,ecom_aux_37,user_service_37,warning,connection_pool_usage,95.4,90.0,Database connection pool saturated
scen_000092,alt_scen_000092_00072,2026-09-01T00:21:30Z,ErrorRateElevated,ecom_aux_37,user_service_37,critical,error_rate_percent,30.09,10.0,Error rate threshold exceeded
scen_000092,alt_scen_000092_00073,2026-09-01T00:21:30Z,DbConnectionPoolSaturated,ecom_aux_37,user_service_37,warning,connection_pool_usage,95.34,90.0,Database connection pool saturated
scen_000092,alt_scen_000092_00074,2026-09-01T00:21:40Z,DbConnectionPoolSaturated,ecom_aux_37,user_service_37,warning,connection_pool_usage,96.34,90.0,Database connection pool saturated
scen_000092,alt_scen_000092_00075,2026-09-01T00:22:20Z,DbConnectionPoolSaturated,ecom_aux_37,user_service_37,warning,connection_pool_usage,99.38,90.0,Database connection pool saturated
scen_000092,alt_scen_000092_00076,2026-09-01T00:22:30Z,ErrorRateElevated,ecom_aux_37,user_service_37,critical,error_rate_percent,38.34,10.0,Error rate threshold exceeded
scen_000092,alt_scen_000092_00077,2026-09-01T00:22:40Z,ErrorRateElevated,ecom_aux_37,user_service_37,critical,error_rate_percent,39.02,10.0,Error rate threshold exceeded
scen_000092,alt_scen_000092_00078,2026-09-01T00:23:00Z,ErrorRateElevated,ecom_aux_37,user_service_37,critical,error_rate_percent,37.35,10.0,Error rate threshold exceeded
scen_000092,alt_scen_000092_00079,2026-09-01T00:23:00Z,DbConnectionPoolSaturated,ecom_aux_37,user_service_37,warning,connection_pool_usage,98.39,90.0,Database connection pool saturated
scen_000092,alt_scen_000092_00080,2026-09-01T00:23:30Z,ErrorRateElevated,ecom_aux_37,user_service_37,critical,error_rate_percent,34.33,10.0,Error rate threshold exceeded
scen_000092,alt_scen_000092_00082,2026-09-01T00:23:40.788267Z,DbConnectionPoolSaturated,ecom_aux_37,user_service_37,warning,connection_pool_usage,95.06,90.0,DUPLICATE: Database connection pool saturated
scen_000092,alt_scen_000092_00081,2026-09-01T00:23:40Z,DbConnectionPoolSaturated,ecom_aux_37,user_service_37,warning,connection_pool_usage,95.06,90.0,Database connection pool saturated
scen_000092,alt_scen_000092_00083,2026-09-01T00:23:50Z,ErrorRateElevated,ecom_aux_37,user_service_37,critical,error_rate_percent,22.37,10.0,Error rate threshold exceeded
scen_000093,alt_scen_000093_00003,2026-09-01T00:08:57Z,TransientSpikeWarning,user_01,user_service,warning,cpu_usage_percent,78.5,75.0,Transient CPU spike detected on idle node
scen_000093,alt_scen_000093_00002,2026-09-01T00:09:40Z,TransientSpikeWarning,consumer_31,kafka_consumer_31,warning,cpu_usage_percent,78.5,75.0,Transient CPU spike detected on idle node
scen_000093,alt_scen_000093_00001,2026-09-01T00:15:41Z,TransientSpikeWarning,consumer_25,kafka_consumer_25,warning,cpu_usage_percent,78.5,75.0,Transient CPU spike detected on idle node
scen_000094,alt_scen_000094_00005,2026-09-01T00:06:22Z,TransientSpikeWarning,mongo_01,mongodb,warning,cpu_usage_percent,78.5,75.0,Transient CPU spike detected on idle node
scen_000094,alt_scen_000094_00004,2026-09-01T00:09:03Z,TransientSpikeWarning,search_node_3,search_aux_3,warning,cpu_usage_percent,78.5,75.0,Transient CPU spike detected on idle node
scen_000094,alt_scen_000094_00003,2026-09-01T00:11:25Z,TransientSpikeWarning,search_node_5,search_aux_5,warning,cpu_usage_percent,78.5,75.0,Transient CPU spike detected on idle node
scen_000094,alt_scen_000094_00001,2026-09-01T00:12:02Z,TransientSpikeWarning,search_node_9,search_aux_9,warning,cpu_usage_percent,78.5,75.0,Transient CPU spike detected on idle node
scen_000094,alt_scen_000094_00006,2026-09-01T00:14:22Z,TransientSpikeWarning,rec_01,recommendation_service,warning,cpu_usage_percent,78.5,75.0,Transient CPU spike detected on idle node
scen_000094,alt_scen_000094_00002,2026-09-01T00:15:55Z,TransientSpikeWarning,search_node_1,search_aux_1,warning,cpu_usage_percent,78.5,75.0,Transient CPU spike detected on idle node
scen_000095,alt_scen_000095_00003,2026-09-01T00:00:11Z,TransientSpikeWarning,node_17,mesh_svc_17,warning,cpu_usage_percent,78.5,75.0,Transient CPU spike detected on idle node
scen_000095,alt_scen_000095_00002,2026-09-01T00:02:52Z,TransientSpikeWarning,node_14,mesh_svc_14,warning,cpu_usage_percent,78.5,75.0,Transient CPU spike detected on idle node
scen_000095,alt_scen_000095_00004,2026-09-01T00:04:07Z,TransientSpikeWarning,node_18,mesh_svc_18,warning,cpu_usage_percent,78.5,75.0,Transient CPU spike detected on idle node
scen_000095,alt_scen_000095_00001,2026-09-01T00:14:13Z,TransientSpikeWarning,node_28,mesh_svc_28,warning,cpu_usage_percent,78.5,75.0,Transient CPU spike detected on idle node
scen_000096,alt_scen_000096_00003,2026-09-01T00:00:46Z,TransientSpikeWarning,consumer_16,kafka_consumer_16,warning,cpu_usage_percent,78.5,75.0,Transient CPU spike detected on idle node
scen_000096,alt_scen_000096_00004,2026-09-01T00:03:06Z,TransientSpikeWarning,consumer_21,kafka_consumer_21,warning,cpu_usage_percent,78.5,75.0,Transient CPU spike detected on idle node
scen_000096,alt_scen_000096_00005,2026-09-01T00:07:39Z,TransientSpikeWarning,consumer_9,kafka_consumer_9,warning,cpu_usage_percent,78.5,75.0,Transient CPU spike detected on idle node
scen_000096,alt_scen_000096_00001,2026-09-01T00:07:55Z,TransientSpikeWarning,consumer_11,kafka_consumer_11,warning,cpu_usage_percent,78.5,75.0,Transient CPU spike detected on idle node
scen_000096,alt_scen_000096_00002,2026-09-01T00:13:38Z,TransientSpikeWarning,consumer_13,kafka_consumer_13,warning,cpu_usage_percent,78.5,75.0,Transient CPU spike detected on idle node
scen_000096,alt_scen_000096_00006,2026-09-01T00:16:34Z,TransientSpikeWarning,ingest_01,ingestion_gateway,warning,cpu_usage_percent,78.5,75.0,Transient CPU spike detected on idle node
scen_000097,alt_scen_000097_00004,2026-09-01T00:01:38Z,TransientSpikeWarning,node_28,mesh_svc_28,warning,cpu_usage_percent,78.5,75.0,Transient CPU spike detected on idle node
scen_000097,alt_scen_000097_00001,2026-09-01T00:04:03Z,TransientSpikeWarning,node_19,mesh_svc_19,warning,cpu_usage_percent,78.5,75.0,Transient CPU spike detected on idle node
scen_000097,alt_scen_000097_00003,2026-09-01T00:13:09Z,TransientSpikeWarning,node_14,mesh_svc_14,warning,cpu_usage_percent,78.5,75.0,Transient CPU spike detected on idle node
scen_000097,alt_scen_000097_00002,2026-09-01T00:16:31Z,TransientSpikeWarning,node_32,mesh_svc_32,warning,cpu_usage_percent,78.5,75.0,Transient CPU spike detected on idle node
scen_000098,alt_scen_000098_00001,2026-09-01T00:04:48Z,TransientSpikeWarning,sub_svc_11,sub_service_11,warning,cpu_usage_percent,78.5,75.0,Transient CPU spike detected on idle node
scen_000098,alt_scen_000098_00006,2026-09-01T00:09:06Z,TransientSpikeWarning,sub_svc_11,sub_service_11,warning,cpu_usage_percent,78.5,75.0,Transient CPU spike detected on idle node
scen_000098,alt_scen_000098_00002,2026-09-01T00:09:59Z,TransientSpikeWarning,sub_svc_13,sub_service_13,warning,cpu_usage_percent,78.5,75.0,Transient CPU spike detected on idle node
scen_000098,alt_scen_000098_00005,2026-09-01T00:11:43Z,TransientSpikeWarning,sub_svc_42,sub_service_42,warning,cpu_usage_percent,78.5,75.0,Transient CPU spike detected on idle node
scen_000098,alt_scen_000098_00003,2026-09-01T00:12:28Z,TransientSpikeWarning,sub_svc_38,sub_service_38,warning,cpu_usage_percent,78.5,75.0,Transient CPU spike detected on idle node
scen_000098,alt_scen_000098_00004,2026-09-01T00:13:58Z,TransientSpikeWarning,sub_svc_36,sub_service_36,warning,cpu_usage_percent,78.5,75.0,Transient CPU spike detected on idle node
scen_000099,alt_scen_000099_00002,2026-09-01T00:02:50Z,TransientSpikeWarning,sub_svc_2,sub_service_2,warning,cpu_usage_percent,78.5,75.0,Transient CPU spike detected on idle node
scen_000099,alt_scen_000099_00001,2026-09-01T00:04:03Z,TransientSpikeWarning,sub_svc_32,sub_service_32,warning,cpu_usage_percent,78.5,75.0,Transient CPU spike detected on idle node
