source,target,dependency_type,latency,criticality,scenario_id,topology_id
gw_01,auth_01,HTTP,12.0,high,scen_000000,top_0000
gw_01,web_01,HTTP,15.0,high,scen_000000,top_0000
lb_01,gw_01,HTTP,5.0,critical,scen_000000,top_0000
auth_01,db_01,DATABASE,8.0,critical,scen_000000,top_0000
web_01,db_01,DATABASE,10.0,critical,scen_000000,top_0000
web_01,sub_svc_2,HTTP,10.0,low,scen_000000,top_0000
web_01,sub_svc_3,HTTP,10.0,low,scen_000000,top_0000
web_01,sub_svc_4,HTTP,10.0,low,scen_000000,top_0000
sub_svc_2,db_01,DATABASE,12.0,medium,scen_000000,top_0000
sub_svc_3,db_01,DATABASE,12.0,medium,scen_000000,top_0000
sub_svc_4,db_01,DATABASE,12.0,medium,scen_000000,top_0000
gw_01,auth_01,HTTP,12.0,high,scen_000001,top_0001
gw_01,web_01,HTTP,15.0,high,scen_000001,top_0001
lb_01,gw_01,HTTP,5.0,critical,scen_000001,top_0001
auth_01,db_01,DATABASE,8.0,critical,scen_000001,top_0001
web_01,db_01,DATABASE,10.0,critical,scen_000001,top_0001
web_01,sub_svc_2,HTTP,10.0,low,scen_000001,top_0001
web_01,sub_svc_3,HTTP,10.0,low,scen_000001,top_0001
web_01,sub_svc_4,HTTP,10.0,low,scen_000001,top_0001
web_01,sub_svc_5,HTTP,10.0,low,scen_000001,top_0001
web_01,sub_svc_6,HTTP,10.0,low,scen_000001,top_0001
web_01,sub_svc_7,HTTP,10.0,low,scen_000001,top_0001
web_01,sub_svc_8,HTTP,10.0,low,scen_000001,top_0001
web_01,sub_svc_9,HTTP,10.0,low,scen_000001,top_0001
web_01,sub_svc_10,HTTP,10.0,low,scen_000001,top_0001
web_01,sub_svc_11,HTTP,10.0,low,scen_000001,top_0001
web_01,sub_svc_12,HTTP,10.0,low,scen_000001,top_0001
web_01,sub_svc_13,HTTP,10.0,low,scen_000001,top_0001
web_01,sub_svc_14,HTTP,10.0,low,scen_000001,top_0001
web_01,sub_svc_15,HTTP,10.0,low,scen_000001,top_0001
web_01,sub_svc_16,HTTP,10.0,low,scen_000001,top_0001
web_01,sub_svc_17,HTTP,10.0,low,scen_000001,top_0001
web_01,sub_svc_18,HTTP,10.0,low,scen_000001,top_0001
web_01,sub_svc_19,HTTP,10.0,low,scen_000001,top_0001
web_01,sub_svc_20,HTTP,10.0,low,scen_000001,top_0001
web_01,sub_svc_21,HTTP,10.0,low,scen_000001,top_0001
web_01,sub_svc_22,HTTP,10.0,low,scen_000001,top_0001
web_01,sub_svc_23,HTTP,10.0,low,scen_000001,top_0001
web_01,sub_svc_24,HTTP,10.0,low,scen_000001,top_0001
web_01,sub_svc_25,HTTP,10.0,low,scen_000001,top_0001
web_01,sub_svc_26,HTTP,10.0,low,scen_000001,top_0001
web_01,sub_svc_27,HTTP,10.0,low,scen_000001,top_0001
web_01,sub_svc_28,HTTP,10.0,low,scen_000001,top_0001
web_01,sub_svc_29,HTTP,10.0,low,scen_000001,top_0001
web_01,sub_svc_30,HTTP,10.0,low,scen_000001,top_0001
web_01,sub_svc_31,HTTP,10.0,low,scen_000001,top_0001
sub_svc_2,db_01,DATABASE,12.0,medium,scen_000001,top_0001
sub_svc_3,db_01,DATABASE,12.0,medium,scen_000001,top_0001
sub_svc_4,db_01,DATABASE,12.0,medium,scen_000001,top_0001
sub_svc_5,db_01,DATABASE,12.0,medium,scen_000001,top_0001
sub_svc_6,db_01,DATABASE,12.0,medium,scen_000001,top_0001
sub_svc_7,db_01,DATABASE,12.0,medium,scen_000001,top_0001
sub_svc_8,db_01,DATABASE,12.0,medium,scen_000001,top_0001
sub_svc_9,db_01,DATABASE,12.0,medium,scen_000001,top_0001
sub_svc_10,db_01,DATABASE,12.0,medium,scen_000001,top_0001
sub_svc_11,db_01,DATABASE,12.0,medium,scen_000001,top_0001
sub_svc_12,db_01,DATABASE,12.0,medium,scen_000001,top_0001
sub_svc_13,db_01,DATABASE,12.0,medium,scen_000001,top_0001
sub_svc_14,db_01,DATABASE,12.0,medium,scen_000001,top_0001
sub_svc_15,db_01,DATABASE,12.0,medium,scen_000001,top_0001
sub_svc_16,db_01,DATABASE,12.0,medium,scen_000001,top_0001
sub_svc_17,db_01,DATABASE,12.0,medium,scen_000001,top_0001
sub_svc_18,db_01,DATABASE,12.0,medium,scen_000001,top_0001
sub_svc_19,db_01,DATABASE,12.0,medium,scen_000001,top_0001
sub_svc_20,db_01,DATABASE,12.0,medium,scen_000001,top_0001
sub_svc_21,db_01,DATABASE,12.0,medium,scen_000001,top_0001
sub_svc_22,db_01,DATABASE,12.0,medium,scen_000001,top_0001
sub_svc_23,db_01,DATABASE,12.0,medium,scen_000001,top_0001
sub_svc_24,db_01,DATABASE,12.0,medium,scen_000001,top_0001
sub_svc_25,db_01,DATABASE,12.0,medium,scen_000001,top_0001
sub_svc_26,db_01,DATABASE,12.0,medium,scen_000001,top_0001
sub_svc_27,db_01,DATABASE,12.0,medium,scen_000001,top_0001
sub_svc_28,db_01,DATABASE,12.0,medium,scen_000001,top_0001
sub_svc_29,db_01,DATABASE,12.0,medium,scen_000001,top_0001
sub_svc_30,db_01,DATABASE,12.0,medium,scen_000001,top_0001
sub_svc_31,db_01,DATABASE,12.0,medium,scen_000001,top_0001
node_00,node_01,DNS,13.98245782983877,medium,scen_000002,top_0002
node_00,node_04,HTTP,34.51206468853533,medium,scen_000002,top_0002
node_00,node_08,STORAGE,28.89713832030484,medium,scen_000002,top_0002
node_00,node_16,MESSAGE_QUEUE,19.495692685748676,medium,scen_000002,top_0002
node_00,node_32,DATABASE,10.0,low,scen_000002,top_0002
node_00,node_11,DATABASE,10.0,low,scen_000002,top_0002
node_00,node_07,CACHE,10.0,low,scen_000002,top_0002
node_00,node_10,MESSAGE_QUEUE,10.0,low,scen_000002,top_0002
node_01,node_02,MESSAGE_QUEUE,17.262500292498448,medium,scen_000002,top_0002
node_01,node_11,STORAGE,12.152711161360788,medium,scen_000002,top_0002
node_01,node_13,DNS,16.95787333136887,medium,scen_000002,top_0002
node_01,node_26,MESSAGE_QUEUE,33.3129589901083,medium,scen_000002,top_0002
node_02,node_03,HTTP,34.02229772415537,medium,scen_000002,top_0002
node_02,node_05,DNS,11.092014440102483,medium,scen_000002,top_0002
node_02,node_06,DNS,32.60449013274227,medium,scen_000002,top_0002
node_03,node_09,CACHE,27.101138828349775,medium,scen_000002,top_0002
node_04,node_20,DNS,2.017696549000564,medium,scen_000002,top_0002
node_04,node_18,HTTP,10.0,low,scen_000002,top_0002
node_06,node_07,HTTP,5.448708306249387,medium,scen_000002,top_0002
node_06,node_24,TCP,10.0,low,scen_000002,top_0002
node_07,node_10,STORAGE,21.901064051545077,medium,scen_000002,top_0002
node_07,node_25,DNS,14.363672676645274,medium,scen_000002,top_0002
node_09,node_12,TCP,32.95616854168574,medium,scen_000002,top_0002
node_09,node_14,HTTP,6.723846191446626,medium,scen_000002,top_0002
node_09,node_19,DATABASE,2.3344897581427975,medium,scen_000002,top_0002
node_09,node_07,DNS,10.0,low,scen_000002,top_0002
node_11,node_30,MESSAGE_QUEUE,14.08303466960826,medium,scen_000002,top_0002
node_12,node_15,DATABASE,31.357362904551977,medium,scen_000002,top_0002
node_12,node_23,CACHE,13.305300623818779,medium,scen_000002,top_0002
node_12,node_17,DNS,10.0,low,scen_000002,top_0002
node_13,node_17,DNS,11.920074804437135,medium,scen_000002,top_0002
node_13,node_22,MESSAGE_QUEUE,10.569346071124933,medium,scen_000002,top_0002
node_13,node_27,HTTP,9.072289559641197,medium,scen_000002,top_0002
node_13,node_21,HTTP,10.0,low,scen_000002,top_0002
node_13,node_04,MESSAGE_QUEUE,10.0,low,scen_000002,top_0002
node_13,node_14,TCP,10.0,low,scen_000002,top_0002
node_14,node_18,HTTP,5.441077628368952,medium,scen_000002,top_0002
node_14,node_19,DATABASE,10.0,low,scen_000002,top_0002
node_15,node_21,MESSAGE_QUEUE,4.968513426228116,medium,scen_000002,top_0002
node_15,node_25,TCP,10.0,low,scen_000002,top_0002
node_15,node_17,MESSAGE_QUEUE,10.0,low,scen_000002,top_0002
node_16,node_03,DATABASE,10.0,low,scen_000002,top_0002
node_16,node_10,MESSAGE_QUEUE,10.0,low,scen_000002,top_0002
node_17,node_29,HTTP,22.835357188712297,medium,scen_000002,top_0002
node_17,node_31,DNS,24.867383574189876,medium,scen_000002,top_0002
node_18,node_32,CACHE,28.03383521709275,medium,scen_000002,top_0002
node_19,node_24,DNS,8.164138686904113,medium,scen_000002,top_0002
node_20,node_27,TCP,10.0,low,scen_000002,top_0002
node_21,node_28,TCP,10.0,low,scen_000002,top_0002
node_22,node_28,STORAGE,13.656436348780876,medium,scen_000002,top_0002
node_22,node_16,DNS,10.0,low,scen_000002,top_0002
node_23,node_21,DATABASE,10.0,low,scen_000002,top_0002
node_24,node_05,MESSAGE_QUEUE,10.0,low,scen_000002,top_0002
node_25,node_09,DNS,10.0,low,scen_000002,top_0002
node_26,node_01,STORAGE,10.0,low,scen_000002,top_0002
node_27,node_11,CACHE,10.0,low,scen_000002,top_0002
node_29,node_03,TCP,10.0,low,scen_000002,top_0002
node_29,node_24,DNS,10.0,low,scen_000002,top_0002
node_31,node_17,MESSAGE_QUEUE,10.0,low,scen_000002,top_0002
node_32,node_10,TCP,10.0,low,scen_000002,top_0002
node_32,node_06,CACHE,10.0,low,scen_000002,top_0002
node_00,node_01,STORAGE,12.139725194103997,medium,scen_000003,top_0003
node_00,node_05,DATABASE,6.76178779003702,medium,scen_000003,top_0003
node_01,node_02,HTTP,22.276699520172475,medium,scen_000003,top_0003
node_01,node_08,CACHE,22.70808449915594,medium,scen_000003,top_0003
node_01,node_13,TCP,10.0,low,scen_000003,top_0003
node_02,node_03,MESSAGE_QUEUE,21.05318975927444,medium,scen_000003,top_0003
node_02,node_07,CACHE,9.20722093231359,medium,scen_000003,top_0003
node_02,node_24,STORAGE,15.664705665234957,medium,scen_000003,top_0003
node_02,node_09,HTTP,10.0,low,scen_000003,top_0003
node_02,node_10,MESSAGE_QUEUE,10.0,low,scen_000003,top_0003
node_02,node_19,DNS,10.0,low,scen_000003,top_0003
node_03,node_04,MESSAGE_QUEUE,16.31329944741585,medium,scen_000003,top_0003
node_03,node_06,TCP,32.73223516354454,medium,scen_000003,top_0003
node_03,node_23,STORAGE,28.53386530023879,medium,scen_000003,top_0003
node_03,node_20,MESSAGE_QUEUE,10.0,low,scen_000003,top_0003
node_04,node_00,DATABASE,10.0,low,scen_000003,top_0003
node_05,node_09,CACHE,9.926915597099972,medium,scen_000003,top_0003
node_05,node_10,STORAGE,5.169838666218883,medium,scen_000003,top_0003
node_05,node_25,DATABASE,18.14319063087552,medium,scen_000003,top_0003
node_06,node_18,TCP,10.621971935637884,medium,scen_000003,top_0003
node_06,node_23,MESSAGE_QUEUE,10.0,low,scen_000003,top_0003
node_07,node_11,TCP,4.923097632942083,medium,scen_000003,top_0003
node_07,node_02,MESSAGE_QUEUE,10.0,low,scen_000003,top_0003
node_08,node_13,STORAGE,20.06344746742045,medium,scen_000003,top_0003
node_10,node_12,DNS,25.66411341778113,medium,scen_000003,top_0003
node_10,node_17,MESSAGE_QUEUE,10.290869503775612,medium,scen_000003,top_0003
node_11,node_15,MESSAGE_QUEUE,31.37114472128521,medium,scen_000003,top_0003
node_11,node_19,STORAGE,20.671713187052468,medium,scen_000003,top_0003
node_11,node_03,DNS,10.0,low,scen_000003,top_0003
node_12,node_20,CACHE,12.619536370261972,medium,scen_000003,top_0003
node_13,node_14,CACHE,31.185428168362964,medium,scen_000003,top_0003
node_13,node_15,CACHE,10.0,low,scen_000003,top_0003
node_14,node_16,CACHE,25.904919620031794,medium,scen_000003,top_0003
node_15,node_21,CACHE,12.879266187400733,medium,scen_000003,top_0003
node_15,node_22,MESSAGE_QUEUE,23.96959741446319,medium,scen_000003,top_0003
node_16,node_13,TCP,10.0,low,scen_000003,top_0003
node_17,node_19,MESSAGE_QUEUE,10.0,low,scen_000003,top_0003
node_17,node_00,TCP,10.0,low,scen_000003,top_0003
node_18,node_15,TCP,10.0,low,scen_000003,top_0003
node_19,node_26,CACHE,26.000379703441432,medium,scen_000003,top_0003
node_19,node_01,DATABASE,10.0,low,scen_000003,top_0003
node_20,node_21,MESSAGE_QUEUE,10.0,low,scen_000003,top_0003
node_21,node_18,DNS,10.0,low,scen_000003,top_0003
node_21,node_26,HTTP,10.0,low,scen_000003,top_0003
node_22,node_10,STORAGE,10.0,low,scen_000003,top_0003
node_23,node_10,CACHE,10.0,low,scen_000003,top_0003
node_23,node_08,MESSAGE_QUEUE,10.0,low,scen_000003,top_0003
node_24,node_17,DATABASE,10.0,low,scen_000003,top_0003
node_24,node_16,STORAGE,10.0,low,scen_000003,top_0003
node_25,node_04,HTTP,10.0,low,scen_000003,top_0003
node_26,node_15,DNS,10.0,low,scen_000003,top_0003
gw_01,rec_01,HTTP,15.0,high,scen_000004,top_0004
gw_01,search_node_1,HTTP,12.0,medium,scen_000004,top_0004
gw_01,search_node_2,HTTP,12.0,medium,scen_000004,top_0004
gw_01,search_node_3,HTTP,12.0,medium,scen_000004,top_0004
gw_01,search_node_4,HTTP,12.0,medium,scen_000004,top_0004
gw_01,search_node_5,HTTP,12.0,medium,scen_000004,top_0004
gw_01,search_node_6,HTTP,12.0,medium,scen_000004,top_0004
gw_01,search_node_7,HTTP,12.0,medium,scen_000004,top_0004
gw_01,search_node_8,HTTP,12.0,medium,scen_000004,top_0004
gw_01,search_node_9,HTTP,12.0,medium,scen_000004,top_0004
gw_01,search_node_10,HTTP,12.0,medium,scen_000004,top_0004
gw_01,search_node_11,HTTP,12.0,medium,scen_000004,top_0004
gw_01,search_node_12,HTTP,12.0,medium,scen_000004,top_0004
gw_01,search_node_13,HTTP,12.0,medium,scen_000004,top_0004
gw_01,search_node_14,HTTP,12.0,medium,scen_000004,top_0004
gw_01,search_node_15,HTTP,12.0,medium,scen_000004,top_0004
gw_01,search_node_16,HTTP,12.0,medium,scen_000004,top_0004
gw_01,search_node_17,HTTP,12.0,medium,scen_000004,top_0004
gw_01,search_node_18,HTTP,12.0,medium,scen_000004,top_0004
gw_01,search_node_19,HTTP,12.0,medium,scen_000004,top_0004
gw_01,search_node_20,HTTP,12.0,medium,scen_000004,top_0004
rec_01,redis_01,CACHE,2.0,critical,scen_000004,top_0004
rec_01,es_01,HTTP,18.0,high,scen_000004,top_0004
rec_01,mongo_01,DATABASE,14.0,high,scen_000004,top_0004
search_node_1,es_01,HTTP,20.0,high,scen_000004,top_0004
search_node_2,es_01,HTTP,20.0,high,scen_000004,top_0004
search_node_3,es_01,HTTP,20.0,high,scen_000004,top_0004
search_node_4,es_01,HTTP,20.0,high,scen_000004,top_0004
search_node_5,es_01,HTTP,20.0,high,scen_000004,top_0004
search_node_6,es_01,HTTP,20.0,high,scen_000004,top_0004
search_node_7,es_01,HTTP,20.0,high,scen_000004,top_0004
search_node_8,es_01,HTTP,20.0,high,scen_000004,top_0004
search_node_9,es_01,HTTP,20.0,high,scen_000004,top_0004
search_node_10,es_01,HTTP,20.0,high,scen_000004,top_0004
search_node_11,es_01,HTTP,20.0,high,scen_000004,top_0004
search_node_12,es_01,HTTP,20.0,high,scen_000004,top_0004
search_node_13,es_01,HTTP,20.0,high,scen_000004,top_0004
search_node_14,es_01,HTTP,20.0,high,scen_000004,top_0004
search_node_15,es_01,HTTP,20.0,high,scen_000004,top_0004
search_node_16,es_01,HTTP,20.0,high,scen_000004,top_0004
search_node_17,es_01,HTTP,20.0,high,scen_000004,top_0004
search_node_18,es_01,HTTP,20.0,high,scen_000004,top_0004
search_node_19,es_01,HTTP,20.0,high,scen_000004,top_0004
search_node_20,es_01,HTTP,20.0,high,scen_000004,top_0004
gw_01,rec_01,HTTP,15.0,high,scen_000005,top_0005
gw_01,search_node_1,HTTP,12.0,medium,scen_000005,top_0005
gw_01,search_node_2,HTTP,12.0,medium,scen_000005,top_0005
gw_01,search_node_3,HTTP,12.0,medium,scen_000005,top_0005
gw_01,search_node_4,HTTP,12.0,medium,scen_000005,top_0005
gw_01,search_node_5,HTTP,12.0,medium,scen_000005,top_0005
gw_01,search_node_6,HTTP,12.0,medium,scen_000005,top_0005
gw_01,search_node_7,HTTP,12.0,medium,scen_000005,top_0005
gw_01,search_node_8,HTTP,12.0,medium,scen_000005,top_0005
gw_01,search_node_9,HTTP,12.0,medium,scen_000005,top_0005
gw_01,search_node_10,HTTP,12.0,medium,scen_000005,top_0005
gw_01,search_node_11,HTTP,12.0,medium,scen_000005,top_0005
rec_01,redis_01,CACHE,2.0,critical,scen_000005,top_0005
rec_01,es_01,HTTP,18.0,high,scen_000005,top_0005
rec_01,mongo_01,DATABASE,14.0,high,scen_000005,top_0005
search_node_1,es_01,HTTP,20.0,high,scen_000005,top_0005
search_node_2,es_01,HTTP,20.0,high,scen_000005,top_0005
search_node_3,es_01,HTTP,20.0,high,scen_000005,top_0005
search_node_4,es_01,HTTP,20.0,high,scen_000005,top_0005
search_node_5,es_01,HTTP,20.0,high,scen_000005,top_0005
search_node_6,es_01,HTTP,20.0,high,scen_000005,top_0005
search_node_7,es_01,HTTP,20.0,high,scen_000005,top_0005
search_node_8,es_01,HTTP,20.0,high,scen_000005,top_0005
search_node_9,es_01,HTTP,20.0,high,scen_000005,top_0005
search_node_10,es_01,HTTP,20.0,high,scen_000005,top_0005
search_node_11,es_01,HTTP,20.0,high,scen_000005,top_0005
node_00,node_01,TCP,27.633922543428874,medium,scen_000006,top_0006
node_00,node_04,DNS,3.15220160769392,medium,scen_000006,top_0006
node_00,node_07,HTTP,24.666701943236145,medium,scen_000006,top_0006
node_00,node_09,CACHE,8.390905632774523,medium,scen_000006,top_0006
node_01,node_02,STORAGE,8.517675199950446,medium,scen_000006,top_0006
node_01,node_03,STORAGE,20.2252180107612,medium,scen_000006,top_0006
node_01,node_10,DNS,15.60295671388812,medium,scen_000006,top_0006
node_01,node_15,STORAGE,17.677105984847064,medium,scen_000006,top_0006
node_01,node_13,STORAGE,10.0,low,scen_000006,top_0006
node_02,node_06,MESSAGE_QUEUE,14.235543572405724,medium,scen_000006,top_0006
node_02,node_03,CACHE,10.0,low,scen_000006,top_0006
node_03,node_05,DATABASE,2.5089261503928757,medium,scen_000006,top_0006
node_03,node_18,DATABASE,10.0,low,scen_000006,top_0006
node_04,node_08,DNS,18.963280930068382,medium,scen_000006,top_0006
node_04,node_14,HTTP,33.52653637640113,medium,scen_000006,top_0006
node_04,node_16,CACHE,10.0,low,scen_000006,top_0006
node_06,node_11,TCP,24.942190095900887,medium,scen_000006,top_0006
node_07,node_12,CACHE,5.595504610030443,medium,scen_000006,top_0006
node_07,node_17,MESSAGE_QUEUE,10.0,low,scen_000006,top_0006
node_07,node_05,TCP,10.0,low,scen_000006,top_0006
node_07,node_14,CACHE,10.0,low,scen_000006,top_0006
node_08,node_15,DATABASE,10.0,low,scen_000006,top_0006
node_09,node_13,MESSAGE_QUEUE,26.587022399533492,medium,scen_000006,top_0006
node_09,node_15,HTTP,10.0,low,scen_000006,top_0006
node_10,node_18,MESSAGE_QUEUE,21.78142214514728,medium,scen_000006,top_0006
node_10,node_12,STORAGE,10.0,low,scen_000006,top_0006
node_11,node_16,DATABASE,26.099790385371747,medium,scen_000006,top_0006
node_11,node_09,DATABASE,10.0,low,scen_000006,top_0006
node_11,node_03,CACHE,10.0,low,scen_000006,top_0006
node_12,node_17,CACHE,23.42838508827309,medium,scen_000006,top_0006
node_12,node_04,CACHE,10.0,low,scen_000006,top_0006
node_16,node_02,DNS,10.0,low,scen_000006,top_0006
node_16,node_03,DATABASE,10.0,low,scen_000006,top_0006
node_17,node_05,STORAGE,10.0,low,scen_000006,top_0006
node_18,node_09,STORAGE,10.0,low,scen_000006,top_0006
node_18,node_04,HTTP,10.0,low,scen_000006,top_0006
node_00,node_01,TCP,11.000097006044415,medium,scen_000007,top_0007
node_00,node_03,MESSAGE_QUEUE,12.217466951022502,medium,scen_000007,top_0007
node_00,node_08,TCP,30.067813951145983,medium,scen_000007,top_0007
node_00,node_19,MESSAGE_QUEUE,29.320459498291804,medium,scen_000007,top_0007
node_00,node_09,HTTP,10.0,low,scen_000007,top_0007
node_01,node_02,DATABASE,9.732764541286176,medium,scen_000007,top_0007
node_01,node_06,CACHE,22.26538155984188,medium,scen_000007,top_0007
node_01,node_09,CACHE,15.979164859214785,medium,scen_000007,top_0007
node_01,node_15,HTTP,11.967559968075506,medium,scen_000007,top_0007
node_01,node_10,CACHE,10.0,low,scen_000007,top_0007
node_02,node_04,DNS,23.661760576763612,medium,scen_000007,top_0007
node_02,node_05,DNS,21.899121351482886,medium,scen_000007,top_0007
node_03,node_07,DNS,17.27126595128526,medium,scen_000007,top_0007
node_03,node_10,MESSAGE_QUEUE,11.290722300814297,medium,scen_000007,top_0007
node_03,node_11,STORAGE,4.127206467130363,medium,scen_000007,top_0007
node_03,node_24,TCP,10.0,low,scen_000007,top_0007
node_04,node_12,DNS,27.834730735904316,medium,scen_000007,top_0007
node_04,node_13,CACHE,10.337232399193825,medium,scen_000007,top_0007
node_05,node_18,CACHE,10.0,low,scen_000007,top_0007
node_06,node_16,TCP,34.16065183993081,medium,scen_000007,top_0007
node_06,node_17,DATABASE,10.620693310891667,medium,scen_000007,top_0007
node_06,node_01,HTTP,10.0,low,scen_000007,top_0007
node_09,node_18,DNS,20.291548275102095,medium,scen_000007,top_0007
node_10,node_15,CACHE,10.0,low,scen_000007,top_0007
node_10,node_19,MESSAGE_QUEUE,10.0,low,scen_000007,top_0007
node_13,node_14,TCP,28.59998941117643,medium,scen_000007,top_0007
node_13,node_20,TCP,9.25015427963148,medium,scen_000007,top_0007
node_13,node_22,MESSAGE_QUEUE,29.557974728215484,medium,scen_000007,top_0007
node_13,node_17,CACHE,10.0,low,scen_000007,top_0007
node_13,node_11,DATABASE,10.0,low,scen_000007,top_0007
node_13,node_10,MESSAGE_QUEUE,10.0,low,scen_000007,top_0007
node_14,node_07,HTTP,10.0,low,scen_000007,top_0007
node_14,node_12,CACHE,10.0,low,scen_000007,top_0007
node_16,node_06,CACHE,10.0,low,scen_000007,top_0007
node_16,node_05,HTTP,10.0,low,scen_000007,top_0007
node_17,node_23,DATABASE,29.353481908916024,medium,scen_000007,top_0007
node_18,node_24,STORAGE,13.78695629642494,medium,scen_000007,top_0007
node_18,node_06,HTTP,10.0,low,scen_000007,top_0007
node_18,node_03,MESSAGE_QUEUE,10.0,low,scen_000007,top_0007
node_19,node_21,DNS,14.50577085437139,medium,scen_000007,top_0007
node_19,node_13,DATABASE,10.0,low,scen_000007,top_0007
node_20,node_18,HTTP,10.0,low,scen_000007,top_0007
node_21,node_23,MESSAGE_QUEUE,10.0,low,scen_000007,top_0007
node_22,node_14,STORAGE,10.0,low,scen_000007,top_0007
node_23,node_24,TCP,10.0,low,scen_000007,top_0007
node_23,node_03,STORAGE,10.0,low,scen_000007,top_0007
node_24,node_00,CACHE,10.0,low,scen_000007,top_0007
gw_01,auth_01,HTTP,10.0,high,scen_000008,top_0008
gw_01,order_01,HTTP,15.0,critical,scen_000008,top_0008
gw_01,ecom_aux_1,HTTP,15.0,low,scen_000008,top_0008
gw_01,ecom_aux_2,HTTP,15.0,low,scen_000008,top_0008
gw_01,ecom_aux_3,HTTP,15.0,low,scen_000008,top_0008
gw_01,ecom_aux_4,HTTP,15.0,low,scen_000008,top_0008
gw_01,ecom_aux_5,HTTP,15.0,low,scen_000008,top_0008
gw_01,ecom_aux_6,HTTP,15.0,low,scen_000008,top_0008
gw_01,ecom_aux_7,HTTP,15.0,low,scen_000008,top_0008
gw_01,ecom_aux_8,HTTP,15.0,low,scen_000008,top_0008
gw_01,ecom_aux_9,HTTP,15.0,low,scen_000008,top_0008
order_01,pay_01,HTTP,25.0,critical,scen_000008,top_0008
order_01,inv_01,HTTP,20.0,high,scen_000008,top_0008
order_01,cache_01,CACHE,3.0,high,scen_000008,top_0008
order_01,mq_01,MESSAGE_QUEUE,5.0,medium,scen_000008,top_0008
pay_01,db_master,DATABASE,10.0,critical,scen_000008,top_0008
inv_01,db_master,DATABASE,12.0,high,scen_000008,top_0008
ecom_aux_1,cache_01,CACHE,4.0,low,scen_000008,top_0008
ecom_aux_2,cache_01,CACHE,4.0,low,scen_000008,top_0008
ecom_aux_3,cache_01,CACHE,4.0,low,scen_000008,top_0008
ecom_aux_4,cache_01,CACHE,4.0,low,scen_000008,top_0008
ecom_aux_5,cache_01,CACHE,4.0,low,scen_000008,top_0008
ecom_aux_6,cache_01,CACHE,4.0,low,scen_000008,top_0008
ecom_aux_7,cache_01,CACHE,4.0,low,scen_000008,top_0008
ecom_aux_8,cache_01,CACHE,4.0,low,scen_000008,top_0008
ecom_aux_9,cache_01,CACHE,4.0,low,scen_000008,top_0008
ingest_01,kafka_broker,MESSAGE_QUEUE,5.0,critical,scen_000009,top_0009
kafka_broker,notif_01,MESSAGE_QUEUE,10.0,high,scen_000009,top_0009
kafka_broker,user_01,MESSAGE_QUEUE,12.0,medium,scen_000009,top_0009
kafka_broker,consumer_1,MESSAGE_QUEUE,8.0,low,scen_000009,top_0009
kafka_broker,consumer_2,MESSAGE_QUEUE,8.0,low,scen_000009,top_0009
kafka_broker,consumer_3,MESSAGE_QUEUE,8.0,low,scen_000009,top_0009
kafka_broker,consumer_4,MESSAGE_QUEUE,8.0,low,scen_000009,top_0009
kafka_broker,consumer_5,MESSAGE_QUEUE,8.0,low,scen_000009,top_0009
kafka_broker,consumer_6,MESSAGE_QUEUE,8.0,low,scen_000009,top_0009
kafka_broker,consumer_7,MESSAGE_QUEUE,8.0,low,scen_000009,top_0009
kafka_broker,consumer_8,MESSAGE_QUEUE,8.0,low,scen_000009,top_0009
kafka_broker,consumer_9,MESSAGE_QUEUE,8.0,low,scen_000009,top_0009
kafka_broker,consumer_10,MESSAGE_QUEUE,8.0,low,scen_000009,top_0009
kafka_broker,consumer_11,MESSAGE_QUEUE,8.0,low,scen_000009,top_0009
kafka_broker,consumer_12,MESSAGE_QUEUE,8.0,low,scen_000009,top_0009
kafka_broker,consumer_13,MESSAGE_QUEUE,8.0,low,scen_000009,top_0009
kafka_broker,consumer_14,MESSAGE_QUEUE,8.0,low,scen_000009,top_0009
kafka_broker,consumer_15,MESSAGE_QUEUE,8.0,low,scen_000009,top_0009
kafka_broker,consumer_16,MESSAGE_QUEUE,8.0,low,scen_000009,top_0009
kafka_broker,consumer_17,MESSAGE_QUEUE,8.0,low,scen_000009,top_0009
kafka_broker,consumer_18,MESSAGE_QUEUE,8.0,low,scen_000009,top_0009
kafka_broker,consumer_19,MESSAGE_QUEUE,8.0,low,scen_000009,top_0009
kafka_broker,consumer_20,MESSAGE_QUEUE,8.0,low,scen_000009,top_0009
kafka_broker,consumer_21,MESSAGE_QUEUE,8.0,low,scen_000009,top_0009
kafka_broker,consumer_22,MESSAGE_QUEUE,8.0,low,scen_000009,top_0009
kafka_broker,consumer_23,MESSAGE_QUEUE,8.0,low,scen_000009,top_0009
kafka_broker,consumer_24,MESSAGE_QUEUE,8.0,low,scen_000009,top_0009
kafka_broker,consumer_25,MESSAGE_QUEUE,8.0,low,scen_000009,top_0009
kafka_broker,consumer_26,MESSAGE_QUEUE,8.0,low,scen_000009,top_0009
kafka_broker,consumer_27,MESSAGE_QUEUE,8.0,low,scen_000009,top_0009
kafka_broker,consumer_28,MESSAGE_QUEUE,8.0,low,scen_000009,top_0009
notif_01,db_event,DATABASE,15.0,high,scen_000009,top_0009
consumer_1,db_event,DATABASE,10.0,low,scen_000009,top_0009
consumer_2,db_event,DATABASE,10.0,low,scen_000009,top_0009
consumer_3,db_event,DATABASE,10.0,low,scen_000009,top_0009
consumer_4,db_event,DATABASE,10.0,low,scen_000009,top_0009
consumer_5,db_event,DATABASE,10.0,low,scen_000009,top_0009
consumer_6,db_event,DATABASE,10.0,low,scen_000009,top_0009
consumer_7,db_event,DATABASE,10.0,low,scen_000009,top_0009
consumer_8,db_event,DATABASE,10.0,low,scen_000009,top_0009
consumer_9,db_event,DATABASE,10.0,low,scen_000009,top_0009
consumer_10,db_event,DATABASE,10.0,low,scen_000009,top_0009
consumer_11,db_event,DATABASE,10.0,low,scen_000009,top_0009
consumer_12,db_event,DATABASE,10.0,low,scen_000009,top_0009
consumer_13,db_event,DATABASE,10.0,low,scen_000009,top_0009
consumer_14,db_event,DATABASE,10.0,low,scen_000009,top_0009
consumer_15,db_event,DATABASE,10.0,low,scen_000009,top_0009
consumer_16,db_event,DATABASE,10.0,low,scen_000009,top_0009
consumer_17,db_event,DATABASE,10.0,low,scen_000009,top_0009
consumer_18,db_event,DATABASE,10.0,low,scen_000009,top_0009
consumer_19,db_event,DATABASE,10.0,low,scen_000009,top_0009
consumer_20,db_event,DATABASE,10.0,low,scen_000009,top_0009
consumer_21,db_event,DATABASE,10.0,low,scen_000009,top_0009
consumer_22,db_event,DATABASE,10.0,low,scen_000009,top_0009
consumer_23,db_event,DATABASE,10.0,low,scen_000009,top_0009
consumer_24,db_event,DATABASE,10.0,low,scen_000009,top_0009
consumer_25,db_event,DATABASE,10.0,low,scen_000009,top_0009
consumer_26,db_event,DATABASE,10.0,low,scen_000009,top_0009
consumer_27,db_event,DATABASE,10.0,low,scen_000009,top_0009
consumer_28,db_event,DATABASE,10.0,low,scen_000009,top_0009
ingest_01,kafka_broker,MESSAGE_QUEUE,5.0,critical,scen_000010,top_0010
kafka_broker,notif_01,MESSAGE_QUEUE,10.0,high,scen_000010,top_0010
kafka_broker,user_01,MESSAGE_QUEUE,12.0,medium,scen_000010,top_0010
kafka_broker,consumer_1,MESSAGE_QUEUE,8.0,low,scen_000010,top_0010
kafka_broker,consumer_2,MESSAGE_QUEUE,8.0,low,scen_000010,top_0010
kafka_broker,consumer_3,MESSAGE_QUEUE,8.0,low,scen_000010,top_0010
kafka_broker,consumer_4,MESSAGE_QUEUE,8.0,low,scen_000010,top_0010
kafka_broker,consumer_5,MESSAGE_QUEUE,8.0,low,scen_000010,top_0010
kafka_broker,consumer_6,MESSAGE_QUEUE,8.0,low,scen_000010,top_0010
kafka_broker,consumer_7,MESSAGE_QUEUE,8.0,low,scen_000010,top_0010
kafka_broker,consumer_8,MESSAGE_QUEUE,8.0,low,scen_000010,top_0010
kafka_broker,consumer_9,MESSAGE_QUEUE,8.0,low,scen_000010,top_0010
kafka_broker,consumer_10,MESSAGE_QUEUE,8.0,low,scen_000010,top_0010
kafka_broker,consumer_11,MESSAGE_QUEUE,8.0,low,scen_000010,top_0010
kafka_broker,consumer_12,MESSAGE_QUEUE,8.0,low,scen_000010,top_0010
notif_01,db_event,DATABASE,15.0,high,scen_000010,top_0010
consumer_1,db_event,DATABASE,10.0,low,scen_000010,top_0010
consumer_2,db_event,DATABASE,10.0,low,scen_000010,top_0010
consumer_3,db_event,DATABASE,10.0,low,scen_000010,top_0010
consumer_4,db_event,DATABASE,10.0,low,scen_000010,top_0010
consumer_5,db_event,DATABASE,10.0,low,scen_000010,top_0010
consumer_6,db_event,DATABASE,10.0,low,scen_000010,top_0010
consumer_7,db_event,DATABASE,10.0,low,scen_000010,top_0010
consumer_8,db_event,DATABASE,10.0,low,scen_000010,top_0010
consumer_9,db_event,DATABASE,10.0,low,scen_000010,top_0010
consumer_10,db_event,DATABASE,10.0,low,scen_000010,top_0010
consumer_11,db_event,DATABASE,10.0,low,scen_000010,top_0010
consumer_12,db_event,DATABASE,10.0,low,scen_000010,top_0010
ingest_01,kafka_broker,MESSAGE_QUEUE,5.0,critical,scen_000011,top_0011
kafka_broker,notif_01,MESSAGE_QUEUE,10.0,high,scen_000011,top_0011
kafka_broker,user_01,MESSAGE_QUEUE,12.0,medium,scen_000011,top_0011
kafka_broker,consumer_1,MESSAGE_QUEUE,8.0,low,scen_000011,top_0011
kafka_broker,consumer_2,MESSAGE_QUEUE,8.0,low,scen_000011,top_0011
kafka_broker,consumer_3,MESSAGE_QUEUE,8.0,low,scen_000011,top_0011
kafka_broker,consumer_4,MESSAGE_QUEUE,8.0,low,scen_000011,top_0011
kafka_broker,consumer_5,MESSAGE_QUEUE,8.0,low,scen_000011,top_0011
kafka_broker,consumer_6,MESSAGE_QUEUE,8.0,low,scen_000011,top_0011
kafka_broker,consumer_7,MESSAGE_QUEUE,8.0,low,scen_000011,top_0011
kafka_broker,consumer_8,MESSAGE_QUEUE,8.0,low,scen_000011,top_0011
kafka_broker,consumer_9,MESSAGE_QUEUE,8.0,low,scen_000011,top_0011
kafka_broker,consumer_10,MESSAGE_QUEUE,8.0,low,scen_000011,top_0011
kafka_broker,consumer_11,MESSAGE_QUEUE,8.0,low,scen_000011,top_0011
kafka_broker,consumer_12,MESSAGE_QUEUE,8.0,low,scen_000011,top_0011
kafka_broker,consumer_13,MESSAGE_QUEUE,8.0,low,scen_000011,top_0011
kafka_broker,consumer_14,MESSAGE_QUEUE,8.0,low,scen_000011,top_0011
kafka_broker,consumer_15,MESSAGE_QUEUE,8.0,low,scen_000011,top_0011
kafka_broker,consumer_16,MESSAGE_QUEUE,8.0,low,scen_000011,top_0011
kafka_broker,consumer_17,MESSAGE_QUEUE,8.0,low,scen_000011,top_0011
kafka_broker,consumer_18,MESSAGE_QUEUE,8.0,low,scen_000011,top_0011
kafka_broker,consumer_19,MESSAGE_QUEUE,8.0,low,scen_000011,top_0011
kafka_broker,consumer_20,MESSAGE_QUEUE,8.0,low,scen_000011,top_0011
kafka_broker,consumer_21,MESSAGE_QUEUE,8.0,low,scen_000011,top_0011
kafka_broker,consumer_22,MESSAGE_QUEUE,8.0,low,scen_000011,top_0011
kafka_broker,consumer_23,MESSAGE_QUEUE,8.0,low,scen_000011,top_0011
kafka_broker,consumer_24,MESSAGE_QUEUE,8.0,low,scen_000011,top_0011
kafka_broker,consumer_25,MESSAGE_QUEUE,8.0,low,scen_000011,top_0011
kafka_broker,consumer_26,MESSAGE_QUEUE,8.0,low,scen_000011,top_0011
kafka_broker,consumer_27,MESSAGE_QUEUE,8.0,low,scen_000011,top_0011
kafka_broker,consumer_28,MESSAGE_QUEUE,8.0,low,scen_000011,top_0011
kafka_broker,consumer_29,MESSAGE_QUEUE,8.0,low,scen_000011,top_0011
kafka_broker,consumer_30,MESSAGE_QUEUE,8.0,low,scen_000011,top_0011
kafka_broker,consumer_31,MESSAGE_QUEUE,8.0,low,scen_000011,top_0011
notif_01,db_event,DATABASE,15.0,high,scen_000011,top_0011
consumer_1,db_event,DATABASE,10.0,low,scen_000011,top_0011
consumer_2,db_event,DATABASE,10.0,low,scen_000011,top_0011
consumer_3,db_event,DATABASE,10.0,low,scen_000011,top_0011
consumer_4,db_event,DATABASE,10.0,low,scen_000011,top_0011
consumer_5,db_event,DATABASE,10.0,low,scen_000011,top_0011
consumer_6,db_event,DATABASE,10.0,low,scen_000011,top_0011
consumer_7,db_event,DATABASE,10.0,low,scen_000011,top_0011
consumer_8,db_event,DATABASE,10.0,low,scen_000011,top_0011
consumer_9,db_event,DATABASE,10.0,low,scen_000011,top_0011
consumer_10,db_event,DATABASE,10.0,low,scen_000011,top_0011
consumer_11,db_event,DATABASE,10.0,low,scen_000011,top_0011
consumer_12,db_event,DATABASE,10.0,low,scen_000011,top_0011
consumer_13,db_event,DATABASE,10.0,low,scen_000011,top_0011
consumer_14,db_event,DATABASE,10.0,low,scen_000011,top_0011
consumer_15,db_event,DATABASE,10.0,low,scen_000011,top_0011
consumer_16,db_event,DATABASE,10.0,low,scen_000011,top_0011
consumer_17,db_event,DATABASE,10.0,low,scen_000011,top_0011
consumer_18,db_event,DATABASE,10.0,low,scen_000011,top_0011
consumer_19,db_event,DATABASE,10.0,low,scen_000011,top_0011
consumer_20,db_event,DATABASE,10.0,low,scen_000011,top_0011
consumer_21,db_event,DATABASE,10.0,low,scen_000011,top_0011
consumer_22,db_event,DATABASE,10.0,low,scen_000011,top_0011
consumer_23,db_event,DATABASE,10.0,low,scen_000011,top_0011
consumer_24,db_event,DATABASE,10.0,low,scen_000011,top_0011
consumer_25,db_event,DATABASE,10.0,low,scen_000011,top_0011
consumer_26,db_event,DATABASE,10.0,low,scen_000011,top_0011
consumer_27,db_event,DATABASE,10.0,low,scen_000011,top_0011
consumer_28,db_event,DATABASE,10.0,low,scen_000011,top_0011
consumer_29,db_event,DATABASE,10.0,low,scen_000011,top_0011
consumer_30,db_event,DATABASE,10.0,low,scen_000011,top_0011
consumer_31,db_event,DATABASE,10.0,low,scen_000011,top_0011
gw_01,rec_01,HTTP,15.0,high,scen_000012,top_0012
gw_01,search_node_1,HTTP,12.0,medium,scen_000012,top_0012
gw_01,search_node_2,HTTP,12.0,medium,scen_000012,top_0012
gw_01,search_node_3,HTTP,12.0,medium,scen_000012,top_0012
gw_01,search_node_4,HTTP,12.0,medium,scen_000012,top_0012
gw_01,search_node_5,HTTP,12.0,medium,scen_000012,top_0012
gw_01,search_node_6,HTTP,12.0,medium,scen_000012,top_0012
gw_01,search_node_7,HTTP,12.0,medium,scen_000012,top_0012
gw_01,search_node_8,HTTP,12.0,medium,scen_000012,top_0012
gw_01,search_node_9,HTTP,12.0,medium,scen_000012,top_0012
gw_01,search_node_10,HTTP,12.0,medium,scen_000012,top_0012
gw_01,search_node_11,HTTP,12.0,medium,scen_000012,top_0012
gw_01,search_node_12,HTTP,12.0,medium,scen_000012,top_0012
gw_01,search_node_13,HTTP,12.0,medium,scen_000012,top_0012
gw_01,search_node_14,HTTP,12.0,medium,scen_000012,top_0012
gw_01,search_node_15,HTTP,12.0,medium,scen_000012,top_0012
gw_01,search_node_16,HTTP,12.0,medium,scen_000012,top_0012
gw_01,search_node_17,HTTP,12.0,medium,scen_000012,top_0012
gw_01,search_node_18,HTTP,12.0,medium,scen_000012,top_0012
gw_01,search_node_19,HTTP,12.0,medium,scen_000012,top_0012
gw_01,search_node_20,HTTP,12.0,medium,scen_000012,top_0012
gw_01,search_node_21,HTTP,12.0,medium,scen_000012,top_0012
gw_01,search_node_22,HTTP,12.0,medium,scen_000012,top_0012
gw_01,search_node_23,HTTP,12.0,medium,scen_000012,top_0012
gw_01,search_node_24,HTTP,12.0,medium,scen_000012,top_0012
gw_01,search_node_25,HTTP,12.0,medium,scen_000012,top_0012
gw_01,search_node_26,HTTP,12.0,medium,scen_000012,top_0012
gw_01,search_node_27,HTTP,12.0,medium,scen_000012,top_0012
gw_01,search_node_28,HTTP,12.0,medium,scen_000012,top_0012
gw_01,search_node_29,HTTP,12.0,medium,scen_000012,top_0012
gw_01,search_node_30,HTTP,12.0,medium,scen_000012,top_0012
gw_01,search_node_31,HTTP,12.0,medium,scen_000012,top_0012
gw_01,search_node_32,HTTP,12.0,medium,scen_000012,top_0012
gw_01,search_node_33,HTTP,12.0,medium,scen_000012,top_0012
gw_01,search_node_34,HTTP,12.0,medium,scen_000012,top_0012
gw_01,search_node_35,HTTP,12.0,medium,scen_000012,top_0012
gw_01,search_node_36,HTTP,12.0,medium,scen_000012,top_0012
gw_01,search_node_37,HTTP,12.0,medium,scen_000012,top_0012
gw_01,search_node_38,HTTP,12.0,medium,scen_000012,top_0012
gw_01,search_node_39,HTTP,12.0,medium,scen_000012,top_0012
gw_01,search_node_40,HTTP,12.0,medium,scen_000012,top_0012
gw_01,search_node_41,HTTP,12.0,medium,scen_000012,top_0012
gw_01,search_node_42,HTTP,12.0,medium,scen_000012,top_0012
gw_01,search_node_43,HTTP,12.0,medium,scen_000012,top_0012
rec_01,redis_01,CACHE,2.0,critical,scen_000012,top_0012
rec_01,es_01,HTTP,18.0,high,scen_000012,top_0012
rec_01,mongo_01,DATABASE,14.0,high,scen_000012,top_0012
search_node_1,es_01,HTTP,20.0,high,scen_000012,top_0012
search_node_2,es_01,HTTP,20.0,high,scen_000012,top_0012
search_node_3,es_01,HTTP,20.0,high,scen_000012,top_0012
search_node_4,es_01,HTTP,20.0,high,scen_000012,top_0012
search_node_5,es_01,HTTP,20.0,high,scen_000012,top_0012
search_node_6,es_01,HTTP,20.0,high,scen_000012,top_0012
search_node_7,es_01,HTTP,20.0,high,scen_000012,top_0012
search_node_8,es_01,HTTP,20.0,high,scen_000012,top_0012
search_node_9,es_01,HTTP,20.0,high,scen_000012,top_0012
search_node_10,es_01,HTTP,20.0,high,scen_000012,top_0012
search_node_11,es_01,HTTP,20.0,high,scen_000012,top_0012
search_node_12,es_01,HTTP,20.0,high,scen_000012,top_0012
search_node_13,es_01,HTTP,20.0,high,scen_000012,top_0012
search_node_14,es_01,HTTP,20.0,high,scen_000012,top_0012
search_node_15,es_01,HTTP,20.0,high,scen_000012,top_0012
search_node_16,es_01,HTTP,20.0,high,scen_000012,top_0012
search_node_17,es_01,HTTP,20.0,high,scen_000012,top_0012
search_node_18,es_01,HTTP,20.0,high,scen_000012,top_0012
search_node_19,es_01,HTTP,20.0,high,scen_000012,top_0012
search_node_20,es_01,HTTP,20.0,high,scen_000012,top_0012
search_node_21,es_01,HTTP,20.0,high,scen_000012,top_0012
search_node_22,es_01,HTTP,20.0,high,scen_000012,top_0012
search_node_23,es_01,HTTP,20.0,high,scen_000012,top_0012
search_node_24,es_01,HTTP,20.0,high,scen_000012,top_0012
search_node_25,es_01,HTTP,20.0,high,scen_000012,top_0012
search_node_26,es_01,HTTP,20.0,high,scen_000012,top_0012
search_node_27,es_01,HTTP,20.0,high,scen_000012,top_0012
search_node_28,es_01,HTTP,20.0,high,scen_000012,top_0012
search_node_29,es_01,HTTP,20.0,high,scen_000012,top_0012
search_node_30,es_01,HTTP,20.0,high,scen_000012,top_0012
search_node_31,es_01,HTTP,20.0,high,scen_000012,top_0012
search_node_32,es_01,HTTP,20.0,high,scen_000012,top_0012
search_node_33,es_01,HTTP,20.0,high,scen_000012,top_0012
search_node_34,es_01,HTTP,20.0,high,scen_000012,top_0012
search_node_35,es_01,HTTP,20.0,high,scen_000012,top_0012
search_node_36,es_01,HTTP,20.0,high,scen_000012,top_0012
search_node_37,es_01,HTTP,20.0,high,scen_000012,top_0012
search_node_38,es_01,HTTP,20.0,high,scen_000012,top_0012
search_node_39,es_01,HTTP,20.0,high,scen_000012,top_0012
search_node_40,es_01,HTTP,20.0,high,scen_000012,top_0012
search_node_41,es_01,HTTP,20.0,high,scen_000012,top_0012
search_node_42,es_01,HTTP,20.0,high,scen_000012,top_0012
search_node_43,es_01,HTTP,20.0,high,scen_000012,top_0012
gw_01,auth_01,HTTP,10.0,high,scen_000013,top_0013
gw_01,order_01,HTTP,15.0,critical,scen_000013,top_0013
gw_01,ecom_aux_1,HTTP,15.0,low,scen_000013,top_0013
gw_01,ecom_aux_2,HTTP,15.0,low,scen_000013,top_0013
gw_01,ecom_aux_3,HTTP,15.0,low,scen_000013,top_0013
gw_01,ecom_aux_4,HTTP,15.0,low,scen_000013,top_0013
gw_01,ecom_aux_5,HTTP,15.0,low,scen_000013,top_0013
gw_01,ecom_aux_6,HTTP,15.0,low,scen_000013,top_0013
gw_01,ecom_aux_7,HTTP,15.0,low,scen_000013,top_0013
gw_01,ecom_aux_8,HTTP,15.0,low,scen_000013,top_0013
gw_01,ecom_aux_9,HTTP,15.0,low,scen_000013,top_0013
gw_01,ecom_aux_10,HTTP,15.0,low,scen_000013,top_0013
gw_01,ecom_aux_11,HTTP,15.0,low,scen_000013,top_0013
gw_01,ecom_aux_12,HTTP,15.0,low,scen_000013,top_0013
gw_01,ecom_aux_13,HTTP,15.0,low,scen_000013,top_0013
gw_01,ecom_aux_14,HTTP,15.0,low,scen_000013,top_0013
gw_01,ecom_aux_15,HTTP,15.0,low,scen_000013,top_0013
gw_01,ecom_aux_16,HTTP,15.0,low,scen_000013,top_0013
gw_01,ecom_aux_17,HTTP,15.0,low,scen_000013,top_0013
gw_01,ecom_aux_18,HTTP,15.0,low,scen_000013,top_0013
gw_01,ecom_aux_19,HTTP,15.0,low,scen_000013,top_0013
gw_01,ecom_aux_20,HTTP,15.0,low,scen_000013,top_0013
gw_01,ecom_aux_21,HTTP,15.0,low,scen_000013,top_0013
gw_01,ecom_aux_22,HTTP,15.0,low,scen_000013,top_0013
gw_01,ecom_aux_23,HTTP,15.0,low,scen_000013,top_0013
gw_01,ecom_aux_24,HTTP,15.0,low,scen_000013,top_0013
gw_01,ecom_aux_25,HTTP,15.0,low,scen_000013,top_0013
gw_01,ecom_aux_26,HTTP,15.0,low,scen_000013,top_0013
gw_01,ecom_aux_27,HTTP,15.0,low,scen_000013,top_0013
gw_01,ecom_aux_28,HTTP,15.0,low,scen_000013,top_0013
gw_01,ecom_aux_29,HTTP,15.0,low,scen_000013,top_0013
order_01,pay_01,HTTP,25.0,critical,scen_000013,top_0013
order_01,inv_01,HTTP,20.0,high,scen_000013,top_0013
order_01,cache_01,CACHE,3.0,high,scen_000013,top_0013
order_01,mq_01,MESSAGE_QUEUE,5.0,medium,scen_000013,top_0013
pay_01,db_master,DATABASE,10.0,critical,scen_000013,top_0013
inv_01,db_master,DATABASE,12.0,high,scen_000013,top_0013
ecom_aux_1,cache_01,CACHE,4.0,low,scen_000013,top_0013
ecom_aux_2,cache_01,CACHE,4.0,low,scen_000013,top_0013
ecom_aux_3,cache_01,CACHE,4.0,low,scen_000013,top_0013
ecom_aux_4,cache_01,CACHE,4.0,low,scen_000013,top_0013
ecom_aux_5,cache_01,CACHE,4.0,low,scen_000013,top_0013
ecom_aux_6,cache_01,CACHE,4.0,low,scen_000013,top_0013
ecom_aux_7,cache_01,CACHE,4.0,low,scen_000013,top_0013
ecom_aux_8,cache_01,CACHE,4.0,low,scen_000013,top_0013
ecom_aux_9,cache_01,CACHE,4.0,low,scen_000013,top_0013
ecom_aux_10,cache_01,CACHE,4.0,low,scen_000013,top_0013
ecom_aux_11,cache_01,CACHE,4.0,low,scen_000013,top_0013
ecom_aux_12,cache_01,CACHE,4.0,low,scen_000013,top_0013
ecom_aux_13,cache_01,CACHE,4.0,low,scen_000013,top_0013
ecom_aux_14,cache_01,CACHE,4.0,low,scen_000013,top_0013
ecom_aux_15,cache_01,CACHE,4.0,low,scen_000013,top_0013
ecom_aux_16,cache_01,CACHE,4.0,low,scen_000013,top_0013
ecom_aux_17,cache_01,CACHE,4.0,low,scen_000013,top_0013
ecom_aux_18,cache_01,CACHE,4.0,low,scen_000013,top_0013
ecom_aux_19,cache_01,CACHE,4.0,low,scen_000013,top_0013
ecom_aux_20,cache_01,CACHE,4.0,low,scen_000013,top_0013
ecom_aux_21,cache_01,CACHE,4.0,low,scen_000013,top_0013
ecom_aux_22,cache_01,CACHE,4.0,low,scen_000013,top_0013
ecom_aux_23,cache_01,CACHE,4.0,low,scen_000013,top_0013
ecom_aux_24,cache_01,CACHE,4.0,low,scen_000013,top_0013
ecom_aux_25,cache_01,CACHE,4.0,low,scen_000013,top_0013
ecom_aux_26,cache_01,CACHE,4.0,low,scen_000013,top_0013
ecom_aux_27,cache_01,CACHE,4.0,low,scen_000013,top_0013
ecom_aux_28,cache_01,CACHE,4.0,low,scen_000013,top_0013
ecom_aux_29,cache_01,CACHE,4.0,low,scen_000013,top_0013
ingest_01,kafka_broker,MESSAGE_QUEUE,5.0,critical,scen_000014,top_0014
kafka_broker,notif_01,MESSAGE_QUEUE,10.0,high,scen_000014,top_0014
kafka_broker,user_01,MESSAGE_QUEUE,12.0,medium,scen_000014,top_0014
kafka_broker,consumer_1,MESSAGE_QUEUE,8.0,low,scen_000014,top_0014
kafka_broker,consumer_2,MESSAGE_QUEUE,8.0,low,scen_000014,top_0014
kafka_broker,consumer_3,MESSAGE_QUEUE,8.0,low,scen_000014,top_0014
kafka_broker,consumer_4,MESSAGE_QUEUE,8.0,low,scen_000014,top_0014
kafka_broker,consumer_5,MESSAGE_QUEUE,8.0,low,scen_000014,top_0014
kafka_broker,consumer_6,MESSAGE_QUEUE,8.0,low,scen_000014,top_0014
kafka_broker,consumer_7,MESSAGE_QUEUE,8.0,low,scen_000014,top_0014
kafka_broker,consumer_8,MESSAGE_QUEUE,8.0,low,scen_000014,top_0014
kafka_broker,consumer_9,MESSAGE_QUEUE,8.0,low,scen_000014,top_0014
kafka_broker,consumer_10,MESSAGE_QUEUE,8.0,low,scen_000014,top_0014
kafka_broker,consumer_11,MESSAGE_QUEUE,8.0,low,scen_000014,top_0014
kafka_broker,consumer_12,MESSAGE_QUEUE,8.0,low,scen_000014,top_0014
kafka_broker,consumer_13,MESSAGE_QUEUE,8.0,low,scen_000014,top_0014
kafka_broker,consumer_14,MESSAGE_QUEUE,8.0,low,scen_000014,top_0014
kafka_broker,consumer_15,MESSAGE_QUEUE,8.0,low,scen_000014,top_0014
kafka_broker,consumer_16,MESSAGE_QUEUE,8.0,low,scen_000014,top_0014
kafka_broker,consumer_17,MESSAGE_QUEUE,8.0,low,scen_000014,top_0014
kafka_broker,consumer_18,MESSAGE_QUEUE,8.0,low,scen_000014,top_0014
kafka_broker,consumer_19,MESSAGE_QUEUE,8.0,low,scen_000014,top_0014
notif_01,db_event,DATABASE,15.0,high,scen_000014,top_0014
consumer_1,db_event,DATABASE,10.0,low,scen_000014,top_0014
consumer_2,db_event,DATABASE,10.0,low,scen_000014,top_0014
consumer_3,db_event,DATABASE,10.0,low,scen_000014,top_0014
consumer_4,db_event,DATABASE,10.0,low,scen_000014,top_0014
consumer_5,db_event,DATABASE,10.0,low,scen_000014,top_0014
consumer_6,db_event,DATABASE,10.0,low,scen_000014,top_0014
consumer_7,db_event,DATABASE,10.0,low,scen_000014,top_0014
consumer_8,db_event,DATABASE,10.0,low,scen_000014,top_0014
consumer_9,db_event,DATABASE,10.0,low,scen_000014,top_0014
consumer_10,db_event,DATABASE,10.0,low,scen_000014,top_0014
consumer_11,db_event,DATABASE,10.0,low,scen_000014,top_0014
consumer_12,db_event,DATABASE,10.0,low,scen_000014,top_0014
consumer_13,db_event,DATABASE,10.0,low,scen_000014,top_0014
consumer_14,db_event,DATABASE,10.0,low,scen_000014,top_0014
consumer_15,db_event,DATABASE,10.0,low,scen_000014,top_0014
consumer_16,db_event,DATABASE,10.0,low,scen_000014,top_0014
consumer_17,db_event,DATABASE,10.0,low,scen_000014,top_0014
consumer_18,db_event,DATABASE,10.0,low,scen_000014,top_0014
consumer_19,db_event,DATABASE,10.0,low,scen_000014,top_0014
gw_01,auth_01,HTTP,12.0,high,scen_000015,top_0015
gw_01,web_01,HTTP,15.0,high,scen_000015,top_0015
lb_01,gw_01,HTTP,5.0,critical,scen_000015,top_0015
auth_01,db_01,DATABASE,8.0,critical,scen_000015,top_0015
web_01,db_01,DATABASE,10.0,critical,scen_000015,top_0015
web_01,sub_svc_2,HTTP,10.0,low,scen_000015,top_0015
web_01,sub_svc_3,HTTP,10.0,low,scen_000015,top_0015
web_01,sub_svc_4,HTTP,10.0,low,scen_000015,top_0015
web_01,sub_svc_5,HTTP,10.0,low,scen_000015,top_0015
web_01,sub_svc_6,HTTP,10.0,low,scen_000015,top_0015
web_01,sub_svc_7,HTTP,10.0,low,scen_000015,top_0015
web_01,sub_svc_8,HTTP,10.0,low,scen_000015,top_0015
web_01,sub_svc_9,HTTP,10.0,low,scen_000015,top_0015
web_01,sub_svc_10,HTTP,10.0,low,scen_000015,top_0015
web_01,sub_svc_11,HTTP,10.0,low,scen_000015,top_0015
web_01,sub_svc_12,HTTP,10.0,low,scen_000015,top_0015
web_01,sub_svc_13,HTTP,10.0,low,scen_000015,top_0015
web_01,sub_svc_14,HTTP,10.0,low,scen_000015,top_0015
web_01,sub_svc_15,HTTP,10.0,low,scen_000015,top_0015
web_01,sub_svc_16,HTTP,10.0,low,scen_000015,top_0015
web_01,sub_svc_17,HTTP,10.0,low,scen_000015,top_0015
web_01,sub_svc_18,HTTP,10.0,low,scen_000015,top_0015
web_01,sub_svc_19,HTTP,10.0,low,scen_000015,top_0015
web_01,sub_svc_20,HTTP,10.0,low,scen_000015,top_0015
web_01,sub_svc_21,HTTP,10.0,low,scen_000015,top_0015
web_01,sub_svc_22,HTTP,10.0,low,scen_000015,top_0015
web_01,sub_svc_23,HTTP,10.0,low,scen_000015,top_0015
sub_svc_2,db_01,DATABASE,12.0,medium,scen_000015,top_0015
sub_svc_3,db_01,DATABASE,12.0,medium,scen_000015,top_0015
sub_svc_4,db_01,DATABASE,12.0,medium,scen_000015,top_0015
sub_svc_5,db_01,DATABASE,12.0,medium,scen_000015,top_0015
sub_svc_6,db_01,DATABASE,12.0,medium,scen_000015,top_0015
sub_svc_7,db_01,DATABASE,12.0,medium,scen_000015,top_0015
sub_svc_8,db_01,DATABASE,12.0,medium,scen_000015,top_0015
sub_svc_9,db_01,DATABASE,12.0,medium,scen_000015,top_0015
sub_svc_10,db_01,DATABASE,12.0,medium,scen_000015,top_0015
sub_svc_11,db_01,DATABASE,12.0,medium,scen_000015,top_0015
sub_svc_12,db_01,DATABASE,12.0,medium,scen_000015,top_0015
sub_svc_13,db_01,DATABASE,12.0,medium,scen_000015,top_0015
sub_svc_14,db_01,DATABASE,12.0,medium,scen_000015,top_0015
sub_svc_15,db_01,DATABASE,12.0,medium,scen_000015,top_0015
sub_svc_16,db_01,DATABASE,12.0,medium,scen_000015,top_0015
sub_svc_17,db_01,DATABASE,12.0,medium,scen_000015,top_0015
sub_svc_18,db_01,DATABASE,12.0,medium,scen_000015,top_0015
sub_svc_19,db_01,DATABASE,12.0,medium,scen_000015,top_0015
sub_svc_20,db_01,DATABASE,12.0,medium,scen_000015,top_0015
sub_svc_21,db_01,DATABASE,12.0,medium,scen_000015,top_0015
sub_svc_22,db_01,DATABASE,12.0,medium,scen_000015,top_0015
sub_svc_23,db_01,DATABASE,12.0,medium,scen_000015,top_0015
gw_01,rec_01,HTTP,15.0,high,scen_000016,top_0016
gw_01,search_node_1,HTTP,12.0,medium,scen_000016,top_0016
gw_01,search_node_2,HTTP,12.0,medium,scen_000016,top_0016
gw_01,search_node_3,HTTP,12.0,medium,scen_000016,top_0016
gw_01,search_node_4,HTTP,12.0,medium,scen_000016,top_0016
gw_01,search_node_5,HTTP,12.0,medium,scen_000016,top_0016
gw_01,search_node_6,HTTP,12.0,medium,scen_000016,top_0016
gw_01,search_node_7,HTTP,12.0,medium,scen_000016,top_0016
gw_01,search_node_8,HTTP,12.0,medium,scen_000016,top_0016
gw_01,search_node_9,HTTP,12.0,medium,scen_000016,top_0016
gw_01,search_node_10,HTTP,12.0,medium,scen_000016,top_0016
gw_01,search_node_11,HTTP,12.0,medium,scen_000016,top_0016
gw_01,search_node_12,HTTP,12.0,medium,scen_000016,top_0016
gw_01,search_node_13,HTTP,12.0,medium,scen_000016,top_0016
gw_01,search_node_14,HTTP,12.0,medium,scen_000016,top_0016
gw_01,search_node_15,HTTP,12.0,medium,scen_000016,top_0016
gw_01,search_node_16,HTTP,12.0,medium,scen_000016,top_0016
gw_01,search_node_17,HTTP,12.0,medium,scen_000016,top_0016
gw_01,search_node_18,HTTP,12.0,medium,scen_000016,top_0016
gw_01,search_node_19,HTTP,12.0,medium,scen_000016,top_0016
gw_01,search_node_20,HTTP,12.0,medium,scen_000016,top_0016
gw_01,search_node_21,HTTP,12.0,medium,scen_000016,top_0016
gw_01,search_node_22,HTTP,12.0,medium,scen_000016,top_0016
gw_01,search_node_23,HTTP,12.0,medium,scen_000016,top_0016
gw_01,search_node_24,HTTP,12.0,medium,scen_000016,top_0016
gw_01,search_node_25,HTTP,12.0,medium,scen_000016,top_0016
gw_01,search_node_26,HTTP,12.0,medium,scen_000016,top_0016
gw_01,search_node_27,HTTP,12.0,medium,scen_000016,top_0016
gw_01,search_node_28,HTTP,12.0,medium,scen_000016,top_0016
gw_01,search_node_29,HTTP,12.0,medium,scen_000016,top_0016
gw_01,search_node_30,HTTP,12.0,medium,scen_000016,top_0016
gw_01,search_node_31,HTTP,12.0,medium,scen_000016,top_0016
gw_01,search_node_32,HTTP,12.0,medium,scen_000016,top_0016
gw_01,search_node_33,HTTP,12.0,medium,scen_000016,top_0016
gw_01,search_node_34,HTTP,12.0,medium,scen_000016,top_0016
gw_01,search_node_35,HTTP,12.0,medium,scen_000016,top_0016
gw_01,search_node_36,HTTP,12.0,medium,scen_000016,top_0016
gw_01,search_node_37,HTTP,12.0,medium,scen_000016,top_0016
gw_01,search_node_38,HTTP,12.0,medium,scen_000016,top_0016
gw_01,search_node_39,HTTP,12.0,medium,scen_000016,top_0016
gw_01,search_node_40,HTTP,12.0,medium,scen_000016,top_0016
gw_01,search_node_41,HTTP,12.0,medium,scen_000016,top_0016
gw_01,search_node_42,HTTP,12.0,medium,scen_000016,top_0016
gw_01,search_node_43,HTTP,12.0,medium,scen_000016,top_0016
gw_01,search_node_44,HTTP,12.0,medium,scen_000016,top_0016
rec_01,redis_01,CACHE,2.0,critical,scen_000016,top_0016
rec_01,es_01,HTTP,18.0,high,scen_000016,top_0016
rec_01,mongo_01,DATABASE,14.0,high,scen_000016,top_0016
search_node_1,es_01,HTTP,20.0,high,scen_000016,top_0016
search_node_2,es_01,HTTP,20.0,high,scen_000016,top_0016
search_node_3,es_01,HTTP,20.0,high,scen_000016,top_0016
search_node_4,es_01,HTTP,20.0,high,scen_000016,top_0016
search_node_5,es_01,HTTP,20.0,high,scen_000016,top_0016
search_node_6,es_01,HTTP,20.0,high,scen_000016,top_0016
search_node_7,es_01,HTTP,20.0,high,scen_000016,top_0016
search_node_8,es_01,HTTP,20.0,high,scen_000016,top_0016
search_node_9,es_01,HTTP,20.0,high,scen_000016,top_0016
search_node_10,es_01,HTTP,20.0,high,scen_000016,top_0016
search_node_11,es_01,HTTP,20.0,high,scen_000016,top_0016
search_node_12,es_01,HTTP,20.0,high,scen_000016,top_0016
search_node_13,es_01,HTTP,20.0,high,scen_000016,top_0016
search_node_14,es_01,HTTP,20.0,high,scen_000016,top_0016
search_node_15,es_01,HTTP,20.0,high,scen_000016,top_0016
search_node_16,es_01,HTTP,20.0,high,scen_000016,top_0016
search_node_17,es_01,HTTP,20.0,high,scen_000016,top_0016
search_node_18,es_01,HTTP,20.0,high,scen_000016,top_0016
search_node_19,es_01,HTTP,20.0,high,scen_000016,top_0016
search_node_20,es_01,HTTP,20.0,high,scen_000016,top_0016
search_node_21,es_01,HTTP,20.0,high,scen_000016,top_0016
search_node_22,es_01,HTTP,20.0,high,scen_000016,top_0016
search_node_23,es_01,HTTP,20.0,high,scen_000016,top_0016
search_node_24,es_01,HTTP,20.0,high,scen_000016,top_0016
search_node_25,es_01,HTTP,20.0,high,scen_000016,top_0016
search_node_26,es_01,HTTP,20.0,high,scen_000016,top_0016
search_node_27,es_01,HTTP,20.0,high,scen_000016,top_0016
search_node_28,es_01,HTTP,20.0,high,scen_000016,top_0016
search_node_29,es_01,HTTP,20.0,high,scen_000016,top_0016
search_node_30,es_01,HTTP,20.0,high,scen_000016,top_0016
search_node_31,es_01,HTTP,20.0,high,scen_000016,top_0016
search_node_32,es_01,HTTP,20.0,high,scen_000016,top_0016
search_node_33,es_01,HTTP,20.0,high,scen_000016,top_0016
search_node_34,es_01,HTTP,20.0,high,scen_000016,top_0016
search_node_35,es_01,HTTP,20.0,high,scen_000016,top_0016
search_node_36,es_01,HTTP,20.0,high,scen_000016,top_0016
search_node_37,es_01,HTTP,20.0,high,scen_000016,top_0016
search_node_38,es_01,HTTP,20.0,high,scen_000016,top_0016
search_node_39,es_01,HTTP,20.0,high,scen_000016,top_0016
search_node_40,es_01,HTTP,20.0,high,scen_000016,top_0016
search_node_41,es_01,HTTP,20.0,high,scen_000016,top_0016
search_node_42,es_01,HTTP,20.0,high,scen_000016,top_0016
search_node_43,es_01,HTTP,20.0,high,scen_000016,top_0016
search_node_44,es_01,HTTP,20.0,high,scen_000016,top_0016
gw_01,auth_01,HTTP,10.0,high,scen_000017,top_0017
gw_01,order_01,HTTP,15.0,critical,scen_000017,top_0017
gw_01,ecom_aux_1,HTTP,15.0,low,scen_000017,top_0017
order_01,pay_01,HTTP,25.0,critical,scen_000017,top_0017
order_01,inv_01,HTTP,20.0,high,scen_000017,top_0017
order_01,cache_01,CACHE,3.0,high,scen_000017,top_0017
order_01,mq_01,MESSAGE_QUEUE,5.0,medium,scen_000017,top_0017
pay_01,db_master,DATABASE,10.0,critical,scen_000017,top_0017
inv_01,db_master,DATABASE,12.0,high,scen_000017,top_0017
ecom_aux_1,cache_01,CACHE,4.0,low,scen_000017,top_0017
gw_01,rec_01,HTTP,15.0,high,scen_000018,top_0018
gw_01,search_node_1,HTTP,12.0,medium,scen_000018,top_0018
gw_01,search_node_2,HTTP,12.0,medium,scen_000018,top_0018
gw_01,search_node_3,HTTP,12.0,medium,scen_000018,top_0018
rec_01,redis_01,CACHE,2.0,critical,scen_000018,top_0018
rec_01,es_01,HTTP,18.0,high,scen_000018,top_0018
rec_01,mongo_01,DATABASE,14.0,high,scen_000018,top_0018
search_node_1,es_01,HTTP,20.0,high,scen_000018,top_0018
search_node_2,es_01,HTTP,20.0,high,scen_000018,top_0018
search_node_3,es_01,HTTP,20.0,high,scen_000018,top_0018
node_00,node_01,HTTP,22.899077241536446,medium,scen_000019,top_0019
node_00,node_04,HTTP,10.0,low,scen_000019,top_0019
node_01,node_02,TCP,6.291535994332287,medium,scen_000019,top_0019
node_01,node_03,DATABASE,10.22930692216543,medium,scen_000019,top_0019
node_02,node_04,STORAGE,29.820840645722395,medium,scen_000019,top_0019
node_02,node_06,HTTP,6.817232352799573,medium,scen_000019,top_0019
node_02,node_08,MESSAGE_QUEUE,23.36649662542177,medium,scen_000019,top_0019
node_02,node_12,TCP,32.44932677156183,medium,scen_000019,top_0019
node_02,node_16,TCP,31.95727668023137,medium,scen_000019,top_0019
node_02,node_18,MESSAGE_QUEUE,34.09584304522344,medium,scen_000019,top_0019
node_02,node_05,DNS,10.0,low,scen_000019,top_0019
node_03,node_05,DNS,16.93953715617321,medium,scen_000019,top_0019
node_03,node_24,MESSAGE_QUEUE,10.0,low,scen_000019,top_0019
node_03,node_22,CACHE,10.0,low,scen_000019,top_0019
node_04,node_07,MESSAGE_QUEUE,8.917983278423602,medium,scen_000019,top_0019
node_04,node_11,CACHE,16.330590586555537,medium,scen_000019,top_0019
node_04,node_17,TCP,26.510820366228717,medium,scen_000019,top_0019
node_04,node_21,MESSAGE_QUEUE,10.0,low,scen_000019,top_0019
node_05,node_13,HTTP,14.225992400756786,medium,scen_000019,top_0019
node_05,node_21,STORAGE,21.387084297795006,medium,scen_000019,top_0019
node_05,node_23,DNS,19.621625001519096,medium,scen_000019,top_0019
node_05,node_02,DATABASE,10.0,low,scen_000019,top_0019
node_06,node_10,TCP,11.305056863401484,medium,scen_000019,top_0019
node_06,node_17,DATABASE,10.0,low,scen_000019,top_0019
node_07,node_09,TCP,16.0661603211875,medium,scen_000019,top_0019
node_07,node_05,DATABASE,10.0,low,scen_000019,top_0019
node_08,node_03,CACHE,10.0,low,scen_000019,top_0019
node_09,node_00,DATABASE,10.0,low,scen_000019,top_0019
node_10,node_14,HTTP,10.698048742235386,medium,scen_000019,top_0019
node_10,node_15,STORAGE,29.695928208393454,medium,scen_000019,top_0019
node_11,node_19,MESSAGE_QUEUE,31.79852485083195,medium,scen_000019,top_0019
node_11,node_09,HTTP,10.0,low,scen_000019,top_0019
node_11,node_02,CACHE,10.0,low,scen_000019,top_0019
node_14,node_13,CACHE,10.0,low,scen_000019,top_0019
node_14,node_16,DNS,10.0,low,scen_000019,top_0019
node_15,node_22,DNS,33.24053055871394,medium,scen_000019,top_0019
node_17,node_00,CACHE,10.0,low,scen_000019,top_0019
node_17,node_04,HTTP,10.0,low,scen_000019,top_0019
node_18,node_20,DATABASE,11.950726438878636,medium,scen_000019,top_0019
node_20,node_03,HTTP,10.0,low,scen_000019,top_0019
node_20,node_15,DATABASE,10.0,low,scen_000019,top_0019
node_21,node_18,STORAGE,10.0,low,scen_000019,top_0019
node_21,node_20,STORAGE,10.0,low,scen_000019,top_0019
node_23,node_24,STORAGE,3.168433227973648,medium,scen_000019,top_0019
node_23,node_12,DNS,10.0,low,scen_000019,top_0019
node_24,node_19,STORAGE,10.0,low,scen_000019,top_0019
ingest_01,kafka_broker,MESSAGE_QUEUE,5.0,critical,scen_000020,top_0020
kafka_broker,notif_01,MESSAGE_QUEUE,10.0,high,scen_000020,top_0020
kafka_broker,user_01,MESSAGE_QUEUE,12.0,medium,scen_000020,top_0020
kafka_broker,consumer_1,MESSAGE_QUEUE,8.0,low,scen_000020,top_0020
kafka_broker,consumer_2,MESSAGE_QUEUE,8.0,low,scen_000020,top_0020
kafka_broker,consumer_3,MESSAGE_QUEUE,8.0,low,scen_000020,top_0020
kafka_broker,consumer_4,MESSAGE_QUEUE,8.0,low,scen_000020,top_0020
kafka_broker,consumer_5,MESSAGE_QUEUE,8.0,low,scen_000020,top_0020
kafka_broker,consumer_6,MESSAGE_QUEUE,8.0,low,scen_000020,top_0020
kafka_broker,consumer_7,MESSAGE_QUEUE,8.0,low,scen_000020,top_0020
kafka_broker,consumer_8,MESSAGE_QUEUE,8.0,low,scen_000020,top_0020
kafka_broker,consumer_9,MESSAGE_QUEUE,8.0,low,scen_000020,top_0020
kafka_broker,consumer_10,MESSAGE_QUEUE,8.0,low,scen_000020,top_0020
kafka_broker,consumer_11,MESSAGE_QUEUE,8.0,low,scen_000020,top_0020
kafka_broker,consumer_12,MESSAGE_QUEUE,8.0,low,scen_000020,top_0020
kafka_broker,consumer_13,MESSAGE_QUEUE,8.0,low,scen_000020,top_0020
kafka_broker,consumer_14,MESSAGE_QUEUE,8.0,low,scen_000020,top_0020
kafka_broker,consumer_15,MESSAGE_QUEUE,8.0,low,scen_000020,top_0020
kafka_broker,consumer_16,MESSAGE_QUEUE,8.0,low,scen_000020,top_0020
kafka_broker,consumer_17,MESSAGE_QUEUE,8.0,low,scen_000020,top_0020
kafka_broker,consumer_18,MESSAGE_QUEUE,8.0,low,scen_000020,top_0020
kafka_broker,consumer_19,MESSAGE_QUEUE,8.0,low,scen_000020,top_0020
kafka_broker,consumer_20,MESSAGE_QUEUE,8.0,low,scen_000020,top_0020
kafka_broker,consumer_21,MESSAGE_QUEUE,8.0,low,scen_000020,top_0020
kafka_broker,consumer_22,MESSAGE_QUEUE,8.0,low,scen_000020,top_0020
kafka_broker,consumer_23,MESSAGE_QUEUE,8.0,low,scen_000020,top_0020
kafka_broker,consumer_24,MESSAGE_QUEUE,8.0,low,scen_000020,top_0020
kafka_broker,consumer_25,MESSAGE_QUEUE,8.0,low,scen_000020,top_0020
kafka_broker,consumer_26,MESSAGE_QUEUE,8.0,low,scen_000020,top_0020
kafka_broker,consumer_27,MESSAGE_QUEUE,8.0,low,scen_000020,top_0020
kafka_broker,consumer_28,MESSAGE_QUEUE,8.0,low,scen_000020,top_0020
kafka_broker,consumer_29,MESSAGE_QUEUE,8.0,low,scen_000020,top_0020
kafka_broker,consumer_30,MESSAGE_QUEUE,8.0,low,scen_000020,top_0020
kafka_broker,consumer_31,MESSAGE_QUEUE,8.0,low,scen_000020,top_0020
notif_01,db_event,DATABASE,15.0,high,scen_000020,top_0020
consumer_1,db_event,DATABASE,10.0,low,scen_000020,top_0020
consumer_2,db_event,DATABASE,10.0,low,scen_000020,top_0020
consumer_3,db_event,DATABASE,10.0,low,scen_000020,top_0020
consumer_4,db_event,DATABASE,10.0,low,scen_000020,top_0020
consumer_5,db_event,DATABASE,10.0,low,scen_000020,top_0020
consumer_6,db_event,DATABASE,10.0,low,scen_000020,top_0020
consumer_7,db_event,DATABASE,10.0,low,scen_000020,top_0020
consumer_8,db_event,DATABASE,10.0,low,scen_000020,top_0020
consumer_9,db_event,DATABASE,10.0,low,scen_000020,top_0020
consumer_10,db_event,DATABASE,10.0,low,scen_000020,top_0020
consumer_11,db_event,DATABASE,10.0,low,scen_000020,top_0020
consumer_12,db_event,DATABASE,10.0,low,scen_000020,top_0020
consumer_13,db_event,DATABASE,10.0,low,scen_000020,top_0020
consumer_14,db_event,DATABASE,10.0,low,scen_000020,top_0020
consumer_15,db_event,DATABASE,10.0,low,scen_000020,top_0020
consumer_16,db_event,DATABASE,10.0,low,scen_000020,top_0020
consumer_17,db_event,DATABASE,10.0,low,scen_000020,top_0020
consumer_18,db_event,DATABASE,10.0,low,scen_000020,top_0020
consumer_19,db_event,DATABASE,10.0,low,scen_000020,top_0020
consumer_20,db_event,DATABASE,10.0,low,scen_000020,top_0020
consumer_21,db_event,DATABASE,10.0,low,scen_000020,top_0020
consumer_22,db_event,DATABASE,10.0,low,scen_000020,top_0020
consumer_23,db_event,DATABASE,10.0,low,scen_000020,top_0020
consumer_24,db_event,DATABASE,10.0,low,scen_000020,top_0020
consumer_25,db_event,DATABASE,10.0,low,scen_000020,top_0020
consumer_26,db_event,DATABASE,10.0,low,scen_000020,top_0020
consumer_27,db_event,DATABASE,10.0,low,scen_000020,top_0020
consumer_28,db_event,DATABASE,10.0,low,scen_000020,top_0020
consumer_29,db_event,DATABASE,10.0,low,scen_000020,top_0020
consumer_30,db_event,DATABASE,10.0,low,scen_000020,top_0020
consumer_31,db_event,DATABASE,10.0,low,scen_000020,top_0020
gw_01,rec_01,HTTP,15.0,high,scen_000021,top_0021
gw_01,search_node_1,HTTP,12.0,medium,scen_000021,top_0021
gw_01,search_node_2,HTTP,12.0,medium,scen_000021,top_0021
gw_01,search_node_3,HTTP,12.0,medium,scen_000021,top_0021
gw_01,search_node_4,HTTP,12.0,medium,scen_000021,top_0021
gw_01,search_node_5,HTTP,12.0,medium,scen_000021,top_0021
gw_01,search_node_6,HTTP,12.0,medium,scen_000021,top_0021
gw_01,search_node_7,HTTP,12.0,medium,scen_000021,top_0021
gw_01,search_node_8,HTTP,12.0,medium,scen_000021,top_0021
gw_01,search_node_9,HTTP,12.0,medium,scen_000021,top_0021
gw_01,search_node_10,HTTP,12.0,medium,scen_000021,top_0021
gw_01,search_node_11,HTTP,12.0,medium,scen_000021,top_0021
gw_01,search_node_12,HTTP,12.0,medium,scen_000021,top_0021
gw_01,search_node_13,HTTP,12.0,medium,scen_000021,top_0021
gw_01,search_node_14,HTTP,12.0,medium,scen_000021,top_0021
gw_01,search_node_15,HTTP,12.0,medium,scen_000021,top_0021
gw_01,search_node_16,HTTP,12.0,medium,scen_000021,top_0021
gw_01,search_node_17,HTTP,12.0,medium,scen_000021,top_0021
gw_01,search_node_18,HTTP,12.0,medium,scen_000021,top_0021
gw_01,search_node_19,HTTP,12.0,medium,scen_000021,top_0021
gw_01,search_node_20,HTTP,12.0,medium,scen_000021,top_0021
gw_01,search_node_21,HTTP,12.0,medium,scen_000021,top_0021
gw_01,search_node_22,HTTP,12.0,medium,scen_000021,top_0021
gw_01,search_node_23,HTTP,12.0,medium,scen_000021,top_0021
gw_01,search_node_24,HTTP,12.0,medium,scen_000021,top_0021
gw_01,search_node_25,HTTP,12.0,medium,scen_000021,top_0021
gw_01,search_node_26,HTTP,12.0,medium,scen_000021,top_0021
gw_01,search_node_27,HTTP,12.0,medium,scen_000021,top_0021
gw_01,search_node_28,HTTP,12.0,medium,scen_000021,top_0021
gw_01,search_node_29,HTTP,12.0,medium,scen_000021,top_0021
gw_01,search_node_30,HTTP,12.0,medium,scen_000021,top_0021
gw_01,search_node_31,HTTP,12.0,medium,scen_000021,top_0021
gw_01,search_node_32,HTTP,12.0,medium,scen_000021,top_0021
gw_01,search_node_33,HTTP,12.0,medium,scen_000021,top_0021
gw_01,search_node_34,HTTP,12.0,medium,scen_000021,top_0021
rec_01,redis_01,CACHE,2.0,critical,scen_000021,top_0021
rec_01,es_01,HTTP,18.0,high,scen_000021,top_0021
rec_01,mongo_01,DATABASE,14.0,high,scen_000021,top_0021
search_node_1,es_01,HTTP,20.0,high,scen_000021,top_0021
search_node_2,es_01,HTTP,20.0,high,scen_000021,top_0021
search_node_3,es_01,HTTP,20.0,high,scen_000021,top_0021
search_node_4,es_01,HTTP,20.0,high,scen_000021,top_0021
search_node_5,es_01,HTTP,20.0,high,scen_000021,top_0021
search_node_6,es_01,HTTP,20.0,high,scen_000021,top_0021
search_node_7,es_01,HTTP,20.0,high,scen_000021,top_0021
search_node_8,es_01,HTTP,20.0,high,scen_000021,top_0021
search_node_9,es_01,HTTP,20.0,high,scen_000021,top_0021
search_node_10,es_01,HTTP,20.0,high,scen_000021,top_0021
search_node_11,es_01,HTTP,20.0,high,scen_000021,top_0021
search_node_12,es_01,HTTP,20.0,high,scen_000021,top_0021
search_node_13,es_01,HTTP,20.0,high,scen_000021,top_0021
search_node_14,es_01,HTTP,20.0,high,scen_000021,top_0021
search_node_15,es_01,HTTP,20.0,high,scen_000021,top_0021
search_node_16,es_01,HTTP,20.0,high,scen_000021,top_0021
search_node_17,es_01,HTTP,20.0,high,scen_000021,top_0021
search_node_18,es_01,HTTP,20.0,high,scen_000021,top_0021
search_node_19,es_01,HTTP,20.0,high,scen_000021,top_0021
search_node_20,es_01,HTTP,20.0,high,scen_000021,top_0021
search_node_21,es_01,HTTP,20.0,high,scen_000021,top_0021
search_node_22,es_01,HTTP,20.0,high,scen_000021,top_0021
search_node_23,es_01,HTTP,20.0,high,scen_000021,top_0021
search_node_24,es_01,HTTP,20.0,high,scen_000021,top_0021
search_node_25,es_01,HTTP,20.0,high,scen_000021,top_0021
search_node_26,es_01,HTTP,20.0,high,scen_000021,top_0021
search_node_27,es_01,HTTP,20.0,high,scen_000021,top_0021
search_node_28,es_01,HTTP,20.0,high,scen_000021,top_0021
search_node_29,es_01,HTTP,20.0,high,scen_000021,top_0021
search_node_30,es_01,HTTP,20.0,high,scen_000021,top_0021
search_node_31,es_01,HTTP,20.0,high,scen_000021,top_0021
search_node_32,es_01,HTTP,20.0,high,scen_000021,top_0021
search_node_33,es_01,HTTP,20.0,high,scen_000021,top_0021
search_node_34,es_01,HTTP,20.0,high,scen_000021,top_0021
ingest_01,kafka_broker,MESSAGE_QUEUE,5.0,critical,scen_000022,top_0022
kafka_broker,notif_01,MESSAGE_QUEUE,10.0,high,scen_000022,top_0022
kafka_broker,user_01,MESSAGE_QUEUE,12.0,medium,scen_000022,top_0022
kafka_broker,consumer_1,MESSAGE_QUEUE,8.0,low,scen_000022,top_0022
kafka_broker,consumer_2,MESSAGE_QUEUE,8.0,low,scen_000022,top_0022
kafka_broker,consumer_3,MESSAGE_QUEUE,8.0,low,scen_000022,top_0022
kafka_broker,consumer_4,MESSAGE_QUEUE,8.0,low,scen_000022,top_0022
kafka_broker,consumer_5,MESSAGE_QUEUE,8.0,low,scen_000022,top_0022
kafka_broker,consumer_6,MESSAGE_QUEUE,8.0,low,scen_000022,top_0022
kafka_broker,consumer_7,MESSAGE_QUEUE,8.0,low,scen_000022,top_0022
kafka_broker,consumer_8,MESSAGE_QUEUE,8.0,low,scen_000022,top_0022
kafka_broker,consumer_9,MESSAGE_QUEUE,8.0,low,scen_000022,top_0022
kafka_broker,consumer_10,MESSAGE_QUEUE,8.0,low,scen_000022,top_0022
kafka_broker,consumer_11,MESSAGE_QUEUE,8.0,low,scen_000022,top_0022
kafka_broker,consumer_12,MESSAGE_QUEUE,8.0,low,scen_000022,top_0022
kafka_broker,consumer_13,MESSAGE_QUEUE,8.0,low,scen_000022,top_0022
kafka_broker,consumer_14,MESSAGE_QUEUE,8.0,low,scen_000022,top_0022
kafka_broker,consumer_15,MESSAGE_QUEUE,8.0,low,scen_000022,top_0022
kafka_broker,consumer_16,MESSAGE_QUEUE,8.0,low,scen_000022,top_0022
kafka_broker,consumer_17,MESSAGE_QUEUE,8.0,low,scen_000022,top_0022
kafka_broker,consumer_18,MESSAGE_QUEUE,8.0,low,scen_000022,top_0022
kafka_broker,consumer_19,MESSAGE_QUEUE,8.0,low,scen_000022,top_0022
kafka_broker,consumer_20,MESSAGE_QUEUE,8.0,low,scen_000022,top_0022
kafka_broker,consumer_21,MESSAGE_QUEUE,8.0,low,scen_000022,top_0022
kafka_broker,consumer_22,MESSAGE_QUEUE,8.0,low,scen_000022,top_0022
kafka_broker,consumer_23,MESSAGE_QUEUE,8.0,low,scen_000022,top_0022
kafka_broker,consumer_24,MESSAGE_QUEUE,8.0,low,scen_000022,top_0022
kafka_broker,consumer_25,MESSAGE_QUEUE,8.0,low,scen_000022,top_0022
kafka_broker,consumer_26,MESSAGE_QUEUE,8.0,low,scen_000022,top_0022
kafka_broker,consumer_27,MESSAGE_QUEUE,8.0,low,scen_000022,top_0022
kafka_broker,consumer_28,MESSAGE_QUEUE,8.0,low,scen_000022,top_0022
kafka_broker,consumer_29,MESSAGE_QUEUE,8.0,low,scen_000022,top_0022
kafka_broker,consumer_30,MESSAGE_QUEUE,8.0,low,scen_000022,top_0022
kafka_broker,consumer_31,MESSAGE_QUEUE,8.0,low,scen_000022,top_0022
kafka_broker,consumer_32,MESSAGE_QUEUE,8.0,low,scen_000022,top_0022
kafka_broker,consumer_33,MESSAGE_QUEUE,8.0,low,scen_000022,top_0022
kafka_broker,consumer_34,MESSAGE_QUEUE,8.0,low,scen_000022,top_0022
kafka_broker,consumer_35,MESSAGE_QUEUE,8.0,low,scen_000022,top_0022
kafka_broker,consumer_36,MESSAGE_QUEUE,8.0,low,scen_000022,top_0022
kafka_broker,consumer_37,MESSAGE_QUEUE,8.0,low,scen_000022,top_0022
kafka_broker,consumer_38,MESSAGE_QUEUE,8.0,low,scen_000022,top_0022
kafka_broker,consumer_39,MESSAGE_QUEUE,8.0,low,scen_000022,top_0022
kafka_broker,consumer_40,MESSAGE_QUEUE,8.0,low,scen_000022,top_0022
kafka_broker,consumer_41,MESSAGE_QUEUE,8.0,low,scen_000022,top_0022
kafka_broker,consumer_42,MESSAGE_QUEUE,8.0,low,scen_000022,top_0022
notif_01,db_event,DATABASE,15.0,high,scen_000022,top_0022
consumer_1,db_event,DATABASE,10.0,low,scen_000022,top_0022
consumer_2,db_event,DATABASE,10.0,low,scen_000022,top_0022
consumer_3,db_event,DATABASE,10.0,low,scen_000022,top_0022
consumer_4,db_event,DATABASE,10.0,low,scen_000022,top_0022
consumer_5,db_event,DATABASE,10.0,low,scen_000022,top_0022
consumer_6,db_event,DATABASE,10.0,low,scen_000022,top_0022
consumer_7,db_event,DATABASE,10.0,low,scen_000022,top_0022
consumer_8,db_event,DATABASE,10.0,low,scen_000022,top_0022
consumer_9,db_event,DATABASE,10.0,low,scen_000022,top_0022
consumer_10,db_event,DATABASE,10.0,low,scen_000022,top_0022
consumer_11,db_event,DATABASE,10.0,low,scen_000022,top_0022
consumer_12,db_event,DATABASE,10.0,low,scen_000022,top_0022
consumer_13,db_event,DATABASE,10.0,low,scen_000022,top_0022
consumer_14,db_event,DATABASE,10.0,low,scen_000022,top_0022
consumer_15,db_event,DATABASE,10.0,low,scen_000022,top_0022
consumer_16,db_event,DATABASE,10.0,low,scen_000022,top_0022
consumer_17,db_event,DATABASE,10.0,low,scen_000022,top_0022
consumer_18,db_event,DATABASE,10.0,low,scen_000022,top_0022
consumer_19,db_event,DATABASE,10.0,low,scen_000022,top_0022
consumer_20,db_event,DATABASE,10.0,low,scen_000022,top_0022
consumer_21,db_event,DATABASE,10.0,low,scen_000022,top_0022
consumer_22,db_event,DATABASE,10.0,low,scen_000022,top_0022
consumer_23,db_event,DATABASE,10.0,low,scen_000022,top_0022
consumer_24,db_event,DATABASE,10.0,low,scen_000022,top_0022
consumer_25,db_event,DATABASE,10.0,low,scen_000022,top_0022
consumer_26,db_event,DATABASE,10.0,low,scen_000022,top_0022
consumer_27,db_event,DATABASE,10.0,low,scen_000022,top_0022
consumer_28,db_event,DATABASE,10.0,low,scen_000022,top_0022
consumer_29,db_event,DATABASE,10.0,low,scen_000022,top_0022
consumer_30,db_event,DATABASE,10.0,low,scen_000022,top_0022
consumer_31,db_event,DATABASE,10.0,low,scen_000022,top_0022
consumer_32,db_event,DATABASE,10.0,low,scen_000022,top_0022
consumer_33,db_event,DATABASE,10.0,low,scen_000022,top_0022
consumer_34,db_event,DATABASE,10.0,low,scen_000022,top_0022
consumer_35,db_event,DATABASE,10.0,low,scen_000022,top_0022
consumer_36,db_event,DATABASE,10.0,low,scen_000022,top_0022
consumer_37,db_event,DATABASE,10.0,low,scen_000022,top_0022
consumer_38,db_event,DATABASE,10.0,low,scen_000022,top_0022
consumer_39,db_event,DATABASE,10.0,low,scen_000022,top_0022
consumer_40,db_event,DATABASE,10.0,low,scen_000022,top_0022
consumer_41,db_event,DATABASE,10.0,low,scen_000022,top_0022
consumer_42,db_event,DATABASE,10.0,low,scen_000022,top_0022
gw_01,auth_01,HTTP,12.0,high,scen_000023,top_0023
gw_01,web_01,HTTP,15.0,high,scen_000023,top_0023
lb_01,gw_01,HTTP,5.0,critical,scen_000023,top_0023
auth_01,db_01,DATABASE,8.0,critical,scen_000023,top_0023
web_01,db_01,DATABASE,10.0,critical,scen_000023,top_0023
web_01,sub_svc_2,HTTP,10.0,low,scen_000023,top_0023
web_01,sub_svc_3,HTTP,10.0,low,scen_000023,top_0023
web_01,sub_svc_4,HTTP,10.0,low,scen_000023,top_0023
web_01,sub_svc_5,HTTP,10.0,low,scen_000023,top_0023
web_01,sub_svc_6,HTTP,10.0,low,scen_000023,top_0023
web_01,sub_svc_7,HTTP,10.0,low,scen_000023,top_0023
web_01,sub_svc_8,HTTP,10.0,low,scen_000023,top_0023
web_01,sub_svc_9,HTTP,10.0,low,scen_000023,top_0023
web_01,sub_svc_10,HTTP,10.0,low,scen_000023,top_0023
web_01,sub_svc_11,HTTP,10.0,low,scen_000023,top_0023
web_01,sub_svc_12,HTTP,10.0,low,scen_000023,top_0023
web_01,sub_svc_13,HTTP,10.0,low,scen_000023,top_0023
web_01,sub_svc_14,HTTP,10.0,low,scen_000023,top_0023
web_01,sub_svc_15,HTTP,10.0,low,scen_000023,top_0023
web_01,sub_svc_16,HTTP,10.0,low,scen_000023,top_0023
sub_svc_2,db_01,DATABASE,12.0,medium,scen_000023,top_0023
sub_svc_3,db_01,DATABASE,12.0,medium,scen_000023,top_0023
sub_svc_4,db_01,DATABASE,12.0,medium,scen_000023,top_0023
sub_svc_5,db_01,DATABASE,12.0,medium,scen_000023,top_0023
sub_svc_6,db_01,DATABASE,12.0,medium,scen_000023,top_0023
sub_svc_7,db_01,DATABASE,12.0,medium,scen_000023,top_0023
sub_svc_8,db_01,DATABASE,12.0,medium,scen_000023,top_0023
sub_svc_9,db_01,DATABASE,12.0,medium,scen_000023,top_0023
sub_svc_10,db_01,DATABASE,12.0,medium,scen_000023,top_0023
sub_svc_11,db_01,DATABASE,12.0,medium,scen_000023,top_0023
sub_svc_12,db_01,DATABASE,12.0,medium,scen_000023,top_0023
sub_svc_13,db_01,DATABASE,12.0,medium,scen_000023,top_0023
sub_svc_14,db_01,DATABASE,12.0,medium,scen_000023,top_0023
sub_svc_15,db_01,DATABASE,12.0,medium,scen_000023,top_0023
sub_svc_16,db_01,DATABASE,12.0,medium,scen_000023,top_0023
ingest_01,kafka_broker,MESSAGE_QUEUE,5.0,critical,scen_000024,top_0024
kafka_broker,notif_01,MESSAGE_QUEUE,10.0,high,scen_000024,top_0024
kafka_broker,user_01,MESSAGE_QUEUE,12.0,medium,scen_000024,top_0024
kafka_broker,consumer_1,MESSAGE_QUEUE,8.0,low,scen_000024,top_0024
kafka_broker,consumer_2,MESSAGE_QUEUE,8.0,low,scen_000024,top_0024
kafka_broker,consumer_3,MESSAGE_QUEUE,8.0,low,scen_000024,top_0024
kafka_broker,consumer_4,MESSAGE_QUEUE,8.0,low,scen_000024,top_0024
notif_01,db_event,DATABASE,15.0,high,scen_000024,top_0024
consumer_1,db_event,DATABASE,10.0,low,scen_000024,top_0024
consumer_2,db_event,DATABASE,10.0,low,scen_000024,top_0024
consumer_3,db_event,DATABASE,10.0,low,scen_000024,top_0024
consumer_4,db_event,DATABASE,10.0,low,scen_000024,top_0024
gw_01,auth_01,HTTP,10.0,high,scen_000025,top_0025
gw_01,order_01,HTTP,15.0,critical,scen_000025,top_0025
gw_01,ecom_aux_1,HTTP,15.0,low,scen_000025,top_0025
gw_01,ecom_aux_2,HTTP,15.0,low,scen_000025,top_0025
gw_01,ecom_aux_3,HTTP,15.0,low,scen_000025,top_0025
gw_01,ecom_aux_4,HTTP,15.0,low,scen_000025,top_0025
gw_01,ecom_aux_5,HTTP,15.0,low,scen_000025,top_0025
gw_01,ecom_aux_6,HTTP,15.0,low,scen_000025,top_0025
gw_01,ecom_aux_7,HTTP,15.0,low,scen_000025,top_0025
gw_01,ecom_aux_8,HTTP,15.0,low,scen_000025,top_0025
gw_01,ecom_aux_9,HTTP,15.0,low,scen_000025,top_0025
gw_01,ecom_aux_10,HTTP,15.0,low,scen_000025,top_0025
gw_01,ecom_aux_11,HTTP,15.0,low,scen_000025,top_0025
gw_01,ecom_aux_12,HTTP,15.0,low,scen_000025,top_0025
gw_01,ecom_aux_13,HTTP,15.0,low,scen_000025,top_0025
gw_01,ecom_aux_14,HTTP,15.0,low,scen_000025,top_0025
gw_01,ecom_aux_15,HTTP,15.0,low,scen_000025,top_0025
order_01,pay_01,HTTP,25.0,critical,scen_000025,top_0025
order_01,inv_01,HTTP,20.0,high,scen_000025,top_0025
order_01,cache_01,CACHE,3.0,high,scen_000025,top_0025
order_01,mq_01,MESSAGE_QUEUE,5.0,medium,scen_000025,top_0025
pay_01,db_master,DATABASE,10.0,critical,scen_000025,top_0025
inv_01,db_master,DATABASE,12.0,high,scen_000025,top_0025
ecom_aux_1,cache_01,CACHE,4.0,low,scen_000025,top_0025
ecom_aux_2,cache_01,CACHE,4.0,low,scen_000025,top_0025
ecom_aux_3,cache_01,CACHE,4.0,low,scen_000025,top_0025
ecom_aux_4,cache_01,CACHE,4.0,low,scen_000025,top_0025
ecom_aux_5,cache_01,CACHE,4.0,low,scen_000025,top_0025
ecom_aux_6,cache_01,CACHE,4.0,low,scen_000025,top_0025
ecom_aux_7,cache_01,CACHE,4.0,low,scen_000025,top_0025
ecom_aux_8,cache_01,CACHE,4.0,low,scen_000025,top_0025
ecom_aux_9,cache_01,CACHE,4.0,low,scen_000025,top_0025
ecom_aux_10,cache_01,CACHE,4.0,low,scen_000025,top_0025
ecom_aux_11,cache_01,CACHE,4.0,low,scen_000025,top_0025
ecom_aux_12,cache_01,CACHE,4.0,low,scen_000025,top_0025
ecom_aux_13,cache_01,CACHE,4.0,low,scen_000025,top_0025
ecom_aux_14,cache_01,CACHE,4.0,low,scen_000025,top_0025
ecom_aux_15,cache_01,CACHE,4.0,low,scen_000025,top_0025
gw_01,auth_01,HTTP,10.0,high,scen_000026,top_0026
gw_01,order_01,HTTP,15.0,critical,scen_000026,top_0026
gw_01,ecom_aux_1,HTTP,15.0,low,scen_000026,top_0026
gw_01,ecom_aux_2,HTTP,15.0,low,scen_000026,top_0026
gw_01,ecom_aux_3,HTTP,15.0,low,scen_000026,top_0026
gw_01,ecom_aux_4,HTTP,15.0,low,scen_000026,top_0026
gw_01,ecom_aux_5,HTTP,15.0,low,scen_000026,top_0026
gw_01,ecom_aux_6,HTTP,15.0,low,scen_000026,top_0026
gw_01,ecom_aux_7,HTTP,15.0,low,scen_000026,top_0026
gw_01,ecom_aux_8,HTTP,15.0,low,scen_000026,top_0026
gw_01,ecom_aux_9,HTTP,15.0,low,scen_000026,top_0026
gw_01,ecom_aux_10,HTTP,15.0,low,scen_000026,top_0026
gw_01,ecom_aux_11,HTTP,15.0,low,scen_000026,top_0026
gw_01,ecom_aux_12,HTTP,15.0,low,scen_000026,top_0026
gw_01,ecom_aux_13,HTTP,15.0,low,scen_000026,top_0026
gw_01,ecom_aux_14,HTTP,15.0,low,scen_000026,top_0026
gw_01,ecom_aux_15,HTTP,15.0,low,scen_000026,top_0026
gw_01,ecom_aux_16,HTTP,15.0,low,scen_000026,top_0026
gw_01,ecom_aux_17,HTTP,15.0,low,scen_000026,top_0026
gw_01,ecom_aux_18,HTTP,15.0,low,scen_000026,top_0026
gw_01,ecom_aux_19,HTTP,15.0,low,scen_000026,top_0026
gw_01,ecom_aux_20,HTTP,15.0,low,scen_000026,top_0026
gw_01,ecom_aux_21,HTTP,15.0,low,scen_000026,top_0026
gw_01,ecom_aux_22,HTTP,15.0,low,scen_000026,top_0026
gw_01,ecom_aux_23,HTTP,15.0,low,scen_000026,top_0026
gw_01,ecom_aux_24,HTTP,15.0,low,scen_000026,top_0026
gw_01,ecom_aux_25,HTTP,15.0,low,scen_000026,top_0026
gw_01,ecom_aux_26,HTTP,15.0,low,scen_000026,top_0026
gw_01,ecom_aux_27,HTTP,15.0,low,scen_000026,top_0026
gw_01,ecom_aux_28,HTTP,15.0,low,scen_000026,top_0026
gw_01,ecom_aux_29,HTTP,15.0,low,scen_000026,top_0026
gw_01,ecom_aux_30,HTTP,15.0,low,scen_000026,top_0026
gw_01,ecom_aux_31,HTTP,15.0,low,scen_000026,top_0026
gw_01,ecom_aux_32,HTTP,15.0,low,scen_000026,top_0026
order_01,pay_01,HTTP,25.0,critical,scen_000026,top_0026
order_01,inv_01,HTTP,20.0,high,scen_000026,top_0026
order_01,cache_01,CACHE,3.0,high,scen_000026,top_0026
order_01,mq_01,MESSAGE_QUEUE,5.0,medium,scen_000026,top_0026
pay_01,db_master,DATABASE,10.0,critical,scen_000026,top_0026
inv_01,db_master,DATABASE,12.0,high,scen_000026,top_0026
ecom_aux_1,cache_01,CACHE,4.0,low,scen_000026,top_0026
ecom_aux_2,cache_01,CACHE,4.0,low,scen_000026,top_0026
ecom_aux_3,cache_01,CACHE,4.0,low,scen_000026,top_0026
ecom_aux_4,cache_01,CACHE,4.0,low,scen_000026,top_0026
ecom_aux_5,cache_01,CACHE,4.0,low,scen_000026,top_0026
ecom_aux_6,cache_01,CACHE,4.0,low,scen_000026,top_0026
ecom_aux_7,cache_01,CACHE,4.0,low,scen_000026,top_0026
ecom_aux_8,cache_01,CACHE,4.0,low,scen_000026,top_0026
ecom_aux_9,cache_01,CACHE,4.0,low,scen_000026,top_0026
ecom_aux_10,cache_01,CACHE,4.0,low,scen_000026,top_0026
ecom_aux_11,cache_01,CACHE,4.0,low,scen_000026,top_0026
ecom_aux_12,cache_01,CACHE,4.0,low,scen_000026,top_0026
ecom_aux_13,cache_01,CACHE,4.0,low,scen_000026,top_0026
ecom_aux_14,cache_01,CACHE,4.0,low,scen_000026,top_0026
ecom_aux_15,cache_01,CACHE,4.0,low,scen_000026,top_0026
ecom_aux_16,cache_01,CACHE,4.0,low,scen_000026,top_0026
ecom_aux_17,cache_01,CACHE,4.0,low,scen_000026,top_0026
ecom_aux_18,cache_01,CACHE,4.0,low,scen_000026,top_0026
ecom_aux_19,cache_01,CACHE,4.0,low,scen_000026,top_0026
ecom_aux_20,cache_01,CACHE,4.0,low,scen_000026,top_0026
ecom_aux_21,cache_01,CACHE,4.0,low,scen_000026,top_0026
ecom_aux_22,cache_01,CACHE,4.0,low,scen_000026,top_0026
ecom_aux_23,cache_01,CACHE,4.0,low,scen_000026,top_0026
ecom_aux_24,cache_01,CACHE,4.0,low,scen_000026,top_0026
ecom_aux_25,cache_01,CACHE,4.0,low,scen_000026,top_0026
ecom_aux_26,cache_01,CACHE,4.0,low,scen_000026,top_0026
ecom_aux_27,cache_01,CACHE,4.0,low,scen_000026,top_0026
ecom_aux_28,cache_01,CACHE,4.0,low,scen_000026,top_0026
ecom_aux_29,cache_01,CACHE,4.0,low,scen_000026,top_0026
ecom_aux_30,cache_01,CACHE,4.0,low,scen_000026,top_0026
ecom_aux_31,cache_01,CACHE,4.0,low,scen_000026,top_0026
ecom_aux_32,cache_01,CACHE,4.0,low,scen_000026,top_0026
gw_01,rec_01,HTTP,15.0,high,scen_000027,top_0027
gw_01,search_node_1,HTTP,12.0,medium,scen_000027,top_0027
gw_01,search_node_2,HTTP,12.0,medium,scen_000027,top_0027
gw_01,search_node_3,HTTP,12.0,medium,scen_000027,top_0027
gw_01,search_node_4,HTTP,12.0,medium,scen_000027,top_0027
gw_01,search_node_5,HTTP,12.0,medium,scen_000027,top_0027
gw_01,search_node_6,HTTP,12.0,medium,scen_000027,top_0027
gw_01,search_node_7,HTTP,12.0,medium,scen_000027,top_0027
gw_01,search_node_8,HTTP,12.0,medium,scen_000027,top_0027
gw_01,search_node_9,HTTP,12.0,medium,scen_000027,top_0027
gw_01,search_node_10,HTTP,12.0,medium,scen_000027,top_0027
gw_01,search_node_11,HTTP,12.0,medium,scen_000027,top_0027
gw_01,search_node_12,HTTP,12.0,medium,scen_000027,top_0027
gw_01,search_node_13,HTTP,12.0,medium,scen_000027,top_0027
gw_01,search_node_14,HTTP,12.0,medium,scen_000027,top_0027
gw_01,search_node_15,HTTP,12.0,medium,scen_000027,top_0027
rec_01,redis_01,CACHE,2.0,critical,scen_000027,top_0027
rec_01,es_01,HTTP,18.0,high,scen_000027,top_0027
rec_01,mongo_01,DATABASE,14.0,high,scen_000027,top_0027
search_node_1,es_01,HTTP,20.0,high,scen_000027,top_0027
search_node_2,es_01,HTTP,20.0,high,scen_000027,top_0027
search_node_3,es_01,HTTP,20.0,high,scen_000027,top_0027
search_node_4,es_01,HTTP,20.0,high,scen_000027,top_0027
search_node_5,es_01,HTTP,20.0,high,scen_000027,top_0027
search_node_6,es_01,HTTP,20.0,high,scen_000027,top_0027
search_node_7,es_01,HTTP,20.0,high,scen_000027,top_0027
search_node_8,es_01,HTTP,20.0,high,scen_000027,top_0027
search_node_9,es_01,HTTP,20.0,high,scen_000027,top_0027
search_node_10,es_01,HTTP,20.0,high,scen_000027,top_0027
search_node_11,es_01,HTTP,20.0,high,scen_000027,top_0027
search_node_12,es_01,HTTP,20.0,high,scen_000027,top_0027
search_node_13,es_01,HTTP,20.0,high,scen_000027,top_0027
search_node_14,es_01,HTTP,20.0,high,scen_000027,top_0027
search_node_15,es_01,HTTP,20.0,high,scen_000027,top_0027
gw_01,rec_01,HTTP,15.0,high,scen_000028,top_0028
gw_01,search_node_1,HTTP,12.0,medium,scen_000028,top_0028
gw_01,search_node_2,HTTP,12.0,medium,scen_000028,top_0028
gw_01,search_node_3,HTTP,12.0,medium,scen_000028,top_0028
gw_01,search_node_4,HTTP,12.0,medium,scen_000028,top_0028
gw_01,search_node_5,HTTP,12.0,medium,scen_000028,top_0028
gw_01,search_node_6,HTTP,12.0,medium,scen_000028,top_0028
gw_01,search_node_7,HTTP,12.0,medium,scen_000028,top_0028
gw_01,search_node_8,HTTP,12.0,medium,scen_000028,top_0028
gw_01,search_node_9,HTTP,12.0,medium,scen_000028,top_0028
gw_01,search_node_10,HTTP,12.0,medium,scen_000028,top_0028
gw_01,search_node_11,HTTP,12.0,medium,scen_000028,top_0028
gw_01,search_node_12,HTTP,12.0,medium,scen_000028,top_0028
gw_01,search_node_13,HTTP,12.0,medium,scen_000028,top_0028
gw_01,search_node_14,HTTP,12.0,medium,scen_000028,top_0028
gw_01,search_node_15,HTTP,12.0,medium,scen_000028,top_0028
gw_01,search_node_16,HTTP,12.0,medium,scen_000028,top_0028
gw_01,search_node_17,HTTP,12.0,medium,scen_000028,top_0028
gw_01,search_node_18,HTTP,12.0,medium,scen_000028,top_0028
gw_01,search_node_19,HTTP,12.0,medium,scen_000028,top_0028
gw_01,search_node_20,HTTP,12.0,medium,scen_000028,top_0028
gw_01,search_node_21,HTTP,12.0,medium,scen_000028,top_0028
gw_01,search_node_22,HTTP,12.0,medium,scen_000028,top_0028
gw_01,search_node_23,HTTP,12.0,medium,scen_000028,top_0028
gw_01,search_node_24,HTTP,12.0,medium,scen_000028,top_0028
gw_01,search_node_25,HTTP,12.0,medium,scen_000028,top_0028
gw_01,search_node_26,HTTP,12.0,medium,scen_000028,top_0028
gw_01,search_node_27,HTTP,12.0,medium,scen_000028,top_0028
gw_01,search_node_28,HTTP,12.0,medium,scen_000028,top_0028
gw_01,search_node_29,HTTP,12.0,medium,scen_000028,top_0028
gw_01,search_node_30,HTTP,12.0,medium,scen_000028,top_0028
gw_01,search_node_31,HTTP,12.0,medium,scen_000028,top_0028
gw_01,search_node_32,HTTP,12.0,medium,scen_000028,top_0028
gw_01,search_node_33,HTTP,12.0,medium,scen_000028,top_0028
rec_01,redis_01,CACHE,2.0,critical,scen_000028,top_0028
rec_01,es_01,HTTP,18.0,high,scen_000028,top_0028
rec_01,mongo_01,DATABASE,14.0,high,scen_000028,top_0028
search_node_1,es_01,HTTP,20.0,high,scen_000028,top_0028
search_node_2,es_01,HTTP,20.0,high,scen_000028,top_0028
search_node_3,es_01,HTTP,20.0,high,scen_000028,top_0028
search_node_4,es_01,HTTP,20.0,high,scen_000028,top_0028
search_node_5,es_01,HTTP,20.0,high,scen_000028,top_0028
search_node_6,es_01,HTTP,20.0,high,scen_000028,top_0028
search_node_7,es_01,HTTP,20.0,high,scen_000028,top_0028
search_node_8,es_01,HTTP,20.0,high,scen_000028,top_0028
search_node_9,es_01,HTTP,20.0,high,scen_000028,top_0028
search_node_10,es_01,HTTP,20.0,high,scen_000028,top_0028
search_node_11,es_01,HTTP,20.0,high,scen_000028,top_0028
search_node_12,es_01,HTTP,20.0,high,scen_000028,top_0028
search_node_13,es_01,HTTP,20.0,high,scen_000028,top_0028
search_node_14,es_01,HTTP,20.0,high,scen_000028,top_0028
search_node_15,es_01,HTTP,20.0,high,scen_000028,top_0028
search_node_16,es_01,HTTP,20.0,high,scen_000028,top_0028
search_node_17,es_01,HTTP,20.0,high,scen_000028,top_0028
search_node_18,es_01,HTTP,20.0,high,scen_000028,top_0028
search_node_19,es_01,HTTP,20.0,high,scen_000028,top_0028
search_node_20,es_01,HTTP,20.0,high,scen_000028,top_0028
search_node_21,es_01,HTTP,20.0,high,scen_000028,top_0028
search_node_22,es_01,HTTP,20.0,high,scen_000028,top_0028
search_node_23,es_01,HTTP,20.0,high,scen_000028,top_0028
search_node_24,es_01,HTTP,20.0,high,scen_000028,top_0028
search_node_25,es_01,HTTP,20.0,high,scen_000028,top_0028
search_node_26,es_01,HTTP,20.0,high,scen_000028,top_0028
search_node_27,es_01,HTTP,20.0,high,scen_000028,top_0028
search_node_28,es_01,HTTP,20.0,high,scen_000028,top_0028
search_node_29,es_01,HTTP,20.0,high,scen_000028,top_0028
search_node_30,es_01,HTTP,20.0,high,scen_000028,top_0028
search_node_31,es_01,HTTP,20.0,high,scen_000028,top_0028
search_node_32,es_01,HTTP,20.0,high,scen_000028,top_0028
search_node_33,es_01,HTTP,20.0,high,scen_000028,top_0028
node_00,node_01,CACHE,30.27855802287928,medium,scen_000029,top_0029
node_00,node_02,DNS,9.358591200781452,medium,scen_000029,top_0029
node_00,node_14,MESSAGE_QUEUE,10.0,low,scen_000029,top_0029
node_00,node_20,MESSAGE_QUEUE,10.0,low,scen_000029,top_0029
node_01,node_04,TCP,7.3467780888050145,medium,scen_000029,top_0029
node_01,node_21,STORAGE,20.277824381438595,medium,scen_000029,top_0029
node_01,node_10,DATABASE,10.0,low,scen_000029,top_0029
node_02,node_03,CACHE,17.860773913785295,medium,scen_000029,top_0029
node_02,node_06,MESSAGE_QUEUE,30.12746458571332,medium,scen_000029,top_0029
node_02,node_09,HTTP,14.993906156463705,medium,scen_000029,top_0029
node_02,node_17,STORAGE,25.91258350062137,medium,scen_000029,top_0029
node_03,node_07,CACHE,10.0,low,scen_000029,top_0029
node_04,node_05,CACHE,23.909859718916625,medium,scen_000029,top_0029
node_04,node_07,MESSAGE_QUEUE,16.54552674818649,medium,scen_000029,top_0029
node_04,node_12,DNS,11.434131481405938,medium,scen_000029,top_0029
node_04,node_19,DNS,8.338308071435051,medium,scen_000029,top_0029
node_05,node_14,MESSAGE_QUEUE,4.004340215570071,medium,scen_000029,top_0029
node_05,node_09,DNS,10.0,low,scen_000029,top_0029
node_07,node_08,MESSAGE_QUEUE,28.853759235323615,medium,scen_000029,top_0029
node_07,node_11,STORAGE,2.447783503741571,medium,scen_000029,top_0029
node_07,node_15,MESSAGE_QUEUE,30.58915891820489,medium,scen_000029,top_0029
node_08,node_10,HTTP,34.04807083269571,medium,scen_000029,top_0029
node_08,node_13,TCP,2.6597534459495837,medium,scen_000029,top_0029
node_08,node_23,STORAGE,2.712387973859661,medium,scen_000029,top_0029
node_09,node_18,CACHE,8.829945453273798,medium,scen_000029,top_0029
node_09,node_03,MESSAGE_QUEUE,10.0,low,scen_000029,top_0029
node_10,node_16,DNS,21.153525008233228,medium,scen_000029,top_0029
node_11,node_24,DATABASE,34.12961931866497,medium,scen_000029,top_0029
node_11,node_19,MESSAGE_QUEUE,10.0,low,scen_000029,top_0029
node_13,node_20,CACHE,15.93050240732333,medium,scen_000029,top_0029
node_13,node_04,HTTP,10.0,low,scen_000029,top_0029
node_14,node_12,DATABASE,10.0,low,scen_000029,top_0029
node_15,node_07,CACHE,10.0,low,scen_000029,top_0029
node_16,node_13,TCP,10.0,low,scen_000029,top_0029
node_17,node_22,STORAGE,27.07255513782946,medium,scen_000029,top_0029
node_17,node_24,DNS,10.0,low,scen_000029,top_0029
node_17,node_06,DATABASE,10.0,low,scen_000029,top_0029
node_18,node_06,TCP,10.0,low,scen_000029,top_0029
node_18,node_09,MESSAGE_QUEUE,10.0,low,scen_000029,top_0029
node_20,node_22,STORAGE,10.0,low,scen_000029,top_0029
node_20,node_02,HTTP,10.0,low,scen_000029,top_0029
node_20,node_09,DATABASE,10.0,low,scen_000029,top_0029
node_22,node_16,HTTP,10.0,low,scen_000029,top_0029
node_22,node_19,HTTP,10.0,low,scen_000029,top_0029
node_23,node_09,MESSAGE_QUEUE,10.0,low,scen_000029,top_0029
node_23,node_06,TCP,10.0,low,scen_000029,top_0029
node_24,node_14,DATABASE,10.0,low,scen_000029,top_0029
ingest_01,kafka_broker,MESSAGE_QUEUE,5.0,critical,scen_000030,top_0030
kafka_broker,notif_01,MESSAGE_QUEUE,10.0,high,scen_000030,top_0030
kafka_broker,user_01,MESSAGE_QUEUE,12.0,medium,scen_000030,top_0030
kafka_broker,consumer_1,MESSAGE_QUEUE,8.0,low,scen_000030,top_0030
kafka_broker,consumer_2,MESSAGE_QUEUE,8.0,low,scen_000030,top_0030
kafka_broker,consumer_3,MESSAGE_QUEUE,8.0,low,scen_000030,top_0030
kafka_broker,consumer_4,MESSAGE_QUEUE,8.0,low,scen_000030,top_0030
kafka_broker,consumer_5,MESSAGE_QUEUE,8.0,low,scen_000030,top_0030
kafka_broker,consumer_6,MESSAGE_QUEUE,8.0,low,scen_000030,top_0030
kafka_broker,consumer_7,MESSAGE_QUEUE,8.0,low,scen_000030,top_0030
notif_01,db_event,DATABASE,15.0,high,scen_000030,top_0030
consumer_1,db_event,DATABASE,10.0,low,scen_000030,top_0030
consumer_2,db_event,DATABASE,10.0,low,scen_000030,top_0030
consumer_3,db_event,DATABASE,10.0,low,scen_000030,top_0030
consumer_4,db_event,DATABASE,10.0,low,scen_000030,top_0030
consumer_5,db_event,DATABASE,10.0,low,scen_000030,top_0030
consumer_6,db_event,DATABASE,10.0,low,scen_000030,top_0030
consumer_7,db_event,DATABASE,10.0,low,scen_000030,top_0030
node_00,node_01,DNS,24.698950956394448,medium,scen_000031,top_0031
node_00,node_03,STORAGE,6.5940759360542005,medium,scen_000031,top_0031
node_00,node_05,TCP,16.947522363075255,medium,scen_000031,top_0031
node_00,node_25,STORAGE,28.462675783042613,medium,scen_000031,top_0031
node_01,node_02,HTTP,24.475093549558256,medium,scen_000031,top_0031
node_01,node_08,DNS,10.0,low,scen_000031,top_0031
node_03,node_04,CACHE,33.246359926344574,medium,scen_000031,top_0031
node_03,node_06,MESSAGE_QUEUE,11.78993870607054,medium,scen_000031,top_0031
node_03,node_11,HTTP,27.29285204795911,medium,scen_000031,top_0031
node_03,node_17,MESSAGE_QUEUE,6.883181718842333,medium,scen_000031,top_0031
node_04,node_08,STORAGE,20.800280689598512,medium,scen_000031,top_0031
node_05,node_07,DNS,3.1830913700264274,medium,scen_000031,top_0031
node_05,node_16,MESSAGE_QUEUE,10.0,low,scen_000031,top_0031
node_05,node_09,MESSAGE_QUEUE,10.0,low,scen_000031,top_0031
node_06,node_09,CACHE,12.216762415906281,medium,scen_000031,top_0031
node_06,node_13,HTTP,17.28834916122173,medium,scen_000031,top_0031
node_06,node_16,DNS,27.017245767582573,medium,scen_000031,top_0031
node_07,node_12,DATABASE,32.21372167540933,medium,scen_000031,top_0031
node_07,node_14,DNS,10.0,low,scen_000031,top_0031
node_07,node_20,DNS,10.0,low,scen_000031,top_0031
node_08,node_10,MESSAGE_QUEUE,19.648934922911273,medium,scen_000031,top_0031
node_08,node_05,HTTP,10.0,low,scen_000031,top_0031
node_09,node_18,MESSAGE_QUEUE,8.799311558507979,medium,scen_000031,top_0031
node_09,node_05,TCP,10.0,low,scen_000031,top_0031
node_09,node_22,STORAGE,10.0,low,scen_000031,top_0031
node_10,node_20,TCP,10.0,low,scen_000031,top_0031
node_10,node_00,DATABASE,10.0,low,scen_000031,top_0031
node_11,node_14,DNS,21.24671093974662,medium,scen_000031,top_0031
node_11,node_20,CACHE,34.83037032819267,medium,scen_000031,top_0031
node_11,node_22,CACHE,15.303268588674992,medium,scen_000031,top_0031
node_12,node_19,DATABASE,10.0,low,scen_000031,top_0031
node_13,node_15,HTTP,15.382663796256848,medium,scen_000031,top_0031
node_13,node_23,HTTP,20.12660791742779,medium,scen_000031,top_0031
node_15,node_14,HTTP,10.0,low,scen_000031,top_0031
node_16,node_02,DATABASE,10.0,low,scen_000031,top_0031
node_16,node_00,DNS,10.0,low,scen_000031,top_0031
node_17,node_24,HTTP,10.0,low,scen_000031,top_0031
node_17,node_21,DATABASE,10.0,low,scen_000031,top_0031
node_17,node_25,DATABASE,10.0,low,scen_000031,top_0031
node_18,node_19,CACHE,14.43579073594942,medium,scen_000031,top_0031
node_18,node_14,CACHE,10.0,low,scen_000031,top_0031
node_19,node_21,DNS,18.163229364163772,medium,scen_000031,top_0031
node_19,node_24,MESSAGE_QUEUE,2.6124658090080497,medium,scen_000031,top_0031
node_19,node_11,TCP,10.0,low,scen_000031,top_0031
node_19,node_20,TCP,10.0,low,scen_000031,top_0031
node_20,node_16,TCP,10.0,low,scen_000031,top_0031
node_20,node_23,HTTP,10.0,low,scen_000031,top_0031
node_22,node_10,STORAGE,10.0,low,scen_000031,top_0031
node_00,node_01,STORAGE,30.728098698551573,medium,scen_000032,top_0032
node_00,node_03,CACHE,18.13135159655358,medium,scen_000032,top_0032
node_00,node_07,CACHE,14.22335242779887,medium,scen_000032,top_0032
node_01,node_02,DATABASE,32.2845122046052,medium,scen_000032,top_0032
node_01,node_04,HTTP,6.056146207458589,medium,scen_000032,top_0032
node_01,node_06,DNS,28.33587029958364,medium,scen_000032,top_0032
node_01,node_11,STORAGE,4.987382055732246,medium,scen_000032,top_0032
node_01,node_12,CACHE,10.0,low,scen_000032,top_0032
node_02,node_06,MESSAGE_QUEUE,10.0,low,scen_000032,top_0032
node_02,node_16,HTTP,10.0,low,scen_000032,top_0032
node_03,node_16,TCP,10.0,low,scen_000032,top_0032
node_04,node_05,DNS,11.1130134044766,medium,scen_000032,top_0032
node_04,node_08,CACHE,11.765807623007909,medium,scen_000032,top_0032
node_04,node_10,TCP,19.114499236724907,medium,scen_000032,top_0032
node_04,node_07,DATABASE,10.0,low,scen_000032,top_0032
node_05,node_01,MESSAGE_QUEUE,10.0,low,scen_000032,top_0032
node_06,node_12,MESSAGE_QUEUE,3.8416634059326435,medium,scen_000032,top_0032
node_06,node_13,MESSAGE_QUEUE,20.552886119486452,medium,scen_000032,top_0032
node_06,node_15,HTTP,29.678131989271876,medium,scen_000032,top_0032
node_06,node_01,CACHE,10.0,low,scen_000032,top_0032
node_07,node_09,STORAGE,15.831119874897436,medium,scen_000032,top_0032
node_08,node_15,STORAGE,10.0,low,scen_000032,top_0032
node_08,node_13,CACHE,10.0,low,scen_000032,top_0032
node_08,node_18,HTTP,10.0,low,scen_000032,top_0032
node_10,node_17,TCP,29.37038937693613,medium,scen_000032,top_0032
node_10,node_03,CACHE,10.0,low,scen_000032,top_0032
node_10,node_01,STORAGE,10.0,low,scen_000032,top_0032
node_11,node_03,STORAGE,10.0,low,scen_000032,top_0032
node_12,node_10,STORAGE,10.0,low,scen_000032,top_0032
node_13,node_14,HTTP,14.571744432307057,medium,scen_000032,top_0032
node_13,node_07,HTTP,10.0,low,scen_000032,top_0032
node_15,node_16,DATABASE,22.848545560784466,medium,scen_000032,top_0032
node_15,node_12,TCP,10.0,low,scen_000032,top_0032
node_17,node_18,CACHE,27.27610959318729,medium,scen_000032,top_0032
node_17,node_08,HTTP,10.0,low,scen_000032,top_0032
node_17,node_09,HTTP,10.0,low,scen_000032,top_0032
node_18,node_15,STORAGE,10.0,low,scen_000032,top_0032
node_00,node_01,HTTP,11.20029802654311,medium,scen_000033,top_0033
node_00,node_11,DNS,11.967886878080705,medium,scen_000033,top_0033
node_00,node_05,DNS,10.0,low,scen_000033,top_0033
node_01,node_02,MESSAGE_QUEUE,13.498778113987155,medium,scen_000033,top_0033
node_01,node_04,CACHE,19.775258876651694,medium,scen_000033,top_0033
node_01,node_06,DNS,7.721598973305389,medium,scen_000033,top_0033
node_01,node_13,DATABASE,10.0,low,scen_000033,top_0033
node_01,node_07,TCP,10.0,low,scen_000033,top_0033
node_01,node_09,CACHE,10.0,low,scen_000033,top_0033
node_02,node_03,DNS,16.983418338846523,medium,scen_000033,top_0033
node_02,node_16,MESSAGE_QUEUE,32.06731090603088,medium,scen_000033,top_0033
node_03,node_05,CACHE,30.74008561092944,medium,scen_000033,top_0033
node_03,node_07,STORAGE,3.2188673247065256,medium,scen_000033,top_0033
node_03,node_17,CACHE,30.655222322174957,medium,scen_000033,top_0033
node_03,node_04,DNS,10.0,low,scen_000033,top_0033
node_05,node_08,TCP,24.681349396585347,medium,scen_000033,top_0033
node_05,node_09,TCP,29.14817083724151,medium,scen_000033,top_0033
node_05,node_12,STORAGE,19.686981561049986,medium,scen_000033,top_0033
node_06,node_13,DATABASE,10.0,low,scen_000033,top_0033
node_07,node_12,CACHE,10.0,low,scen_000033,top_0033
node_09,node_10,HTTP,27.096052645234657,medium,scen_000033,top_0033
node_09,node_03,HTTP,10.0,low,scen_000033,top_0033
node_10,node_06,CACHE,10.0,low,scen_000033,top_0033
node_10,node_09,TCP,10.0,low,scen_000033,top_0033
node_11,node_15,STORAGE,19.33485768377277,medium,scen_000033,top_0033
node_12,node_13,DNS,14.61015412366412,medium,scen_000033,top_0033
node_12,node_14,TCP,4.899052971428648,medium,scen_000033,top_0033
node_12,node_10,TCP,10.0,low,scen_000033,top_0033
node_12,node_04,TCP,10.0,low,scen_000033,top_0033
node_12,node_11,HTTP,10.0,low,scen_000033,top_0033
node_14,node_13,MESSAGE_QUEUE,10.0,low,scen_000033,top_0033
node_17,node_16,DATABASE,10.0,low,scen_000033,top_0033
ingest_01,kafka_broker,MESSAGE_QUEUE,5.0,critical,scen_000034,top_0034
kafka_broker,notif_01,MESSAGE_QUEUE,10.0,high,scen_000034,top_0034
kafka_broker,user_01,MESSAGE_QUEUE,12.0,medium,scen_000034,top_0034
kafka_broker,consumer_1,MESSAGE_QUEUE,8.0,low,scen_000034,top_0034
kafka_broker,consumer_2,MESSAGE_QUEUE,8.0,low,scen_000034,top_0034
kafka_broker,consumer_3,MESSAGE_QUEUE,8.0,low,scen_000034,top_0034
kafka_broker,consumer_4,MESSAGE_QUEUE,8.0,low,scen_000034,top_0034
kafka_broker,consumer_5,MESSAGE_QUEUE,8.0,low,scen_000034,top_0034
kafka_broker,consumer_6,MESSAGE_QUEUE,8.0,low,scen_000034,top_0034
kafka_broker,consumer_7,MESSAGE_QUEUE,8.0,low,scen_000034,top_0034
kafka_broker,consumer_8,MESSAGE_QUEUE,8.0,low,scen_000034,top_0034
kafka_broker,consumer_9,MESSAGE_QUEUE,8.0,low,scen_000034,top_0034
kafka_broker,consumer_10,MESSAGE_QUEUE,8.0,low,scen_000034,top_0034
kafka_broker,consumer_11,MESSAGE_QUEUE,8.0,low,scen_000034,top_0034
kafka_broker,consumer_12,MESSAGE_QUEUE,8.0,low,scen_000034,top_0034
kafka_broker,consumer_13,MESSAGE_QUEUE,8.0,low,scen_000034,top_0034
kafka_broker,consumer_14,MESSAGE_QUEUE,8.0,low,scen_000034,top_0034
kafka_broker,consumer_15,MESSAGE_QUEUE,8.0,low,scen_000034,top_0034
kafka_broker,consumer_16,MESSAGE_QUEUE,8.0,low,scen_000034,top_0034
kafka_broker,consumer_17,MESSAGE_QUEUE,8.0,low,scen_000034,top_0034
kafka_broker,consumer_18,MESSAGE_QUEUE,8.0,low,scen_000034,top_0034
kafka_broker,consumer_19,MESSAGE_QUEUE,8.0,low,scen_000034,top_0034
kafka_broker,consumer_20,MESSAGE_QUEUE,8.0,low,scen_000034,top_0034
kafka_broker,consumer_21,MESSAGE_QUEUE,8.0,low,scen_000034,top_0034
notif_01,db_event,DATABASE,15.0,high,scen_000034,top_0034
consumer_1,db_event,DATABASE,10.0,low,scen_000034,top_0034
consumer_2,db_event,DATABASE,10.0,low,scen_000034,top_0034
consumer_3,db_event,DATABASE,10.0,low,scen_000034,top_0034
consumer_4,db_event,DATABASE,10.0,low,scen_000034,top_0034
consumer_5,db_event,DATABASE,10.0,low,scen_000034,top_0034
consumer_6,db_event,DATABASE,10.0,low,scen_000034,top_0034
consumer_7,db_event,DATABASE,10.0,low,scen_000034,top_0034
consumer_8,db_event,DATABASE,10.0,low,scen_000034,top_0034
consumer_9,db_event,DATABASE,10.0,low,scen_000034,top_0034
consumer_10,db_event,DATABASE,10.0,low,scen_000034,top_0034
consumer_11,db_event,DATABASE,10.0,low,scen_000034,top_0034
consumer_12,db_event,DATABASE,10.0,low,scen_000034,top_0034
consumer_13,db_event,DATABASE,10.0,low,scen_000034,top_0034
consumer_14,db_event,DATABASE,10.0,low,scen_000034,top_0034
consumer_15,db_event,DATABASE,10.0,low,scen_000034,top_0034
consumer_16,db_event,DATABASE,10.0,low,scen_000034,top_0034
consumer_17,db_event,DATABASE,10.0,low,scen_000034,top_0034
consumer_18,db_event,DATABASE,10.0,low,scen_000034,top_0034
consumer_19,db_event,DATABASE,10.0,low,scen_000034,top_0034
consumer_20,db_event,DATABASE,10.0,low,scen_000034,top_0034
consumer_21,db_event,DATABASE,10.0,low,scen_000034,top_0034
node_00,node_01,STORAGE,22.930110528052044,medium,scen_000035,top_0035
node_00,node_02,DATABASE,10.491950774243293,medium,scen_000035,top_0035
node_00,node_04,DNS,15.199353596657087,medium,scen_000035,top_0035
node_00,node_05,MESSAGE_QUEUE,9.612540977030562,medium,scen_000035,top_0035
node_00,node_06,STORAGE,7.4609472172147315,medium,scen_000035,top_0035
node_00,node_17,TCP,23.065469856063256,medium,scen_000035,top_0035
node_00,node_20,HTTP,10.0,low,scen_000035,top_0035
node_01,node_38,HTTP,10.0,low,scen_000035,top_0035
node_02,node_03,HTTP,10.191332298542903,medium,scen_000035,top_0035
node_02,node_08,MESSAGE_QUEUE,23.82081027477392,medium,scen_000035,top_0035
node_02,node_39,STORAGE,18.487900353016702,medium,scen_000035,top_0035
node_02,node_33,DATABASE,10.0,low,scen_000035,top_0035
node_02,node_23,DATABASE,10.0,low,scen_000035,top_0035
node_03,node_09,DATABASE,20.080508266800805,medium,scen_000035,top_0035
node_03,node_12,CACHE,11.747991703647617,medium,scen_000035,top_0035
node_03,node_38,CACHE,11.782948834644932,medium,scen_000035,top_0035
node_04,node_13,TCP,25.35800106622867,medium,scen_000035,top_0035
node_04,node_15,TCP,28.465233814961646,medium,scen_000035,top_0035
node_05,node_16,HTTP,14.10691402543152,medium,scen_000035,top_0035
node_06,node_07,DNS,18.616295856178663,medium,scen_000035,top_0035
node_06,node_10,TCP,19.609133251068315,medium,scen_000035,top_0035
node_06,node_17,CACHE,10.0,low,scen_000035,top_0035
node_07,node_11,MESSAGE_QUEUE,7.48868086836604,medium,scen_000035,top_0035
node_07,node_14,STORAGE,21.25076170860715,medium,scen_000035,top_0035
node_07,node_30,DNS,12.868559706255445,medium,scen_000035,top_0035
node_08,node_36,DNS,5.771409147364613,medium,scen_000035,top_0035
node_09,node_42,MESSAGE_QUEUE,32.384235182728936,medium,scen_000035,top_0035
node_09,node_41,DNS,10.0,low,scen_000035,top_0035
node_10,node_22,STORAGE,23.410726021961484,medium,scen_000035,top_0035
node_10,node_27,HTTP,10.0,low,scen_000035,top_0035
node_11,node_18,HTTP,20.755205241258004,medium,scen_000035,top_0035
node_11,node_19,DATABASE,4.561281373593881,medium,scen_000035,top_0035
node_11,node_30,STORAGE,10.0,low,scen_000035,top_0035
node_12,node_20,MESSAGE_QUEUE,34.9851898853351,medium,scen_000035,top_0035
node_12,node_26,STORAGE,10.647906553544344,medium,scen_000035,top_0035
node_12,node_41,MESSAGE_QUEUE,6.7196805767508545,medium,scen_000035,top_0035
node_12,node_45,STORAGE,18.514383490076746,medium,scen_000035,top_0035
node_12,node_36,HTTP,10.0,low,scen_000035,top_0035
node_13,node_33,MESSAGE_QUEUE,2.721681758193522,medium,scen_000035,top_0035
node_13,node_35,DATABASE,31.162271699393862,medium,scen_000035,top_0035
node_14,node_23,DATABASE,2.9613086692858324,medium,scen_000035,top_0035
node_14,node_32,DATABASE,10.767739447830886,medium,scen_000035,top_0035
node_14,node_44,MESSAGE_QUEUE,6.277078277101992,medium,scen_000035,top_0035
node_14,node_37,STORAGE,10.0,low,scen_000035,top_0035
node_17,node_29,DNS,30.23291749634269,medium,scen_000035,top_0035
node_17,node_31,TCP,27.230068570862592,medium,scen_000035,top_0035
node_17,node_46,CACHE,8.945439802085996,medium,scen_000035,top_0035
node_17,node_40,DNS,10.0,low,scen_000035,top_0035
node_17,node_08,DATABASE,10.0,low,scen_000035,top_0035
node_17,node_00,DNS,10.0,low,scen_000035,top_0035
node_18,node_02,STORAGE,10.0,low,scen_000035,top_0035
node_18,node_06,MESSAGE_QUEUE,10.0,low,scen_000035,top_0035
node_18,node_20,HTTP,10.0,low,scen_000035,top_0035
node_19,node_28,DNS,25.042940025603635,medium,scen_000035,top_0035
node_19,node_29,STORAGE,10.0,low,scen_000035,top_0035
node_20,node_21,TCP,14.970612344997331,medium,scen_000035,top_0035
node_22,node_27,HTTP,4.008661417523789,medium,scen_000035,top_0035
node_22,node_34,CACHE,31.95382182334113,medium,scen_000035,top_0035
node_23,node_24,HTTP,11.92388409002029,medium,scen_000035,top_0035
node_23,node_25,DNS,13.8389248925,medium,scen_000035,top_0035
node_23,node_36,CACHE,10.0,low,scen_000035,top_0035
node_23,node_18,HTTP,10.0,low,scen_000035,top_0035
node_24,node_27,MESSAGE_QUEUE,10.0,low,scen_000035,top_0035
node_25,node_37,MESSAGE_QUEUE,13.351872960575497,medium,scen_000035,top_0035
node_25,node_18,DATABASE,10.0,low,scen_000035,top_0035
node_25,node_13,MESSAGE_QUEUE,10.0,low,scen_000035,top_0035
node_28,node_43,TCP,10.0,low,scen_000035,top_0035
node_29,node_40,TCP,26.794354567523776,medium,scen_000035,top_0035
node_29,node_33,MESSAGE_QUEUE,10.0,low,scen_000035,top_0035
node_31,node_05,CACHE,10.0,low,scen_000035,top_0035
node_31,node_02,DNS,10.0,low,scen_000035,top_0035
node_31,node_27,DATABASE,10.0,low,scen_000035,top_0035
node_34,node_13,MESSAGE_QUEUE,10.0,low,scen_000035,top_0035
node_34,node_21,CACHE,10.0,low,scen_000035,top_0035
node_35,node_09,STORAGE,10.0,low,scen_000035,top_0035
node_36,node_30,MESSAGE_QUEUE,10.0,low,scen_000035,top_0035
node_36,node_29,CACHE,10.0,low,scen_000035,top_0035
node_37,node_13,HTTP,10.0,low,scen_000035,top_0035
node_39,node_35,HTTP,10.0,low,scen_000035,top_0035
node_40,node_43,MESSAGE_QUEUE,33.26187763200012,medium,scen_000035,top_0035
node_40,node_33,MESSAGE_QUEUE,10.0,low,scen_000035,top_0035
node_40,node_23,HTTP,10.0,low,scen_000035,top_0035
node_40,node_20,CACHE,10.0,low,scen_000035,top_0035
node_40,node_26,DNS,10.0,low,scen_000035,top_0035
node_40,node_19,DNS,10.0,low,scen_000035,top_0035
node_42,node_30,CACHE,10.0,low,scen_000035,top_0035
node_42,node_32,HTTP,10.0,low,scen_000035,top_0035
node_42,node_10,MESSAGE_QUEUE,10.0,low,scen_000035,top_0035
node_45,node_41,STORAGE,10.0,low,scen_000035,top_0035
node_46,node_09,STORAGE,10.0,low,scen_000035,top_0035
node_00,node_01,TCP,6.051332924329572,medium,scen_000036,top_0036
node_00,node_08,CACHE,25.483095626611803,medium,scen_000036,top_0036
node_00,node_07,CACHE,10.0,low,scen_000036,top_0036
node_01,node_02,DNS,33.81938712350333,medium,scen_000036,top_0036
node_01,node_03,STORAGE,24.781553767610625,medium,scen_000036,top_0036
node_01,node_09,STORAGE,17.929090065120732,medium,scen_000036,top_0036
node_01,node_08,MESSAGE_QUEUE,10.0,low,scen_000036,top_0036
node_02,node_04,STORAGE,34.603952657423235,medium,scen_000036,top_0036
node_04,node_05,STORAGE,27.708501701985448,medium,scen_000036,top_0036
node_04,node_15,TCP,26.558540277572103,medium,scen_000036,top_0036
node_04,node_16,MESSAGE_QUEUE,10.0,low,scen_000036,top_0036
node_05,node_06,STORAGE,9.388942465743535,medium,scen_000036,top_0036
node_05,node_12,CACHE,10.0,low,scen_000036,top_0036
node_05,node_11,STORAGE,10.0,low,scen_000036,top_0036
node_06,node_07,DNS,34.84563348121322,medium,scen_000036,top_0036
node_06,node_11,DNS,10.0,low,scen_000036,top_0036
node_07,node_11,CACHE,29.786148242925474,medium,scen_000036,top_0036
node_08,node_10,STORAGE,25.219998043301757,medium,scen_000036,top_0036
node_08,node_03,CACHE,10.0,low,scen_000036,top_0036
node_09,node_12,CACHE,7.632763279596915,medium,scen_000036,top_0036
node_11,node_13,DNS,8.426585773558202,medium,scen_000036,top_0036
node_11,node_04,HTTP,10.0,low,scen_000036,top_0036
node_12,node_14,DATABASE,11.113158413936453,medium,scen_000036,top_0036
node_12,node_03,HTTP,10.0,low,scen_000036,top_0036
node_12,node_13,DATABASE,10.0,low,scen_000036,top_0036
node_13,node_07,TCP,10.0,low,scen_000036,top_0036
node_15,node_16,HTTP,11.471947086479464,medium,scen_000036,top_0036
node_15,node_11,CACHE,10.0,low,scen_000036,top_0036
node_16,node_01,MESSAGE_QUEUE,10.0,low,scen_000036,top_0036
node_16,node_12,CACHE,10.0,low,scen_000036,top_0036
gw_01,auth_01,HTTP,10.0,high,scen_000037,top_0037
gw_01,order_01,HTTP,15.0,critical,scen_000037,top_0037
gw_01,ecom_aux_1,HTTP,15.0,low,scen_000037,top_0037
gw_01,ecom_aux_2,HTTP,15.0,low,scen_000037,top_0037
gw_01,ecom_aux_3,HTTP,15.0,low,scen_000037,top_0037
gw_01,ecom_aux_4,HTTP,15.0,low,scen_000037,top_0037
gw_01,ecom_aux_5,HTTP,15.0,low,scen_000037,top_0037
gw_01,ecom_aux_6,HTTP,15.0,low,scen_000037,top_0037
gw_01,ecom_aux_7,HTTP,15.0,low,scen_000037,top_0037
gw_01,ecom_aux_8,HTTP,15.0,low,scen_000037,top_0037
gw_01,ecom_aux_9,HTTP,15.0,low,scen_000037,top_0037
gw_01,ecom_aux_10,HTTP,15.0,low,scen_000037,top_0037
gw_01,ecom_aux_11,HTTP,15.0,low,scen_000037,top_0037
gw_01,ecom_aux_12,HTTP,15.0,low,scen_000037,top_0037
gw_01,ecom_aux_13,HTTP,15.0,low,scen_000037,top_0037
gw_01,ecom_aux_14,HTTP,15.0,low,scen_000037,top_0037
gw_01,ecom_aux_15,HTTP,15.0,low,scen_000037,top_0037
gw_01,ecom_aux_16,HTTP,15.0,low,scen_000037,top_0037
gw_01,ecom_aux_17,HTTP,15.0,low,scen_000037,top_0037
gw_01,ecom_aux_18,HTTP,15.0,low,scen_000037,top_0037
gw_01,ecom_aux_19,HTTP,15.0,low,scen_000037,top_0037
gw_01,ecom_aux_20,HTTP,15.0,low,scen_000037,top_0037
gw_01,ecom_aux_21,HTTP,15.0,low,scen_000037,top_0037
gw_01,ecom_aux_22,HTTP,15.0,low,scen_000037,top_0037
gw_01,ecom_aux_23,HTTP,15.0,low,scen_000037,top_0037
gw_01,ecom_aux_24,HTTP,15.0,low,scen_000037,top_0037
gw_01,ecom_aux_25,HTTP,15.0,low,scen_000037,top_0037
gw_01,ecom_aux_26,HTTP,15.0,low,scen_000037,top_0037
gw_01,ecom_aux_27,HTTP,15.0,low,scen_000037,top_0037
order_01,pay_01,HTTP,25.0,critical,scen_000037,top_0037
order_01,inv_01,HTTP,20.0,high,scen_000037,top_0037
order_01,cache_01,CACHE,3.0,high,scen_000037,top_0037
order_01,mq_01,MESSAGE_QUEUE,5.0,medium,scen_000037,top_0037
pay_01,db_master,DATABASE,10.0,critical,scen_000037,top_0037
inv_01,db_master,DATABASE,12.0,high,scen_000037,top_0037
ecom_aux_1,cache_01,CACHE,4.0,low,scen_000037,top_0037
ecom_aux_2,cache_01,CACHE,4.0,low,scen_000037,top_0037
ecom_aux_3,cache_01,CACHE,4.0,low,scen_000037,top_0037
ecom_aux_4,cache_01,CACHE,4.0,low,scen_000037,top_0037
ecom_aux_5,cache_01,CACHE,4.0,low,scen_000037,top_0037
ecom_aux_6,cache_01,CACHE,4.0,low,scen_000037,top_0037
ecom_aux_7,cache_01,CACHE,4.0,low,scen_000037,top_0037
ecom_aux_8,cache_01,CACHE,4.0,low,scen_000037,top_0037
ecom_aux_9,cache_01,CACHE,4.0,low,scen_000037,top_0037
ecom_aux_10,cache_01,CACHE,4.0,low,scen_000037,top_0037
ecom_aux_11,cache_01,CACHE,4.0,low,scen_000037,top_0037
ecom_aux_12,cache_01,CACHE,4.0,low,scen_000037,top_0037
ecom_aux_13,cache_01,CACHE,4.0,low,scen_000037,top_0037
ecom_aux_14,cache_01,CACHE,4.0,low,scen_000037,top_0037
ecom_aux_15,cache_01,CACHE,4.0,low,scen_000037,top_0037
ecom_aux_16,cache_01,CACHE,4.0,low,scen_000037,top_0037
ecom_aux_17,cache_01,CACHE,4.0,low,scen_000037,top_0037
ecom_aux_18,cache_01,CACHE,4.0,low,scen_000037,top_0037
ecom_aux_19,cache_01,CACHE,4.0,low,scen_000037,top_0037
ecom_aux_20,cache_01,CACHE,4.0,low,scen_000037,top_0037
ecom_aux_21,cache_01,CACHE,4.0,low,scen_000037,top_0037
ecom_aux_22,cache_01,CACHE,4.0,low,scen_000037,top_0037
ecom_aux_23,cache_01,CACHE,4.0,low,scen_000037,top_0037
ecom_aux_24,cache_01,CACHE,4.0,low,scen_000037,top_0037
ecom_aux_25,cache_01,CACHE,4.0,low,scen_000037,top_0037
ecom_aux_26,cache_01,CACHE,4.0,low,scen_000037,top_0037
ecom_aux_27,cache_01,CACHE,4.0,low,scen_000037,top_0037
node_00,node_01,MESSAGE_QUEUE,28.70313552540658,medium,scen_000038,top_0038
node_00,node_02,CACHE,16.470721225150506,medium,scen_000038,top_0038
node_00,node_07,CACHE,2.552495050100357,medium,scen_000038,top_0038
node_00,node_13,MESSAGE_QUEUE,26.698486075751337,medium,scen_000038,top_0038
node_00,node_25,HTTP,10.0,low,scen_000038,top_0038
node_01,node_03,HTTP,18.9414446738503,medium,scen_000038,top_0038
node_01,node_04,DNS,14.370130105390114,medium,scen_000038,top_0038
node_01,node_05,DATABASE,33.97348564783901,medium,scen_000038,top_0038
node_01,node_06,MESSAGE_QUEUE,4.161395964395682,medium,scen_000038,top_0038
node_01,node_10,DNS,10.0,low,scen_000038,top_0038
node_03,node_23,TCP,22.727158125537205,medium,scen_000038,top_0038
node_03,node_06,MESSAGE_QUEUE,10.0,low,scen_000038,top_0038
node_03,node_10,STORAGE,10.0,low,scen_000038,top_0038
node_04,node_22,CACHE,10.0,low,scen_000038,top_0038
node_05,node_09,DNS,13.491078376136823,medium,scen_000038,top_0038
node_05,node_10,DATABASE,16.6238148351367,medium,scen_000038,top_0038
node_05,node_14,DNS,31.074693956614503,medium,scen_000038,top_0038
node_05,node_21,HTTP,16.237280099829448,medium,scen_000038,top_0038
node_05,node_25,STORAGE,10.0,low,scen_000038,top_0038
node_06,node_08,DNS,16.1961596567476,medium,scen_000038,top_0038
node_06,node_11,HTTP,23.7506742605012,medium,scen_000038,top_0038
node_06,node_12,DATABASE,32.535165539043206,medium,scen_000038,top_0038
node_07,node_10,DATABASE,10.0,low,scen_000038,top_0038
node_08,node_17,DNS,22.507483754459347,medium,scen_000038,top_0038
node_09,node_00,STORAGE,10.0,low,scen_000038,top_0038
node_09,node_14,CACHE,10.0,low,scen_000038,top_0038
node_09,node_12,STORAGE,10.0,low,scen_000038,top_0038
node_09,node_15,DNS,10.0,low,scen_000038,top_0038
node_10,node_15,HTTP,12.845459295678834,medium,scen_000038,top_0038
node_10,node_01,CACHE,10.0,low,scen_000038,top_0038
node_12,node_22,CACHE,18.213626215372955,medium,scen_000038,top_0038
node_12,node_19,MESSAGE_QUEUE,10.0,low,scen_000038,top_0038
node_13,node_19,STORAGE,32.12603024989165,medium,scen_000038,top_0038
node_13,node_24,DATABASE,34.83125369789784,medium,scen_000038,top_0038
node_14,node_03,DNS,10.0,low,scen_000038,top_0038
node_15,node_16,MESSAGE_QUEUE,16.545167958815416,medium,scen_000038,top_0038
node_15,node_18,STORAGE,19.130806177631033,medium,scen_000038,top_0038
node_15,node_25,DATABASE,10.0,low,scen_000038,top_0038
node_16,node_25,TCP,10.0,low,scen_000038,top_0038
node_17,node_20,STORAGE,10.889697048939077,medium,scen_000038,top_0038
node_19,node_25,HTTP,33.789576062072165,medium,scen_000038,top_0038
node_19,node_18,DATABASE,10.0,low,scen_000038,top_0038
node_20,node_06,CACHE,10.0,low,scen_000038,top_0038
node_21,node_25,STORAGE,10.0,low,scen_000038,top_0038
node_23,node_09,STORAGE,10.0,low,scen_000038,top_0038
node_24,node_12,STORAGE,10.0,low,scen_000038,top_0038
node_24,node_01,DATABASE,10.0,low,scen_000038,top_0038
node_24,node_19,STORAGE,10.0,low,scen_000038,top_0038
gw_01,auth_01,HTTP,10.0,high,scen_000039,top_0039
gw_01,order_01,HTTP,15.0,critical,scen_000039,top_0039
gw_01,ecom_aux_1,HTTP,15.0,low,scen_000039,top_0039
gw_01,ecom_aux_2,HTTP,15.0,low,scen_000039,top_0039
gw_01,ecom_aux_3,HTTP,15.0,low,scen_000039,top_0039
gw_01,ecom_aux_4,HTTP,15.0,low,scen_000039,top_0039
gw_01,ecom_aux_5,HTTP,15.0,low,scen_000039,top_0039
gw_01,ecom_aux_6,HTTP,15.0,low,scen_000039,top_0039
gw_01,ecom_aux_7,HTTP,15.0,low,scen_000039,top_0039
gw_01,ecom_aux_8,HTTP,15.0,low,scen_000039,top_0039
gw_01,ecom_aux_9,HTTP,15.0,low,scen_000039,top_0039
gw_01,ecom_aux_10,HTTP,15.0,low,scen_000039,top_0039
gw_01,ecom_aux_11,HTTP,15.0,low,scen_000039,top_0039
gw_01,ecom_aux_12,HTTP,15.0,low,scen_000039,top_0039
gw_01,ecom_aux_13,HTTP,15.0,low,scen_000039,top_0039
gw_01,ecom_aux_14,HTTP,15.0,low,scen_000039,top_0039
gw_01,ecom_aux_15,HTTP,15.0,low,scen_000039,top_0039
gw_01,ecom_aux_16,HTTP,15.0,low,scen_000039,top_0039
gw_01,ecom_aux_17,HTTP,15.0,low,scen_000039,top_0039
gw_01,ecom_aux_18,HTTP,15.0,low,scen_000039,top_0039
gw_01,ecom_aux_19,HTTP,15.0,low,scen_000039,top_0039
gw_01,ecom_aux_20,HTTP,15.0,low,scen_000039,top_0039
gw_01,ecom_aux_21,HTTP,15.0,low,scen_000039,top_0039
order_01,pay_01,HTTP,25.0,critical,scen_000039,top_0039
order_01,inv_01,HTTP,20.0,high,scen_000039,top_0039
order_01,cache_01,CACHE,3.0,high,scen_000039,top_0039
order_01,mq_01,MESSAGE_QUEUE,5.0,medium,scen_000039,top_0039
pay_01,db_master,DATABASE,10.0,critical,scen_000039,top_0039
inv_01,db_master,DATABASE,12.0,high,scen_000039,top_0039
ecom_aux_1,cache_01,CACHE,4.0,low,scen_000039,top_0039
ecom_aux_2,cache_01,CACHE,4.0,low,scen_000039,top_0039
ecom_aux_3,cache_01,CACHE,4.0,low,scen_000039,top_0039
ecom_aux_4,cache_01,CACHE,4.0,low,scen_000039,top_0039
ecom_aux_5,cache_01,CACHE,4.0,low,scen_000039,top_0039
ecom_aux_6,cache_01,CACHE,4.0,low,scen_000039,top_0039
ecom_aux_7,cache_01,CACHE,4.0,low,scen_000039,top_0039
ecom_aux_8,cache_01,CACHE,4.0,low,scen_000039,top_0039
ecom_aux_9,cache_01,CACHE,4.0,low,scen_000039,top_0039
ecom_aux_10,cache_01,CACHE,4.0,low,scen_000039,top_0039
ecom_aux_11,cache_01,CACHE,4.0,low,scen_000039,top_0039
ecom_aux_12,cache_01,CACHE,4.0,low,scen_000039,top_0039
ecom_aux_13,cache_01,CACHE,4.0,low,scen_000039,top_0039
ecom_aux_14,cache_01,CACHE,4.0,low,scen_000039,top_0039
ecom_aux_15,cache_01,CACHE,4.0,low,scen_000039,top_0039
ecom_aux_16,cache_01,CACHE,4.0,low,scen_000039,top_0039
ecom_aux_17,cache_01,CACHE,4.0,low,scen_000039,top_0039
ecom_aux_18,cache_01,CACHE,4.0,low,scen_000039,top_0039
ecom_aux_19,cache_01,CACHE,4.0,low,scen_000039,top_0039
ecom_aux_20,cache_01,CACHE,4.0,low,scen_000039,top_0039
ecom_aux_21,cache_01,CACHE,4.0,low,scen_000039,top_0039
ingest_01,kafka_broker,MESSAGE_QUEUE,5.0,critical,scen_000040,top_0040
kafka_broker,notif_01,MESSAGE_QUEUE,10.0,high,scen_000040,top_0040
kafka_broker,user_01,MESSAGE_QUEUE,12.0,medium,scen_000040,top_0040
kafka_broker,consumer_1,MESSAGE_QUEUE,8.0,low,scen_000040,top_0040
kafka_broker,consumer_2,MESSAGE_QUEUE,8.0,low,scen_000040,top_0040
kafka_broker,consumer_3,MESSAGE_QUEUE,8.0,low,scen_000040,top_0040
kafka_broker,consumer_4,MESSAGE_QUEUE,8.0,low,scen_000040,top_0040
kafka_broker,consumer_5,MESSAGE_QUEUE,8.0,low,scen_000040,top_0040
kafka_broker,consumer_6,MESSAGE_QUEUE,8.0,low,scen_000040,top_0040
kafka_broker,consumer_7,MESSAGE_QUEUE,8.0,low,scen_000040,top_0040
kafka_broker,consumer_8,MESSAGE_QUEUE,8.0,low,scen_000040,top_0040
kafka_broker,consumer_9,MESSAGE_QUEUE,8.0,low,scen_000040,top_0040
kafka_broker,consumer_10,MESSAGE_QUEUE,8.0,low,scen_000040,top_0040
kafka_broker,consumer_11,MESSAGE_QUEUE,8.0,low,scen_000040,top_0040
notif_01,db_event,DATABASE,15.0,high,scen_000040,top_0040
consumer_1,db_event,DATABASE,10.0,low,scen_000040,top_0040
consumer_2,db_event,DATABASE,10.0,low,scen_000040,top_0040
consumer_3,db_event,DATABASE,10.0,low,scen_000040,top_0040
consumer_4,db_event,DATABASE,10.0,low,scen_000040,top_0040
consumer_5,db_event,DATABASE,10.0,low,scen_000040,top_0040
consumer_6,db_event,DATABASE,10.0,low,scen_000040,top_0040
consumer_7,db_event,DATABASE,10.0,low,scen_000040,top_0040
consumer_8,db_event,DATABASE,10.0,low,scen_000040,top_0040
consumer_9,db_event,DATABASE,10.0,low,scen_000040,top_0040
consumer_10,db_event,DATABASE,10.0,low,scen_000040,top_0040
consumer_11,db_event,DATABASE,10.0,low,scen_000040,top_0040
node_00,node_01,HTTP,7.846301533252305,medium,scen_000041,top_0041
node_00,node_05,CACHE,4.219184474303606,medium,scen_000041,top_0041
node_00,node_22,STORAGE,10.0,low,scen_000041,top_0041
node_01,node_02,TCP,5.678761394564344,medium,scen_000041,top_0041
node_01,node_03,DNS,6.74387316027869,medium,scen_000041,top_0041
node_01,node_04,TCP,13.348364857932856,medium,scen_000041,top_0041
node_01,node_09,DATABASE,28.5364143254316,medium,scen_000041,top_0041
node_01,node_16,MESSAGE_QUEUE,4.989648948056062,medium,scen_000041,top_0041
node_02,node_06,HTTP,21.400024505952725,medium,scen_000041,top_0041
node_02,node_20,STORAGE,10.0,low,scen_000041,top_0041
node_02,node_07,DNS,10.0,low,scen_000041,top_0041
node_03,node_08,HTTP,15.24903082095338,medium,scen_000041,top_0041
node_03,node_10,TCP,22.86204276437105,medium,scen_000041,top_0041
node_03,node_18,CACHE,13.101700599510822,medium,scen_000041,top_0041
node_04,node_07,CACHE,17.054156838952565,medium,scen_000041,top_0041
node_05,node_13,DATABASE,23.72703353728543,medium,scen_000041,top_0041
node_05,node_10,MESSAGE_QUEUE,10.0,low,scen_000041,top_0041
node_06,node_22,TCP,15.538364338565916,medium,scen_000041,top_0041
node_07,node_14,CACHE,14.818617434875968,medium,scen_000041,top_0041
node_07,node_22,TCP,10.0,low,scen_000041,top_0041
node_07,node_03,STORAGE,10.0,low,scen_000041,top_0041
node_07,node_12,STORAGE,10.0,low,scen_000041,top_0041
node_08,node_20,STORAGE,5.084330822676588,medium,scen_000041,top_0041
node_08,node_12,STORAGE,10.0,low,scen_000041,top_0041
node_09,node_11,STORAGE,5.891857466316686,medium,scen_000041,top_0041
node_09,node_12,HTTP,11.136049797635428,medium,scen_000041,top_0041
node_09,node_15,MESSAGE_QUEUE,18.4566928671145,medium,scen_000041,top_0041
node_09,node_17,TCP,29.90518774935835,medium,scen_000041,top_0041
node_11,node_19,MESSAGE_QUEUE,31.72886611392142,medium,scen_000041,top_0041
node_11,node_12,MESSAGE_QUEUE,10.0,low,scen_000041,top_0041
node_11,node_21,DATABASE,10.0,low,scen_000041,top_0041
node_12,node_27,MESSAGE_QUEUE,10.0,low,scen_000041,top_0041
node_13,node_27,TCP,12.290120415878343,medium,scen_000041,top_0041
node_13,node_14,CACHE,10.0,low,scen_000041,top_0041
node_14,node_13,TCP,10.0,low,scen_000041,top_0041
node_14,node_02,MESSAGE_QUEUE,10.0,low,scen_000041,top_0041
node_15,node_21,CACHE,9.108256620989128,medium,scen_000041,top_0041
node_16,node_21,MESSAGE_QUEUE,10.0,low,scen_000041,top_0041
node_16,node_06,CACHE,10.0,low,scen_000041,top_0041
node_17,node_02,CACHE,10.0,low,scen_000041,top_0041
node_17,node_22,DATABASE,10.0,low,scen_000041,top_0041
node_18,node_00,DATABASE,10.0,low,scen_000041,top_0041
node_19,node_14,MESSAGE_QUEUE,10.0,low,scen_000041,top_0041
node_20,node_23,DNS,5.18582664030326,medium,scen_000041,top_0041
node_20,node_25,CACHE,28.52759061641932,medium,scen_000041,top_0041
node_20,node_15,MESSAGE_QUEUE,10.0,low,scen_000041,top_0041
node_20,node_19,CACHE,10.0,low,scen_000041,top_0041
node_22,node_16,DNS,10.0,low,scen_000041,top_0041
node_23,node_24,TCP,11.762133840606783,medium,scen_000041,top_0041
node_23,node_26,HTTP,10.0,low,scen_000041,top_0041
node_24,node_26,DATABASE,14.986781773831865,medium,scen_000041,top_0041
gw_01,auth_01,HTTP,10.0,high,scen_000042,top_0042
gw_01,order_01,HTTP,15.0,critical,scen_000042,top_0042
gw_01,ecom_aux_1,HTTP,15.0,low,scen_000042,top_0042
gw_01,ecom_aux_2,HTTP,15.0,low,scen_000042,top_0042
gw_01,ecom_aux_3,HTTP,15.0,low,scen_000042,top_0042
gw_01,ecom_aux_4,HTTP,15.0,low,scen_000042,top_0042
gw_01,ecom_aux_5,HTTP,15.0,low,scen_000042,top_0042
gw_01,ecom_aux_6,HTTP,15.0,low,scen_000042,top_0042
gw_01,ecom_aux_7,HTTP,15.0,low,scen_000042,top_0042
gw_01,ecom_aux_8,HTTP,15.0,low,scen_000042,top_0042
gw_01,ecom_aux_9,HTTP,15.0,low,scen_000042,top_0042
gw_01,ecom_aux_10,HTTP,15.0,low,scen_000042,top_0042
gw_01,ecom_aux_11,HTTP,15.0,low,scen_000042,top_0042
gw_01,ecom_aux_12,HTTP,15.0,low,scen_000042,top_0042
gw_01,ecom_aux_13,HTTP,15.0,low,scen_000042,top_0042
gw_01,ecom_aux_14,HTTP,15.0,low,scen_000042,top_0042
gw_01,ecom_aux_15,HTTP,15.0,low,scen_000042,top_0042
gw_01,ecom_aux_16,HTTP,15.0,low,scen_000042,top_0042
gw_01,ecom_aux_17,HTTP,15.0,low,scen_000042,top_0042
gw_01,ecom_aux_18,HTTP,15.0,low,scen_000042,top_0042
gw_01,ecom_aux_19,HTTP,15.0,low,scen_000042,top_0042
gw_01,ecom_aux_20,HTTP,15.0,low,scen_000042,top_0042
gw_01,ecom_aux_21,HTTP,15.0,low,scen_000042,top_0042
gw_01,ecom_aux_22,HTTP,15.0,low,scen_000042,top_0042
gw_01,ecom_aux_23,HTTP,15.0,low,scen_000042,top_0042
gw_01,ecom_aux_24,HTTP,15.0,low,scen_000042,top_0042
gw_01,ecom_aux_25,HTTP,15.0,low,scen_000042,top_0042
order_01,pay_01,HTTP,25.0,critical,scen_000042,top_0042
order_01,inv_01,HTTP,20.0,high,scen_000042,top_0042
order_01,cache_01,CACHE,3.0,high,scen_000042,top_0042
order_01,mq_01,MESSAGE_QUEUE,5.0,medium,scen_000042,top_0042
pay_01,db_master,DATABASE,10.0,critical,scen_000042,top_0042
inv_01,db_master,DATABASE,12.0,high,scen_000042,top_0042
ecom_aux_1,cache_01,CACHE,4.0,low,scen_000042,top_0042
ecom_aux_2,cache_01,CACHE,4.0,low,scen_000042,top_0042
ecom_aux_3,cache_01,CACHE,4.0,low,scen_000042,top_0042
ecom_aux_4,cache_01,CACHE,4.0,low,scen_000042,top_0042
ecom_aux_5,cache_01,CACHE,4.0,low,scen_000042,top_0042
ecom_aux_6,cache_01,CACHE,4.0,low,scen_000042,top_0042
ecom_aux_7,cache_01,CACHE,4.0,low,scen_000042,top_0042
ecom_aux_8,cache_01,CACHE,4.0,low,scen_000042,top_0042
ecom_aux_9,cache_01,CACHE,4.0,low,scen_000042,top_0042
ecom_aux_10,cache_01,CACHE,4.0,low,scen_000042,top_0042
ecom_aux_11,cache_01,CACHE,4.0,low,scen_000042,top_0042
ecom_aux_12,cache_01,CACHE,4.0,low,scen_000042,top_0042
ecom_aux_13,cache_01,CACHE,4.0,low,scen_000042,top_0042
ecom_aux_14,cache_01,CACHE,4.0,low,scen_000042,top_0042
ecom_aux_15,cache_01,CACHE,4.0,low,scen_000042,top_0042
ecom_aux_16,cache_01,CACHE,4.0,low,scen_000042,top_0042
ecom_aux_17,cache_01,CACHE,4.0,low,scen_000042,top_0042
ecom_aux_18,cache_01,CACHE,4.0,low,scen_000042,top_0042
ecom_aux_19,cache_01,CACHE,4.0,low,scen_000042,top_0042
ecom_aux_20,cache_01,CACHE,4.0,low,scen_000042,top_0042
ecom_aux_21,cache_01,CACHE,4.0,low,scen_000042,top_0042
ecom_aux_22,cache_01,CACHE,4.0,low,scen_000042,top_0042
ecom_aux_23,cache_01,CACHE,4.0,low,scen_000042,top_0042
ecom_aux_24,cache_01,CACHE,4.0,low,scen_000042,top_0042
ecom_aux_25,cache_01,CACHE,4.0,low,scen_000042,top_0042
gw_01,rec_01,HTTP,15.0,high,scen_000043,top_0043
gw_01,search_node_1,HTTP,12.0,medium,scen_000043,top_0043
gw_01,search_node_2,HTTP,12.0,medium,scen_000043,top_0043
gw_01,search_node_3,HTTP,12.0,medium,scen_000043,top_0043
gw_01,search_node_4,HTTP,12.0,medium,scen_000043,top_0043
gw_01,search_node_5,HTTP,12.0,medium,scen_000043,top_0043
gw_01,search_node_6,HTTP,12.0,medium,scen_000043,top_0043
gw_01,search_node_7,HTTP,12.0,medium,scen_000043,top_0043
gw_01,search_node_8,HTTP,12.0,medium,scen_000043,top_0043
gw_01,search_node_9,HTTP,12.0,medium,scen_000043,top_0043
gw_01,search_node_10,HTTP,12.0,medium,scen_000043,top_0043
gw_01,search_node_11,HTTP,12.0,medium,scen_000043,top_0043
gw_01,search_node_12,HTTP,12.0,medium,scen_000043,top_0043
gw_01,search_node_13,HTTP,12.0,medium,scen_000043,top_0043
gw_01,search_node_14,HTTP,12.0,medium,scen_000043,top_0043
gw_01,search_node_15,HTTP,12.0,medium,scen_000043,top_0043
gw_01,search_node_16,HTTP,12.0,medium,scen_000043,top_0043
gw_01,search_node_17,HTTP,12.0,medium,scen_000043,top_0043
gw_01,search_node_18,HTTP,12.0,medium,scen_000043,top_0043
gw_01,search_node_19,HTTP,12.0,medium,scen_000043,top_0043
gw_01,search_node_20,HTTP,12.0,medium,scen_000043,top_0043
gw_01,search_node_21,HTTP,12.0,medium,scen_000043,top_0043
gw_01,search_node_22,HTTP,12.0,medium,scen_000043,top_0043
gw_01,search_node_23,HTTP,12.0,medium,scen_000043,top_0043
gw_01,search_node_24,HTTP,12.0,medium,scen_000043,top_0043
gw_01,search_node_25,HTTP,12.0,medium,scen_000043,top_0043
gw_01,search_node_26,HTTP,12.0,medium,scen_000043,top_0043
gw_01,search_node_27,HTTP,12.0,medium,scen_000043,top_0043
gw_01,search_node_28,HTTP,12.0,medium,scen_000043,top_0043
gw_01,search_node_29,HTTP,12.0,medium,scen_000043,top_0043
gw_01,search_node_30,HTTP,12.0,medium,scen_000043,top_0043
gw_01,search_node_31,HTTP,12.0,medium,scen_000043,top_0043
gw_01,search_node_32,HTTP,12.0,medium,scen_000043,top_0043
gw_01,search_node_33,HTTP,12.0,medium,scen_000043,top_0043
gw_01,search_node_34,HTTP,12.0,medium,scen_000043,top_0043
gw_01,search_node_35,HTTP,12.0,medium,scen_000043,top_0043
rec_01,redis_01,CACHE,2.0,critical,scen_000043,top_0043
rec_01,es_01,HTTP,18.0,high,scen_000043,top_0043
rec_01,mongo_01,DATABASE,14.0,high,scen_000043,top_0043
search_node_1,es_01,HTTP,20.0,high,scen_000043,top_0043
search_node_2,es_01,HTTP,20.0,high,scen_000043,top_0043
search_node_3,es_01,HTTP,20.0,high,scen_000043,top_0043
search_node_4,es_01,HTTP,20.0,high,scen_000043,top_0043
search_node_5,es_01,HTTP,20.0,high,scen_000043,top_0043
search_node_6,es_01,HTTP,20.0,high,scen_000043,top_0043
search_node_7,es_01,HTTP,20.0,high,scen_000043,top_0043
search_node_8,es_01,HTTP,20.0,high,scen_000043,top_0043
search_node_9,es_01,HTTP,20.0,high,scen_000043,top_0043
search_node_10,es_01,HTTP,20.0,high,scen_000043,top_0043
search_node_11,es_01,HTTP,20.0,high,scen_000043,top_0043
search_node_12,es_01,HTTP,20.0,high,scen_000043,top_0043
search_node_13,es_01,HTTP,20.0,high,scen_000043,top_0043
search_node_14,es_01,HTTP,20.0,high,scen_000043,top_0043
search_node_15,es_01,HTTP,20.0,high,scen_000043,top_0043
search_node_16,es_01,HTTP,20.0,high,scen_000043,top_0043
search_node_17,es_01,HTTP,20.0,high,scen_000043,top_0043
search_node_18,es_01,HTTP,20.0,high,scen_000043,top_0043
search_node_19,es_01,HTTP,20.0,high,scen_000043,top_0043
search_node_20,es_01,HTTP,20.0,high,scen_000043,top_0043
search_node_21,es_01,HTTP,20.0,high,scen_000043,top_0043
search_node_22,es_01,HTTP,20.0,high,scen_000043,top_0043
search_node_23,es_01,HTTP,20.0,high,scen_000043,top_0043
search_node_24,es_01,HTTP,20.0,high,scen_000043,top_0043
search_node_25,es_01,HTTP,20.0,high,scen_000043,top_0043
search_node_26,es_01,HTTP,20.0,high,scen_000043,top_0043
search_node_27,es_01,HTTP,20.0,high,scen_000043,top_0043
search_node_28,es_01,HTTP,20.0,high,scen_000043,top_0043
search_node_29,es_01,HTTP,20.0,high,scen_000043,top_0043
search_node_30,es_01,HTTP,20.0,high,scen_000043,top_0043
search_node_31,es_01,HTTP,20.0,high,scen_000043,top_0043
search_node_32,es_01,HTTP,20.0,high,scen_000043,top_0043
search_node_33,es_01,HTTP,20.0,high,scen_000043,top_0043
search_node_34,es_01,HTTP,20.0,high,scen_000043,top_0043
search_node_35,es_01,HTTP,20.0,high,scen_000043,top_0043
node_00,node_01,DNS,28.06636402800632,medium,scen_000044,top_0044
node_00,node_02,MESSAGE_QUEUE,16.385255375569045,medium,scen_000044,top_0044
node_01,node_03,STORAGE,15.86747944065735,medium,scen_000044,top_0044
node_01,node_06,CACHE,33.94306939841874,medium,scen_000044,top_0044
node_02,node_05,DATABASE,25.589837651095834,medium,scen_000044,top_0044
node_02,node_07,STORAGE,19.254784814732556,medium,scen_000044,top_0044
node_02,node_01,DNS,10.0,low,scen_000044,top_0044
node_02,node_04,STORAGE,10.0,low,scen_000044,top_0044
node_03,node_04,HTTP,9.927756668642562,medium,scen_000044,top_0044
node_04,node_05,MESSAGE_QUEUE,10.0,low,scen_000044,top_0044
node_04,node_07,CACHE,10.0,low,scen_000044,top_0044
node_05,node_07,STORAGE,10.0,low,scen_000044,top_0044
node_06,node_02,STORAGE,10.0,low,scen_000044,top_0044
node_07,node_04,MESSAGE_QUEUE,10.0,low,scen_000044,top_0044
ingest_01,kafka_broker,MESSAGE_QUEUE,5.0,critical,scen_000045,top_0045
kafka_broker,notif_01,MESSAGE_QUEUE,10.0,high,scen_000045,top_0045
kafka_broker,user_01,MESSAGE_QUEUE,12.0,medium,scen_000045,top_0045
kafka_broker,consumer_1,MESSAGE_QUEUE,8.0,low,scen_000045,top_0045
kafka_broker,consumer_2,MESSAGE_QUEUE,8.0,low,scen_000045,top_0045
kafka_broker,consumer_3,MESSAGE_QUEUE,8.0,low,scen_000045,top_0045
kafka_broker,consumer_4,MESSAGE_QUEUE,8.0,low,scen_000045,top_0045
kafka_broker,consumer_5,MESSAGE_QUEUE,8.0,low,scen_000045,top_0045
kafka_broker,consumer_6,MESSAGE_QUEUE,8.0,low,scen_000045,top_0045
kafka_broker,consumer_7,MESSAGE_QUEUE,8.0,low,scen_000045,top_0045
kafka_broker,consumer_8,MESSAGE_QUEUE,8.0,low,scen_000045,top_0045
kafka_broker,consumer_9,MESSAGE_QUEUE,8.0,low,scen_000045,top_0045
kafka_broker,consumer_10,MESSAGE_QUEUE,8.0,low,scen_000045,top_0045
kafka_broker,consumer_11,MESSAGE_QUEUE,8.0,low,scen_000045,top_0045
kafka_broker,consumer_12,MESSAGE_QUEUE,8.0,low,scen_000045,top_0045
kafka_broker,consumer_13,MESSAGE_QUEUE,8.0,low,scen_000045,top_0045
kafka_broker,consumer_14,MESSAGE_QUEUE,8.0,low,scen_000045,top_0045
kafka_broker,consumer_15,MESSAGE_QUEUE,8.0,low,scen_000045,top_0045
kafka_broker,consumer_16,MESSAGE_QUEUE,8.0,low,scen_000045,top_0045
kafka_broker,consumer_17,MESSAGE_QUEUE,8.0,low,scen_000045,top_0045
kafka_broker,consumer_18,MESSAGE_QUEUE,8.0,low,scen_000045,top_0045
kafka_broker,consumer_19,MESSAGE_QUEUE,8.0,low,scen_000045,top_0045
kafka_broker,consumer_20,MESSAGE_QUEUE,8.0,low,scen_000045,top_0045
kafka_broker,consumer_21,MESSAGE_QUEUE,8.0,low,scen_000045,top_0045
kafka_broker,consumer_22,MESSAGE_QUEUE,8.0,low,scen_000045,top_0045
kafka_broker,consumer_23,MESSAGE_QUEUE,8.0,low,scen_000045,top_0045
kafka_broker,consumer_24,MESSAGE_QUEUE,8.0,low,scen_000045,top_0045
kafka_broker,consumer_25,MESSAGE_QUEUE,8.0,low,scen_000045,top_0045
kafka_broker,consumer_26,MESSAGE_QUEUE,8.0,low,scen_000045,top_0045
kafka_broker,consumer_27,MESSAGE_QUEUE,8.0,low,scen_000045,top_0045
kafka_broker,consumer_28,MESSAGE_QUEUE,8.0,low,scen_000045,top_0045
kafka_broker,consumer_29,MESSAGE_QUEUE,8.0,low,scen_000045,top_0045
kafka_broker,consumer_30,MESSAGE_QUEUE,8.0,low,scen_000045,top_0045
kafka_broker,consumer_31,MESSAGE_QUEUE,8.0,low,scen_000045,top_0045
kafka_broker,consumer_32,MESSAGE_QUEUE,8.0,low,scen_000045,top_0045
kafka_broker,consumer_33,MESSAGE_QUEUE,8.0,low,scen_000045,top_0045
kafka_broker,consumer_34,MESSAGE_QUEUE,8.0,low,scen_000045,top_0045
kafka_broker,consumer_35,MESSAGE_QUEUE,8.0,low,scen_000045,top_0045
kafka_broker,consumer_36,MESSAGE_QUEUE,8.0,low,scen_000045,top_0045
kafka_broker,consumer_37,MESSAGE_QUEUE,8.0,low,scen_000045,top_0045
kafka_broker,consumer_38,MESSAGE_QUEUE,8.0,low,scen_000045,top_0045
notif_01,db_event,DATABASE,15.0,high,scen_000045,top_0045
consumer_1,db_event,DATABASE,10.0,low,scen_000045,top_0045
consumer_2,db_event,DATABASE,10.0,low,scen_000045,top_0045
consumer_3,db_event,DATABASE,10.0,low,scen_000045,top_0045
consumer_4,db_event,DATABASE,10.0,low,scen_000045,top_0045
consumer_5,db_event,DATABASE,10.0,low,scen_000045,top_0045
consumer_6,db_event,DATABASE,10.0,low,scen_000045,top_0045
consumer_7,db_event,DATABASE,10.0,low,scen_000045,top_0045
consumer_8,db_event,DATABASE,10.0,low,scen_000045,top_0045
consumer_9,db_event,DATABASE,10.0,low,scen_000045,top_0045
consumer_10,db_event,DATABASE,10.0,low,scen_000045,top_0045
consumer_11,db_event,DATABASE,10.0,low,scen_000045,top_0045
consumer_12,db_event,DATABASE,10.0,low,scen_000045,top_0045
consumer_13,db_event,DATABASE,10.0,low,scen_000045,top_0045
consumer_14,db_event,DATABASE,10.0,low,scen_000045,top_0045
consumer_15,db_event,DATABASE,10.0,low,scen_000045,top_0045
consumer_16,db_event,DATABASE,10.0,low,scen_000045,top_0045
consumer_17,db_event,DATABASE,10.0,low,scen_000045,top_0045
consumer_18,db_event,DATABASE,10.0,low,scen_000045,top_0045
consumer_19,db_event,DATABASE,10.0,low,scen_000045,top_0045
consumer_20,db_event,DATABASE,10.0,low,scen_000045,top_0045
consumer_21,db_event,DATABASE,10.0,low,scen_000045,top_0045
consumer_22,db_event,DATABASE,10.0,low,scen_000045,top_0045
consumer_23,db_event,DATABASE,10.0,low,scen_000045,top_0045
consumer_24,db_event,DATABASE,10.0,low,scen_000045,top_0045
consumer_25,db_event,DATABASE,10.0,low,scen_000045,top_0045
consumer_26,db_event,DATABASE,10.0,low,scen_000045,top_0045
consumer_27,db_event,DATABASE,10.0,low,scen_000045,top_0045
consumer_28,db_event,DATABASE,10.0,low,scen_000045,top_0045
consumer_29,db_event,DATABASE,10.0,low,scen_000045,top_0045
consumer_30,db_event,DATABASE,10.0,low,scen_000045,top_0045
consumer_31,db_event,DATABASE,10.0,low,scen_000045,top_0045
consumer_32,db_event,DATABASE,10.0,low,scen_000045,top_0045
consumer_33,db_event,DATABASE,10.0,low,scen_000045,top_0045
consumer_34,db_event,DATABASE,10.0,low,scen_000045,top_0045
consumer_35,db_event,DATABASE,10.0,low,scen_000045,top_0045
consumer_36,db_event,DATABASE,10.0,low,scen_000045,top_0045
consumer_37,db_event,DATABASE,10.0,low,scen_000045,top_0045
consumer_38,db_event,DATABASE,10.0,low,scen_000045,top_0045
gw_01,auth_01,HTTP,10.0,high,scen_000046,top_0046
gw_01,order_01,HTTP,15.0,critical,scen_000046,top_0046
gw_01,ecom_aux_1,HTTP,15.0,low,scen_000046,top_0046
gw_01,ecom_aux_2,HTTP,15.0,low,scen_000046,top_0046
gw_01,ecom_aux_3,HTTP,15.0,low,scen_000046,top_0046
gw_01,ecom_aux_4,HTTP,15.0,low,scen_000046,top_0046
gw_01,ecom_aux_5,HTTP,15.0,low,scen_000046,top_0046
gw_01,ecom_aux_6,HTTP,15.0,low,scen_000046,top_0046
gw_01,ecom_aux_7,HTTP,15.0,low,scen_000046,top_0046
gw_01,ecom_aux_8,HTTP,15.0,low,scen_000046,top_0046
gw_01,ecom_aux_9,HTTP,15.0,low,scen_000046,top_0046
gw_01,ecom_aux_10,HTTP,15.0,low,scen_000046,top_0046
gw_01,ecom_aux_11,HTTP,15.0,low,scen_000046,top_0046
gw_01,ecom_aux_12,HTTP,15.0,low,scen_000046,top_0046
gw_01,ecom_aux_13,HTTP,15.0,low,scen_000046,top_0046
gw_01,ecom_aux_14,HTTP,15.0,low,scen_000046,top_0046
gw_01,ecom_aux_15,HTTP,15.0,low,scen_000046,top_0046
gw_01,ecom_aux_16,HTTP,15.0,low,scen_000046,top_0046
gw_01,ecom_aux_17,HTTP,15.0,low,scen_000046,top_0046
gw_01,ecom_aux_18,HTTP,15.0,low,scen_000046,top_0046
gw_01,ecom_aux_19,HTTP,15.0,low,scen_000046,top_0046
gw_01,ecom_aux_20,HTTP,15.0,low,scen_000046,top_0046
gw_01,ecom_aux_21,HTTP,15.0,low,scen_000046,top_0046
gw_01,ecom_aux_22,HTTP,15.0,low,scen_000046,top_0046
gw_01,ecom_aux_23,HTTP,15.0,low,scen_000046,top_0046
gw_01,ecom_aux_24,HTTP,15.0,low,scen_000046,top_0046
gw_01,ecom_aux_25,HTTP,15.0,low,scen_000046,top_0046
gw_01,ecom_aux_26,HTTP,15.0,low,scen_000046,top_0046
gw_01,ecom_aux_27,HTTP,15.0,low,scen_000046,top_0046
gw_01,ecom_aux_28,HTTP,15.0,low,scen_000046,top_0046
order_01,pay_01,HTTP,25.0,critical,scen_000046,top_0046
order_01,inv_01,HTTP,20.0,high,scen_000046,top_0046
order_01,cache_01,CACHE,3.0,high,scen_000046,top_0046
order_01,mq_01,MESSAGE_QUEUE,5.0,medium,scen_000046,top_0046
pay_01,db_master,DATABASE,10.0,critical,scen_000046,top_0046
inv_01,db_master,DATABASE,12.0,high,scen_000046,top_0046
ecom_aux_1,cache_01,CACHE,4.0,low,scen_000046,top_0046
ecom_aux_2,cache_01,CACHE,4.0,low,scen_000046,top_0046
ecom_aux_3,cache_01,CACHE,4.0,low,scen_000046,top_0046
ecom_aux_4,cache_01,CACHE,4.0,low,scen_000046,top_0046
ecom_aux_5,cache_01,CACHE,4.0,low,scen_000046,top_0046
ecom_aux_6,cache_01,CACHE,4.0,low,scen_000046,top_0046
ecom_aux_7,cache_01,CACHE,4.0,low,scen_000046,top_0046
ecom_aux_8,cache_01,CACHE,4.0,low,scen_000046,top_0046
ecom_aux_9,cache_01,CACHE,4.0,low,scen_000046,top_0046
ecom_aux_10,cache_01,CACHE,4.0,low,scen_000046,top_0046
ecom_aux_11,cache_01,CACHE,4.0,low,scen_000046,top_0046
ecom_aux_12,cache_01,CACHE,4.0,low,scen_000046,top_0046
ecom_aux_13,cache_01,CACHE,4.0,low,scen_000046,top_0046
ecom_aux_14,cache_01,CACHE,4.0,low,scen_000046,top_0046
ecom_aux_15,cache_01,CACHE,4.0,low,scen_000046,top_0046
ecom_aux_16,cache_01,CACHE,4.0,low,scen_000046,top_0046
ecom_aux_17,cache_01,CACHE,4.0,low,scen_000046,top_0046
ecom_aux_18,cache_01,CACHE,4.0,low,scen_000046,top_0046
ecom_aux_19,cache_01,CACHE,4.0,low,scen_000046,top_0046
ecom_aux_20,cache_01,CACHE,4.0,low,scen_000046,top_0046
ecom_aux_21,cache_01,CACHE,4.0,low,scen_000046,top_0046
ecom_aux_22,cache_01,CACHE,4.0,low,scen_000046,top_0046
ecom_aux_23,cache_01,CACHE,4.0,low,scen_000046,top_0046
ecom_aux_24,cache_01,CACHE,4.0,low,scen_000046,top_0046
ecom_aux_25,cache_01,CACHE,4.0,low,scen_000046,top_0046
ecom_aux_26,cache_01,CACHE,4.0,low,scen_000046,top_0046
ecom_aux_27,cache_01,CACHE,4.0,low,scen_000046,top_0046
ecom_aux_28,cache_01,CACHE,4.0,low,scen_000046,top_0046
gw_01,rec_01,HTTP,15.0,high,scen_000047,top_0047
gw_01,search_node_1,HTTP,12.0,medium,scen_000047,top_0047
gw_01,search_node_2,HTTP,12.0,medium,scen_000047,top_0047
gw_01,search_node_3,HTTP,12.0,medium,scen_000047,top_0047
gw_01,search_node_4,HTTP,12.0,medium,scen_000047,top_0047
gw_01,search_node_5,HTTP,12.0,medium,scen_000047,top_0047
gw_01,search_node_6,HTTP,12.0,medium,scen_000047,top_0047
gw_01,search_node_7,HTTP,12.0,medium,scen_000047,top_0047
gw_01,search_node_8,HTTP,12.0,medium,scen_000047,top_0047
rec_01,redis_01,CACHE,2.0,critical,scen_000047,top_0047
rec_01,es_01,HTTP,18.0,high,scen_000047,top_0047
rec_01,mongo_01,DATABASE,14.0,high,scen_000047,top_0047
search_node_1,es_01,HTTP,20.0,high,scen_000047,top_0047
search_node_2,es_01,HTTP,20.0,high,scen_000047,top_0047
search_node_3,es_01,HTTP,20.0,high,scen_000047,top_0047
search_node_4,es_01,HTTP,20.0,high,scen_000047,top_0047
search_node_5,es_01,HTTP,20.0,high,scen_000047,top_0047
search_node_6,es_01,HTTP,20.0,high,scen_000047,top_0047
search_node_7,es_01,HTTP,20.0,high,scen_000047,top_0047
search_node_8,es_01,HTTP,20.0,high,scen_000047,top_0047
gw_01,auth_01,HTTP,12.0,high,scen_000048,top_0048
gw_01,web_01,HTTP,15.0,high,scen_000048,top_0048
lb_01,gw_01,HTTP,5.0,critical,scen_000048,top_0048
auth_01,db_01,DATABASE,8.0,critical,scen_000048,top_0048
web_01,db_01,DATABASE,10.0,critical,scen_000048,top_0048
web_01,sub_svc_2,HTTP,10.0,low,scen_000048,top_0048
web_01,sub_svc_3,HTTP,10.0,low,scen_000048,top_0048
web_01,sub_svc_4,HTTP,10.0,low,scen_000048,top_0048
web_01,sub_svc_5,HTTP,10.0,low,scen_000048,top_0048
web_01,sub_svc_6,HTTP,10.0,low,scen_000048,top_0048
web_01,sub_svc_7,HTTP,10.0,low,scen_000048,top_0048
web_01,sub_svc_8,HTTP,10.0,low,scen_000048,top_0048
web_01,sub_svc_9,HTTP,10.0,low,scen_000048,top_0048
web_01,sub_svc_10,HTTP,10.0,low,scen_000048,top_0048
web_01,sub_svc_11,HTTP,10.0,low,scen_000048,top_0048
web_01,sub_svc_12,HTTP,10.0,low,scen_000048,top_0048
web_01,sub_svc_13,HTTP,10.0,low,scen_000048,top_0048
web_01,sub_svc_14,HTTP,10.0,low,scen_000048,top_0048
web_01,sub_svc_15,HTTP,10.0,low,scen_000048,top_0048
web_01,sub_svc_16,HTTP,10.0,low,scen_000048,top_0048
web_01,sub_svc_17,HTTP,10.0,low,scen_000048,top_0048
web_01,sub_svc_18,HTTP,10.0,low,scen_000048,top_0048
web_01,sub_svc_19,HTTP,10.0,low,scen_000048,top_0048
web_01,sub_svc_20,HTTP,10.0,low,scen_000048,top_0048
web_01,sub_svc_21,HTTP,10.0,low,scen_000048,top_0048
web_01,sub_svc_22,HTTP,10.0,low,scen_000048,top_0048
web_01,sub_svc_23,HTTP,10.0,low,scen_000048,top_0048
web_01,sub_svc_24,HTTP,10.0,low,scen_000048,top_0048
web_01,sub_svc_25,HTTP,10.0,low,scen_000048,top_0048
web_01,sub_svc_26,HTTP,10.0,low,scen_000048,top_0048
sub_svc_2,db_01,DATABASE,12.0,medium,scen_000048,top_0048
sub_svc_3,db_01,DATABASE,12.0,medium,scen_000048,top_0048
sub_svc_4,db_01,DATABASE,12.0,medium,scen_000048,top_0048
sub_svc_5,db_01,DATABASE,12.0,medium,scen_000048,top_0048
sub_svc_6,db_01,DATABASE,12.0,medium,scen_000048,top_0048
sub_svc_7,db_01,DATABASE,12.0,medium,scen_000048,top_0048
sub_svc_8,db_01,DATABASE,12.0,medium,scen_000048,top_0048
sub_svc_9,db_01,DATABASE,12.0,medium,scen_000048,top_0048
sub_svc_10,db_01,DATABASE,12.0,medium,scen_000048,top_0048
sub_svc_11,db_01,DATABASE,12.0,medium,scen_000048,top_0048
sub_svc_12,db_01,DATABASE,12.0,medium,scen_000048,top_0048
sub_svc_13,db_01,DATABASE,12.0,medium,scen_000048,top_0048
sub_svc_14,db_01,DATABASE,12.0,medium,scen_000048,top_0048
sub_svc_15,db_01,DATABASE,12.0,medium,scen_000048,top_0048
sub_svc_16,db_01,DATABASE,12.0,medium,scen_000048,top_0048
sub_svc_17,db_01,DATABASE,12.0,medium,scen_000048,top_0048
sub_svc_18,db_01,DATABASE,12.0,medium,scen_000048,top_0048
sub_svc_19,db_01,DATABASE,12.0,medium,scen_000048,top_0048
sub_svc_20,db_01,DATABASE,12.0,medium,scen_000048,top_0048
sub_svc_21,db_01,DATABASE,12.0,medium,scen_000048,top_0048
sub_svc_22,db_01,DATABASE,12.0,medium,scen_000048,top_0048
sub_svc_23,db_01,DATABASE,12.0,medium,scen_000048,top_0048
sub_svc_24,db_01,DATABASE,12.0,medium,scen_000048,top_0048
sub_svc_25,db_01,DATABASE,12.0,medium,scen_000048,top_0048
sub_svc_26,db_01,DATABASE,12.0,medium,scen_000048,top_0048
gw_01,auth_01,HTTP,10.0,high,scen_000049,top_0049
gw_01,order_01,HTTP,15.0,critical,scen_000049,top_0049
gw_01,ecom_aux_1,HTTP,15.0,low,scen_000049,top_0049
gw_01,ecom_aux_2,HTTP,15.0,low,scen_000049,top_0049
gw_01,ecom_aux_3,HTTP,15.0,low,scen_000049,top_0049
gw_01,ecom_aux_4,HTTP,15.0,low,scen_000049,top_0049
gw_01,ecom_aux_5,HTTP,15.0,low,scen_000049,top_0049
gw_01,ecom_aux_6,HTTP,15.0,low,scen_000049,top_0049
gw_01,ecom_aux_7,HTTP,15.0,low,scen_000049,top_0049
gw_01,ecom_aux_8,HTTP,15.0,low,scen_000049,top_0049
gw_01,ecom_aux_9,HTTP,15.0,low,scen_000049,top_0049
gw_01,ecom_aux_10,HTTP,15.0,low,scen_000049,top_0049
gw_01,ecom_aux_11,HTTP,15.0,low,scen_000049,top_0049
gw_01,ecom_aux_12,HTTP,15.0,low,scen_000049,top_0049
gw_01,ecom_aux_13,HTTP,15.0,low,scen_000049,top_0049
gw_01,ecom_aux_14,HTTP,15.0,low,scen_000049,top_0049
gw_01,ecom_aux_15,HTTP,15.0,low,scen_000049,top_0049
gw_01,ecom_aux_16,HTTP,15.0,low,scen_000049,top_0049
gw_01,ecom_aux_17,HTTP,15.0,low,scen_000049,top_0049
gw_01,ecom_aux_18,HTTP,15.0,low,scen_000049,top_0049
gw_01,ecom_aux_19,HTTP,15.0,low,scen_000049,top_0049
gw_01,ecom_aux_20,HTTP,15.0,low,scen_000049,top_0049
gw_01,ecom_aux_21,HTTP,15.0,low,scen_000049,top_0049
gw_01,ecom_aux_22,HTTP,15.0,low,scen_000049,top_0049
gw_01,ecom_aux_23,HTTP,15.0,low,scen_000049,top_0049
gw_01,ecom_aux_24,HTTP,15.0,low,scen_000049,top_0049
gw_01,ecom_aux_25,HTTP,15.0,low,scen_000049,top_0049
gw_01,ecom_aux_26,HTTP,15.0,low,scen_000049,top_0049
gw_01,ecom_aux_27,HTTP,15.0,low,scen_000049,top_0049
order_01,pay_01,HTTP,25.0,critical,scen_000049,top_0049
order_01,inv_01,HTTP,20.0,high,scen_000049,top_0049
order_01,cache_01,CACHE,3.0,high,scen_000049,top_0049
order_01,mq_01,MESSAGE_QUEUE,5.0,medium,scen_000049,top_0049
pay_01,db_master,DATABASE,10.0,critical,scen_000049,top_0049
inv_01,db_master,DATABASE,12.0,high,scen_000049,top_0049
ecom_aux_1,cache_01,CACHE,4.0,low,scen_000049,top_0049
ecom_aux_2,cache_01,CACHE,4.0,low,scen_000049,top_0049
ecom_aux_3,cache_01,CACHE,4.0,low,scen_000049,top_0049
ecom_aux_4,cache_01,CACHE,4.0,low,scen_000049,top_0049
ecom_aux_5,cache_01,CACHE,4.0,low,scen_000049,top_0049
ecom_aux_6,cache_01,CACHE,4.0,low,scen_000049,top_0049
ecom_aux_7,cache_01,CACHE,4.0,low,scen_000049,top_0049
ecom_aux_8,cache_01,CACHE,4.0,low,scen_000049,top_0049
ecom_aux_9,cache_01,CACHE,4.0,low,scen_000049,top_0049
ecom_aux_10,cache_01,CACHE,4.0,low,scen_000049,top_0049
ecom_aux_11,cache_01,CACHE,4.0,low,scen_000049,top_0049
ecom_aux_12,cache_01,CACHE,4.0,low,scen_000049,top_0049
ecom_aux_13,cache_01,CACHE,4.0,low,scen_000049,top_0049
ecom_aux_14,cache_01,CACHE,4.0,low,scen_000049,top_0049
ecom_aux_15,cache_01,CACHE,4.0,low,scen_000049,top_0049
ecom_aux_16,cache_01,CACHE,4.0,low,scen_000049,top_0049
ecom_aux_17,cache_01,CACHE,4.0,low,scen_000049,top_0049
ecom_aux_18,cache_01,CACHE,4.0,low,scen_000049,top_0049
ecom_aux_19,cache_01,CACHE,4.0,low,scen_000049,top_0049
ecom_aux_20,cache_01,CACHE,4.0,low,scen_000049,top_0049
ecom_aux_21,cache_01,CACHE,4.0,low,scen_000049,top_0049
ecom_aux_22,cache_01,CACHE,4.0,low,scen_000049,top_0049
ecom_aux_23,cache_01,CACHE,4.0,low,scen_000049,top_0049
ecom_aux_24,cache_01,CACHE,4.0,low,scen_000049,top_0049
ecom_aux_25,cache_01,CACHE,4.0,low,scen_000049,top_0049
ecom_aux_26,cache_01,CACHE,4.0,low,scen_000049,top_0049
ecom_aux_27,cache_01,CACHE,4.0,low,scen_000049,top_0049
ingest_01,kafka_broker,MESSAGE_QUEUE,5.0,critical,scen_000050,top_0050
kafka_broker,notif_01,MESSAGE_QUEUE,10.0,high,scen_000050,top_0050
kafka_broker,user_01,MESSAGE_QUEUE,12.0,medium,scen_000050,top_0050
kafka_broker,consumer_1,MESSAGE_QUEUE,8.0,low,scen_000050,top_0050
kafka_broker,consumer_2,MESSAGE_QUEUE,8.0,low,scen_000050,top_0050
kafka_broker,consumer_3,MESSAGE_QUEUE,8.0,low,scen_000050,top_0050
notif_01,db_event,DATABASE,15.0,high,scen_000050,top_0050
consumer_1,db_event,DATABASE,10.0,low,scen_000050,top_0050
consumer_2,db_event,DATABASE,10.0,low,scen_000050,top_0050
consumer_3,db_event,DATABASE,10.0,low,scen_000050,top_0050
node_00,node_01,DNS,13.403882806303303,medium,scen_000051,top_0051
node_00,node_02,CACHE,18.931889502570044,medium,scen_000051,top_0051
node_00,node_03,CACHE,13.234292052593,medium,scen_000051,top_0051
node_00,node_05,STORAGE,13.914736282936657,medium,scen_000051,top_0051
node_00,node_18,MESSAGE_QUEUE,6.450711397290805,medium,scen_000051,top_0051
node_00,node_19,HTTP,21.877123264202517,medium,scen_000051,top_0051
node_01,node_04,STORAGE,18.07368534542347,medium,scen_000051,top_0051
node_01,node_14,DNS,8.600470825886887,medium,scen_000051,top_0051
node_01,node_15,CACHE,34.5392336048877,medium,scen_000051,top_0051
node_02,node_06,MESSAGE_QUEUE,17.57499623782298,medium,scen_000051,top_0051
node_02,node_10,DNS,32.428786676908246,medium,scen_000051,top_0051
node_02,node_11,DATABASE,8.03546482290549,medium,scen_000051,top_0051
node_02,node_30,HTTP,34.681947421367916,medium,scen_000051,top_0051
node_03,node_17,CACHE,33.840281958986616,medium,scen_000051,top_0051
node_04,node_08,HTTP,14.309944165459779,medium,scen_000051,top_0051
node_04,node_28,HTTP,32.668398819654044,medium,scen_000051,top_0051
node_04,node_39,MESSAGE_QUEUE,17.459092180608604,medium,scen_000051,top_0051
node_04,node_05,DNS,10.0,low,scen_000051,top_0051
node_05,node_07,DATABASE,32.735466095804696,medium,scen_000051,top_0051
node_05,node_12,DNS,28.892310078261442,medium,scen_000051,top_0051
node_05,node_21,STORAGE,7.328181556957064,medium,scen_000051,top_0051
node_06,node_32,HTTP,21.384612177891665,medium,scen_000051,top_0051
node_06,node_35,STORAGE,4.554815788966472,medium,scen_000051,top_0051
node_06,node_24,STORAGE,10.0,low,scen_000051,top_0051
node_06,node_34,MESSAGE_QUEUE,10.0,low,scen_000051,top_0051
node_07,node_25,DNS,30.770352911574893,medium,scen_000051,top_0051
node_07,node_26,CACHE,16.085553505362466,medium,scen_000051,top_0051
node_07,node_18,CACHE,10.0,low,scen_000051,top_0051
node_07,node_30,STORAGE,10.0,low,scen_000051,top_0051
node_08,node_09,MESSAGE_QUEUE,6.049294596817325,medium,scen_000051,top_0051
node_08,node_23,DATABASE,26.028936100401452,medium,scen_000051,top_0051
node_08,node_10,CACHE,10.0,low,scen_000051,top_0051
node_08,node_29,MESSAGE_QUEUE,10.0,low,scen_000051,top_0051
node_09,node_13,TCP,9.142077738072452,medium,scen_000051,top_0051
node_09,node_37,DATABASE,13.540295210361823,medium,scen_000051,top_0051
node_09,node_16,STORAGE,10.0,low,scen_000051,top_0051
node_09,node_31,CACHE,10.0,low,scen_000051,top_0051
node_09,node_00,MESSAGE_QUEUE,10.0,low,scen_000051,top_0051
node_10,node_18,MESSAGE_QUEUE,10.0,low,scen_000051,top_0051
node_11,node_16,DATABASE,18.94127421391795,medium,scen_000051,top_0051
node_11,node_20,DNS,31.410198492629135,medium,scen_000051,top_0051
node_11,node_29,STORAGE,29.036566788604087,medium,scen_000051,top_0051
node_11,node_05,CACHE,10.0,low,scen_000051,top_0051
node_11,node_12,HTTP,10.0,low,scen_000051,top_0051
node_14,node_38,CACHE,10.0,low,scen_000051,top_0051
node_15,node_38,MESSAGE_QUEUE,20.093545559341,medium,scen_000051,top_0051
node_15,node_20,MESSAGE_QUEUE,10.0,low,scen_000051,top_0051
node_16,node_22,DNS,7.318901862320815,medium,scen_000051,top_0051
node_16,node_24,MESSAGE_QUEUE,2.1234205493485625,medium,scen_000051,top_0051
node_16,node_36,STORAGE,25.260482801381485,medium,scen_000051,top_0051
node_16,node_13,STORAGE,10.0,low,scen_000051,top_0051
node_17,node_27,DNS,6.793633564506676,medium,scen_000051,top_0051
node_18,node_40,STORAGE,10.0,low,scen_000051,top_0051
node_19,node_34,DATABASE,27.907599231180647,medium,scen_000051,top_0051
node_19,node_25,HTTP,10.0,low,scen_000051,top_0051
node_21,node_33,CACHE,20.36201106129935,medium,scen_000051,top_0051
node_21,node_40,TCP,19.35932312944005,medium,scen_000051,top_0051
node_21,node_38,HTTP,10.0,low,scen_000051,top_0051
node_23,node_24,DNS,10.0,low,scen_000051,top_0051
node_24,node_31,DNS,10.854963554754613,medium,scen_000051,top_0051
node_24,node_41,DATABASE,7.943165722294492,medium,scen_000051,top_0051
node_24,node_12,DNS,10.0,low,scen_000051,top_0051
node_24,node_25,STORAGE,10.0,low,scen_000051,top_0051
node_25,node_07,TCP,10.0,low,scen_000051,top_0051
node_26,node_03,HTTP,10.0,low,scen_000051,top_0051
node_26,node_00,HTTP,10.0,low,scen_000051,top_0051
node_27,node_09,TCP,10.0,low,scen_000051,top_0051
node_27,node_12,CACHE,10.0,low,scen_000051,top_0051
node_28,node_22,HTTP,10.0,low,scen_000051,top_0051
node_28,node_33,DATABASE,10.0,low,scen_000051,top_0051
node_29,node_30,STORAGE,10.0,low,scen_000051,top_0051
node_30,node_17,DNS,10.0,low,scen_000051,top_0051
node_31,node_13,TCP,10.0,low,scen_000051,top_0051
node_31,node_33,DNS,10.0,low,scen_000051,top_0051
node_33,node_11,DNS,10.0,low,scen_000051,top_0051
node_36,node_15,TCP,10.0,low,scen_000051,top_0051
node_40,node_19,STORAGE,10.0,low,scen_000051,top_0051
node_41,node_24,CACHE,10.0,low,scen_000051,top_0051
node_41,node_09,MESSAGE_QUEUE,10.0,low,scen_000051,top_0051
node_41,node_26,STORAGE,10.0,low,scen_000051,top_0051
ingest_01,kafka_broker,MESSAGE_QUEUE,5.0,critical,scen_000052,top_0052
kafka_broker,notif_01,MESSAGE_QUEUE,10.0,high,scen_000052,top_0052
kafka_broker,user_01,MESSAGE_QUEUE,12.0,medium,scen_000052,top_0052
kafka_broker,consumer_1,MESSAGE_QUEUE,8.0,low,scen_000052,top_0052
kafka_broker,consumer_2,MESSAGE_QUEUE,8.0,low,scen_000052,top_0052
kafka_broker,consumer_3,MESSAGE_QUEUE,8.0,low,scen_000052,top_0052
kafka_broker,consumer_4,MESSAGE_QUEUE,8.0,low,scen_000052,top_0052
kafka_broker,consumer_5,MESSAGE_QUEUE,8.0,low,scen_000052,top_0052
kafka_broker,consumer_6,MESSAGE_QUEUE,8.0,low,scen_000052,top_0052
kafka_broker,consumer_7,MESSAGE_QUEUE,8.0,low,scen_000052,top_0052
kafka_broker,consumer_8,MESSAGE_QUEUE,8.0,low,scen_000052,top_0052
kafka_broker,consumer_9,MESSAGE_QUEUE,8.0,low,scen_000052,top_0052
kafka_broker,consumer_10,MESSAGE_QUEUE,8.0,low,scen_000052,top_0052
kafka_broker,consumer_11,MESSAGE_QUEUE,8.0,low,scen_000052,top_0052
kafka_broker,consumer_12,MESSAGE_QUEUE,8.0,low,scen_000052,top_0052
kafka_broker,consumer_13,MESSAGE_QUEUE,8.0,low,scen_000052,top_0052
kafka_broker,consumer_14,MESSAGE_QUEUE,8.0,low,scen_000052,top_0052
kafka_broker,consumer_15,MESSAGE_QUEUE,8.0,low,scen_000052,top_0052
kafka_broker,consumer_16,MESSAGE_QUEUE,8.0,low,scen_000052,top_0052
kafka_broker,consumer_17,MESSAGE_QUEUE,8.0,low,scen_000052,top_0052
kafka_broker,consumer_18,MESSAGE_QUEUE,8.0,low,scen_000052,top_0052
kafka_broker,consumer_19,MESSAGE_QUEUE,8.0,low,scen_000052,top_0052
kafka_broker,consumer_20,MESSAGE_QUEUE,8.0,low,scen_000052,top_0052
kafka_broker,consumer_21,MESSAGE_QUEUE,8.0,low,scen_000052,top_0052
kafka_broker,consumer_22,MESSAGE_QUEUE,8.0,low,scen_000052,top_0052
kafka_broker,consumer_23,MESSAGE_QUEUE,8.0,low,scen_000052,top_0052
notif_01,db_event,DATABASE,15.0,high,scen_000052,top_0052
consumer_1,db_event,DATABASE,10.0,low,scen_000052,top_0052
consumer_2,db_event,DATABASE,10.0,low,scen_000052,top_0052
consumer_3,db_event,DATABASE,10.0,low,scen_000052,top_0052
consumer_4,db_event,DATABASE,10.0,low,scen_000052,top_0052
consumer_5,db_event,DATABASE,10.0,low,scen_000052,top_0052
consumer_6,db_event,DATABASE,10.0,low,scen_000052,top_0052
consumer_7,db_event,DATABASE,10.0,low,scen_000052,top_0052
consumer_8,db_event,DATABASE,10.0,low,scen_000052,top_0052
consumer_9,db_event,DATABASE,10.0,low,scen_000052,top_0052
consumer_10,db_event,DATABASE,10.0,low,scen_000052,top_0052
consumer_11,db_event,DATABASE,10.0,low,scen_000052,top_0052
consumer_12,db_event,DATABASE,10.0,low,scen_000052,top_0052
consumer_13,db_event,DATABASE,10.0,low,scen_000052,top_0052
consumer_14,db_event,DATABASE,10.0,low,scen_000052,top_0052
consumer_15,db_event,DATABASE,10.0,low,scen_000052,top_0052
consumer_16,db_event,DATABASE,10.0,low,scen_000052,top_0052
consumer_17,db_event,DATABASE,10.0,low,scen_000052,top_0052
consumer_18,db_event,DATABASE,10.0,low,scen_000052,top_0052
consumer_19,db_event,DATABASE,10.0,low,scen_000052,top_0052
consumer_20,db_event,DATABASE,10.0,low,scen_000052,top_0052
consumer_21,db_event,DATABASE,10.0,low,scen_000052,top_0052
consumer_22,db_event,DATABASE,10.0,low,scen_000052,top_0052
consumer_23,db_event,DATABASE,10.0,low,scen_000052,top_0052
gw_01,auth_01,HTTP,12.0,high,scen_000053,top_0053
gw_01,web_01,HTTP,15.0,high,scen_000053,top_0053
lb_01,gw_01,HTTP,5.0,critical,scen_000053,top_0053
auth_01,db_01,DATABASE,8.0,critical,scen_000053,top_0053
web_01,db_01,DATABASE,10.0,critical,scen_000053,top_0053
web_01,sub_svc_2,HTTP,10.0,low,scen_000053,top_0053
web_01,sub_svc_3,HTTP,10.0,low,scen_000053,top_0053
web_01,sub_svc_4,HTTP,10.0,low,scen_000053,top_0053
web_01,sub_svc_5,HTTP,10.0,low,scen_000053,top_0053
web_01,sub_svc_6,HTTP,10.0,low,scen_000053,top_0053
web_01,sub_svc_7,HTTP,10.0,low,scen_000053,top_0053
web_01,sub_svc_8,HTTP,10.0,low,scen_000053,top_0053
web_01,sub_svc_9,HTTP,10.0,low,scen_000053,top_0053
web_01,sub_svc_10,HTTP,10.0,low,scen_000053,top_0053
web_01,sub_svc_11,HTTP,10.0,low,scen_000053,top_0053
sub_svc_2,db_01,DATABASE,12.0,medium,scen_000053,top_0053
sub_svc_3,db_01,DATABASE,12.0,medium,scen_000053,top_0053
sub_svc_4,db_01,DATABASE,12.0,medium,scen_000053,top_0053
sub_svc_5,db_01,DATABASE,12.0,medium,scen_000053,top_0053
sub_svc_6,db_01,DATABASE,12.0,medium,scen_000053,top_0053
sub_svc_7,db_01,DATABASE,12.0,medium,scen_000053,top_0053
sub_svc_8,db_01,DATABASE,12.0,medium,scen_000053,top_0053
sub_svc_9,db_01,DATABASE,12.0,medium,scen_000053,top_0053
sub_svc_10,db_01,DATABASE,12.0,medium,scen_000053,top_0053
sub_svc_11,db_01,DATABASE,12.0,medium,scen_000053,top_0053
ingest_01,kafka_broker,MESSAGE_QUEUE,5.0,critical,scen_000054,top_0054
kafka_broker,notif_01,MESSAGE_QUEUE,10.0,high,scen_000054,top_0054
kafka_broker,user_01,MESSAGE_QUEUE,12.0,medium,scen_000054,top_0054
kafka_broker,consumer_1,MESSAGE_QUEUE,8.0,low,scen_000054,top_0054
kafka_broker,consumer_2,MESSAGE_QUEUE,8.0,low,scen_000054,top_0054
kafka_broker,consumer_3,MESSAGE_QUEUE,8.0,low,scen_000054,top_0054
kafka_broker,consumer_4,MESSAGE_QUEUE,8.0,low,scen_000054,top_0054
kafka_broker,consumer_5,MESSAGE_QUEUE,8.0,low,scen_000054,top_0054
kafka_broker,consumer_6,MESSAGE_QUEUE,8.0,low,scen_000054,top_0054
kafka_broker,consumer_7,MESSAGE_QUEUE,8.0,low,scen_000054,top_0054
kafka_broker,consumer_8,MESSAGE_QUEUE,8.0,low,scen_000054,top_0054
kafka_broker,consumer_9,MESSAGE_QUEUE,8.0,low,scen_000054,top_0054
kafka_broker,consumer_10,MESSAGE_QUEUE,8.0,low,scen_000054,top_0054
kafka_broker,consumer_11,MESSAGE_QUEUE,8.0,low,scen_000054,top_0054
kafka_broker,consumer_12,MESSAGE_QUEUE,8.0,low,scen_000054,top_0054
kafka_broker,consumer_13,MESSAGE_QUEUE,8.0,low,scen_000054,top_0054
kafka_broker,consumer_14,MESSAGE_QUEUE,8.0,low,scen_000054,top_0054
kafka_broker,consumer_15,MESSAGE_QUEUE,8.0,low,scen_000054,top_0054
kafka_broker,consumer_16,MESSAGE_QUEUE,8.0,low,scen_000054,top_0054
kafka_broker,consumer_17,MESSAGE_QUEUE,8.0,low,scen_000054,top_0054
kafka_broker,consumer_18,MESSAGE_QUEUE,8.0,low,scen_000054,top_0054
kafka_broker,consumer_19,MESSAGE_QUEUE,8.0,low,scen_000054,top_0054
kafka_broker,consumer_20,MESSAGE_QUEUE,8.0,low,scen_000054,top_0054
kafka_broker,consumer_21,MESSAGE_QUEUE,8.0,low,scen_000054,top_0054
kafka_broker,consumer_22,MESSAGE_QUEUE,8.0,low,scen_000054,top_0054
kafka_broker,consumer_23,MESSAGE_QUEUE,8.0,low,scen_000054,top_0054
kafka_broker,consumer_24,MESSAGE_QUEUE,8.0,low,scen_000054,top_0054
kafka_broker,consumer_25,MESSAGE_QUEUE,8.0,low,scen_000054,top_0054
kafka_broker,consumer_26,MESSAGE_QUEUE,8.0,low,scen_000054,top_0054
kafka_broker,consumer_27,MESSAGE_QUEUE,8.0,low,scen_000054,top_0054
kafka_broker,consumer_28,MESSAGE_QUEUE,8.0,low,scen_000054,top_0054
kafka_broker,consumer_29,MESSAGE_QUEUE,8.0,low,scen_000054,top_0054
kafka_broker,consumer_30,MESSAGE_QUEUE,8.0,low,scen_000054,top_0054
kafka_broker,consumer_31,MESSAGE_QUEUE,8.0,low,scen_000054,top_0054
kafka_broker,consumer_32,MESSAGE_QUEUE,8.0,low,scen_000054,top_0054
kafka_broker,consumer_33,MESSAGE_QUEUE,8.0,low,scen_000054,top_0054
kafka_broker,consumer_34,MESSAGE_QUEUE,8.0,low,scen_000054,top_0054
kafka_broker,consumer_35,MESSAGE_QUEUE,8.0,low,scen_000054,top_0054
kafka_broker,consumer_36,MESSAGE_QUEUE,8.0,low,scen_000054,top_0054
kafka_broker,consumer_37,MESSAGE_QUEUE,8.0,low,scen_000054,top_0054
kafka_broker,consumer_38,MESSAGE_QUEUE,8.0,low,scen_000054,top_0054
kafka_broker,consumer_39,MESSAGE_QUEUE,8.0,low,scen_000054,top_0054
kafka_broker,consumer_40,MESSAGE_QUEUE,8.0,low,scen_000054,top_0054
kafka_broker,consumer_41,MESSAGE_QUEUE,8.0,low,scen_000054,top_0054
kafka_broker,consumer_42,MESSAGE_QUEUE,8.0,low,scen_000054,top_0054
notif_01,db_event,DATABASE,15.0,high,scen_000054,top_0054
consumer_1,db_event,DATABASE,10.0,low,scen_000054,top_0054
consumer_2,db_event,DATABASE,10.0,low,scen_000054,top_0054
consumer_3,db_event,DATABASE,10.0,low,scen_000054,top_0054
consumer_4,db_event,DATABASE,10.0,low,scen_000054,top_0054
consumer_5,db_event,DATABASE,10.0,low,scen_000054,top_0054
consumer_6,db_event,DATABASE,10.0,low,scen_000054,top_0054
consumer_7,db_event,DATABASE,10.0,low,scen_000054,top_0054
consumer_8,db_event,DATABASE,10.0,low,scen_000054,top_0054
consumer_9,db_event,DATABASE,10.0,low,scen_000054,top_0054
consumer_10,db_event,DATABASE,10.0,low,scen_000054,top_0054
consumer_11,db_event,DATABASE,10.0,low,scen_000054,top_0054
consumer_12,db_event,DATABASE,10.0,low,scen_000054,top_0054
consumer_13,db_event,DATABASE,10.0,low,scen_000054,top_0054
consumer_14,db_event,DATABASE,10.0,low,scen_000054,top_0054
consumer_15,db_event,DATABASE,10.0,low,scen_000054,top_0054
consumer_16,db_event,DATABASE,10.0,low,scen_000054,top_0054
consumer_17,db_event,DATABASE,10.0,low,scen_000054,top_0054
consumer_18,db_event,DATABASE,10.0,low,scen_000054,top_0054
consumer_19,db_event,DATABASE,10.0,low,scen_000054,top_0054
consumer_20,db_event,DATABASE,10.0,low,scen_000054,top_0054
consumer_21,db_event,DATABASE,10.0,low,scen_000054,top_0054
consumer_22,db_event,DATABASE,10.0,low,scen_000054,top_0054
consumer_23,db_event,DATABASE,10.0,low,scen_000054,top_0054
consumer_24,db_event,DATABASE,10.0,low,scen_000054,top_0054
consumer_25,db_event,DATABASE,10.0,low,scen_000054,top_0054
consumer_26,db_event,DATABASE,10.0,low,scen_000054,top_0054
consumer_27,db_event,DATABASE,10.0,low,scen_000054,top_0054
consumer_28,db_event,DATABASE,10.0,low,scen_000054,top_0054
consumer_29,db_event,DATABASE,10.0,low,scen_000054,top_0054
consumer_30,db_event,DATABASE,10.0,low,scen_000054,top_0054
consumer_31,db_event,DATABASE,10.0,low,scen_000054,top_0054
consumer_32,db_event,DATABASE,10.0,low,scen_000054,top_0054
consumer_33,db_event,DATABASE,10.0,low,scen_000054,top_0054
consumer_34,db_event,DATABASE,10.0,low,scen_000054,top_0054
consumer_35,db_event,DATABASE,10.0,low,scen_000054,top_0054
consumer_36,db_event,DATABASE,10.0,low,scen_000054,top_0054
consumer_37,db_event,DATABASE,10.0,low,scen_000054,top_0054
consumer_38,db_event,DATABASE,10.0,low,scen_000054,top_0054
consumer_39,db_event,DATABASE,10.0,low,scen_000054,top_0054
consumer_40,db_event,DATABASE,10.0,low,scen_000054,top_0054
consumer_41,db_event,DATABASE,10.0,low,scen_000054,top_0054
consumer_42,db_event,DATABASE,10.0,low,scen_000054,top_0054
gw_01,auth_01,HTTP,12.0,high,scen_000055,top_0055
gw_01,web_01,HTTP,15.0,high,scen_000055,top_0055
lb_01,gw_01,HTTP,5.0,critical,scen_000055,top_0055
auth_01,db_01,DATABASE,8.0,critical,scen_000055,top_0055
web_01,db_01,DATABASE,10.0,critical,scen_000055,top_0055
web_01,sub_svc_2,HTTP,10.0,low,scen_000055,top_0055
web_01,sub_svc_3,HTTP,10.0,low,scen_000055,top_0055
web_01,sub_svc_4,HTTP,10.0,low,scen_000055,top_0055
web_01,sub_svc_5,HTTP,10.0,low,scen_000055,top_0055
web_01,sub_svc_6,HTTP,10.0,low,scen_000055,top_0055
web_01,sub_svc_7,HTTP,10.0,low,scen_000055,top_0055
web_01,sub_svc_8,HTTP,10.0,low,scen_000055,top_0055
web_01,sub_svc_9,HTTP,10.0,low,scen_000055,top_0055
web_01,sub_svc_10,HTTP,10.0,low,scen_000055,top_0055
web_01,sub_svc_11,HTTP,10.0,low,scen_000055,top_0055
web_01,sub_svc_12,HTTP,10.0,low,scen_000055,top_0055
sub_svc_2,db_01,DATABASE,12.0,medium,scen_000055,top_0055
sub_svc_3,db_01,DATABASE,12.0,medium,scen_000055,top_0055
sub_svc_4,db_01,DATABASE,12.0,medium,scen_000055,top_0055
sub_svc_5,db_01,DATABASE,12.0,medium,scen_000055,top_0055
sub_svc_6,db_01,DATABASE,12.0,medium,scen_000055,top_0055
sub_svc_7,db_01,DATABASE,12.0,medium,scen_000055,top_0055
sub_svc_8,db_01,DATABASE,12.0,medium,scen_000055,top_0055
sub_svc_9,db_01,DATABASE,12.0,medium,scen_000055,top_0055
sub_svc_10,db_01,DATABASE,12.0,medium,scen_000055,top_0055
sub_svc_11,db_01,DATABASE,12.0,medium,scen_000055,top_0055
sub_svc_12,db_01,DATABASE,12.0,medium,scen_000055,top_0055
ingest_01,kafka_broker,MESSAGE_QUEUE,5.0,critical,scen_000056,top_0056
kafka_broker,notif_01,MESSAGE_QUEUE,10.0,high,scen_000056,top_0056
kafka_broker,user_01,MESSAGE_QUEUE,12.0,medium,scen_000056,top_0056
kafka_broker,consumer_1,MESSAGE_QUEUE,8.0,low,scen_000056,top_0056
kafka_broker,consumer_2,MESSAGE_QUEUE,8.0,low,scen_000056,top_0056
kafka_broker,consumer_3,MESSAGE_QUEUE,8.0,low,scen_000056,top_0056
notif_01,db_event,DATABASE,15.0,high,scen_000056,top_0056
consumer_1,db_event,DATABASE,10.0,low,scen_000056,top_0056
consumer_2,db_event,DATABASE,10.0,low,scen_000056,top_0056
consumer_3,db_event,DATABASE,10.0,low,scen_000056,top_0056
gw_01,auth_01,HTTP,10.0,high,scen_000057,top_0057
gw_01,order_01,HTTP,15.0,critical,scen_000057,top_0057
gw_01,ecom_aux_1,HTTP,15.0,low,scen_000057,top_0057
gw_01,ecom_aux_2,HTTP,15.0,low,scen_000057,top_0057
gw_01,ecom_aux_3,HTTP,15.0,low,scen_000057,top_0057
gw_01,ecom_aux_4,HTTP,15.0,low,scen_000057,top_0057
gw_01,ecom_aux_5,HTTP,15.0,low,scen_000057,top_0057
gw_01,ecom_aux_6,HTTP,15.0,low,scen_000057,top_0057
gw_01,ecom_aux_7,HTTP,15.0,low,scen_000057,top_0057
gw_01,ecom_aux_8,HTTP,15.0,low,scen_000057,top_0057
gw_01,ecom_aux_9,HTTP,15.0,low,scen_000057,top_0057
gw_01,ecom_aux_10,HTTP,15.0,low,scen_000057,top_0057
gw_01,ecom_aux_11,HTTP,15.0,low,scen_000057,top_0057
gw_01,ecom_aux_12,HTTP,15.0,low,scen_000057,top_0057
gw_01,ecom_aux_13,HTTP,15.0,low,scen_000057,top_0057
gw_01,ecom_aux_14,HTTP,15.0,low,scen_000057,top_0057
gw_01,ecom_aux_15,HTTP,15.0,low,scen_000057,top_0057
gw_01,ecom_aux_16,HTTP,15.0,low,scen_000057,top_0057
gw_01,ecom_aux_17,HTTP,15.0,low,scen_000057,top_0057
gw_01,ecom_aux_18,HTTP,15.0,low,scen_000057,top_0057
gw_01,ecom_aux_19,HTTP,15.0,low,scen_000057,top_0057
gw_01,ecom_aux_20,HTTP,15.0,low,scen_000057,top_0057
gw_01,ecom_aux_21,HTTP,15.0,low,scen_000057,top_0057
gw_01,ecom_aux_22,HTTP,15.0,low,scen_000057,top_0057
gw_01,ecom_aux_23,HTTP,15.0,low,scen_000057,top_0057
gw_01,ecom_aux_24,HTTP,15.0,low,scen_000057,top_0057
gw_01,ecom_aux_25,HTTP,15.0,low,scen_000057,top_0057
gw_01,ecom_aux_26,HTTP,15.0,low,scen_000057,top_0057
gw_01,ecom_aux_27,HTTP,15.0,low,scen_000057,top_0057
gw_01,ecom_aux_28,HTTP,15.0,low,scen_000057,top_0057
gw_01,ecom_aux_29,HTTP,15.0,low,scen_000057,top_0057
order_01,pay_01,HTTP,25.0,critical,scen_000057,top_0057
order_01,inv_01,HTTP,20.0,high,scen_000057,top_0057
order_01,cache_01,CACHE,3.0,high,scen_000057,top_0057
order_01,mq_01,MESSAGE_QUEUE,5.0,medium,scen_000057,top_0057
pay_01,db_master,DATABASE,10.0,critical,scen_000057,top_0057
inv_01,db_master,DATABASE,12.0,high,scen_000057,top_0057
ecom_aux_1,cache_01,CACHE,4.0,low,scen_000057,top_0057
ecom_aux_2,cache_01,CACHE,4.0,low,scen_000057,top_0057
ecom_aux_3,cache_01,CACHE,4.0,low,scen_000057,top_0057
ecom_aux_4,cache_01,CACHE,4.0,low,scen_000057,top_0057
ecom_aux_5,cache_01,CACHE,4.0,low,scen_000057,top_0057
ecom_aux_6,cache_01,CACHE,4.0,low,scen_000057,top_0057
ecom_aux_7,cache_01,CACHE,4.0,low,scen_000057,top_0057
ecom_aux_8,cache_01,CACHE,4.0,low,scen_000057,top_0057
ecom_aux_9,cache_01,CACHE,4.0,low,scen_000057,top_0057
ecom_aux_10,cache_01,CACHE,4.0,low,scen_000057,top_0057
ecom_aux_11,cache_01,CACHE,4.0,low,scen_000057,top_0057
ecom_aux_12,cache_01,CACHE,4.0,low,scen_000057,top_0057
ecom_aux_13,cache_01,CACHE,4.0,low,scen_000057,top_0057
ecom_aux_14,cache_01,CACHE,4.0,low,scen_000057,top_0057
ecom_aux_15,cache_01,CACHE,4.0,low,scen_000057,top_0057
ecom_aux_16,cache_01,CACHE,4.0,low,scen_000057,top_0057
ecom_aux_17,cache_01,CACHE,4.0,low,scen_000057,top_0057
ecom_aux_18,cache_01,CACHE,4.0,low,scen_000057,top_0057
ecom_aux_19,cache_01,CACHE,4.0,low,scen_000057,top_0057
ecom_aux_20,cache_01,CACHE,4.0,low,scen_000057,top_0057
ecom_aux_21,cache_01,CACHE,4.0,low,scen_000057,top_0057
ecom_aux_22,cache_01,CACHE,4.0,low,scen_000057,top_0057
ecom_aux_23,cache_01,CACHE,4.0,low,scen_000057,top_0057
ecom_aux_24,cache_01,CACHE,4.0,low,scen_000057,top_0057
ecom_aux_25,cache_01,CACHE,4.0,low,scen_000057,top_0057
ecom_aux_26,cache_01,CACHE,4.0,low,scen_000057,top_0057
ecom_aux_27,cache_01,CACHE,4.0,low,scen_000057,top_0057
ecom_aux_28,cache_01,CACHE,4.0,low,scen_000057,top_0057
ecom_aux_29,cache_01,CACHE,4.0,low,scen_000057,top_0057
gw_01,auth_01,HTTP,12.0,high,scen_000058,top_0058
gw_01,web_01,HTTP,15.0,high,scen_000058,top_0058
lb_01,gw_01,HTTP,5.0,critical,scen_000058,top_0058
auth_01,db_01,DATABASE,8.0,critical,scen_000058,top_0058
web_01,db_01,DATABASE,10.0,critical,scen_000058,top_0058
web_01,sub_svc_2,HTTP,10.0,low,scen_000058,top_0058
web_01,sub_svc_3,HTTP,10.0,low,scen_000058,top_0058
web_01,sub_svc_4,HTTP,10.0,low,scen_000058,top_0058
web_01,sub_svc_5,HTTP,10.0,low,scen_000058,top_0058
web_01,sub_svc_6,HTTP,10.0,low,scen_000058,top_0058
web_01,sub_svc_7,HTTP,10.0,low,scen_000058,top_0058
web_01,sub_svc_8,HTTP,10.0,low,scen_000058,top_0058
web_01,sub_svc_9,HTTP,10.0,low,scen_000058,top_0058
web_01,sub_svc_10,HTTP,10.0,low,scen_000058,top_0058
web_01,sub_svc_11,HTTP,10.0,low,scen_000058,top_0058
web_01,sub_svc_12,HTTP,10.0,low,scen_000058,top_0058
web_01,sub_svc_13,HTTP,10.0,low,scen_000058,top_0058
web_01,sub_svc_14,HTTP,10.0,low,scen_000058,top_0058
web_01,sub_svc_15,HTTP,10.0,low,scen_000058,top_0058
web_01,sub_svc_16,HTTP,10.0,low,scen_000058,top_0058
web_01,sub_svc_17,HTTP,10.0,low,scen_000058,top_0058
web_01,sub_svc_18,HTTP,10.0,low,scen_000058,top_0058
web_01,sub_svc_19,HTTP,10.0,low,scen_000058,top_0058
web_01,sub_svc_20,HTTP,10.0,low,scen_000058,top_0058
web_01,sub_svc_21,HTTP,10.0,low,scen_000058,top_0058
web_01,sub_svc_22,HTTP,10.0,low,scen_000058,top_0058
web_01,sub_svc_23,HTTP,10.0,low,scen_000058,top_0058
web_01,sub_svc_24,HTTP,10.0,low,scen_000058,top_0058
web_01,sub_svc_25,HTTP,10.0,low,scen_000058,top_0058
web_01,sub_svc_26,HTTP,10.0,low,scen_000058,top_0058
web_01,sub_svc_27,HTTP,10.0,low,scen_000058,top_0058
web_01,sub_svc_28,HTTP,10.0,low,scen_000058,top_0058
web_01,sub_svc_29,HTTP,10.0,low,scen_000058,top_0058
web_01,sub_svc_30,HTTP,10.0,low,scen_000058,top_0058
web_01,sub_svc_31,HTTP,10.0,low,scen_000058,top_0058
web_01,sub_svc_32,HTTP,10.0,low,scen_000058,top_0058
web_01,sub_svc_33,HTTP,10.0,low,scen_000058,top_0058
web_01,sub_svc_34,HTTP,10.0,low,scen_000058,top_0058
web_01,sub_svc_35,HTTP,10.0,low,scen_000058,top_0058
web_01,sub_svc_36,HTTP,10.0,low,scen_000058,top_0058
web_01,sub_svc_37,HTTP,10.0,low,scen_000058,top_0058
web_01,sub_svc_38,HTTP,10.0,low,scen_000058,top_0058
sub_svc_2,db_01,DATABASE,12.0,medium,scen_000058,top_0058
sub_svc_3,db_01,DATABASE,12.0,medium,scen_000058,top_0058
sub_svc_4,db_01,DATABASE,12.0,medium,scen_000058,top_0058
sub_svc_5,db_01,DATABASE,12.0,medium,scen_000058,top_0058
sub_svc_6,db_01,DATABASE,12.0,medium,scen_000058,top_0058
sub_svc_7,db_01,DATABASE,12.0,medium,scen_000058,top_0058
sub_svc_8,db_01,DATABASE,12.0,medium,scen_000058,top_0058
sub_svc_9,db_01,DATABASE,12.0,medium,scen_000058,top_0058
sub_svc_10,db_01,DATABASE,12.0,medium,scen_000058,top_0058
sub_svc_11,db_01,DATABASE,12.0,medium,scen_000058,top_0058
sub_svc_12,db_01,DATABASE,12.0,medium,scen_000058,top_0058
sub_svc_13,db_01,DATABASE,12.0,medium,scen_000058,top_0058
sub_svc_14,db_01,DATABASE,12.0,medium,scen_000058,top_0058
sub_svc_15,db_01,DATABASE,12.0,medium,scen_000058,top_0058
sub_svc_16,db_01,DATABASE,12.0,medium,scen_000058,top_0058
sub_svc_17,db_01,DATABASE,12.0,medium,scen_000058,top_0058
sub_svc_18,db_01,DATABASE,12.0,medium,scen_000058,top_0058
sub_svc_19,db_01,DATABASE,12.0,medium,scen_000058,top_0058
sub_svc_20,db_01,DATABASE,12.0,medium,scen_000058,top_0058
sub_svc_21,db_01,DATABASE,12.0,medium,scen_000058,top_0058
sub_svc_22,db_01,DATABASE,12.0,medium,scen_000058,top_0058
sub_svc_23,db_01,DATABASE,12.0,medium,scen_000058,top_0058
sub_svc_24,db_01,DATABASE,12.0,medium,scen_000058,top_0058
sub_svc_25,db_01,DATABASE,12.0,medium,scen_000058,top_0058
sub_svc_26,db_01,DATABASE,12.0,medium,scen_000058,top_0058
sub_svc_27,db_01,DATABASE,12.0,medium,scen_000058,top_0058
sub_svc_28,db_01,DATABASE,12.0,medium,scen_000058,top_0058
sub_svc_29,db_01,DATABASE,12.0,medium,scen_000058,top_0058
sub_svc_30,db_01,DATABASE,12.0,medium,scen_000058,top_0058
sub_svc_31,db_01,DATABASE,12.0,medium,scen_000058,top_0058
sub_svc_32,db_01,DATABASE,12.0,medium,scen_000058,top_0058
sub_svc_33,db_01,DATABASE,12.0,medium,scen_000058,top_0058
sub_svc_34,db_01,DATABASE,12.0,medium,scen_000058,top_0058
sub_svc_35,db_01,DATABASE,12.0,medium,scen_000058,top_0058
sub_svc_36,db_01,DATABASE,12.0,medium,scen_000058,top_0058
sub_svc_37,db_01,DATABASE,12.0,medium,scen_000058,top_0058
sub_svc_38,db_01,DATABASE,12.0,medium,scen_000058,top_0058
gw_01,auth_01,HTTP,10.0,high,scen_000059,top_0059
gw_01,order_01,HTTP,15.0,critical,scen_000059,top_0059
gw_01,ecom_aux_1,HTTP,15.0,low,scen_000059,top_0059
gw_01,ecom_aux_2,HTTP,15.0,low,scen_000059,top_0059
gw_01,ecom_aux_3,HTTP,15.0,low,scen_000059,top_0059
gw_01,ecom_aux_4,HTTP,15.0,low,scen_000059,top_0059
gw_01,ecom_aux_5,HTTP,15.0,low,scen_000059,top_0059
gw_01,ecom_aux_6,HTTP,15.0,low,scen_000059,top_0059
gw_01,ecom_aux_7,HTTP,15.0,low,scen_000059,top_0059
gw_01,ecom_aux_8,HTTP,15.0,low,scen_000059,top_0059
order_01,pay_01,HTTP,25.0,critical,scen_000059,top_0059
order_01,inv_01,HTTP,20.0,high,scen_000059,top_0059
order_01,cache_01,CACHE,3.0,high,scen_000059,top_0059
order_01,mq_01,MESSAGE_QUEUE,5.0,medium,scen_000059,top_0059
pay_01,db_master,DATABASE,10.0,critical,scen_000059,top_0059
inv_01,db_master,DATABASE,12.0,high,scen_000059,top_0059
ecom_aux_1,cache_01,CACHE,4.0,low,scen_000059,top_0059
ecom_aux_2,cache_01,CACHE,4.0,low,scen_000059,top_0059
ecom_aux_3,cache_01,CACHE,4.0,low,scen_000059,top_0059
ecom_aux_4,cache_01,CACHE,4.0,low,scen_000059,top_0059
ecom_aux_5,cache_01,CACHE,4.0,low,scen_000059,top_0059
ecom_aux_6,cache_01,CACHE,4.0,low,scen_000059,top_0059
ecom_aux_7,cache_01,CACHE,4.0,low,scen_000059,top_0059
ecom_aux_8,cache_01,CACHE,4.0,low,scen_000059,top_0059
gw_01,rec_01,HTTP,15.0,high,scen_000060,top_0060
gw_01,search_node_1,HTTP,12.0,medium,scen_000060,top_0060
gw_01,search_node_2,HTTP,12.0,medium,scen_000060,top_0060
gw_01,search_node_3,HTTP,12.0,medium,scen_000060,top_0060
gw_01,search_node_4,HTTP,12.0,medium,scen_000060,top_0060
gw_01,search_node_5,HTTP,12.0,medium,scen_000060,top_0060
gw_01,search_node_6,HTTP,12.0,medium,scen_000060,top_0060
gw_01,search_node_7,HTTP,12.0,medium,scen_000060,top_0060
gw_01,search_node_8,HTTP,12.0,medium,scen_000060,top_0060
gw_01,search_node_9,HTTP,12.0,medium,scen_000060,top_0060
gw_01,search_node_10,HTTP,12.0,medium,scen_000060,top_0060
gw_01,search_node_11,HTTP,12.0,medium,scen_000060,top_0060
gw_01,search_node_12,HTTP,12.0,medium,scen_000060,top_0060
gw_01,search_node_13,HTTP,12.0,medium,scen_000060,top_0060
gw_01,search_node_14,HTTP,12.0,medium,scen_000060,top_0060
gw_01,search_node_15,HTTP,12.0,medium,scen_000060,top_0060
gw_01,search_node_16,HTTP,12.0,medium,scen_000060,top_0060
gw_01,search_node_17,HTTP,12.0,medium,scen_000060,top_0060
gw_01,search_node_18,HTTP,12.0,medium,scen_000060,top_0060
gw_01,search_node_19,HTTP,12.0,medium,scen_000060,top_0060
gw_01,search_node_20,HTTP,12.0,medium,scen_000060,top_0060
gw_01,search_node_21,HTTP,12.0,medium,scen_000060,top_0060
gw_01,search_node_22,HTTP,12.0,medium,scen_000060,top_0060
gw_01,search_node_23,HTTP,12.0,medium,scen_000060,top_0060
gw_01,search_node_24,HTTP,12.0,medium,scen_000060,top_0060
gw_01,search_node_25,HTTP,12.0,medium,scen_000060,top_0060
gw_01,search_node_26,HTTP,12.0,medium,scen_000060,top_0060
gw_01,search_node_27,HTTP,12.0,medium,scen_000060,top_0060
gw_01,search_node_28,HTTP,12.0,medium,scen_000060,top_0060
gw_01,search_node_29,HTTP,12.0,medium,scen_000060,top_0060
gw_01,search_node_30,HTTP,12.0,medium,scen_000060,top_0060
gw_01,search_node_31,HTTP,12.0,medium,scen_000060,top_0060
rec_01,redis_01,CACHE,2.0,critical,scen_000060,top_0060
rec_01,es_01,HTTP,18.0,high,scen_000060,top_0060
rec_01,mongo_01,DATABASE,14.0,high,scen_000060,top_0060
search_node_1,es_01,HTTP,20.0,high,scen_000060,top_0060
search_node_2,es_01,HTTP,20.0,high,scen_000060,top_0060
search_node_3,es_01,HTTP,20.0,high,scen_000060,top_0060
search_node_4,es_01,HTTP,20.0,high,scen_000060,top_0060
search_node_5,es_01,HTTP,20.0,high,scen_000060,top_0060
search_node_6,es_01,HTTP,20.0,high,scen_000060,top_0060
search_node_7,es_01,HTTP,20.0,high,scen_000060,top_0060
search_node_8,es_01,HTTP,20.0,high,scen_000060,top_0060
search_node_9,es_01,HTTP,20.0,high,scen_000060,top_0060
search_node_10,es_01,HTTP,20.0,high,scen_000060,top_0060
search_node_11,es_01,HTTP,20.0,high,scen_000060,top_0060
search_node_12,es_01,HTTP,20.0,high,scen_000060,top_0060
search_node_13,es_01,HTTP,20.0,high,scen_000060,top_0060
search_node_14,es_01,HTTP,20.0,high,scen_000060,top_0060
search_node_15,es_01,HTTP,20.0,high,scen_000060,top_0060
search_node_16,es_01,HTTP,20.0,high,scen_000060,top_0060
search_node_17,es_01,HTTP,20.0,high,scen_000060,top_0060
search_node_18,es_01,HTTP,20.0,high,scen_000060,top_0060
search_node_19,es_01,HTTP,20.0,high,scen_000060,top_0060
search_node_20,es_01,HTTP,20.0,high,scen_000060,top_0060
search_node_21,es_01,HTTP,20.0,high,scen_000060,top_0060
search_node_22,es_01,HTTP,20.0,high,scen_000060,top_0060
search_node_23,es_01,HTTP,20.0,high,scen_000060,top_0060
search_node_24,es_01,HTTP,20.0,high,scen_000060,top_0060
search_node_25,es_01,HTTP,20.0,high,scen_000060,top_0060
search_node_26,es_01,HTTP,20.0,high,scen_000060,top_0060
search_node_27,es_01,HTTP,20.0,high,scen_000060,top_0060
search_node_28,es_01,HTTP,20.0,high,scen_000060,top_0060
search_node_29,es_01,HTTP,20.0,high,scen_000060,top_0060
search_node_30,es_01,HTTP,20.0,high,scen_000060,top_0060
search_node_31,es_01,HTTP,20.0,high,scen_000060,top_0060
gw_01,auth_01,HTTP,10.0,high,scen_000061,top_0061
gw_01,order_01,HTTP,15.0,critical,scen_000061,top_0061
gw_01,ecom_aux_1,HTTP,15.0,low,scen_000061,top_0061
gw_01,ecom_aux_2,HTTP,15.0,low,scen_000061,top_0061
gw_01,ecom_aux_3,HTTP,15.0,low,scen_000061,top_0061
gw_01,ecom_aux_4,HTTP,15.0,low,scen_000061,top_0061
gw_01,ecom_aux_5,HTTP,15.0,low,scen_000061,top_0061
gw_01,ecom_aux_6,HTTP,15.0,low,scen_000061,top_0061
gw_01,ecom_aux_7,HTTP,15.0,low,scen_000061,top_0061
gw_01,ecom_aux_8,HTTP,15.0,low,scen_000061,top_0061
gw_01,ecom_aux_9,HTTP,15.0,low,scen_000061,top_0061
gw_01,ecom_aux_10,HTTP,15.0,low,scen_000061,top_0061
gw_01,ecom_aux_11,HTTP,15.0,low,scen_000061,top_0061
gw_01,ecom_aux_12,HTTP,15.0,low,scen_000061,top_0061
gw_01,ecom_aux_13,HTTP,15.0,low,scen_000061,top_0061
gw_01,ecom_aux_14,HTTP,15.0,low,scen_000061,top_0061
gw_01,ecom_aux_15,HTTP,15.0,low,scen_000061,top_0061
gw_01,ecom_aux_16,HTTP,15.0,low,scen_000061,top_0061
gw_01,ecom_aux_17,HTTP,15.0,low,scen_000061,top_0061
gw_01,ecom_aux_18,HTTP,15.0,low,scen_000061,top_0061
gw_01,ecom_aux_19,HTTP,15.0,low,scen_000061,top_0061
gw_01,ecom_aux_20,HTTP,15.0,low,scen_000061,top_0061
gw_01,ecom_aux_21,HTTP,15.0,low,scen_000061,top_0061
gw_01,ecom_aux_22,HTTP,15.0,low,scen_000061,top_0061
gw_01,ecom_aux_23,HTTP,15.0,low,scen_000061,top_0061
gw_01,ecom_aux_24,HTTP,15.0,low,scen_000061,top_0061
gw_01,ecom_aux_25,HTTP,15.0,low,scen_000061,top_0061
gw_01,ecom_aux_26,HTTP,15.0,low,scen_000061,top_0061
gw_01,ecom_aux_27,HTTP,15.0,low,scen_000061,top_0061
gw_01,ecom_aux_28,HTTP,15.0,low,scen_000061,top_0061
gw_01,ecom_aux_29,HTTP,15.0,low,scen_000061,top_0061
gw_01,ecom_aux_30,HTTP,15.0,low,scen_000061,top_0061
gw_01,ecom_aux_31,HTTP,15.0,low,scen_000061,top_0061
gw_01,ecom_aux_32,HTTP,15.0,low,scen_000061,top_0061
gw_01,ecom_aux_33,HTTP,15.0,low,scen_000061,top_0061
gw_01,ecom_aux_34,HTTP,15.0,low,scen_000061,top_0061
gw_01,ecom_aux_35,HTTP,15.0,low,scen_000061,top_0061
gw_01,ecom_aux_36,HTTP,15.0,low,scen_000061,top_0061
order_01,pay_01,HTTP,25.0,critical,scen_000061,top_0061
order_01,inv_01,HTTP,20.0,high,scen_000061,top_0061
order_01,cache_01,CACHE,3.0,high,scen_000061,top_0061
order_01,mq_01,MESSAGE_QUEUE,5.0,medium,scen_000061,top_0061
pay_01,db_master,DATABASE,10.0,critical,scen_000061,top_0061
inv_01,db_master,DATABASE,12.0,high,scen_000061,top_0061
ecom_aux_1,cache_01,CACHE,4.0,low,scen_000061,top_0061
ecom_aux_2,cache_01,CACHE,4.0,low,scen_000061,top_0061
ecom_aux_3,cache_01,CACHE,4.0,low,scen_000061,top_0061
ecom_aux_4,cache_01,CACHE,4.0,low,scen_000061,top_0061
ecom_aux_5,cache_01,CACHE,4.0,low,scen_000061,top_0061
ecom_aux_6,cache_01,CACHE,4.0,low,scen_000061,top_0061
ecom_aux_7,cache_01,CACHE,4.0,low,scen_000061,top_0061
ecom_aux_8,cache_01,CACHE,4.0,low,scen_000061,top_0061
ecom_aux_9,cache_01,CACHE,4.0,low,scen_000061,top_0061
ecom_aux_10,cache_01,CACHE,4.0,low,scen_000061,top_0061
ecom_aux_11,cache_01,CACHE,4.0,low,scen_000061,top_0061
ecom_aux_12,cache_01,CACHE,4.0,low,scen_000061,top_0061
ecom_aux_13,cache_01,CACHE,4.0,low,scen_000061,top_0061
ecom_aux_14,cache_01,CACHE,4.0,low,scen_000061,top_0061
ecom_aux_15,cache_01,CACHE,4.0,low,scen_000061,top_0061
ecom_aux_16,cache_01,CACHE,4.0,low,scen_000061,top_0061
ecom_aux_17,cache_01,CACHE,4.0,low,scen_000061,top_0061
ecom_aux_18,cache_01,CACHE,4.0,low,scen_000061,top_0061
ecom_aux_19,cache_01,CACHE,4.0,low,scen_000061,top_0061
ecom_aux_20,cache_01,CACHE,4.0,low,scen_000061,top_0061
ecom_aux_21,cache_01,CACHE,4.0,low,scen_000061,top_0061
ecom_aux_22,cache_01,CACHE,4.0,low,scen_000061,top_0061
ecom_aux_23,cache_01,CACHE,4.0,low,scen_000061,top_0061
ecom_aux_24,cache_01,CACHE,4.0,low,scen_000061,top_0061
ecom_aux_25,cache_01,CACHE,4.0,low,scen_000061,top_0061
ecom_aux_26,cache_01,CACHE,4.0,low,scen_000061,top_0061
ecom_aux_27,cache_01,CACHE,4.0,low,scen_000061,top_0061
ecom_aux_28,cache_01,CACHE,4.0,low,scen_000061,top_0061
ecom_aux_29,cache_01,CACHE,4.0,low,scen_000061,top_0061
ecom_aux_30,cache_01,CACHE,4.0,low,scen_000061,top_0061
ecom_aux_31,cache_01,CACHE,4.0,low,scen_000061,top_0061
ecom_aux_32,cache_01,CACHE,4.0,low,scen_000061,top_0061
ecom_aux_33,cache_01,CACHE,4.0,low,scen_000061,top_0061
ecom_aux_34,cache_01,CACHE,4.0,low,scen_000061,top_0061
ecom_aux_35,cache_01,CACHE,4.0,low,scen_000061,top_0061
ecom_aux_36,cache_01,CACHE,4.0,low,scen_000061,top_0061
node_00,node_01,DATABASE,13.16935042463372,medium,scen_000062,top_0062
node_00,node_03,CACHE,14.62163907220953,medium,scen_000062,top_0062
node_01,node_02,CACHE,31.35296797716467,medium,scen_000062,top_0062
node_01,node_04,HTTP,10.16453575002121,medium,scen_000062,top_0062
node_02,node_04,HTTP,10.0,low,scen_000062,top_0062
node_02,node_06,CACHE,10.0,low,scen_000062,top_0062
node_03,node_05,HTTP,24.95573696833585,medium,scen_000062,top_0062
node_04,node_11,STORAGE,15.101616001820366,medium,scen_000062,top_0062
node_04,node_10,DNS,10.0,low,scen_000062,top_0062
node_05,node_06,DNS,17.179814811578467,medium,scen_000062,top_0062
node_05,node_07,DNS,19.500006846167107,medium,scen_000062,top_0062
node_05,node_08,HTTP,30.555245796875255,medium,scen_000062,top_0062
node_05,node_09,HTTP,3.496993955926626,medium,scen_000062,top_0062
node_06,node_12,DNS,10.0,low,scen_000062,top_0062
node_07,node_10,HTTP,28.12022016640442,medium,scen_000062,top_0062
node_08,node_10,HTTP,10.0,low,scen_000062,top_0062
node_08,node_04,DNS,10.0,low,scen_000062,top_0062
node_08,node_00,TCP,10.0,low,scen_000062,top_0062
node_10,node_12,DNS,19.30149347848833,medium,scen_000062,top_0062
node_10,node_09,STORAGE,10.0,low,scen_000062,top_0062
node_10,node_02,CACHE,10.0,low,scen_000062,top_0062
node_11,node_10,STORAGE,10.0,low,scen_000062,top_0062
node_11,node_01,HTTP,10.0,low,scen_000062,top_0062
gw_01,auth_01,HTTP,12.0,high,scen_000063,top_0063
gw_01,web_01,HTTP,15.0,high,scen_000063,top_0063
lb_01,gw_01,HTTP,5.0,critical,scen_000063,top_0063
auth_01,db_01,DATABASE,8.0,critical,scen_000063,top_0063
web_01,db_01,DATABASE,10.0,critical,scen_000063,top_0063
web_01,sub_svc_2,HTTP,10.0,low,scen_000063,top_0063
web_01,sub_svc_3,HTTP,10.0,low,scen_000063,top_0063
web_01,sub_svc_4,HTTP,10.0,low,scen_000063,top_0063
web_01,sub_svc_5,HTTP,10.0,low,scen_000063,top_0063
web_01,sub_svc_6,HTTP,10.0,low,scen_000063,top_0063
web_01,sub_svc_7,HTTP,10.0,low,scen_000063,top_0063
web_01,sub_svc_8,HTTP,10.0,low,scen_000063,top_0063
web_01,sub_svc_9,HTTP,10.0,low,scen_000063,top_0063
web_01,sub_svc_10,HTTP,10.0,low,scen_000063,top_0063
web_01,sub_svc_11,HTTP,10.0,low,scen_000063,top_0063
web_01,sub_svc_12,HTTP,10.0,low,scen_000063,top_0063
web_01,sub_svc_13,HTTP,10.0,low,scen_000063,top_0063
web_01,sub_svc_14,HTTP,10.0,low,scen_000063,top_0063
web_01,sub_svc_15,HTTP,10.0,low,scen_000063,top_0063
web_01,sub_svc_16,HTTP,10.0,low,scen_000063,top_0063
web_01,sub_svc_17,HTTP,10.0,low,scen_000063,top_0063
web_01,sub_svc_18,HTTP,10.0,low,scen_000063,top_0063
web_01,sub_svc_19,HTTP,10.0,low,scen_000063,top_0063
web_01,sub_svc_20,HTTP,10.0,low,scen_000063,top_0063
web_01,sub_svc_21,HTTP,10.0,low,scen_000063,top_0063
web_01,sub_svc_22,HTTP,10.0,low,scen_000063,top_0063
web_01,sub_svc_23,HTTP,10.0,low,scen_000063,top_0063
web_01,sub_svc_24,HTTP,10.0,low,scen_000063,top_0063
web_01,sub_svc_25,HTTP,10.0,low,scen_000063,top_0063
web_01,sub_svc_26,HTTP,10.0,low,scen_000063,top_0063
sub_svc_2,db_01,DATABASE,12.0,medium,scen_000063,top_0063
sub_svc_3,db_01,DATABASE,12.0,medium,scen_000063,top_0063
sub_svc_4,db_01,DATABASE,12.0,medium,scen_000063,top_0063
sub_svc_5,db_01,DATABASE,12.0,medium,scen_000063,top_0063
sub_svc_6,db_01,DATABASE,12.0,medium,scen_000063,top_0063
sub_svc_7,db_01,DATABASE,12.0,medium,scen_000063,top_0063
sub_svc_8,db_01,DATABASE,12.0,medium,scen_000063,top_0063
sub_svc_9,db_01,DATABASE,12.0,medium,scen_000063,top_0063
sub_svc_10,db_01,DATABASE,12.0,medium,scen_000063,top_0063
sub_svc_11,db_01,DATABASE,12.0,medium,scen_000063,top_0063
sub_svc_12,db_01,DATABASE,12.0,medium,scen_000063,top_0063
sub_svc_13,db_01,DATABASE,12.0,medium,scen_000063,top_0063
sub_svc_14,db_01,DATABASE,12.0,medium,scen_000063,top_0063
sub_svc_15,db_01,DATABASE,12.0,medium,scen_000063,top_0063
sub_svc_16,db_01,DATABASE,12.0,medium,scen_000063,top_0063
sub_svc_17,db_01,DATABASE,12.0,medium,scen_000063,top_0063
sub_svc_18,db_01,DATABASE,12.0,medium,scen_000063,top_0063
sub_svc_19,db_01,DATABASE,12.0,medium,scen_000063,top_0063
sub_svc_20,db_01,DATABASE,12.0,medium,scen_000063,top_0063
sub_svc_21,db_01,DATABASE,12.0,medium,scen_000063,top_0063
sub_svc_22,db_01,DATABASE,12.0,medium,scen_000063,top_0063
sub_svc_23,db_01,DATABASE,12.0,medium,scen_000063,top_0063
sub_svc_24,db_01,DATABASE,12.0,medium,scen_000063,top_0063
sub_svc_25,db_01,DATABASE,12.0,medium,scen_000063,top_0063
sub_svc_26,db_01,DATABASE,12.0,medium,scen_000063,top_0063
gw_01,rec_01,HTTP,15.0,high,scen_000064,top_0064
gw_01,search_node_1,HTTP,12.0,medium,scen_000064,top_0064
gw_01,search_node_2,HTTP,12.0,medium,scen_000064,top_0064
gw_01,search_node_3,HTTP,12.0,medium,scen_000064,top_0064
gw_01,search_node_4,HTTP,12.0,medium,scen_000064,top_0064
gw_01,search_node_5,HTTP,12.0,medium,scen_000064,top_0064
gw_01,search_node_6,HTTP,12.0,medium,scen_000064,top_0064
gw_01,search_node_7,HTTP,12.0,medium,scen_000064,top_0064
gw_01,search_node_8,HTTP,12.0,medium,scen_000064,top_0064
gw_01,search_node_9,HTTP,12.0,medium,scen_000064,top_0064
gw_01,search_node_10,HTTP,12.0,medium,scen_000064,top_0064
gw_01,search_node_11,HTTP,12.0,medium,scen_000064,top_0064
gw_01,search_node_12,HTTP,12.0,medium,scen_000064,top_0064
gw_01,search_node_13,HTTP,12.0,medium,scen_000064,top_0064
gw_01,search_node_14,HTTP,12.0,medium,scen_000064,top_0064
gw_01,search_node_15,HTTP,12.0,medium,scen_000064,top_0064
gw_01,search_node_16,HTTP,12.0,medium,scen_000064,top_0064
gw_01,search_node_17,HTTP,12.0,medium,scen_000064,top_0064
gw_01,search_node_18,HTTP,12.0,medium,scen_000064,top_0064
gw_01,search_node_19,HTTP,12.0,medium,scen_000064,top_0064
gw_01,search_node_20,HTTP,12.0,medium,scen_000064,top_0064
gw_01,search_node_21,HTTP,12.0,medium,scen_000064,top_0064
gw_01,search_node_22,HTTP,12.0,medium,scen_000064,top_0064
gw_01,search_node_23,HTTP,12.0,medium,scen_000064,top_0064
gw_01,search_node_24,HTTP,12.0,medium,scen_000064,top_0064
gw_01,search_node_25,HTTP,12.0,medium,scen_000064,top_0064
gw_01,search_node_26,HTTP,12.0,medium,scen_000064,top_0064
gw_01,search_node_27,HTTP,12.0,medium,scen_000064,top_0064
gw_01,search_node_28,HTTP,12.0,medium,scen_000064,top_0064
gw_01,search_node_29,HTTP,12.0,medium,scen_000064,top_0064
gw_01,search_node_30,HTTP,12.0,medium,scen_000064,top_0064
gw_01,search_node_31,HTTP,12.0,medium,scen_000064,top_0064
rec_01,redis_01,CACHE,2.0,critical,scen_000064,top_0064
rec_01,es_01,HTTP,18.0,high,scen_000064,top_0064
rec_01,mongo_01,DATABASE,14.0,high,scen_000064,top_0064
search_node_1,es_01,HTTP,20.0,high,scen_000064,top_0064
search_node_2,es_01,HTTP,20.0,high,scen_000064,top_0064
search_node_3,es_01,HTTP,20.0,high,scen_000064,top_0064
search_node_4,es_01,HTTP,20.0,high,scen_000064,top_0064
search_node_5,es_01,HTTP,20.0,high,scen_000064,top_0064
search_node_6,es_01,HTTP,20.0,high,scen_000064,top_0064
search_node_7,es_01,HTTP,20.0,high,scen_000064,top_0064
search_node_8,es_01,HTTP,20.0,high,scen_000064,top_0064
search_node_9,es_01,HTTP,20.0,high,scen_000064,top_0064
search_node_10,es_01,HTTP,20.0,high,scen_000064,top_0064
search_node_11,es_01,HTTP,20.0,high,scen_000064,top_0064
search_node_12,es_01,HTTP,20.0,high,scen_000064,top_0064
search_node_13,es_01,HTTP,20.0,high,scen_000064,top_0064
search_node_14,es_01,HTTP,20.0,high,scen_000064,top_0064
search_node_15,es_01,HTTP,20.0,high,scen_000064,top_0064
search_node_16,es_01,HTTP,20.0,high,scen_000064,top_0064
search_node_17,es_01,HTTP,20.0,high,scen_000064,top_0064
search_node_18,es_01,HTTP,20.0,high,scen_000064,top_0064
search_node_19,es_01,HTTP,20.0,high,scen_000064,top_0064
search_node_20,es_01,HTTP,20.0,high,scen_000064,top_0064
search_node_21,es_01,HTTP,20.0,high,scen_000064,top_0064
search_node_22,es_01,HTTP,20.0,high,scen_000064,top_0064
search_node_23,es_01,HTTP,20.0,high,scen_000064,top_0064
search_node_24,es_01,HTTP,20.0,high,scen_000064,top_0064
search_node_25,es_01,HTTP,20.0,high,scen_000064,top_0064
search_node_26,es_01,HTTP,20.0,high,scen_000064,top_0064
search_node_27,es_01,HTTP,20.0,high,scen_000064,top_0064
search_node_28,es_01,HTTP,20.0,high,scen_000064,top_0064
search_node_29,es_01,HTTP,20.0,high,scen_000064,top_0064
search_node_30,es_01,HTTP,20.0,high,scen_000064,top_0064
search_node_31,es_01,HTTP,20.0,high,scen_000064,top_0064
ingest_01,kafka_broker,MESSAGE_QUEUE,5.0,critical,scen_000065,top_0065
kafka_broker,notif_01,MESSAGE_QUEUE,10.0,high,scen_000065,top_0065
kafka_broker,user_01,MESSAGE_QUEUE,12.0,medium,scen_000065,top_0065
kafka_broker,consumer_1,MESSAGE_QUEUE,8.0,low,scen_000065,top_0065
kafka_broker,consumer_2,MESSAGE_QUEUE,8.0,low,scen_000065,top_0065
kafka_broker,consumer_3,MESSAGE_QUEUE,8.0,low,scen_000065,top_0065
kafka_broker,consumer_4,MESSAGE_QUEUE,8.0,low,scen_000065,top_0065
kafka_broker,consumer_5,MESSAGE_QUEUE,8.0,low,scen_000065,top_0065
kafka_broker,consumer_6,MESSAGE_QUEUE,8.0,low,scen_000065,top_0065
kafka_broker,consumer_7,MESSAGE_QUEUE,8.0,low,scen_000065,top_0065
kafka_broker,consumer_8,MESSAGE_QUEUE,8.0,low,scen_000065,top_0065
kafka_broker,consumer_9,MESSAGE_QUEUE,8.0,low,scen_000065,top_0065
kafka_broker,consumer_10,MESSAGE_QUEUE,8.0,low,scen_000065,top_0065
kafka_broker,consumer_11,MESSAGE_QUEUE,8.0,low,scen_000065,top_0065
kafka_broker,consumer_12,MESSAGE_QUEUE,8.0,low,scen_000065,top_0065
kafka_broker,consumer_13,MESSAGE_QUEUE,8.0,low,scen_000065,top_0065
kafka_broker,consumer_14,MESSAGE_QUEUE,8.0,low,scen_000065,top_0065
kafka_broker,consumer_15,MESSAGE_QUEUE,8.0,low,scen_000065,top_0065
kafka_broker,consumer_16,MESSAGE_QUEUE,8.0,low,scen_000065,top_0065
kafka_broker,consumer_17,MESSAGE_QUEUE,8.0,low,scen_000065,top_0065
kafka_broker,consumer_18,MESSAGE_QUEUE,8.0,low,scen_000065,top_0065
kafka_broker,consumer_19,MESSAGE_QUEUE,8.0,low,scen_000065,top_0065
notif_01,db_event,DATABASE,15.0,high,scen_000065,top_0065
consumer_1,db_event,DATABASE,10.0,low,scen_000065,top_0065
consumer_2,db_event,DATABASE,10.0,low,scen_000065,top_0065
consumer_3,db_event,DATABASE,10.0,low,scen_000065,top_0065
consumer_4,db_event,DATABASE,10.0,low,scen_000065,top_0065
consumer_5,db_event,DATABASE,10.0,low,scen_000065,top_0065
consumer_6,db_event,DATABASE,10.0,low,scen_000065,top_0065
consumer_7,db_event,DATABASE,10.0,low,scen_000065,top_0065
consumer_8,db_event,DATABASE,10.0,low,scen_000065,top_0065
consumer_9,db_event,DATABASE,10.0,low,scen_000065,top_0065
consumer_10,db_event,DATABASE,10.0,low,scen_000065,top_0065
consumer_11,db_event,DATABASE,10.0,low,scen_000065,top_0065
consumer_12,db_event,DATABASE,10.0,low,scen_000065,top_0065
consumer_13,db_event,DATABASE,10.0,low,scen_000065,top_0065
consumer_14,db_event,DATABASE,10.0,low,scen_000065,top_0065
consumer_15,db_event,DATABASE,10.0,low,scen_000065,top_0065
consumer_16,db_event,DATABASE,10.0,low,scen_000065,top_0065
consumer_17,db_event,DATABASE,10.0,low,scen_000065,top_0065
consumer_18,db_event,DATABASE,10.0,low,scen_000065,top_0065
consumer_19,db_event,DATABASE,10.0,low,scen_000065,top_0065
node_00,node_01,DATABASE,16.21675304214354,medium,scen_000066,top_0066
node_00,node_02,TCP,8.519544748473747,medium,scen_000066,top_0066
node_00,node_03,DATABASE,13.313412488843666,medium,scen_000066,top_0066
node_02,node_04,DATABASE,10.349953630646585,medium,scen_000066,top_0066
node_02,node_07,DNS,30.35550712692983,medium,scen_000066,top_0066
node_02,node_08,STORAGE,8.473990441745602,medium,scen_000066,top_0066
node_03,node_05,STORAGE,10.858622982113488,medium,scen_000066,top_0066
node_03,node_04,CACHE,10.0,low,scen_000066,top_0066
node_04,node_06,MESSAGE_QUEUE,33.45418635041769,medium,scen_000066,top_0066
node_04,node_09,HTTP,7.446426684320912,medium,scen_000066,top_0066
node_05,node_03,DATABASE,10.0,low,scen_000066,top_0066
node_06,node_04,HTTP,10.0,low,scen_000066,top_0066
node_07,node_05,STORAGE,10.0,low,scen_000066,top_0066
node_08,node_07,DATABASE,10.0,low,scen_000066,top_0066
node_09,node_00,DATABASE,10.0,low,scen_000066,top_0066
node_09,node_04,DNS,10.0,low,scen_000066,top_0066
ingest_01,kafka_broker,MESSAGE_QUEUE,5.0,critical,scen_000067,top_0067
kafka_broker,notif_01,MESSAGE_QUEUE,10.0,high,scen_000067,top_0067
kafka_broker,user_01,MESSAGE_QUEUE,12.0,medium,scen_000067,top_0067
kafka_broker,consumer_1,MESSAGE_QUEUE,8.0,low,scen_000067,top_0067
kafka_broker,consumer_2,MESSAGE_QUEUE,8.0,low,scen_000067,top_0067
kafka_broker,consumer_3,MESSAGE_QUEUE,8.0,low,scen_000067,top_0067
kafka_broker,consumer_4,MESSAGE_QUEUE,8.0,low,scen_000067,top_0067
kafka_broker,consumer_5,MESSAGE_QUEUE,8.0,low,scen_000067,top_0067
kafka_broker,consumer_6,MESSAGE_QUEUE,8.0,low,scen_000067,top_0067
notif_01,db_event,DATABASE,15.0,high,scen_000067,top_0067
consumer_1,db_event,DATABASE,10.0,low,scen_000067,top_0067
consumer_2,db_event,DATABASE,10.0,low,scen_000067,top_0067
consumer_3,db_event,DATABASE,10.0,low,scen_000067,top_0067
consumer_4,db_event,DATABASE,10.0,low,scen_000067,top_0067
consumer_5,db_event,DATABASE,10.0,low,scen_000067,top_0067
consumer_6,db_event,DATABASE,10.0,low,scen_000067,top_0067
gw_01,auth_01,HTTP,10.0,high,scen_000068,top_0068
gw_01,order_01,HTTP,15.0,critical,scen_000068,top_0068
gw_01,ecom_aux_1,HTTP,15.0,low,scen_000068,top_0068
gw_01,ecom_aux_2,HTTP,15.0,low,scen_000068,top_0068
gw_01,ecom_aux_3,HTTP,15.0,low,scen_000068,top_0068
gw_01,ecom_aux_4,HTTP,15.0,low,scen_000068,top_0068
gw_01,ecom_aux_5,HTTP,15.0,low,scen_000068,top_0068
gw_01,ecom_aux_6,HTTP,15.0,low,scen_000068,top_0068
gw_01,ecom_aux_7,HTTP,15.0,low,scen_000068,top_0068
gw_01,ecom_aux_8,HTTP,15.0,low,scen_000068,top_0068
gw_01,ecom_aux_9,HTTP,15.0,low,scen_000068,top_0068
gw_01,ecom_aux_10,HTTP,15.0,low,scen_000068,top_0068
gw_01,ecom_aux_11,HTTP,15.0,low,scen_000068,top_0068
gw_01,ecom_aux_12,HTTP,15.0,low,scen_000068,top_0068
gw_01,ecom_aux_13,HTTP,15.0,low,scen_000068,top_0068
gw_01,ecom_aux_14,HTTP,15.0,low,scen_000068,top_0068
gw_01,ecom_aux_15,HTTP,15.0,low,scen_000068,top_0068
gw_01,ecom_aux_16,HTTP,15.0,low,scen_000068,top_0068
gw_01,ecom_aux_17,HTTP,15.0,low,scen_000068,top_0068
gw_01,ecom_aux_18,HTTP,15.0,low,scen_000068,top_0068
gw_01,ecom_aux_19,HTTP,15.0,low,scen_000068,top_0068
gw_01,ecom_aux_20,HTTP,15.0,low,scen_000068,top_0068
gw_01,ecom_aux_21,HTTP,15.0,low,scen_000068,top_0068
gw_01,ecom_aux_22,HTTP,15.0,low,scen_000068,top_0068
order_01,pay_01,HTTP,25.0,critical,scen_000068,top_0068
order_01,inv_01,HTTP,20.0,high,scen_000068,top_0068
order_01,cache_01,CACHE,3.0,high,scen_000068,top_0068
order_01,mq_01,MESSAGE_QUEUE,5.0,medium,scen_000068,top_0068
pay_01,db_master,DATABASE,10.0,critical,scen_000068,top_0068
inv_01,db_master,DATABASE,12.0,high,scen_000068,top_0068
ecom_aux_1,cache_01,CACHE,4.0,low,scen_000068,top_0068
ecom_aux_2,cache_01,CACHE,4.0,low,scen_000068,top_0068
ecom_aux_3,cache_01,CACHE,4.0,low,scen_000068,top_0068
ecom_aux_4,cache_01,CACHE,4.0,low,scen_000068,top_0068
ecom_aux_5,cache_01,CACHE,4.0,low,scen_000068,top_0068
ecom_aux_6,cache_01,CACHE,4.0,low,scen_000068,top_0068
ecom_aux_7,cache_01,CACHE,4.0,low,scen_000068,top_0068
ecom_aux_8,cache_01,CACHE,4.0,low,scen_000068,top_0068
ecom_aux_9,cache_01,CACHE,4.0,low,scen_000068,top_0068
ecom_aux_10,cache_01,CACHE,4.0,low,scen_000068,top_0068
ecom_aux_11,cache_01,CACHE,4.0,low,scen_000068,top_0068
ecom_aux_12,cache_01,CACHE,4.0,low,scen_000068,top_0068
ecom_aux_13,cache_01,CACHE,4.0,low,scen_000068,top_0068
ecom_aux_14,cache_01,CACHE,4.0,low,scen_000068,top_0068
ecom_aux_15,cache_01,CACHE,4.0,low,scen_000068,top_0068
ecom_aux_16,cache_01,CACHE,4.0,low,scen_000068,top_0068
ecom_aux_17,cache_01,CACHE,4.0,low,scen_000068,top_0068
ecom_aux_18,cache_01,CACHE,4.0,low,scen_000068,top_0068
ecom_aux_19,cache_01,CACHE,4.0,low,scen_000068,top_0068
ecom_aux_20,cache_01,CACHE,4.0,low,scen_000068,top_0068
ecom_aux_21,cache_01,CACHE,4.0,low,scen_000068,top_0068
ecom_aux_22,cache_01,CACHE,4.0,low,scen_000068,top_0068
ingest_01,kafka_broker,MESSAGE_QUEUE,5.0,critical,scen_000069,top_0069
kafka_broker,notif_01,MESSAGE_QUEUE,10.0,high,scen_000069,top_0069
kafka_broker,user_01,MESSAGE_QUEUE,12.0,medium,scen_000069,top_0069
kafka_broker,consumer_1,MESSAGE_QUEUE,8.0,low,scen_000069,top_0069
kafka_broker,consumer_2,MESSAGE_QUEUE,8.0,low,scen_000069,top_0069
kafka_broker,consumer_3,MESSAGE_QUEUE,8.0,low,scen_000069,top_0069
kafka_broker,consumer_4,MESSAGE_QUEUE,8.0,low,scen_000069,top_0069
kafka_broker,consumer_5,MESSAGE_QUEUE,8.0,low,scen_000069,top_0069
kafka_broker,consumer_6,MESSAGE_QUEUE,8.0,low,scen_000069,top_0069
kafka_broker,consumer_7,MESSAGE_QUEUE,8.0,low,scen_000069,top_0069
kafka_broker,consumer_8,MESSAGE_QUEUE,8.0,low,scen_000069,top_0069
kafka_broker,consumer_9,MESSAGE_QUEUE,8.0,low,scen_000069,top_0069
kafka_broker,consumer_10,MESSAGE_QUEUE,8.0,low,scen_000069,top_0069
kafka_broker,consumer_11,MESSAGE_QUEUE,8.0,low,scen_000069,top_0069
kafka_broker,consumer_12,MESSAGE_QUEUE,8.0,low,scen_000069,top_0069
kafka_broker,consumer_13,MESSAGE_QUEUE,8.0,low,scen_000069,top_0069
kafka_broker,consumer_14,MESSAGE_QUEUE,8.0,low,scen_000069,top_0069
kafka_broker,consumer_15,MESSAGE_QUEUE,8.0,low,scen_000069,top_0069
kafka_broker,consumer_16,MESSAGE_QUEUE,8.0,low,scen_000069,top_0069
kafka_broker,consumer_17,MESSAGE_QUEUE,8.0,low,scen_000069,top_0069
kafka_broker,consumer_18,MESSAGE_QUEUE,8.0,low,scen_000069,top_0069
kafka_broker,consumer_19,MESSAGE_QUEUE,8.0,low,scen_000069,top_0069
kafka_broker,consumer_20,MESSAGE_QUEUE,8.0,low,scen_000069,top_0069
kafka_broker,consumer_21,MESSAGE_QUEUE,8.0,low,scen_000069,top_0069
kafka_broker,consumer_22,MESSAGE_QUEUE,8.0,low,scen_000069,top_0069
kafka_broker,consumer_23,MESSAGE_QUEUE,8.0,low,scen_000069,top_0069
kafka_broker,consumer_24,MESSAGE_QUEUE,8.0,low,scen_000069,top_0069
kafka_broker,consumer_25,MESSAGE_QUEUE,8.0,low,scen_000069,top_0069
kafka_broker,consumer_26,MESSAGE_QUEUE,8.0,low,scen_000069,top_0069
kafka_broker,consumer_27,MESSAGE_QUEUE,8.0,low,scen_000069,top_0069
kafka_broker,consumer_28,MESSAGE_QUEUE,8.0,low,scen_000069,top_0069
kafka_broker,consumer_29,MESSAGE_QUEUE,8.0,low,scen_000069,top_0069
notif_01,db_event,DATABASE,15.0,high,scen_000069,top_0069
consumer_1,db_event,DATABASE,10.0,low,scen_000069,top_0069
consumer_2,db_event,DATABASE,10.0,low,scen_000069,top_0069
consumer_3,db_event,DATABASE,10.0,low,scen_000069,top_0069
consumer_4,db_event,DATABASE,10.0,low,scen_000069,top_0069
consumer_5,db_event,DATABASE,10.0,low,scen_000069,top_0069
consumer_6,db_event,DATABASE,10.0,low,scen_000069,top_0069
consumer_7,db_event,DATABASE,10.0,low,scen_000069,top_0069
consumer_8,db_event,DATABASE,10.0,low,scen_000069,top_0069
consumer_9,db_event,DATABASE,10.0,low,scen_000069,top_0069
consumer_10,db_event,DATABASE,10.0,low,scen_000069,top_0069
consumer_11,db_event,DATABASE,10.0,low,scen_000069,top_0069
consumer_12,db_event,DATABASE,10.0,low,scen_000069,top_0069
consumer_13,db_event,DATABASE,10.0,low,scen_000069,top_0069
consumer_14,db_event,DATABASE,10.0,low,scen_000069,top_0069
consumer_15,db_event,DATABASE,10.0,low,scen_000069,top_0069
consumer_16,db_event,DATABASE,10.0,low,scen_000069,top_0069
consumer_17,db_event,DATABASE,10.0,low,scen_000069,top_0069
consumer_18,db_event,DATABASE,10.0,low,scen_000069,top_0069
consumer_19,db_event,DATABASE,10.0,low,scen_000069,top_0069
consumer_20,db_event,DATABASE,10.0,low,scen_000069,top_0069
consumer_21,db_event,DATABASE,10.0,low,scen_000069,top_0069
consumer_22,db_event,DATABASE,10.0,low,scen_000069,top_0069
consumer_23,db_event,DATABASE,10.0,low,scen_000069,top_0069
consumer_24,db_event,DATABASE,10.0,low,scen_000069,top_0069
consumer_25,db_event,DATABASE,10.0,low,scen_000069,top_0069
consumer_26,db_event,DATABASE,10.0,low,scen_000069,top_0069
consumer_27,db_event,DATABASE,10.0,low,scen_000069,top_0069
consumer_28,db_event,DATABASE,10.0,low,scen_000069,top_0069
consumer_29,db_event,DATABASE,10.0,low,scen_000069,top_0069
gw_01,auth_01,HTTP,10.0,high,scen_000070,top_0070
gw_01,order_01,HTTP,15.0,critical,scen_000070,top_0070
gw_01,ecom_aux_1,HTTP,15.0,low,scen_000070,top_0070
gw_01,ecom_aux_2,HTTP,15.0,low,scen_000070,top_0070
gw_01,ecom_aux_3,HTTP,15.0,low,scen_000070,top_0070
gw_01,ecom_aux_4,HTTP,15.0,low,scen_000070,top_0070
gw_01,ecom_aux_5,HTTP,15.0,low,scen_000070,top_0070
order_01,pay_01,HTTP,25.0,critical,scen_000070,top_0070
order_01,inv_01,HTTP,20.0,high,scen_000070,top_0070
order_01,cache_01,CACHE,3.0,high,scen_000070,top_0070
order_01,mq_01,MESSAGE_QUEUE,5.0,medium,scen_000070,top_0070
pay_01,db_master,DATABASE,10.0,critical,scen_000070,top_0070
inv_01,db_master,DATABASE,12.0,high,scen_000070,top_0070
ecom_aux_1,cache_01,CACHE,4.0,low,scen_000070,top_0070
ecom_aux_2,cache_01,CACHE,4.0,low,scen_000070,top_0070
ecom_aux_3,cache_01,CACHE,4.0,low,scen_000070,top_0070
ecom_aux_4,cache_01,CACHE,4.0,low,scen_000070,top_0070
ecom_aux_5,cache_01,CACHE,4.0,low,scen_000070,top_0070
node_00,node_01,DNS,9.05941850887516,medium,scen_000071,top_0071
node_00,node_02,HTTP,9.44682869052673,medium,scen_000071,top_0071
node_00,node_04,CACHE,19.585793829462478,medium,scen_000071,top_0071
node_00,node_24,DATABASE,22.309910061880384,medium,scen_000071,top_0071
node_01,node_03,DNS,12.233282556744657,medium,scen_000071,top_0071
node_01,node_08,DNS,25.79668858907687,medium,scen_000071,top_0071
node_01,node_13,TCP,20.435714492933645,medium,scen_000071,top_0071
node_01,node_15,TCP,5.083683783741902,medium,scen_000071,top_0071
node_01,node_02,STORAGE,10.0,low,scen_000071,top_0071
node_01,node_07,TCP,10.0,low,scen_000071,top_0071
node_01,node_18,DATABASE,10.0,low,scen_000071,top_0071
node_01,node_14,HTTP,10.0,low,scen_000071,top_0071
node_02,node_16,STORAGE,25.606186396987017,medium,scen_000071,top_0071
node_03,node_05,CACHE,17.63932022259022,medium,scen_000071,top_0071
node_03,node_06,TCP,27.75561619458376,medium,scen_000071,top_0071
node_03,node_07,DATABASE,29.56374118989306,medium,scen_000071,top_0071
node_03,node_14,CACHE,10.0,low,scen_000071,top_0071
node_04,node_09,STORAGE,30.952555581078343,medium,scen_000071,top_0071
node_04,node_22,DATABASE,11.6039770858015,medium,scen_000071,top_0071
node_05,node_11,DATABASE,5.15980553982418,medium,scen_000071,top_0071
node_05,node_17,DNS,16.521690687693674,medium,scen_000071,top_0071
node_06,node_18,DATABASE,10.0,low,scen_000071,top_0071
node_07,node_06,DNS,10.0,low,scen_000071,top_0071
node_07,node_27,STORAGE,10.0,low,scen_000071,top_0071
node_08,node_10,DNS,24.331288076016016,medium,scen_000071,top_0071
node_08,node_14,STORAGE,20.425443175500156,medium,scen_000071,top_0071
node_08,node_18,CACHE,2.126485421094007,medium,scen_000071,top_0071
node_08,node_26,CACHE,10.0,low,scen_000071,top_0071
node_08,node_22,TCP,10.0,low,scen_000071,top_0071
node_08,node_25,HTTP,10.0,low,scen_000071,top_0071
node_09,node_12,DNS,9.605175180504064,medium,scen_000071,top_0071
node_09,node_19,STORAGE,4.800638967772933,medium,scen_000071,top_0071
node_10,node_21,DNS,19.38245800999147,medium,scen_000071,top_0071
node_10,node_23,HTTP,21.20792138700776,medium,scen_000071,top_0071
node_10,node_11,HTTP,10.0,low,scen_000071,top_0071
node_11,node_25,DNS,13.43326284285444,medium,scen_000071,top_0071
node_11,node_32,HTTP,24.856035443715633,medium,scen_000071,top_0071
node_11,node_21,CACHE,10.0,low,scen_000071,top_0071
node_12,node_14,STORAGE,10.0,low,scen_000071,top_0071
node_13,node_27,HTTP,12.240749971385693,medium,scen_000071,top_0071
node_15,node_30,HTTP,17.33550659420369,medium,scen_000071,top_0071
node_15,node_11,DATABASE,10.0,low,scen_000071,top_0071
node_15,node_26,STORAGE,10.0,low,scen_000071,top_0071
node_15,node_10,CACHE,10.0,low,scen_000071,top_0071
node_16,node_20,TCP,5.9789067964039315,medium,scen_000071,top_0071
node_17,node_28,HTTP,29.653488960392522,medium,scen_000071,top_0071
node_17,node_09,MESSAGE_QUEUE,10.0,low,scen_000071,top_0071
node_17,node_15,STORAGE,10.0,low,scen_000071,top_0071
node_20,node_22,CACHE,10.0,low,scen_000071,top_0071
node_22,node_26,STORAGE,4.517139468636662,medium,scen_000071,top_0071
node_22,node_27,DNS,10.0,low,scen_000071,top_0071
node_22,node_00,DNS,10.0,low,scen_000071,top_0071
node_23,node_29,DATABASE,20.559934213201913,medium,scen_000071,top_0071
node_23,node_31,STORAGE,28.04500550554202,medium,scen_000071,top_0071
node_24,node_05,MESSAGE_QUEUE,10.0,low,scen_000071,top_0071
node_25,node_07,DATABASE,10.0,low,scen_000071,top_0071
node_26,node_08,DNS,10.0,low,scen_000071,top_0071
node_27,node_01,TCP,10.0,low,scen_000071,top_0071
node_28,node_19,MESSAGE_QUEUE,10.0,low,scen_000071,top_0071
node_29,node_05,CACHE,10.0,low,scen_000071,top_0071
node_30,node_20,TCP,10.0,low,scen_000071,top_0071
node_31,node_00,HTTP,10.0,low,scen_000071,top_0071
node_31,node_29,CACHE,10.0,low,scen_000071,top_0071
gw_01,auth_01,HTTP,10.0,high,scen_000072,top_0072
gw_01,order_01,HTTP,15.0,critical,scen_000072,top_0072
gw_01,ecom_aux_1,HTTP,15.0,low,scen_000072,top_0072
gw_01,ecom_aux_2,HTTP,15.0,low,scen_000072,top_0072
gw_01,ecom_aux_3,HTTP,15.0,low,scen_000072,top_0072
gw_01,ecom_aux_4,HTTP,15.0,low,scen_000072,top_0072
gw_01,ecom_aux_5,HTTP,15.0,low,scen_000072,top_0072
gw_01,ecom_aux_6,HTTP,15.0,low,scen_000072,top_0072
gw_01,ecom_aux_7,HTTP,15.0,low,scen_000072,top_0072
gw_01,ecom_aux_8,HTTP,15.0,low,scen_000072,top_0072
gw_01,ecom_aux_9,HTTP,15.0,low,scen_000072,top_0072
gw_01,ecom_aux_10,HTTP,15.0,low,scen_000072,top_0072
gw_01,ecom_aux_11,HTTP,15.0,low,scen_000072,top_0072
gw_01,ecom_aux_12,HTTP,15.0,low,scen_000072,top_0072
gw_01,ecom_aux_13,HTTP,15.0,low,scen_000072,top_0072
gw_01,ecom_aux_14,HTTP,15.0,low,scen_000072,top_0072
gw_01,ecom_aux_15,HTTP,15.0,low,scen_000072,top_0072
gw_01,ecom_aux_16,HTTP,15.0,low,scen_000072,top_0072
gw_01,ecom_aux_17,HTTP,15.0,low,scen_000072,top_0072
gw_01,ecom_aux_18,HTTP,15.0,low,scen_000072,top_0072
gw_01,ecom_aux_19,HTTP,15.0,low,scen_000072,top_0072
gw_01,ecom_aux_20,HTTP,15.0,low,scen_000072,top_0072
gw_01,ecom_aux_21,HTTP,15.0,low,scen_000072,top_0072
gw_01,ecom_aux_22,HTTP,15.0,low,scen_000072,top_0072
gw_01,ecom_aux_23,HTTP,15.0,low,scen_000072,top_0072
gw_01,ecom_aux_24,HTTP,15.0,low,scen_000072,top_0072
gw_01,ecom_aux_25,HTTP,15.0,low,scen_000072,top_0072
gw_01,ecom_aux_26,HTTP,15.0,low,scen_000072,top_0072
gw_01,ecom_aux_27,HTTP,15.0,low,scen_000072,top_0072
gw_01,ecom_aux_28,HTTP,15.0,low,scen_000072,top_0072
gw_01,ecom_aux_29,HTTP,15.0,low,scen_000072,top_0072
gw_01,ecom_aux_30,HTTP,15.0,low,scen_000072,top_0072
gw_01,ecom_aux_31,HTTP,15.0,low,scen_000072,top_0072
gw_01,ecom_aux_32,HTTP,15.0,low,scen_000072,top_0072
gw_01,ecom_aux_33,HTTP,15.0,low,scen_000072,top_0072
gw_01,ecom_aux_34,HTTP,15.0,low,scen_000072,top_0072
gw_01,ecom_aux_35,HTTP,15.0,low,scen_000072,top_0072
gw_01,ecom_aux_36,HTTP,15.0,low,scen_000072,top_0072
gw_01,ecom_aux_37,HTTP,15.0,low,scen_000072,top_0072
gw_01,ecom_aux_38,HTTP,15.0,low,scen_000072,top_0072
order_01,pay_01,HTTP,25.0,critical,scen_000072,top_0072
order_01,inv_01,HTTP,20.0,high,scen_000072,top_0072
order_01,cache_01,CACHE,3.0,high,scen_000072,top_0072
order_01,mq_01,MESSAGE_QUEUE,5.0,medium,scen_000072,top_0072
pay_01,db_master,DATABASE,10.0,critical,scen_000072,top_0072
inv_01,db_master,DATABASE,12.0,high,scen_000072,top_0072
ecom_aux_1,cache_01,CACHE,4.0,low,scen_000072,top_0072
ecom_aux_2,cache_01,CACHE,4.0,low,scen_000072,top_0072
ecom_aux_3,cache_01,CACHE,4.0,low,scen_000072,top_0072
ecom_aux_4,cache_01,CACHE,4.0,low,scen_000072,top_0072
ecom_aux_5,cache_01,CACHE,4.0,low,scen_000072,top_0072
ecom_aux_6,cache_01,CACHE,4.0,low,scen_000072,top_0072
ecom_aux_7,cache_01,CACHE,4.0,low,scen_000072,top_0072
ecom_aux_8,cache_01,CACHE,4.0,low,scen_000072,top_0072
ecom_aux_9,cache_01,CACHE,4.0,low,scen_000072,top_0072
ecom_aux_10,cache_01,CACHE,4.0,low,scen_000072,top_0072
ecom_aux_11,cache_01,CACHE,4.0,low,scen_000072,top_0072
ecom_aux_12,cache_01,CACHE,4.0,low,scen_000072,top_0072
ecom_aux_13,cache_01,CACHE,4.0,low,scen_000072,top_0072
ecom_aux_14,cache_01,CACHE,4.0,low,scen_000072,top_0072
ecom_aux_15,cache_01,CACHE,4.0,low,scen_000072,top_0072
ecom_aux_16,cache_01,CACHE,4.0,low,scen_000072,top_0072
ecom_aux_17,cache_01,CACHE,4.0,low,scen_000072,top_0072
ecom_aux_18,cache_01,CACHE,4.0,low,scen_000072,top_0072
ecom_aux_19,cache_01,CACHE,4.0,low,scen_000072,top_0072
ecom_aux_20,cache_01,CACHE,4.0,low,scen_000072,top_0072
ecom_aux_21,cache_01,CACHE,4.0,low,scen_000072,top_0072
ecom_aux_22,cache_01,CACHE,4.0,low,scen_000072,top_0072
ecom_aux_23,cache_01,CACHE,4.0,low,scen_000072,top_0072
ecom_aux_24,cache_01,CACHE,4.0,low,scen_000072,top_0072
ecom_aux_25,cache_01,CACHE,4.0,low,scen_000072,top_0072
ecom_aux_26,cache_01,CACHE,4.0,low,scen_000072,top_0072
ecom_aux_27,cache_01,CACHE,4.0,low,scen_000072,top_0072
ecom_aux_28,cache_01,CACHE,4.0,low,scen_000072,top_0072
ecom_aux_29,cache_01,CACHE,4.0,low,scen_000072,top_0072
ecom_aux_30,cache_01,CACHE,4.0,low,scen_000072,top_0072
ecom_aux_31,cache_01,CACHE,4.0,low,scen_000072,top_0072
ecom_aux_32,cache_01,CACHE,4.0,low,scen_000072,top_0072
ecom_aux_33,cache_01,CACHE,4.0,low,scen_000072,top_0072
ecom_aux_34,cache_01,CACHE,4.0,low,scen_000072,top_0072
ecom_aux_35,cache_01,CACHE,4.0,low,scen_000072,top_0072
ecom_aux_36,cache_01,CACHE,4.0,low,scen_000072,top_0072
ecom_aux_37,cache_01,CACHE,4.0,low,scen_000072,top_0072
ecom_aux_38,cache_01,CACHE,4.0,low,scen_000072,top_0072
gw_01,auth_01,HTTP,10.0,high,scen_000073,top_0073
gw_01,order_01,HTTP,15.0,critical,scen_000073,top_0073
gw_01,ecom_aux_1,HTTP,15.0,low,scen_000073,top_0073
gw_01,ecom_aux_2,HTTP,15.0,low,scen_000073,top_0073
gw_01,ecom_aux_3,HTTP,15.0,low,scen_000073,top_0073
gw_01,ecom_aux_4,HTTP,15.0,low,scen_000073,top_0073
gw_01,ecom_aux_5,HTTP,15.0,low,scen_000073,top_0073
gw_01,ecom_aux_6,HTTP,15.0,low,scen_000073,top_0073
gw_01,ecom_aux_7,HTTP,15.0,low,scen_000073,top_0073
gw_01,ecom_aux_8,HTTP,15.0,low,scen_000073,top_0073
gw_01,ecom_aux_9,HTTP,15.0,low,scen_000073,top_0073
gw_01,ecom_aux_10,HTTP,15.0,low,scen_000073,top_0073
gw_01,ecom_aux_11,HTTP,15.0,low,scen_000073,top_0073
gw_01,ecom_aux_12,HTTP,15.0,low,scen_000073,top_0073
gw_01,ecom_aux_13,HTTP,15.0,low,scen_000073,top_0073
gw_01,ecom_aux_14,HTTP,15.0,low,scen_000073,top_0073
gw_01,ecom_aux_15,HTTP,15.0,low,scen_000073,top_0073
gw_01,ecom_aux_16,HTTP,15.0,low,scen_000073,top_0073
gw_01,ecom_aux_17,HTTP,15.0,low,scen_000073,top_0073
gw_01,ecom_aux_18,HTTP,15.0,low,scen_000073,top_0073
gw_01,ecom_aux_19,HTTP,15.0,low,scen_000073,top_0073
gw_01,ecom_aux_20,HTTP,15.0,low,scen_000073,top_0073
gw_01,ecom_aux_21,HTTP,15.0,low,scen_000073,top_0073
gw_01,ecom_aux_22,HTTP,15.0,low,scen_000073,top_0073
gw_01,ecom_aux_23,HTTP,15.0,low,scen_000073,top_0073
gw_01,ecom_aux_24,HTTP,15.0,low,scen_000073,top_0073
order_01,pay_01,HTTP,25.0,critical,scen_000073,top_0073
order_01,inv_01,HTTP,20.0,high,scen_000073,top_0073
order_01,cache_01,CACHE,3.0,high,scen_000073,top_0073
order_01,mq_01,MESSAGE_QUEUE,5.0,medium,scen_000073,top_0073
pay_01,db_master,DATABASE,10.0,critical,scen_000073,top_0073
inv_01,db_master,DATABASE,12.0,high,scen_000073,top_0073
ecom_aux_1,cache_01,CACHE,4.0,low,scen_000073,top_0073
ecom_aux_2,cache_01,CACHE,4.0,low,scen_000073,top_0073
ecom_aux_3,cache_01,CACHE,4.0,low,scen_000073,top_0073
ecom_aux_4,cache_01,CACHE,4.0,low,scen_000073,top_0073
ecom_aux_5,cache_01,CACHE,4.0,low,scen_000073,top_0073
ecom_aux_6,cache_01,CACHE,4.0,low,scen_000073,top_0073
ecom_aux_7,cache_01,CACHE,4.0,low,scen_000073,top_0073
ecom_aux_8,cache_01,CACHE,4.0,low,scen_000073,top_0073
ecom_aux_9,cache_01,CACHE,4.0,low,scen_000073,top_0073
ecom_aux_10,cache_01,CACHE,4.0,low,scen_000073,top_0073
ecom_aux_11,cache_01,CACHE,4.0,low,scen_000073,top_0073
ecom_aux_12,cache_01,CACHE,4.0,low,scen_000073,top_0073
ecom_aux_13,cache_01,CACHE,4.0,low,scen_000073,top_0073
ecom_aux_14,cache_01,CACHE,4.0,low,scen_000073,top_0073
ecom_aux_15,cache_01,CACHE,4.0,low,scen_000073,top_0073
ecom_aux_16,cache_01,CACHE,4.0,low,scen_000073,top_0073
ecom_aux_17,cache_01,CACHE,4.0,low,scen_000073,top_0073
ecom_aux_18,cache_01,CACHE,4.0,low,scen_000073,top_0073
ecom_aux_19,cache_01,CACHE,4.0,low,scen_000073,top_0073
ecom_aux_20,cache_01,CACHE,4.0,low,scen_000073,top_0073
ecom_aux_21,cache_01,CACHE,4.0,low,scen_000073,top_0073
ecom_aux_22,cache_01,CACHE,4.0,low,scen_000073,top_0073
ecom_aux_23,cache_01,CACHE,4.0,low,scen_000073,top_0073
ecom_aux_24,cache_01,CACHE,4.0,low,scen_000073,top_0073
ingest_01,kafka_broker,MESSAGE_QUEUE,5.0,critical,scen_000074,top_0074
kafka_broker,notif_01,MESSAGE_QUEUE,10.0,high,scen_000074,top_0074
kafka_broker,user_01,MESSAGE_QUEUE,12.0,medium,scen_000074,top_0074
kafka_broker,consumer_1,MESSAGE_QUEUE,8.0,low,scen_000074,top_0074
kafka_broker,consumer_2,MESSAGE_QUEUE,8.0,low,scen_000074,top_0074
kafka_broker,consumer_3,MESSAGE_QUEUE,8.0,low,scen_000074,top_0074
kafka_broker,consumer_4,MESSAGE_QUEUE,8.0,low,scen_000074,top_0074
kafka_broker,consumer_5,MESSAGE_QUEUE,8.0,low,scen_000074,top_0074
kafka_broker,consumer_6,MESSAGE_QUEUE,8.0,low,scen_000074,top_0074
kafka_broker,consumer_7,MESSAGE_QUEUE,8.0,low,scen_000074,top_0074
kafka_broker,consumer_8,MESSAGE_QUEUE,8.0,low,scen_000074,top_0074
kafka_broker,consumer_9,MESSAGE_QUEUE,8.0,low,scen_000074,top_0074
kafka_broker,consumer_10,MESSAGE_QUEUE,8.0,low,scen_000074,top_0074
kafka_broker,consumer_11,MESSAGE_QUEUE,8.0,low,scen_000074,top_0074
kafka_broker,consumer_12,MESSAGE_QUEUE,8.0,low,scen_000074,top_0074
kafka_broker,consumer_13,MESSAGE_QUEUE,8.0,low,scen_000074,top_0074
kafka_broker,consumer_14,MESSAGE_QUEUE,8.0,low,scen_000074,top_0074
kafka_broker,consumer_15,MESSAGE_QUEUE,8.0,low,scen_000074,top_0074
kafka_broker,consumer_16,MESSAGE_QUEUE,8.0,low,scen_000074,top_0074
kafka_broker,consumer_17,MESSAGE_QUEUE,8.0,low,scen_000074,top_0074
kafka_broker,consumer_18,MESSAGE_QUEUE,8.0,low,scen_000074,top_0074
kafka_broker,consumer_19,MESSAGE_QUEUE,8.0,low,scen_000074,top_0074
kafka_broker,consumer_20,MESSAGE_QUEUE,8.0,low,scen_000074,top_0074
kafka_broker,consumer_21,MESSAGE_QUEUE,8.0,low,scen_000074,top_0074
kafka_broker,consumer_22,MESSAGE_QUEUE,8.0,low,scen_000074,top_0074
kafka_broker,consumer_23,MESSAGE_QUEUE,8.0,low,scen_000074,top_0074
kafka_broker,consumer_24,MESSAGE_QUEUE,8.0,low,scen_000074,top_0074
kafka_broker,consumer_25,MESSAGE_QUEUE,8.0,low,scen_000074,top_0074
kafka_broker,consumer_26,MESSAGE_QUEUE,8.0,low,scen_000074,top_0074
kafka_broker,consumer_27,MESSAGE_QUEUE,8.0,low,scen_000074,top_0074
notif_01,db_event,DATABASE,15.0,high,scen_000074,top_0074
consumer_1,db_event,DATABASE,10.0,low,scen_000074,top_0074
consumer_2,db_event,DATABASE,10.0,low,scen_000074,top_0074
consumer_3,db_event,DATABASE,10.0,low,scen_000074,top_0074
consumer_4,db_event,DATABASE,10.0,low,scen_000074,top_0074
consumer_5,db_event,DATABASE,10.0,low,scen_000074,top_0074
consumer_6,db_event,DATABASE,10.0,low,scen_000074,top_0074
consumer_7,db_event,DATABASE,10.0,low,scen_000074,top_0074
consumer_8,db_event,DATABASE,10.0,low,scen_000074,top_0074
consumer_9,db_event,DATABASE,10.0,low,scen_000074,top_0074
consumer_10,db_event,DATABASE,10.0,low,scen_000074,top_0074
consumer_11,db_event,DATABASE,10.0,low,scen_000074,top_0074
consumer_12,db_event,DATABASE,10.0,low,scen_000074,top_0074
consumer_13,db_event,DATABASE,10.0,low,scen_000074,top_0074
consumer_14,db_event,DATABASE,10.0,low,scen_000074,top_0074
consumer_15,db_event,DATABASE,10.0,low,scen_000074,top_0074
consumer_16,db_event,DATABASE,10.0,low,scen_000074,top_0074
consumer_17,db_event,DATABASE,10.0,low,scen_000074,top_0074
consumer_18,db_event,DATABASE,10.0,low,scen_000074,top_0074
consumer_19,db_event,DATABASE,10.0,low,scen_000074,top_0074
consumer_20,db_event,DATABASE,10.0,low,scen_000074,top_0074
consumer_21,db_event,DATABASE,10.0,low,scen_000074,top_0074
consumer_22,db_event,DATABASE,10.0,low,scen_000074,top_0074
consumer_23,db_event,DATABASE,10.0,low,scen_000074,top_0074
consumer_24,db_event,DATABASE,10.0,low,scen_000074,top_0074
consumer_25,db_event,DATABASE,10.0,low,scen_000074,top_0074
consumer_26,db_event,DATABASE,10.0,low,scen_000074,top_0074
consumer_27,db_event,DATABASE,10.0,low,scen_000074,top_0074
ingest_01,kafka_broker,MESSAGE_QUEUE,5.0,critical,scen_000075,top_0075
kafka_broker,notif_01,MESSAGE_QUEUE,10.0,high,scen_000075,top_0075
kafka_broker,user_01,MESSAGE_QUEUE,12.0,medium,scen_000075,top_0075
kafka_broker,consumer_1,MESSAGE_QUEUE,8.0,low,scen_000075,top_0075
kafka_broker,consumer_2,MESSAGE_QUEUE,8.0,low,scen_000075,top_0075
kafka_broker,consumer_3,MESSAGE_QUEUE,8.0,low,scen_000075,top_0075
kafka_broker,consumer_4,MESSAGE_QUEUE,8.0,low,scen_000075,top_0075
kafka_broker,consumer_5,MESSAGE_QUEUE,8.0,low,scen_000075,top_0075
kafka_broker,consumer_6,MESSAGE_QUEUE,8.0,low,scen_000075,top_0075
kafka_broker,consumer_7,MESSAGE_QUEUE,8.0,low,scen_000075,top_0075
kafka_broker,consumer_8,MESSAGE_QUEUE,8.0,low,scen_000075,top_0075
kafka_broker,consumer_9,MESSAGE_QUEUE,8.0,low,scen_000075,top_0075
kafka_broker,consumer_10,MESSAGE_QUEUE,8.0,low,scen_000075,top_0075
kafka_broker,consumer_11,MESSAGE_QUEUE,8.0,low,scen_000075,top_0075
kafka_broker,consumer_12,MESSAGE_QUEUE,8.0,low,scen_000075,top_0075
kafka_broker,consumer_13,MESSAGE_QUEUE,8.0,low,scen_000075,top_0075
kafka_broker,consumer_14,MESSAGE_QUEUE,8.0,low,scen_000075,top_0075
kafka_broker,consumer_15,MESSAGE_QUEUE,8.0,low,scen_000075,top_0075
kafka_broker,consumer_16,MESSAGE_QUEUE,8.0,low,scen_000075,top_0075
kafka_broker,consumer_17,MESSAGE_QUEUE,8.0,low,scen_000075,top_0075
kafka_broker,consumer_18,MESSAGE_QUEUE,8.0,low,scen_000075,top_0075
kafka_broker,consumer_19,MESSAGE_QUEUE,8.0,low,scen_000075,top_0075
kafka_broker,consumer_20,MESSAGE_QUEUE,8.0,low,scen_000075,top_0075
kafka_broker,consumer_21,MESSAGE_QUEUE,8.0,low,scen_000075,top_0075
kafka_broker,consumer_22,MESSAGE_QUEUE,8.0,low,scen_000075,top_0075
kafka_broker,consumer_23,MESSAGE_QUEUE,8.0,low,scen_000075,top_0075
kafka_broker,consumer_24,MESSAGE_QUEUE,8.0,low,scen_000075,top_0075
kafka_broker,consumer_25,MESSAGE_QUEUE,8.0,low,scen_000075,top_0075
kafka_broker,consumer_26,MESSAGE_QUEUE,8.0,low,scen_000075,top_0075
kafka_broker,consumer_27,MESSAGE_QUEUE,8.0,low,scen_000075,top_0075
kafka_broker,consumer_28,MESSAGE_QUEUE,8.0,low,scen_000075,top_0075
kafka_broker,consumer_29,MESSAGE_QUEUE,8.0,low,scen_000075,top_0075
notif_01,db_event,DATABASE,15.0,high,scen_000075,top_0075
consumer_1,db_event,DATABASE,10.0,low,scen_000075,top_0075
consumer_2,db_event,DATABASE,10.0,low,scen_000075,top_0075
consumer_3,db_event,DATABASE,10.0,low,scen_000075,top_0075
consumer_4,db_event,DATABASE,10.0,low,scen_000075,top_0075
consumer_5,db_event,DATABASE,10.0,low,scen_000075,top_0075
consumer_6,db_event,DATABASE,10.0,low,scen_000075,top_0075
consumer_7,db_event,DATABASE,10.0,low,scen_000075,top_0075
consumer_8,db_event,DATABASE,10.0,low,scen_000075,top_0075
consumer_9,db_event,DATABASE,10.0,low,scen_000075,top_0075
consumer_10,db_event,DATABASE,10.0,low,scen_000075,top_0075
consumer_11,db_event,DATABASE,10.0,low,scen_000075,top_0075
consumer_12,db_event,DATABASE,10.0,low,scen_000075,top_0075
consumer_13,db_event,DATABASE,10.0,low,scen_000075,top_0075
consumer_14,db_event,DATABASE,10.0,low,scen_000075,top_0075
consumer_15,db_event,DATABASE,10.0,low,scen_000075,top_0075
consumer_16,db_event,DATABASE,10.0,low,scen_000075,top_0075
consumer_17,db_event,DATABASE,10.0,low,scen_000075,top_0075
consumer_18,db_event,DATABASE,10.0,low,scen_000075,top_0075
consumer_19,db_event,DATABASE,10.0,low,scen_000075,top_0075
consumer_20,db_event,DATABASE,10.0,low,scen_000075,top_0075
consumer_21,db_event,DATABASE,10.0,low,scen_000075,top_0075
consumer_22,db_event,DATABASE,10.0,low,scen_000075,top_0075
consumer_23,db_event,DATABASE,10.0,low,scen_000075,top_0075
consumer_24,db_event,DATABASE,10.0,low,scen_000075,top_0075
consumer_25,db_event,DATABASE,10.0,low,scen_000075,top_0075
consumer_26,db_event,DATABASE,10.0,low,scen_000075,top_0075
consumer_27,db_event,DATABASE,10.0,low,scen_000075,top_0075
consumer_28,db_event,DATABASE,10.0,low,scen_000075,top_0075
consumer_29,db_event,DATABASE,10.0,low,scen_000075,top_0075
gw_01,auth_01,HTTP,12.0,high,scen_000076,top_0076
gw_01,web_01,HTTP,15.0,high,scen_000076,top_0076
lb_01,gw_01,HTTP,5.0,critical,scen_000076,top_0076
auth_01,db_01,DATABASE,8.0,critical,scen_000076,top_0076
web_01,db_01,DATABASE,10.0,critical,scen_000076,top_0076
web_01,sub_svc_2,HTTP,10.0,low,scen_000076,top_0076
web_01,sub_svc_3,HTTP,10.0,low,scen_000076,top_0076
web_01,sub_svc_4,HTTP,10.0,low,scen_000076,top_0076
web_01,sub_svc_5,HTTP,10.0,low,scen_000076,top_0076
web_01,sub_svc_6,HTTP,10.0,low,scen_000076,top_0076
web_01,sub_svc_7,HTTP,10.0,low,scen_000076,top_0076
web_01,sub_svc_8,HTTP,10.0,low,scen_000076,top_0076
web_01,sub_svc_9,HTTP,10.0,low,scen_000076,top_0076
web_01,sub_svc_10,HTTP,10.0,low,scen_000076,top_0076
web_01,sub_svc_11,HTTP,10.0,low,scen_000076,top_0076
web_01,sub_svc_12,HTTP,10.0,low,scen_000076,top_0076
web_01,sub_svc_13,HTTP,10.0,low,scen_000076,top_0076
web_01,sub_svc_14,HTTP,10.0,low,scen_000076,top_0076
web_01,sub_svc_15,HTTP,10.0,low,scen_000076,top_0076
web_01,sub_svc_16,HTTP,10.0,low,scen_000076,top_0076
web_01,sub_svc_17,HTTP,10.0,low,scen_000076,top_0076
web_01,sub_svc_18,HTTP,10.0,low,scen_000076,top_0076
web_01,sub_svc_19,HTTP,10.0,low,scen_000076,top_0076
web_01,sub_svc_20,HTTP,10.0,low,scen_000076,top_0076
sub_svc_2,db_01,DATABASE,12.0,medium,scen_000076,top_0076
sub_svc_3,db_01,DATABASE,12.0,medium,scen_000076,top_0076
sub_svc_4,db_01,DATABASE,12.0,medium,scen_000076,top_0076
sub_svc_5,db_01,DATABASE,12.0,medium,scen_000076,top_0076
sub_svc_6,db_01,DATABASE,12.0,medium,scen_000076,top_0076
sub_svc_7,db_01,DATABASE,12.0,medium,scen_000076,top_0076
sub_svc_8,db_01,DATABASE,12.0,medium,scen_000076,top_0076
sub_svc_9,db_01,DATABASE,12.0,medium,scen_000076,top_0076
sub_svc_10,db_01,DATABASE,12.0,medium,scen_000076,top_0076
sub_svc_11,db_01,DATABASE,12.0,medium,scen_000076,top_0076
sub_svc_12,db_01,DATABASE,12.0,medium,scen_000076,top_0076
sub_svc_13,db_01,DATABASE,12.0,medium,scen_000076,top_0076
sub_svc_14,db_01,DATABASE,12.0,medium,scen_000076,top_0076
sub_svc_15,db_01,DATABASE,12.0,medium,scen_000076,top_0076
sub_svc_16,db_01,DATABASE,12.0,medium,scen_000076,top_0076
sub_svc_17,db_01,DATABASE,12.0,medium,scen_000076,top_0076
sub_svc_18,db_01,DATABASE,12.0,medium,scen_000076,top_0076
sub_svc_19,db_01,DATABASE,12.0,medium,scen_000076,top_0076
sub_svc_20,db_01,DATABASE,12.0,medium,scen_000076,top_0076
gw_01,auth_01,HTTP,12.0,high,scen_000077,top_0077
gw_01,web_01,HTTP,15.0,high,scen_000077,top_0077
lb_01,gw_01,HTTP,5.0,critical,scen_000077,top_0077
auth_01,db_01,DATABASE,8.0,critical,scen_000077,top_0077
web_01,db_01,DATABASE,10.0,critical,scen_000077,top_0077
web_01,sub_svc_2,HTTP,10.0,low,scen_000077,top_0077
web_01,sub_svc_3,HTTP,10.0,low,scen_000077,top_0077
web_01,sub_svc_4,HTTP,10.0,low,scen_000077,top_0077
web_01,sub_svc_5,HTTP,10.0,low,scen_000077,top_0077
sub_svc_2,db_01,DATABASE,12.0,medium,scen_000077,top_0077
sub_svc_3,db_01,DATABASE,12.0,medium,scen_000077,top_0077
sub_svc_4,db_01,DATABASE,12.0,medium,scen_000077,top_0077
sub_svc_5,db_01,DATABASE,12.0,medium,scen_000077,top_0077
gw_01,rec_01,HTTP,15.0,high,scen_000078,top_0078
gw_01,search_node_1,HTTP,12.0,medium,scen_000078,top_0078
gw_01,search_node_2,HTTP,12.0,medium,scen_000078,top_0078
gw_01,search_node_3,HTTP,12.0,medium,scen_000078,top_0078
gw_01,search_node_4,HTTP,12.0,medium,scen_000078,top_0078
gw_01,search_node_5,HTTP,12.0,medium,scen_000078,top_0078
gw_01,search_node_6,HTTP,12.0,medium,scen_000078,top_0078
gw_01,search_node_7,HTTP,12.0,medium,scen_000078,top_0078
gw_01,search_node_8,HTTP,12.0,medium,scen_000078,top_0078
gw_01,search_node_9,HTTP,12.0,medium,scen_000078,top_0078
gw_01,search_node_10,HTTP,12.0,medium,scen_000078,top_0078
gw_01,search_node_11,HTTP,12.0,medium,scen_000078,top_0078
gw_01,search_node_12,HTTP,12.0,medium,scen_000078,top_0078
gw_01,search_node_13,HTTP,12.0,medium,scen_000078,top_0078
gw_01,search_node_14,HTTP,12.0,medium,scen_000078,top_0078
gw_01,search_node_15,HTTP,12.0,medium,scen_000078,top_0078
gw_01,search_node_16,HTTP,12.0,medium,scen_000078,top_0078
gw_01,search_node_17,HTTP,12.0,medium,scen_000078,top_0078
gw_01,search_node_18,HTTP,12.0,medium,scen_000078,top_0078
gw_01,search_node_19,HTTP,12.0,medium,scen_000078,top_0078
gw_01,search_node_20,HTTP,12.0,medium,scen_000078,top_0078
gw_01,search_node_21,HTTP,12.0,medium,scen_000078,top_0078
gw_01,search_node_22,HTTP,12.0,medium,scen_000078,top_0078
gw_01,search_node_23,HTTP,12.0,medium,scen_000078,top_0078
gw_01,search_node_24,HTTP,12.0,medium,scen_000078,top_0078
gw_01,search_node_25,HTTP,12.0,medium,scen_000078,top_0078
gw_01,search_node_26,HTTP,12.0,medium,scen_000078,top_0078
rec_01,redis_01,CACHE,2.0,critical,scen_000078,top_0078
rec_01,es_01,HTTP,18.0,high,scen_000078,top_0078
rec_01,mongo_01,DATABASE,14.0,high,scen_000078,top_0078
search_node_1,es_01,HTTP,20.0,high,scen_000078,top_0078
search_node_2,es_01,HTTP,20.0,high,scen_000078,top_0078
search_node_3,es_01,HTTP,20.0,high,scen_000078,top_0078
search_node_4,es_01,HTTP,20.0,high,scen_000078,top_0078
search_node_5,es_01,HTTP,20.0,high,scen_000078,top_0078
search_node_6,es_01,HTTP,20.0,high,scen_000078,top_0078
search_node_7,es_01,HTTP,20.0,high,scen_000078,top_0078
search_node_8,es_01,HTTP,20.0,high,scen_000078,top_0078
search_node_9,es_01,HTTP,20.0,high,scen_000078,top_0078
search_node_10,es_01,HTTP,20.0,high,scen_000078,top_0078
search_node_11,es_01,HTTP,20.0,high,scen_000078,top_0078
search_node_12,es_01,HTTP,20.0,high,scen_000078,top_0078
search_node_13,es_01,HTTP,20.0,high,scen_000078,top_0078
search_node_14,es_01,HTTP,20.0,high,scen_000078,top_0078
search_node_15,es_01,HTTP,20.0,high,scen_000078,top_0078
search_node_16,es_01,HTTP,20.0,high,scen_000078,top_0078
search_node_17,es_01,HTTP,20.0,high,scen_000078,top_0078
search_node_18,es_01,HTTP,20.0,high,scen_000078,top_0078
search_node_19,es_01,HTTP,20.0,high,scen_000078,top_0078
search_node_20,es_01,HTTP,20.0,high,scen_000078,top_0078
search_node_21,es_01,HTTP,20.0,high,scen_000078,top_0078
search_node_22,es_01,HTTP,20.0,high,scen_000078,top_0078
search_node_23,es_01,HTTP,20.0,high,scen_000078,top_0078
search_node_24,es_01,HTTP,20.0,high,scen_000078,top_0078
search_node_25,es_01,HTTP,20.0,high,scen_000078,top_0078
search_node_26,es_01,HTTP,20.0,high,scen_000078,top_0078
node_00,node_01,DNS,12.869599531608422,medium,scen_000079,top_0079
node_00,node_02,STORAGE,9.173306561280896,medium,scen_000079,top_0079
node_00,node_03,DATABASE,5.810683003883689,medium,scen_000079,top_0079
node_01,node_05,HTTP,2.7528546773079894,medium,scen_000079,top_0079
node_01,node_00,HTTP,10.0,low,scen_000079,top_0079
node_02,node_04,DATABASE,13.600162325862001,medium,scen_000079,top_0079
node_02,node_07,CACHE,2.384194751572434,medium,scen_000079,top_0079
node_02,node_03,MESSAGE_QUEUE,10.0,low,scen_000079,top_0079
node_03,node_02,HTTP,10.0,low,scen_000079,top_0079
node_03,node_05,MESSAGE_QUEUE,10.0,low,scen_000079,top_0079
node_05,node_06,STORAGE,11.344319195430998,medium,scen_000079,top_0079
node_05,node_02,DNS,10.0,low,scen_000079,top_0079
node_06,node_08,TCP,23.884811183103604,medium,scen_000079,top_0079
node_06,node_10,DNS,20.702267849309095,medium,scen_000079,top_0079
node_08,node_09,STORAGE,34.788751023430734,medium,scen_000079,top_0079
node_09,node_06,HTTP,10.0,low,scen_000079,top_0079
node_10,node_00,TCP,10.0,low,scen_000079,top_0079
node_10,node_02,DNS,10.0,low,scen_000079,top_0079
node_10,node_03,CACHE,10.0,low,scen_000079,top_0079
gw_01,auth_01,HTTP,10.0,high,scen_000080,top_0080
gw_01,order_01,HTTP,15.0,critical,scen_000080,top_0080
gw_01,ecom_aux_1,HTTP,15.0,low,scen_000080,top_0080
gw_01,ecom_aux_2,HTTP,15.0,low,scen_000080,top_0080
gw_01,ecom_aux_3,HTTP,15.0,low,scen_000080,top_0080
gw_01,ecom_aux_4,HTTP,15.0,low,scen_000080,top_0080
gw_01,ecom_aux_5,HTTP,15.0,low,scen_000080,top_0080
gw_01,ecom_aux_6,HTTP,15.0,low,scen_000080,top_0080
gw_01,ecom_aux_7,HTTP,15.0,low,scen_000080,top_0080
gw_01,ecom_aux_8,HTTP,15.0,low,scen_000080,top_0080
gw_01,ecom_aux_9,HTTP,15.0,low,scen_000080,top_0080
gw_01,ecom_aux_10,HTTP,15.0,low,scen_000080,top_0080
gw_01,ecom_aux_11,HTTP,15.0,low,scen_000080,top_0080
gw_01,ecom_aux_12,HTTP,15.0,low,scen_000080,top_0080
gw_01,ecom_aux_13,HTTP,15.0,low,scen_000080,top_0080
gw_01,ecom_aux_14,HTTP,15.0,low,scen_000080,top_0080
gw_01,ecom_aux_15,HTTP,15.0,low,scen_000080,top_0080
gw_01,ecom_aux_16,HTTP,15.0,low,scen_000080,top_0080
gw_01,ecom_aux_17,HTTP,15.0,low,scen_000080,top_0080
gw_01,ecom_aux_18,HTTP,15.0,low,scen_000080,top_0080
gw_01,ecom_aux_19,HTTP,15.0,low,scen_000080,top_0080
gw_01,ecom_aux_20,HTTP,15.0,low,scen_000080,top_0080
gw_01,ecom_aux_21,HTTP,15.0,low,scen_000080,top_0080
gw_01,ecom_aux_22,HTTP,15.0,low,scen_000080,top_0080
gw_01,ecom_aux_23,HTTP,15.0,low,scen_000080,top_0080
gw_01,ecom_aux_24,HTTP,15.0,low,scen_000080,top_0080
gw_01,ecom_aux_25,HTTP,15.0,low,scen_000080,top_0080
gw_01,ecom_aux_26,HTTP,15.0,low,scen_000080,top_0080
gw_01,ecom_aux_27,HTTP,15.0,low,scen_000080,top_0080
gw_01,ecom_aux_28,HTTP,15.0,low,scen_000080,top_0080
gw_01,ecom_aux_29,HTTP,15.0,low,scen_000080,top_0080
gw_01,ecom_aux_30,HTTP,15.0,low,scen_000080,top_0080
gw_01,ecom_aux_31,HTTP,15.0,low,scen_000080,top_0080
gw_01,ecom_aux_32,HTTP,15.0,low,scen_000080,top_0080
gw_01,ecom_aux_33,HTTP,15.0,low,scen_000080,top_0080
gw_01,ecom_aux_34,HTTP,15.0,low,scen_000080,top_0080
gw_01,ecom_aux_35,HTTP,15.0,low,scen_000080,top_0080
order_01,pay_01,HTTP,25.0,critical,scen_000080,top_0080
order_01,inv_01,HTTP,20.0,high,scen_000080,top_0080
order_01,cache_01,CACHE,3.0,high,scen_000080,top_0080
order_01,mq_01,MESSAGE_QUEUE,5.0,medium,scen_000080,top_0080
pay_01,db_master,DATABASE,10.0,critical,scen_000080,top_0080
inv_01,db_master,DATABASE,12.0,high,scen_000080,top_0080
ecom_aux_1,cache_01,CACHE,4.0,low,scen_000080,top_0080
ecom_aux_2,cache_01,CACHE,4.0,low,scen_000080,top_0080
ecom_aux_3,cache_01,CACHE,4.0,low,scen_000080,top_0080
ecom_aux_4,cache_01,CACHE,4.0,low,scen_000080,top_0080
ecom_aux_5,cache_01,CACHE,4.0,low,scen_000080,top_0080
ecom_aux_6,cache_01,CACHE,4.0,low,scen_000080,top_0080
ecom_aux_7,cache_01,CACHE,4.0,low,scen_000080,top_0080
ecom_aux_8,cache_01,CACHE,4.0,low,scen_000080,top_0080
ecom_aux_9,cache_01,CACHE,4.0,low,scen_000080,top_0080
ecom_aux_10,cache_01,CACHE,4.0,low,scen_000080,top_0080
ecom_aux_11,cache_01,CACHE,4.0,low,scen_000080,top_0080
ecom_aux_12,cache_01,CACHE,4.0,low,scen_000080,top_0080
ecom_aux_13,cache_01,CACHE,4.0,low,scen_000080,top_0080
ecom_aux_14,cache_01,CACHE,4.0,low,scen_000080,top_0080
ecom_aux_15,cache_01,CACHE,4.0,low,scen_000080,top_0080
ecom_aux_16,cache_01,CACHE,4.0,low,scen_000080,top_0080
ecom_aux_17,cache_01,CACHE,4.0,low,scen_000080,top_0080
ecom_aux_18,cache_01,CACHE,4.0,low,scen_000080,top_0080
ecom_aux_19,cache_01,CACHE,4.0,low,scen_000080,top_0080
ecom_aux_20,cache_01,CACHE,4.0,low,scen_000080,top_0080
ecom_aux_21,cache_01,CACHE,4.0,low,scen_000080,top_0080
ecom_aux_22,cache_01,CACHE,4.0,low,scen_000080,top_0080
ecom_aux_23,cache_01,CACHE,4.0,low,scen_000080,top_0080
ecom_aux_24,cache_01,CACHE,4.0,low,scen_000080,top_0080
ecom_aux_25,cache_01,CACHE,4.0,low,scen_000080,top_0080
ecom_aux_26,cache_01,CACHE,4.0,low,scen_000080,top_0080
ecom_aux_27,cache_01,CACHE,4.0,low,scen_000080,top_0080
ecom_aux_28,cache_01,CACHE,4.0,low,scen_000080,top_0080
ecom_aux_29,cache_01,CACHE,4.0,low,scen_000080,top_0080
ecom_aux_30,cache_01,CACHE,4.0,low,scen_000080,top_0080
ecom_aux_31,cache_01,CACHE,4.0,low,scen_000080,top_0080
ecom_aux_32,cache_01,CACHE,4.0,low,scen_000080,top_0080
ecom_aux_33,cache_01,CACHE,4.0,low,scen_000080,top_0080
ecom_aux_34,cache_01,CACHE,4.0,low,scen_000080,top_0080
ecom_aux_35,cache_01,CACHE,4.0,low,scen_000080,top_0080
gw_01,auth_01,HTTP,12.0,high,scen_000081,top_0081
gw_01,web_01,HTTP,15.0,high,scen_000081,top_0081
lb_01,gw_01,HTTP,5.0,critical,scen_000081,top_0081
auth_01,db_01,DATABASE,8.0,critical,scen_000081,top_0081
web_01,db_01,DATABASE,10.0,critical,scen_000081,top_0081
web_01,sub_svc_2,HTTP,10.0,low,scen_000081,top_0081
web_01,sub_svc_3,HTTP,10.0,low,scen_000081,top_0081
web_01,sub_svc_4,HTTP,10.0,low,scen_000081,top_0081
web_01,sub_svc_5,HTTP,10.0,low,scen_000081,top_0081
web_01,sub_svc_6,HTTP,10.0,low,scen_000081,top_0081
web_01,sub_svc_7,HTTP,10.0,low,scen_000081,top_0081
web_01,sub_svc_8,HTTP,10.0,low,scen_000081,top_0081
web_01,sub_svc_9,HTTP,10.0,low,scen_000081,top_0081
web_01,sub_svc_10,HTTP,10.0,low,scen_000081,top_0081
web_01,sub_svc_11,HTTP,10.0,low,scen_000081,top_0081
web_01,sub_svc_12,HTTP,10.0,low,scen_000081,top_0081
web_01,sub_svc_13,HTTP,10.0,low,scen_000081,top_0081
web_01,sub_svc_14,HTTP,10.0,low,scen_000081,top_0081
web_01,sub_svc_15,HTTP,10.0,low,scen_000081,top_0081
web_01,sub_svc_16,HTTP,10.0,low,scen_000081,top_0081
web_01,sub_svc_17,HTTP,10.0,low,scen_000081,top_0081
web_01,sub_svc_18,HTTP,10.0,low,scen_000081,top_0081
web_01,sub_svc_19,HTTP,10.0,low,scen_000081,top_0081
web_01,sub_svc_20,HTTP,10.0,low,scen_000081,top_0081
web_01,sub_svc_21,HTTP,10.0,low,scen_000081,top_0081
web_01,sub_svc_22,HTTP,10.0,low,scen_000081,top_0081
web_01,sub_svc_23,HTTP,10.0,low,scen_000081,top_0081
web_01,sub_svc_24,HTTP,10.0,low,scen_000081,top_0081
web_01,sub_svc_25,HTTP,10.0,low,scen_000081,top_0081
web_01,sub_svc_26,HTTP,10.0,low,scen_000081,top_0081
web_01,sub_svc_27,HTTP,10.0,low,scen_000081,top_0081
web_01,sub_svc_28,HTTP,10.0,low,scen_000081,top_0081
web_01,sub_svc_29,HTTP,10.0,low,scen_000081,top_0081
web_01,sub_svc_30,HTTP,10.0,low,scen_000081,top_0081
web_01,sub_svc_31,HTTP,10.0,low,scen_000081,top_0081
web_01,sub_svc_32,HTTP,10.0,low,scen_000081,top_0081
web_01,sub_svc_33,HTTP,10.0,low,scen_000081,top_0081
web_01,sub_svc_34,HTTP,10.0,low,scen_000081,top_0081
web_01,sub_svc_35,HTTP,10.0,low,scen_000081,top_0081
web_01,sub_svc_36,HTTP,10.0,low,scen_000081,top_0081
web_01,sub_svc_37,HTTP,10.0,low,scen_000081,top_0081
web_01,sub_svc_38,HTTP,10.0,low,scen_000081,top_0081
web_01,sub_svc_39,HTTP,10.0,low,scen_000081,top_0081
web_01,sub_svc_40,HTTP,10.0,low,scen_000081,top_0081
sub_svc_2,db_01,DATABASE,12.0,medium,scen_000081,top_0081
sub_svc_3,db_01,DATABASE,12.0,medium,scen_000081,top_0081
sub_svc_4,db_01,DATABASE,12.0,medium,scen_000081,top_0081
sub_svc_5,db_01,DATABASE,12.0,medium,scen_000081,top_0081
sub_svc_6,db_01,DATABASE,12.0,medium,scen_000081,top_0081
sub_svc_7,db_01,DATABASE,12.0,medium,scen_000081,top_0081
sub_svc_8,db_01,DATABASE,12.0,medium,scen_000081,top_0081
sub_svc_9,db_01,DATABASE,12.0,medium,scen_000081,top_0081
sub_svc_10,db_01,DATABASE,12.0,medium,scen_000081,top_0081
sub_svc_11,db_01,DATABASE,12.0,medium,scen_000081,top_0081
sub_svc_12,db_01,DATABASE,12.0,medium,scen_000081,top_0081
sub_svc_13,db_01,DATABASE,12.0,medium,scen_000081,top_0081
sub_svc_14,db_01,DATABASE,12.0,medium,scen_000081,top_0081
sub_svc_15,db_01,DATABASE,12.0,medium,scen_000081,top_0081
sub_svc_16,db_01,DATABASE,12.0,medium,scen_000081,top_0081
sub_svc_17,db_01,DATABASE,12.0,medium,scen_000081,top_0081
sub_svc_18,db_01,DATABASE,12.0,medium,scen_000081,top_0081
sub_svc_19,db_01,DATABASE,12.0,medium,scen_000081,top_0081
sub_svc_20,db_01,DATABASE,12.0,medium,scen_000081,top_0081
sub_svc_21,db_01,DATABASE,12.0,medium,scen_000081,top_0081
sub_svc_22,db_01,DATABASE,12.0,medium,scen_000081,top_0081
sub_svc_23,db_01,DATABASE,12.0,medium,scen_000081,top_0081
sub_svc_24,db_01,DATABASE,12.0,medium,scen_000081,top_0081
sub_svc_25,db_01,DATABASE,12.0,medium,scen_000081,top_0081
sub_svc_26,db_01,DATABASE,12.0,medium,scen_000081,top_0081
sub_svc_27,db_01,DATABASE,12.0,medium,scen_000081,top_0081
sub_svc_28,db_01,DATABASE,12.0,medium,scen_000081,top_0081
sub_svc_29,db_01,DATABASE,12.0,medium,scen_000081,top_0081
sub_svc_30,db_01,DATABASE,12.0,medium,scen_000081,top_0081
sub_svc_31,db_01,DATABASE,12.0,medium,scen_000081,top_0081
sub_svc_32,db_01,DATABASE,12.0,medium,scen_000081,top_0081
sub_svc_33,db_01,DATABASE,12.0,medium,scen_000081,top_0081
sub_svc_34,db_01,DATABASE,12.0,medium,scen_000081,top_0081
sub_svc_35,db_01,DATABASE,12.0,medium,scen_000081,top_0081
sub_svc_36,db_01,DATABASE,12.0,medium,scen_000081,top_0081
sub_svc_37,db_01,DATABASE,12.0,medium,scen_000081,top_0081
sub_svc_38,db_01,DATABASE,12.0,medium,scen_000081,top_0081
sub_svc_39,db_01,DATABASE,12.0,medium,scen_000081,top_0081
sub_svc_40,db_01,DATABASE,12.0,medium,scen_000081,top_0081
node_00,node_01,CACHE,28.520819143249046,medium,scen_000082,top_0082
node_00,node_02,TCP,3.5219430455586442,medium,scen_000082,top_0082
node_00,node_10,MESSAGE_QUEUE,21.4800031874476,medium,scen_000082,top_0082
node_00,node_25,MESSAGE_QUEUE,10.0,low,scen_000082,top_0082
node_00,node_26,HTTP,10.0,low,scen_000082,top_0082
node_01,node_03,CACHE,21.357152492510444,medium,scen_000082,top_0082
node_01,node_04,DATABASE,23.062674114237556,medium,scen_000082,top_0082
node_01,node_07,CACHE,2.344214780065278,medium,scen_000082,top_0082
node_01,node_18,DATABASE,2.6247094982190498,medium,scen_000082,top_0082
node_01,node_20,STORAGE,11.448506392693709,medium,scen_000082,top_0082
node_01,node_21,TCP,2.5105777045190023,medium,scen_000082,top_0082
node_01,node_22,TCP,7.953632504782119,medium,scen_000082,top_0082
node_01,node_24,DATABASE,28.07340958106218,medium,scen_000082,top_0082
node_03,node_05,MESSAGE_QUEUE,23.129850846649173,medium,scen_000082,top_0082
node_03,node_06,HTTP,24.01645185216087,medium,scen_000082,top_0082
node_03,node_09,DATABASE,17.999940480321502,medium,scen_000082,top_0082
node_03,node_02,DNS,10.0,low,scen_000082,top_0082
node_05,node_11,DATABASE,33.33302969639182,medium,scen_000082,top_0082
node_05,node_27,CACHE,10.0,low,scen_000082,top_0082
node_05,node_04,DNS,10.0,low,scen_000082,top_0082
node_05,node_07,CACHE,10.0,low,scen_000082,top_0082
node_05,node_02,MESSAGE_QUEUE,10.0,low,scen_000082,top_0082
node_06,node_11,HTTP,10.0,low,scen_000082,top_0082
node_07,node_08,CACHE,27.515966554729232,medium,scen_000082,top_0082
node_07,node_12,MESSAGE_QUEUE,7.6934559306257935,medium,scen_000082,top_0082
node_08,node_13,STORAGE,18.990984764836877,medium,scen_000082,top_0082
node_08,node_10,DNS,10.0,low,scen_000082,top_0082
node_08,node_20,CACHE,10.0,low,scen_000082,top_0082
node_09,node_15,TCP,28.15947933434549,medium,scen_000082,top_0082
node_09,node_16,DATABASE,10.0,low,scen_000082,top_0082
node_09,node_11,DNS,10.0,low,scen_000082,top_0082
node_10,node_16,TCP,5.52375453862617,medium,scen_000082,top_0082
node_11,node_20,TCP,10.0,low,scen_000082,top_0082
node_12,node_14,MESSAGE_QUEUE,14.140026263586346,medium,scen_000082,top_0082
node_12,node_05,TCP,10.0,low,scen_000082,top_0082
node_12,node_20,TCP,10.0,low,scen_000082,top_0082
node_13,node_23,HTTP,10.0,low,scen_000082,top_0082
node_14,node_17,HTTP,12.431482334647486,medium,scen_000082,top_0082
node_14,node_19,MESSAGE_QUEUE,16.057511340138724,medium,scen_000082,top_0082
node_14,node_09,TCP,10.0,low,scen_000082,top_0082
node_16,node_08,CACHE,10.0,low,scen_000082,top_0082
node_16,node_01,DATABASE,10.0,low,scen_000082,top_0082
node_16,node_00,TCP,10.0,low,scen_000082,top_0082
node_18,node_24,MESSAGE_QUEUE,10.0,low,scen_000082,top_0082
node_18,node_11,TCP,10.0,low,scen_000082,top_0082
node_19,node_27,TCP,33.97091887706517,medium,scen_000082,top_0082
node_19,node_01,DATABASE,10.0,low,scen_000082,top_0082
node_19,node_20,DATABASE,10.0,low,scen_000082,top_0082
node_22,node_23,TCP,5.378332019959361,medium,scen_000082,top_0082
node_22,node_25,TCP,10.332465307171468,medium,scen_000082,top_0082
node_23,node_26,STORAGE,22.478324127404317,medium,scen_000082,top_0082
node_23,node_07,TCP,10.0,low,scen_000082,top_0082
node_24,node_28,MESSAGE_QUEUE,4.998987453514902,medium,scen_000082,top_0082
node_24,node_11,DATABASE,10.0,low,scen_000082,top_0082
ingest_01,kafka_broker,MESSAGE_QUEUE,5.0,critical,scen_000083,top_0083
kafka_broker,notif_01,MESSAGE_QUEUE,10.0,high,scen_000083,top_0083
kafka_broker,user_01,MESSAGE_QUEUE,12.0,medium,scen_000083,top_0083
kafka_broker,consumer_1,MESSAGE_QUEUE,8.0,low,scen_000083,top_0083
kafka_broker,consumer_2,MESSAGE_QUEUE,8.0,low,scen_000083,top_0083
kafka_broker,consumer_3,MESSAGE_QUEUE,8.0,low,scen_000083,top_0083
kafka_broker,consumer_4,MESSAGE_QUEUE,8.0,low,scen_000083,top_0083
kafka_broker,consumer_5,MESSAGE_QUEUE,8.0,low,scen_000083,top_0083
kafka_broker,consumer_6,MESSAGE_QUEUE,8.0,low,scen_000083,top_0083
kafka_broker,consumer_7,MESSAGE_QUEUE,8.0,low,scen_000083,top_0083
kafka_broker,consumer_8,MESSAGE_QUEUE,8.0,low,scen_000083,top_0083
kafka_broker,consumer_9,MESSAGE_QUEUE,8.0,low,scen_000083,top_0083
kafka_broker,consumer_10,MESSAGE_QUEUE,8.0,low,scen_000083,top_0083
kafka_broker,consumer_11,MESSAGE_QUEUE,8.0,low,scen_000083,top_0083
kafka_broker,consumer_12,MESSAGE_QUEUE,8.0,low,scen_000083,top_0083
kafka_broker,consumer_13,MESSAGE_QUEUE,8.0,low,scen_000083,top_0083
kafka_broker,consumer_14,MESSAGE_QUEUE,8.0,low,scen_000083,top_0083
kafka_broker,consumer_15,MESSAGE_QUEUE,8.0,low,scen_000083,top_0083
kafka_broker,consumer_16,MESSAGE_QUEUE,8.0,low,scen_000083,top_0083
kafka_broker,consumer_17,MESSAGE_QUEUE,8.0,low,scen_000083,top_0083
kafka_broker,consumer_18,MESSAGE_QUEUE,8.0,low,scen_000083,top_0083
kafka_broker,consumer_19,MESSAGE_QUEUE,8.0,low,scen_000083,top_0083
kafka_broker,consumer_20,MESSAGE_QUEUE,8.0,low,scen_000083,top_0083
kafka_broker,consumer_21,MESSAGE_QUEUE,8.0,low,scen_000083,top_0083
kafka_broker,consumer_22,MESSAGE_QUEUE,8.0,low,scen_000083,top_0083
kafka_broker,consumer_23,MESSAGE_QUEUE,8.0,low,scen_000083,top_0083
kafka_broker,consumer_24,MESSAGE_QUEUE,8.0,low,scen_000083,top_0083
kafka_broker,consumer_25,MESSAGE_QUEUE,8.0,low,scen_000083,top_0083
kafka_broker,consumer_26,MESSAGE_QUEUE,8.0,low,scen_000083,top_0083
kafka_broker,consumer_27,MESSAGE_QUEUE,8.0,low,scen_000083,top_0083
kafka_broker,consumer_28,MESSAGE_QUEUE,8.0,low,scen_000083,top_0083
notif_01,db_event,DATABASE,15.0,high,scen_000083,top_0083
consumer_1,db_event,DATABASE,10.0,low,scen_000083,top_0083
consumer_2,db_event,DATABASE,10.0,low,scen_000083,top_0083
consumer_3,db_event,DATABASE,10.0,low,scen_000083,top_0083
consumer_4,db_event,DATABASE,10.0,low,scen_000083,top_0083
consumer_5,db_event,DATABASE,10.0,low,scen_000083,top_0083
consumer_6,db_event,DATABASE,10.0,low,scen_000083,top_0083
consumer_7,db_event,DATABASE,10.0,low,scen_000083,top_0083
consumer_8,db_event,DATABASE,10.0,low,scen_000083,top_0083
consumer_9,db_event,DATABASE,10.0,low,scen_000083,top_0083
consumer_10,db_event,DATABASE,10.0,low,scen_000083,top_0083
consumer_11,db_event,DATABASE,10.0,low,scen_000083,top_0083
consumer_12,db_event,DATABASE,10.0,low,scen_000083,top_0083
consumer_13,db_event,DATABASE,10.0,low,scen_000083,top_0083
consumer_14,db_event,DATABASE,10.0,low,scen_000083,top_0083
consumer_15,db_event,DATABASE,10.0,low,scen_000083,top_0083
consumer_16,db_event,DATABASE,10.0,low,scen_000083,top_0083
consumer_17,db_event,DATABASE,10.0,low,scen_000083,top_0083
consumer_18,db_event,DATABASE,10.0,low,scen_000083,top_0083
consumer_19,db_event,DATABASE,10.0,low,scen_000083,top_0083
consumer_20,db_event,DATABASE,10.0,low,scen_000083,top_0083
consumer_21,db_event,DATABASE,10.0,low,scen_000083,top_0083
consumer_22,db_event,DATABASE,10.0,low,scen_000083,top_0083
consumer_23,db_event,DATABASE,10.0,low,scen_000083,top_0083
consumer_24,db_event,DATABASE,10.0,low,scen_000083,top_0083
consumer_25,db_event,DATABASE,10.0,low,scen_000083,top_0083
consumer_26,db_event,DATABASE,10.0,low,scen_000083,top_0083
consumer_27,db_event,DATABASE,10.0,low,scen_000083,top_0083
consumer_28,db_event,DATABASE,10.0,low,scen_000083,top_0083
ingest_01,kafka_broker,MESSAGE_QUEUE,5.0,critical,scen_000084,top_0084
kafka_broker,notif_01,MESSAGE_QUEUE,10.0,high,scen_000084,top_0084
kafka_broker,user_01,MESSAGE_QUEUE,12.0,medium,scen_000084,top_0084
kafka_broker,consumer_1,MESSAGE_QUEUE,8.0,low,scen_000084,top_0084
kafka_broker,consumer_2,MESSAGE_QUEUE,8.0,low,scen_000084,top_0084
kafka_broker,consumer_3,MESSAGE_QUEUE,8.0,low,scen_000084,top_0084
kafka_broker,consumer_4,MESSAGE_QUEUE,8.0,low,scen_000084,top_0084
kafka_broker,consumer_5,MESSAGE_QUEUE,8.0,low,scen_000084,top_0084
kafka_broker,consumer_6,MESSAGE_QUEUE,8.0,low,scen_000084,top_0084
kafka_broker,consumer_7,MESSAGE_QUEUE,8.0,low,scen_000084,top_0084
kafka_broker,consumer_8,MESSAGE_QUEUE,8.0,low,scen_000084,top_0084
kafka_broker,consumer_9,MESSAGE_QUEUE,8.0,low,scen_000084,top_0084
kafka_broker,consumer_10,MESSAGE_QUEUE,8.0,low,scen_000084,top_0084
kafka_broker,consumer_11,MESSAGE_QUEUE,8.0,low,scen_000084,top_0084
kafka_broker,consumer_12,MESSAGE_QUEUE,8.0,low,scen_000084,top_0084
kafka_broker,consumer_13,MESSAGE_QUEUE,8.0,low,scen_000084,top_0084
kafka_broker,consumer_14,MESSAGE_QUEUE,8.0,low,scen_000084,top_0084
kafka_broker,consumer_15,MESSAGE_QUEUE,8.0,low,scen_000084,top_0084
kafka_broker,consumer_16,MESSAGE_QUEUE,8.0,low,scen_000084,top_0084
kafka_broker,consumer_17,MESSAGE_QUEUE,8.0,low,scen_000084,top_0084
kafka_broker,consumer_18,MESSAGE_QUEUE,8.0,low,scen_000084,top_0084
kafka_broker,consumer_19,MESSAGE_QUEUE,8.0,low,scen_000084,top_0084
notif_01,db_event,DATABASE,15.0,high,scen_000084,top_0084
consumer_1,db_event,DATABASE,10.0,low,scen_000084,top_0084
consumer_2,db_event,DATABASE,10.0,low,scen_000084,top_0084
consumer_3,db_event,DATABASE,10.0,low,scen_000084,top_0084
consumer_4,db_event,DATABASE,10.0,low,scen_000084,top_0084
consumer_5,db_event,DATABASE,10.0,low,scen_000084,top_0084
consumer_6,db_event,DATABASE,10.0,low,scen_000084,top_0084
consumer_7,db_event,DATABASE,10.0,low,scen_000084,top_0084
consumer_8,db_event,DATABASE,10.0,low,scen_000084,top_0084
consumer_9,db_event,DATABASE,10.0,low,scen_000084,top_0084
consumer_10,db_event,DATABASE,10.0,low,scen_000084,top_0084
consumer_11,db_event,DATABASE,10.0,low,scen_000084,top_0084
consumer_12,db_event,DATABASE,10.0,low,scen_000084,top_0084
consumer_13,db_event,DATABASE,10.0,low,scen_000084,top_0084
consumer_14,db_event,DATABASE,10.0,low,scen_000084,top_0084
consumer_15,db_event,DATABASE,10.0,low,scen_000084,top_0084
consumer_16,db_event,DATABASE,10.0,low,scen_000084,top_0084
consumer_17,db_event,DATABASE,10.0,low,scen_000084,top_0084
consumer_18,db_event,DATABASE,10.0,low,scen_000084,top_0084
consumer_19,db_event,DATABASE,10.0,low,scen_000084,top_0084
gw_01,auth_01,HTTP,12.0,high,scen_000085,top_0085
gw_01,web_01,HTTP,15.0,high,scen_000085,top_0085
lb_01,gw_01,HTTP,5.0,critical,scen_000085,top_0085
auth_01,db_01,DATABASE,8.0,critical,scen_000085,top_0085
web_01,db_01,DATABASE,10.0,critical,scen_000085,top_0085
web_01,sub_svc_2,HTTP,10.0,low,scen_000085,top_0085
web_01,sub_svc_3,HTTP,10.0,low,scen_000085,top_0085
web_01,sub_svc_4,HTTP,10.0,low,scen_000085,top_0085
web_01,sub_svc_5,HTTP,10.0,low,scen_000085,top_0085
web_01,sub_svc_6,HTTP,10.0,low,scen_000085,top_0085
sub_svc_2,db_01,DATABASE,12.0,medium,scen_000085,top_0085
sub_svc_3,db_01,DATABASE,12.0,medium,scen_000085,top_0085
sub_svc_4,db_01,DATABASE,12.0,medium,scen_000085,top_0085
sub_svc_5,db_01,DATABASE,12.0,medium,scen_000085,top_0085
sub_svc_6,db_01,DATABASE,12.0,medium,scen_000085,top_0085
gw_01,auth_01,HTTP,10.0,high,scen_000086,top_0086
gw_01,order_01,HTTP,15.0,critical,scen_000086,top_0086
gw_01,ecom_aux_1,HTTP,15.0,low,scen_000086,top_0086
gw_01,ecom_aux_2,HTTP,15.0,low,scen_000086,top_0086
gw_01,ecom_aux_3,HTTP,15.0,low,scen_000086,top_0086
gw_01,ecom_aux_4,HTTP,15.0,low,scen_000086,top_0086
gw_01,ecom_aux_5,HTTP,15.0,low,scen_000086,top_0086
gw_01,ecom_aux_6,HTTP,15.0,low,scen_000086,top_0086
gw_01,ecom_aux_7,HTTP,15.0,low,scen_000086,top_0086
gw_01,ecom_aux_8,HTTP,15.0,low,scen_000086,top_0086
gw_01,ecom_aux_9,HTTP,15.0,low,scen_000086,top_0086
gw_01,ecom_aux_10,HTTP,15.0,low,scen_000086,top_0086
gw_01,ecom_aux_11,HTTP,15.0,low,scen_000086,top_0086
gw_01,ecom_aux_12,HTTP,15.0,low,scen_000086,top_0086
gw_01,ecom_aux_13,HTTP,15.0,low,scen_000086,top_0086
gw_01,ecom_aux_14,HTTP,15.0,low,scen_000086,top_0086
gw_01,ecom_aux_15,HTTP,15.0,low,scen_000086,top_0086
order_01,pay_01,HTTP,25.0,critical,scen_000086,top_0086
order_01,inv_01,HTTP,20.0,high,scen_000086,top_0086
order_01,cache_01,CACHE,3.0,high,scen_000086,top_0086
order_01,mq_01,MESSAGE_QUEUE,5.0,medium,scen_000086,top_0086
pay_01,db_master,DATABASE,10.0,critical,scen_000086,top_0086
inv_01,db_master,DATABASE,12.0,high,scen_000086,top_0086
ecom_aux_1,cache_01,CACHE,4.0,low,scen_000086,top_0086
ecom_aux_2,cache_01,CACHE,4.0,low,scen_000086,top_0086
ecom_aux_3,cache_01,CACHE,4.0,low,scen_000086,top_0086
ecom_aux_4,cache_01,CACHE,4.0,low,scen_000086,top_0086
ecom_aux_5,cache_01,CACHE,4.0,low,scen_000086,top_0086
ecom_aux_6,cache_01,CACHE,4.0,low,scen_000086,top_0086
ecom_aux_7,cache_01,CACHE,4.0,low,scen_000086,top_0086
ecom_aux_8,cache_01,CACHE,4.0,low,scen_000086,top_0086
ecom_aux_9,cache_01,CACHE,4.0,low,scen_000086,top_0086
ecom_aux_10,cache_01,CACHE,4.0,low,scen_000086,top_0086
ecom_aux_11,cache_01,CACHE,4.0,low,scen_000086,top_0086
ecom_aux_12,cache_01,CACHE,4.0,low,scen_000086,top_0086
ecom_aux_13,cache_01,CACHE,4.0,low,scen_000086,top_0086
ecom_aux_14,cache_01,CACHE,4.0,low,scen_000086,top_0086
ecom_aux_15,cache_01,CACHE,4.0,low,scen_000086,top_0086
gw_01,auth_01,HTTP,10.0,high,scen_000087,top_0087
gw_01,order_01,HTTP,15.0,critical,scen_000087,top_0087
gw_01,ecom_aux_1,HTTP,15.0,low,scen_000087,top_0087
gw_01,ecom_aux_2,HTTP,15.0,low,scen_000087,top_0087
gw_01,ecom_aux_3,HTTP,15.0,low,scen_000087,top_0087
gw_01,ecom_aux_4,HTTP,15.0,low,scen_000087,top_0087
gw_01,ecom_aux_5,HTTP,15.0,low,scen_000087,top_0087
gw_01,ecom_aux_6,HTTP,15.0,low,scen_000087,top_0087
gw_01,ecom_aux_7,HTTP,15.0,low,scen_000087,top_0087
gw_01,ecom_aux_8,HTTP,15.0,low,scen_000087,top_0087
gw_01,ecom_aux_9,HTTP,15.0,low,scen_000087,top_0087
gw_01,ecom_aux_10,HTTP,15.0,low,scen_000087,top_0087
gw_01,ecom_aux_11,HTTP,15.0,low,scen_000087,top_0087
order_01,pay_01,HTTP,25.0,critical,scen_000087,top_0087
order_01,inv_01,HTTP,20.0,high,scen_000087,top_0087
order_01,cache_01,CACHE,3.0,high,scen_000087,top_0087
order_01,mq_01,MESSAGE_QUEUE,5.0,medium,scen_000087,top_0087
pay_01,db_master,DATABASE,10.0,critical,scen_000087,top_0087
inv_01,db_master,DATABASE,12.0,high,scen_000087,top_0087
ecom_aux_1,cache_01,CACHE,4.0,low,scen_000087,top_0087
ecom_aux_2,cache_01,CACHE,4.0,low,scen_000087,top_0087
ecom_aux_3,cache_01,CACHE,4.0,low,scen_000087,top_0087
ecom_aux_4,cache_01,CACHE,4.0,low,scen_000087,top_0087
ecom_aux_5,cache_01,CACHE,4.0,low,scen_000087,top_0087
ecom_aux_6,cache_01,CACHE,4.0,low,scen_000087,top_0087
ecom_aux_7,cache_01,CACHE,4.0,low,scen_000087,top_0087
ecom_aux_8,cache_01,CACHE,4.0,low,scen_000087,top_0087
ecom_aux_9,cache_01,CACHE,4.0,low,scen_000087,top_0087
ecom_aux_10,cache_01,CACHE,4.0,low,scen_000087,top_0087
ecom_aux_11,cache_01,CACHE,4.0,low,scen_000087,top_0087
gw_01,auth_01,HTTP,12.0,high,scen_000088,top_0088
gw_01,web_01,HTTP,15.0,high,scen_000088,top_0088
lb_01,gw_01,HTTP,5.0,critical,scen_000088,top_0088
auth_01,db_01,DATABASE,8.0,critical,scen_000088,top_0088
web_01,db_01,DATABASE,10.0,critical,scen_000088,top_0088
web_01,sub_svc_2,HTTP,10.0,low,scen_000088,top_0088
web_01,sub_svc_3,HTTP,10.0,low,scen_000088,top_0088
web_01,sub_svc_4,HTTP,10.0,low,scen_000088,top_0088
web_01,sub_svc_5,HTTP,10.0,low,scen_000088,top_0088
web_01,sub_svc_6,HTTP,10.0,low,scen_000088,top_0088
web_01,sub_svc_7,HTTP,10.0,low,scen_000088,top_0088
web_01,sub_svc_8,HTTP,10.0,low,scen_000088,top_0088
web_01,sub_svc_9,HTTP,10.0,low,scen_000088,top_0088
web_01,sub_svc_10,HTTP,10.0,low,scen_000088,top_0088
web_01,sub_svc_11,HTTP,10.0,low,scen_000088,top_0088
web_01,sub_svc_12,HTTP,10.0,low,scen_000088,top_0088
web_01,sub_svc_13,HTTP,10.0,low,scen_000088,top_0088
web_01,sub_svc_14,HTTP,10.0,low,scen_000088,top_0088
web_01,sub_svc_15,HTTP,10.0,low,scen_000088,top_0088
web_01,sub_svc_16,HTTP,10.0,low,scen_000088,top_0088
sub_svc_2,db_01,DATABASE,12.0,medium,scen_000088,top_0088
sub_svc_3,db_01,DATABASE,12.0,medium,scen_000088,top_0088
sub_svc_4,db_01,DATABASE,12.0,medium,scen_000088,top_0088
sub_svc_5,db_01,DATABASE,12.0,medium,scen_000088,top_0088
sub_svc_6,db_01,DATABASE,12.0,medium,scen_000088,top_0088
sub_svc_7,db_01,DATABASE,12.0,medium,scen_000088,top_0088
sub_svc_8,db_01,DATABASE,12.0,medium,scen_000088,top_0088
sub_svc_9,db_01,DATABASE,12.0,medium,scen_000088,top_0088
sub_svc_10,db_01,DATABASE,12.0,medium,scen_000088,top_0088
sub_svc_11,db_01,DATABASE,12.0,medium,scen_000088,top_0088
sub_svc_12,db_01,DATABASE,12.0,medium,scen_000088,top_0088
sub_svc_13,db_01,DATABASE,12.0,medium,scen_000088,top_0088
sub_svc_14,db_01,DATABASE,12.0,medium,scen_000088,top_0088
sub_svc_15,db_01,DATABASE,12.0,medium,scen_000088,top_0088
sub_svc_16,db_01,DATABASE,12.0,medium,scen_000088,top_0088
node_00,node_01,STORAGE,23.83502820059896,medium,scen_000089,top_0089
node_00,node_08,CACHE,34.51261486032661,medium,scen_000089,top_0089
node_00,node_19,TCP,10.0,low,scen_000089,top_0089
node_01,node_02,DATABASE,34.391667592689345,medium,scen_000089,top_0089
node_01,node_03,MESSAGE_QUEUE,26.06716239558587,medium,scen_000089,top_0089
node_01,node_04,CACHE,14.570856828510543,medium,scen_000089,top_0089
node_01,node_05,CACHE,16.827394102028293,medium,scen_000089,top_0089
node_01,node_14,TCP,15.60072708306716,medium,scen_000089,top_0089
node_01,node_18,DNS,14.277829167990483,medium,scen_000089,top_0089
node_01,node_12,CACHE,10.0,low,scen_000089,top_0089
node_01,node_34,STORAGE,10.0,low,scen_000089,top_0089
node_02,node_06,MESSAGE_QUEUE,17.291498840374516,medium,scen_000089,top_0089
node_02,node_15,DNS,26.0137975792541,medium,scen_000089,top_0089
node_02,node_19,MESSAGE_QUEUE,22.289713139961734,medium,scen_000089,top_0089
node_02,node_35,MESSAGE_QUEUE,11.117894438877192,medium,scen_000089,top_0089
node_03,node_07,MESSAGE_QUEUE,11.633325335648491,medium,scen_000089,top_0089
node_03,node_10,CACHE,17.189813508325525,medium,scen_000089,top_0089
node_03,node_22,MESSAGE_QUEUE,26.43245174942032,medium,scen_000089,top_0089
node_03,node_31,STORAGE,27.701755779341056,medium,scen_000089,top_0089
node_03,node_18,CACHE,10.0,low,scen_000089,top_0089
node_03,node_25,DNS,10.0,low,scen_000089,top_0089
node_04,node_11,MESSAGE_QUEUE,6.258078529735204,medium,scen_000089,top_0089
node_04,node_13,DATABASE,12.868797409084552,medium,scen_000089,top_0089
node_04,node_26,CACHE,34.6140532364164,medium,scen_000089,top_0089
node_04,node_09,DNS,10.0,low,scen_000089,top_0089
node_05,node_12,TCP,12.295377261405426,medium,scen_000089,top_0089
node_05,node_02,MESSAGE_QUEUE,10.0,low,scen_000089,top_0089
node_06,node_16,DNS,26.04925389843886,medium,scen_000089,top_0089
node_06,node_35,DNS,10.0,low,scen_000089,top_0089
node_06,node_09,TCP,10.0,low,scen_000089,top_0089
node_07,node_23,HTTP,21.786573117843083,medium,scen_000089,top_0089
node_07,node_11,DNS,10.0,low,scen_000089,top_0089
node_08,node_09,STORAGE,18.09901520384532,medium,scen_000089,top_0089
node_08,node_17,TCP,32.702732563246464,medium,scen_000089,top_0089
node_09,node_27,CACHE,11.475700517517504,medium,scen_000089,top_0089
node_10,node_05,MESSAGE_QUEUE,10.0,low,scen_000089,top_0089
node_10,node_01,HTTP,10.0,low,scen_000089,top_0089
node_11,node_20,MESSAGE_QUEUE,2.0798803969955744,medium,scen_000089,top_0089
node_12,node_18,TCP,10.0,low,scen_000089,top_0089
node_12,node_05,MESSAGE_QUEUE,10.0,low,scen_000089,top_0089
node_12,node_08,TCP,10.0,low,scen_000089,top_0089
node_13,node_26,CACHE,10.0,low,scen_000089,top_0089
node_14,node_25,DATABASE,23.42557643142673,medium,scen_000089,top_0089
node_14,node_18,CACHE,10.0,low,scen_000089,top_0089
node_14,node_36,CACHE,10.0,low,scen_000089,top_0089
node_15,node_33,HTTP,11.096436302605511,medium,scen_000089,top_0089
node_15,node_37,HTTP,12.405989463830675,medium,scen_000089,top_0089
node_15,node_25,MESSAGE_QUEUE,10.0,low,scen_000089,top_0089
node_15,node_21,CACHE,10.0,low,scen_000089,top_0089
node_16,node_36,DATABASE,15.566623542212433,medium,scen_000089,top_0089
node_18,node_06,TCP,10.0,low,scen_000089,top_0089
node_18,node_22,STORAGE,10.0,low,scen_000089,top_0089
node_20,node_21,STORAGE,20.316194245972685,medium,scen_000089,top_0089
node_20,node_36,CACHE,10.0,low,scen_000089,top_0089
node_21,node_04,MESSAGE_QUEUE,10.0,low,scen_000089,top_0089
node_21,node_08,DATABASE,10.0,low,scen_000089,top_0089
node_22,node_24,MESSAGE_QUEUE,13.329708663662696,medium,scen_000089,top_0089
node_22,node_30,DNS,26.76037608934542,medium,scen_000089,top_0089
node_25,node_28,HTTP,15.330504990860328,medium,scen_000089,top_0089
node_25,node_34,STORAGE,6.159587493730823,medium,scen_000089,top_0089
node_25,node_22,STORAGE,10.0,low,scen_000089,top_0089
node_26,node_29,CACHE,20.23847324191228,medium,scen_000089,top_0089
node_27,node_33,STORAGE,10.0,low,scen_000089,top_0089
node_28,node_10,HTTP,10.0,low,scen_000089,top_0089
node_29,node_32,HTTP,15.709054616435228,medium,scen_000089,top_0089
node_29,node_24,TCP,10.0,low,scen_000089,top_0089
node_30,node_34,HTTP,10.0,low,scen_000089,top_0089
node_32,node_36,DNS,10.0,low,scen_000089,top_0089
node_33,node_32,DNS,10.0,low,scen_000089,top_0089
node_33,node_10,MESSAGE_QUEUE,10.0,low,scen_000089,top_0089
node_37,node_38,DATABASE,21.052564781598296,medium,scen_000089,top_0089
node_38,node_36,DATABASE,10.0,low,scen_000089,top_0089
node_38,node_33,STORAGE,10.0,low,scen_000089,top_0089
ingest_01,kafka_broker,MESSAGE_QUEUE,5.0,critical,scen_000090,top_0090
kafka_broker,notif_01,MESSAGE_QUEUE,10.0,high,scen_000090,top_0090
kafka_broker,user_01,MESSAGE_QUEUE,12.0,medium,scen_000090,top_0090
kafka_broker,consumer_1,MESSAGE_QUEUE,8.0,low,scen_000090,top_0090
kafka_broker,consumer_2,MESSAGE_QUEUE,8.0,low,scen_000090,top_0090
kafka_broker,consumer_3,MESSAGE_QUEUE,8.0,low,scen_000090,top_0090
kafka_broker,consumer_4,MESSAGE_QUEUE,8.0,low,scen_000090,top_0090
kafka_broker,consumer_5,MESSAGE_QUEUE,8.0,low,scen_000090,top_0090
kafka_broker,consumer_6,MESSAGE_QUEUE,8.0,low,scen_000090,top_0090
kafka_broker,consumer_7,MESSAGE_QUEUE,8.0,low,scen_000090,top_0090
kafka_broker,consumer_8,MESSAGE_QUEUE,8.0,low,scen_000090,top_0090
kafka_broker,consumer_9,MESSAGE_QUEUE,8.0,low,scen_000090,top_0090
kafka_broker,consumer_10,MESSAGE_QUEUE,8.0,low,scen_000090,top_0090
kafka_broker,consumer_11,MESSAGE_QUEUE,8.0,low,scen_000090,top_0090
kafka_broker,consumer_12,MESSAGE_QUEUE,8.0,low,scen_000090,top_0090
kafka_broker,consumer_13,MESSAGE_QUEUE,8.0,low,scen_000090,top_0090
kafka_broker,consumer_14,MESSAGE_QUEUE,8.0,low,scen_000090,top_0090
kafka_broker,consumer_15,MESSAGE_QUEUE,8.0,low,scen_000090,top_0090
kafka_broker,consumer_16,MESSAGE_QUEUE,8.0,low,scen_000090,top_0090
kafka_broker,consumer_17,MESSAGE_QUEUE,8.0,low,scen_000090,top_0090
kafka_broker,consumer_18,MESSAGE_QUEUE,8.0,low,scen_000090,top_0090
kafka_broker,consumer_19,MESSAGE_QUEUE,8.0,low,scen_000090,top_0090
kafka_broker,consumer_20,MESSAGE_QUEUE,8.0,low,scen_000090,top_0090
kafka_broker,consumer_21,MESSAGE_QUEUE,8.0,low,scen_000090,top_0090
kafka_broker,consumer_22,MESSAGE_QUEUE,8.0,low,scen_000090,top_0090
kafka_broker,consumer_23,MESSAGE_QUEUE,8.0,low,scen_000090,top_0090
kafka_broker,consumer_24,MESSAGE_QUEUE,8.0,low,scen_000090,top_0090
kafka_broker,consumer_25,MESSAGE_QUEUE,8.0,low,scen_000090,top_0090
kafka_broker,consumer_26,MESSAGE_QUEUE,8.0,low,scen_000090,top_0090
kafka_broker,consumer_27,MESSAGE_QUEUE,8.0,low,scen_000090,top_0090
kafka_broker,consumer_28,MESSAGE_QUEUE,8.0,low,scen_000090,top_0090
kafka_broker,consumer_29,MESSAGE_QUEUE,8.0,low,scen_000090,top_0090
kafka_broker,consumer_30,MESSAGE_QUEUE,8.0,low,scen_000090,top_0090
kafka_broker,consumer_31,MESSAGE_QUEUE,8.0,low,scen_000090,top_0090
kafka_broker,consumer_32,MESSAGE_QUEUE,8.0,low,scen_000090,top_0090
kafka_broker,consumer_33,MESSAGE_QUEUE,8.0,low,scen_000090,top_0090
kafka_broker,consumer_34,MESSAGE_QUEUE,8.0,low,scen_000090,top_0090
kafka_broker,consumer_35,MESSAGE_QUEUE,8.0,low,scen_000090,top_0090
kafka_broker,consumer_36,MESSAGE_QUEUE,8.0,low,scen_000090,top_0090
notif_01,db_event,DATABASE,15.0,high,scen_000090,top_0090
consumer_1,db_event,DATABASE,10.0,low,scen_000090,top_0090
consumer_2,db_event,DATABASE,10.0,low,scen_000090,top_0090
consumer_3,db_event,DATABASE,10.0,low,scen_000090,top_0090
consumer_4,db_event,DATABASE,10.0,low,scen_000090,top_0090
consumer_5,db_event,DATABASE,10.0,low,scen_000090,top_0090
consumer_6,db_event,DATABASE,10.0,low,scen_000090,top_0090
consumer_7,db_event,DATABASE,10.0,low,scen_000090,top_0090
consumer_8,db_event,DATABASE,10.0,low,scen_000090,top_0090
consumer_9,db_event,DATABASE,10.0,low,scen_000090,top_0090
consumer_10,db_event,DATABASE,10.0,low,scen_000090,top_0090
consumer_11,db_event,DATABASE,10.0,low,scen_000090,top_0090
consumer_12,db_event,DATABASE,10.0,low,scen_000090,top_0090
consumer_13,db_event,DATABASE,10.0,low,scen_000090,top_0090
consumer_14,db_event,DATABASE,10.0,low,scen_000090,top_0090
consumer_15,db_event,DATABASE,10.0,low,scen_000090,top_0090
consumer_16,db_event,DATABASE,10.0,low,scen_000090,top_0090
consumer_17,db_event,DATABASE,10.0,low,scen_000090,top_0090
consumer_18,db_event,DATABASE,10.0,low,scen_000090,top_0090
consumer_19,db_event,DATABASE,10.0,low,scen_000090,top_0090
consumer_20,db_event,DATABASE,10.0,low,scen_000090,top_0090
consumer_21,db_event,DATABASE,10.0,low,scen_000090,top_0090
consumer_22,db_event,DATABASE,10.0,low,scen_000090,top_0090
consumer_23,db_event,DATABASE,10.0,low,scen_000090,top_0090
consumer_24,db_event,DATABASE,10.0,low,scen_000090,top_0090
consumer_25,db_event,DATABASE,10.0,low,scen_000090,top_0090
consumer_26,db_event,DATABASE,10.0,low,scen_000090,top_0090
consumer_27,db_event,DATABASE,10.0,low,scen_000090,top_0090
consumer_28,db_event,DATABASE,10.0,low,scen_000090,top_0090
consumer_29,db_event,DATABASE,10.0,low,scen_000090,top_0090
consumer_30,db_event,DATABASE,10.0,low,scen_000090,top_0090
consumer_31,db_event,DATABASE,10.0,low,scen_000090,top_0090
consumer_32,db_event,DATABASE,10.0,low,scen_000090,top_0090
consumer_33,db_event,DATABASE,10.0,low,scen_000090,top_0090
consumer_34,db_event,DATABASE,10.0,low,scen_000090,top_0090
consumer_35,db_event,DATABASE,10.0,low,scen_000090,top_0090
consumer_36,db_event,DATABASE,10.0,low,scen_000090,top_0090
gw_01,rec_01,HTTP,15.0,high,scen_000091,top_0091
gw_01,search_node_1,HTTP,12.0,medium,scen_000091,top_0091
gw_01,search_node_2,HTTP,12.0,medium,scen_000091,top_0091
gw_01,search_node_3,HTTP,12.0,medium,scen_000091,top_0091
gw_01,search_node_4,HTTP,12.0,medium,scen_000091,top_0091
gw_01,search_node_5,HTTP,12.0,medium,scen_000091,top_0091
gw_01,search_node_6,HTTP,12.0,medium,scen_000091,top_0091
gw_01,search_node_7,HTTP,12.0,medium,scen_000091,top_0091
gw_01,search_node_8,HTTP,12.0,medium,scen_000091,top_0091
gw_01,search_node_9,HTTP,12.0,medium,scen_000091,top_0091
gw_01,search_node_10,HTTP,12.0,medium,scen_000091,top_0091
gw_01,search_node_11,HTTP,12.0,medium,scen_000091,top_0091
gw_01,search_node_12,HTTP,12.0,medium,scen_000091,top_0091
gw_01,search_node_13,HTTP,12.0,medium,scen_000091,top_0091
gw_01,search_node_14,HTTP,12.0,medium,scen_000091,top_0091
gw_01,search_node_15,HTTP,12.0,medium,scen_000091,top_0091
gw_01,search_node_16,HTTP,12.0,medium,scen_000091,top_0091
gw_01,search_node_17,HTTP,12.0,medium,scen_000091,top_0091
gw_01,search_node_18,HTTP,12.0,medium,scen_000091,top_0091
gw_01,search_node_19,HTTP,12.0,medium,scen_000091,top_0091
gw_01,search_node_20,HTTP,12.0,medium,scen_000091,top_0091
gw_01,search_node_21,HTTP,12.0,medium,scen_000091,top_0091
gw_01,search_node_22,HTTP,12.0,medium,scen_000091,top_0091
gw_01,search_node_23,HTTP,12.0,medium,scen_000091,top_0091
gw_01,search_node_24,HTTP,12.0,medium,scen_000091,top_0091
gw_01,search_node_25,HTTP,12.0,medium,scen_000091,top_0091
gw_01,search_node_26,HTTP,12.0,medium,scen_000091,top_0091
gw_01,search_node_27,HTTP,12.0,medium,scen_000091,top_0091
gw_01,search_node_28,HTTP,12.0,medium,scen_000091,top_0091
gw_01,search_node_29,HTTP,12.0,medium,scen_000091,top_0091
gw_01,search_node_30,HTTP,12.0,medium,scen_000091,top_0091
gw_01,search_node_31,HTTP,12.0,medium,scen_000091,top_0091
gw_01,search_node_32,HTTP,12.0,medium,scen_000091,top_0091
gw_01,search_node_33,HTTP,12.0,medium,scen_000091,top_0091
gw_01,search_node_34,HTTP,12.0,medium,scen_000091,top_0091
gw_01,search_node_35,HTTP,12.0,medium,scen_000091,top_0091
gw_01,search_node_36,HTTP,12.0,medium,scen_000091,top_0091
gw_01,search_node_37,HTTP,12.0,medium,scen_000091,top_0091
gw_01,search_node_38,HTTP,12.0,medium,scen_000091,top_0091
gw_01,search_node_39,HTTP,12.0,medium,scen_000091,top_0091
gw_01,search_node_40,HTTP,12.0,medium,scen_000091,top_0091
gw_01,search_node_41,HTTP,12.0,medium,scen_000091,top_0091
gw_01,search_node_42,HTTP,12.0,medium,scen_000091,top_0091
gw_01,search_node_43,HTTP,12.0,medium,scen_000091,top_0091
gw_01,search_node_44,HTTP,12.0,medium,scen_000091,top_0091
gw_01,search_node_45,HTTP,12.0,medium,scen_000091,top_0091
rec_01,redis_01,CACHE,2.0,critical,scen_000091,top_0091
rec_01,es_01,HTTP,18.0,high,scen_000091,top_0091
rec_01,mongo_01,DATABASE,14.0,high,scen_000091,top_0091
search_node_1,es_01,HTTP,20.0,high,scen_000091,top_0091
search_node_2,es_01,HTTP,20.0,high,scen_000091,top_0091
search_node_3,es_01,HTTP,20.0,high,scen_000091,top_0091
search_node_4,es_01,HTTP,20.0,high,scen_000091,top_0091
search_node_5,es_01,HTTP,20.0,high,scen_000091,top_0091
search_node_6,es_01,HTTP,20.0,high,scen_000091,top_0091
search_node_7,es_01,HTTP,20.0,high,scen_000091,top_0091
search_node_8,es_01,HTTP,20.0,high,scen_000091,top_0091
search_node_9,es_01,HTTP,20.0,high,scen_000091,top_0091
search_node_10,es_01,HTTP,20.0,high,scen_000091,top_0091
search_node_11,es_01,HTTP,20.0,high,scen_000091,top_0091
search_node_12,es_01,HTTP,20.0,high,scen_000091,top_0091
search_node_13,es_01,HTTP,20.0,high,scen_000091,top_0091
search_node_14,es_01,HTTP,20.0,high,scen_000091,top_0091
search_node_15,es_01,HTTP,20.0,high,scen_000091,top_0091
search_node_16,es_01,HTTP,20.0,high,scen_000091,top_0091
search_node_17,es_01,HTTP,20.0,high,scen_000091,top_0091
search_node_18,es_01,HTTP,20.0,high,scen_000091,top_0091
search_node_19,es_01,HTTP,20.0,high,scen_000091,top_0091
search_node_20,es_01,HTTP,20.0,high,scen_000091,top_0091
search_node_21,es_01,HTTP,20.0,high,scen_000091,top_0091
search_node_22,es_01,HTTP,20.0,high,scen_000091,top_0091
search_node_23,es_01,HTTP,20.0,high,scen_000091,top_0091
search_node_24,es_01,HTTP,20.0,high,scen_000091,top_0091
search_node_25,es_01,HTTP,20.0,high,scen_000091,top_0091
search_node_26,es_01,HTTP,20.0,high,scen_000091,top_0091
search_node_27,es_01,HTTP,20.0,high,scen_000091,top_0091
search_node_28,es_01,HTTP,20.0,high,scen_000091,top_0091
search_node_29,es_01,HTTP,20.0,high,scen_000091,top_0091
search_node_30,es_01,HTTP,20.0,high,scen_000091,top_0091
search_node_31,es_01,HTTP,20.0,high,scen_000091,top_0091
search_node_32,es_01,HTTP,20.0,high,scen_000091,top_0091
search_node_33,es_01,HTTP,20.0,high,scen_000091,top_0091
search_node_34,es_01,HTTP,20.0,high,scen_000091,top_0091
search_node_35,es_01,HTTP,20.0,high,scen_000091,top_0091
search_node_36,es_01,HTTP,20.0,high,scen_000091,top_0091
search_node_37,es_01,HTTP,20.0,high,scen_000091,top_0091
search_node_38,es_01,HTTP,20.0,high,scen_000091,top_0091
search_node_39,es_01,HTTP,20.0,high,scen_000091,top_0091
search_node_40,es_01,HTTP,20.0,high,scen_000091,top_0091
search_node_41,es_01,HTTP,20.0,high,scen_000091,top_0091
search_node_42,es_01,HTTP,20.0,high,scen_000091,top_0091
search_node_43,es_01,HTTP,20.0,high,scen_000091,top_0091
search_node_44,es_01,HTTP,20.0,high,scen_000091,top_0091
search_node_45,es_01,HTTP,20.0,high,scen_000091,top_0091
gw_01,auth_01,HTTP,10.0,high,scen_000092,top_0092
gw_01,order_01,HTTP,15.0,critical,scen_000092,top_0092
gw_01,ecom_aux_1,HTTP,15.0,low,scen_000092,top_0092
gw_01,ecom_aux_2,HTTP,15.0,low,scen_000092,top_0092
gw_01,ecom_aux_3,HTTP,15.0,low,scen_000092,top_0092
gw_01,ecom_aux_4,HTTP,15.0,low,scen_000092,top_0092
gw_01,ecom_aux_5,HTTP,15.0,low,scen_000092,top_0092
gw_01,ecom_aux_6,HTTP,15.0,low,scen_000092,top_0092
gw_01,ecom_aux_7,HTTP,15.0,low,scen_000092,top_0092
gw_01,ecom_aux_8,HTTP,15.0,low,scen_000092,top_0092
gw_01,ecom_aux_9,HTTP,15.0,low,scen_000092,top_0092
gw_01,ecom_aux_10,HTTP,15.0,low,scen_000092,top_0092
gw_01,ecom_aux_11,HTTP,15.0,low,scen_000092,top_0092
gw_01,ecom_aux_12,HTTP,15.0,low,scen_000092,top_0092
gw_01,ecom_aux_13,HTTP,15.0,low,scen_000092,top_0092
gw_01,ecom_aux_14,HTTP,15.0,low,scen_000092,top_0092
gw_01,ecom_aux_15,HTTP,15.0,low,scen_000092,top_0092
gw_01,ecom_aux_16,HTTP,15.0,low,scen_000092,top_0092
gw_01,ecom_aux_17,HTTP,15.0,low,scen_000092,top_0092
gw_01,ecom_aux_18,HTTP,15.0,low,scen_000092,top_0092
gw_01,ecom_aux_19,HTTP,15.0,low,scen_000092,top_0092
gw_01,ecom_aux_20,HTTP,15.0,low,scen_000092,top_0092
gw_01,ecom_aux_21,HTTP,15.0,low,scen_000092,top_0092
gw_01,ecom_aux_22,HTTP,15.0,low,scen_000092,top_0092
gw_01,ecom_aux_23,HTTP,15.0,low,scen_000092,top_0092
gw_01,ecom_aux_24,HTTP,15.0,low,scen_000092,top_0092
gw_01,ecom_aux_25,HTTP,15.0,low,scen_000092,top_0092
gw_01,ecom_aux_26,HTTP,15.0,low,scen_000092,top_0092
gw_01,ecom_aux_27,HTTP,15.0,low,scen_000092,top_0092
gw_01,ecom_aux_28,HTTP,15.0,low,scen_000092,top_0092
gw_01,ecom_aux_29,HTTP,15.0,low,scen_000092,top_0092
gw_01,ecom_aux_30,HTTP,15.0,low,scen_000092,top_0092
gw_01,ecom_aux_31,HTTP,15.0,low,scen_000092,top_0092
gw_01,ecom_aux_32,HTTP,15.0,low,scen_000092,top_0092
gw_01,ecom_aux_33,HTTP,15.0,low,scen_000092,top_0092
gw_01,ecom_aux_34,HTTP,15.0,low,scen_000092,top_0092
gw_01,ecom_aux_35,HTTP,15.0,low,scen_000092,top_0092
gw_01,ecom_aux_36,HTTP,15.0,low,scen_000092,top_0092
gw_01,ecom_aux_37,HTTP,15.0,low,scen_000092,top_0092
gw_01,ecom_aux_38,HTTP,15.0,low,scen_000092,top_0092
gw_01,ecom_aux_39,HTTP,15.0,low,scen_000092,top_0092
gw_01,ecom_aux_40,HTTP,15.0,low,scen_000092,top_0092
order_01,pay_01,HTTP,25.0,critical,scen_000092,top_0092
order_01,inv_01,HTTP,20.0,high,scen_000092,top_0092
order_01,cache_01,CACHE,3.0,high,scen_000092,top_0092
order_01,mq_01,MESSAGE_QUEUE,5.0,medium,scen_000092,top_0092
pay_01,db_master,DATABASE,10.0,critical,scen_000092,top_0092
inv_01,db_master,DATABASE,12.0,high,scen_000092,top_0092
ecom_aux_1,cache_01,CACHE,4.0,low,scen_000092,top_0092
ecom_aux_2,cache_01,CACHE,4.0,low,scen_000092,top_0092
ecom_aux_3,cache_01,CACHE,4.0,low,scen_000092,top_0092
ecom_aux_4,cache_01,CACHE,4.0,low,scen_000092,top_0092
ecom_aux_5,cache_01,CACHE,4.0,low,scen_000092,top_0092
ecom_aux_6,cache_01,CACHE,4.0,low,scen_000092,top_0092
ecom_aux_7,cache_01,CACHE,4.0,low,scen_000092,top_0092
ecom_aux_8,cache_01,CACHE,4.0,low,scen_000092,top_0092
ecom_aux_9,cache_01,CACHE,4.0,low,scen_000092,top_0092
ecom_aux_10,cache_01,CACHE,4.0,low,scen_000092,top_0092
ecom_aux_11,cache_01,CACHE,4.0,low,scen_000092,top_0092
ecom_aux_12,cache_01,CACHE,4.0,low,scen_000092,top_0092
ecom_aux_13,cache_01,CACHE,4.0,low,scen_000092,top_0092
ecom_aux_14,cache_01,CACHE,4.0,low,scen_000092,top_0092
ecom_aux_15,cache_01,CACHE,4.0,low,scen_000092,top_0092
ecom_aux_16,cache_01,CACHE,4.0,low,scen_000092,top_0092
ecom_aux_17,cache_01,CACHE,4.0,low,scen_000092,top_0092
ecom_aux_18,cache_01,CACHE,4.0,low,scen_000092,top_0092
ecom_aux_19,cache_01,CACHE,4.0,low,scen_000092,top_0092
ecom_aux_20,cache_01,CACHE,4.0,low,scen_000092,top_0092
ecom_aux_21,cache_01,CACHE,4.0,low,scen_000092,top_0092
ecom_aux_22,cache_01,CACHE,4.0,low,scen_000092,top_0092
ecom_aux_23,cache_01,CACHE,4.0,low,scen_000092,top_0092
ecom_aux_24,cache_01,CACHE,4.0,low,scen_000092,top_0092
ecom_aux_25,cache_01,CACHE,4.0,low,scen_000092,top_0092
ecom_aux_26,cache_01,CACHE,4.0,low,scen_000092,top_0092
ecom_aux_27,cache_01,CACHE,4.0,low,scen_000092,top_0092
ecom_aux_28,cache_01,CACHE,4.0,low,scen_000092,top_0092
ecom_aux_29,cache_01,CACHE,4.0,low,scen_000092,top_0092
ecom_aux_30,cache_01,CACHE,4.0,low,scen_000092,top_0092
ecom_aux_31,cache_01,CACHE,4.0,low,scen_000092,top_0092
ecom_aux_32,cache_01,CACHE,4.0,low,scen_000092,top_0092
ecom_aux_33,cache_01,CACHE,4.0,low,scen_000092,top_0092
ecom_aux_34,cache_01,CACHE,4.0,low,scen_000092,top_0092
ecom_aux_35,cache_01,CACHE,4.0,low,scen_000092,top_0092
ecom_aux_36,cache_01,CACHE,4.0,low,scen_000092,top_0092
ecom_aux_37,cache_01,CACHE,4.0,low,scen_000092,top_0092
ecom_aux_38,cache_01,CACHE,4.0,low,scen_000092,top_0092
ecom_aux_39,cache_01,CACHE,4.0,low,scen_000092,top_0092
ecom_aux_40,cache_01,CACHE,4.0,low,scen_000092,top_0092
ingest_01,kafka_broker,MESSAGE_QUEUE,5.0,critical,scen_000093,top_0093
kafka_broker,notif_01,MESSAGE_QUEUE,10.0,high,scen_000093,top_0093
kafka_broker,user_01,MESSAGE_QUEUE,12.0,medium,scen_000093,top_0093
kafka_broker,consumer_1,MESSAGE_QUEUE,8.0,low,scen_000093,top_0093
kafka_broker,consumer_2,MESSAGE_QUEUE,8.0,low,scen_000093,top_0093
kafka_broker,consumer_3,MESSAGE_QUEUE,8.0,low,scen_000093,top_0093
kafka_broker,consumer_4,MESSAGE_QUEUE,8.0,low,scen_000093,top_0093
kafka_broker,consumer_5,MESSAGE_QUEUE,8.0,low,scen_000093,top_0093
kafka_broker,consumer_6,MESSAGE_QUEUE,8.0,low,scen_000093,top_0093
kafka_broker,consumer_7,MESSAGE_QUEUE,8.0,low,scen_000093,top_0093
kafka_broker,consumer_8,MESSAGE_QUEUE,8.0,low,scen_000093,top_0093
kafka_broker,consumer_9,MESSAGE_QUEUE,8.0,low,scen_000093,top_0093
kafka_broker,consumer_10,MESSAGE_QUEUE,8.0,low,scen_000093,top_0093
kafka_broker,consumer_11,MESSAGE_QUEUE,8.0,low,scen_000093,top_0093
kafka_broker,consumer_12,MESSAGE_QUEUE,8.0,low,scen_000093,top_0093
kafka_broker,consumer_13,MESSAGE_QUEUE,8.0,low,scen_000093,top_0093
kafka_broker,consumer_14,MESSAGE_QUEUE,8.0,low,scen_000093,top_0093
kafka_broker,consumer_15,MESSAGE_QUEUE,8.0,low,scen_000093,top_0093
kafka_broker,consumer_16,MESSAGE_QUEUE,8.0,low,scen_000093,top_0093
kafka_broker,consumer_17,MESSAGE_QUEUE,8.0,low,scen_000093,top_0093
kafka_broker,consumer_18,MESSAGE_QUEUE,8.0,low,scen_000093,top_0093
kafka_broker,consumer_19,MESSAGE_QUEUE,8.0,low,scen_000093,top_0093
kafka_broker,consumer_20,MESSAGE_QUEUE,8.0,low,scen_000093,top_0093
kafka_broker,consumer_21,MESSAGE_QUEUE,8.0,low,scen_000093,top_0093
kafka_broker,consumer_22,MESSAGE_QUEUE,8.0,low,scen_000093,top_0093
kafka_broker,consumer_23,MESSAGE_QUEUE,8.0,low,scen_000093,top_0093
kafka_broker,consumer_24,MESSAGE_QUEUE,8.0,low,scen_000093,top_0093
kafka_broker,consumer_25,MESSAGE_QUEUE,8.0,low,scen_000093,top_0093
kafka_broker,consumer_26,MESSAGE_QUEUE,8.0,low,scen_000093,top_0093
kafka_broker,consumer_27,MESSAGE_QUEUE,8.0,low,scen_000093,top_0093
kafka_broker,consumer_28,MESSAGE_QUEUE,8.0,low,scen_000093,top_0093
kafka_broker,consumer_29,MESSAGE_QUEUE,8.0,low,scen_000093,top_0093
kafka_broker,consumer_30,MESSAGE_QUEUE,8.0,low,scen_000093,top_0093
kafka_broker,consumer_31,MESSAGE_QUEUE,8.0,low,scen_000093,top_0093
kafka_broker,consumer_32,MESSAGE_QUEUE,8.0,low,scen_000093,top_0093
kafka_broker,consumer_33,MESSAGE_QUEUE,8.0,low,scen_000093,top_0093
kafka_broker,consumer_34,MESSAGE_QUEUE,8.0,low,scen_000093,top_0093
kafka_broker,consumer_35,MESSAGE_QUEUE,8.0,low,scen_000093,top_0093
kafka_broker,consumer_36,MESSAGE_QUEUE,8.0,low,scen_000093,top_0093
kafka_broker,consumer_37,MESSAGE_QUEUE,8.0,low,scen_000093,top_0093
kafka_broker,consumer_38,MESSAGE_QUEUE,8.0,low,scen_000093,top_0093
kafka_broker,consumer_39,MESSAGE_QUEUE,8.0,low,scen_000093,top_0093
kafka_broker,consumer_40,MESSAGE_QUEUE,8.0,low,scen_000093,top_0093
notif_01,db_event,DATABASE,15.0,high,scen_000093,top_0093
consumer_1,db_event,DATABASE,10.0,low,scen_000093,top_0093
consumer_2,db_event,DATABASE,10.0,low,scen_000093,top_0093
consumer_3,db_event,DATABASE,10.0,low,scen_000093,top_0093
consumer_4,db_event,DATABASE,10.0,low,scen_000093,top_0093
consumer_5,db_event,DATABASE,10.0,low,scen_000093,top_0093
consumer_6,db_event,DATABASE,10.0,low,scen_000093,top_0093
consumer_7,db_event,DATABASE,10.0,low,scen_000093,top_0093
consumer_8,db_event,DATABASE,10.0,low,scen_000093,top_0093
consumer_9,db_event,DATABASE,10.0,low,scen_000093,top_0093
consumer_10,db_event,DATABASE,10.0,low,scen_000093,top_0093
consumer_11,db_event,DATABASE,10.0,low,scen_000093,top_0093
consumer_12,db_event,DATABASE,10.0,low,scen_000093,top_0093
consumer_13,db_event,DATABASE,10.0,low,scen_000093,top_0093
consumer_14,db_event,DATABASE,10.0,low,scen_000093,top_0093
consumer_15,db_event,DATABASE,10.0,low,scen_000093,top_0093
consumer_16,db_event,DATABASE,10.0,low,scen_000093,top_0093
consumer_17,db_event,DATABASE,10.0,low,scen_000093,top_0093
consumer_18,db_event,DATABASE,10.0,low,scen_000093,top_0093
consumer_19,db_event,DATABASE,10.0,low,scen_000093,top_0093
consumer_20,db_event,DATABASE,10.0,low,scen_000093,top_0093
consumer_21,db_event,DATABASE,10.0,low,scen_000093,top_0093
consumer_22,db_event,DATABASE,10.0,low,scen_000093,top_0093
consumer_23,db_event,DATABASE,10.0,low,scen_000093,top_0093
consumer_24,db_event,DATABASE,10.0,low,scen_000093,top_0093
consumer_25,db_event,DATABASE,10.0,low,scen_000093,top_0093
consumer_26,db_event,DATABASE,10.0,low,scen_000093,top_0093
consumer_27,db_event,DATABASE,10.0,low,scen_000093,top_0093
consumer_28,db_event,DATABASE,10.0,low,scen_000093,top_0093
consumer_29,db_event,DATABASE,10.0,low,scen_000093,top_0093
consumer_30,db_event,DATABASE,10.0,low,scen_000093,top_0093
consumer_31,db_event,DATABASE,10.0,low,scen_000093,top_0093
consumer_32,db_event,DATABASE,10.0,low,scen_000093,top_0093
consumer_33,db_event,DATABASE,10.0,low,scen_000093,top_0093
consumer_34,db_event,DATABASE,10.0,low,scen_000093,top_0093
consumer_35,db_event,DATABASE,10.0,low,scen_000093,top_0093
consumer_36,db_event,DATABASE,10.0,low,scen_000093,top_0093
consumer_37,db_event,DATABASE,10.0,low,scen_000093,top_0093
consumer_38,db_event,DATABASE,10.0,low,scen_000093,top_0093
consumer_39,db_event,DATABASE,10.0,low,scen_000093,top_0093
consumer_40,db_event,DATABASE,10.0,low,scen_000093,top_0093
gw_01,rec_01,HTTP,15.0,high,scen_000094,top_0094
gw_01,search_node_1,HTTP,12.0,medium,scen_000094,top_0094
gw_01,search_node_2,HTTP,12.0,medium,scen_000094,top_0094
gw_01,search_node_3,HTTP,12.0,medium,scen_000094,top_0094
gw_01,search_node_4,HTTP,12.0,medium,scen_000094,top_0094
gw_01,search_node_5,HTTP,12.0,medium,scen_000094,top_0094
gw_01,search_node_6,HTTP,12.0,medium,scen_000094,top_0094
gw_01,search_node_7,HTTP,12.0,medium,scen_000094,top_0094
gw_01,search_node_8,HTTP,12.0,medium,scen_000094,top_0094
gw_01,search_node_9,HTTP,12.0,medium,scen_000094,top_0094
gw_01,search_node_10,HTTP,12.0,medium,scen_000094,top_0094
gw_01,search_node_11,HTTP,12.0,medium,scen_000094,top_0094
rec_01,redis_01,CACHE,2.0,critical,scen_000094,top_0094
rec_01,es_01,HTTP,18.0,high,scen_000094,top_0094
rec_01,mongo_01,DATABASE,14.0,high,scen_000094,top_0094
search_node_1,es_01,HTTP,20.0,high,scen_000094,top_0094
search_node_2,es_01,HTTP,20.0,high,scen_000094,top_0094
search_node_3,es_01,HTTP,20.0,high,scen_000094,top_0094
search_node_4,es_01,HTTP,20.0,high,scen_000094,top_0094
search_node_5,es_01,HTTP,20.0,high,scen_000094,top_0094
search_node_6,es_01,HTTP,20.0,high,scen_000094,top_0094
search_node_7,es_01,HTTP,20.0,high,scen_000094,top_0094
search_node_8,es_01,HTTP,20.0,high,scen_000094,top_0094
search_node_9,es_01,HTTP,20.0,high,scen_000094,top_0094
search_node_10,es_01,HTTP,20.0,high,scen_000094,top_0094
search_node_11,es_01,HTTP,20.0,high,scen_000094,top_0094
node_00,node_01,STORAGE,18.778135874025203,medium,scen_000095,top_0095
node_00,node_02,TCP,28.224909482737083,medium,scen_000095,top_0095
node_00,node_11,DNS,34.46145332037677,medium,scen_000095,top_0095
node_01,node_03,CACHE,8.53216297588568,medium,scen_000095,top_0095
node_01,node_30,DATABASE,10.0,low,scen_000095,top_0095
node_01,node_38,MESSAGE_QUEUE,10.0,low,scen_000095,top_0095
node_01,node_34,MESSAGE_QUEUE,10.0,low,scen_000095,top_0095
node_01,node_22,MESSAGE_QUEUE,10.0,low,scen_000095,top_0095
node_02,node_04,MESSAGE_QUEUE,2.6780040601070696,medium,scen_000095,top_0095
node_02,node_07,CACHE,11.87983049007096,medium,scen_000095,top_0095
node_02,node_16,MESSAGE_QUEUE,10.081387439900599,medium,scen_000095,top_0095
node_02,node_37,TCP,5.116315955664746,medium,scen_000095,top_0095
node_02,node_14,STORAGE,10.0,low,scen_000095,top_0095
node_03,node_05,HTTP,27.095466156357187,medium,scen_000095,top_0095
node_03,node_08,DNS,11.230059995486391,medium,scen_000095,top_0095
node_03,node_27,HTTP,2.682858545091915,medium,scen_000095,top_0095
node_03,node_28,CACHE,19.334125772252282,medium,scen_000095,top_0095
node_04,node_06,DATABASE,31.454400912634785,medium,scen_000095,top_0095
node_04,node_18,DNS,28.74488231319078,medium,scen_000095,top_0095
node_05,node_12,STORAGE,25.42992433567102,medium,scen_000095,top_0095
node_06,node_09,HTTP,25.207020723885268,medium,scen_000095,top_0095
node_06,node_13,MESSAGE_QUEUE,25.684313466490067,medium,scen_000095,top_0095
node_06,node_33,DNS,10.146428512788486,medium,scen_000095,top_0095
node_06,node_34,TCP,12.692465204943256,medium,scen_000095,top_0095
node_06,node_42,MESSAGE_QUEUE,10.0,low,scen_000095,top_0095
node_06,node_38,TCP,10.0,low,scen_000095,top_0095
node_06,node_36,TCP,10.0,low,scen_000095,top_0095
node_07,node_15,STORAGE,21.395874297754364,medium,scen_000095,top_0095
node_07,node_24,DATABASE,2.3019053133119267,medium,scen_000095,top_0095
node_07,node_16,HTTP,10.0,low,scen_000095,top_0095
node_08,node_10,DNS,25.815272691432313,medium,scen_000095,top_0095
node_08,node_14,CACHE,15.947640926592635,medium,scen_000095,top_0095
node_08,node_42,CACHE,10.0,low,scen_000095,top_0095
node_08,node_00,CACHE,10.0,low,scen_000095,top_0095
node_09,node_19,MESSAGE_QUEUE,10.0,low,scen_000095,top_0095
node_10,node_04,DNS,10.0,low,scen_000095,top_0095
node_10,node_24,STORAGE,10.0,low,scen_000095,top_0095
node_11,node_19,DATABASE,20.618174732653745,medium,scen_000095,top_0095
node_11,node_35,CACHE,5.235368748560478,medium,scen_000095,top_0095
node_11,node_36,CACHE,10.0,low,scen_000095,top_0095
node_11,node_06,DATABASE,10.0,low,scen_000095,top_0095
node_12,node_17,MESSAGE_QUEUE,34.8331682256492,medium,scen_000095,top_0095
node_12,node_20,TCP,7.766031929689368,medium,scen_000095,top_0095
node_12,node_31,DATABASE,25.894615122550984,medium,scen_000095,top_0095
node_12,node_27,STORAGE,10.0,low,scen_000095,top_0095
node_13,node_26,HTTP,31.52117509008063,medium,scen_000095,top_0095
node_14,node_23,HTTP,13.341445485214887,medium,scen_000095,top_0095
node_15,node_11,STORAGE,10.0,low,scen_000095,top_0095
node_17,node_21,DATABASE,10.0,low,scen_000095,top_0095
node_17,node_25,TCP,10.0,low,scen_000095,top_0095
node_18,node_21,MESSAGE_QUEUE,28.863756785823362,medium,scen_000095,top_0095
node_18,node_30,TCP,17.78582112004095,medium,scen_000095,top_0095
node_18,node_40,MESSAGE_QUEUE,32.5445432654989,medium,scen_000095,top_0095
node_18,node_32,STORAGE,10.0,low,scen_000095,top_0095
node_19,node_13,TCP,10.0,low,scen_000095,top_0095
node_20,node_22,DATABASE,15.813517081729373,medium,scen_000095,top_0095
node_20,node_18,STORAGE,10.0,low,scen_000095,top_0095
node_21,node_41,TCP,10.0,low,scen_000095,top_0095
node_21,node_03,DNS,10.0,low,scen_000095,top_0095
node_22,node_25,STORAGE,4.863679773840679,medium,scen_000095,top_0095
node_22,node_36,TCP,18.585060416326186,medium,scen_000095,top_0095
node_23,node_11,TCP,10.0,low,scen_000095,top_0095
node_24,node_42,HTTP,23.074872310477502,medium,scen_000095,top_0095
node_26,node_37,DNS,10.0,low,scen_000095,top_0095
node_27,node_09,MESSAGE_QUEUE,10.0,low,scen_000095,top_0095
node_27,node_14,HTTP,10.0,low,scen_000095,top_0095
node_27,node_06,TCP,10.0,low,scen_000095,top_0095
node_28,node_29,HTTP,26.643099859731844,medium,scen_000095,top_0095
node_28,node_05,DATABASE,10.0,low,scen_000095,top_0095
node_29,node_04,TCP,10.0,low,scen_000095,top_0095
node_30,node_06,MESSAGE_QUEUE,10.0,low,scen_000095,top_0095
node_31,node_32,TCP,23.911066915849286,medium,scen_000095,top_0095
node_32,node_38,MESSAGE_QUEUE,4.882648006601539,medium,scen_000095,top_0095
node_32,node_41,MESSAGE_QUEUE,4.093491241226592,medium,scen_000095,top_0095
node_32,node_26,MESSAGE_QUEUE,10.0,low,scen_000095,top_0095
node_32,node_09,DATABASE,10.0,low,scen_000095,top_0095
node_34,node_39,HTTP,31.591418936810854,medium,scen_000095,top_0095
node_34,node_03,TCP,10.0,low,scen_000095,top_0095
node_34,node_16,DATABASE,10.0,low,scen_000095,top_0095
node_37,node_22,MESSAGE_QUEUE,10.0,low,scen_000095,top_0095
node_38,node_23,DATABASE,10.0,low,scen_000095,top_0095
node_41,node_32,MESSAGE_QUEUE,10.0,low,scen_000095,top_0095
ingest_01,kafka_broker,MESSAGE_QUEUE,5.0,critical,scen_000096,top_0096
kafka_broker,notif_01,MESSAGE_QUEUE,10.0,high,scen_000096,top_0096
kafka_broker,user_01,MESSAGE_QUEUE,12.0,medium,scen_000096,top_0096
kafka_broker,consumer_1,MESSAGE_QUEUE,8.0,low,scen_000096,top_0096
kafka_broker,consumer_2,MESSAGE_QUEUE,8.0,low,scen_000096,top_0096
kafka_broker,consumer_3,MESSAGE_QUEUE,8.0,low,scen_000096,top_0096
kafka_broker,consumer_4,MESSAGE_QUEUE,8.0,low,scen_000096,top_0096
kafka_broker,consumer_5,MESSAGE_QUEUE,8.0,low,scen_000096,top_0096
kafka_broker,consumer_6,MESSAGE_QUEUE,8.0,low,scen_000096,top_0096
kafka_broker,consumer_7,MESSAGE_QUEUE,8.0,low,scen_000096,top_0096
kafka_broker,consumer_8,MESSAGE_QUEUE,8.0,low,scen_000096,top_0096
kafka_broker,consumer_9,MESSAGE_QUEUE,8.0,low,scen_000096,top_0096
kafka_broker,consumer_10,MESSAGE_QUEUE,8.0,low,scen_000096,top_0096
kafka_broker,consumer_11,MESSAGE_QUEUE,8.0,low,scen_000096,top_0096
kafka_broker,consumer_12,MESSAGE_QUEUE,8.0,low,scen_000096,top_0096
kafka_broker,consumer_13,MESSAGE_QUEUE,8.0,low,scen_000096,top_0096
kafka_broker,consumer_14,MESSAGE_QUEUE,8.0,low,scen_000096,top_0096
kafka_broker,consumer_15,MESSAGE_QUEUE,8.0,low,scen_000096,top_0096
kafka_broker,consumer_16,MESSAGE_QUEUE,8.0,low,scen_000096,top_0096
kafka_broker,consumer_17,MESSAGE_QUEUE,8.0,low,scen_000096,top_0096
kafka_broker,consumer_18,MESSAGE_QUEUE,8.0,low,scen_000096,top_0096
kafka_broker,consumer_19,MESSAGE_QUEUE,8.0,low,scen_000096,top_0096
kafka_broker,consumer_20,MESSAGE_QUEUE,8.0,low,scen_000096,top_0096
kafka_broker,consumer_21,MESSAGE_QUEUE,8.0,low,scen_000096,top_0096
kafka_broker,consumer_22,MESSAGE_QUEUE,8.0,low,scen_000096,top_0096
kafka_broker,consumer_23,MESSAGE_QUEUE,8.0,low,scen_000096,top_0096
kafka_broker,consumer_24,MESSAGE_QUEUE,8.0,low,scen_000096,top_0096
kafka_broker,consumer_25,MESSAGE_QUEUE,8.0,low,scen_000096,top_0096
kafka_broker,consumer_26,MESSAGE_QUEUE,8.0,low,scen_000096,top_0096
notif_01,db_event,DATABASE,15.0,high,scen_000096,top_0096
consumer_1,db_event,DATABASE,10.0,low,scen_000096,top_0096
consumer_2,db_event,DATABASE,10.0,low,scen_000096,top_0096
consumer_3,db_event,DATABASE,10.0,low,scen_000096,top_0096
consumer_4,db_event,DATABASE,10.0,low,scen_000096,top_0096
consumer_5,db_event,DATABASE,10.0,low,scen_000096,top_0096
consumer_6,db_event,DATABASE,10.0,low,scen_000096,top_0096
consumer_7,db_event,DATABASE,10.0,low,scen_000096,top_0096
consumer_8,db_event,DATABASE,10.0,low,scen_000096,top_0096
consumer_9,db_event,DATABASE,10.0,low,scen_000096,top_0096
consumer_10,db_event,DATABASE,10.0,low,scen_000096,top_0096
consumer_11,db_event,DATABASE,10.0,low,scen_000096,top_0096
consumer_12,db_event,DATABASE,10.0,low,scen_000096,top_0096
consumer_13,db_event,DATABASE,10.0,low,scen_000096,top_0096
consumer_14,db_event,DATABASE,10.0,low,scen_000096,top_0096
consumer_15,db_event,DATABASE,10.0,low,scen_000096,top_0096
consumer_16,db_event,DATABASE,10.0,low,scen_000096,top_0096
consumer_17,db_event,DATABASE,10.0,low,scen_000096,top_0096
consumer_18,db_event,DATABASE,10.0,low,scen_000096,top_0096
consumer_19,db_event,DATABASE,10.0,low,scen_000096,top_0096
consumer_20,db_event,DATABASE,10.0,low,scen_000096,top_0096
consumer_21,db_event,DATABASE,10.0,low,scen_000096,top_0096
consumer_22,db_event,DATABASE,10.0,low,scen_000096,top_0096
consumer_23,db_event,DATABASE,10.0,low,scen_000096,top_0096
consumer_24,db_event,DATABASE,10.0,low,scen_000096,top_0096
consumer_25,db_event,DATABASE,10.0,low,scen_000096,top_0096
consumer_26,db_event,DATABASE,10.0,low,scen_000096,top_0096
node_00,node_01,CACHE,14.257739558503713,medium,scen_000097,top_0097
node_00,node_02,DNS,12.164851574054268,medium,scen_000097,top_0097
node_00,node_23,DNS,22.37620800782049,medium,scen_000097,top_0097
node_00,node_15,HTTP,10.0,low,scen_000097,top_0097
node_01,node_04,TCP,27.865143340706098,medium,scen_000097,top_0097
node_01,node_07,TCP,29.31485283116743,medium,scen_000097,top_0097
node_01,node_18,MESSAGE_QUEUE,21.88875500295434,medium,scen_000097,top_0097
node_01,node_24,HTTP,17.260824527416734,medium,scen_000097,top_0097
node_01,node_00,DNS,10.0,low,scen_000097,top_0097
node_02,node_03,TCP,24.08473986572221,medium,scen_000097,top_0097
node_02,node_14,STORAGE,24.036922895548717,medium,scen_000097,top_0097
node_02,node_31,DNS,10.0,low,scen_000097,top_0097
node_03,node_05,DATABASE,21.31320934239003,medium,scen_000097,top_0097
node_03,node_06,DATABASE,14.221977584908972,medium,scen_000097,top_0097
node_03,node_04,CACHE,10.0,low,scen_000097,top_0097
node_04,node_10,MESSAGE_QUEUE,10.144780808687049,medium,scen_000097,top_0097
node_04,node_11,DNS,15.338884508350754,medium,scen_000097,top_0097
node_04,node_20,DATABASE,8.554289652591418,medium,scen_000097,top_0097
node_04,node_22,MESSAGE_QUEUE,9.884214392361393,medium,scen_000097,top_0097
node_05,node_09,TCP,14.117146220273932,medium,scen_000097,top_0097
node_05,node_12,MESSAGE_QUEUE,19.853347068620216,medium,scen_000097,top_0097
node_05,node_19,TCP,23.259310740013117,medium,scen_000097,top_0097
node_06,node_08,STORAGE,25.201255597202632,medium,scen_000097,top_0097
node_06,node_12,HTTP,10.0,low,scen_000097,top_0097
node_07,node_21,TCP,34.46152600242713,medium,scen_000097,top_0097
node_07,node_12,CACHE,10.0,low,scen_000097,top_0097
node_08,node_16,HTTP,27.737702967193325,medium,scen_000097,top_0097
node_09,node_02,DATABASE,10.0,low,scen_000097,top_0097
node_10,node_26,CACHE,20.50696082084512,medium,scen_000097,top_0097
node_10,node_33,DATABASE,10.0,low,scen_000097,top_0097
node_10,node_11,STORAGE,10.0,low,scen_000097,top_0097
node_10,node_23,MESSAGE_QUEUE,10.0,low,scen_000097,top_0097
node_10,node_25,DATABASE,10.0,low,scen_000097,top_0097
node_11,node_31,STORAGE,10.0,low,scen_000097,top_0097
node_11,node_10,TCP,10.0,low,scen_000097,top_0097
node_12,node_13,DATABASE,32.838518486346366,medium,scen_000097,top_0097
node_12,node_15,DATABASE,29.310589924590495,medium,scen_000097,top_0097
node_12,node_22,HTTP,10.0,low,scen_000097,top_0097
node_12,node_34,DNS,10.0,low,scen_000097,top_0097
node_13,node_20,DNS,10.0,low,scen_000097,top_0097
node_15,node_17,TCP,14.671797642192807,medium,scen_000097,top_0097
node_15,node_07,MESSAGE_QUEUE,10.0,low,scen_000097,top_0097
node_15,node_23,MESSAGE_QUEUE,10.0,low,scen_000097,top_0097
node_16,node_28,CACHE,10.0,low,scen_000097,top_0097
node_16,node_20,TCP,10.0,low,scen_000097,top_0097
node_16,node_25,STORAGE,10.0,low,scen_000097,top_0097
node_17,node_27,DNS,31.583284925542706,medium,scen_000097,top_0097
node_17,node_02,DNS,10.0,low,scen_000097,top_0097
node_18,node_28,STORAGE,32.597082212519595,medium,scen_000097,top_0097
node_18,node_32,STORAGE,10.0,low,scen_000097,top_0097
node_19,node_29,STORAGE,13.006394611777582,medium,scen_000097,top_0097
node_19,node_34,STORAGE,10.569228660012424,medium,scen_000097,top_0097
node_20,node_33,MESSAGE_QUEUE,10.251586283489663,medium,scen_000097,top_0097
node_20,node_27,TCP,10.0,low,scen_000097,top_0097
node_20,node_21,DNS,10.0,low,scen_000097,top_0097
node_21,node_35,HTTP,26.310744379859813,medium,scen_000097,top_0097
node_21,node_30,STORAGE,10.0,low,scen_000097,top_0097
node_23,node_25,STORAGE,2.5972970768342662,medium,scen_000097,top_0097
node_23,node_11,CACHE,10.0,low,scen_000097,top_0097
node_25,node_30,TCP,6.631499091149446,medium,scen_000097,top_0097
node_25,node_32,MESSAGE_QUEUE,13.575726913160013,medium,scen_000097,top_0097
node_26,node_20,DNS,10.0,low,scen_000097,top_0097
node_26,node_13,DNS,10.0,low,scen_000097,top_0097
node_27,node_31,STORAGE,14.552784556291781,medium,scen_000097,top_0097
node_28,node_12,HTTP,10.0,low,scen_000097,top_0097
node_29,node_34,DNS,10.0,low,scen_000097,top_0097
node_32,node_20,DATABASE,10.0,low,scen_000097,top_0097
node_32,node_01,MESSAGE_QUEUE,10.0,low,scen_000097,top_0097
node_34,node_11,CACHE,10.0,low,scen_000097,top_0097
node_35,node_18,TCP,10.0,low,scen_000097,top_0097
gw_01,auth_01,HTTP,12.0,high,scen_000098,top_0098
gw_01,web_01,HTTP,15.0,high,scen_000098,top_0098
lb_01,gw_01,HTTP,5.0,critical,scen_000098,top_0098
auth_01,db_01,DATABASE,8.0,critical,scen_000098,top_0098
web_01,db_01,DATABASE,10.0,critical,scen_000098,top_0098
web_01,sub_svc_2,HTTP,10.0,low,scen_000098,top_0098
web_01,sub_svc_3,HTTP,10.0,low,scen_000098,top_0098
web_01,sub_svc_4,HTTP,10.0,low,scen_000098,top_0098
web_01,sub_svc_5,HTTP,10.0,low,scen_000098,top_0098
web_01,sub_svc_6,HTTP,10.0,low,scen_000098,top_0098
web_01,sub_svc_7,HTTP,10.0,low,scen_000098,top_0098
web_01,sub_svc_8,HTTP,10.0,low,scen_000098,top_0098
web_01,sub_svc_9,HTTP,10.0,low,scen_000098,top_0098
web_01,sub_svc_10,HTTP,10.0,low,scen_000098,top_0098
web_01,sub_svc_11,HTTP,10.0,low,scen_000098,top_0098
web_01,sub_svc_12,HTTP,10.0,low,scen_000098,top_0098
web_01,sub_svc_13,HTTP,10.0,low,scen_000098,top_0098
web_01,sub_svc_14,HTTP,10.0,low,scen_000098,top_0098
web_01,sub_svc_15,HTTP,10.0,low,scen_000098,top_0098
web_01,sub_svc_16,HTTP,10.0,low,scen_000098,top_0098
web_01,sub_svc_17,HTTP,10.0,low,scen_000098,top_0098
web_01,sub_svc_18,HTTP,10.0,low,scen_000098,top_0098
web_01,sub_svc_19,HTTP,10.0,low,scen_000098,top_0098
web_01,sub_svc_20,HTTP,10.0,low,scen_000098,top_0098
web_01,sub_svc_21,HTTP,10.0,low,scen_000098,top_0098
web_01,sub_svc_22,HTTP,10.0,low,scen_000098,top_0098
web_01,sub_svc_23,HTTP,10.0,low,scen_000098,top_0098
web_01,sub_svc_24,HTTP,10.0,low,scen_000098,top_0098
web_01,sub_svc_25,HTTP,10.0,low,scen_000098,top_0098
web_01,sub_svc_26,HTTP,10.0,low,scen_000098,top_0098
web_01,sub_svc_27,HTTP,10.0,low,scen_000098,top_0098
web_01,sub_svc_28,HTTP,10.0,low,scen_000098,top_0098
web_01,sub_svc_29,HTTP,10.0,low,scen_000098,top_0098
web_01,sub_svc_30,HTTP,10.0,low,scen_000098,top_0098
web_01,sub_svc_31,HTTP,10.0,low,scen_000098,top_0098
web_01,sub_svc_32,HTTP,10.0,low,scen_000098,top_0098
web_01,sub_svc_33,HTTP,10.0,low,scen_000098,top_0098
web_01,sub_svc_34,HTTP,10.0,low,scen_000098,top_0098
web_01,sub_svc_35,HTTP,10.0,low,scen_000098,top_0098
web_01,sub_svc_36,HTTP,10.0,low,scen_000098,top_0098
web_01,sub_svc_37,HTTP,10.0,low,scen_000098,top_0098
web_01,sub_svc_38,HTTP,10.0,low,scen_000098,top_0098
web_01,sub_svc_39,HTTP,10.0,low,scen_000098,top_0098
web_01,sub_svc_40,HTTP,10.0,low,scen_000098,top_0098
web_01,sub_svc_41,HTTP,10.0,low,scen_000098,top_0098
web_01,sub_svc_42,HTTP,10.0,low,scen_000098,top_0098
web_01,sub_svc_43,HTTP,10.0,low,scen_000098,top_0098
sub_svc_2,db_01,DATABASE,12.0,medium,scen_000098,top_0098
sub_svc_3,db_01,DATABASE,12.0,medium,scen_000098,top_0098
sub_svc_4,db_01,DATABASE,12.0,medium,scen_000098,top_0098
sub_svc_5,db_01,DATABASE,12.0,medium,scen_000098,top_0098
sub_svc_6,db_01,DATABASE,12.0,medium,scen_000098,top_0098
sub_svc_7,db_01,DATABASE,12.0,medium,scen_000098,top_0098
sub_svc_8,db_01,DATABASE,12.0,medium,scen_000098,top_0098
sub_svc_9,db_01,DATABASE,12.0,medium,scen_000098,top_0098
sub_svc_10,db_01,DATABASE,12.0,medium,scen_000098,top_0098
sub_svc_11,db_01,DATABASE,12.0,medium,scen_000098,top_0098
sub_svc_12,db_01,DATABASE,12.0,medium,scen_000098,top_0098
sub_svc_13,db_01,DATABASE,12.0,medium,scen_000098,top_0098
sub_svc_14,db_01,DATABASE,12.0,medium,scen_000098,top_0098
sub_svc_15,db_01,DATABASE,12.0,medium,scen_000098,top_0098
sub_svc_16,db_01,DATABASE,12.0,medium,scen_000098,top_0098
sub_svc_17,db_01,DATABASE,12.0,medium,scen_000098,top_0098
sub_svc_18,db_01,DATABASE,12.0,medium,scen_000098,top_0098
sub_svc_19,db_01,DATABASE,12.0,medium,scen_000098,top_0098
sub_svc_20,db_01,DATABASE,12.0,medium,scen_000098,top_0098
sub_svc_21,db_01,DATABASE,12.0,medium,scen_000098,top_0098
sub_svc_22,db_01,DATABASE,12.0,medium,scen_000098,top_0098
sub_svc_23,db_01,DATABASE,12.0,medium,scen_000098,top_0098
sub_svc_24,db_01,DATABASE,12.0,medium,scen_000098,top_0098
sub_svc_25,db_01,DATABASE,12.0,medium,scen_000098,top_0098
sub_svc_26,db_01,DATABASE,12.0,medium,scen_000098,top_0098
sub_svc_27,db_01,DATABASE,12.0,medium,scen_000098,top_0098
sub_svc_28,db_01,DATABASE,12.0,medium,scen_000098,top_0098
sub_svc_29,db_01,DATABASE,12.0,medium,scen_000098,top_0098
sub_svc_30,db_01,DATABASE,12.0,medium,scen_000098,top_0098
sub_svc_31,db_01,DATABASE,12.0,medium,scen_000098,top_0098
sub_svc_32,db_01,DATABASE,12.0,medium,scen_000098,top_0098
sub_svc_33,db_01,DATABASE,12.0,medium,scen_000098,top_0098
sub_svc_34,db_01,DATABASE,12.0,medium,scen_000098,top_0098
sub_svc_35,db_01,DATABASE,12.0,medium,scen_000098,top_0098
sub_svc_36,db_01,DATABASE,12.0,medium,scen_000098,top_0098
sub_svc_37,db_01,DATABASE,12.0,medium,scen_000098,top_0098
sub_svc_38,db_01,DATABASE,12.0,medium,scen_000098,top_0098
sub_svc_39,db_01,DATABASE,12.0,medium,scen_000098,top_0098
sub_svc_40,db_01,DATABASE,12.0,medium,scen_000098,top_0098
sub_svc_41,db_01,DATABASE,12.0,medium,scen_000098,top_0098
sub_svc_42,db_01,DATABASE,12.0,medium,scen_000098,top_0098
sub_svc_43,db_01,DATABASE,12.0,medium,scen_000098,top_0098
gw_01,auth_01,HTTP,12.0,high,scen_000099,top_0099
gw_01,web_01,HTTP,15.0,high,scen_000099,top_0099
lb_01,gw_01,HTTP,5.0,critical,scen_000099,top_0099
auth_01,db_01,DATABASE,8.0,critical,scen_000099,top_0099
web_01,db_01,DATABASE,10.0,critical,scen_000099,top_0099
web_01,sub_svc_2,HTTP,10.0,low,scen_000099,top_0099
web_01,sub_svc_3,HTTP,10.0,low,scen_000099,top_0099
web_01,sub_svc_4,HTTP,10.0,low,scen_000099,top_0099
web_01,sub_svc_5,HTTP,10.0,low,scen_000099,top_0099
web_01,sub_svc_6,HTTP,10.0,low,scen_000099,top_0099
web_01,sub_svc_7,HTTP,10.0,low,scen_000099,top_0099
web_01,sub_svc_8,HTTP,10.0,low,scen_000099,top_0099
web_01,sub_svc_9,HTTP,10.0,low,scen_000099,top_0099
web_01,sub_svc_10,HTTP,10.0,low,scen_000099,top_0099
web_01,sub_svc_11,HTTP,10.0,low,scen_000099,top_0099
web_01,sub_svc_12,HTTP,10.0,low,scen_000099,top_0099
web_01,sub_svc_13,HTTP,10.0,low,scen_000099,top_0099
web_01,sub_svc_14,HTTP,10.0,low,scen_000099,top_0099
web_01,sub_svc_15,HTTP,10.0,low,scen_000099,top_0099
web_01,sub_svc_16,HTTP,10.0,low,scen_000099,top_0099
web_01,sub_svc_17,HTTP,10.0,low,scen_000099,top_0099
web_01,sub_svc_18,HTTP,10.0,low,scen_000099,top_0099
web_01,sub_svc_19,HTTP,10.0,low,scen_000099,top_0099
web_01,sub_svc_20,HTTP,10.0,low,scen_000099,top_0099
web_01,sub_svc_21,HTTP,10.0,low,scen_000099,top_0099
web_01,sub_svc_22,HTTP,10.0,low,scen_000099,top_0099
web_01,sub_svc_23,HTTP,10.0,low,scen_000099,top_0099
web_01,sub_svc_24,HTTP,10.0,low,scen_000099,top_0099
web_01,sub_svc_25,HTTP,10.0,low,scen_000099,top_0099
web_01,sub_svc_26,HTTP,10.0,low,scen_000099,top_0099
web_01,sub_svc_27,HTTP,10.0,low,scen_000099,top_0099
web_01,sub_svc_28,HTTP,10.0,low,scen_000099,top_0099
web_01,sub_svc_29,HTTP,10.0,low,scen_000099,top_0099
web_01,sub_svc_30,HTTP,10.0,low,scen_000099,top_0099
web_01,sub_svc_31,HTTP,10.0,low,scen_000099,top_0099
web_01,sub_svc_32,HTTP,10.0,low,scen_000099,top_0099
web_01,sub_svc_33,HTTP,10.0,low,scen_000099,top_0099
web_01,sub_svc_34,HTTP,10.0,low,scen_000099,top_0099
web_01,sub_svc_35,HTTP,10.0,low,scen_000099,top_0099
web_01,sub_svc_36,HTTP,10.0,low,scen_000099,top_0099
web_01,sub_svc_37,HTTP,10.0,low,scen_000099,top_0099
web_01,sub_svc_38,HTTP,10.0,low,scen_000099,top_0099
sub_svc_2,db_01,DATABASE,12.0,medium,scen_000099,top_0099
sub_svc_3,db_01,DATABASE,12.0,medium,scen_000099,top_0099
sub_svc_4,db_01,DATABASE,12.0,medium,scen_000099,top_0099
sub_svc_5,db_01,DATABASE,12.0,medium,scen_000099,top_0099
sub_svc_6,db_01,DATABASE,12.0,medium,scen_000099,top_0099
sub_svc_7,db_01,DATABASE,12.0,medium,scen_000099,top_0099
sub_svc_8,db_01,DATABASE,12.0,medium,scen_000099,top_0099
sub_svc_9,db_01,DATABASE,12.0,medium,scen_000099,top_0099
sub_svc_10,db_01,DATABASE,12.0,medium,scen_000099,top_0099
sub_svc_11,db_01,DATABASE,12.0,medium,scen_000099,top_0099
sub_svc_12,db_01,DATABASE,12.0,medium,scen_000099,top_0099
sub_svc_13,db_01,DATABASE,12.0,medium,scen_000099,top_0099
sub_svc_14,db_01,DATABASE,12.0,medium,scen_000099,top_0099
sub_svc_15,db_01,DATABASE,12.0,medium,scen_000099,top_0099
sub_svc_16,db_01,DATABASE,12.0,medium,scen_000099,top_0099
sub_svc_17,db_01,DATABASE,12.0,medium,scen_000099,top_0099
sub_svc_18,db_01,DATABASE,12.0,medium,scen_000099,top_0099
sub_svc_19,db_01,DATABASE,12.0,medium,scen_000099,top_0099
sub_svc_20,db_01,DATABASE,12.0,medium,scen_000099,top_0099
sub_svc_21,db_01,DATABASE,12.0,medium,scen_000099,top_0099
sub_svc_22,db_01,DATABASE,12.0,medium,scen_000099,top_0099
sub_svc_23,db_01,DATABASE,12.0,medium,scen_000099,top_0099
sub_svc_24,db_01,DATABASE,12.0,medium,scen_000099,top_0099
sub_svc_25,db_01,DATABASE,12.0,medium,scen_000099,top_0099
sub_svc_26,db_01,DATABASE,12.0,medium,scen_000099,top_0099
sub_svc_27,db_01,DATABASE,12.0,medium,scen_000099,top_0099
sub_svc_28,db_01,DATABASE,12.0,medium,scen_000099,top_0099
sub_svc_29,db_01,DATABASE,12.0,medium,scen_000099,top_0099
sub_svc_30,db_01,DATABASE,12.0,medium,scen_000099,top_0099
sub_svc_31,db_01,DATABASE,12.0,medium,scen_000099,top_0099
sub_svc_32,db_01,DATABASE,12.0,medium,scen_000099,top_0099
sub_svc_33,db_01,DATABASE,12.0,medium,scen_000099,top_0099
sub_svc_34,db_01,DATABASE,12.0,medium,scen_000099,top_0099
sub_svc_35,db_01,DATABASE,12.0,medium,scen_000099,top_0099
sub_svc_36,db_01,DATABASE,12.0,medium,scen_000099,top_0099
sub_svc_37,db_01,DATABASE,12.0,medium,scen_000099,top_0099
sub_svc_38,db_01,DATABASE,12.0,medium,scen_000099,top_0099
