node_id,node_type,service_name,environment,region,zone,host_id,container_id,version,cpu_capacity,memory_capacity,replica_count,criticality,scenario_id,topology_id
gw_01,api_gateway,api_gateway,production,eu-central-1,eu-central-1a,host-328,ct-3286,v3.1.0,2.0,64.0,4,critical,scen_000000,top_0000
lb_01,load_balancer,load_balancer,production,eu-central-1,eu-central-1a,host-130,ct-2535,v1.3.0,2.0,64.0,2,critical,scen_000000,top_0000
auth_01,auth_service,auth_service,production,eu-central-1,eu-central-1c,host-765,ct-9928,v2.3.0,16.0,64.0,3,high,scen_000000,top_0000
web_01,web_service,web_service,production,eu-central-1,eu-central-1a,host-877,ct-3615,v3.6.0,8.0,16.0,2,high,scen_000000,top_0000
db_01,postgresql,postgresql,production,eu-central-1,eu-central-1a,host-881,ct-6514,v1.1.0,16.0,4.0,3,critical,scen_000000,top_0000
sub_svc_2,web_service,sub_service_2,production,eu-central-1,eu-central-1b,host-718,ct-5333,v1.7.0,2.0,32.0,1,low,scen_000000,top_0000
sub_svc_3,web_service,sub_service_3,production,eu-central-1,eu-central-1c,host-400,ct-6925,v3.3.0,2.0,4.0,2,low,scen_000000,top_0000
sub_svc_4,web_service,sub_service_4,production,eu-central-1,eu-central-1b,host-181,ct-4814,v1.6.0,8.0,32.0,3,low,scen_000000,top_0000
gw_01,api_gateway,api_gateway,production,ap-southeast-1,ap-southeast-1b,host-699,ct-3606,v1.6.0,16.0,32.0,4,critical,scen_000001,top_0001
lb_01,load_balancer,load_balancer,production,ap-southeast-1,ap-southeast-1b,host-702,ct-8060,v1.1.0,4.0,8.0,4,critical,scen_000001,top_0001
auth_01,auth_service,auth_service,production,ap-southeast-1,ap-southeast-1c,host-483,ct-7936,v2.5.0,2.0,8.0,1,high,scen_000001,top_0001
web_01,web_service,web_service,production,ap-southeast-1,ap-southeast-1c,host-777,ct-6887,v2.1.0,16.0,16.0,4,high,scen_000001,top_0001
db_01,postgresql,postgresql,production,ap-southeast-1,ap-southeast-1c,host-210,ct-1391,v2.9.0,4.0,16.0,2,critical,scen_000001,top_0001
sub_svc_2,web_service,sub_service_2,production,ap-southeast-1,ap-southeast-1c,host-483,ct-1518,v1.4.0,2.0,4.0,4,low,scen_000001,top_0001
sub_svc_3,web_service,sub_service_3,production,ap-southeast-1,ap-southeast-1a,host-188,ct-2192,v3.8.0,4.0,4.0,5,low,scen_000001,top_0001
sub_svc_4,web_service,sub_service_4,production,ap-southeast-1,ap-southeast-1a,host-490,ct-7951,v3.1.0,16.0,8.0,5,low,scen_000001,top_0001
sub_svc_5,web_service,sub_service_5,production,ap-southeast-1,ap-southeast-1c,host-250,ct-4305,v2.9.0,2.0,64.0,2,low,scen_000001,top_0001
sub_svc_6,web_service,sub_service_6,production,ap-southeast-1,ap-southeast-1b,host-209,ct-7014,v2.7.0,2.0,64.0,4,low,scen_000001,top_0001
sub_svc_7,web_service,sub_service_7,production,ap-southeast-1,ap-southeast-1b,host-508,ct-1110,v2.7.0,2.0,64.0,5,low,scen_000001,top_0001
sub_svc_8,web_service,sub_service_8,production,ap-southeast-1,ap-southeast-1b,host-461,ct-8383,v2.0.0,16.0,4.0,4,low,scen_000001,top_0001
sub_svc_9,web_service,sub_service_9,production,ap-southeast-1,ap-southeast-1c,host-343,ct-1631,v3.1.0,2.0,8.0,3,low,scen_000001,top_0001
sub_svc_10,web_service,sub_service_10,production,ap-southeast-1,ap-southeast-1b,host-138,ct-2739,v1.9.0,16.0,32.0,2,low,scen_000001,top_0001
sub_svc_11,web_service,sub_service_11,production,ap-southeast-1,ap-southeast-1a,host-825,ct-6247,v1.0.0,2.0,64.0,3,low,scen_000001,top_0001
sub_svc_12,web_service,sub_service_12,production,ap-southeast-1,ap-southeast-1c,host-252,ct-9159,v2.1.0,16.0,16.0,3,low,scen_000001,top_0001
sub_svc_13,web_service,sub_service_13,production,ap-southeast-1,ap-southeast-1c,host-787,ct-6248,v3.8.0,8.0,4.0,3,low,scen_000001,top_0001
sub_svc_14,web_service,sub_service_14,production,ap-southeast-1,ap-southeast-1b,host-131,ct-5482,v1.2.0,8.0,4.0,1,low,scen_000001,top_0001
sub_svc_15,web_service,sub_service_15,production,ap-southeast-1,ap-southeast-1c,host-598,ct-5488,v2.2.0,2.0,32.0,1,low,scen_000001,top_0001
sub_svc_16,web_service,sub_service_16,production,ap-southeast-1,ap-southeast-1a,host-493,ct-8921,v2.5.0,4.0,4.0,1,low,scen_000001,top_0001
sub_svc_17,web_service,sub_service_17,production,ap-southeast-1,ap-southeast-1c,host-723,ct-8368,v2.2.0,4.0,4.0,1,low,scen_000001,top_0001
sub_svc_18,web_service,sub_service_18,production,ap-southeast-1,ap-southeast-1b,host-852,ct-7505,v2.7.0,16.0,8.0,2,low,scen_000001,top_0001
sub_svc_19,web_service,sub_service_19,production,ap-southeast-1,ap-southeast-1c,host-449,ct-3558,v2.6.0,8.0,64.0,4,low,scen_000001,top_0001
sub_svc_20,web_service,sub_service_20,production,ap-southeast-1,ap-southeast-1c,host-676,ct-6527,v2.7.0,4.0,32.0,3,low,scen_000001,top_0001
sub_svc_21,web_service,sub_service_21,production,ap-southeast-1,ap-southeast-1c,host-328,ct-7443,v1.8.0,8.0,32.0,3,low,scen_000001,top_0001
sub_svc_22,web_service,sub_service_22,production,ap-southeast-1,ap-southeast-1a,host-533,ct-5010,v2.4.0,8.0,32.0,4,low,scen_000001,top_0001
sub_svc_23,web_service,sub_service_23,production,ap-southeast-1,ap-southeast-1a,host-298,ct-7198,v2.2.0,4.0,64.0,4,low,scen_000001,top_0001
sub_svc_24,web_service,sub_service_24,production,ap-southeast-1,ap-southeast-1a,host-452,ct-4926,v3.7.0,16.0,64.0,3,low,scen_000001,top_0001
sub_svc_25,web_service,sub_service_25,production,ap-southeast-1,ap-southeast-1b,host-452,ct-2010,v1.6.0,2.0,32.0,4,low,scen_000001,top_0001
sub_svc_26,web_service,sub_service_26,production,ap-southeast-1,ap-southeast-1c,host-181,ct-3000,v3.5.0,4.0,64.0,1,low,scen_000001,top_0001
sub_svc_27,web_service,sub_service_27,production,ap-southeast-1,ap-southeast-1c,host-203,ct-9836,v1.5.0,4.0,64.0,2,low,scen_000001,top_0001
sub_svc_28,web_service,sub_service_28,production,ap-southeast-1,ap-southeast-1b,host-122,ct-3977,v2.8.0,16.0,8.0,5,low,scen_000001,top_0001
sub_svc_29,web_service,sub_service_29,production,ap-southeast-1,ap-southeast-1b,host-845,ct-6292,v1.4.0,16.0,4.0,4,low,scen_000001,top_0001
sub_svc_30,web_service,sub_service_30,production,ap-southeast-1,ap-southeast-1a,host-133,ct-2264,v2.4.0,16.0,64.0,3,low,scen_000001,top_0001
sub_svc_31,web_service,sub_service_31,production,ap-southeast-1,ap-southeast-1c,host-112,ct-8235,v1.5.0,4.0,64.0,1,low,scen_000001,top_0001
node_00,payment_service,mesh_svc_0,production,us-east-1,us-east-1b,host-913,ct-6715,v1.5.0,16.0,64.0,4,low,scen_000002,top_0002
node_01,auth_service,mesh_svc_1,production,us-east-1,us-east-1c,host-839,ct-9657,v3.4.0,4.0,32.0,2,high,scen_000002,top_0002
node_02,vm_instance,mesh_svc_2,production,us-east-1,us-east-1c,host-738,ct-1670,v3.4.0,16.0,64.0,4,high,scen_000002,top_0002
node_03,elasticsearch,mesh_svc_3,production,us-east-1,us-east-1c,host-464,ct-1503,v2.0.0,16.0,8.0,4,high,scen_000002,top_0002
node_04,load_balancer,mesh_svc_4,production,us-east-1,us-east-1a,host-516,ct-7066,v1.2.0,2.0,16.0,1,low,scen_000002,top_0002
node_05,auth_service,mesh_svc_5,production,us-east-1,us-east-1b,host-236,ct-7670,v2.8.0,4.0,64.0,1,critical,scen_000002,top_0002
node_06,vm_instance,mesh_svc_6,production,us-east-1,us-east-1a,host-363,ct-2747,v3.4.0,8.0,4.0,2,medium,scen_000002,top_0002
node_07,postgresql,mesh_svc_7,production,us-east-1,us-east-1a,host-472,ct-1311,v3.7.0,4.0,16.0,5,low,scen_000002,top_0002
node_08,redis,mesh_svc_8,production,us-east-1,us-east-1b,host-700,ct-7346,v1.7.0,8.0,8.0,5,critical,scen_000002,top_0002
node_09,auth_service,mesh_svc_9,production,us-east-1,us-east-1b,host-142,ct-2641,v3.0.0,16.0,16.0,3,medium,scen_000002,top_0002
node_10,vm_instance,mesh_svc_10,production,us-east-1,us-east-1c,host-944,ct-6042,v2.0.0,16.0,32.0,5,medium,scen_000002,top_0002
node_11,auth_service,mesh_svc_11,production,us-east-1,us-east-1b,host-593,ct-2227,v3.8.0,4.0,32.0,2,medium,scen_000002,top_0002
node_12,container,mesh_svc_12,production,us-east-1,us-east-1c,host-301,ct-9387,v3.8.0,4.0,64.0,2,medium,scen_000002,top_0002
node_13,load_balancer,mesh_svc_13,production,us-east-1,us-east-1a,host-522,ct-6311,v3.4.0,4.0,8.0,1,low,scen_000002,top_0002
node_14,object_storage,mesh_svc_14,production,us-east-1,us-east-1a,host-621,ct-2472,v2.2.0,4.0,4.0,5,high,scen_000002,top_0002
node_15,notification_service,mesh_svc_15,production,us-east-1,us-east-1b,host-494,ct-6066,v1.2.0,2.0,4.0,2,critical,scen_000002,top_0002
node_16,object_storage,mesh_svc_16,production,us-east-1,us-east-1c,host-166,ct-6547,v2.2.0,2.0,8.0,3,critical,scen_000002,top_0002
node_17,postgresql,mesh_svc_17,production,us-east-1,us-east-1b,host-967,ct-8193,v3.7.0,16.0,16.0,4,low,scen_000002,top_0002
node_18,object_storage,mesh_svc_18,production,us-east-1,us-east-1c,host-144,ct-5861,v3.4.0,16.0,16.0,3,medium,scen_000002,top_0002
node_19,rabbitmq,mesh_svc_19,production,us-east-1,us-east-1c,host-567,ct-9136,v3.8.0,4.0,64.0,3,low,scen_000002,top_0002
node_20,api_gateway,mesh_svc_20,production,us-east-1,us-east-1b,host-531,ct-6475,v2.3.0,2.0,16.0,1,medium,scen_000002,top_0002
node_21,payment_service,mesh_svc_21,production,us-east-1,us-east-1b,host-127,ct-1714,v1.9.0,4.0,8.0,3,medium,scen_000002,top_0002
node_22,user_service,mesh_svc_22,production,us-east-1,us-east-1b,host-441,ct-5388,v2.6.0,16.0,64.0,5,low,scen_000002,top_0002
node_23,recommendation_service,mesh_svc_23,production,us-east-1,us-east-1c,host-403,ct-9747,v3.9.0,16.0,4.0,5,critical,scen_000002,top_0002
node_24,rabbitmq,mesh_svc_24,production,us-east-1,us-east-1a,host-200,ct-9621,v3.4.0,4.0,16.0,2,low,scen_000002,top_0002
node_25,k8s_node,mesh_svc_25,production,us-east-1,us-east-1a,host-926,ct-1841,v1.4.0,4.0,64.0,2,medium,scen_000002,top_0002
node_26,payment_service,mesh_svc_26,production,us-east-1,us-east-1a,host-705,ct-8016,v2.8.0,16.0,32.0,1,critical,scen_000002,top_0002
node_27,api_gateway,mesh_svc_27,production,us-east-1,us-east-1a,host-835,ct-8077,v3.6.0,2.0,32.0,2,high,scen_000002,top_0002
node_28,inventory_service,mesh_svc_28,production,us-east-1,us-east-1a,host-456,ct-5432,v2.8.0,16.0,64.0,3,medium,scen_000002,top_0002
node_29,web_service,mesh_svc_29,production,us-east-1,us-east-1c,host-534,ct-2855,v1.9.0,4.0,8.0,3,low,scen_000002,top_0002
node_30,inventory_service,mesh_svc_30,production,us-east-1,us-east-1a,host-861,ct-4124,v1.6.0,8.0,4.0,2,medium,scen_000002,top_0002
node_31,postgresql,mesh_svc_31,production,us-east-1,us-east-1c,host-517,ct-8611,v1.8.0,16.0,16.0,4,high,scen_000002,top_0002
node_32,mysql,mesh_svc_32,production,us-east-1,us-east-1a,host-426,ct-5434,v2.2.0,4.0,8.0,1,low,scen_000002,top_0002
node_00,notification_service,mesh_svc_0,production,eu-central-1,eu-central-1a,host-533,ct-7182,v1.0.0,2.0,4.0,1,critical,scen_000003,top_0003
node_01,api_gateway,mesh_svc_1,production,eu-central-1,eu-central-1b,host-163,ct-3660,v3.2.0,4.0,8.0,1,critical,scen_000003,top_0003
node_02,order_service,mesh_svc_2,production,eu-central-1,eu-central-1c,host-845,ct-3966,v3.7.0,2.0,16.0,5,high,scen_000003,top_0003
node_03,user_service,mesh_svc_3,production,eu-central-1,eu-central-1c,host-350,ct-3865,v2.0.0,4.0,4.0,5,medium,scen_000003,top_0003
node_04,load_balancer,mesh_svc_4,production,eu-central-1,eu-central-1c,host-369,ct-6592,v2.8.0,2.0,32.0,2,critical,scen_000003,top_0003
node_05,vm_instance,mesh_svc_5,production,eu-central-1,eu-central-1b,host-344,ct-1536,v3.4.0,8.0,8.0,5,medium,scen_000003,top_0003
node_06,redis,mesh_svc_6,production,eu-central-1,eu-central-1c,host-345,ct-9873,v2.2.0,8.0,32.0,5,medium,scen_000003,top_0003
node_07,elasticsearch,mesh_svc_7,production,eu-central-1,eu-central-1a,host-377,ct-4889,v3.5.0,2.0,64.0,3,critical,scen_000003,top_0003
node_08,order_service,mesh_svc_8,production,eu-central-1,eu-central-1c,host-203,ct-7323,v2.5.0,16.0,4.0,4,low,scen_000003,top_0003
node_09,user_service,mesh_svc_9,production,eu-central-1,eu-central-1c,host-619,ct-6651,v1.1.0,8.0,8.0,1,low,scen_000003,top_0003
node_10,load_balancer,mesh_svc_10,production,eu-central-1,eu-central-1a,host-528,ct-5048,v1.3.0,16.0,64.0,5,low,scen_000003,top_0003
node_11,web_service,mesh_svc_11,production,eu-central-1,eu-central-1c,host-835,ct-1376,v2.6.0,16.0,4.0,1,low,scen_000003,top_0003
node_12,mongodb,mesh_svc_12,production,eu-central-1,eu-central-1b,host-869,ct-4036,v2.0.0,16.0,4.0,1,low,scen_000003,top_0003
node_13,k8s_node,mesh_svc_13,production,eu-central-1,eu-central-1a,host-594,ct-4365,v1.8.0,16.0,32.0,4,low,scen_000003,top_0003
node_14,web_service,mesh_svc_14,production,eu-central-1,eu-central-1a,host-661,ct-1162,v3.0.0,8.0,16.0,4,medium,scen_000003,top_0003
node_15,mysql,mesh_svc_15,production,eu-central-1,eu-central-1a,host-606,ct-4625,v2.4.0,8.0,4.0,5,high,scen_000003,top_0003
node_16,container,mesh_svc_16,production,eu-central-1,eu-central-1c,host-311,ct-4955,v2.9.0,8.0,32.0,5,medium,scen_000003,top_0003
node_17,recommendation_service,mesh_svc_17,production,eu-central-1,eu-central-1b,host-869,ct-9520,v2.7.0,8.0,16.0,2,medium,scen_000003,top_0003
node_18,load_balancer,mesh_svc_18,production,eu-central-1,eu-central-1c,host-699,ct-3981,v2.5.0,4.0,8.0,1,high,scen_000003,top_0003
node_19,rabbitmq,mesh_svc_19,production,eu-central-1,eu-central-1b,host-293,ct-5646,v1.7.0,8.0,32.0,1,low,scen_000003,top_0003
node_20,k8s_node,mesh_svc_20,production,eu-central-1,eu-central-1c,host-681,ct-8858,v1.4.0,16.0,8.0,3,low,scen_000003,top_0003
node_21,object_storage,mesh_svc_21,production,eu-central-1,eu-central-1a,host-842,ct-2347,v1.8.0,2.0,64.0,1,low,scen_000003,top_0003
node_22,vm_instance,mesh_svc_22,production,eu-central-1,eu-central-1a,host-384,ct-4123,v1.1.0,16.0,8.0,5,low,scen_000003,top_0003
node_23,rabbitmq,mesh_svc_23,production,eu-central-1,eu-central-1c,host-862,ct-2446,v2.2.0,4.0,16.0,4,medium,scen_000003,top_0003
node_24,order_service,mesh_svc_24,production,eu-central-1,eu-central-1a,host-859,ct-2775,v2.2.0,8.0,8.0,3,medium,scen_000003,top_0003
node_25,vm_instance,mesh_svc_25,production,eu-central-1,eu-central-1b,host-757,ct-9009,v2.9.0,16.0,4.0,5,critical,scen_000003,top_0003
node_26,recommendation_service,mesh_svc_26,production,eu-central-1,eu-central-1b,host-448,ct-8816,v3.9.0,4.0,32.0,2,low,scen_000003,top_0003
gw_01,api_gateway,api_gateway,production,ap-southeast-1,ap-southeast-1b,host-329,ct-2510,v2.9.0,4.0,4.0,1,critical,scen_000004,top_0004
rec_01,recommendation_service,recommendation_service,production,ap-southeast-1,ap-southeast-1a,host-852,ct-2730,v3.0.0,4.0,4.0,5,high,scen_000004,top_0004
es_01,elasticsearch,elasticsearch,production,ap-southeast-1,ap-southeast-1c,host-138,ct-5655,v2.3.0,16.0,4.0,3,critical,scen_000004,top_0004
redis_01,redis,redis,production,ap-southeast-1,ap-southeast-1c,host-997,ct-9161,v2.1.0,4.0,64.0,2,critical,scen_000004,top_0004
mongo_01,mongodb,mongodb,production,ap-southeast-1,ap-southeast-1b,host-193,ct-9629,v1.7.0,2.0,8.0,1,high,scen_000004,top_0004
search_node_1,user_service,search_aux_1,production,ap-southeast-1,ap-southeast-1a,host-444,ct-8265,v3.7.0,4.0,8.0,1,medium,scen_000004,top_0004
search_node_2,user_service,search_aux_2,production,ap-southeast-1,ap-southeast-1b,host-785,ct-4613,v2.8.0,4.0,16.0,5,medium,scen_000004,top_0004
search_node_3,user_service,search_aux_3,production,ap-southeast-1,ap-southeast-1b,host-396,ct-6198,v1.7.0,4.0,8.0,4,medium,scen_000004,top_0004
search_node_4,user_service,search_aux_4,production,ap-southeast-1,ap-southeast-1b,host-533,ct-8859,v1.2.0,4.0,16.0,4,medium,scen_000004,top_0004
search_node_5,user_service,search_aux_5,production,ap-southeast-1,ap-southeast-1c,host-307,ct-8962,v3.0.0,8.0,32.0,1,medium,scen_000004,top_0004
search_node_6,user_service,search_aux_6,production,ap-southeast-1,ap-southeast-1b,host-404,ct-3963,v3.9.0,4.0,64.0,4,medium,scen_000004,top_0004
search_node_7,user_service,search_aux_7,production,ap-southeast-1,ap-southeast-1c,host-666,ct-2197,v2.3.0,16.0,64.0,2,medium,scen_000004,top_0004
search_node_8,user_service,search_aux_8,production,ap-southeast-1,ap-southeast-1c,host-760,ct-3307,v1.8.0,16.0,8.0,4,medium,scen_000004,top_0004
search_node_9,user_service,search_aux_9,production,ap-southeast-1,ap-southeast-1c,host-559,ct-6589,v3.0.0,8.0,8.0,2,medium,scen_000004,top_0004
search_node_10,user_service,search_aux_10,production,ap-southeast-1,ap-southeast-1a,host-641,ct-1919,v3.5.0,4.0,16.0,3,medium,scen_000004,top_0004
search_node_11,user_service,search_aux_11,production,ap-southeast-1,ap-southeast-1b,host-800,ct-5617,v1.4.0,16.0,16.0,5,medium,scen_000004,top_0004
search_node_12,user_service,search_aux_12,production,ap-southeast-1,ap-southeast-1c,host-927,ct-1149,v3.2.0,8.0,32.0,2,medium,scen_000004,top_0004
search_node_13,user_service,search_aux_13,production,ap-southeast-1,ap-southeast-1c,host-744,ct-8372,v1.0.0,16.0,4.0,1,medium,scen_000004,top_0004
search_node_14,user_service,search_aux_14,production,ap-southeast-1,ap-southeast-1c,host-280,ct-9529,v3.1.0,8.0,16.0,1,medium,scen_000004,top_0004
search_node_15,user_service,search_aux_15,production,ap-southeast-1,ap-southeast-1b,host-729,ct-5903,v1.5.0,2.0,16.0,5,medium,scen_000004,top_0004
search_node_16,user_service,search_aux_16,production,ap-southeast-1,ap-southeast-1a,host-460,ct-4669,v3.5.0,4.0,4.0,3,medium,scen_000004,top_0004
search_node_17,user_service,search_aux_17,production,ap-southeast-1,ap-southeast-1c,host-884,ct-5225,v3.2.0,16.0,4.0,5,medium,scen_000004,top_0004
search_node_18,user_service,search_aux_18,production,ap-southeast-1,ap-southeast-1b,host-910,ct-3351,v1.7.0,16.0,32.0,2,medium,scen_000004,top_0004
search_node_19,user_service,search_aux_19,production,ap-southeast-1,ap-southeast-1a,host-497,ct-4216,v3.0.0,4.0,4.0,2,medium,scen_000004,top_0004
search_node_20,user_service,search_aux_20,production,ap-southeast-1,ap-southeast-1b,host-926,ct-2832,v1.0.0,8.0,8.0,5,medium,scen_000004,top_0004
gw_01,api_gateway,api_gateway,production,ap-southeast-1,ap-southeast-1b,host-140,ct-1030,v3.3.0,16.0,16.0,3,critical,scen_000005,top_0005
rec_01,recommendation_service,recommendation_service,production,ap-southeast-1,ap-southeast-1c,host-305,ct-3349,v2.7.0,16.0,8.0,3,high,scen_000005,top_0005
es_01,elasticsearch,elasticsearch,production,ap-southeast-1,ap-southeast-1b,host-335,ct-3575,v3.1.0,4.0,64.0,4,critical,scen_000005,top_0005
redis_01,redis,redis,production,ap-southeast-1,ap-southeast-1b,host-947,ct-5328,v3.7.0,16.0,4.0,3,critical,scen_000005,top_0005
mongo_01,mongodb,mongodb,production,ap-southeast-1,ap-southeast-1c,host-418,ct-5163,v3.5.0,8.0,64.0,2,high,scen_000005,top_0005
search_node_1,user_service,search_aux_1,production,ap-southeast-1,ap-southeast-1b,host-407,ct-2693,v3.0.0,8.0,8.0,2,medium,scen_000005,top_0005
search_node_2,user_service,search_aux_2,production,ap-southeast-1,ap-southeast-1a,host-723,ct-9682,v3.8.0,16.0,16.0,1,medium,scen_000005,top_0005
search_node_3,user_service,search_aux_3,production,ap-southeast-1,ap-southeast-1c,host-460,ct-2395,v3.0.0,16.0,32.0,2,medium,scen_000005,top_0005
search_node_4,user_service,search_aux_4,production,ap-southeast-1,ap-southeast-1a,host-552,ct-6694,v2.2.0,2.0,32.0,4,medium,scen_000005,top_0005
search_node_5,user_service,search_aux_5,production,ap-southeast-1,ap-southeast-1b,host-996,ct-8388,v3.0.0,16.0,4.0,3,medium,scen_000005,top_0005
search_node_6,user_service,search_aux_6,production,ap-southeast-1,ap-southeast-1a,host-290,ct-2237,v3.0.0,4.0,64.0,3,medium,scen_000005,top_0005
search_node_7,user_service,search_aux_7,production,ap-southeast-1,ap-southeast-1c,host-530,ct-9237,v2.5.0,8.0,4.0,1,medium,scen_000005,top_0005
search_node_8,user_service,search_aux_8,production,ap-southeast-1,ap-southeast-1c,host-908,ct-3156,v3.1.0,4.0,16.0,2,medium,scen_000005,top_0005
search_node_9,user_service,search_aux_9,production,ap-southeast-1,ap-southeast-1a,host-941,ct-2621,v1.2.0,16.0,32.0,4,medium,scen_000005,top_0005
search_node_10,user_service,search_aux_10,production,ap-southeast-1,ap-southeast-1b,host-617,ct-4713,v1.7.0,2.0,8.0,3,medium,scen_000005,top_0005
search_node_11,user_service,search_aux_11,production,ap-southeast-1,ap-southeast-1c,host-289,ct-5948,v2.8.0,16.0,32.0,5,medium,scen_000005,top_0005
node_00,vm_instance,mesh_svc_0,production,ap-southeast-1,ap-southeast-1c,host-268,ct-7227,v2.8.0,8.0,8.0,5,low,scen_000006,top_0006
node_01,rabbitmq,mesh_svc_1,production,ap-southeast-1,ap-southeast-1b,host-907,ct-3402,v3.5.0,4.0,4.0,2,high,scen_000006,top_0006
node_02,web_service,mesh_svc_2,production,ap-southeast-1,ap-southeast-1c,host-920,ct-9142,v2.2.0,16.0,16.0,2,medium,scen_000006,top_0006
node_03,redis,mesh_svc_3,production,ap-southeast-1,ap-southeast-1c,host-860,ct-3104,v3.4.0,8.0,64.0,1,critical,scen_000006,top_0006
node_04,k8s_node,mesh_svc_4,production,ap-southeast-1,ap-southeast-1b,host-543,ct-3891,v1.4.0,16.0,4.0,2,medium,scen_000006,top_0006
node_05,order_service,mesh_svc_5,production,ap-southeast-1,ap-southeast-1b,host-512,ct-7131,v2.3.0,4.0,64.0,2,critical,scen_000006,top_0006
node_06,mongodb,mesh_svc_6,production,ap-southeast-1,ap-southeast-1b,host-417,ct-4545,v2.8.0,2.0,16.0,5,critical,scen_000006,top_0006
node_07,elasticsearch,mesh_svc_7,production,ap-southeast-1,ap-southeast-1c,host-228,ct-2991,v3.8.0,4.0,64.0,1,critical,scen_000006,top_0006
node_08,k8s_node,mesh_svc_8,production,ap-southeast-1,ap-southeast-1b,host-212,ct-1181,v2.4.0,16.0,8.0,3,high,scen_000006,top_0006
node_09,payment_service,mesh_svc_9,production,ap-southeast-1,ap-southeast-1a,host-478,ct-6013,v3.3.0,8.0,8.0,4,high,scen_000006,top_0006
node_10,recommendation_service,mesh_svc_10,production,ap-southeast-1,ap-southeast-1b,host-632,ct-3534,v1.2.0,8.0,4.0,4,critical,scen_000006,top_0006
node_11,load_balancer,mesh_svc_11,production,ap-southeast-1,ap-southeast-1c,host-726,ct-2876,v3.3.0,4.0,4.0,3,medium,scen_000006,top_0006
node_12,payment_service,mesh_svc_12,production,ap-southeast-1,ap-southeast-1c,host-125,ct-3274,v3.5.0,2.0,64.0,1,medium,scen_000006,top_0006
node_13,object_storage,mesh_svc_13,production,ap-southeast-1,ap-southeast-1a,host-948,ct-9294,v3.1.0,2.0,4.0,2,critical,scen_000006,top_0006
node_14,elasticsearch,mesh_svc_14,production,ap-southeast-1,ap-southeast-1c,host-335,ct-5437,v2.7.0,4.0,16.0,2,low,scen_000006,top_0006
node_15,user_service,mesh_svc_15,production,ap-southeast-1,ap-southeast-1b,host-555,ct-5719,v2.6.0,2.0,8.0,2,high,scen_000006,top_0006
node_16,recommendation_service,mesh_svc_16,production,ap-southeast-1,ap-southeast-1a,host-245,ct-8916,v2.9.0,4.0,64.0,5,critical,scen_000006,top_0006
node_17,notification_service,mesh_svc_17,production,ap-southeast-1,ap-southeast-1c,host-169,ct-8317,v3.0.0,2.0,16.0,3,medium,scen_000006,top_0006
node_18,container,mesh_svc_18,production,ap-southeast-1,ap-southeast-1b,host-156,ct-2988,v1.6.0,8.0,4.0,1,medium,scen_000006,top_0006
node_00,web_service,mesh_svc_0,production,us-east-1,us-east-1a,host-437,ct-7283,v1.4.0,8.0,32.0,3,critical,scen_000007,top_0007
node_01,api_gateway,mesh_svc_1,production,us-east-1,us-east-1b,host-582,ct-9573,v3.6.0,4.0,32.0,1,medium,scen_000007,top_0007
node_02,recommendation_service,mesh_svc_2,production,us-east-1,us-east-1c,host-779,ct-1666,v3.4.0,8.0,4.0,2,high,scen_000007,top_0007
node_03,user_service,mesh_svc_3,production,us-east-1,us-east-1a,host-711,ct-2314,v2.4.0,2.0,32.0,1,low,scen_000007,top_0007
node_04,container,mesh_svc_4,production,us-east-1,us-east-1b,host-983,ct-1375,v2.5.0,4.0,16.0,2,critical,scen_000007,top_0007
node_05,api_gateway,mesh_svc_5,production,us-east-1,us-east-1b,host-391,ct-8018,v3.6.0,8.0,4.0,4,high,scen_000007,top_0007
node_06,notification_service,mesh_svc_6,production,us-east-1,us-east-1a,host-986,ct-7599,v2.0.0,16.0,8.0,4,high,scen_000007,top_0007
node_07,redis,mesh_svc_7,production,us-east-1,us-east-1a,host-351,ct-2764,v1.0.0,4.0,32.0,2,low,scen_000007,top_0007
node_08,mysql,mesh_svc_8,production,us-east-1,us-east-1b,host-201,ct-2583,v2.3.0,16.0,4.0,4,medium,scen_000007,top_0007
node_09,elasticsearch,mesh_svc_9,production,us-east-1,us-east-1c,host-775,ct-2545,v1.2.0,2.0,64.0,2,low,scen_000007,top_0007
node_10,elasticsearch,mesh_svc_10,production,us-east-1,us-east-1b,host-854,ct-5811,v3.7.0,2.0,16.0,3,low,scen_000007,top_0007
node_11,api_gateway,mesh_svc_11,production,us-east-1,us-east-1a,host-847,ct-7792,v2.9.0,4.0,4.0,1,low,scen_000007,top_0007
node_12,redis,mesh_svc_12,production,us-east-1,us-east-1a,host-157,ct-1406,v1.2.0,4.0,8.0,3,critical,scen_000007,top_0007
node_13,postgresql,mesh_svc_13,production,us-east-1,us-east-1b,host-718,ct-8057,v3.2.0,16.0,64.0,4,medium,scen_000007,top_0007
node_14,api_gateway,mesh_svc_14,production,us-east-1,us-east-1a,host-732,ct-7676,v3.6.0,2.0,32.0,5,medium,scen_000007,top_0007
node_15,vm_instance,mesh_svc_15,production,us-east-1,us-east-1a,host-793,ct-4346,v1.4.0,2.0,16.0,1,critical,scen_000007,top_0007
node_16,recommendation_service,mesh_svc_16,production,us-east-1,us-east-1b,host-785,ct-9097,v3.7.0,8.0,8.0,5,low,scen_000007,top_0007
node_17,notification_service,mesh_svc_17,production,us-east-1,us-east-1a,host-210,ct-4141,v3.6.0,2.0,32.0,2,critical,scen_000007,top_0007
node_18,recommendation_service,mesh_svc_18,production,us-east-1,us-east-1c,host-125,ct-1668,v1.1.0,16.0,8.0,2,critical,scen_000007,top_0007
node_19,notification_service,mesh_svc_19,production,us-east-1,us-east-1b,host-808,ct-9303,v3.0.0,4.0,8.0,4,medium,scen_000007,top_0007
node_20,payment_service,mesh_svc_20,production,us-east-1,us-east-1a,host-526,ct-3057,v1.9.0,8.0,16.0,1,medium,scen_000007,top_0007
node_21,container,mesh_svc_21,production,us-east-1,us-east-1b,host-859,ct-9662,v3.1.0,16.0,32.0,4,low,scen_000007,top_0007
node_22,recommendation_service,mesh_svc_22,production,us-east-1,us-east-1b,host-810,ct-4220,v1.2.0,8.0,8.0,4,critical,scen_000007,top_0007
node_23,recommendation_service,mesh_svc_23,production,us-east-1,us-east-1c,host-153,ct-1351,v3.1.0,4.0,64.0,3,critical,scen_000007,top_0007
node_24,redis,mesh_svc_24,production,us-east-1,us-east-1a,host-662,ct-6710,v2.9.0,4.0,32.0,5,low,scen_000007,top_0007
gw_01,api_gateway,api_gateway,production,us-west-2,us-west-2c,host-644,ct-9388,v1.9.0,8.0,16.0,3,critical,scen_000008,top_0008
auth_01,auth_service,auth_service,production,us-west-2,us-west-2c,host-771,ct-9640,v1.1.0,2.0,4.0,4,high,scen_000008,top_0008
order_01,order_service,order_service,production,us-west-2,us-west-2b,host-662,ct-1036,v2.3.0,16.0,16.0,2,critical,scen_000008,top_0008
pay_01,payment_service,payment_service,production,us-west-2,us-west-2b,host-312,ct-2475,v3.3.0,2.0,32.0,2,critical,scen_000008,top_0008
inv_01,inventory_service,inventory_service,production,us-west-2,us-west-2a,host-981,ct-5056,v3.8.0,8.0,16.0,2,high,scen_000008,top_0008
db_master,postgresql,postgresql,production,us-west-2,us-west-2a,host-520,ct-1443,v2.6.0,16.0,32.0,2,critical,scen_000008,top_0008
cache_01,redis,redis,production,us-west-2,us-west-2b,host-652,ct-8664,v3.6.0,4.0,32.0,1,high,scen_000008,top_0008
mq_01,kafka,kafka,production,us-west-2,us-west-2c,host-809,ct-2933,v2.3.0,16.0,4.0,5,high,scen_000008,top_0008
ecom_aux_1,user_service,user_service_1,production,us-west-2,us-west-2c,host-140,ct-7782,v1.4.0,16.0,8.0,2,low,scen_000008,top_0008
ecom_aux_2,user_service,user_service_2,production,us-west-2,us-west-2b,host-940,ct-8270,v1.8.0,8.0,4.0,5,low,scen_000008,top_0008
ecom_aux_3,user_service,user_service_3,production,us-west-2,us-west-2b,host-135,ct-7626,v3.2.0,4.0,4.0,5,low,scen_000008,top_0008
ecom_aux_4,user_service,user_service_4,production,us-west-2,us-west-2c,host-700,ct-3649,v1.8.0,16.0,4.0,3,low,scen_000008,top_0008
ecom_aux_5,user_service,user_service_5,production,us-west-2,us-west-2b,host-811,ct-2921,v2.2.0,8.0,8.0,2,low,scen_000008,top_0008
ecom_aux_6,user_service,user_service_6,production,us-west-2,us-west-2a,host-551,ct-9032,v3.7.0,16.0,32.0,3,low,scen_000008,top_0008
ecom_aux_7,user_service,user_service_7,production,us-west-2,us-west-2c,host-742,ct-5534,v3.4.0,2.0,4.0,5,low,scen_000008,top_0008
ecom_aux_8,user_service,user_service_8,production,us-west-2,us-west-2c,host-679,ct-5050,v1.3.0,16.0,8.0,2,low,scen_000008,top_0008
ecom_aux_9,user_service,user_service_9,production,us-west-2,us-west-2b,host-598,ct-8977,v3.7.0,4.0,16.0,3,low,scen_000008,top_0008
ingest_01,api_gateway,ingestion_gateway,production,ap-southeast-1,ap-southeast-1c,host-121,ct-9904,v2.4.0,16.0,4.0,3,critical,scen_000009,top_0009
kafka_broker,kafka,kafka,production,ap-southeast-1,ap-southeast-1c,host-679,ct-1450,v2.9.0,16.0,64.0,5,critical,scen_000009,top_0009
notif_01,notification_service,notification_service,production,ap-southeast-1,ap-southeast-1a,host-761,ct-3956,v2.6.0,2.0,64.0,5,high,scen_000009,top_0009
user_01,user_service,user_service,production,ap-southeast-1,ap-southeast-1b,host-770,ct-5298,v3.3.0,8.0,8.0,2,medium,scen_000009,top_0009
db_event,mysql,mysql,production,ap-southeast-1,ap-southeast-1b,host-983,ct-3159,v1.0.0,16.0,32.0,1,high,scen_000009,top_0009
consumer_1,web_service,kafka_consumer_1,production,ap-southeast-1,ap-southeast-1b,host-523,ct-3158,v2.0.0,4.0,4.0,5,low,scen_000009,top_0009
consumer_2,web_service,kafka_consumer_2,production,ap-southeast-1,ap-southeast-1b,host-979,ct-5362,v3.5.0,8.0,64.0,4,low,scen_000009,top_0009
consumer_3,web_service,kafka_consumer_3,production,ap-southeast-1,ap-southeast-1b,host-769,ct-3163,v2.9.0,2.0,32.0,3,low,scen_000009,top_0009
consumer_4,web_service,kafka_consumer_4,production,ap-southeast-1,ap-southeast-1c,host-289,ct-5794,v2.7.0,4.0,64.0,2,low,scen_000009,top_0009
consumer_5,web_service,kafka_consumer_5,production,ap-southeast-1,ap-southeast-1c,host-562,ct-2195,v1.0.0,8.0,16.0,1,low,scen_000009,top_0009
consumer_6,web_service,kafka_consumer_6,production,ap-southeast-1,ap-southeast-1c,host-612,ct-3671,v1.4.0,4.0,4.0,3,low,scen_000009,top_0009
consumer_7,web_service,kafka_consumer_7,production,ap-southeast-1,ap-southeast-1a,host-615,ct-8942,v2.1.0,8.0,64.0,2,low,scen_000009,top_0009
consumer_8,web_service,kafka_consumer_8,production,ap-southeast-1,ap-southeast-1a,host-540,ct-4526,v3.4.0,8.0,4.0,3,low,scen_000009,top_0009
consumer_9,web_service,kafka_consumer_9,production,ap-southeast-1,ap-southeast-1c,host-775,ct-9001,v3.8.0,16.0,32.0,3,low,scen_000009,top_0009
consumer_10,web_service,kafka_consumer_10,production,ap-southeast-1,ap-southeast-1a,host-149,ct-3450,v2.4.0,2.0,8.0,5,low,scen_000009,top_0009
consumer_11,web_service,kafka_consumer_11,production,ap-southeast-1,ap-southeast-1b,host-884,ct-6498,v2.8.0,16.0,8.0,4,low,scen_000009,top_0009
consumer_12,web_service,kafka_consumer_12,production,ap-southeast-1,ap-southeast-1b,host-976,ct-2057,v1.7.0,8.0,8.0,4,low,scen_000009,top_0009
consumer_13,web_service,kafka_consumer_13,production,ap-southeast-1,ap-southeast-1b,host-986,ct-4249,v3.0.0,2.0,64.0,4,low,scen_000009,top_0009
consumer_14,web_service,kafka_consumer_14,production,ap-southeast-1,ap-southeast-1a,host-409,ct-5018,v3.2.0,2.0,16.0,5,low,scen_000009,top_0009
consumer_15,web_service,kafka_consumer_15,production,ap-southeast-1,ap-southeast-1b,host-407,ct-4574,v3.0.0,8.0,64.0,3,low,scen_000009,top_0009
consumer_16,web_service,kafka_consumer_16,production,ap-southeast-1,ap-southeast-1c,host-250,ct-2773,v1.8.0,8.0,4.0,5,low,scen_000009,top_0009
consumer_17,web_service,kafka_consumer_17,production,ap-southeast-1,ap-southeast-1a,host-254,ct-5282,v1.1.0,2.0,32.0,5,low,scen_000009,top_0009
consumer_18,web_service,kafka_consumer_18,production,ap-southeast-1,ap-southeast-1c,host-230,ct-4155,v1.5.0,16.0,64.0,4,low,scen_000009,top_0009
consumer_19,web_service,kafka_consumer_19,production,ap-southeast-1,ap-southeast-1b,host-141,ct-5775,v1.1.0,4.0,8.0,2,low,scen_000009,top_0009
consumer_20,web_service,kafka_consumer_20,production,ap-southeast-1,ap-southeast-1a,host-408,ct-7654,v1.5.0,8.0,8.0,4,low,scen_000009,top_0009
consumer_21,web_service,kafka_consumer_21,production,ap-southeast-1,ap-southeast-1b,host-614,ct-1344,v3.9.0,2.0,16.0,4,low,scen_000009,top_0009
consumer_22,web_service,kafka_consumer_22,production,ap-southeast-1,ap-southeast-1a,host-746,ct-8079,v1.0.0,4.0,64.0,1,low,scen_000009,top_0009
consumer_23,web_service,kafka_consumer_23,production,ap-southeast-1,ap-southeast-1b,host-338,ct-2921,v2.8.0,2.0,32.0,1,low,scen_000009,top_0009
consumer_24,web_service,kafka_consumer_24,production,ap-southeast-1,ap-southeast-1b,host-151,ct-4496,v3.4.0,16.0,16.0,3,low,scen_000009,top_0009
consumer_25,web_service,kafka_consumer_25,production,ap-southeast-1,ap-southeast-1a,host-177,ct-5307,v2.7.0,2.0,32.0,5,low,scen_000009,top_0009
consumer_26,web_service,kafka_consumer_26,production,ap-southeast-1,ap-southeast-1c,host-789,ct-9609,v2.9.0,4.0,4.0,3,low,scen_000009,top_0009
consumer_27,web_service,kafka_consumer_27,production,ap-southeast-1,ap-southeast-1b,host-290,ct-5830,v3.6.0,4.0,16.0,2,low,scen_000009,top_0009
consumer_28,web_service,kafka_consumer_28,production,ap-southeast-1,ap-southeast-1b,host-148,ct-5987,v3.6.0,8.0,16.0,1,low,scen_000009,top_0009
ingest_01,api_gateway,ingestion_gateway,production,ap-southeast-1,ap-southeast-1c,host-701,ct-9342,v1.1.0,8.0,64.0,5,critical,scen_000010,top_0010
kafka_broker,kafka,kafka,production,ap-southeast-1,ap-southeast-1b,host-115,ct-5143,v1.9.0,4.0,32.0,1,critical,scen_000010,top_0010
notif_01,notification_service,notification_service,production,ap-southeast-1,ap-southeast-1b,host-320,ct-4751,v3.3.0,8.0,32.0,5,high,scen_000010,top_0010
user_01,user_service,user_service,production,ap-southeast-1,ap-southeast-1a,host-918,ct-7042,v2.3.0,4.0,64.0,2,medium,scen_000010,top_0010
db_event,mysql,mysql,production,ap-southeast-1,ap-southeast-1b,host-805,ct-3689,v1.7.0,16.0,64.0,5,high,scen_000010,top_0010
consumer_1,web_service,kafka_consumer_1,production,ap-southeast-1,ap-southeast-1a,host-218,ct-7325,v3.8.0,16.0,16.0,1,low,scen_000010,top_0010
consumer_2,web_service,kafka_consumer_2,production,ap-southeast-1,ap-southeast-1b,host-545,ct-3002,v1.5.0,4.0,8.0,1,low,scen_000010,top_0010
consumer_3,web_service,kafka_consumer_3,production,ap-southeast-1,ap-southeast-1a,host-309,ct-3809,v1.3.0,4.0,16.0,3,low,scen_000010,top_0010
consumer_4,web_service,kafka_consumer_4,production,ap-southeast-1,ap-southeast-1b,host-648,ct-4690,v2.1.0,16.0,4.0,3,low,scen_000010,top_0010
consumer_5,web_service,kafka_consumer_5,production,ap-southeast-1,ap-southeast-1a,host-263,ct-1014,v3.2.0,8.0,8.0,5,low,scen_000010,top_0010
consumer_6,web_service,kafka_consumer_6,production,ap-southeast-1,ap-southeast-1c,host-203,ct-4663,v3.7.0,16.0,16.0,3,low,scen_000010,top_0010
consumer_7,web_service,kafka_consumer_7,production,ap-southeast-1,ap-southeast-1c,host-279,ct-7391,v3.9.0,16.0,8.0,1,low,scen_000010,top_0010
consumer_8,web_service,kafka_consumer_8,production,ap-southeast-1,ap-southeast-1c,host-875,ct-6637,v1.3.0,16.0,32.0,2,low,scen_000010,top_0010
consumer_9,web_service,kafka_consumer_9,production,ap-southeast-1,ap-southeast-1b,host-975,ct-3209,v2.1.0,8.0,8.0,2,low,scen_000010,top_0010
consumer_10,web_service,kafka_consumer_10,production,ap-southeast-1,ap-southeast-1b,host-851,ct-3057,v2.9.0,16.0,16.0,5,low,scen_000010,top_0010
consumer_11,web_service,kafka_consumer_11,production,ap-southeast-1,ap-southeast-1a,host-557,ct-7574,v3.3.0,2.0,16.0,2,low,scen_000010,top_0010
consumer_12,web_service,kafka_consumer_12,production,ap-southeast-1,ap-southeast-1a,host-965,ct-4726,v1.0.0,16.0,64.0,4,low,scen_000010,top_0010
ingest_01,api_gateway,ingestion_gateway,production,us-west-2,us-west-2a,host-584,ct-6103,v1.1.0,8.0,32.0,3,critical,scen_000011,top_0011
kafka_broker,kafka,kafka,production,us-west-2,us-west-2b,host-766,ct-3725,v1.3.0,16.0,8.0,2,critical,scen_000011,top_0011
notif_01,notification_service,notification_service,production,us-west-2,us-west-2b,host-791,ct-4418,v3.3.0,8.0,64.0,2,high,scen_000011,top_0011
user_01,user_service,user_service,production,us-west-2,us-west-2b,host-366,ct-3031,v2.2.0,8.0,16.0,4,medium,scen_000011,top_0011
db_event,mysql,mysql,production,us-west-2,us-west-2c,host-139,ct-6290,v1.9.0,2.0,32.0,1,high,scen_000011,top_0011
consumer_1,web_service,kafka_consumer_1,production,us-west-2,us-west-2b,host-100,ct-4260,v3.2.0,2.0,16.0,5,low,scen_000011,top_0011
consumer_2,web_service,kafka_consumer_2,production,us-west-2,us-west-2b,host-172,ct-6731,v2.7.0,16.0,64.0,5,low,scen_000011,top_0011
consumer_3,web_service,kafka_consumer_3,production,us-west-2,us-west-2c,host-496,ct-1530,v3.4.0,2.0,16.0,2,low,scen_000011,top_0011
consumer_4,web_service,kafka_consumer_4,production,us-west-2,us-west-2b,host-419,ct-8686,v3.4.0,8.0,8.0,3,low,scen_000011,top_0011
consumer_5,web_service,kafka_consumer_5,production,us-west-2,us-west-2b,host-465,ct-2291,v2.1.0,4.0,64.0,4,low,scen_000011,top_0011
consumer_6,web_service,kafka_consumer_6,production,us-west-2,us-west-2a,host-381,ct-1284,v1.9.0,2.0,8.0,2,low,scen_000011,top_0011
consumer_7,web_service,kafka_consumer_7,production,us-west-2,us-west-2c,host-352,ct-6352,v1.8.0,16.0,64.0,1,low,scen_000011,top_0011
consumer_8,web_service,kafka_consumer_8,production,us-west-2,us-west-2b,host-517,ct-5832,v2.0.0,16.0,64.0,4,low,scen_000011,top_0011
consumer_9,web_service,kafka_consumer_9,production,us-west-2,us-west-2b,host-108,ct-4659,v3.0.0,16.0,16.0,2,low,scen_000011,top_0011
consumer_10,web_service,kafka_consumer_10,production,us-west-2,us-west-2a,host-669,ct-3237,v3.6.0,16.0,4.0,5,low,scen_000011,top_0011
consumer_11,web_service,kafka_consumer_11,production,us-west-2,us-west-2c,host-338,ct-6659,v2.1.0,16.0,16.0,5,low,scen_000011,top_0011
consumer_12,web_service,kafka_consumer_12,production,us-west-2,us-west-2b,host-289,ct-4334,v1.6.0,8.0,64.0,2,low,scen_000011,top_0011
consumer_13,web_service,kafka_consumer_13,production,us-west-2,us-west-2a,host-208,ct-2635,v3.8.0,16.0,4.0,3,low,scen_000011,top_0011
consumer_14,web_service,kafka_consumer_14,production,us-west-2,us-west-2a,host-194,ct-6732,v1.2.0,4.0,32.0,1,low,scen_000011,top_0011
consumer_15,web_service,kafka_consumer_15,production,us-west-2,us-west-2a,host-335,ct-2119,v3.7.0,2.0,64.0,2,low,scen_000011,top_0011
consumer_16,web_service,kafka_consumer_16,production,us-west-2,us-west-2c,host-854,ct-9884,v2.6.0,2.0,16.0,1,low,scen_000011,top_0011
consumer_17,web_service,kafka_consumer_17,production,us-west-2,us-west-2a,host-642,ct-7724,v1.4.0,16.0,4.0,5,low,scen_000011,top_0011
consumer_18,web_service,kafka_consumer_18,production,us-west-2,us-west-2b,host-977,ct-3093,v1.6.0,2.0,4.0,2,low,scen_000011,top_0011
consumer_19,web_service,kafka_consumer_19,production,us-west-2,us-west-2a,host-808,ct-6018,v2.9.0,8.0,32.0,1,low,scen_000011,top_0011
consumer_20,web_service,kafka_consumer_20,production,us-west-2,us-west-2b,host-634,ct-4002,v2.0.0,2.0,64.0,4,low,scen_000011,top_0011
consumer_21,web_service,kafka_consumer_21,production,us-west-2,us-west-2b,host-977,ct-4372,v1.7.0,4.0,32.0,2,low,scen_000011,top_0011
consumer_22,web_service,kafka_consumer_22,production,us-west-2,us-west-2a,host-883,ct-6198,v2.5.0,8.0,64.0,3,low,scen_000011,top_0011
consumer_23,web_service,kafka_consumer_23,production,us-west-2,us-west-2c,host-735,ct-6530,v1.9.0,16.0,64.0,2,low,scen_000011,top_0011
consumer_24,web_service,kafka_consumer_24,production,us-west-2,us-west-2a,host-606,ct-1455,v1.4.0,16.0,32.0,1,low,scen_000011,top_0011
consumer_25,web_service,kafka_consumer_25,production,us-west-2,us-west-2b,host-908,ct-7900,v1.5.0,8.0,16.0,4,low,scen_000011,top_0011
consumer_26,web_service,kafka_consumer_26,production,us-west-2,us-west-2c,host-394,ct-2898,v2.6.0,4.0,4.0,5,low,scen_000011,top_0011
consumer_27,web_service,kafka_consumer_27,production,us-west-2,us-west-2b,host-302,ct-6133,v2.7.0,4.0,64.0,4,low,scen_000011,top_0011
consumer_28,web_service,kafka_consumer_28,production,us-west-2,us-west-2a,host-710,ct-2190,v3.9.0,2.0,16.0,3,low,scen_000011,top_0011
consumer_29,web_service,kafka_consumer_29,production,us-west-2,us-west-2c,host-615,ct-1509,v1.5.0,4.0,16.0,4,low,scen_000011,top_0011
consumer_30,web_service,kafka_consumer_30,production,us-west-2,us-west-2a,host-759,ct-3081,v2.5.0,2.0,8.0,5,low,scen_000011,top_0011
consumer_31,web_service,kafka_consumer_31,production,us-west-2,us-west-2c,host-790,ct-7534,v2.4.0,16.0,32.0,2,low,scen_000011,top_0011
gw_01,api_gateway,api_gateway,production,us-west-2,us-west-2b,host-523,ct-1027,v2.0.0,2.0,64.0,2,critical,scen_000012,top_0012
rec_01,recommendation_service,recommendation_service,production,us-west-2,us-west-2c,host-755,ct-1858,v1.2.0,4.0,32.0,1,high,scen_000012,top_0012
es_01,elasticsearch,elasticsearch,production,us-west-2,us-west-2a,host-553,ct-7440,v1.5.0,2.0,64.0,1,critical,scen_000012,top_0012
redis_01,redis,redis,production,us-west-2,us-west-2a,host-356,ct-7666,v3.7.0,8.0,64.0,5,critical,scen_000012,top_0012
mongo_01,mongodb,mongodb,production,us-west-2,us-west-2b,host-828,ct-5240,v2.2.0,16.0,16.0,5,high,scen_000012,top_0012
search_node_1,user_service,search_aux_1,production,us-west-2,us-west-2a,host-855,ct-7320,v3.0.0,8.0,4.0,4,medium,scen_000012,top_0012
search_node_2,user_service,search_aux_2,production,us-west-2,us-west-2c,host-549,ct-1259,v1.4.0,4.0,4.0,1,medium,scen_000012,top_0012
search_node_3,user_service,search_aux_3,production,us-west-2,us-west-2c,host-265,ct-1320,v1.2.0,4.0,64.0,1,medium,scen_000012,top_0012
search_node_4,user_service,search_aux_4,production,us-west-2,us-west-2c,host-713,ct-6585,v3.5.0,16.0,4.0,3,medium,scen_000012,top_0012
search_node_5,user_service,search_aux_5,production,us-west-2,us-west-2b,host-817,ct-6818,v1.7.0,16.0,16.0,2,medium,scen_000012,top_0012
search_node_6,user_service,search_aux_6,production,us-west-2,us-west-2a,host-978,ct-2572,v2.0.0,4.0,64.0,5,medium,scen_000012,top_0012
search_node_7,user_service,search_aux_7,production,us-west-2,us-west-2a,host-995,ct-1586,v3.3.0,4.0,32.0,3,medium,scen_000012,top_0012
search_node_8,user_service,search_aux_8,production,us-west-2,us-west-2b,host-983,ct-3951,v3.8.0,2.0,8.0,3,medium,scen_000012,top_0012
search_node_9,user_service,search_aux_9,production,us-west-2,us-west-2b,host-404,ct-7586,v2.6.0,2.0,8.0,5,medium,scen_000012,top_0012
search_node_10,user_service,search_aux_10,production,us-west-2,us-west-2a,host-545,ct-2872,v1.4.0,8.0,4.0,1,medium,scen_000012,top_0012
search_node_11,user_service,search_aux_11,production,us-west-2,us-west-2b,host-417,ct-3733,v1.1.0,2.0,8.0,1,medium,scen_000012,top_0012
search_node_12,user_service,search_aux_12,production,us-west-2,us-west-2b,host-574,ct-4366,v3.7.0,8.0,8.0,5,medium,scen_000012,top_0012
search_node_13,user_service,search_aux_13,production,us-west-2,us-west-2b,host-559,ct-8532,v1.1.0,16.0,4.0,3,medium,scen_000012,top_0012
search_node_14,user_service,search_aux_14,production,us-west-2,us-west-2a,host-333,ct-4189,v2.9.0,16.0,32.0,3,medium,scen_000012,top_0012
search_node_15,user_service,search_aux_15,production,us-west-2,us-west-2a,host-187,ct-3913,v3.9.0,4.0,4.0,1,medium,scen_000012,top_0012
search_node_16,user_service,search_aux_16,production,us-west-2,us-west-2b,host-565,ct-3079,v3.7.0,2.0,16.0,4,medium,scen_000012,top_0012
search_node_17,user_service,search_aux_17,production,us-west-2,us-west-2c,host-288,ct-6304,v1.5.0,4.0,16.0,3,medium,scen_000012,top_0012
search_node_18,user_service,search_aux_18,production,us-west-2,us-west-2c,host-817,ct-9850,v3.3.0,16.0,32.0,2,medium,scen_000012,top_0012
search_node_19,user_service,search_aux_19,production,us-west-2,us-west-2a,host-525,ct-5750,v2.5.0,4.0,64.0,1,medium,scen_000012,top_0012
search_node_20,user_service,search_aux_20,production,us-west-2,us-west-2a,host-573,ct-9471,v1.0.0,2.0,4.0,4,medium,scen_000012,top_0012
search_node_21,user_service,search_aux_21,production,us-west-2,us-west-2b,host-220,ct-8367,v2.1.0,16.0,8.0,3,medium,scen_000012,top_0012
search_node_22,user_service,search_aux_22,production,us-west-2,us-west-2a,host-153,ct-1722,v2.4.0,2.0,16.0,4,medium,scen_000012,top_0012
search_node_23,user_service,search_aux_23,production,us-west-2,us-west-2a,host-317,ct-8165,v1.4.0,8.0,64.0,2,medium,scen_000012,top_0012
search_node_24,user_service,search_aux_24,production,us-west-2,us-west-2b,host-956,ct-3554,v1.9.0,4.0,16.0,2,medium,scen_000012,top_0012
search_node_25,user_service,search_aux_25,production,us-west-2,us-west-2b,host-176,ct-1288,v1.9.0,16.0,4.0,2,medium,scen_000012,top_0012
search_node_26,user_service,search_aux_26,production,us-west-2,us-west-2b,host-544,ct-3795,v3.0.0,2.0,64.0,4,medium,scen_000012,top_0012
search_node_27,user_service,search_aux_27,production,us-west-2,us-west-2c,host-707,ct-8026,v3.4.0,16.0,4.0,2,medium,scen_000012,top_0012
search_node_28,user_service,search_aux_28,production,us-west-2,us-west-2a,host-159,ct-7083,v2.2.0,2.0,4.0,4,medium,scen_000012,top_0012
search_node_29,user_service,search_aux_29,production,us-west-2,us-west-2b,host-157,ct-9944,v2.8.0,16.0,32.0,2,medium,scen_000012,top_0012
search_node_30,user_service,search_aux_30,production,us-west-2,us-west-2c,host-676,ct-4999,v1.5.0,2.0,16.0,2,medium,scen_000012,top_0012
search_node_31,user_service,search_aux_31,production,us-west-2,us-west-2b,host-186,ct-8158,v1.3.0,2.0,32.0,2,medium,scen_000012,top_0012
search_node_32,user_service,search_aux_32,production,us-west-2,us-west-2c,host-652,ct-9972,v1.7.0,8.0,4.0,1,medium,scen_000012,top_0012
search_node_33,user_service,search_aux_33,production,us-west-2,us-west-2c,host-158,ct-3224,v1.0.0,8.0,8.0,5,medium,scen_000012,top_0012
search_node_34,user_service,search_aux_34,production,us-west-2,us-west-2c,host-584,ct-3524,v3.1.0,16.0,8.0,1,medium,scen_000012,top_0012
search_node_35,user_service,search_aux_35,production,us-west-2,us-west-2b,host-849,ct-7285,v3.3.0,2.0,8.0,1,medium,scen_000012,top_0012
search_node_36,user_service,search_aux_36,production,us-west-2,us-west-2a,host-359,ct-2662,v3.0.0,4.0,8.0,4,medium,scen_000012,top_0012
search_node_37,user_service,search_aux_37,production,us-west-2,us-west-2c,host-882,ct-4873,v3.7.0,2.0,16.0,5,medium,scen_000012,top_0012
search_node_38,user_service,search_aux_38,production,us-west-2,us-west-2c,host-485,ct-3830,v2.0.0,2.0,4.0,4,medium,scen_000012,top_0012
search_node_39,user_service,search_aux_39,production,us-west-2,us-west-2a,host-257,ct-8802,v2.8.0,8.0,16.0,5,medium,scen_000012,top_0012
search_node_40,user_service,search_aux_40,production,us-west-2,us-west-2c,host-782,ct-9165,v3.0.0,8.0,64.0,1,medium,scen_000012,top_0012
search_node_41,user_service,search_aux_41,production,us-west-2,us-west-2a,host-601,ct-2587,v2.1.0,16.0,64.0,5,medium,scen_000012,top_0012
search_node_42,user_service,search_aux_42,production,us-west-2,us-west-2b,host-720,ct-4246,v3.3.0,2.0,8.0,5,medium,scen_000012,top_0012
search_node_43,user_service,search_aux_43,production,us-west-2,us-west-2b,host-551,ct-2015,v2.4.0,8.0,8.0,4,medium,scen_000012,top_0012
gw_01,api_gateway,api_gateway,production,us-west-2,us-west-2c,host-456,ct-7027,v1.6.0,16.0,64.0,4,critical,scen_000013,top_0013
auth_01,auth_service,auth_service,production,us-west-2,us-west-2c,host-547,ct-8659,v1.7.0,8.0,64.0,5,high,scen_000013,top_0013
order_01,order_service,order_service,production,us-west-2,us-west-2b,host-649,ct-7838,v2.2.0,8.0,16.0,3,critical,scen_000013,top_0013
pay_01,payment_service,payment_service,production,us-west-2,us-west-2c,host-437,ct-8086,v2.0.0,8.0,32.0,1,critical,scen_000013,top_0013
inv_01,inventory_service,inventory_service,production,us-west-2,us-west-2c,host-391,ct-4892,v2.3.0,2.0,16.0,4,high,scen_000013,top_0013
db_master,postgresql,postgresql,production,us-west-2,us-west-2a,host-413,ct-2035,v3.5.0,4.0,32.0,4,critical,scen_000013,top_0013
cache_01,redis,redis,production,us-west-2,us-west-2a,host-781,ct-7397,v2.0.0,16.0,8.0,3,high,scen_000013,top_0013
mq_01,kafka,kafka,production,us-west-2,us-west-2b,host-133,ct-7148,v3.0.0,16.0,8.0,5,high,scen_000013,top_0013
ecom_aux_1,user_service,user_service_1,production,us-west-2,us-west-2b,host-797,ct-5747,v2.8.0,2.0,32.0,4,low,scen_000013,top_0013
ecom_aux_2,user_service,user_service_2,production,us-west-2,us-west-2a,host-980,ct-1154,v1.7.0,4.0,32.0,3,low,scen_000013,top_0013
ecom_aux_3,user_service,user_service_3,production,us-west-2,us-west-2c,host-926,ct-1255,v2.8.0,2.0,32.0,2,low,scen_000013,top_0013
ecom_aux_4,user_service,user_service_4,production,us-west-2,us-west-2b,host-468,ct-4629,v1.5.0,8.0,32.0,1,low,scen_000013,top_0013
ecom_aux_5,user_service,user_service_5,production,us-west-2,us-west-2b,host-898,ct-8824,v2.0.0,4.0,16.0,4,low,scen_000013,top_0013
ecom_aux_6,user_service,user_service_6,production,us-west-2,us-west-2a,host-523,ct-4967,v1.9.0,4.0,16.0,5,low,scen_000013,top_0013
ecom_aux_7,user_service,user_service_7,production,us-west-2,us-west-2c,host-969,ct-5811,v2.6.0,8.0,64.0,5,low,scen_000013,top_0013
ecom_aux_8,user_service,user_service_8,production,us-west-2,us-west-2a,host-395,ct-5511,v1.4.0,4.0,8.0,1,low,scen_000013,top_0013
ecom_aux_9,user_service,user_service_9,production,us-west-2,us-west-2c,host-577,ct-1299,v3.3.0,8.0,64.0,2,low,scen_000013,top_0013
ecom_aux_10,user_service,user_service_10,production,us-west-2,us-west-2b,host-214,ct-2106,v2.6.0,8.0,16.0,5,low,scen_000013,top_0013
ecom_aux_11,user_service,user_service_11,production,us-west-2,us-west-2c,host-376,ct-9751,v3.5.0,8.0,16.0,5,low,scen_000013,top_0013
ecom_aux_12,user_service,user_service_12,production,us-west-2,us-west-2b,host-536,ct-6982,v1.1.0,16.0,16.0,3,low,scen_000013,top_0013
ecom_aux_13,user_service,user_service_13,production,us-west-2,us-west-2a,host-532,ct-8047,v1.2.0,2.0,4.0,5,low,scen_000013,top_0013
ecom_aux_14,user_service,user_service_14,production,us-west-2,us-west-2a,host-679,ct-4251,v3.0.0,8.0,32.0,4,low,scen_000013,top_0013
ecom_aux_15,user_service,user_service_15,production,us-west-2,us-west-2c,host-974,ct-3243,v2.3.0,8.0,4.0,5,low,scen_000013,top_0013
ecom_aux_16,user_service,user_service_16,production,us-west-2,us-west-2c,host-848,ct-4635,v1.0.0,2.0,16.0,4,low,scen_000013,top_0013
ecom_aux_17,user_service,user_service_17,production,us-west-2,us-west-2a,host-325,ct-7078,v1.2.0,4.0,32.0,4,low,scen_000013,top_0013
ecom_aux_18,user_service,user_service_18,production,us-west-2,us-west-2b,host-661,ct-1461,v2.0.0,4.0,4.0,3,low,scen_000013,top_0013
ecom_aux_19,user_service,user_service_19,production,us-west-2,us-west-2b,host-549,ct-9603,v1.4.0,8.0,16.0,3,low,scen_000013,top_0013
ecom_aux_20,user_service,user_service_20,production,us-west-2,us-west-2c,host-269,ct-3848,v2.0.0,8.0,32.0,3,low,scen_000013,top_0013
ecom_aux_21,user_service,user_service_21,production,us-west-2,us-west-2a,host-278,ct-6962,v1.2.0,4.0,32.0,3,low,scen_000013,top_0013
ecom_aux_22,user_service,user_service_22,production,us-west-2,us-west-2c,host-242,ct-1095,v1.7.0,4.0,4.0,4,low,scen_000013,top_0013
ecom_aux_23,user_service,user_service_23,production,us-west-2,us-west-2a,host-427,ct-5141,v1.7.0,4.0,4.0,5,low,scen_000013,top_0013
ecom_aux_24,user_service,user_service_24,production,us-west-2,us-west-2a,host-387,ct-8604,v2.4.0,8.0,16.0,2,low,scen_000013,top_0013
ecom_aux_25,user_service,user_service_25,production,us-west-2,us-west-2b,host-950,ct-2558,v2.3.0,16.0,64.0,2,low,scen_000013,top_0013
ecom_aux_26,user_service,user_service_26,production,us-west-2,us-west-2c,host-196,ct-1336,v2.7.0,4.0,16.0,1,low,scen_000013,top_0013
ecom_aux_27,user_service,user_service_27,production,us-west-2,us-west-2a,host-419,ct-3286,v2.2.0,8.0,32.0,5,low,scen_000013,top_0013
ecom_aux_28,user_service,user_service_28,production,us-west-2,us-west-2c,host-894,ct-6939,v3.2.0,2.0,8.0,5,low,scen_000013,top_0013
ecom_aux_29,user_service,user_service_29,production,us-west-2,us-west-2c,host-112,ct-9389,v2.7.0,4.0,32.0,2,low,scen_000013,top_0013
ingest_01,api_gateway,ingestion_gateway,production,ap-southeast-1,ap-southeast-1a,host-498,ct-7446,v1.6.0,8.0,64.0,5,critical,scen_000014,top_0014
kafka_broker,kafka,kafka,production,ap-southeast-1,ap-southeast-1c,host-698,ct-5824,v3.9.0,8.0,16.0,1,critical,scen_000014,top_0014
notif_01,notification_service,notification_service,production,ap-southeast-1,ap-southeast-1c,host-169,ct-7249,v1.7.0,16.0,32.0,5,high,scen_000014,top_0014
user_01,user_service,user_service,production,ap-southeast-1,ap-southeast-1b,host-850,ct-5549,v3.2.0,4.0,32.0,5,medium,scen_000014,top_0014
db_event,mysql,mysql,production,ap-southeast-1,ap-southeast-1b,host-134,ct-2916,v3.3.0,8.0,4.0,1,high,scen_000014,top_0014
consumer_1,web_service,kafka_consumer_1,production,ap-southeast-1,ap-southeast-1a,host-367,ct-8656,v3.6.0,4.0,64.0,1,low,scen_000014,top_0014
consumer_2,web_service,kafka_consumer_2,production,ap-southeast-1,ap-southeast-1a,host-560,ct-3797,v1.5.0,8.0,4.0,4,low,scen_000014,top_0014
consumer_3,web_service,kafka_consumer_3,production,ap-southeast-1,ap-southeast-1c,host-817,ct-5021,v1.8.0,8.0,4.0,4,low,scen_000014,top_0014
consumer_4,web_service,kafka_consumer_4,production,ap-southeast-1,ap-southeast-1b,host-102,ct-1106,v2.2.0,16.0,32.0,2,low,scen_000014,top_0014
consumer_5,web_service,kafka_consumer_5,production,ap-southeast-1,ap-southeast-1b,host-201,ct-1346,v1.9.0,8.0,32.0,4,low,scen_000014,top_0014
consumer_6,web_service,kafka_consumer_6,production,ap-southeast-1,ap-southeast-1a,host-657,ct-8507,v3.6.0,4.0,16.0,2,low,scen_000014,top_0014
consumer_7,web_service,kafka_consumer_7,production,ap-southeast-1,ap-southeast-1a,host-718,ct-1488,v3.1.0,8.0,64.0,3,low,scen_000014,top_0014
consumer_8,web_service,kafka_consumer_8,production,ap-southeast-1,ap-southeast-1b,host-434,ct-4621,v2.4.0,4.0,4.0,4,low,scen_000014,top_0014
consumer_9,web_service,kafka_consumer_9,production,ap-southeast-1,ap-southeast-1c,host-627,ct-5389,v3.8.0,2.0,16.0,1,low,scen_000014,top_0014
consumer_10,web_service,kafka_consumer_10,production,ap-southeast-1,ap-southeast-1b,host-633,ct-1281,v1.0.0,4.0,8.0,3,low,scen_000014,top_0014
consumer_11,web_service,kafka_consumer_11,production,ap-southeast-1,ap-southeast-1a,host-649,ct-2373,v1.7.0,16.0,16.0,2,low,scen_000014,top_0014
consumer_12,web_service,kafka_consumer_12,production,ap-southeast-1,ap-southeast-1c,host-774,ct-7145,v1.5.0,8.0,16.0,1,low,scen_000014,top_0014
consumer_13,web_service,kafka_consumer_13,production,ap-southeast-1,ap-southeast-1c,host-178,ct-4626,v3.0.0,16.0,16.0,4,low,scen_000014,top_0014
consumer_14,web_service,kafka_consumer_14,production,ap-southeast-1,ap-southeast-1a,host-954,ct-1272,v2.4.0,4.0,4.0,3,low,scen_000014,top_0014
consumer_15,web_service,kafka_consumer_15,production,ap-southeast-1,ap-southeast-1c,host-879,ct-2564,v2.4.0,4.0,16.0,5,low,scen_000014,top_0014
consumer_16,web_service,kafka_consumer_16,production,ap-southeast-1,ap-southeast-1b,host-379,ct-3498,v3.1.0,2.0,8.0,3,low,scen_000014,top_0014
consumer_17,web_service,kafka_consumer_17,production,ap-southeast-1,ap-southeast-1a,host-469,ct-8571,v1.8.0,16.0,8.0,2,low,scen_000014,top_0014
consumer_18,web_service,kafka_consumer_18,production,ap-southeast-1,ap-southeast-1a,host-222,ct-5085,v1.8.0,4.0,16.0,3,low,scen_000014,top_0014
consumer_19,web_service,kafka_consumer_19,production,ap-southeast-1,ap-southeast-1c,host-300,ct-6542,v2.1.0,8.0,64.0,2,low,scen_000014,top_0014
gw_01,api_gateway,api_gateway,production,us-west-2,us-west-2b,host-654,ct-3878,v2.7.0,8.0,32.0,5,critical,scen_000015,top_0015
lb_01,load_balancer,load_balancer,production,us-west-2,us-west-2c,host-432,ct-7378,v2.5.0,16.0,4.0,3,critical,scen_000015,top_0015
auth_01,auth_service,auth_service,production,us-west-2,us-west-2b,host-237,ct-9366,v2.0.0,4.0,8.0,5,high,scen_000015,top_0015
web_01,web_service,web_service,production,us-west-2,us-west-2c,host-546,ct-1110,v1.0.0,2.0,32.0,3,high,scen_000015,top_0015
db_01,postgresql,postgresql,production,us-west-2,us-west-2c,host-762,ct-8152,v3.2.0,16.0,64.0,2,critical,scen_000015,top_0015
sub_svc_2,web_service,sub_service_2,production,us-west-2,us-west-2a,host-884,ct-3598,v2.6.0,4.0,4.0,4,low,scen_000015,top_0015
sub_svc_3,web_service,sub_service_3,production,us-west-2,us-west-2b,host-652,ct-8804,v2.4.0,16.0,16.0,1,low,scen_000015,top_0015
sub_svc_4,web_service,sub_service_4,production,us-west-2,us-west-2a,host-235,ct-9804,v2.5.0,4.0,16.0,2,low,scen_000015,top_0015
sub_svc_5,web_service,sub_service_5,production,us-west-2,us-west-2a,host-328,ct-1905,v2.6.0,16.0,4.0,2,low,scen_000015,top_0015
sub_svc_6,web_service,sub_service_6,production,us-west-2,us-west-2b,host-933,ct-9318,v1.4.0,2.0,16.0,1,low,scen_000015,top_0015
sub_svc_7,web_service,sub_service_7,production,us-west-2,us-west-2c,host-431,ct-1256,v1.7.0,16.0,32.0,4,low,scen_000015,top_0015
sub_svc_8,web_service,sub_service_8,production,us-west-2,us-west-2c,host-631,ct-1367,v2.5.0,2.0,4.0,2,low,scen_000015,top_0015
sub_svc_9,web_service,sub_service_9,production,us-west-2,us-west-2c,host-251,ct-5066,v3.9.0,8.0,8.0,5,low,scen_000015,top_0015
sub_svc_10,web_service,sub_service_10,production,us-west-2,us-west-2c,host-210,ct-1398,v3.9.0,2.0,64.0,3,low,scen_000015,top_0015
sub_svc_11,web_service,sub_service_11,production,us-west-2,us-west-2b,host-918,ct-7788,v3.6.0,16.0,16.0,1,low,scen_000015,top_0015
sub_svc_12,web_service,sub_service_12,production,us-west-2,us-west-2b,host-555,ct-5371,v2.8.0,2.0,32.0,3,low,scen_000015,top_0015
sub_svc_13,web_service,sub_service_13,production,us-west-2,us-west-2b,host-540,ct-3349,v1.1.0,8.0,8.0,3,low,scen_000015,top_0015
sub_svc_14,web_service,sub_service_14,production,us-west-2,us-west-2c,host-109,ct-4125,v2.7.0,16.0,8.0,1,low,scen_000015,top_0015
sub_svc_15,web_service,sub_service_15,production,us-west-2,us-west-2b,host-666,ct-8296,v3.5.0,2.0,4.0,3,low,scen_000015,top_0015
sub_svc_16,web_service,sub_service_16,production,us-west-2,us-west-2b,host-951,ct-1264,v3.1.0,16.0,16.0,1,low,scen_000015,top_0015
sub_svc_17,web_service,sub_service_17,production,us-west-2,us-west-2a,host-330,ct-6840,v1.3.0,8.0,8.0,2,low,scen_000015,top_0015
sub_svc_18,web_service,sub_service_18,production,us-west-2,us-west-2c,host-901,ct-5654,v3.6.0,16.0,8.0,4,low,scen_000015,top_0015
sub_svc_19,web_service,sub_service_19,production,us-west-2,us-west-2c,host-336,ct-3432,v2.8.0,16.0,64.0,4,low,scen_000015,top_0015
sub_svc_20,web_service,sub_service_20,production,us-west-2,us-west-2a,host-405,ct-6399,v1.6.0,16.0,4.0,2,low,scen_000015,top_0015
sub_svc_21,web_service,sub_service_21,production,us-west-2,us-west-2b,host-544,ct-9194,v3.1.0,4.0,64.0,1,low,scen_000015,top_0015
sub_svc_22,web_service,sub_service_22,production,us-west-2,us-west-2a,host-848,ct-3505,v2.0.0,4.0,8.0,4,low,scen_000015,top_0015
sub_svc_23,web_service,sub_service_23,production,us-west-2,us-west-2a,host-788,ct-5952,v3.6.0,8.0,64.0,4,low,scen_000015,top_0015
gw_01,api_gateway,api_gateway,production,us-east-1,us-east-1c,host-862,ct-1330,v1.7.0,16.0,32.0,1,critical,scen_000016,top_0016
rec_01,recommendation_service,recommendation_service,production,us-east-1,us-east-1c,host-120,ct-6652,v3.2.0,8.0,64.0,4,high,scen_000016,top_0016
es_01,elasticsearch,elasticsearch,production,us-east-1,us-east-1a,host-422,ct-1239,v1.7.0,8.0,8.0,5,critical,scen_000016,top_0016
redis_01,redis,redis,production,us-east-1,us-east-1c,host-467,ct-4344,v3.7.0,4.0,64.0,4,critical,scen_000016,top_0016
mongo_01,mongodb,mongodb,production,us-east-1,us-east-1a,host-869,ct-8446,v3.8.0,2.0,32.0,4,high,scen_000016,top_0016
search_node_1,user_service,search_aux_1,production,us-east-1,us-east-1c,host-522,ct-2687,v1.9.0,4.0,8.0,3,medium,scen_000016,top_0016
search_node_2,user_service,search_aux_2,production,us-east-1,us-east-1b,host-592,ct-7563,v1.0.0,4.0,16.0,3,medium,scen_000016,top_0016
search_node_3,user_service,search_aux_3,production,us-east-1,us-east-1a,host-148,ct-1852,v3.6.0,2.0,4.0,3,medium,scen_000016,top_0016
search_node_4,user_service,search_aux_4,production,us-east-1,us-east-1a,host-975,ct-8150,v2.9.0,4.0,8.0,3,medium,scen_000016,top_0016
search_node_5,user_service,search_aux_5,production,us-east-1,us-east-1a,host-646,ct-5788,v1.6.0,4.0,8.0,1,medium,scen_000016,top_0016
search_node_6,user_service,search_aux_6,production,us-east-1,us-east-1b,host-228,ct-9247,v3.8.0,16.0,64.0,3,medium,scen_000016,top_0016
search_node_7,user_service,search_aux_7,production,us-east-1,us-east-1b,host-523,ct-9579,v2.3.0,4.0,8.0,4,medium,scen_000016,top_0016
search_node_8,user_service,search_aux_8,production,us-east-1,us-east-1b,host-517,ct-9347,v1.1.0,2.0,8.0,5,medium,scen_000016,top_0016
search_node_9,user_service,search_aux_9,production,us-east-1,us-east-1b,host-722,ct-2400,v1.1.0,4.0,4.0,4,medium,scen_000016,top_0016
search_node_10,user_service,search_aux_10,production,us-east-1,us-east-1b,host-786,ct-5134,v3.1.0,8.0,32.0,1,medium,scen_000016,top_0016
search_node_11,user_service,search_aux_11,production,us-east-1,us-east-1a,host-585,ct-6352,v1.7.0,8.0,8.0,5,medium,scen_000016,top_0016
search_node_12,user_service,search_aux_12,production,us-east-1,us-east-1c,host-579,ct-1822,v1.0.0,2.0,8.0,2,medium,scen_000016,top_0016
search_node_13,user_service,search_aux_13,production,us-east-1,us-east-1b,host-580,ct-2082,v3.7.0,8.0,16.0,4,medium,scen_000016,top_0016
search_node_14,user_service,search_aux_14,production,us-east-1,us-east-1b,host-785,ct-5227,v3.9.0,16.0,8.0,3,medium,scen_000016,top_0016
search_node_15,user_service,search_aux_15,production,us-east-1,us-east-1b,host-928,ct-8509,v3.1.0,4.0,4.0,4,medium,scen_000016,top_0016
search_node_16,user_service,search_aux_16,production,us-east-1,us-east-1b,host-175,ct-5020,v3.9.0,16.0,4.0,4,medium,scen_000016,top_0016
search_node_17,user_service,search_aux_17,production,us-east-1,us-east-1a,host-891,ct-2640,v3.6.0,16.0,16.0,2,medium,scen_000016,top_0016
search_node_18,user_service,search_aux_18,production,us-east-1,us-east-1a,host-745,ct-3897,v1.2.0,16.0,64.0,1,medium,scen_000016,top_0016
search_node_19,user_service,search_aux_19,production,us-east-1,us-east-1a,host-335,ct-7067,v3.0.0,2.0,4.0,2,medium,scen_000016,top_0016
search_node_20,user_service,search_aux_20,production,us-east-1,us-east-1c,host-616,ct-5438,v2.5.0,2.0,4.0,4,medium,scen_000016,top_0016
search_node_21,user_service,search_aux_21,production,us-east-1,us-east-1b,host-283,ct-1585,v1.3.0,16.0,32.0,2,medium,scen_000016,top_0016
search_node_22,user_service,search_aux_22,production,us-east-1,us-east-1b,host-820,ct-6735,v3.1.0,2.0,64.0,1,medium,scen_000016,top_0016
search_node_23,user_service,search_aux_23,production,us-east-1,us-east-1a,host-208,ct-6422,v3.0.0,2.0,32.0,5,medium,scen_000016,top_0016
search_node_24,user_service,search_aux_24,production,us-east-1,us-east-1b,host-164,ct-3422,v3.2.0,8.0,4.0,5,medium,scen_000016,top_0016
search_node_25,user_service,search_aux_25,production,us-east-1,us-east-1b,host-634,ct-1760,v3.7.0,4.0,32.0,1,medium,scen_000016,top_0016
search_node_26,user_service,search_aux_26,production,us-east-1,us-east-1c,host-309,ct-8654,v1.2.0,8.0,16.0,3,medium,scen_000016,top_0016
search_node_27,user_service,search_aux_27,production,us-east-1,us-east-1a,host-264,ct-5229,v3.8.0,2.0,16.0,4,medium,scen_000016,top_0016
search_node_28,user_service,search_aux_28,production,us-east-1,us-east-1c,host-646,ct-9464,v1.9.0,4.0,16.0,1,medium,scen_000016,top_0016
search_node_29,user_service,search_aux_29,production,us-east-1,us-east-1c,host-984,ct-8596,v1.6.0,4.0,32.0,3,medium,scen_000016,top_0016
search_node_30,user_service,search_aux_30,production,us-east-1,us-east-1a,host-279,ct-4184,v2.2.0,4.0,64.0,3,medium,scen_000016,top_0016
search_node_31,user_service,search_aux_31,production,us-east-1,us-east-1a,host-716,ct-4025,v3.3.0,16.0,64.0,2,medium,scen_000016,top_0016
search_node_32,user_service,search_aux_32,production,us-east-1,us-east-1b,host-224,ct-5008,v1.1.0,4.0,4.0,1,medium,scen_000016,top_0016
search_node_33,user_service,search_aux_33,production,us-east-1,us-east-1b,host-112,ct-6675,v2.7.0,2.0,8.0,3,medium,scen_000016,top_0016
search_node_34,user_service,search_aux_34,production,us-east-1,us-east-1a,host-324,ct-2372,v3.9.0,8.0,4.0,5,medium,scen_000016,top_0016
search_node_35,user_service,search_aux_35,production,us-east-1,us-east-1a,host-659,ct-8760,v3.9.0,8.0,4.0,2,medium,scen_000016,top_0016
search_node_36,user_service,search_aux_36,production,us-east-1,us-east-1a,host-552,ct-1016,v2.2.0,8.0,64.0,5,medium,scen_000016,top_0016
search_node_37,user_service,search_aux_37,production,us-east-1,us-east-1a,host-524,ct-7556,v3.6.0,4.0,8.0,2,medium,scen_000016,top_0016
search_node_38,user_service,search_aux_38,production,us-east-1,us-east-1c,host-637,ct-1089,v3.3.0,4.0,32.0,3,medium,scen_000016,top_0016
search_node_39,user_service,search_aux_39,production,us-east-1,us-east-1b,host-348,ct-4086,v2.5.0,16.0,32.0,2,medium,scen_000016,top_0016
search_node_40,user_service,search_aux_40,production,us-east-1,us-east-1a,host-822,ct-3661,v3.7.0,4.0,8.0,4,medium,scen_000016,top_0016
search_node_41,user_service,search_aux_41,production,us-east-1,us-east-1b,host-847,ct-1350,v1.9.0,16.0,8.0,3,medium,scen_000016,top_0016
search_node_42,user_service,search_aux_42,production,us-east-1,us-east-1c,host-948,ct-6204,v1.9.0,4.0,32.0,1,medium,scen_000016,top_0016
search_node_43,user_service,search_aux_43,production,us-east-1,us-east-1b,host-758,ct-2306,v1.3.0,8.0,8.0,5,medium,scen_000016,top_0016
search_node_44,user_service,search_aux_44,production,us-east-1,us-east-1b,host-496,ct-2684,v1.3.0,16.0,8.0,3,medium,scen_000016,top_0016
gw_01,api_gateway,api_gateway,production,ap-southeast-1,ap-southeast-1a,host-191,ct-4165,v3.5.0,8.0,64.0,3,critical,scen_000017,top_0017
auth_01,auth_service,auth_service,production,ap-southeast-1,ap-southeast-1a,host-702,ct-3714,v1.6.0,2.0,4.0,4,high,scen_000017,top_0017
order_01,order_service,order_service,production,ap-southeast-1,ap-southeast-1a,host-705,ct-9685,v2.4.0,4.0,8.0,3,critical,scen_000017,top_0017
pay_01,payment_service,payment_service,production,ap-southeast-1,ap-southeast-1a,host-152,ct-2176,v3.5.0,2.0,32.0,2,critical,scen_000017,top_0017
inv_01,inventory_service,inventory_service,production,ap-southeast-1,ap-southeast-1c,host-678,ct-1311,v1.8.0,16.0,4.0,5,high,scen_000017,top_0017
db_master,postgresql,postgresql,production,ap-southeast-1,ap-southeast-1a,host-661,ct-6056,v2.3.0,16.0,16.0,2,critical,scen_000017,top_0017
cache_01,redis,redis,production,ap-southeast-1,ap-southeast-1c,host-950,ct-3165,v3.6.0,4.0,64.0,3,high,scen_000017,top_0017
mq_01,kafka,kafka,production,ap-southeast-1,ap-southeast-1a,host-406,ct-8569,v3.8.0,4.0,16.0,3,high,scen_000017,top_0017
ecom_aux_1,user_service,user_service_1,production,ap-southeast-1,ap-southeast-1b,host-559,ct-8214,v1.3.0,8.0,64.0,3,low,scen_000017,top_0017
gw_01,api_gateway,api_gateway,production,us-west-2,us-west-2b,host-136,ct-2969,v1.0.0,4.0,8.0,3,critical,scen_000018,top_0018
rec_01,recommendation_service,recommendation_service,production,us-west-2,us-west-2a,host-612,ct-8543,v3.9.0,2.0,64.0,5,high,scen_000018,top_0018
es_01,elasticsearch,elasticsearch,production,us-west-2,us-west-2a,host-325,ct-1769,v2.9.0,8.0,16.0,1,critical,scen_000018,top_0018
redis_01,redis,redis,production,us-west-2,us-west-2c,host-858,ct-5743,v2.6.0,16.0,4.0,1,critical,scen_000018,top_0018
mongo_01,mongodb,mongodb,production,us-west-2,us-west-2b,host-206,ct-2799,v3.8.0,16.0,64.0,3,high,scen_000018,top_0018
search_node_1,user_service,search_aux_1,production,us-west-2,us-west-2b,host-903,ct-4796,v1.3.0,4.0,32.0,2,medium,scen_000018,top_0018
search_node_2,user_service,search_aux_2,production,us-west-2,us-west-2b,host-590,ct-9673,v3.4.0,8.0,64.0,5,medium,scen_000018,top_0018
search_node_3,user_service,search_aux_3,production,us-west-2,us-west-2c,host-270,ct-5281,v2.6.0,2.0,16.0,2,medium,scen_000018,top_0018
node_00,kafka,mesh_svc_0,production,ap-southeast-1,ap-southeast-1a,host-218,ct-9840,v2.8.0,4.0,4.0,2,critical,scen_000019,top_0019
node_01,load_balancer,mesh_svc_1,production,ap-southeast-1,ap-southeast-1c,host-892,ct-9540,v1.3.0,8.0,4.0,5,critical,scen_000019,top_0019
node_02,web_service,mesh_svc_2,production,ap-southeast-1,ap-southeast-1a,host-489,ct-5672,v2.5.0,4.0,4.0,1,high,scen_000019,top_0019
node_03,elasticsearch,mesh_svc_3,production,ap-southeast-1,ap-southeast-1b,host-824,ct-5634,v3.4.0,8.0,64.0,3,low,scen_000019,top_0019
node_04,inventory_service,mesh_svc_4,production,ap-southeast-1,ap-southeast-1c,host-650,ct-5530,v2.1.0,4.0,4.0,4,medium,scen_000019,top_0019
node_05,container,mesh_svc_5,production,ap-southeast-1,ap-southeast-1c,host-944,ct-9508,v2.7.0,4.0,8.0,3,medium,scen_000019,top_0019
node_06,vm_instance,mesh_svc_6,production,ap-southeast-1,ap-southeast-1a,host-287,ct-5149,v2.1.0,8.0,4.0,2,medium,scen_000019,top_0019
node_07,load_balancer,mesh_svc_7,production,ap-southeast-1,ap-southeast-1a,host-615,ct-6277,v3.6.0,16.0,16.0,2,high,scen_000019,top_0019
node_08,elasticsearch,mesh_svc_8,production,ap-southeast-1,ap-southeast-1c,host-548,ct-5572,v1.8.0,8.0,16.0,4,low,scen_000019,top_0019
node_09,object_storage,mesh_svc_9,production,ap-southeast-1,ap-southeast-1c,host-164,ct-9390,v2.3.0,2.0,64.0,4,low,scen_000019,top_0019
node_10,web_service,mesh_svc_10,production,ap-southeast-1,ap-southeast-1a,host-647,ct-3072,v2.8.0,16.0,4.0,2,low,scen_000019,top_0019
node_11,auth_service,mesh_svc_11,production,ap-southeast-1,ap-southeast-1c,host-573,ct-6212,v2.5.0,4.0,4.0,2,high,scen_000019,top_0019
node_12,inventory_service,mesh_svc_12,production,ap-southeast-1,ap-southeast-1a,host-905,ct-1321,v1.0.0,2.0,4.0,2,high,scen_000019,top_0019
node_13,redis,mesh_svc_13,production,ap-southeast-1,ap-southeast-1c,host-669,ct-1835,v1.0.0,4.0,16.0,5,low,scen_000019,top_0019
node_14,elasticsearch,mesh_svc_14,production,ap-southeast-1,ap-southeast-1b,host-680,ct-7966,v1.7.0,8.0,4.0,4,high,scen_000019,top_0019
node_15,web_service,mesh_svc_15,production,ap-southeast-1,ap-southeast-1a,host-676,ct-4527,v2.7.0,16.0,64.0,1,high,scen_000019,top_0019
node_16,container,mesh_svc_16,production,ap-southeast-1,ap-southeast-1b,host-243,ct-6218,v3.7.0,16.0,32.0,5,high,scen_000019,top_0019
node_17,web_service,mesh_svc_17,production,ap-southeast-1,ap-southeast-1a,host-200,ct-3197,v3.0.0,16.0,4.0,1,high,scen_000019,top_0019
node_18,user_service,mesh_svc_18,production,ap-southeast-1,ap-southeast-1b,host-115,ct-5274,v1.2.0,2.0,4.0,5,high,scen_000019,top_0019
node_19,vm_instance,mesh_svc_19,production,ap-southeast-1,ap-southeast-1a,host-356,ct-6191,v3.5.0,8.0,8.0,1,low,scen_000019,top_0019
node_20,elasticsearch,mesh_svc_20,production,ap-southeast-1,ap-southeast-1c,host-250,ct-7974,v3.0.0,16.0,64.0,4,low,scen_000019,top_0019
node_21,elasticsearch,mesh_svc_21,production,ap-southeast-1,ap-southeast-1a,host-923,ct-6168,v3.6.0,16.0,64.0,4,high,scen_000019,top_0019
node_22,auth_service,mesh_svc_22,production,ap-southeast-1,ap-southeast-1a,host-335,ct-9537,v2.6.0,16.0,8.0,3,critical,scen_000019,top_0019
node_23,inventory_service,mesh_svc_23,production,ap-southeast-1,ap-southeast-1c,host-365,ct-7298,v3.8.0,8.0,64.0,5,low,scen_000019,top_0019
node_24,order_service,mesh_svc_24,production,ap-southeast-1,ap-southeast-1b,host-861,ct-8145,v3.9.0,8.0,8.0,4,high,scen_000019,top_0019
ingest_01,api_gateway,ingestion_gateway,production,us-east-1,us-east-1b,host-108,ct-6322,v3.2.0,4.0,16.0,4,critical,scen_000020,top_0020
kafka_broker,kafka,kafka,production,us-east-1,us-east-1c,host-596,ct-1839,v2.9.0,2.0,16.0,3,critical,scen_000020,top_0020
notif_01,notification_service,notification_service,production,us-east-1,us-east-1a,host-462,ct-4895,v3.5.0,4.0,16.0,5,high,scen_000020,top_0020
user_01,user_service,user_service,production,us-east-1,us-east-1a,host-452,ct-4436,v1.6.0,2.0,4.0,4,medium,scen_000020,top_0020
db_event,mysql,mysql,production,us-east-1,us-east-1b,host-211,ct-7279,v1.2.0,4.0,4.0,4,high,scen_000020,top_0020
consumer_1,web_service,kafka_consumer_1,production,us-east-1,us-east-1a,host-428,ct-9533,v1.0.0,2.0,32.0,1,low,scen_000020,top_0020
consumer_2,web_service,kafka_consumer_2,production,us-east-1,us-east-1b,host-948,ct-6297,v1.2.0,8.0,32.0,3,low,scen_000020,top_0020
consumer_3,web_service,kafka_consumer_3,production,us-east-1,us-east-1a,host-508,ct-9104,v2.0.0,16.0,64.0,4,low,scen_000020,top_0020
consumer_4,web_service,kafka_consumer_4,production,us-east-1,us-east-1b,host-526,ct-6860,v2.7.0,2.0,32.0,5,low,scen_000020,top_0020
consumer_5,web_service,kafka_consumer_5,production,us-east-1,us-east-1c,host-239,ct-5709,v2.3.0,8.0,4.0,2,low,scen_000020,top_0020
consumer_6,web_service,kafka_consumer_6,production,us-east-1,us-east-1b,host-401,ct-1482,v2.8.0,8.0,16.0,2,low,scen_000020,top_0020
consumer_7,web_service,kafka_consumer_7,production,us-east-1,us-east-1c,host-439,ct-4815,v3.1.0,4.0,8.0,5,low,scen_000020,top_0020
consumer_8,web_service,kafka_consumer_8,production,us-east-1,us-east-1b,host-290,ct-4217,v3.9.0,2.0,8.0,3,low,scen_000020,top_0020
consumer_9,web_service,kafka_consumer_9,production,us-east-1,us-east-1c,host-670,ct-5795,v2.7.0,4.0,4.0,4,low,scen_000020,top_0020
consumer_10,web_service,kafka_consumer_10,production,us-east-1,us-east-1c,host-849,ct-1631,v2.0.0,8.0,16.0,3,low,scen_000020,top_0020
consumer_11,web_service,kafka_consumer_11,production,us-east-1,us-east-1b,host-653,ct-5205,v2.4.0,8.0,32.0,4,low,scen_000020,top_0020
consumer_12,web_service,kafka_consumer_12,production,us-east-1,us-east-1c,host-930,ct-3886,v1.2.0,4.0,8.0,4,low,scen_000020,top_0020
consumer_13,web_service,kafka_consumer_13,production,us-east-1,us-east-1c,host-762,ct-3026,v2.9.0,2.0,8.0,4,low,scen_000020,top_0020
consumer_14,web_service,kafka_consumer_14,production,us-east-1,us-east-1b,host-221,ct-3057,v2.7.0,2.0,8.0,1,low,scen_000020,top_0020
consumer_15,web_service,kafka_consumer_15,production,us-east-1,us-east-1a,host-793,ct-2646,v3.1.0,2.0,64.0,1,low,scen_000020,top_0020
consumer_16,web_service,kafka_consumer_16,production,us-east-1,us-east-1a,host-293,ct-3948,v2.4.0,2.0,64.0,4,low,scen_000020,top_0020
consumer_17,web_service,kafka_consumer_17,production,us-east-1,us-east-1b,host-681,ct-8943,v1.6.0,4.0,64.0,4,low,scen_000020,top_0020
consumer_18,web_service,kafka_consumer_18,production,us-east-1,us-east-1b,host-890,ct-1977,v3.7.0,8.0,16.0,4,low,scen_000020,top_0020
consumer_19,web_service,kafka_consumer_19,production,us-east-1,us-east-1a,host-582,ct-8512,v2.8.0,8.0,64.0,2,low,scen_000020,top_0020
consumer_20,web_service,kafka_consumer_20,production,us-east-1,us-east-1b,host-544,ct-7704,v1.8.0,16.0,64.0,5,low,scen_000020,top_0020
consumer_21,web_service,kafka_consumer_21,production,us-east-1,us-east-1c,host-281,ct-9149,v3.9.0,4.0,4.0,4,low,scen_000020,top_0020
consumer_22,web_service,kafka_consumer_22,production,us-east-1,us-east-1c,host-475,ct-2546,v1.9.0,4.0,32.0,3,low,scen_000020,top_0020
consumer_23,web_service,kafka_consumer_23,production,us-east-1,us-east-1c,host-247,ct-5541,v3.8.0,8.0,32.0,3,low,scen_000020,top_0020
consumer_24,web_service,kafka_consumer_24,production,us-east-1,us-east-1b,host-425,ct-2229,v3.8.0,2.0,8.0,4,low,scen_000020,top_0020
consumer_25,web_service,kafka_consumer_25,production,us-east-1,us-east-1c,host-135,ct-1806,v3.0.0,16.0,8.0,5,low,scen_000020,top_0020
consumer_26,web_service,kafka_consumer_26,production,us-east-1,us-east-1c,host-929,ct-5729,v1.1.0,2.0,8.0,3,low,scen_000020,top_0020
consumer_27,web_service,kafka_consumer_27,production,us-east-1,us-east-1c,host-567,ct-6061,v2.3.0,16.0,4.0,4,low,scen_000020,top_0020
consumer_28,web_service,kafka_consumer_28,production,us-east-1,us-east-1a,host-526,ct-5497,v3.7.0,16.0,16.0,1,low,scen_000020,top_0020
consumer_29,web_service,kafka_consumer_29,production,us-east-1,us-east-1c,host-269,ct-4082,v3.2.0,2.0,64.0,2,low,scen_000020,top_0020
consumer_30,web_service,kafka_consumer_30,production,us-east-1,us-east-1a,host-699,ct-5134,v2.2.0,2.0,16.0,5,low,scen_000020,top_0020
consumer_31,web_service,kafka_consumer_31,production,us-east-1,us-east-1a,host-259,ct-1637,v3.7.0,8.0,32.0,4,low,scen_000020,top_0020
gw_01,api_gateway,api_gateway,production,us-east-1,us-east-1b,host-258,ct-5155,v3.1.0,16.0,32.0,3,critical,scen_000021,top_0021
rec_01,recommendation_service,recommendation_service,production,us-east-1,us-east-1c,host-796,ct-3241,v1.3.0,8.0,32.0,1,high,scen_000021,top_0021
es_01,elasticsearch,elasticsearch,production,us-east-1,us-east-1a,host-288,ct-2790,v2.1.0,16.0,4.0,3,critical,scen_000021,top_0021
redis_01,redis,redis,production,us-east-1,us-east-1b,host-335,ct-5910,v1.0.0,4.0,64.0,3,critical,scen_000021,top_0021
mongo_01,mongodb,mongodb,production,us-east-1,us-east-1a,host-360,ct-1872,v3.8.0,8.0,4.0,5,high,scen_000021,top_0021
search_node_1,user_service,search_aux_1,production,us-east-1,us-east-1a,host-999,ct-1822,v2.3.0,2.0,16.0,5,medium,scen_000021,top_0021
search_node_2,user_service,search_aux_2,production,us-east-1,us-east-1b,host-957,ct-8119,v1.4.0,16.0,64.0,4,medium,scen_000021,top_0021
search_node_3,user_service,search_aux_3,production,us-east-1,us-east-1b,host-117,ct-9029,v2.3.0,16.0,4.0,4,medium,scen_000021,top_0021
search_node_4,user_service,search_aux_4,production,us-east-1,us-east-1a,host-606,ct-4078,v1.9.0,8.0,16.0,3,medium,scen_000021,top_0021
search_node_5,user_service,search_aux_5,production,us-east-1,us-east-1c,host-713,ct-6084,v2.2.0,16.0,4.0,5,medium,scen_000021,top_0021
search_node_6,user_service,search_aux_6,production,us-east-1,us-east-1a,host-403,ct-2312,v2.4.0,4.0,16.0,2,medium,scen_000021,top_0021
search_node_7,user_service,search_aux_7,production,us-east-1,us-east-1b,host-642,ct-2891,v2.2.0,2.0,32.0,5,medium,scen_000021,top_0021
search_node_8,user_service,search_aux_8,production,us-east-1,us-east-1a,host-197,ct-9965,v3.3.0,4.0,32.0,3,medium,scen_000021,top_0021
search_node_9,user_service,search_aux_9,production,us-east-1,us-east-1b,host-753,ct-9334,v3.2.0,2.0,8.0,5,medium,scen_000021,top_0021
search_node_10,user_service,search_aux_10,production,us-east-1,us-east-1c,host-289,ct-6936,v3.9.0,16.0,16.0,1,medium,scen_000021,top_0021
search_node_11,user_service,search_aux_11,production,us-east-1,us-east-1a,host-715,ct-7028,v1.5.0,4.0,16.0,1,medium,scen_000021,top_0021
search_node_12,user_service,search_aux_12,production,us-east-1,us-east-1a,host-884,ct-6202,v1.9.0,8.0,4.0,1,medium,scen_000021,top_0021
search_node_13,user_service,search_aux_13,production,us-east-1,us-east-1b,host-997,ct-4437,v2.6.0,4.0,16.0,2,medium,scen_000021,top_0021
search_node_14,user_service,search_aux_14,production,us-east-1,us-east-1c,host-357,ct-6892,v1.9.0,2.0,16.0,4,medium,scen_000021,top_0021
search_node_15,user_service,search_aux_15,production,us-east-1,us-east-1c,host-719,ct-6757,v1.2.0,16.0,16.0,5,medium,scen_000021,top_0021
search_node_16,user_service,search_aux_16,production,us-east-1,us-east-1b,host-373,ct-3883,v2.2.0,16.0,32.0,4,medium,scen_000021,top_0021
search_node_17,user_service,search_aux_17,production,us-east-1,us-east-1c,host-921,ct-5431,v3.6.0,4.0,8.0,5,medium,scen_000021,top_0021
search_node_18,user_service,search_aux_18,production,us-east-1,us-east-1b,host-346,ct-1497,v3.2.0,16.0,32.0,5,medium,scen_000021,top_0021
search_node_19,user_service,search_aux_19,production,us-east-1,us-east-1b,host-493,ct-9401,v1.0.0,4.0,64.0,1,medium,scen_000021,top_0021
search_node_20,user_service,search_aux_20,production,us-east-1,us-east-1a,host-338,ct-3211,v1.5.0,4.0,32.0,3,medium,scen_000021,top_0021
search_node_21,user_service,search_aux_21,production,us-east-1,us-east-1c,host-573,ct-6717,v2.1.0,8.0,16.0,4,medium,scen_000021,top_0021
search_node_22,user_service,search_aux_22,production,us-east-1,us-east-1a,host-764,ct-2865,v3.2.0,8.0,64.0,3,medium,scen_000021,top_0021
search_node_23,user_service,search_aux_23,production,us-east-1,us-east-1a,host-367,ct-1172,v2.8.0,4.0,32.0,4,medium,scen_000021,top_0021
search_node_24,user_service,search_aux_24,production,us-east-1,us-east-1a,host-804,ct-9760,v1.7.0,16.0,64.0,5,medium,scen_000021,top_0021
search_node_25,user_service,search_aux_25,production,us-east-1,us-east-1c,host-951,ct-1627,v3.2.0,4.0,32.0,1,medium,scen_000021,top_0021
search_node_26,user_service,search_aux_26,production,us-east-1,us-east-1c,host-242,ct-4034,v1.8.0,16.0,32.0,2,medium,scen_000021,top_0021
search_node_27,user_service,search_aux_27,production,us-east-1,us-east-1c,host-696,ct-1792,v1.4.0,16.0,8.0,1,medium,scen_000021,top_0021
search_node_28,user_service,search_aux_28,production,us-east-1,us-east-1a,host-278,ct-9042,v2.8.0,2.0,32.0,2,medium,scen_000021,top_0021
search_node_29,user_service,search_aux_29,production,us-east-1,us-east-1b,host-133,ct-6701,v2.3.0,2.0,64.0,4,medium,scen_000021,top_0021
search_node_30,user_service,search_aux_30,production,us-east-1,us-east-1b,host-376,ct-1981,v2.9.0,4.0,32.0,5,medium,scen_000021,top_0021
search_node_31,user_service,search_aux_31,production,us-east-1,us-east-1a,host-256,ct-8756,v2.9.0,4.0,16.0,2,medium,scen_000021,top_0021
search_node_32,user_service,search_aux_32,production,us-east-1,us-east-1c,host-759,ct-2347,v2.9.0,4.0,16.0,1,medium,scen_000021,top_0021
search_node_33,user_service,search_aux_33,production,us-east-1,us-east-1b,host-944,ct-2114,v3.7.0,16.0,64.0,4,medium,scen_000021,top_0021
search_node_34,user_service,search_aux_34,production,us-east-1,us-east-1c,host-454,ct-1394,v3.2.0,2.0,8.0,2,medium,scen_000021,top_0021
ingest_01,api_gateway,ingestion_gateway,production,ap-southeast-1,ap-southeast-1c,host-667,ct-9609,v3.7.0,4.0,16.0,5,critical,scen_000022,top_0022
kafka_broker,kafka,kafka,production,ap-southeast-1,ap-southeast-1a,host-346,ct-9689,v3.2.0,2.0,64.0,4,critical,scen_000022,top_0022
notif_01,notification_service,notification_service,production,ap-southeast-1,ap-southeast-1c,host-930,ct-8663,v3.5.0,8.0,16.0,2,high,scen_000022,top_0022
user_01,user_service,user_service,production,ap-southeast-1,ap-southeast-1c,host-964,ct-6658,v3.9.0,16.0,16.0,5,medium,scen_000022,top_0022
db_event,mysql,mysql,production,ap-southeast-1,ap-southeast-1b,host-342,ct-5141,v1.4.0,16.0,8.0,1,high,scen_000022,top_0022
consumer_1,web_service,kafka_consumer_1,production,ap-southeast-1,ap-southeast-1a,host-143,ct-5966,v3.4.0,16.0,4.0,3,low,scen_000022,top_0022
consumer_2,web_service,kafka_consumer_2,production,ap-southeast-1,ap-southeast-1b,host-290,ct-1934,v1.4.0,2.0,8.0,5,low,scen_000022,top_0022
consumer_3,web_service,kafka_consumer_3,production,ap-southeast-1,ap-southeast-1b,host-143,ct-1412,v1.5.0,8.0,4.0,5,low,scen_000022,top_0022
consumer_4,web_service,kafka_consumer_4,production,ap-southeast-1,ap-southeast-1b,host-295,ct-4016,v2.4.0,16.0,4.0,1,low,scen_000022,top_0022
consumer_5,web_service,kafka_consumer_5,production,ap-southeast-1,ap-southeast-1a,host-791,ct-4308,v2.7.0,4.0,64.0,1,low,scen_000022,top_0022
consumer_6,web_service,kafka_consumer_6,production,ap-southeast-1,ap-southeast-1c,host-364,ct-6604,v2.2.0,16.0,4.0,4,low,scen_000022,top_0022
consumer_7,web_service,kafka_consumer_7,production,ap-southeast-1,ap-southeast-1b,host-547,ct-7699,v2.2.0,8.0,4.0,4,low,scen_000022,top_0022
consumer_8,web_service,kafka_consumer_8,production,ap-southeast-1,ap-southeast-1a,host-515,ct-7780,v3.8.0,2.0,32.0,2,low,scen_000022,top_0022
consumer_9,web_service,kafka_consumer_9,production,ap-southeast-1,ap-southeast-1a,host-301,ct-4879,v3.3.0,4.0,64.0,4,low,scen_000022,top_0022
consumer_10,web_service,kafka_consumer_10,production,ap-southeast-1,ap-southeast-1a,host-942,ct-8668,v2.7.0,16.0,16.0,1,low,scen_000022,top_0022
consumer_11,web_service,kafka_consumer_11,production,ap-southeast-1,ap-southeast-1b,host-510,ct-8962,v1.1.0,16.0,32.0,5,low,scen_000022,top_0022
consumer_12,web_service,kafka_consumer_12,production,ap-southeast-1,ap-southeast-1a,host-829,ct-6779,v1.7.0,2.0,16.0,3,low,scen_000022,top_0022
consumer_13,web_service,kafka_consumer_13,production,ap-southeast-1,ap-southeast-1c,host-541,ct-1135,v2.2.0,4.0,32.0,4,low,scen_000022,top_0022
consumer_14,web_service,kafka_consumer_14,production,ap-southeast-1,ap-southeast-1b,host-447,ct-3975,v3.3.0,8.0,32.0,1,low,scen_000022,top_0022
consumer_15,web_service,kafka_consumer_15,production,ap-southeast-1,ap-southeast-1a,host-713,ct-4637,v2.1.0,2.0,16.0,3,low,scen_000022,top_0022
consumer_16,web_service,kafka_consumer_16,production,ap-southeast-1,ap-southeast-1b,host-945,ct-6615,v3.1.0,16.0,8.0,4,low,scen_000022,top_0022
consumer_17,web_service,kafka_consumer_17,production,ap-southeast-1,ap-southeast-1c,host-296,ct-2828,v2.1.0,16.0,8.0,3,low,scen_000022,top_0022
consumer_18,web_service,kafka_consumer_18,production,ap-southeast-1,ap-southeast-1c,host-842,ct-8435,v3.5.0,8.0,4.0,2,low,scen_000022,top_0022
consumer_19,web_service,kafka_consumer_19,production,ap-southeast-1,ap-southeast-1c,host-925,ct-8953,v1.0.0,2.0,16.0,5,low,scen_000022,top_0022
consumer_20,web_service,kafka_consumer_20,production,ap-southeast-1,ap-southeast-1b,host-885,ct-4915,v2.0.0,16.0,32.0,5,low,scen_000022,top_0022
consumer_21,web_service,kafka_consumer_21,production,ap-southeast-1,ap-southeast-1c,host-400,ct-9453,v2.3.0,8.0,16.0,4,low,scen_000022,top_0022
consumer_22,web_service,kafka_consumer_22,production,ap-southeast-1,ap-southeast-1c,host-940,ct-3419,v2.6.0,16.0,16.0,3,low,scen_000022,top_0022
consumer_23,web_service,kafka_consumer_23,production,ap-southeast-1,ap-southeast-1a,host-860,ct-8789,v1.2.0,2.0,8.0,1,low,scen_000022,top_0022
consumer_24,web_service,kafka_consumer_24,production,ap-southeast-1,ap-southeast-1c,host-258,ct-7687,v1.2.0,8.0,64.0,3,low,scen_000022,top_0022
consumer_25,web_service,kafka_consumer_25,production,ap-southeast-1,ap-southeast-1b,host-262,ct-5705,v1.7.0,16.0,4.0,3,low,scen_000022,top_0022
consumer_26,web_service,kafka_consumer_26,production,ap-southeast-1,ap-southeast-1a,host-830,ct-6816,v1.7.0,4.0,8.0,1,low,scen_000022,top_0022
consumer_27,web_service,kafka_consumer_27,production,ap-southeast-1,ap-southeast-1c,host-181,ct-9078,v2.5.0,8.0,4.0,4,low,scen_000022,top_0022
consumer_28,web_service,kafka_consumer_28,production,ap-southeast-1,ap-southeast-1c,host-673,ct-9599,v2.4.0,16.0,8.0,5,low,scen_000022,top_0022
consumer_29,web_service,kafka_consumer_29,production,ap-southeast-1,ap-southeast-1a,host-139,ct-2060,v3.2.0,16.0,32.0,3,low,scen_000022,top_0022
consumer_30,web_service,kafka_consumer_30,production,ap-southeast-1,ap-southeast-1b,host-218,ct-9619,v2.1.0,8.0,32.0,5,low,scen_000022,top_0022
consumer_31,web_service,kafka_consumer_31,production,ap-southeast-1,ap-southeast-1a,host-849,ct-7960,v2.2.0,8.0,32.0,4,low,scen_000022,top_0022
consumer_32,web_service,kafka_consumer_32,production,ap-southeast-1,ap-southeast-1a,host-508,ct-5950,v1.4.0,16.0,16.0,4,low,scen_000022,top_0022
consumer_33,web_service,kafka_consumer_33,production,ap-southeast-1,ap-southeast-1b,host-431,ct-1158,v2.8.0,16.0,64.0,5,low,scen_000022,top_0022
consumer_34,web_service,kafka_consumer_34,production,ap-southeast-1,ap-southeast-1a,host-242,ct-5074,v1.6.0,2.0,8.0,1,low,scen_000022,top_0022
consumer_35,web_service,kafka_consumer_35,production,ap-southeast-1,ap-southeast-1c,host-804,ct-2795,v3.6.0,2.0,4.0,4,low,scen_000022,top_0022
consumer_36,web_service,kafka_consumer_36,production,ap-southeast-1,ap-southeast-1b,host-841,ct-3332,v2.9.0,4.0,32.0,3,low,scen_000022,top_0022
consumer_37,web_service,kafka_consumer_37,production,ap-southeast-1,ap-southeast-1a,host-199,ct-5885,v2.2.0,16.0,64.0,4,low,scen_000022,top_0022
consumer_38,web_service,kafka_consumer_38,production,ap-southeast-1,ap-southeast-1b,host-115,ct-7972,v3.3.0,8.0,8.0,1,low,scen_000022,top_0022
consumer_39,web_service,kafka_consumer_39,production,ap-southeast-1,ap-southeast-1b,host-394,ct-3236,v3.9.0,8.0,4.0,1,low,scen_000022,top_0022
consumer_40,web_service,kafka_consumer_40,production,ap-southeast-1,ap-southeast-1b,host-572,ct-6409,v1.2.0,8.0,32.0,1,low,scen_000022,top_0022
consumer_41,web_service,kafka_consumer_41,production,ap-southeast-1,ap-southeast-1a,host-363,ct-9608,v2.0.0,4.0,8.0,2,low,scen_000022,top_0022
consumer_42,web_service,kafka_consumer_42,production,ap-southeast-1,ap-southeast-1b,host-877,ct-1462,v2.7.0,2.0,64.0,2,low,scen_000022,top_0022
gw_01,api_gateway,api_gateway,production,us-east-1,us-east-1b,host-851,ct-8437,v3.8.0,16.0,16.0,2,critical,scen_000023,top_0023
lb_01,load_balancer,load_balancer,production,us-east-1,us-east-1c,host-127,ct-4922,v3.8.0,16.0,32.0,4,critical,scen_000023,top_0023
auth_01,auth_service,auth_service,production,us-east-1,us-east-1c,host-927,ct-2222,v3.1.0,2.0,16.0,5,high,scen_000023,top_0023
web_01,web_service,web_service,production,us-east-1,us-east-1b,host-151,ct-5757,v3.3.0,2.0,4.0,5,high,scen_000023,top_0023
db_01,postgresql,postgresql,production,us-east-1,us-east-1b,host-233,ct-6862,v2.4.0,16.0,8.0,5,critical,scen_000023,top_0023
sub_svc_2,web_service,sub_service_2,production,us-east-1,us-east-1a,host-251,ct-2259,v3.8.0,16.0,32.0,2,low,scen_000023,top_0023
sub_svc_3,web_service,sub_service_3,production,us-east-1,us-east-1c,host-932,ct-7673,v3.0.0,4.0,32.0,1,low,scen_000023,top_0023
sub_svc_4,web_service,sub_service_4,production,us-east-1,us-east-1c,host-773,ct-8806,v2.8.0,8.0,16.0,2,low,scen_000023,top_0023
sub_svc_5,web_service,sub_service_5,production,us-east-1,us-east-1a,host-576,ct-1722,v2.3.0,16.0,4.0,4,low,scen_000023,top_0023
sub_svc_6,web_service,sub_service_6,production,us-east-1,us-east-1a,host-510,ct-4781,v2.0.0,16.0,8.0,1,low,scen_000023,top_0023
sub_svc_7,web_service,sub_service_7,production,us-east-1,us-east-1c,host-278,ct-3874,v3.6.0,16.0,32.0,5,low,scen_000023,top_0023
sub_svc_8,web_service,sub_service_8,production,us-east-1,us-east-1b,host-915,ct-4026,v2.4.0,8.0,32.0,5,low,scen_000023,top_0023
sub_svc_9,web_service,sub_service_9,production,us-east-1,us-east-1b,host-230,ct-1035,v2.3.0,16.0,4.0,5,low,scen_000023,top_0023
sub_svc_10,web_service,sub_service_10,production,us-east-1,us-east-1a,host-874,ct-6344,v2.7.0,16.0,64.0,4,low,scen_000023,top_0023
sub_svc_11,web_service,sub_service_11,production,us-east-1,us-east-1c,host-580,ct-7817,v2.1.0,4.0,4.0,2,low,scen_000023,top_0023
sub_svc_12,web_service,sub_service_12,production,us-east-1,us-east-1b,host-924,ct-1060,v1.0.0,8.0,16.0,3,low,scen_000023,top_0023
sub_svc_13,web_service,sub_service_13,production,us-east-1,us-east-1c,host-858,ct-4441,v2.6.0,4.0,4.0,1,low,scen_000023,top_0023
sub_svc_14,web_service,sub_service_14,production,us-east-1,us-east-1b,host-542,ct-7834,v2.5.0,4.0,8.0,4,low,scen_000023,top_0023
sub_svc_15,web_service,sub_service_15,production,us-east-1,us-east-1a,host-190,ct-3790,v1.1.0,4.0,4.0,2,low,scen_000023,top_0023
sub_svc_16,web_service,sub_service_16,production,us-east-1,us-east-1b,host-274,ct-6681,v2.4.0,2.0,64.0,1,low,scen_000023,top_0023
ingest_01,api_gateway,ingestion_gateway,production,us-west-2,us-west-2a,host-841,ct-7826,v1.3.0,2.0,4.0,3,critical,scen_000024,top_0024
kafka_broker,kafka,kafka,production,us-west-2,us-west-2a,host-511,ct-5028,v3.1.0,4.0,16.0,5,critical,scen_000024,top_0024
notif_01,notification_service,notification_service,production,us-west-2,us-west-2a,host-673,ct-6866,v1.4.0,16.0,8.0,2,high,scen_000024,top_0024
user_01,user_service,user_service,production,us-west-2,us-west-2c,host-858,ct-9068,v3.1.0,2.0,64.0,5,medium,scen_000024,top_0024
db_event,mysql,mysql,production,us-west-2,us-west-2c,host-741,ct-6264,v2.4.0,8.0,8.0,4,high,scen_000024,top_0024
consumer_1,web_service,kafka_consumer_1,production,us-west-2,us-west-2c,host-423,ct-3727,v2.6.0,8.0,16.0,4,low,scen_000024,top_0024
consumer_2,web_service,kafka_consumer_2,production,us-west-2,us-west-2a,host-254,ct-4470,v2.9.0,4.0,32.0,5,low,scen_000024,top_0024
consumer_3,web_service,kafka_consumer_3,production,us-west-2,us-west-2a,host-489,ct-5546,v2.2.0,8.0,16.0,4,low,scen_000024,top_0024
consumer_4,web_service,kafka_consumer_4,production,us-west-2,us-west-2c,host-994,ct-5543,v2.2.0,8.0,64.0,2,low,scen_000024,top_0024
gw_01,api_gateway,api_gateway,production,us-east-1,us-east-1a,host-810,ct-6259,v3.7.0,8.0,32.0,5,critical,scen_000025,top_0025
auth_01,auth_service,auth_service,production,us-east-1,us-east-1b,host-819,ct-3857,v3.2.0,4.0,8.0,5,high,scen_000025,top_0025
order_01,order_service,order_service,production,us-east-1,us-east-1c,host-943,ct-4454,v3.0.0,4.0,16.0,5,critical,scen_000025,top_0025
pay_01,payment_service,payment_service,production,us-east-1,us-east-1a,host-462,ct-9724,v3.0.0,2.0,32.0,1,critical,scen_000025,top_0025
inv_01,inventory_service,inventory_service,production,us-east-1,us-east-1b,host-226,ct-4382,v2.2.0,16.0,16.0,1,high,scen_000025,top_0025
db_master,postgresql,postgresql,production,us-east-1,us-east-1c,host-627,ct-9288,v1.2.0,4.0,8.0,2,critical,scen_000025,top_0025
cache_01,redis,redis,production,us-east-1,us-east-1c,host-872,ct-2533,v3.7.0,8.0,16.0,4,high,scen_000025,top_0025
mq_01,kafka,kafka,production,us-east-1,us-east-1c,host-118,ct-8372,v2.4.0,16.0,64.0,2,high,scen_000025,top_0025
ecom_aux_1,user_service,user_service_1,production,us-east-1,us-east-1a,host-859,ct-4317,v3.2.0,16.0,4.0,4,low,scen_000025,top_0025
ecom_aux_2,user_service,user_service_2,production,us-east-1,us-east-1c,host-678,ct-3818,v3.9.0,2.0,8.0,1,low,scen_000025,top_0025
ecom_aux_3,user_service,user_service_3,production,us-east-1,us-east-1a,host-113,ct-7329,v2.9.0,4.0,16.0,5,low,scen_000025,top_0025
ecom_aux_4,user_service,user_service_4,production,us-east-1,us-east-1a,host-918,ct-3936,v2.5.0,16.0,8.0,1,low,scen_000025,top_0025
ecom_aux_5,user_service,user_service_5,production,us-east-1,us-east-1b,host-387,ct-5835,v3.4.0,8.0,32.0,4,low,scen_000025,top_0025
ecom_aux_6,user_service,user_service_6,production,us-east-1,us-east-1a,host-804,ct-8781,v3.9.0,8.0,64.0,4,low,scen_000025,top_0025
ecom_aux_7,user_service,user_service_7,production,us-east-1,us-east-1c,host-636,ct-5694,v2.3.0,2.0,16.0,1,low,scen_000025,top_0025
ecom_aux_8,user_service,user_service_8,production,us-east-1,us-east-1a,host-750,ct-4926,v3.4.0,2.0,64.0,4,low,scen_000025,top_0025
ecom_aux_9,user_service,user_service_9,production,us-east-1,us-east-1b,host-955,ct-1795,v3.1.0,16.0,4.0,5,low,scen_000025,top_0025
ecom_aux_10,user_service,user_service_10,production,us-east-1,us-east-1b,host-703,ct-6186,v1.5.0,4.0,8.0,3,low,scen_000025,top_0025
ecom_aux_11,user_service,user_service_11,production,us-east-1,us-east-1a,host-135,ct-9868,v2.9.0,2.0,4.0,2,low,scen_000025,top_0025
ecom_aux_12,user_service,user_service_12,production,us-east-1,us-east-1b,host-732,ct-2368,v3.8.0,8.0,4.0,1,low,scen_000025,top_0025
ecom_aux_13,user_service,user_service_13,production,us-east-1,us-east-1b,host-498,ct-6233,v2.0.0,8.0,32.0,4,low,scen_000025,top_0025
ecom_aux_14,user_service,user_service_14,production,us-east-1,us-east-1c,host-786,ct-2931,v2.2.0,2.0,16.0,4,low,scen_000025,top_0025
ecom_aux_15,user_service,user_service_15,production,us-east-1,us-east-1c,host-351,ct-2232,v3.4.0,16.0,16.0,5,low,scen_000025,top_0025
gw_01,api_gateway,api_gateway,production,ap-southeast-1,ap-southeast-1b,host-994,ct-1967,v1.7.0,16.0,32.0,3,critical,scen_000026,top_0026
auth_01,auth_service,auth_service,production,ap-southeast-1,ap-southeast-1a,host-575,ct-6165,v1.0.0,8.0,8.0,3,high,scen_000026,top_0026
order_01,order_service,order_service,production,ap-southeast-1,ap-southeast-1a,host-324,ct-8229,v1.3.0,16.0,4.0,1,critical,scen_000026,top_0026
pay_01,payment_service,payment_service,production,ap-southeast-1,ap-southeast-1b,host-910,ct-8115,v2.3.0,4.0,64.0,5,critical,scen_000026,top_0026
inv_01,inventory_service,inventory_service,production,ap-southeast-1,ap-southeast-1b,host-957,ct-4618,v3.5.0,8.0,64.0,1,high,scen_000026,top_0026
db_master,postgresql,postgresql,production,ap-southeast-1,ap-southeast-1c,host-708,ct-1000,v3.2.0,16.0,4.0,4,critical,scen_000026,top_0026
cache_01,redis,redis,production,ap-southeast-1,ap-southeast-1b,host-706,ct-3807,v1.3.0,8.0,8.0,2,high,scen_000026,top_0026
mq_01,kafka,kafka,production,ap-southeast-1,ap-southeast-1a,host-111,ct-8585,v1.8.0,4.0,8.0,1,high,scen_000026,top_0026
ecom_aux_1,user_service,user_service_1,production,ap-southeast-1,ap-southeast-1c,host-777,ct-5841,v3.5.0,16.0,8.0,4,low,scen_000026,top_0026
ecom_aux_2,user_service,user_service_2,production,ap-southeast-1,ap-southeast-1a,host-646,ct-9204,v1.7.0,4.0,16.0,5,low,scen_000026,top_0026
ecom_aux_3,user_service,user_service_3,production,ap-southeast-1,ap-southeast-1c,host-856,ct-9694,v2.9.0,16.0,64.0,5,low,scen_000026,top_0026
ecom_aux_4,user_service,user_service_4,production,ap-southeast-1,ap-southeast-1a,host-823,ct-1244,v3.2.0,8.0,32.0,1,low,scen_000026,top_0026
ecom_aux_5,user_service,user_service_5,production,ap-southeast-1,ap-southeast-1b,host-294,ct-1730,v2.1.0,2.0,16.0,3,low,scen_000026,top_0026
ecom_aux_6,user_service,user_service_6,production,ap-southeast-1,ap-southeast-1c,host-429,ct-8651,v1.3.0,16.0,64.0,1,low,scen_000026,top_0026
ecom_aux_7,user_service,user_service_7,production,ap-southeast-1,ap-southeast-1c,host-473,ct-3163,v1.2.0,16.0,4.0,3,low,scen_000026,top_0026
ecom_aux_8,user_service,user_service_8,production,ap-southeast-1,ap-southeast-1b,host-102,ct-5759,v3.1.0,16.0,64.0,5,low,scen_000026,top_0026
ecom_aux_9,user_service,user_service_9,production,ap-southeast-1,ap-southeast-1a,host-842,ct-5072,v3.1.0,4.0,4.0,3,low,scen_000026,top_0026
ecom_aux_10,user_service,user_service_10,production,ap-southeast-1,ap-southeast-1a,host-459,ct-4093,v3.3.0,2.0,8.0,5,low,scen_000026,top_0026
ecom_aux_11,user_service,user_service_11,production,ap-southeast-1,ap-southeast-1a,host-301,ct-2864,v1.8.0,8.0,16.0,1,low,scen_000026,top_0026
ecom_aux_12,user_service,user_service_12,production,ap-southeast-1,ap-southeast-1a,host-287,ct-9491,v3.6.0,16.0,16.0,1,low,scen_000026,top_0026
ecom_aux_13,user_service,user_service_13,production,ap-southeast-1,ap-southeast-1b,host-358,ct-5494,v3.7.0,16.0,4.0,5,low,scen_000026,top_0026
ecom_aux_14,user_service,user_service_14,production,ap-southeast-1,ap-southeast-1a,host-188,ct-3364,v2.8.0,8.0,4.0,3,low,scen_000026,top_0026
ecom_aux_15,user_service,user_service_15,production,ap-southeast-1,ap-southeast-1c,host-103,ct-8037,v3.3.0,4.0,4.0,5,low,scen_000026,top_0026
ecom_aux_16,user_service,user_service_16,production,ap-southeast-1,ap-southeast-1b,host-127,ct-7190,v2.8.0,8.0,4.0,5,low,scen_000026,top_0026
ecom_aux_17,user_service,user_service_17,production,ap-southeast-1,ap-southeast-1a,host-702,ct-5786,v3.2.0,8.0,64.0,4,low,scen_000026,top_0026
ecom_aux_18,user_service,user_service_18,production,ap-southeast-1,ap-southeast-1b,host-794,ct-5489,v3.0.0,2.0,16.0,2,low,scen_000026,top_0026
ecom_aux_19,user_service,user_service_19,production,ap-southeast-1,ap-southeast-1a,host-419,ct-1261,v1.5.0,8.0,16.0,1,low,scen_000026,top_0026
ecom_aux_20,user_service,user_service_20,production,ap-southeast-1,ap-southeast-1b,host-669,ct-1245,v2.7.0,16.0,32.0,1,low,scen_000026,top_0026
ecom_aux_21,user_service,user_service_21,production,ap-southeast-1,ap-southeast-1b,host-697,ct-6921,v2.4.0,8.0,4.0,3,low,scen_000026,top_0026
ecom_aux_22,user_service,user_service_22,production,ap-southeast-1,ap-southeast-1b,host-642,ct-9732,v2.5.0,2.0,4.0,4,low,scen_000026,top_0026
ecom_aux_23,user_service,user_service_23,production,ap-southeast-1,ap-southeast-1c,host-310,ct-2192,v2.5.0,4.0,16.0,3,low,scen_000026,top_0026
ecom_aux_24,user_service,user_service_24,production,ap-southeast-1,ap-southeast-1c,host-120,ct-1667,v2.4.0,8.0,4.0,2,low,scen_000026,top_0026
ecom_aux_25,user_service,user_service_25,production,ap-southeast-1,ap-southeast-1a,host-815,ct-7851,v3.9.0,4.0,16.0,3,low,scen_000026,top_0026
ecom_aux_26,user_service,user_service_26,production,ap-southeast-1,ap-southeast-1c,host-328,ct-6731,v1.1.0,2.0,8.0,2,low,scen_000026,top_0026
ecom_aux_27,user_service,user_service_27,production,ap-southeast-1,ap-southeast-1c,host-961,ct-8747,v2.6.0,2.0,16.0,2,low,scen_000026,top_0026
ecom_aux_28,user_service,user_service_28,production,ap-southeast-1,ap-southeast-1c,host-640,ct-9720,v2.1.0,2.0,32.0,5,low,scen_000026,top_0026
ecom_aux_29,user_service,user_service_29,production,ap-southeast-1,ap-southeast-1b,host-420,ct-4941,v3.8.0,2.0,8.0,4,low,scen_000026,top_0026
ecom_aux_30,user_service,user_service_30,production,ap-southeast-1,ap-southeast-1a,host-509,ct-9421,v3.4.0,4.0,4.0,1,low,scen_000026,top_0026
ecom_aux_31,user_service,user_service_31,production,ap-southeast-1,ap-southeast-1b,host-946,ct-9955,v2.7.0,2.0,8.0,3,low,scen_000026,top_0026
ecom_aux_32,user_service,user_service_32,production,ap-southeast-1,ap-southeast-1a,host-860,ct-7140,v2.3.0,2.0,4.0,4,low,scen_000026,top_0026
gw_01,api_gateway,api_gateway,production,us-east-1,us-east-1b,host-141,ct-4120,v2.7.0,16.0,8.0,5,critical,scen_000027,top_0027
rec_01,recommendation_service,recommendation_service,production,us-east-1,us-east-1b,host-697,ct-3342,v1.3.0,2.0,8.0,4,high,scen_000027,top_0027
es_01,elasticsearch,elasticsearch,production,us-east-1,us-east-1a,host-873,ct-4206,v2.4.0,16.0,4.0,2,critical,scen_000027,top_0027
redis_01,redis,redis,production,us-east-1,us-east-1a,host-893,ct-3196,v3.8.0,2.0,32.0,1,critical,scen_000027,top_0027
mongo_01,mongodb,mongodb,production,us-east-1,us-east-1a,host-182,ct-8598,v3.8.0,8.0,8.0,3,high,scen_000027,top_0027
search_node_1,user_service,search_aux_1,production,us-east-1,us-east-1b,host-978,ct-5863,v2.8.0,8.0,8.0,1,medium,scen_000027,top_0027
search_node_2,user_service,search_aux_2,production,us-east-1,us-east-1b,host-243,ct-2190,v1.9.0,2.0,32.0,2,medium,scen_000027,top_0027
search_node_3,user_service,search_aux_3,production,us-east-1,us-east-1c,host-482,ct-5692,v2.0.0,4.0,64.0,3,medium,scen_000027,top_0027
search_node_4,user_service,search_aux_4,production,us-east-1,us-east-1c,host-760,ct-1293,v1.4.0,4.0,16.0,4,medium,scen_000027,top_0027
search_node_5,user_service,search_aux_5,production,us-east-1,us-east-1a,host-909,ct-5788,v2.1.0,16.0,64.0,2,medium,scen_000027,top_0027
search_node_6,user_service,search_aux_6,production,us-east-1,us-east-1a,host-661,ct-2976,v3.2.0,16.0,16.0,4,medium,scen_000027,top_0027
search_node_7,user_service,search_aux_7,production,us-east-1,us-east-1c,host-537,ct-8804,v1.1.0,4.0,16.0,4,medium,scen_000027,top_0027
search_node_8,user_service,search_aux_8,production,us-east-1,us-east-1c,host-884,ct-2038,v3.1.0,4.0,4.0,4,medium,scen_000027,top_0027
search_node_9,user_service,search_aux_9,production,us-east-1,us-east-1c,host-960,ct-3309,v1.1.0,8.0,8.0,4,medium,scen_000027,top_0027
search_node_10,user_service,search_aux_10,production,us-east-1,us-east-1b,host-372,ct-9817,v1.2.0,2.0,8.0,5,medium,scen_000027,top_0027
search_node_11,user_service,search_aux_11,production,us-east-1,us-east-1b,host-201,ct-4063,v1.0.0,2.0,16.0,2,medium,scen_000027,top_0027
search_node_12,user_service,search_aux_12,production,us-east-1,us-east-1c,host-601,ct-3906,v3.3.0,8.0,64.0,4,medium,scen_000027,top_0027
search_node_13,user_service,search_aux_13,production,us-east-1,us-east-1a,host-503,ct-3526,v1.5.0,16.0,32.0,4,medium,scen_000027,top_0027
search_node_14,user_service,search_aux_14,production,us-east-1,us-east-1a,host-688,ct-4205,v2.0.0,2.0,64.0,3,medium,scen_000027,top_0027
search_node_15,user_service,search_aux_15,production,us-east-1,us-east-1a,host-353,ct-5874,v3.0.0,16.0,64.0,3,medium,scen_000027,top_0027
gw_01,api_gateway,api_gateway,production,us-east-1,us-east-1b,host-426,ct-3821,v1.5.0,4.0,32.0,3,critical,scen_000028,top_0028
rec_01,recommendation_service,recommendation_service,production,us-east-1,us-east-1b,host-897,ct-7926,v2.1.0,2.0,4.0,3,high,scen_000028,top_0028
es_01,elasticsearch,elasticsearch,production,us-east-1,us-east-1b,host-856,ct-8636,v3.8.0,4.0,4.0,4,critical,scen_000028,top_0028
redis_01,redis,redis,production,us-east-1,us-east-1b,host-623,ct-6943,v3.1.0,8.0,64.0,5,critical,scen_000028,top_0028
mongo_01,mongodb,mongodb,production,us-east-1,us-east-1c,host-776,ct-4694,v3.1.0,8.0,64.0,2,high,scen_000028,top_0028
search_node_1,user_service,search_aux_1,production,us-east-1,us-east-1c,host-777,ct-6739,v1.4.0,2.0,16.0,5,medium,scen_000028,top_0028
search_node_2,user_service,search_aux_2,production,us-east-1,us-east-1c,host-252,ct-5716,v3.3.0,4.0,32.0,1,medium,scen_000028,top_0028
search_node_3,user_service,search_aux_3,production,us-east-1,us-east-1c,host-759,ct-3653,v3.7.0,16.0,8.0,2,medium,scen_000028,top_0028
search_node_4,user_service,search_aux_4,production,us-east-1,us-east-1a,host-203,ct-5693,v2.7.0,16.0,8.0,2,medium,scen_000028,top_0028
search_node_5,user_service,search_aux_5,production,us-east-1,us-east-1a,host-455,ct-9014,v3.3.0,8.0,4.0,4,medium,scen_000028,top_0028
search_node_6,user_service,search_aux_6,production,us-east-1,us-east-1a,host-525,ct-9872,v3.1.0,4.0,8.0,1,medium,scen_000028,top_0028
search_node_7,user_service,search_aux_7,production,us-east-1,us-east-1b,host-738,ct-4523,v1.5.0,8.0,4.0,5,medium,scen_000028,top_0028
search_node_8,user_service,search_aux_8,production,us-east-1,us-east-1a,host-830,ct-8306,v2.0.0,2.0,32.0,5,medium,scen_000028,top_0028
search_node_9,user_service,search_aux_9,production,us-east-1,us-east-1b,host-542,ct-6278,v2.2.0,8.0,32.0,4,medium,scen_000028,top_0028
search_node_10,user_service,search_aux_10,production,us-east-1,us-east-1a,host-443,ct-4784,v2.2.0,8.0,64.0,2,medium,scen_000028,top_0028
search_node_11,user_service,search_aux_11,production,us-east-1,us-east-1b,host-143,ct-4696,v1.5.0,2.0,32.0,2,medium,scen_000028,top_0028
search_node_12,user_service,search_aux_12,production,us-east-1,us-east-1a,host-127,ct-3467,v1.8.0,8.0,4.0,5,medium,scen_000028,top_0028
search_node_13,user_service,search_aux_13,production,us-east-1,us-east-1b,host-172,ct-5480,v2.3.0,8.0,64.0,2,medium,scen_000028,top_0028
search_node_14,user_service,search_aux_14,production,us-east-1,us-east-1b,host-469,ct-7517,v2.2.0,2.0,8.0,3,medium,scen_000028,top_0028
search_node_15,user_service,search_aux_15,production,us-east-1,us-east-1b,host-983,ct-8674,v3.3.0,8.0,64.0,1,medium,scen_000028,top_0028
search_node_16,user_service,search_aux_16,production,us-east-1,us-east-1a,host-128,ct-9950,v3.0.0,8.0,32.0,1,medium,scen_000028,top_0028
search_node_17,user_service,search_aux_17,production,us-east-1,us-east-1c,host-367,ct-5724,v2.1.0,2.0,8.0,5,medium,scen_000028,top_0028
search_node_18,user_service,search_aux_18,production,us-east-1,us-east-1a,host-897,ct-2236,v3.1.0,8.0,8.0,2,medium,scen_000028,top_0028
search_node_19,user_service,search_aux_19,production,us-east-1,us-east-1a,host-187,ct-5318,v1.3.0,8.0,16.0,3,medium,scen_000028,top_0028
search_node_20,user_service,search_aux_20,production,us-east-1,us-east-1a,host-434,ct-7663,v2.0.0,2.0,32.0,4,medium,scen_000028,top_0028
search_node_21,user_service,search_aux_21,production,us-east-1,us-east-1a,host-771,ct-8783,v1.5.0,16.0,8.0,4,medium,scen_000028,top_0028
search_node_22,user_service,search_aux_22,production,us-east-1,us-east-1c,host-619,ct-2015,v1.0.0,2.0,64.0,3,medium,scen_000028,top_0028
search_node_23,user_service,search_aux_23,production,us-east-1,us-east-1b,host-941,ct-4647,v1.3.0,8.0,8.0,4,medium,scen_000028,top_0028
search_node_24,user_service,search_aux_24,production,us-east-1,us-east-1a,host-268,ct-8254,v1.4.0,4.0,8.0,5,medium,scen_000028,top_0028
search_node_25,user_service,search_aux_25,production,us-east-1,us-east-1c,host-106,ct-8776,v2.6.0,4.0,16.0,5,medium,scen_000028,top_0028
search_node_26,user_service,search_aux_26,production,us-east-1,us-east-1c,host-702,ct-9729,v2.4.0,8.0,4.0,1,medium,scen_000028,top_0028
search_node_27,user_service,search_aux_27,production,us-east-1,us-east-1c,host-215,ct-5059,v3.3.0,4.0,16.0,1,medium,scen_000028,top_0028
search_node_28,user_service,search_aux_28,production,us-east-1,us-east-1c,host-120,ct-2406,v2.4.0,8.0,16.0,4,medium,scen_000028,top_0028
search_node_29,user_service,search_aux_29,production,us-east-1,us-east-1a,host-272,ct-7012,v3.5.0,2.0,8.0,1,medium,scen_000028,top_0028
search_node_30,user_service,search_aux_30,production,us-east-1,us-east-1b,host-983,ct-5029,v1.5.0,2.0,8.0,5,medium,scen_000028,top_0028
search_node_31,user_service,search_aux_31,production,us-east-1,us-east-1c,host-233,ct-6778,v2.6.0,2.0,32.0,5,medium,scen_000028,top_0028
search_node_32,user_service,search_aux_32,production,us-east-1,us-east-1b,host-344,ct-6990,v3.1.0,16.0,8.0,4,medium,scen_000028,top_0028
search_node_33,user_service,search_aux_33,production,us-east-1,us-east-1a,host-358,ct-3102,v1.1.0,16.0,32.0,4,medium,scen_000028,top_0028
node_00,elasticsearch,mesh_svc_0,production,us-west-2,us-west-2a,host-685,ct-9870,v2.2.0,16.0,4.0,3,high,scen_000029,top_0029
node_01,notification_service,mesh_svc_1,production,us-west-2,us-west-2b,host-473,ct-4900,v1.3.0,8.0,8.0,3,low,scen_000029,top_0029
node_02,api_gateway,mesh_svc_2,production,us-west-2,us-west-2a,host-561,ct-3599,v2.2.0,8.0,4.0,5,medium,scen_000029,top_0029
node_03,rabbitmq,mesh_svc_3,production,us-west-2,us-west-2a,host-662,ct-2989,v2.5.0,4.0,64.0,2,medium,scen_000029,top_0029
node_04,notification_service,mesh_svc_4,production,us-west-2,us-west-2b,host-155,ct-9065,v3.7.0,2.0,4.0,1,low,scen_000029,top_0029
node_05,rabbitmq,mesh_svc_5,production,us-west-2,us-west-2b,host-706,ct-6006,v3.0.0,8.0,16.0,1,high,scen_000029,top_0029
node_06,postgresql,mesh_svc_6,production,us-west-2,us-west-2a,host-842,ct-6392,v2.1.0,2.0,8.0,1,critical,scen_000029,top_0029
node_07,recommendation_service,mesh_svc_7,production,us-west-2,us-west-2c,host-557,ct-4718,v3.3.0,2.0,4.0,5,high,scen_000029,top_0029
node_08,vm_instance,mesh_svc_8,production,us-west-2,us-west-2b,host-978,ct-9170,v3.7.0,4.0,8.0,5,low,scen_000029,top_0029
node_09,auth_service,mesh_svc_9,production,us-west-2,us-west-2c,host-480,ct-7774,v1.8.0,16.0,16.0,3,critical,scen_000029,top_0029
node_10,rabbitmq,mesh_svc_10,production,us-west-2,us-west-2a,host-132,ct-7122,v2.3.0,16.0,8.0,5,critical,scen_000029,top_0029
node_11,inventory_service,mesh_svc_11,production,us-west-2,us-west-2b,host-368,ct-9183,v1.1.0,8.0,4.0,5,medium,scen_000029,top_0029
node_12,load_balancer,mesh_svc_12,production,us-west-2,us-west-2a,host-495,ct-5499,v3.5.0,16.0,32.0,5,high,scen_000029,top_0029
node_13,notification_service,mesh_svc_13,production,us-west-2,us-west-2b,host-688,ct-6752,v3.9.0,2.0,8.0,5,critical,scen_000029,top_0029
node_14,order_service,mesh_svc_14,production,us-west-2,us-west-2c,host-314,ct-6844,v2.0.0,8.0,32.0,2,medium,scen_000029,top_0029
node_15,api_gateway,mesh_svc_15,production,us-west-2,us-west-2b,host-383,ct-9198,v1.9.0,4.0,64.0,4,critical,scen_000029,top_0029
node_16,rabbitmq,mesh_svc_16,production,us-west-2,us-west-2a,host-326,ct-8181,v3.6.0,2.0,8.0,1,critical,scen_000029,top_0029
node_17,auth_service,mesh_svc_17,production,us-west-2,us-west-2c,host-593,ct-1857,v3.5.0,2.0,32.0,5,medium,scen_000029,top_0029
node_18,postgresql,mesh_svc_18,production,us-west-2,us-west-2b,host-242,ct-6486,v2.3.0,16.0,4.0,5,critical,scen_000029,top_0029
node_19,rabbitmq,mesh_svc_19,production,us-west-2,us-west-2b,host-310,ct-4396,v1.6.0,2.0,16.0,5,critical,scen_000029,top_0029
node_20,inventory_service,mesh_svc_20,production,us-west-2,us-west-2a,host-714,ct-3710,v2.2.0,2.0,16.0,4,high,scen_000029,top_0029
node_21,inventory_service,mesh_svc_21,production,us-west-2,us-west-2a,host-440,ct-1235,v3.2.0,8.0,64.0,3,low,scen_000029,top_0029
node_22,kafka,mesh_svc_22,production,us-west-2,us-west-2c,host-617,ct-6827,v3.7.0,2.0,64.0,2,low,scen_000029,top_0029
node_23,vm_instance,mesh_svc_23,production,us-west-2,us-west-2c,host-747,ct-7391,v2.9.0,4.0,8.0,3,high,scen_000029,top_0029
node_24,object_storage,mesh_svc_24,production,us-west-2,us-west-2b,host-723,ct-5135,v2.5.0,16.0,4.0,5,low,scen_000029,top_0029
ingest_01,api_gateway,ingestion_gateway,production,us-west-2,us-west-2a,host-261,ct-9195,v3.2.0,4.0,64.0,5,critical,scen_000030,top_0030
kafka_broker,kafka,kafka,production,us-west-2,us-west-2b,host-656,ct-7451,v1.3.0,8.0,32.0,4,critical,scen_000030,top_0030
notif_01,notification_service,notification_service,production,us-west-2,us-west-2a,host-780,ct-9069,v1.6.0,16.0,32.0,3,high,scen_000030,top_0030
user_01,user_service,user_service,production,us-west-2,us-west-2a,host-836,ct-1872,v2.7.0,8.0,4.0,4,medium,scen_000030,top_0030
db_event,mysql,mysql,production,us-west-2,us-west-2b,host-631,ct-3327,v3.1.0,4.0,4.0,3,high,scen_000030,top_0030
consumer_1,web_service,kafka_consumer_1,production,us-west-2,us-west-2c,host-851,ct-2344,v1.5.0,8.0,8.0,4,low,scen_000030,top_0030
consumer_2,web_service,kafka_consumer_2,production,us-west-2,us-west-2a,host-469,ct-4777,v2.7.0,8.0,8.0,5,low,scen_000030,top_0030
consumer_3,web_service,kafka_consumer_3,production,us-west-2,us-west-2c,host-473,ct-9172,v3.0.0,4.0,64.0,1,low,scen_000030,top_0030
consumer_4,web_service,kafka_consumer_4,production,us-west-2,us-west-2a,host-778,ct-1241,v1.7.0,4.0,16.0,5,low,scen_000030,top_0030
consumer_5,web_service,kafka_consumer_5,production,us-west-2,us-west-2a,host-839,ct-6682,v1.4.0,16.0,16.0,1,low,scen_000030,top_0030
consumer_6,web_service,kafka_consumer_6,production,us-west-2,us-west-2a,host-226,ct-7764,v3.3.0,8.0,64.0,4,low,scen_000030,top_0030
consumer_7,web_service,kafka_consumer_7,production,us-west-2,us-west-2b,host-167,ct-2366,v2.0.0,16.0,32.0,3,low,scen_000030,top_0030
node_00,payment_service,mesh_svc_0,production,eu-central-1,eu-central-1c,host-218,ct-6284,v3.8.0,16.0,8.0,5,low,scen_000031,top_0031
node_01,kafka,mesh_svc_1,production,eu-central-1,eu-central-1a,host-195,ct-4333,v2.0.0,8.0,16.0,2,low,scen_000031,top_0031
node_02,notification_service,mesh_svc_2,production,eu-central-1,eu-central-1c,host-523,ct-2759,v3.7.0,16.0,8.0,2,low,scen_000031,top_0031
node_03,postgresql,mesh_svc_3,production,eu-central-1,eu-central-1b,host-232,ct-9036,v1.0.0,2.0,8.0,1,low,scen_000031,top_0031
node_04,kafka,mesh_svc_4,production,eu-central-1,eu-central-1c,host-192,ct-5133,v2.5.0,8.0,8.0,5,high,scen_000031,top_0031
node_05,k8s_node,mesh_svc_5,production,eu-central-1,eu-central-1a,host-814,ct-7459,v3.4.0,16.0,32.0,1,medium,scen_000031,top_0031
node_06,kafka,mesh_svc_6,production,eu-central-1,eu-central-1a,host-523,ct-5700,v3.3.0,8.0,8.0,3,low,scen_000031,top_0031
node_07,mongodb,mesh_svc_7,production,eu-central-1,eu-central-1a,host-849,ct-8128,v1.0.0,8.0,64.0,1,low,scen_000031,top_0031
node_08,mysql,mesh_svc_8,production,eu-central-1,eu-central-1c,host-204,ct-4222,v1.4.0,2.0,16.0,5,low,scen_000031,top_0031
node_09,user_service,mesh_svc_9,production,eu-central-1,eu-central-1c,host-328,ct-7402,v3.1.0,8.0,8.0,4,medium,scen_000031,top_0031
node_10,notification_service,mesh_svc_10,production,eu-central-1,eu-central-1c,host-883,ct-7191,v1.9.0,4.0,4.0,2,critical,scen_000031,top_0031
node_11,load_balancer,mesh_svc_11,production,eu-central-1,eu-central-1c,host-177,ct-3103,v3.2.0,2.0,8.0,4,critical,scen_000031,top_0031
node_12,k8s_node,mesh_svc_12,production,eu-central-1,eu-central-1a,host-542,ct-2892,v3.3.0,2.0,64.0,4,medium,scen_000031,top_0031
node_13,payment_service,mesh_svc_13,production,eu-central-1,eu-central-1c,host-112,ct-5060,v3.0.0,4.0,16.0,5,medium,scen_000031,top_0031
node_14,k8s_node,mesh_svc_14,production,eu-central-1,eu-central-1c,host-707,ct-1970,v2.8.0,8.0,16.0,3,low,scen_000031,top_0031
node_15,redis,mesh_svc_15,production,eu-central-1,eu-central-1a,host-599,ct-4280,v2.9.0,8.0,4.0,4,low,scen_000031,top_0031
node_16,postgresql,mesh_svc_16,production,eu-central-1,eu-central-1b,host-624,ct-4941,v1.0.0,8.0,64.0,1,high,scen_000031,top_0031
node_17,rabbitmq,mesh_svc_17,production,eu-central-1,eu-central-1a,host-622,ct-9850,v1.4.0,16.0,64.0,3,high,scen_000031,top_0031
node_18,user_service,mesh_svc_18,production,eu-central-1,eu-central-1b,host-927,ct-7292,v1.1.0,8.0,32.0,2,high,scen_000031,top_0031
node_19,recommendation_service,mesh_svc_19,production,eu-central-1,eu-central-1c,host-969,ct-9911,v1.5.0,4.0,4.0,4,medium,scen_000031,top_0031
node_20,mongodb,mesh_svc_20,production,eu-central-1,eu-central-1a,host-134,ct-5192,v1.2.0,4.0,8.0,4,low,scen_000031,top_0031
node_21,mysql,mesh_svc_21,production,eu-central-1,eu-central-1c,host-884,ct-7222,v2.4.0,8.0,16.0,5,low,scen_000031,top_0031
node_22,mysql,mesh_svc_22,production,eu-central-1,eu-central-1c,host-448,ct-4780,v1.8.0,16.0,4.0,1,low,scen_000031,top_0031
node_23,notification_service,mesh_svc_23,production,eu-central-1,eu-central-1a,host-881,ct-9215,v1.5.0,4.0,4.0,1,low,scen_000031,top_0031
node_24,mysql,mesh_svc_24,production,eu-central-1,eu-central-1b,host-978,ct-4045,v3.2.0,2.0,4.0,3,medium,scen_000031,top_0031
node_25,redis,mesh_svc_25,production,eu-central-1,eu-central-1b,host-535,ct-4479,v2.6.0,16.0,4.0,3,high,scen_000031,top_0031
node_00,elasticsearch,mesh_svc_0,production,eu-central-1,eu-central-1b,host-930,ct-7854,v2.4.0,8.0,32.0,4,low,scen_000032,top_0032
node_01,mongodb,mesh_svc_1,production,eu-central-1,eu-central-1c,host-226,ct-7941,v1.2.0,16.0,64.0,3,high,scen_000032,top_0032
node_02,auth_service,mesh_svc_2,production,eu-central-1,eu-central-1c,host-374,ct-9882,v1.2.0,16.0,8.0,5,critical,scen_000032,top_0032
node_03,notification_service,mesh_svc_3,production,eu-central-1,eu-central-1a,host-305,ct-9625,v1.4.0,4.0,16.0,4,medium,scen_000032,top_0032
node_04,api_gateway,mesh_svc_4,production,eu-central-1,eu-central-1b,host-393,ct-4592,v1.7.0,2.0,16.0,3,medium,scen_000032,top_0032
node_05,user_service,mesh_svc_5,production,eu-central-1,eu-central-1c,host-850,ct-2943,v2.9.0,4.0,8.0,1,medium,scen_000032,top_0032
node_06,container,mesh_svc_6,production,eu-central-1,eu-central-1c,host-173,ct-9227,v2.8.0,2.0,4.0,5,low,scen_000032,top_0032
node_07,user_service,mesh_svc_7,production,eu-central-1,eu-central-1b,host-134,ct-4201,v1.9.0,8.0,4.0,3,high,scen_000032,top_0032
node_08,k8s_node,mesh_svc_8,production,eu-central-1,eu-central-1b,host-814,ct-4702,v3.7.0,2.0,16.0,3,medium,scen_000032,top_0032
node_09,mongodb,mesh_svc_9,production,eu-central-1,eu-central-1b,host-845,ct-6379,v2.1.0,8.0,16.0,2,critical,scen_000032,top_0032
node_10,redis,mesh_svc_10,production,eu-central-1,eu-central-1c,host-367,ct-1928,v3.0.0,8.0,64.0,2,low,scen_000032,top_0032
node_11,user_service,mesh_svc_11,production,eu-central-1,eu-central-1c,host-108,ct-3323,v3.9.0,8.0,4.0,5,critical,scen_000032,top_0032
node_12,container,mesh_svc_12,production,eu-central-1,eu-central-1b,host-334,ct-2803,v2.3.0,16.0,8.0,2,high,scen_000032,top_0032
node_13,container,mesh_svc_13,production,eu-central-1,eu-central-1a,host-692,ct-5024,v3.5.0,2.0,4.0,2,medium,scen_000032,top_0032
node_14,web_service,mesh_svc_14,production,eu-central-1,eu-central-1c,host-639,ct-2419,v2.7.0,8.0,4.0,5,medium,scen_000032,top_0032
node_15,web_service,mesh_svc_15,production,eu-central-1,eu-central-1b,host-708,ct-4877,v1.2.0,2.0,32.0,2,high,scen_000032,top_0032
node_16,postgresql,mesh_svc_16,production,eu-central-1,eu-central-1b,host-463,ct-5814,v3.7.0,16.0,8.0,1,high,scen_000032,top_0032
node_17,object_storage,mesh_svc_17,production,eu-central-1,eu-central-1b,host-758,ct-5414,v3.1.0,8.0,64.0,1,medium,scen_000032,top_0032
node_18,notification_service,mesh_svc_18,production,eu-central-1,eu-central-1a,host-101,ct-1177,v1.8.0,8.0,32.0,3,critical,scen_000032,top_0032
node_00,mongodb,mesh_svc_0,production,eu-central-1,eu-central-1b,host-114,ct-3688,v2.5.0,16.0,16.0,1,low,scen_000033,top_0033
node_01,notification_service,mesh_svc_1,production,eu-central-1,eu-central-1c,host-528,ct-2537,v3.6.0,4.0,4.0,3,high,scen_000033,top_0033
node_02,order_service,mesh_svc_2,production,eu-central-1,eu-central-1b,host-972,ct-5263,v3.5.0,2.0,16.0,4,high,scen_000033,top_0033
node_03,auth_service,mesh_svc_3,production,eu-central-1,eu-central-1b,host-952,ct-4635,v3.2.0,4.0,4.0,3,medium,scen_000033,top_0033
node_04,mongodb,mesh_svc_4,production,eu-central-1,eu-central-1b,host-621,ct-5715,v3.5.0,16.0,4.0,3,high,scen_000033,top_0033
node_05,api_gateway,mesh_svc_5,production,eu-central-1,eu-central-1b,host-529,ct-6338,v3.3.0,16.0,4.0,3,high,scen_000033,top_0033
node_06,redis,mesh_svc_6,production,eu-central-1,eu-central-1a,host-210,ct-5788,v3.2.0,2.0,32.0,1,high,scen_000033,top_0033
node_07,postgresql,mesh_svc_7,production,eu-central-1,eu-central-1a,host-473,ct-7828,v1.3.0,2.0,32.0,5,medium,scen_000033,top_0033
node_08,vm_instance,mesh_svc_8,production,eu-central-1,eu-central-1a,host-918,ct-2775,v1.9.0,2.0,4.0,1,critical,scen_000033,top_0033
node_09,k8s_node,mesh_svc_9,production,eu-central-1,eu-central-1b,host-823,ct-9400,v1.3.0,2.0,32.0,3,medium,scen_000033,top_0033
node_10,vm_instance,mesh_svc_10,production,eu-central-1,eu-central-1a,host-555,ct-4529,v2.5.0,2.0,16.0,4,high,scen_000033,top_0033
node_11,payment_service,mesh_svc_11,production,eu-central-1,eu-central-1c,host-903,ct-9443,v2.2.0,8.0,32.0,4,critical,scen_000033,top_0033
node_12,elasticsearch,mesh_svc_12,production,eu-central-1,eu-central-1a,host-568,ct-4707,v1.4.0,4.0,32.0,5,high,scen_000033,top_0033
node_13,inventory_service,mesh_svc_13,production,eu-central-1,eu-central-1c,host-244,ct-7653,v1.5.0,4.0,16.0,5,medium,scen_000033,top_0033
node_14,recommendation_service,mesh_svc_14,production,eu-central-1,eu-central-1a,host-857,ct-2721,v1.0.0,16.0,16.0,4,high,scen_000033,top_0033
node_15,order_service,mesh_svc_15,production,eu-central-1,eu-central-1c,host-248,ct-1820,v1.7.0,2.0,8.0,1,high,scen_000033,top_0033
node_16,recommendation_service,mesh_svc_16,production,eu-central-1,eu-central-1a,host-789,ct-4887,v2.6.0,2.0,8.0,1,medium,scen_000033,top_0033
node_17,notification_service,mesh_svc_17,production,eu-central-1,eu-central-1a,host-278,ct-4138,v1.3.0,4.0,4.0,3,low,scen_000033,top_0033
ingest_01,api_gateway,ingestion_gateway,production,us-west-2,us-west-2a,host-781,ct-3500,v1.0.0,16.0,8.0,2,critical,scen_000034,top_0034
kafka_broker,kafka,kafka,production,us-west-2,us-west-2a,host-410,ct-5564,v3.6.0,4.0,16.0,5,critical,scen_000034,top_0034
notif_01,notification_service,notification_service,production,us-west-2,us-west-2c,host-219,ct-4558,v1.7.0,8.0,16.0,5,high,scen_000034,top_0034
user_01,user_service,user_service,production,us-west-2,us-west-2b,host-870,ct-2949,v3.3.0,2.0,8.0,4,medium,scen_000034,top_0034
db_event,mysql,mysql,production,us-west-2,us-west-2a,host-641,ct-7676,v3.6.0,4.0,64.0,4,high,scen_000034,top_0034
consumer_1,web_service,kafka_consumer_1,production,us-west-2,us-west-2a,host-458,ct-2622,v1.8.0,16.0,8.0,2,low,scen_000034,top_0034
consumer_2,web_service,kafka_consumer_2,production,us-west-2,us-west-2a,host-457,ct-4689,v1.1.0,4.0,4.0,1,low,scen_000034,top_0034
consumer_3,web_service,kafka_consumer_3,production,us-west-2,us-west-2c,host-608,ct-6684,v2.7.0,8.0,32.0,5,low,scen_000034,top_0034
consumer_4,web_service,kafka_consumer_4,production,us-west-2,us-west-2b,host-847,ct-9534,v2.4.0,16.0,8.0,3,low,scen_000034,top_0034
consumer_5,web_service,kafka_consumer_5,production,us-west-2,us-west-2a,host-540,ct-8398,v1.9.0,4.0,8.0,2,low,scen_000034,top_0034
consumer_6,web_service,kafka_consumer_6,production,us-west-2,us-west-2b,host-521,ct-7905,v1.5.0,4.0,8.0,5,low,scen_000034,top_0034
consumer_7,web_service,kafka_consumer_7,production,us-west-2,us-west-2c,host-690,ct-2711,v1.8.0,2.0,8.0,2,low,scen_000034,top_0034
consumer_8,web_service,kafka_consumer_8,production,us-west-2,us-west-2c,host-754,ct-8907,v1.6.0,2.0,64.0,1,low,scen_000034,top_0034
consumer_9,web_service,kafka_consumer_9,production,us-west-2,us-west-2a,host-663,ct-9746,v1.9.0,16.0,32.0,4,low,scen_000034,top_0034
consumer_10,web_service,kafka_consumer_10,production,us-west-2,us-west-2c,host-982,ct-2421,v1.1.0,4.0,16.0,3,low,scen_000034,top_0034
consumer_11,web_service,kafka_consumer_11,production,us-west-2,us-west-2a,host-344,ct-6239,v1.1.0,2.0,16.0,1,low,scen_000034,top_0034
consumer_12,web_service,kafka_consumer_12,production,us-west-2,us-west-2c,host-336,ct-6172,v3.8.0,4.0,16.0,3,low,scen_000034,top_0034
consumer_13,web_service,kafka_consumer_13,production,us-west-2,us-west-2b,host-376,ct-3469,v3.8.0,2.0,4.0,2,low,scen_000034,top_0034
consumer_14,web_service,kafka_consumer_14,production,us-west-2,us-west-2b,host-343,ct-3267,v3.2.0,16.0,64.0,2,low,scen_000034,top_0034
consumer_15,web_service,kafka_consumer_15,production,us-west-2,us-west-2a,host-699,ct-4377,v1.4.0,2.0,32.0,2,low,scen_000034,top_0034
consumer_16,web_service,kafka_consumer_16,production,us-west-2,us-west-2a,host-537,ct-4820,v3.7.0,16.0,32.0,3,low,scen_000034,top_0034
consumer_17,web_service,kafka_consumer_17,production,us-west-2,us-west-2c,host-251,ct-6949,v2.1.0,4.0,16.0,3,low,scen_000034,top_0034
consumer_18,web_service,kafka_consumer_18,production,us-west-2,us-west-2a,host-884,ct-2050,v1.0.0,16.0,16.0,3,low,scen_000034,top_0034
consumer_19,web_service,kafka_consumer_19,production,us-west-2,us-west-2a,host-853,ct-1423,v2.7.0,4.0,4.0,4,low,scen_000034,top_0034
consumer_20,web_service,kafka_consumer_20,production,us-west-2,us-west-2c,host-617,ct-4406,v2.2.0,16.0,32.0,5,low,scen_000034,top_0034
consumer_21,web_service,kafka_consumer_21,production,us-west-2,us-west-2c,host-415,ct-6069,v1.8.0,2.0,64.0,5,low,scen_000034,top_0034
node_00,web_service,mesh_svc_0,production,eu-central-1,eu-central-1c,host-258,ct-9126,v2.5.0,4.0,4.0,4,critical,scen_000035,top_0035
node_01,object_storage,mesh_svc_1,production,eu-central-1,eu-central-1c,host-392,ct-2515,v1.2.0,4.0,16.0,3,medium,scen_000035,top_0035
node_02,redis,mesh_svc_2,production,eu-central-1,eu-central-1b,host-741,ct-6632,v3.5.0,2.0,32.0,5,high,scen_000035,top_0035
node_03,recommendation_service,mesh_svc_3,production,eu-central-1,eu-central-1c,host-559,ct-9218,v2.6.0,8.0,16.0,4,critical,scen_000035,top_0035
node_04,api_gateway,mesh_svc_4,production,eu-central-1,eu-central-1a,host-691,ct-6164,v1.7.0,4.0,8.0,5,medium,scen_000035,top_0035
node_05,web_service,mesh_svc_5,production,eu-central-1,eu-central-1b,host-384,ct-3561,v1.5.0,2.0,64.0,5,medium,scen_000035,top_0035
node_06,mongodb,mesh_svc_6,production,eu-central-1,eu-central-1b,host-463,ct-7062,v1.6.0,16.0,16.0,3,high,scen_000035,top_0035
node_07,mysql,mesh_svc_7,production,eu-central-1,eu-central-1c,host-266,ct-3083,v2.8.0,4.0,4.0,1,low,scen_000035,top_0035
node_08,user_service,mesh_svc_8,production,eu-central-1,eu-central-1b,host-499,ct-9605,v3.9.0,16.0,4.0,1,low,scen_000035,top_0035
node_09,container,mesh_svc_9,production,eu-central-1,eu-central-1c,host-280,ct-9426,v3.9.0,16.0,32.0,5,critical,scen_000035,top_0035
node_10,recommendation_service,mesh_svc_10,production,eu-central-1,eu-central-1c,host-759,ct-2594,v2.2.0,16.0,16.0,1,medium,scen_000035,top_0035
node_11,vm_instance,mesh_svc_11,production,eu-central-1,eu-central-1b,host-972,ct-3736,v1.5.0,8.0,8.0,1,critical,scen_000035,top_0035
node_12,kafka,mesh_svc_12,production,eu-central-1,eu-central-1b,host-846,ct-8114,v3.1.0,16.0,64.0,3,medium,scen_000035,top_0035
node_13,container,mesh_svc_13,production,eu-central-1,eu-central-1a,host-946,ct-9599,v1.7.0,8.0,8.0,2,low,scen_000035,top_0035
node_14,notification_service,mesh_svc_14,production,eu-central-1,eu-central-1a,host-246,ct-7284,v1.7.0,2.0,32.0,3,high,scen_000035,top_0035
node_15,web_service,mesh_svc_15,production,eu-central-1,eu-central-1a,host-607,ct-5380,v1.9.0,16.0,32.0,5,critical,scen_000035,top_0035
node_16,auth_service,mesh_svc_16,production,eu-central-1,eu-central-1c,host-923,ct-6246,v1.2.0,16.0,8.0,3,critical,scen_000035,top_0035
node_17,api_gateway,mesh_svc_17,production,eu-central-1,eu-central-1a,host-523,ct-7395,v2.8.0,2.0,4.0,4,medium,scen_000035,top_0035
node_18,order_service,mesh_svc_18,production,eu-central-1,eu-central-1a,host-218,ct-7988,v1.6.0,4.0,64.0,2,low,scen_000035,top_0035
node_19,auth_service,mesh_svc_19,production,eu-central-1,eu-central-1b,host-368,ct-4897,v2.6.0,2.0,8.0,2,medium,scen_000035,top_0035
node_20,mongodb,mesh_svc_20,production,eu-central-1,eu-central-1a,host-330,ct-5433,v2.8.0,8.0,8.0,2,low,scen_000035,top_0035
node_21,payment_service,mesh_svc_21,production,eu-central-1,eu-central-1a,host-482,ct-1792,v2.1.0,8.0,4.0,5,medium,scen_000035,top_0035
node_22,rabbitmq,mesh_svc_22,production,eu-central-1,eu-central-1c,host-360,ct-6454,v3.1.0,16.0,64.0,1,high,scen_000035,top_0035
node_23,container,mesh_svc_23,production,eu-central-1,eu-central-1b,host-749,ct-4372,v2.9.0,2.0,64.0,1,critical,scen_000035,top_0035
node_24,user_service,mesh_svc_24,production,eu-central-1,eu-central-1a,host-294,ct-2267,v3.2.0,16.0,8.0,3,low,scen_000035,top_0035
node_25,kafka,mesh_svc_25,production,eu-central-1,eu-central-1b,host-765,ct-7986,v3.7.0,2.0,8.0,3,medium,scen_000035,top_0035
node_26,inventory_service,mesh_svc_26,production,eu-central-1,eu-central-1a,host-154,ct-9076,v2.9.0,4.0,16.0,5,medium,scen_000035,top_0035
node_27,rabbitmq,mesh_svc_27,production,eu-central-1,eu-central-1a,host-299,ct-3770,v3.2.0,2.0,8.0,5,low,scen_000035,top_0035
node_28,mongodb,mesh_svc_28,production,eu-central-1,eu-central-1c,host-933,ct-4366,v3.4.0,8.0,16.0,1,low,scen_000035,top_0035
node_29,k8s_node,mesh_svc_29,production,eu-central-1,eu-central-1b,host-199,ct-9295,v2.8.0,16.0,16.0,1,low,scen_000035,top_0035
node_30,mysql,mesh_svc_30,production,eu-central-1,eu-central-1c,host-297,ct-9150,v3.8.0,16.0,16.0,1,high,scen_000035,top_0035
node_31,vm_instance,mesh_svc_31,production,eu-central-1,eu-central-1a,host-348,ct-1920,v1.1.0,2.0,32.0,2,high,scen_000035,top_0035
node_32,kafka,mesh_svc_32,production,eu-central-1,eu-central-1b,host-486,ct-8309,v3.2.0,16.0,64.0,5,low,scen_000035,top_0035
node_33,k8s_node,mesh_svc_33,production,eu-central-1,eu-central-1c,host-362,ct-3716,v3.4.0,2.0,64.0,2,high,scen_000035,top_0035
node_34,rabbitmq,mesh_svc_34,production,eu-central-1,eu-central-1a,host-172,ct-7619,v3.3.0,2.0,4.0,4,high,scen_000035,top_0035
node_35,k8s_node,mesh_svc_35,production,eu-central-1,eu-central-1b,host-500,ct-6448,v1.9.0,2.0,8.0,5,medium,scen_000035,top_0035
node_36,postgresql,mesh_svc_36,production,eu-central-1,eu-central-1c,host-469,ct-5341,v3.2.0,8.0,64.0,3,low,scen_000035,top_0035
node_37,rabbitmq,mesh_svc_37,production,eu-central-1,eu-central-1a,host-773,ct-9611,v2.1.0,2.0,8.0,4,high,scen_000035,top_0035
node_38,auth_service,mesh_svc_38,production,eu-central-1,eu-central-1c,host-981,ct-3297,v2.4.0,16.0,8.0,1,low,scen_000035,top_0035
node_39,redis,mesh_svc_39,production,eu-central-1,eu-central-1b,host-442,ct-9525,v3.9.0,8.0,64.0,3,low,scen_000035,top_0035
node_40,api_gateway,mesh_svc_40,production,eu-central-1,eu-central-1c,host-461,ct-3582,v1.6.0,8.0,16.0,1,high,scen_000035,top_0035
node_41,web_service,mesh_svc_41,production,eu-central-1,eu-central-1a,host-993,ct-4817,v1.6.0,2.0,16.0,4,critical,scen_000035,top_0035
node_42,api_gateway,mesh_svc_42,production,eu-central-1,eu-central-1a,host-243,ct-1694,v3.3.0,2.0,32.0,5,low,scen_000035,top_0035
node_43,redis,mesh_svc_43,production,eu-central-1,eu-central-1b,host-190,ct-9066,v2.7.0,8.0,4.0,4,high,scen_000035,top_0035
node_44,kafka,mesh_svc_44,production,eu-central-1,eu-central-1c,host-523,ct-8856,v3.4.0,8.0,16.0,4,high,scen_000035,top_0035
node_45,mongodb,mesh_svc_45,production,eu-central-1,eu-central-1a,host-596,ct-5382,v1.8.0,16.0,64.0,2,low,scen_000035,top_0035
node_46,rabbitmq,mesh_svc_46,production,eu-central-1,eu-central-1c,host-383,ct-7331,v3.8.0,8.0,32.0,2,medium,scen_000035,top_0035
node_00,container,mesh_svc_0,production,ap-southeast-1,ap-southeast-1c,host-611,ct-5012,v1.6.0,2.0,64.0,4,high,scen_000036,top_0036
node_01,rabbitmq,mesh_svc_1,production,ap-southeast-1,ap-southeast-1c,host-443,ct-4730,v2.5.0,4.0,16.0,3,low,scen_000036,top_0036
node_02,notification_service,mesh_svc_2,production,ap-southeast-1,ap-southeast-1c,host-622,ct-4786,v3.9.0,2.0,16.0,1,medium,scen_000036,top_0036
node_03,mysql,mesh_svc_3,production,ap-southeast-1,ap-southeast-1c,host-259,ct-7488,v2.8.0,16.0,4.0,1,low,scen_000036,top_0036
node_04,web_service,mesh_svc_4,production,ap-southeast-1,ap-southeast-1b,host-201,ct-9817,v2.2.0,16.0,16.0,4,medium,scen_000036,top_0036
node_05,redis,mesh_svc_5,production,ap-southeast-1,ap-southeast-1b,host-872,ct-2055,v3.9.0,8.0,4.0,4,low,scen_000036,top_0036
node_06,user_service,mesh_svc_6,production,ap-southeast-1,ap-southeast-1b,host-786,ct-3684,v1.3.0,16.0,4.0,3,low,scen_000036,top_0036
node_07,elasticsearch,mesh_svc_7,production,ap-southeast-1,ap-southeast-1a,host-627,ct-2015,v3.8.0,2.0,64.0,3,high,scen_000036,top_0036
node_08,container,mesh_svc_8,production,ap-southeast-1,ap-southeast-1a,host-473,ct-7594,v2.2.0,8.0,16.0,1,low,scen_000036,top_0036
node_09,recommendation_service,mesh_svc_9,production,ap-southeast-1,ap-southeast-1b,host-840,ct-6732,v1.8.0,16.0,16.0,2,medium,scen_000036,top_0036
node_10,mysql,mesh_svc_10,production,ap-southeast-1,ap-southeast-1c,host-449,ct-2899,v2.9.0,8.0,64.0,2,low,scen_000036,top_0036
node_11,rabbitmq,mesh_svc_11,production,ap-southeast-1,ap-southeast-1c,host-286,ct-3849,v1.7.0,4.0,4.0,1,medium,scen_000036,top_0036
node_12,inventory_service,mesh_svc_12,production,ap-southeast-1,ap-southeast-1c,host-745,ct-2350,v1.2.0,16.0,8.0,5,critical,scen_000036,top_0036
node_13,vm_instance,mesh_svc_13,production,ap-southeast-1,ap-southeast-1c,host-440,ct-9553,v2.0.0,16.0,4.0,5,medium,scen_000036,top_0036
node_14,payment_service,mesh_svc_14,production,ap-southeast-1,ap-southeast-1c,host-371,ct-3003,v3.4.0,4.0,16.0,5,high,scen_000036,top_0036
node_15,kafka,mesh_svc_15,production,ap-southeast-1,ap-southeast-1c,host-678,ct-4082,v1.7.0,8.0,4.0,5,critical,scen_000036,top_0036
node_16,auth_service,mesh_svc_16,production,ap-southeast-1,ap-southeast-1a,host-660,ct-1217,v2.6.0,4.0,8.0,2,low,scen_000036,top_0036
gw_01,api_gateway,api_gateway,production,us-east-1,us-east-1b,host-937,ct-5143,v2.3.0,4.0,16.0,5,critical,scen_000037,top_0037
auth_01,auth_service,auth_service,production,us-east-1,us-east-1a,host-581,ct-7169,v1.1.0,16.0,8.0,1,high,scen_000037,top_0037
order_01,order_service,order_service,production,us-east-1,us-east-1c,host-332,ct-3567,v1.9.0,2.0,8.0,3,critical,scen_000037,top_0037
pay_01,payment_service,payment_service,production,us-east-1,us-east-1a,host-202,ct-7148,v3.4.0,8.0,4.0,2,critical,scen_000037,top_0037
inv_01,inventory_service,inventory_service,production,us-east-1,us-east-1a,host-355,ct-2087,v2.2.0,2.0,8.0,1,high,scen_000037,top_0037
db_master,postgresql,postgresql,production,us-east-1,us-east-1b,host-197,ct-9132,v3.6.0,2.0,64.0,5,critical,scen_000037,top_0037
cache_01,redis,redis,production,us-east-1,us-east-1a,host-174,ct-4594,v2.3.0,16.0,64.0,4,high,scen_000037,top_0037
mq_01,kafka,kafka,production,us-east-1,us-east-1a,host-508,ct-6598,v1.4.0,2.0,32.0,3,high,scen_000037,top_0037
ecom_aux_1,user_service,user_service_1,production,us-east-1,us-east-1b,host-668,ct-6592,v1.1.0,16.0,16.0,2,low,scen_000037,top_0037
ecom_aux_2,user_service,user_service_2,production,us-east-1,us-east-1c,host-877,ct-6068,v1.8.0,16.0,16.0,2,low,scen_000037,top_0037
ecom_aux_3,user_service,user_service_3,production,us-east-1,us-east-1c,host-599,ct-6295,v2.6.0,2.0,64.0,1,low,scen_000037,top_0037
ecom_aux_4,user_service,user_service_4,production,us-east-1,us-east-1b,host-414,ct-4646,v2.1.0,2.0,8.0,5,low,scen_000037,top_0037
ecom_aux_5,user_service,user_service_5,production,us-east-1,us-east-1c,host-652,ct-1290,v3.2.0,8.0,32.0,5,low,scen_000037,top_0037
ecom_aux_6,user_service,user_service_6,production,us-east-1,us-east-1c,host-431,ct-1227,v1.8.0,16.0,8.0,5,low,scen_000037,top_0037
ecom_aux_7,user_service,user_service_7,production,us-east-1,us-east-1a,host-260,ct-2522,v3.6.0,4.0,64.0,3,low,scen_000037,top_0037
ecom_aux_8,user_service,user_service_8,production,us-east-1,us-east-1c,host-221,ct-5865,v3.2.0,4.0,64.0,4,low,scen_000037,top_0037
ecom_aux_9,user_service,user_service_9,production,us-east-1,us-east-1c,host-410,ct-2543,v1.3.0,2.0,4.0,4,low,scen_000037,top_0037
ecom_aux_10,user_service,user_service_10,production,us-east-1,us-east-1b,host-854,ct-2724,v2.1.0,4.0,64.0,3,low,scen_000037,top_0037
ecom_aux_11,user_service,user_service_11,production,us-east-1,us-east-1a,host-140,ct-6607,v2.3.0,16.0,64.0,3,low,scen_000037,top_0037
ecom_aux_12,user_service,user_service_12,production,us-east-1,us-east-1c,host-801,ct-2981,v1.6.0,8.0,64.0,1,low,scen_000037,top_0037
ecom_aux_13,user_service,user_service_13,production,us-east-1,us-east-1b,host-371,ct-2137,v3.4.0,2.0,4.0,2,low,scen_000037,top_0037
ecom_aux_14,user_service,user_service_14,production,us-east-1,us-east-1c,host-159,ct-5877,v2.3.0,4.0,8.0,1,low,scen_000037,top_0037
ecom_aux_15,user_service,user_service_15,production,us-east-1,us-east-1b,host-891,ct-1814,v1.0.0,2.0,16.0,5,low,scen_000037,top_0037
ecom_aux_16,user_service,user_service_16,production,us-east-1,us-east-1b,host-139,ct-7940,v2.4.0,8.0,4.0,2,low,scen_000037,top_0037
ecom_aux_17,user_service,user_service_17,production,us-east-1,us-east-1b,host-143,ct-7732,v2.4.0,8.0,64.0,3,low,scen_000037,top_0037
ecom_aux_18,user_service,user_service_18,production,us-east-1,us-east-1a,host-537,ct-9180,v1.8.0,4.0,16.0,2,low,scen_000037,top_0037
ecom_aux_19,user_service,user_service_19,production,us-east-1,us-east-1c,host-892,ct-6098,v3.1.0,16.0,4.0,3,low,scen_000037,top_0037
ecom_aux_20,user_service,user_service_20,production,us-east-1,us-east-1c,host-249,ct-2901,v3.6.0,4.0,4.0,4,low,scen_000037,top_0037
ecom_aux_21,user_service,user_service_21,production,us-east-1,us-east-1c,host-349,ct-5474,v3.5.0,4.0,64.0,2,low,scen_000037,top_0037
ecom_aux_22,user_service,user_service_22,production,us-east-1,us-east-1b,host-260,ct-8726,v3.7.0,8.0,8.0,3,low,scen_000037,top_0037
ecom_aux_23,user_service,user_service_23,production,us-east-1,us-east-1a,host-172,ct-7299,v3.5.0,8.0,4.0,5,low,scen_000037,top_0037
ecom_aux_24,user_service,user_service_24,production,us-east-1,us-east-1a,host-934,ct-3679,v1.2.0,2.0,64.0,5,low,scen_000037,top_0037
ecom_aux_25,user_service,user_service_25,production,us-east-1,us-east-1b,host-221,ct-3672,v1.6.0,4.0,32.0,5,low,scen_000037,top_0037
ecom_aux_26,user_service,user_service_26,production,us-east-1,us-east-1b,host-838,ct-4779,v1.3.0,8.0,4.0,1,low,scen_000037,top_0037
ecom_aux_27,user_service,user_service_27,production,us-east-1,us-east-1c,host-923,ct-7795,v2.3.0,2.0,32.0,5,low,scen_000037,top_0037
node_00,payment_service,mesh_svc_0,production,us-east-1,us-east-1b,host-185,ct-3052,v1.1.0,2.0,64.0,5,medium,scen_000038,top_0038
node_01,postgresql,mesh_svc_1,production,us-east-1,us-east-1b,host-953,ct-4150,v3.3.0,8.0,32.0,5,medium,scen_000038,top_0038
node_02,rabbitmq,mesh_svc_2,production,us-east-1,us-east-1c,host-938,ct-1962,v1.8.0,2.0,64.0,2,medium,scen_000038,top_0038
node_03,payment_service,mesh_svc_3,production,us-east-1,us-east-1b,host-910,ct-8422,v3.6.0,8.0,32.0,3,low,scen_000038,top_0038
node_04,payment_service,mesh_svc_4,production,us-east-1,us-east-1b,host-711,ct-3477,v1.5.0,16.0,8.0,2,high,scen_000038,top_0038
node_05,object_storage,mesh_svc_5,production,us-east-1,us-east-1c,host-110,ct-3380,v2.0.0,8.0,64.0,5,low,scen_000038,top_0038
node_06,api_gateway,mesh_svc_6,production,us-east-1,us-east-1b,host-538,ct-8351,v2.0.0,8.0,64.0,5,critical,scen_000038,top_0038
node_07,postgresql,mesh_svc_7,production,us-east-1,us-east-1c,host-712,ct-7151,v1.0.0,4.0,32.0,2,medium,scen_000038,top_0038
node_08,postgresql,mesh_svc_8,production,us-east-1,us-east-1b,host-381,ct-6538,v3.9.0,4.0,8.0,4,low,scen_000038,top_0038
node_09,user_service,mesh_svc_9,production,us-east-1,us-east-1c,host-610,ct-2649,v1.4.0,4.0,32.0,5,medium,scen_000038,top_0038
node_10,inventory_service,mesh_svc_10,production,us-east-1,us-east-1c,host-698,ct-3999,v3.0.0,2.0,32.0,4,low,scen_000038,top_0038
node_11,payment_service,mesh_svc_11,production,us-east-1,us-east-1c,host-740,ct-6479,v3.6.0,8.0,8.0,3,medium,scen_000038,top_0038
node_12,kafka,mesh_svc_12,production,us-east-1,us-east-1b,host-774,ct-7141,v2.8.0,8.0,32.0,5,medium,scen_000038,top_0038
node_13,api_gateway,mesh_svc_13,production,us-east-1,us-east-1c,host-438,ct-9739,v2.7.0,2.0,64.0,1,critical,scen_000038,top_0038
node_14,recommendation_service,mesh_svc_14,production,us-east-1,us-east-1b,host-164,ct-5593,v3.1.0,2.0,64.0,3,low,scen_000038,top_0038
node_15,kafka,mesh_svc_15,production,us-east-1,us-east-1a,host-254,ct-3720,v3.7.0,16.0,32.0,5,low,scen_000038,top_0038
node_16,kafka,mesh_svc_16,production,us-east-1,us-east-1a,host-801,ct-5111,v3.2.0,16.0,8.0,3,critical,scen_000038,top_0038
node_17,api_gateway,mesh_svc_17,production,us-east-1,us-east-1c,host-996,ct-7530,v2.3.0,8.0,64.0,3,low,scen_000038,top_0038
node_18,container,mesh_svc_18,production,us-east-1,us-east-1c,host-496,ct-8832,v2.9.0,4.0,16.0,3,critical,scen_000038,top_0038
node_19,recommendation_service,mesh_svc_19,production,us-east-1,us-east-1c,host-281,ct-4818,v3.0.0,8.0,16.0,3,low,scen_000038,top_0038
node_20,mongodb,mesh_svc_20,production,us-east-1,us-east-1a,host-947,ct-1168,v1.8.0,4.0,8.0,4,high,scen_000038,top_0038
node_21,notification_service,mesh_svc_21,production,us-east-1,us-east-1a,host-160,ct-6452,v1.7.0,16.0,4.0,2,high,scen_000038,top_0038
node_22,load_balancer,mesh_svc_22,production,us-east-1,us-east-1b,host-559,ct-1591,v3.1.0,4.0,8.0,2,critical,scen_000038,top_0038
node_23,rabbitmq,mesh_svc_23,production,us-east-1,us-east-1c,host-721,ct-6879,v1.8.0,2.0,4.0,5,medium,scen_000038,top_0038
node_24,rabbitmq,mesh_svc_24,production,us-east-1,us-east-1b,host-971,ct-7464,v1.4.0,4.0,4.0,4,high,scen_000038,top_0038
node_25,redis,mesh_svc_25,production,us-east-1,us-east-1a,host-863,ct-2193,v3.2.0,8.0,32.0,4,medium,scen_000038,top_0038
gw_01,api_gateway,api_gateway,production,us-west-2,us-west-2c,host-368,ct-7150,v3.7.0,4.0,64.0,1,critical,scen_000039,top_0039
auth_01,auth_service,auth_service,production,us-west-2,us-west-2b,host-784,ct-7638,v3.3.0,2.0,16.0,3,high,scen_000039,top_0039
order_01,order_service,order_service,production,us-west-2,us-west-2b,host-259,ct-7880,v3.7.0,4.0,16.0,2,critical,scen_000039,top_0039
pay_01,payment_service,payment_service,production,us-west-2,us-west-2c,host-969,ct-7055,v2.6.0,2.0,8.0,4,critical,scen_000039,top_0039
inv_01,inventory_service,inventory_service,production,us-west-2,us-west-2a,host-982,ct-8097,v1.6.0,8.0,4.0,3,high,scen_000039,top_0039
db_master,postgresql,postgresql,production,us-west-2,us-west-2a,host-194,ct-4584,v1.2.0,2.0,32.0,4,critical,scen_000039,top_0039
cache_01,redis,redis,production,us-west-2,us-west-2c,host-849,ct-3313,v3.2.0,2.0,4.0,2,high,scen_000039,top_0039
mq_01,kafka,kafka,production,us-west-2,us-west-2c,host-948,ct-7195,v2.4.0,8.0,32.0,2,high,scen_000039,top_0039
ecom_aux_1,user_service,user_service_1,production,us-west-2,us-west-2c,host-759,ct-3814,v2.9.0,8.0,64.0,2,low,scen_000039,top_0039
ecom_aux_2,user_service,user_service_2,production,us-west-2,us-west-2a,host-368,ct-5218,v2.6.0,4.0,4.0,2,low,scen_000039,top_0039
ecom_aux_3,user_service,user_service_3,production,us-west-2,us-west-2a,host-564,ct-1650,v3.3.0,2.0,16.0,3,low,scen_000039,top_0039
ecom_aux_4,user_service,user_service_4,production,us-west-2,us-west-2c,host-200,ct-5839,v2.0.0,8.0,16.0,3,low,scen_000039,top_0039
ecom_aux_5,user_service,user_service_5,production,us-west-2,us-west-2b,host-886,ct-3679,v3.1.0,4.0,4.0,4,low,scen_000039,top_0039
ecom_aux_6,user_service,user_service_6,production,us-west-2,us-west-2a,host-893,ct-3743,v1.2.0,2.0,4.0,3,low,scen_000039,top_0039
ecom_aux_7,user_service,user_service_7,production,us-west-2,us-west-2a,host-157,ct-3043,v1.9.0,8.0,16.0,5,low,scen_000039,top_0039
ecom_aux_8,user_service,user_service_8,production,us-west-2,us-west-2b,host-682,ct-2602,v1.8.0,4.0,64.0,3,low,scen_000039,top_0039
ecom_aux_9,user_service,user_service_9,production,us-west-2,us-west-2b,host-953,ct-7138,v3.1.0,2.0,8.0,4,low,scen_000039,top_0039
ecom_aux_10,user_service,user_service_10,production,us-west-2,us-west-2c,host-775,ct-5640,v1.2.0,16.0,4.0,4,low,scen_000039,top_0039
ecom_aux_11,user_service,user_service_11,production,us-west-2,us-west-2b,host-665,ct-9114,v3.4.0,16.0,16.0,4,low,scen_000039,top_0039
ecom_aux_12,user_service,user_service_12,production,us-west-2,us-west-2c,host-817,ct-1030,v1.1.0,16.0,8.0,4,low,scen_000039,top_0039
ecom_aux_13,user_service,user_service_13,production,us-west-2,us-west-2b,host-288,ct-8115,v3.6.0,16.0,16.0,3,low,scen_000039,top_0039
ecom_aux_14,user_service,user_service_14,production,us-west-2,us-west-2c,host-582,ct-3748,v2.2.0,4.0,4.0,4,low,scen_000039,top_0039
ecom_aux_15,user_service,user_service_15,production,us-west-2,us-west-2a,host-106,ct-1685,v1.1.0,16.0,8.0,1,low,scen_000039,top_0039
ecom_aux_16,user_service,user_service_16,production,us-west-2,us-west-2c,host-216,ct-9638,v3.5.0,16.0,8.0,5,low,scen_000039,top_0039
ecom_aux_17,user_service,user_service_17,production,us-west-2,us-west-2b,host-111,ct-1990,v1.1.0,8.0,32.0,2,low,scen_000039,top_0039
ecom_aux_18,user_service,user_service_18,production,us-west-2,us-west-2c,host-511,ct-9674,v3.8.0,2.0,8.0,1,low,scen_000039,top_0039
ecom_aux_19,user_service,user_service_19,production,us-west-2,us-west-2c,host-655,ct-5153,v3.0.0,8.0,8.0,2,low,scen_000039,top_0039
ecom_aux_20,user_service,user_service_20,production,us-west-2,us-west-2a,host-939,ct-9122,v2.0.0,8.0,16.0,5,low,scen_000039,top_0039
ecom_aux_21,user_service,user_service_21,production,us-west-2,us-west-2a,host-820,ct-4831,v1.4.0,4.0,64.0,2,low,scen_000039,top_0039
ingest_01,api_gateway,ingestion_gateway,production,eu-central-1,eu-central-1a,host-290,ct-4645,v1.2.0,16.0,64.0,4,critical,scen_000040,top_0040
kafka_broker,kafka,kafka,production,eu-central-1,eu-central-1a,host-369,ct-5977,v1.5.0,4.0,32.0,1,critical,scen_000040,top_0040
notif_01,notification_service,notification_service,production,eu-central-1,eu-central-1a,host-532,ct-3076,v2.5.0,16.0,4.0,3,high,scen_000040,top_0040
user_01,user_service,user_service,production,eu-central-1,eu-central-1b,host-779,ct-1931,v1.6.0,8.0,16.0,4,medium,scen_000040,top_0040
db_event,mysql,mysql,production,eu-central-1,eu-central-1a,host-880,ct-4483,v2.1.0,8.0,4.0,1,high,scen_000040,top_0040
consumer_1,web_service,kafka_consumer_1,production,eu-central-1,eu-central-1b,host-884,ct-4834,v3.0.0,4.0,64.0,3,low,scen_000040,top_0040
consumer_2,web_service,kafka_consumer_2,production,eu-central-1,eu-central-1a,host-469,ct-4562,v1.0.0,2.0,64.0,2,low,scen_000040,top_0040
consumer_3,web_service,kafka_consumer_3,production,eu-central-1,eu-central-1c,host-569,ct-1952,v2.6.0,16.0,16.0,5,low,scen_000040,top_0040
consumer_4,web_service,kafka_consumer_4,production,eu-central-1,eu-central-1c,host-964,ct-4825,v1.3.0,16.0,8.0,5,low,scen_000040,top_0040
consumer_5,web_service,kafka_consumer_5,production,eu-central-1,eu-central-1b,host-612,ct-5104,v3.2.0,8.0,8.0,2,low,scen_000040,top_0040
consumer_6,web_service,kafka_consumer_6,production,eu-central-1,eu-central-1a,host-605,ct-9357,v1.0.0,16.0,16.0,1,low,scen_000040,top_0040
consumer_7,web_service,kafka_consumer_7,production,eu-central-1,eu-central-1a,host-690,ct-9645,v3.6.0,8.0,8.0,3,low,scen_000040,top_0040
consumer_8,web_service,kafka_consumer_8,production,eu-central-1,eu-central-1b,host-130,ct-6827,v2.8.0,2.0,64.0,3,low,scen_000040,top_0040
consumer_9,web_service,kafka_consumer_9,production,eu-central-1,eu-central-1b,host-633,ct-4479,v2.7.0,4.0,4.0,5,low,scen_000040,top_0040
consumer_10,web_service,kafka_consumer_10,production,eu-central-1,eu-central-1a,host-870,ct-9515,v3.8.0,16.0,64.0,1,low,scen_000040,top_0040
consumer_11,web_service,kafka_consumer_11,production,eu-central-1,eu-central-1b,host-655,ct-8849,v1.7.0,2.0,4.0,5,low,scen_000040,top_0040
node_00,notification_service,mesh_svc_0,production,us-west-2,us-west-2b,host-188,ct-5411,v3.3.0,4.0,16.0,3,high,scen_000041,top_0041
node_01,order_service,mesh_svc_1,production,us-west-2,us-west-2a,host-172,ct-3187,v3.2.0,8.0,4.0,1,low,scen_000041,top_0041
node_02,mongodb,mesh_svc_2,production,us-west-2,us-west-2c,host-678,ct-5704,v3.0.0,2.0,8.0,1,low,scen_000041,top_0041
node_03,vm_instance,mesh_svc_3,production,us-west-2,us-west-2b,host-345,ct-3675,v3.5.0,2.0,32.0,5,critical,scen_000041,top_0041
node_04,kafka,mesh_svc_4,production,us-west-2,us-west-2c,host-312,ct-6421,v2.9.0,4.0,4.0,5,high,scen_000041,top_0041
node_05,elasticsearch,mesh_svc_5,production,us-west-2,us-west-2c,host-189,ct-5673,v3.6.0,2.0,32.0,2,low,scen_000041,top_0041
node_06,vm_instance,mesh_svc_6,production,us-west-2,us-west-2b,host-533,ct-6808,v1.1.0,2.0,4.0,2,medium,scen_000041,top_0041
node_07,auth_service,mesh_svc_7,production,us-west-2,us-west-2b,host-689,ct-9357,v2.9.0,4.0,16.0,5,high,scen_000041,top_0041
node_08,notification_service,mesh_svc_8,production,us-west-2,us-west-2b,host-943,ct-1086,v3.1.0,8.0,32.0,3,critical,scen_000041,top_0041
node_09,postgresql,mesh_svc_9,production,us-west-2,us-west-2b,host-462,ct-3940,v1.8.0,2.0,16.0,5,critical,scen_000041,top_0041
node_10,web_service,mesh_svc_10,production,us-west-2,us-west-2c,host-442,ct-5504,v3.8.0,16.0,8.0,5,low,scen_000041,top_0041
node_11,redis,mesh_svc_11,production,us-west-2,us-west-2c,host-613,ct-4290,v3.4.0,8.0,16.0,5,medium,scen_000041,top_0041
node_12,inventory_service,mesh_svc_12,production,us-west-2,us-west-2c,host-374,ct-6572,v1.5.0,2.0,16.0,4,critical,scen_000041,top_0041
node_13,payment_service,mesh_svc_13,production,us-west-2,us-west-2b,host-463,ct-4267,v2.4.0,4.0,8.0,1,critical,scen_000041,top_0041
node_14,k8s_node,mesh_svc_14,production,us-west-2,us-west-2b,host-541,ct-3310,v1.2.0,16.0,8.0,3,low,scen_000041,top_0041
node_15,vm_instance,mesh_svc_15,production,us-west-2,us-west-2b,host-727,ct-3698,v2.8.0,16.0,8.0,4,high,scen_000041,top_0041
node_16,object_storage,mesh_svc_16,production,us-west-2,us-west-2c,host-112,ct-1483,v2.1.0,2.0,32.0,2,critical,scen_000041,top_0041
node_17,redis,mesh_svc_17,production,us-west-2,us-west-2c,host-881,ct-4449,v2.1.0,4.0,16.0,1,high,scen_000041,top_0041
node_18,mongodb,mesh_svc_18,production,us-west-2,us-west-2b,host-697,ct-8038,v2.3.0,2.0,64.0,4,medium,scen_000041,top_0041
node_19,k8s_node,mesh_svc_19,production,us-west-2,us-west-2c,host-446,ct-8828,v2.8.0,16.0,16.0,5,low,scen_000041,top_0041
node_20,payment_service,mesh_svc_20,production,us-west-2,us-west-2b,host-962,ct-2858,v1.4.0,2.0,64.0,1,low,scen_000041,top_0041
node_21,load_balancer,mesh_svc_21,production,us-west-2,us-west-2b,host-384,ct-4697,v3.0.0,16.0,4.0,4,critical,scen_000041,top_0041
node_22,recommendation_service,mesh_svc_22,production,us-west-2,us-west-2c,host-826,ct-6394,v3.4.0,4.0,64.0,4,low,scen_000041,top_0041
node_23,user_service,mesh_svc_23,production,us-west-2,us-west-2b,host-169,ct-3307,v2.9.0,8.0,32.0,3,low,scen_000041,top_0041
node_24,vm_instance,mesh_svc_24,production,us-west-2,us-west-2b,host-603,ct-9290,v2.3.0,16.0,64.0,3,high,scen_000041,top_0041
node_25,redis,mesh_svc_25,production,us-west-2,us-west-2b,host-323,ct-4003,v3.6.0,8.0,64.0,3,critical,scen_000041,top_0041
node_26,redis,mesh_svc_26,production,us-west-2,us-west-2a,host-573,ct-3848,v1.0.0,16.0,16.0,4,low,scen_000041,top_0041
node_27,rabbitmq,mesh_svc_27,production,us-west-2,us-west-2a,host-361,ct-6001,v3.3.0,16.0,64.0,4,high,scen_000041,top_0041
gw_01,api_gateway,api_gateway,production,eu-central-1,eu-central-1a,host-927,ct-1000,v2.6.0,4.0,16.0,1,critical,scen_000042,top_0042
auth_01,auth_service,auth_service,production,eu-central-1,eu-central-1b,host-268,ct-9064,v1.5.0,16.0,32.0,5,high,scen_000042,top_0042
order_01,order_service,order_service,production,eu-central-1,eu-central-1b,host-864,ct-7257,v3.8.0,16.0,32.0,4,critical,scen_000042,top_0042
pay_01,payment_service,payment_service,production,eu-central-1,eu-central-1c,host-783,ct-6263,v3.9.0,8.0,16.0,4,critical,scen_000042,top_0042
inv_01,inventory_service,inventory_service,production,eu-central-1,eu-central-1c,host-540,ct-7156,v2.2.0,2.0,16.0,4,high,scen_000042,top_0042
db_master,postgresql,postgresql,production,eu-central-1,eu-central-1c,host-288,ct-4015,v1.8.0,16.0,16.0,2,critical,scen_000042,top_0042
cache_01,redis,redis,production,eu-central-1,eu-central-1a,host-489,ct-4098,v1.8.0,2.0,64.0,2,high,scen_000042,top_0042
mq_01,kafka,kafka,production,eu-central-1,eu-central-1c,host-162,ct-4662,v1.6.0,2.0,16.0,5,high,scen_000042,top_0042
ecom_aux_1,user_service,user_service_1,production,eu-central-1,eu-central-1c,host-991,ct-8671,v1.4.0,2.0,8.0,3,low,scen_000042,top_0042
ecom_aux_2,user_service,user_service_2,production,eu-central-1,eu-central-1c,host-783,ct-6483,v2.4.0,4.0,4.0,5,low,scen_000042,top_0042
ecom_aux_3,user_service,user_service_3,production,eu-central-1,eu-central-1a,host-898,ct-7240,v1.6.0,2.0,32.0,4,low,scen_000042,top_0042
ecom_aux_4,user_service,user_service_4,production,eu-central-1,eu-central-1a,host-631,ct-4223,v2.4.0,4.0,64.0,4,low,scen_000042,top_0042
ecom_aux_5,user_service,user_service_5,production,eu-central-1,eu-central-1a,host-247,ct-8359,v2.7.0,4.0,4.0,2,low,scen_000042,top_0042
ecom_aux_6,user_service,user_service_6,production,eu-central-1,eu-central-1b,host-345,ct-3027,v3.7.0,8.0,64.0,2,low,scen_000042,top_0042
ecom_aux_7,user_service,user_service_7,production,eu-central-1,eu-central-1c,host-491,ct-5631,v2.5.0,16.0,16.0,1,low,scen_000042,top_0042
ecom_aux_8,user_service,user_service_8,production,eu-central-1,eu-central-1c,host-130,ct-3957,v1.2.0,4.0,64.0,5,low,scen_000042,top_0042
ecom_aux_9,user_service,user_service_9,production,eu-central-1,eu-central-1c,host-772,ct-3933,v3.3.0,4.0,32.0,3,low,scen_000042,top_0042
ecom_aux_10,user_service,user_service_10,production,eu-central-1,eu-central-1b,host-629,ct-1351,v1.1.0,8.0,32.0,1,low,scen_000042,top_0042
ecom_aux_11,user_service,user_service_11,production,eu-central-1,eu-central-1c,host-651,ct-8417,v1.5.0,16.0,16.0,4,low,scen_000042,top_0042
ecom_aux_12,user_service,user_service_12,production,eu-central-1,eu-central-1a,host-941,ct-8747,v2.7.0,8.0,8.0,5,low,scen_000042,top_0042
ecom_aux_13,user_service,user_service_13,production,eu-central-1,eu-central-1c,host-918,ct-9468,v3.0.0,16.0,16.0,4,low,scen_000042,top_0042
ecom_aux_14,user_service,user_service_14,production,eu-central-1,eu-central-1c,host-762,ct-7098,v2.3.0,2.0,32.0,1,low,scen_000042,top_0042
ecom_aux_15,user_service,user_service_15,production,eu-central-1,eu-central-1b,host-150,ct-2183,v3.1.0,2.0,8.0,3,low,scen_000042,top_0042
ecom_aux_16,user_service,user_service_16,production,eu-central-1,eu-central-1b,host-946,ct-2016,v3.1.0,2.0,64.0,3,low,scen_000042,top_0042
ecom_aux_17,user_service,user_service_17,production,eu-central-1,eu-central-1c,host-511,ct-1582,v3.7.0,2.0,32.0,2,low,scen_000042,top_0042
ecom_aux_18,user_service,user_service_18,production,eu-central-1,eu-central-1a,host-909,ct-5024,v1.9.0,4.0,64.0,2,low,scen_000042,top_0042
ecom_aux_19,user_service,user_service_19,production,eu-central-1,eu-central-1b,host-265,ct-2558,v3.5.0,2.0,64.0,1,low,scen_000042,top_0042
ecom_aux_20,user_service,user_service_20,production,eu-central-1,eu-central-1b,host-826,ct-9301,v2.7.0,8.0,4.0,5,low,scen_000042,top_0042
ecom_aux_21,user_service,user_service_21,production,eu-central-1,eu-central-1c,host-680,ct-1223,v1.8.0,4.0,64.0,3,low,scen_000042,top_0042
ecom_aux_22,user_service,user_service_22,production,eu-central-1,eu-central-1a,host-759,ct-6039,v1.1.0,4.0,8.0,4,low,scen_000042,top_0042
ecom_aux_23,user_service,user_service_23,production,eu-central-1,eu-central-1b,host-809,ct-6979,v2.1.0,16.0,8.0,1,low,scen_000042,top_0042
ecom_aux_24,user_service,user_service_24,production,eu-central-1,eu-central-1c,host-795,ct-8221,v3.9.0,8.0,8.0,3,low,scen_000042,top_0042
ecom_aux_25,user_service,user_service_25,production,eu-central-1,eu-central-1a,host-743,ct-5171,v1.7.0,4.0,8.0,2,low,scen_000042,top_0042
gw_01,api_gateway,api_gateway,production,eu-central-1,eu-central-1b,host-712,ct-8798,v2.3.0,4.0,4.0,3,critical,scen_000043,top_0043
rec_01,recommendation_service,recommendation_service,production,eu-central-1,eu-central-1c,host-117,ct-6261,v1.3.0,4.0,32.0,2,high,scen_000043,top_0043
es_01,elasticsearch,elasticsearch,production,eu-central-1,eu-central-1c,host-281,ct-5763,v1.7.0,8.0,32.0,4,critical,scen_000043,top_0043
redis_01,redis,redis,production,eu-central-1,eu-central-1b,host-832,ct-5388,v1.2.0,2.0,64.0,3,critical,scen_000043,top_0043
mongo_01,mongodb,mongodb,production,eu-central-1,eu-central-1b,host-551,ct-7993,v1.1.0,16.0,4.0,3,high,scen_000043,top_0043
search_node_1,user_service,search_aux_1,production,eu-central-1,eu-central-1a,host-167,ct-2859,v3.0.0,8.0,16.0,2,medium,scen_000043,top_0043
search_node_2,user_service,search_aux_2,production,eu-central-1,eu-central-1b,host-161,ct-7440,v2.7.0,2.0,16.0,5,medium,scen_000043,top_0043
search_node_3,user_service,search_aux_3,production,eu-central-1,eu-central-1a,host-509,ct-2352,v1.5.0,4.0,4.0,5,medium,scen_000043,top_0043
search_node_4,user_service,search_aux_4,production,eu-central-1,eu-central-1a,host-685,ct-5355,v3.3.0,16.0,32.0,4,medium,scen_000043,top_0043
search_node_5,user_service,search_aux_5,production,eu-central-1,eu-central-1b,host-130,ct-3596,v1.1.0,4.0,4.0,2,medium,scen_000043,top_0043
search_node_6,user_service,search_aux_6,production,eu-central-1,eu-central-1b,host-485,ct-5323,v2.3.0,16.0,8.0,4,medium,scen_000043,top_0043
search_node_7,user_service,search_aux_7,production,eu-central-1,eu-central-1a,host-164,ct-3554,v1.9.0,2.0,4.0,3,medium,scen_000043,top_0043
search_node_8,user_service,search_aux_8,production,eu-central-1,eu-central-1b,host-247,ct-8703,v1.5.0,4.0,64.0,5,medium,scen_000043,top_0043
search_node_9,user_service,search_aux_9,production,eu-central-1,eu-central-1c,host-262,ct-5250,v2.9.0,16.0,4.0,3,medium,scen_000043,top_0043
search_node_10,user_service,search_aux_10,production,eu-central-1,eu-central-1a,host-326,ct-6397,v3.5.0,16.0,8.0,4,medium,scen_000043,top_0043
search_node_11,user_service,search_aux_11,production,eu-central-1,eu-central-1a,host-399,ct-7417,v2.5.0,2.0,32.0,3,medium,scen_000043,top_0043
search_node_12,user_service,search_aux_12,production,eu-central-1,eu-central-1b,host-977,ct-4376,v3.9.0,4.0,8.0,2,medium,scen_000043,top_0043
search_node_13,user_service,search_aux_13,production,eu-central-1,eu-central-1c,host-815,ct-4118,v3.2.0,16.0,4.0,2,medium,scen_000043,top_0043
search_node_14,user_service,search_aux_14,production,eu-central-1,eu-central-1c,host-662,ct-6694,v1.1.0,8.0,16.0,4,medium,scen_000043,top_0043
search_node_15,user_service,search_aux_15,production,eu-central-1,eu-central-1c,host-409,ct-6334,v2.6.0,4.0,64.0,1,medium,scen_000043,top_0043
search_node_16,user_service,search_aux_16,production,eu-central-1,eu-central-1a,host-251,ct-6642,v3.3.0,16.0,8.0,5,medium,scen_000043,top_0043
search_node_17,user_service,search_aux_17,production,eu-central-1,eu-central-1c,host-421,ct-4347,v1.7.0,8.0,8.0,4,medium,scen_000043,top_0043
search_node_18,user_service,search_aux_18,production,eu-central-1,eu-central-1b,host-390,ct-9143,v1.3.0,2.0,8.0,4,medium,scen_000043,top_0043
search_node_19,user_service,search_aux_19,production,eu-central-1,eu-central-1b,host-595,ct-7466,v2.4.0,4.0,4.0,5,medium,scen_000043,top_0043
search_node_20,user_service,search_aux_20,production,eu-central-1,eu-central-1b,host-383,ct-2422,v2.2.0,16.0,8.0,3,medium,scen_000043,top_0043
search_node_21,user_service,search_aux_21,production,eu-central-1,eu-central-1c,host-929,ct-6715,v3.2.0,2.0,8.0,2,medium,scen_000043,top_0043
search_node_22,user_service,search_aux_22,production,eu-central-1,eu-central-1b,host-192,ct-4799,v1.9.0,8.0,4.0,3,medium,scen_000043,top_0043
search_node_23,user_service,search_aux_23,production,eu-central-1,eu-central-1b,host-515,ct-6793,v3.4.0,4.0,16.0,1,medium,scen_000043,top_0043
search_node_24,user_service,search_aux_24,production,eu-central-1,eu-central-1b,host-108,ct-6823,v3.8.0,2.0,8.0,2,medium,scen_000043,top_0043
search_node_25,user_service,search_aux_25,production,eu-central-1,eu-central-1a,host-574,ct-9507,v3.8.0,4.0,32.0,1,medium,scen_000043,top_0043
search_node_26,user_service,search_aux_26,production,eu-central-1,eu-central-1b,host-966,ct-1626,v3.9.0,16.0,32.0,3,medium,scen_000043,top_0043
search_node_27,user_service,search_aux_27,production,eu-central-1,eu-central-1c,host-744,ct-5899,v1.7.0,2.0,64.0,2,medium,scen_000043,top_0043
search_node_28,user_service,search_aux_28,production,eu-central-1,eu-central-1b,host-878,ct-1944,v1.8.0,2.0,8.0,4,medium,scen_000043,top_0043
search_node_29,user_service,search_aux_29,production,eu-central-1,eu-central-1a,host-597,ct-4104,v2.6.0,2.0,8.0,3,medium,scen_000043,top_0043
search_node_30,user_service,search_aux_30,production,eu-central-1,eu-central-1c,host-677,ct-3129,v3.5.0,2.0,4.0,5,medium,scen_000043,top_0043
search_node_31,user_service,search_aux_31,production,eu-central-1,eu-central-1b,host-806,ct-9446,v3.6.0,4.0,16.0,3,medium,scen_000043,top_0043
search_node_32,user_service,search_aux_32,production,eu-central-1,eu-central-1c,host-863,ct-6895,v2.2.0,8.0,64.0,2,medium,scen_000043,top_0043
search_node_33,user_service,search_aux_33,production,eu-central-1,eu-central-1c,host-416,ct-5909,v3.4.0,2.0,64.0,2,medium,scen_000043,top_0043
search_node_34,user_service,search_aux_34,production,eu-central-1,eu-central-1b,host-259,ct-5418,v1.0.0,2.0,8.0,5,medium,scen_000043,top_0043
search_node_35,user_service,search_aux_35,production,eu-central-1,eu-central-1c,host-736,ct-4345,v1.6.0,4.0,32.0,2,medium,scen_000043,top_0043
node_00,postgresql,mesh_svc_0,production,us-west-2,us-west-2a,host-522,ct-3621,v1.1.0,2.0,64.0,5,medium,scen_000044,top_0044
node_01,redis,mesh_svc_1,production,us-west-2,us-west-2a,host-919,ct-7428,v1.4.0,8.0,64.0,5,low,scen_000044,top_0044
node_02,notification_service,mesh_svc_2,production,us-west-2,us-west-2a,host-567,ct-8219,v3.1.0,16.0,8.0,1,medium,scen_000044,top_0044
node_03,postgresql,mesh_svc_3,production,us-west-2,us-west-2c,host-119,ct-4948,v2.7.0,2.0,16.0,2,high,scen_000044,top_0044
node_04,notification_service,mesh_svc_4,production,us-west-2,us-west-2b,host-414,ct-4737,v3.6.0,4.0,4.0,2,medium,scen_000044,top_0044
node_05,api_gateway,mesh_svc_5,production,us-west-2,us-west-2c,host-858,ct-3837,v3.2.0,16.0,8.0,4,medium,scen_000044,top_0044
node_06,elasticsearch,mesh_svc_6,production,us-west-2,us-west-2a,host-215,ct-6839,v1.4.0,4.0,8.0,2,critical,scen_000044,top_0044
node_07,order_service,mesh_svc_7,production,us-west-2,us-west-2b,host-257,ct-1366,v2.5.0,2.0,4.0,4,critical,scen_000044,top_0044
ingest_01,api_gateway,ingestion_gateway,production,ap-southeast-1,ap-southeast-1b,host-680,ct-6818,v1.8.0,2.0,8.0,1,critical,scen_000045,top_0045
kafka_broker,kafka,kafka,production,ap-southeast-1,ap-southeast-1b,host-665,ct-7117,v1.7.0,4.0,8.0,4,critical,scen_000045,top_0045
notif_01,notification_service,notification_service,production,ap-southeast-1,ap-southeast-1a,host-950,ct-3405,v2.3.0,2.0,16.0,3,high,scen_000045,top_0045
user_01,user_service,user_service,production,ap-southeast-1,ap-southeast-1c,host-879,ct-4133,v3.2.0,4.0,4.0,4,medium,scen_000045,top_0045
db_event,mysql,mysql,production,ap-southeast-1,ap-southeast-1c,host-364,ct-7843,v3.4.0,4.0,64.0,4,high,scen_000045,top_0045
consumer_1,web_service,kafka_consumer_1,production,ap-southeast-1,ap-southeast-1a,host-528,ct-9960,v3.8.0,16.0,64.0,3,low,scen_000045,top_0045
consumer_2,web_service,kafka_consumer_2,production,ap-southeast-1,ap-southeast-1b,host-802,ct-6115,v1.2.0,4.0,16.0,3,low,scen_000045,top_0045
consumer_3,web_service,kafka_consumer_3,production,ap-southeast-1,ap-southeast-1b,host-335,ct-7453,v3.2.0,2.0,64.0,3,low,scen_000045,top_0045
consumer_4,web_service,kafka_consumer_4,production,ap-southeast-1,ap-southeast-1b,host-755,ct-2364,v2.4.0,16.0,64.0,2,low,scen_000045,top_0045
consumer_5,web_service,kafka_consumer_5,production,ap-southeast-1,ap-southeast-1c,host-223,ct-7885,v2.3.0,4.0,8.0,1,low,scen_000045,top_0045
consumer_6,web_service,kafka_consumer_6,production,ap-southeast-1,ap-southeast-1c,host-858,ct-1358,v2.1.0,16.0,4.0,1,low,scen_000045,top_0045
consumer_7,web_service,kafka_consumer_7,production,ap-southeast-1,ap-southeast-1b,host-746,ct-2219,v1.4.0,16.0,64.0,3,low,scen_000045,top_0045
consumer_8,web_service,kafka_consumer_8,production,ap-southeast-1,ap-southeast-1a,host-818,ct-8869,v2.7.0,4.0,64.0,3,low,scen_000045,top_0045
consumer_9,web_service,kafka_consumer_9,production,ap-southeast-1,ap-southeast-1b,host-953,ct-3026,v3.7.0,16.0,8.0,3,low,scen_000045,top_0045
consumer_10,web_service,kafka_consumer_10,production,ap-southeast-1,ap-southeast-1a,host-900,ct-2666,v1.7.0,8.0,32.0,2,low,scen_000045,top_0045
consumer_11,web_service,kafka_consumer_11,production,ap-southeast-1,ap-southeast-1b,host-775,ct-7341,v2.8.0,4.0,16.0,5,low,scen_000045,top_0045
consumer_12,web_service,kafka_consumer_12,production,ap-southeast-1,ap-southeast-1b,host-158,ct-8286,v2.7.0,4.0,32.0,3,low,scen_000045,top_0045
consumer_13,web_service,kafka_consumer_13,production,ap-southeast-1,ap-southeast-1c,host-566,ct-4793,v2.7.0,4.0,32.0,1,low,scen_000045,top_0045
consumer_14,web_service,kafka_consumer_14,production,ap-southeast-1,ap-southeast-1c,host-327,ct-4623,v1.0.0,16.0,16.0,1,low,scen_000045,top_0045
consumer_15,web_service,kafka_consumer_15,production,ap-southeast-1,ap-southeast-1c,host-738,ct-2446,v3.1.0,2.0,16.0,3,low,scen_000045,top_0045
consumer_16,web_service,kafka_consumer_16,production,ap-southeast-1,ap-southeast-1c,host-747,ct-9560,v3.3.0,4.0,4.0,4,low,scen_000045,top_0045
consumer_17,web_service,kafka_consumer_17,production,ap-southeast-1,ap-southeast-1c,host-967,ct-5467,v1.1.0,16.0,32.0,1,low,scen_000045,top_0045
consumer_18,web_service,kafka_consumer_18,production,ap-southeast-1,ap-southeast-1a,host-334,ct-6661,v2.4.0,4.0,32.0,5,low,scen_000045,top_0045
consumer_19,web_service,kafka_consumer_19,production,ap-southeast-1,ap-southeast-1c,host-463,ct-7187,v2.6.0,16.0,32.0,5,low,scen_000045,top_0045
consumer_20,web_service,kafka_consumer_20,production,ap-southeast-1,ap-southeast-1a,host-203,ct-7758,v1.4.0,4.0,32.0,1,low,scen_000045,top_0045
consumer_21,web_service,kafka_consumer_21,production,ap-southeast-1,ap-southeast-1a,host-793,ct-2829,v2.3.0,16.0,32.0,5,low,scen_000045,top_0045
consumer_22,web_service,kafka_consumer_22,production,ap-southeast-1,ap-southeast-1c,host-847,ct-1996,v2.3.0,2.0,4.0,2,low,scen_000045,top_0045
consumer_23,web_service,kafka_consumer_23,production,ap-southeast-1,ap-southeast-1b,host-768,ct-1729,v2.6.0,16.0,4.0,5,low,scen_000045,top_0045
consumer_24,web_service,kafka_consumer_24,production,ap-southeast-1,ap-southeast-1c,host-221,ct-2546,v2.1.0,2.0,16.0,1,low,scen_000045,top_0045
consumer_25,web_service,kafka_consumer_25,production,ap-southeast-1,ap-southeast-1c,host-849,ct-8216,v2.4.0,2.0,8.0,3,low,scen_000045,top_0045
consumer_26,web_service,kafka_consumer_26,production,ap-southeast-1,ap-southeast-1a,host-221,ct-7074,v1.8.0,4.0,64.0,5,low,scen_000045,top_0045
consumer_27,web_service,kafka_consumer_27,production,ap-southeast-1,ap-southeast-1b,host-304,ct-9412,v1.8.0,4.0,8.0,4,low,scen_000045,top_0045
consumer_28,web_service,kafka_consumer_28,production,ap-southeast-1,ap-southeast-1a,host-959,ct-7003,v1.3.0,4.0,32.0,4,low,scen_000045,top_0045
consumer_29,web_service,kafka_consumer_29,production,ap-southeast-1,ap-southeast-1c,host-153,ct-7313,v2.1.0,16.0,32.0,3,low,scen_000045,top_0045
consumer_30,web_service,kafka_consumer_30,production,ap-southeast-1,ap-southeast-1a,host-720,ct-9644,v2.4.0,16.0,4.0,1,low,scen_000045,top_0045
consumer_31,web_service,kafka_consumer_31,production,ap-southeast-1,ap-southeast-1b,host-777,ct-4033,v3.5.0,16.0,8.0,3,low,scen_000045,top_0045
consumer_32,web_service,kafka_consumer_32,production,ap-southeast-1,ap-southeast-1a,host-963,ct-7024,v3.6.0,8.0,32.0,4,low,scen_000045,top_0045
consumer_33,web_service,kafka_consumer_33,production,ap-southeast-1,ap-southeast-1a,host-143,ct-5138,v3.6.0,4.0,16.0,5,low,scen_000045,top_0045
consumer_34,web_service,kafka_consumer_34,production,ap-southeast-1,ap-southeast-1c,host-626,ct-8040,v2.2.0,4.0,32.0,1,low,scen_000045,top_0045
consumer_35,web_service,kafka_consumer_35,production,ap-southeast-1,ap-southeast-1c,host-957,ct-3218,v1.0.0,2.0,64.0,4,low,scen_000045,top_0045
consumer_36,web_service,kafka_consumer_36,production,ap-southeast-1,ap-southeast-1a,host-687,ct-5209,v2.6.0,8.0,32.0,4,low,scen_000045,top_0045
consumer_37,web_service,kafka_consumer_37,production,ap-southeast-1,ap-southeast-1b,host-936,ct-2870,v3.3.0,16.0,4.0,2,low,scen_000045,top_0045
consumer_38,web_service,kafka_consumer_38,production,ap-southeast-1,ap-southeast-1a,host-951,ct-6414,v2.3.0,2.0,64.0,3,low,scen_000045,top_0045
gw_01,api_gateway,api_gateway,production,us-east-1,us-east-1a,host-145,ct-6494,v3.0.0,8.0,16.0,1,critical,scen_000046,top_0046
auth_01,auth_service,auth_service,production,us-east-1,us-east-1c,host-213,ct-8319,v3.9.0,16.0,8.0,5,high,scen_000046,top_0046
order_01,order_service,order_service,production,us-east-1,us-east-1c,host-406,ct-5510,v2.6.0,16.0,4.0,3,critical,scen_000046,top_0046
pay_01,payment_service,payment_service,production,us-east-1,us-east-1c,host-760,ct-8553,v2.5.0,4.0,32.0,5,critical,scen_000046,top_0046
inv_01,inventory_service,inventory_service,production,us-east-1,us-east-1b,host-231,ct-5621,v1.6.0,8.0,4.0,4,high,scen_000046,top_0046
db_master,postgresql,postgresql,production,us-east-1,us-east-1a,host-855,ct-1619,v1.3.0,2.0,8.0,4,critical,scen_000046,top_0046
cache_01,redis,redis,production,us-east-1,us-east-1a,host-128,ct-3959,v2.3.0,4.0,32.0,5,high,scen_000046,top_0046
mq_01,kafka,kafka,production,us-east-1,us-east-1a,host-698,ct-1572,v2.2.0,8.0,64.0,2,high,scen_000046,top_0046
ecom_aux_1,user_service,user_service_1,production,us-east-1,us-east-1b,host-722,ct-9220,v1.3.0,8.0,16.0,1,low,scen_000046,top_0046
ecom_aux_2,user_service,user_service_2,production,us-east-1,us-east-1a,host-680,ct-2539,v2.6.0,8.0,8.0,2,low,scen_000046,top_0046
ecom_aux_3,user_service,user_service_3,production,us-east-1,us-east-1c,host-489,ct-8279,v2.2.0,4.0,32.0,4,low,scen_000046,top_0046
ecom_aux_4,user_service,user_service_4,production,us-east-1,us-east-1a,host-100,ct-1334,v2.4.0,2.0,64.0,5,low,scen_000046,top_0046
ecom_aux_5,user_service,user_service_5,production,us-east-1,us-east-1c,host-460,ct-7629,v2.6.0,16.0,64.0,3,low,scen_000046,top_0046
ecom_aux_6,user_service,user_service_6,production,us-east-1,us-east-1a,host-177,ct-5041,v3.3.0,4.0,4.0,2,low,scen_000046,top_0046
ecom_aux_7,user_service,user_service_7,production,us-east-1,us-east-1b,host-676,ct-6147,v2.6.0,4.0,4.0,3,low,scen_000046,top_0046
ecom_aux_8,user_service,user_service_8,production,us-east-1,us-east-1b,host-943,ct-4598,v1.3.0,2.0,4.0,1,low,scen_000046,top_0046
ecom_aux_9,user_service,user_service_9,production,us-east-1,us-east-1a,host-226,ct-8780,v3.1.0,4.0,32.0,4,low,scen_000046,top_0046
ecom_aux_10,user_service,user_service_10,production,us-east-1,us-east-1a,host-436,ct-5469,v2.8.0,16.0,64.0,3,low,scen_000046,top_0046
ecom_aux_11,user_service,user_service_11,production,us-east-1,us-east-1b,host-260,ct-3293,v1.7.0,16.0,8.0,5,low,scen_000046,top_0046
ecom_aux_12,user_service,user_service_12,production,us-east-1,us-east-1c,host-980,ct-8538,v3.5.0,4.0,4.0,4,low,scen_000046,top_0046
ecom_aux_13,user_service,user_service_13,production,us-east-1,us-east-1c,host-524,ct-5618,v3.6.0,8.0,4.0,2,low,scen_000046,top_0046
ecom_aux_14,user_service,user_service_14,production,us-east-1,us-east-1a,host-614,ct-1067,v1.5.0,2.0,64.0,3,low,scen_000046,top_0046
ecom_aux_15,user_service,user_service_15,production,us-east-1,us-east-1b,host-591,ct-7336,v3.8.0,8.0,8.0,3,low,scen_000046,top_0046
ecom_aux_16,user_service,user_service_16,production,us-east-1,us-east-1b,host-975,ct-3757,v1.4.0,16.0,4.0,1,low,scen_000046,top_0046
ecom_aux_17,user_service,user_service_17,production,us-east-1,us-east-1a,host-840,ct-7680,v1.7.0,4.0,4.0,3,low,scen_000046,top_0046
ecom_aux_18,user_service,user_service_18,production,us-east-1,us-east-1a,host-874,ct-9505,v3.9.0,8.0,8.0,1,low,scen_000046,top_0046
ecom_aux_19,user_service,user_service_19,production,us-east-1,us-east-1c,host-157,ct-4965,v3.4.0,2.0,4.0,2,low,scen_000046,top_0046
ecom_aux_20,user_service,user_service_20,production,us-east-1,us-east-1b,host-715,ct-2623,v2.7.0,16.0,4.0,1,low,scen_000046,top_0046
ecom_aux_21,user_service,user_service_21,production,us-east-1,us-east-1b,host-275,ct-7440,v3.5.0,2.0,8.0,3,low,scen_000046,top_0046
ecom_aux_22,user_service,user_service_22,production,us-east-1,us-east-1c,host-523,ct-4245,v2.2.0,2.0,8.0,3,low,scen_000046,top_0046
ecom_aux_23,user_service,user_service_23,production,us-east-1,us-east-1c,host-459,ct-8195,v2.5.0,2.0,4.0,5,low,scen_000046,top_0046
ecom_aux_24,user_service,user_service_24,production,us-east-1,us-east-1b,host-941,ct-7613,v3.0.0,4.0,64.0,4,low,scen_000046,top_0046
ecom_aux_25,user_service,user_service_25,production,us-east-1,us-east-1a,host-667,ct-4338,v2.3.0,2.0,32.0,1,low,scen_000046,top_0046
ecom_aux_26,user_service,user_service_26,production,us-east-1,us-east-1c,host-409,ct-7106,v2.0.0,8.0,32.0,2,low,scen_000046,top_0046
ecom_aux_27,user_service,user_service_27,production,us-east-1,us-east-1b,host-154,ct-7856,v3.7.0,16.0,32.0,1,low,scen_000046,top_0046
ecom_aux_28,user_service,user_service_28,production,us-east-1,us-east-1b,host-465,ct-6529,v2.4.0,2.0,64.0,2,low,scen_000046,top_0046
gw_01,api_gateway,api_gateway,production,eu-central-1,eu-central-1a,host-521,ct-5379,v1.3.0,4.0,8.0,1,critical,scen_000047,top_0047
rec_01,recommendation_service,recommendation_service,production,eu-central-1,eu-central-1a,host-531,ct-4473,v1.1.0,16.0,16.0,3,high,scen_000047,top_0047
es_01,elasticsearch,elasticsearch,production,eu-central-1,eu-central-1a,host-639,ct-3354,v3.8.0,2.0,16.0,3,critical,scen_000047,top_0047
redis_01,redis,redis,production,eu-central-1,eu-central-1c,host-403,ct-8138,v3.0.0,2.0,4.0,2,critical,scen_000047,top_0047
mongo_01,mongodb,mongodb,production,eu-central-1,eu-central-1a,host-761,ct-2074,v3.9.0,2.0,16.0,4,high,scen_000047,top_0047
search_node_1,user_service,search_aux_1,production,eu-central-1,eu-central-1a,host-822,ct-6524,v1.2.0,2.0,16.0,1,medium,scen_000047,top_0047
search_node_2,user_service,search_aux_2,production,eu-central-1,eu-central-1c,host-405,ct-7055,v1.5.0,4.0,32.0,4,medium,scen_000047,top_0047
search_node_3,user_service,search_aux_3,production,eu-central-1,eu-central-1b,host-538,ct-9826,v2.3.0,2.0,32.0,5,medium,scen_000047,top_0047
search_node_4,user_service,search_aux_4,production,eu-central-1,eu-central-1b,host-169,ct-5705,v1.6.0,4.0,8.0,1,medium,scen_000047,top_0047
search_node_5,user_service,search_aux_5,production,eu-central-1,eu-central-1b,host-111,ct-3855,v1.3.0,16.0,4.0,4,medium,scen_000047,top_0047
search_node_6,user_service,search_aux_6,production,eu-central-1,eu-central-1c,host-994,ct-2825,v2.0.0,16.0,64.0,4,medium,scen_000047,top_0047
search_node_7,user_service,search_aux_7,production,eu-central-1,eu-central-1c,host-335,ct-7782,v2.2.0,8.0,32.0,4,medium,scen_000047,top_0047
search_node_8,user_service,search_aux_8,production,eu-central-1,eu-central-1a,host-452,ct-7925,v3.6.0,2.0,4.0,4,medium,scen_000047,top_0047
gw_01,api_gateway,api_gateway,production,ap-southeast-1,ap-southeast-1c,host-984,ct-5247,v2.5.0,8.0,8.0,2,critical,scen_000048,top_0048
lb_01,load_balancer,load_balancer,production,ap-southeast-1,ap-southeast-1b,host-133,ct-3518,v3.8.0,16.0,4.0,1,critical,scen_000048,top_0048
auth_01,auth_service,auth_service,production,ap-southeast-1,ap-southeast-1b,host-857,ct-5975,v1.0.0,4.0,16.0,2,high,scen_000048,top_0048
web_01,web_service,web_service,production,ap-southeast-1,ap-southeast-1b,host-715,ct-3668,v1.4.0,16.0,8.0,5,high,scen_000048,top_0048
db_01,postgresql,postgresql,production,ap-southeast-1,ap-southeast-1b,host-516,ct-7326,v3.5.0,4.0,8.0,1,critical,scen_000048,top_0048
sub_svc_2,web_service,sub_service_2,production,ap-southeast-1,ap-southeast-1c,host-661,ct-9929,v2.5.0,4.0,8.0,2,low,scen_000048,top_0048
sub_svc_3,web_service,sub_service_3,production,ap-southeast-1,ap-southeast-1c,host-790,ct-5903,v1.4.0,2.0,16.0,3,low,scen_000048,top_0048
sub_svc_4,web_service,sub_service_4,production,ap-southeast-1,ap-southeast-1b,host-648,ct-2301,v2.6.0,2.0,4.0,1,low,scen_000048,top_0048
sub_svc_5,web_service,sub_service_5,production,ap-southeast-1,ap-southeast-1a,host-459,ct-8918,v3.1.0,8.0,16.0,4,low,scen_000048,top_0048
sub_svc_6,web_service,sub_service_6,production,ap-southeast-1,ap-southeast-1b,host-895,ct-2775,v1.3.0,16.0,32.0,2,low,scen_000048,top_0048
sub_svc_7,web_service,sub_service_7,production,ap-southeast-1,ap-southeast-1b,host-788,ct-9814,v1.5.0,16.0,64.0,5,low,scen_000048,top_0048
sub_svc_8,web_service,sub_service_8,production,ap-southeast-1,ap-southeast-1a,host-683,ct-6584,v2.6.0,16.0,4.0,4,low,scen_000048,top_0048
sub_svc_9,web_service,sub_service_9,production,ap-southeast-1,ap-southeast-1a,host-383,ct-9373,v2.0.0,2.0,16.0,2,low,scen_000048,top_0048
sub_svc_10,web_service,sub_service_10,production,ap-southeast-1,ap-southeast-1a,host-165,ct-7234,v1.5.0,4.0,16.0,2,low,scen_000048,top_0048
sub_svc_11,web_service,sub_service_11,production,ap-southeast-1,ap-southeast-1c,host-532,ct-6449,v2.0.0,8.0,64.0,5,low,scen_000048,top_0048
sub_svc_12,web_service,sub_service_12,production,ap-southeast-1,ap-southeast-1c,host-113,ct-7761,v3.2.0,16.0,16.0,2,low,scen_000048,top_0048
sub_svc_13,web_service,sub_service_13,production,ap-southeast-1,ap-southeast-1b,host-931,ct-1102,v3.6.0,8.0,16.0,1,low,scen_000048,top_0048
sub_svc_14,web_service,sub_service_14,production,ap-southeast-1,ap-southeast-1a,host-474,ct-4377,v3.8.0,8.0,16.0,4,low,scen_000048,top_0048
sub_svc_15,web_service,sub_service_15,production,ap-southeast-1,ap-southeast-1c,host-902,ct-2069,v1.1.0,4.0,8.0,5,low,scen_000048,top_0048
sub_svc_16,web_service,sub_service_16,production,ap-southeast-1,ap-southeast-1c,host-141,ct-5956,v1.2.0,8.0,8.0,1,low,scen_000048,top_0048
sub_svc_17,web_service,sub_service_17,production,ap-southeast-1,ap-southeast-1a,host-786,ct-3691,v3.6.0,8.0,64.0,5,low,scen_000048,top_0048
sub_svc_18,web_service,sub_service_18,production,ap-southeast-1,ap-southeast-1a,host-445,ct-7391,v3.2.0,8.0,64.0,5,low,scen_000048,top_0048
sub_svc_19,web_service,sub_service_19,production,ap-southeast-1,ap-southeast-1b,host-585,ct-4233,v1.3.0,2.0,4.0,1,low,scen_000048,top_0048
sub_svc_20,web_service,sub_service_20,production,ap-southeast-1,ap-southeast-1b,host-696,ct-2301,v1.8.0,8.0,32.0,1,low,scen_000048,top_0048
sub_svc_21,web_service,sub_service_21,production,ap-southeast-1,ap-southeast-1c,host-553,ct-6311,v2.2.0,4.0,16.0,4,low,scen_000048,top_0048
sub_svc_22,web_service,sub_service_22,production,ap-southeast-1,ap-southeast-1b,host-886,ct-2357,v2.8.0,2.0,8.0,3,low,scen_000048,top_0048
sub_svc_23,web_service,sub_service_23,production,ap-southeast-1,ap-southeast-1a,host-797,ct-8447,v3.4.0,2.0,16.0,3,low,scen_000048,top_0048
sub_svc_24,web_service,sub_service_24,production,ap-southeast-1,ap-southeast-1b,host-107,ct-8804,v2.1.0,2.0,32.0,1,low,scen_000048,top_0048
sub_svc_25,web_service,sub_service_25,production,ap-southeast-1,ap-southeast-1b,host-241,ct-9844,v2.7.0,2.0,4.0,4,low,scen_000048,top_0048
sub_svc_26,web_service,sub_service_26,production,ap-southeast-1,ap-southeast-1a,host-911,ct-7671,v2.6.0,4.0,64.0,3,low,scen_000048,top_0048
gw_01,api_gateway,api_gateway,production,us-west-2,us-west-2a,host-153,ct-4350,v2.2.0,4.0,32.0,1,critical,scen_000049,top_0049
auth_01,auth_service,auth_service,production,us-west-2,us-west-2c,host-561,ct-8271,v1.8.0,16.0,8.0,4,high,scen_000049,top_0049
order_01,order_service,order_service,production,us-west-2,us-west-2a,host-998,ct-1324,v3.2.0,4.0,16.0,3,critical,scen_000049,top_0049
pay_01,payment_service,payment_service,production,us-west-2,us-west-2b,host-190,ct-6252,v2.7.0,16.0,16.0,2,critical,scen_000049,top_0049
inv_01,inventory_service,inventory_service,production,us-west-2,us-west-2a,host-900,ct-4694,v2.9.0,2.0,8.0,1,high,scen_000049,top_0049
db_master,postgresql,postgresql,production,us-west-2,us-west-2b,host-995,ct-6112,v2.8.0,8.0,32.0,3,critical,scen_000049,top_0049
cache_01,redis,redis,production,us-west-2,us-west-2c,host-295,ct-9868,v2.1.0,4.0,64.0,2,high,scen_000049,top_0049
mq_01,kafka,kafka,production,us-west-2,us-west-2c,host-464,ct-8251,v3.3.0,2.0,4.0,4,high,scen_000049,top_0049
ecom_aux_1,user_service,user_service_1,production,us-west-2,us-west-2b,host-687,ct-7505,v1.5.0,16.0,32.0,3,low,scen_000049,top_0049
ecom_aux_2,user_service,user_service_2,production,us-west-2,us-west-2b,host-718,ct-4299,v1.8.0,16.0,8.0,3,low,scen_000049,top_0049
ecom_aux_3,user_service,user_service_3,production,us-west-2,us-west-2a,host-681,ct-5412,v3.8.0,8.0,64.0,4,low,scen_000049,top_0049
ecom_aux_4,user_service,user_service_4,production,us-west-2,us-west-2b,host-411,ct-9297,v3.4.0,2.0,64.0,4,low,scen_000049,top_0049
ecom_aux_5,user_service,user_service_5,production,us-west-2,us-west-2c,host-440,ct-4519,v1.5.0,4.0,4.0,5,low,scen_000049,top_0049
ecom_aux_6,user_service,user_service_6,production,us-west-2,us-west-2c,host-165,ct-2686,v2.1.0,8.0,4.0,5,low,scen_000049,top_0049
ecom_aux_7,user_service,user_service_7,production,us-west-2,us-west-2a,host-576,ct-4954,v3.4.0,8.0,16.0,2,low,scen_000049,top_0049
ecom_aux_8,user_service,user_service_8,production,us-west-2,us-west-2a,host-757,ct-1180,v1.7.0,4.0,4.0,1,low,scen_000049,top_0049
ecom_aux_9,user_service,user_service_9,production,us-west-2,us-west-2a,host-952,ct-8634,v3.3.0,4.0,16.0,1,low,scen_000049,top_0049
ecom_aux_10,user_service,user_service_10,production,us-west-2,us-west-2c,host-520,ct-4478,v2.7.0,16.0,64.0,5,low,scen_000049,top_0049
ecom_aux_11,user_service,user_service_11,production,us-west-2,us-west-2c,host-913,ct-4600,v1.9.0,16.0,16.0,4,low,scen_000049,top_0049
ecom_aux_12,user_service,user_service_12,production,us-west-2,us-west-2c,host-432,ct-9031,v1.8.0,4.0,4.0,1,low,scen_000049,top_0049
ecom_aux_13,user_service,user_service_13,production,us-west-2,us-west-2b,host-532,ct-4582,v1.6.0,8.0,8.0,3,low,scen_000049,top_0049
ecom_aux_14,user_service,user_service_14,production,us-west-2,us-west-2b,host-416,ct-1067,v3.5.0,2.0,4.0,4,low,scen_000049,top_0049
ecom_aux_15,user_service,user_service_15,production,us-west-2,us-west-2b,host-792,ct-4643,v2.9.0,2.0,4.0,1,low,scen_000049,top_0049
ecom_aux_16,user_service,user_service_16,production,us-west-2,us-west-2b,host-541,ct-6766,v3.1.0,16.0,4.0,4,low,scen_000049,top_0049
ecom_aux_17,user_service,user_service_17,production,us-west-2,us-west-2a,host-458,ct-9595,v1.7.0,2.0,4.0,5,low,scen_000049,top_0049
ecom_aux_18,user_service,user_service_18,production,us-west-2,us-west-2b,host-274,ct-2297,v1.6.0,8.0,32.0,1,low,scen_000049,top_0049
ecom_aux_19,user_service,user_service_19,production,us-west-2,us-west-2a,host-699,ct-2247,v3.5.0,2.0,8.0,1,low,scen_000049,top_0049
ecom_aux_20,user_service,user_service_20,production,us-west-2,us-west-2b,host-220,ct-2941,v2.4.0,4.0,64.0,1,low,scen_000049,top_0049
ecom_aux_21,user_service,user_service_21,production,us-west-2,us-west-2b,host-896,ct-3806,v3.5.0,16.0,32.0,3,low,scen_000049,top_0049
ecom_aux_22,user_service,user_service_22,production,us-west-2,us-west-2c,host-428,ct-7918,v1.0.0,16.0,16.0,3,low,scen_000049,top_0049
ecom_aux_23,user_service,user_service_23,production,us-west-2,us-west-2c,host-162,ct-3071,v3.7.0,4.0,64.0,1,low,scen_000049,top_0049
ecom_aux_24,user_service,user_service_24,production,us-west-2,us-west-2b,host-864,ct-1143,v1.3.0,8.0,32.0,1,low,scen_000049,top_0049
ecom_aux_25,user_service,user_service_25,production,us-west-2,us-west-2b,host-738,ct-2647,v1.0.0,8.0,4.0,2,low,scen_000049,top_0049
ecom_aux_26,user_service,user_service_26,production,us-west-2,us-west-2c,host-626,ct-7218,v2.9.0,16.0,64.0,2,low,scen_000049,top_0049
ecom_aux_27,user_service,user_service_27,production,us-west-2,us-west-2c,host-539,ct-8436,v1.2.0,2.0,32.0,4,low,scen_000049,top_0049
ingest_01,api_gateway,ingestion_gateway,production,us-west-2,us-west-2b,host-513,ct-2141,v2.7.0,16.0,4.0,4,critical,scen_000050,top_0050
kafka_broker,kafka,kafka,production,us-west-2,us-west-2c,host-172,ct-4529,v1.3.0,4.0,16.0,1,critical,scen_000050,top_0050
notif_01,notification_service,notification_service,production,us-west-2,us-west-2a,host-965,ct-3676,v3.7.0,8.0,32.0,3,high,scen_000050,top_0050
user_01,user_service,user_service,production,us-west-2,us-west-2b,host-399,ct-7514,v3.7.0,8.0,32.0,4,medium,scen_000050,top_0050
db_event,mysql,mysql,production,us-west-2,us-west-2a,host-748,ct-1004,v2.8.0,16.0,8.0,1,high,scen_000050,top_0050
consumer_1,web_service,kafka_consumer_1,production,us-west-2,us-west-2a,host-642,ct-9342,v2.2.0,4.0,4.0,4,low,scen_000050,top_0050
consumer_2,web_service,kafka_consumer_2,production,us-west-2,us-west-2c,host-899,ct-9526,v1.2.0,8.0,8.0,3,low,scen_000050,top_0050
consumer_3,web_service,kafka_consumer_3,production,us-west-2,us-west-2c,host-260,ct-6399,v3.8.0,4.0,8.0,1,low,scen_000050,top_0050
node_00,redis,mesh_svc_0,production,us-west-2,us-west-2c,host-120,ct-5585,v3.0.0,4.0,4.0,2,low,scen_000051,top_0051
node_01,user_service,mesh_svc_1,production,us-west-2,us-west-2c,host-429,ct-2730,v2.0.0,2.0,8.0,3,low,scen_000051,top_0051
node_02,postgresql,mesh_svc_2,production,us-west-2,us-west-2c,host-896,ct-9464,v2.2.0,8.0,32.0,5,critical,scen_000051,top_0051
node_03,k8s_node,mesh_svc_3,production,us-west-2,us-west-2a,host-823,ct-4871,v3.7.0,8.0,16.0,1,high,scen_000051,top_0051
node_04,rabbitmq,mesh_svc_4,production,us-west-2,us-west-2a,host-656,ct-6404,v2.0.0,4.0,8.0,3,medium,scen_000051,top_0051
node_05,mongodb,mesh_svc_5,production,us-west-2,us-west-2a,host-653,ct-3732,v3.6.0,8.0,64.0,3,high,scen_000051,top_0051
node_06,k8s_node,mesh_svc_6,production,us-west-2,us-west-2b,host-856,ct-5506,v2.5.0,16.0,4.0,3,low,scen_000051,top_0051
node_07,kafka,mesh_svc_7,production,us-west-2,us-west-2c,host-265,ct-2368,v1.5.0,8.0,16.0,2,low,scen_000051,top_0051
node_08,kafka,mesh_svc_8,production,us-west-2,us-west-2a,host-684,ct-7145,v3.2.0,2.0,16.0,2,medium,scen_000051,top_0051
node_09,recommendation_service,mesh_svc_9,production,us-west-2,us-west-2b,host-331,ct-7068,v2.7.0,16.0,8.0,5,high,scen_000051,top_0051
node_10,order_service,mesh_svc_10,production,us-west-2,us-west-2a,host-133,ct-3976,v3.3.0,8.0,4.0,2,low,scen_000051,top_0051
node_11,elasticsearch,mesh_svc_11,production,us-west-2,us-west-2a,host-916,ct-5246,v2.3.0,2.0,64.0,4,low,scen_000051,top_0051
node_12,api_gateway,mesh_svc_12,production,us-west-2,us-west-2b,host-715,ct-9834,v1.2.0,16.0,4.0,5,critical,scen_000051,top_0051
node_13,web_service,mesh_svc_13,production,us-west-2,us-west-2b,host-542,ct-1260,v2.7.0,8.0,16.0,1,medium,scen_000051,top_0051
node_14,auth_service,mesh_svc_14,production,us-west-2,us-west-2b,host-180,ct-6858,v2.3.0,2.0,4.0,5,low,scen_000051,top_0051
node_15,object_storage,mesh_svc_15,production,us-west-2,us-west-2c,host-111,ct-1233,v3.2.0,16.0,4.0,4,low,scen_000051,top_0051
node_16,postgresql,mesh_svc_16,production,us-west-2,us-west-2a,host-714,ct-1594,v2.7.0,4.0,16.0,1,critical,scen_000051,top_0051
node_17,load_balancer,mesh_svc_17,production,us-west-2,us-west-2a,host-927,ct-2221,v2.6.0,2.0,8.0,1,critical,scen_000051,top_0051
node_18,payment_service,mesh_svc_18,production,us-west-2,us-west-2c,host-460,ct-5646,v2.3.0,8.0,8.0,2,medium,scen_000051,top_0051
node_19,postgresql,mesh_svc_19,production,us-west-2,us-west-2c,host-555,ct-6271,v1.1.0,2.0,32.0,1,low,scen_000051,top_0051
node_20,notification_service,mesh_svc_20,production,us-west-2,us-west-2a,host-166,ct-1856,v2.7.0,4.0,4.0,3,high,scen_000051,top_0051
node_21,web_service,mesh_svc_21,production,us-west-2,us-west-2c,host-298,ct-4603,v3.9.0,8.0,64.0,4,medium,scen_000051,top_0051
node_22,rabbitmq,mesh_svc_22,production,us-west-2,us-west-2b,host-498,ct-6347,v2.5.0,4.0,64.0,3,low,scen_000051,top_0051
node_23,mysql,mesh_svc_23,production,us-west-2,us-west-2b,host-969,ct-3579,v2.6.0,16.0,32.0,5,medium,scen_000051,top_0051
node_24,user_service,mesh_svc_24,production,us-west-2,us-west-2b,host-177,ct-3873,v2.7.0,2.0,8.0,5,medium,scen_000051,top_0051
node_25,user_service,mesh_svc_25,production,us-west-2,us-west-2c,host-862,ct-2657,v1.0.0,2.0,64.0,5,high,scen_000051,top_0051
node_26,postgresql,mesh_svc_26,production,us-west-2,us-west-2c,host-530,ct-3077,v1.0.0,8.0,32.0,1,high,scen_000051,top_0051
node_27,object_storage,mesh_svc_27,production,us-west-2,us-west-2b,host-607,ct-3471,v2.2.0,8.0,4.0,1,critical,scen_000051,top_0051
node_28,notification_service,mesh_svc_28,production,us-west-2,us-west-2c,host-392,ct-2827,v2.2.0,16.0,16.0,5,medium,scen_000051,top_0051
node_29,inventory_service,mesh_svc_29,production,us-west-2,us-west-2c,host-914,ct-4214,v1.2.0,4.0,16.0,4,high,scen_000051,top_0051
node_30,k8s_node,mesh_svc_30,production,us-west-2,us-west-2a,host-160,ct-1794,v3.4.0,4.0,4.0,1,critical,scen_000051,top_0051
node_31,redis,mesh_svc_31,production,us-west-2,us-west-2c,host-177,ct-4006,v2.5.0,2.0,64.0,2,high,scen_000051,top_0051
node_32,order_service,mesh_svc_32,production,us-west-2,us-west-2a,host-808,ct-8087,v2.1.0,4.0,64.0,3,critical,scen_000051,top_0051
node_33,inventory_service,mesh_svc_33,production,us-west-2,us-west-2a,host-828,ct-2778,v3.9.0,8.0,16.0,2,medium,scen_000051,top_0051
node_34,mysql,mesh_svc_34,production,us-west-2,us-west-2c,host-492,ct-1588,v1.3.0,8.0,8.0,2,critical,scen_000051,top_0051
node_35,api_gateway,mesh_svc_35,production,us-west-2,us-west-2a,host-765,ct-2158,v2.6.0,8.0,8.0,2,medium,scen_000051,top_0051
node_36,kafka,mesh_svc_36,production,us-west-2,us-west-2c,host-228,ct-5760,v3.2.0,4.0,16.0,2,critical,scen_000051,top_0051
node_37,mongodb,mesh_svc_37,production,us-west-2,us-west-2a,host-281,ct-3158,v3.5.0,4.0,4.0,3,high,scen_000051,top_0051
node_38,kafka,mesh_svc_38,production,us-west-2,us-west-2a,host-700,ct-9410,v3.0.0,16.0,4.0,5,high,scen_000051,top_0051
node_39,web_service,mesh_svc_39,production,us-west-2,us-west-2a,host-985,ct-8634,v1.7.0,8.0,32.0,2,low,scen_000051,top_0051
node_40,container,mesh_svc_40,production,us-west-2,us-west-2b,host-147,ct-2287,v3.0.0,2.0,16.0,5,high,scen_000051,top_0051
node_41,notification_service,mesh_svc_41,production,us-west-2,us-west-2b,host-717,ct-7018,v3.7.0,4.0,16.0,2,critical,scen_000051,top_0051
ingest_01,api_gateway,ingestion_gateway,production,eu-central-1,eu-central-1a,host-239,ct-3021,v2.9.0,4.0,4.0,4,critical,scen_000052,top_0052
kafka_broker,kafka,kafka,production,eu-central-1,eu-central-1c,host-674,ct-8555,v2.0.0,4.0,8.0,2,critical,scen_000052,top_0052
notif_01,notification_service,notification_service,production,eu-central-1,eu-central-1a,host-546,ct-5069,v2.0.0,8.0,64.0,1,high,scen_000052,top_0052
user_01,user_service,user_service,production,eu-central-1,eu-central-1c,host-603,ct-9751,v2.2.0,16.0,8.0,5,medium,scen_000052,top_0052
db_event,mysql,mysql,production,eu-central-1,eu-central-1b,host-710,ct-7248,v3.5.0,16.0,8.0,2,high,scen_000052,top_0052
consumer_1,web_service,kafka_consumer_1,production,eu-central-1,eu-central-1b,host-286,ct-5522,v1.5.0,4.0,8.0,2,low,scen_000052,top_0052
consumer_2,web_service,kafka_consumer_2,production,eu-central-1,eu-central-1a,host-667,ct-5144,v2.2.0,2.0,8.0,4,low,scen_000052,top_0052
consumer_3,web_service,kafka_consumer_3,production,eu-central-1,eu-central-1c,host-403,ct-5441,v2.8.0,8.0,4.0,1,low,scen_000052,top_0052
consumer_4,web_service,kafka_consumer_4,production,eu-central-1,eu-central-1a,host-918,ct-5662,v3.7.0,2.0,16.0,4,low,scen_000052,top_0052
consumer_5,web_service,kafka_consumer_5,production,eu-central-1,eu-central-1b,host-127,ct-5408,v3.4.0,4.0,32.0,2,low,scen_000052,top_0052
consumer_6,web_service,kafka_consumer_6,production,eu-central-1,eu-central-1c,host-804,ct-2850,v2.1.0,4.0,8.0,1,low,scen_000052,top_0052
consumer_7,web_service,kafka_consumer_7,production,eu-central-1,eu-central-1b,host-694,ct-4197,v3.9.0,4.0,64.0,2,low,scen_000052,top_0052
consumer_8,web_service,kafka_consumer_8,production,eu-central-1,eu-central-1c,host-496,ct-7066,v2.6.0,8.0,32.0,5,low,scen_000052,top_0052
consumer_9,web_service,kafka_consumer_9,production,eu-central-1,eu-central-1b,host-263,ct-1860,v1.5.0,8.0,16.0,5,low,scen_000052,top_0052
consumer_10,web_service,kafka_consumer_10,production,eu-central-1,eu-central-1b,host-573,ct-2072,v2.0.0,4.0,8.0,3,low,scen_000052,top_0052
consumer_11,web_service,kafka_consumer_11,production,eu-central-1,eu-central-1a,host-154,ct-1570,v1.5.0,16.0,4.0,4,low,scen_000052,top_0052
consumer_12,web_service,kafka_consumer_12,production,eu-central-1,eu-central-1a,host-557,ct-3234,v3.1.0,8.0,64.0,4,low,scen_000052,top_0052
consumer_13,web_service,kafka_consumer_13,production,eu-central-1,eu-central-1b,host-565,ct-3379,v3.1.0,8.0,4.0,4,low,scen_000052,top_0052
consumer_14,web_service,kafka_consumer_14,production,eu-central-1,eu-central-1c,host-890,ct-5565,v2.8.0,16.0,8.0,4,low,scen_000052,top_0052
consumer_15,web_service,kafka_consumer_15,production,eu-central-1,eu-central-1c,host-396,ct-5518,v3.5.0,8.0,16.0,1,low,scen_000052,top_0052
consumer_16,web_service,kafka_consumer_16,production,eu-central-1,eu-central-1a,host-881,ct-4475,v1.5.0,4.0,4.0,2,low,scen_000052,top_0052
consumer_17,web_service,kafka_consumer_17,production,eu-central-1,eu-central-1b,host-110,ct-9330,v3.9.0,16.0,32.0,5,low,scen_000052,top_0052
consumer_18,web_service,kafka_consumer_18,production,eu-central-1,eu-central-1b,host-470,ct-6673,v2.1.0,4.0,16.0,5,low,scen_000052,top_0052
consumer_19,web_service,kafka_consumer_19,production,eu-central-1,eu-central-1b,host-222,ct-6753,v2.1.0,2.0,32.0,2,low,scen_000052,top_0052
consumer_20,web_service,kafka_consumer_20,production,eu-central-1,eu-central-1c,host-121,ct-5633,v2.7.0,16.0,8.0,1,low,scen_000052,top_0052
consumer_21,web_service,kafka_consumer_21,production,eu-central-1,eu-central-1c,host-434,ct-4773,v3.9.0,4.0,32.0,5,low,scen_000052,top_0052
consumer_22,web_service,kafka_consumer_22,production,eu-central-1,eu-central-1b,host-877,ct-5493,v3.8.0,16.0,4.0,4,low,scen_000052,top_0052
consumer_23,web_service,kafka_consumer_23,production,eu-central-1,eu-central-1a,host-312,ct-2508,v2.7.0,16.0,32.0,3,low,scen_000052,top_0052
gw_01,api_gateway,api_gateway,production,us-west-2,us-west-2c,host-657,ct-8138,v2.9.0,16.0,32.0,4,critical,scen_000053,top_0053
lb_01,load_balancer,load_balancer,production,us-west-2,us-west-2c,host-360,ct-4442,v3.9.0,4.0,32.0,1,critical,scen_000053,top_0053
auth_01,auth_service,auth_service,production,us-west-2,us-west-2b,host-670,ct-5611,v3.9.0,2.0,8.0,4,high,scen_000053,top_0053
web_01,web_service,web_service,production,us-west-2,us-west-2a,host-997,ct-1445,v3.1.0,2.0,64.0,5,high,scen_000053,top_0053
db_01,postgresql,postgresql,production,us-west-2,us-west-2b,host-516,ct-5242,v3.8.0,2.0,64.0,4,critical,scen_000053,top_0053
sub_svc_2,web_service,sub_service_2,production,us-west-2,us-west-2b,host-314,ct-3520,v2.5.0,16.0,32.0,5,low,scen_000053,top_0053
sub_svc_3,web_service,sub_service_3,production,us-west-2,us-west-2b,host-809,ct-6802,v3.3.0,4.0,16.0,1,low,scen_000053,top_0053
sub_svc_4,web_service,sub_service_4,production,us-west-2,us-west-2c,host-516,ct-2315,v1.2.0,4.0,64.0,1,low,scen_000053,top_0053
sub_svc_5,web_service,sub_service_5,production,us-west-2,us-west-2a,host-259,ct-1544,v3.4.0,2.0,16.0,5,low,scen_000053,top_0053
sub_svc_6,web_service,sub_service_6,production,us-west-2,us-west-2a,host-906,ct-5887,v3.4.0,8.0,8.0,3,low,scen_000053,top_0053
sub_svc_7,web_service,sub_service_7,production,us-west-2,us-west-2c,host-182,ct-2491,v2.6.0,8.0,32.0,2,low,scen_000053,top_0053
sub_svc_8,web_service,sub_service_8,production,us-west-2,us-west-2b,host-440,ct-5756,v2.6.0,2.0,16.0,3,low,scen_000053,top_0053
sub_svc_9,web_service,sub_service_9,production,us-west-2,us-west-2a,host-281,ct-8720,v1.1.0,8.0,16.0,3,low,scen_000053,top_0053
sub_svc_10,web_service,sub_service_10,production,us-west-2,us-west-2c,host-610,ct-5272,v1.7.0,4.0,4.0,4,low,scen_000053,top_0053
sub_svc_11,web_service,sub_service_11,production,us-west-2,us-west-2b,host-777,ct-8689,v3.5.0,8.0,8.0,2,low,scen_000053,top_0053
ingest_01,api_gateway,ingestion_gateway,production,eu-central-1,eu-central-1a,host-753,ct-7704,v1.3.0,2.0,32.0,3,critical,scen_000054,top_0054
kafka_broker,kafka,kafka,production,eu-central-1,eu-central-1c,host-626,ct-4084,v1.4.0,8.0,32.0,2,critical,scen_000054,top_0054
notif_01,notification_service,notification_service,production,eu-central-1,eu-central-1a,host-122,ct-1726,v1.6.0,4.0,16.0,3,high,scen_000054,top_0054
user_01,user_service,user_service,production,eu-central-1,eu-central-1a,host-306,ct-8276,v3.0.0,4.0,64.0,4,medium,scen_000054,top_0054
db_event,mysql,mysql,production,eu-central-1,eu-central-1b,host-178,ct-4250,v1.6.0,8.0,16.0,1,high,scen_000054,top_0054
consumer_1,web_service,kafka_consumer_1,production,eu-central-1,eu-central-1c,host-372,ct-1491,v1.1.0,4.0,16.0,5,low,scen_000054,top_0054
consumer_2,web_service,kafka_consumer_2,production,eu-central-1,eu-central-1b,host-638,ct-7193,v1.3.0,4.0,4.0,3,low,scen_000054,top_0054
consumer_3,web_service,kafka_consumer_3,production,eu-central-1,eu-central-1b,host-954,ct-7511,v3.2.0,4.0,4.0,2,low,scen_000054,top_0054
consumer_4,web_service,kafka_consumer_4,production,eu-central-1,eu-central-1a,host-655,ct-8823,v1.8.0,2.0,16.0,4,low,scen_000054,top_0054
consumer_5,web_service,kafka_consumer_5,production,eu-central-1,eu-central-1a,host-801,ct-8974,v3.0.0,16.0,64.0,3,low,scen_000054,top_0054
consumer_6,web_service,kafka_consumer_6,production,eu-central-1,eu-central-1c,host-470,ct-2473,v1.2.0,4.0,4.0,4,low,scen_000054,top_0054
consumer_7,web_service,kafka_consumer_7,production,eu-central-1,eu-central-1c,host-100,ct-7233,v2.2.0,2.0,8.0,1,low,scen_000054,top_0054
consumer_8,web_service,kafka_consumer_8,production,eu-central-1,eu-central-1b,host-264,ct-9126,v1.7.0,16.0,16.0,2,low,scen_000054,top_0054
consumer_9,web_service,kafka_consumer_9,production,eu-central-1,eu-central-1b,host-536,ct-7969,v3.4.0,2.0,64.0,3,low,scen_000054,top_0054
consumer_10,web_service,kafka_consumer_10,production,eu-central-1,eu-central-1b,host-418,ct-3851,v3.2.0,16.0,4.0,4,low,scen_000054,top_0054
consumer_11,web_service,kafka_consumer_11,production,eu-central-1,eu-central-1c,host-718,ct-2364,v1.3.0,8.0,16.0,2,low,scen_000054,top_0054
consumer_12,web_service,kafka_consumer_12,production,eu-central-1,eu-central-1b,host-843,ct-6997,v3.2.0,8.0,4.0,3,low,scen_000054,top_0054
consumer_13,web_service,kafka_consumer_13,production,eu-central-1,eu-central-1c,host-575,ct-5206,v2.7.0,4.0,8.0,2,low,scen_000054,top_0054
consumer_14,web_service,kafka_consumer_14,production,eu-central-1,eu-central-1c,host-714,ct-7653,v2.6.0,16.0,8.0,5,low,scen_000054,top_0054
consumer_15,web_service,kafka_consumer_15,production,eu-central-1,eu-central-1c,host-881,ct-9260,v1.5.0,4.0,8.0,5,low,scen_000054,top_0054
consumer_16,web_service,kafka_consumer_16,production,eu-central-1,eu-central-1a,host-677,ct-5464,v1.3.0,2.0,64.0,4,low,scen_000054,top_0054
consumer_17,web_service,kafka_consumer_17,production,eu-central-1,eu-central-1b,host-203,ct-8325,v2.1.0,4.0,16.0,5,low,scen_000054,top_0054
consumer_18,web_service,kafka_consumer_18,production,eu-central-1,eu-central-1b,host-803,ct-1716,v1.4.0,8.0,64.0,5,low,scen_000054,top_0054
consumer_19,web_service,kafka_consumer_19,production,eu-central-1,eu-central-1a,host-283,ct-7041,v2.5.0,8.0,8.0,5,low,scen_000054,top_0054
consumer_20,web_service,kafka_consumer_20,production,eu-central-1,eu-central-1b,host-206,ct-7863,v1.4.0,8.0,8.0,4,low,scen_000054,top_0054
consumer_21,web_service,kafka_consumer_21,production,eu-central-1,eu-central-1b,host-731,ct-6174,v2.3.0,8.0,64.0,2,low,scen_000054,top_0054
consumer_22,web_service,kafka_consumer_22,production,eu-central-1,eu-central-1c,host-819,ct-4837,v3.7.0,8.0,16.0,5,low,scen_000054,top_0054
consumer_23,web_service,kafka_consumer_23,production,eu-central-1,eu-central-1b,host-702,ct-6795,v2.8.0,16.0,32.0,3,low,scen_000054,top_0054
consumer_24,web_service,kafka_consumer_24,production,eu-central-1,eu-central-1c,host-578,ct-8670,v1.1.0,8.0,8.0,4,low,scen_000054,top_0054
consumer_25,web_service,kafka_consumer_25,production,eu-central-1,eu-central-1b,host-778,ct-1985,v2.6.0,8.0,32.0,4,low,scen_000054,top_0054
consumer_26,web_service,kafka_consumer_26,production,eu-central-1,eu-central-1a,host-597,ct-3734,v1.9.0,8.0,4.0,3,low,scen_000054,top_0054
consumer_27,web_service,kafka_consumer_27,production,eu-central-1,eu-central-1b,host-398,ct-5024,v2.3.0,8.0,32.0,5,low,scen_000054,top_0054
consumer_28,web_service,kafka_consumer_28,production,eu-central-1,eu-central-1c,host-674,ct-4752,v3.4.0,4.0,8.0,5,low,scen_000054,top_0054
consumer_29,web_service,kafka_consumer_29,production,eu-central-1,eu-central-1b,host-447,ct-2825,v2.3.0,4.0,64.0,1,low,scen_000054,top_0054
consumer_30,web_service,kafka_consumer_30,production,eu-central-1,eu-central-1b,host-409,ct-1771,v2.1.0,8.0,32.0,4,low,scen_000054,top_0054
consumer_31,web_service,kafka_consumer_31,production,eu-central-1,eu-central-1a,host-425,ct-6583,v1.0.0,2.0,64.0,3,low,scen_000054,top_0054
consumer_32,web_service,kafka_consumer_32,production,eu-central-1,eu-central-1b,host-477,ct-3871,v1.8.0,4.0,32.0,4,low,scen_000054,top_0054
consumer_33,web_service,kafka_consumer_33,production,eu-central-1,eu-central-1b,host-374,ct-7957,v1.7.0,8.0,64.0,1,low,scen_000054,top_0054
consumer_34,web_service,kafka_consumer_34,production,eu-central-1,eu-central-1a,host-836,ct-2568,v1.8.0,4.0,32.0,3,low,scen_000054,top_0054
consumer_35,web_service,kafka_consumer_35,production,eu-central-1,eu-central-1c,host-814,ct-7707,v3.4.0,4.0,32.0,2,low,scen_000054,top_0054
consumer_36,web_service,kafka_consumer_36,production,eu-central-1,eu-central-1b,host-158,ct-7466,v3.4.0,4.0,4.0,4,low,scen_000054,top_0054
consumer_37,web_service,kafka_consumer_37,production,eu-central-1,eu-central-1c,host-872,ct-8920,v2.0.0,8.0,8.0,2,low,scen_000054,top_0054
consumer_38,web_service,kafka_consumer_38,production,eu-central-1,eu-central-1a,host-996,ct-9421,v1.2.0,8.0,16.0,4,low,scen_000054,top_0054
consumer_39,web_service,kafka_consumer_39,production,eu-central-1,eu-central-1c,host-308,ct-2532,v2.3.0,2.0,64.0,3,low,scen_000054,top_0054
consumer_40,web_service,kafka_consumer_40,production,eu-central-1,eu-central-1c,host-506,ct-2269,v2.8.0,16.0,16.0,4,low,scen_000054,top_0054
consumer_41,web_service,kafka_consumer_41,production,eu-central-1,eu-central-1b,host-288,ct-6287,v3.8.0,16.0,64.0,5,low,scen_000054,top_0054
consumer_42,web_service,kafka_consumer_42,production,eu-central-1,eu-central-1c,host-667,ct-4224,v3.0.0,16.0,32.0,5,low,scen_000054,top_0054
gw_01,api_gateway,api_gateway,production,us-west-2,us-west-2a,host-325,ct-1441,v2.4.0,4.0,64.0,4,critical,scen_000055,top_0055
lb_01,load_balancer,load_balancer,production,us-west-2,us-west-2b,host-731,ct-8566,v2.2.0,8.0,64.0,3,critical,scen_000055,top_0055
auth_01,auth_service,auth_service,production,us-west-2,us-west-2a,host-954,ct-8510,v3.0.0,8.0,64.0,1,high,scen_000055,top_0055
web_01,web_service,web_service,production,us-west-2,us-west-2c,host-298,ct-6600,v1.7.0,4.0,64.0,5,high,scen_000055,top_0055
db_01,postgresql,postgresql,production,us-west-2,us-west-2a,host-163,ct-7969,v2.7.0,16.0,64.0,1,critical,scen_000055,top_0055
sub_svc_2,web_service,sub_service_2,production,us-west-2,us-west-2a,host-707,ct-9443,v1.8.0,4.0,16.0,3,low,scen_000055,top_0055
sub_svc_3,web_service,sub_service_3,production,us-west-2,us-west-2c,host-499,ct-6874,v1.2.0,4.0,16.0,1,low,scen_000055,top_0055
sub_svc_4,web_service,sub_service_4,production,us-west-2,us-west-2a,host-906,ct-6052,v3.3.0,2.0,64.0,4,low,scen_000055,top_0055
sub_svc_5,web_service,sub_service_5,production,us-west-2,us-west-2b,host-805,ct-3771,v2.5.0,2.0,4.0,3,low,scen_000055,top_0055
sub_svc_6,web_service,sub_service_6,production,us-west-2,us-west-2c,host-582,ct-3079,v1.3.0,2.0,16.0,4,low,scen_000055,top_0055
sub_svc_7,web_service,sub_service_7,production,us-west-2,us-west-2a,host-161,ct-5680,v2.9.0,8.0,16.0,1,low,scen_000055,top_0055
sub_svc_8,web_service,sub_service_8,production,us-west-2,us-west-2c,host-186,ct-9338,v3.1.0,16.0,4.0,1,low,scen_000055,top_0055
sub_svc_9,web_service,sub_service_9,production,us-west-2,us-west-2a,host-360,ct-1644,v1.1.0,2.0,32.0,5,low,scen_000055,top_0055
sub_svc_10,web_service,sub_service_10,production,us-west-2,us-west-2c,host-734,ct-7971,v2.7.0,4.0,16.0,4,low,scen_000055,top_0055
sub_svc_11,web_service,sub_service_11,production,us-west-2,us-west-2c,host-399,ct-5080,v3.6.0,8.0,4.0,4,low,scen_000055,top_0055
sub_svc_12,web_service,sub_service_12,production,us-west-2,us-west-2b,host-202,ct-7408,v3.6.0,2.0,8.0,4,low,scen_000055,top_0055
ingest_01,api_gateway,ingestion_gateway,production,eu-central-1,eu-central-1a,host-484,ct-9870,v1.8.0,4.0,16.0,3,critical,scen_000056,top_0056
kafka_broker,kafka,kafka,production,eu-central-1,eu-central-1c,host-538,ct-3119,v1.0.0,2.0,4.0,1,critical,scen_000056,top_0056
notif_01,notification_service,notification_service,production,eu-central-1,eu-central-1b,host-748,ct-2306,v3.8.0,2.0,64.0,2,high,scen_000056,top_0056
user_01,user_service,user_service,production,eu-central-1,eu-central-1a,host-479,ct-7844,v3.0.0,16.0,8.0,3,medium,scen_000056,top_0056
db_event,mysql,mysql,production,eu-central-1,eu-central-1a,host-898,ct-3780,v2.4.0,4.0,32.0,4,high,scen_000056,top_0056
consumer_1,web_service,kafka_consumer_1,production,eu-central-1,eu-central-1c,host-349,ct-6292,v3.1.0,8.0,4.0,5,low,scen_000056,top_0056
consumer_2,web_service,kafka_consumer_2,production,eu-central-1,eu-central-1b,host-232,ct-3192,v2.6.0,8.0,16.0,3,low,scen_000056,top_0056
consumer_3,web_service,kafka_consumer_3,production,eu-central-1,eu-central-1a,host-812,ct-7009,v3.3.0,16.0,64.0,3,low,scen_000056,top_0056
gw_01,api_gateway,api_gateway,production,us-east-1,us-east-1b,host-844,ct-7426,v3.2.0,4.0,16.0,4,critical,scen_000057,top_0057
auth_01,auth_service,auth_service,production,us-east-1,us-east-1b,host-274,ct-9582,v3.3.0,16.0,16.0,3,high,scen_000057,top_0057
order_01,order_service,order_service,production,us-east-1,us-east-1b,host-491,ct-8901,v2.4.0,16.0,16.0,3,critical,scen_000057,top_0057
pay_01,payment_service,payment_service,production,us-east-1,us-east-1c,host-709,ct-6695,v3.1.0,2.0,16.0,5,critical,scen_000057,top_0057
inv_01,inventory_service,inventory_service,production,us-east-1,us-east-1a,host-769,ct-1581,v1.7.0,4.0,8.0,1,high,scen_000057,top_0057
db_master,postgresql,postgresql,production,us-east-1,us-east-1c,host-369,ct-9386,v2.1.0,2.0,8.0,3,critical,scen_000057,top_0057
cache_01,redis,redis,production,us-east-1,us-east-1a,host-557,ct-4969,v3.5.0,16.0,4.0,5,high,scen_000057,top_0057
mq_01,kafka,kafka,production,us-east-1,us-east-1b,host-692,ct-2376,v2.2.0,16.0,32.0,1,high,scen_000057,top_0057
ecom_aux_1,user_service,user_service_1,production,us-east-1,us-east-1a,host-528,ct-7656,v1.0.0,2.0,8.0,5,low,scen_000057,top_0057
ecom_aux_2,user_service,user_service_2,production,us-east-1,us-east-1b,host-110,ct-5687,v1.5.0,16.0,32.0,3,low,scen_000057,top_0057
ecom_aux_3,user_service,user_service_3,production,us-east-1,us-east-1a,host-957,ct-1234,v3.0.0,2.0,32.0,3,low,scen_000057,top_0057
ecom_aux_4,user_service,user_service_4,production,us-east-1,us-east-1b,host-935,ct-5987,v1.2.0,4.0,32.0,1,low,scen_000057,top_0057
ecom_aux_5,user_service,user_service_5,production,us-east-1,us-east-1a,host-383,ct-8572,v1.2.0,16.0,8.0,1,low,scen_000057,top_0057
ecom_aux_6,user_service,user_service_6,production,us-east-1,us-east-1a,host-968,ct-8039,v1.6.0,16.0,4.0,5,low,scen_000057,top_0057
ecom_aux_7,user_service,user_service_7,production,us-east-1,us-east-1b,host-315,ct-9485,v1.2.0,4.0,8.0,2,low,scen_000057,top_0057
ecom_aux_8,user_service,user_service_8,production,us-east-1,us-east-1c,host-387,ct-4947,v3.8.0,4.0,8.0,1,low,scen_000057,top_0057
ecom_aux_9,user_service,user_service_9,production,us-east-1,us-east-1c,host-763,ct-9672,v3.4.0,16.0,32.0,4,low,scen_000057,top_0057
ecom_aux_10,user_service,user_service_10,production,us-east-1,us-east-1c,host-339,ct-3463,v3.0.0,8.0,16.0,2,low,scen_000057,top_0057
ecom_aux_11,user_service,user_service_11,production,us-east-1,us-east-1b,host-868,ct-2401,v3.4.0,16.0,4.0,2,low,scen_000057,top_0057
ecom_aux_12,user_service,user_service_12,production,us-east-1,us-east-1b,host-290,ct-4998,v2.0.0,16.0,16.0,1,low,scen_000057,top_0057
ecom_aux_13,user_service,user_service_13,production,us-east-1,us-east-1b,host-573,ct-9137,v1.0.0,8.0,32.0,4,low,scen_000057,top_0057
ecom_aux_14,user_service,user_service_14,production,us-east-1,us-east-1b,host-344,ct-6439,v3.1.0,2.0,64.0,3,low,scen_000057,top_0057
ecom_aux_15,user_service,user_service_15,production,us-east-1,us-east-1c,host-710,ct-3927,v1.7.0,2.0,4.0,3,low,scen_000057,top_0057
ecom_aux_16,user_service,user_service_16,production,us-east-1,us-east-1b,host-645,ct-2181,v3.3.0,16.0,4.0,1,low,scen_000057,top_0057
ecom_aux_17,user_service,user_service_17,production,us-east-1,us-east-1a,host-961,ct-3593,v3.3.0,2.0,16.0,3,low,scen_000057,top_0057
ecom_aux_18,user_service,user_service_18,production,us-east-1,us-east-1b,host-884,ct-9821,v3.1.0,8.0,16.0,4,low,scen_000057,top_0057
ecom_aux_19,user_service,user_service_19,production,us-east-1,us-east-1a,host-874,ct-4314,v2.0.0,8.0,8.0,1,low,scen_000057,top_0057
ecom_aux_20,user_service,user_service_20,production,us-east-1,us-east-1b,host-264,ct-1248,v3.7.0,16.0,64.0,3,low,scen_000057,top_0057
ecom_aux_21,user_service,user_service_21,production,us-east-1,us-east-1c,host-164,ct-4784,v3.1.0,16.0,16.0,5,low,scen_000057,top_0057
ecom_aux_22,user_service,user_service_22,production,us-east-1,us-east-1c,host-391,ct-3495,v3.5.0,4.0,8.0,3,low,scen_000057,top_0057
ecom_aux_23,user_service,user_service_23,production,us-east-1,us-east-1c,host-108,ct-6643,v3.6.0,16.0,4.0,1,low,scen_000057,top_0057
ecom_aux_24,user_service,user_service_24,production,us-east-1,us-east-1b,host-792,ct-7480,v3.5.0,8.0,16.0,2,low,scen_000057,top_0057
ecom_aux_25,user_service,user_service_25,production,us-east-1,us-east-1b,host-499,ct-4996,v2.7.0,16.0,64.0,2,low,scen_000057,top_0057
ecom_aux_26,user_service,user_service_26,production,us-east-1,us-east-1a,host-187,ct-4837,v2.3.0,16.0,8.0,4,low,scen_000057,top_0057
ecom_aux_27,user_service,user_service_27,production,us-east-1,us-east-1a,host-563,ct-1523,v1.2.0,2.0,64.0,2,low,scen_000057,top_0057
ecom_aux_28,user_service,user_service_28,production,us-east-1,us-east-1c,host-159,ct-5832,v1.2.0,8.0,8.0,4,low,scen_000057,top_0057
ecom_aux_29,user_service,user_service_29,production,us-east-1,us-east-1c,host-838,ct-8997,v1.5.0,8.0,16.0,4,low,scen_000057,top_0057
gw_01,api_gateway,api_gateway,production,eu-central-1,eu-central-1a,host-253,ct-6214,v1.4.0,4.0,32.0,3,critical,scen_000058,top_0058
lb_01,load_balancer,load_balancer,production,eu-central-1,eu-central-1b,host-890,ct-2835,v1.4.0,8.0,16.0,1,critical,scen_000058,top_0058
auth_01,auth_service,auth_service,production,eu-central-1,eu-central-1c,host-705,ct-4657,v2.3.0,16.0,16.0,2,high,scen_000058,top_0058
web_01,web_service,web_service,production,eu-central-1,eu-central-1b,host-889,ct-4769,v2.3.0,8.0,4.0,3,high,scen_000058,top_0058
db_01,postgresql,postgresql,production,eu-central-1,eu-central-1c,host-370,ct-3587,v1.9.0,8.0,32.0,1,critical,scen_000058,top_0058
sub_svc_2,web_service,sub_service_2,production,eu-central-1,eu-central-1c,host-930,ct-8207,v1.0.0,16.0,16.0,3,low,scen_000058,top_0058
sub_svc_3,web_service,sub_service_3,production,eu-central-1,eu-central-1b,host-221,ct-8304,v1.6.0,4.0,4.0,3,low,scen_000058,top_0058
sub_svc_4,web_service,sub_service_4,production,eu-central-1,eu-central-1a,host-646,ct-2727,v2.1.0,4.0,16.0,3,low,scen_000058,top_0058
sub_svc_5,web_service,sub_service_5,production,eu-central-1,eu-central-1b,host-873,ct-9649,v1.1.0,16.0,4.0,5,low,scen_000058,top_0058
sub_svc_6,web_service,sub_service_6,production,eu-central-1,eu-central-1c,host-811,ct-3262,v2.1.0,16.0,16.0,3,low,scen_000058,top_0058
sub_svc_7,web_service,sub_service_7,production,eu-central-1,eu-central-1c,host-260,ct-7499,v3.5.0,2.0,4.0,3,low,scen_000058,top_0058
sub_svc_8,web_service,sub_service_8,production,eu-central-1,eu-central-1c,host-308,ct-2436,v1.5.0,8.0,8.0,4,low,scen_000058,top_0058
sub_svc_9,web_service,sub_service_9,production,eu-central-1,eu-central-1a,host-143,ct-3221,v3.9.0,2.0,4.0,1,low,scen_000058,top_0058
sub_svc_10,web_service,sub_service_10,production,eu-central-1,eu-central-1c,host-963,ct-9184,v1.2.0,2.0,4.0,1,low,scen_000058,top_0058
sub_svc_11,web_service,sub_service_11,production,eu-central-1,eu-central-1b,host-341,ct-2543,v2.6.0,16.0,64.0,2,low,scen_000058,top_0058
sub_svc_12,web_service,sub_service_12,production,eu-central-1,eu-central-1a,host-579,ct-6311,v2.2.0,4.0,8.0,5,low,scen_000058,top_0058
sub_svc_13,web_service,sub_service_13,production,eu-central-1,eu-central-1c,host-576,ct-7128,v3.2.0,8.0,8.0,4,low,scen_000058,top_0058
sub_svc_14,web_service,sub_service_14,production,eu-central-1,eu-central-1c,host-962,ct-5441,v2.8.0,8.0,64.0,2,low,scen_000058,top_0058
sub_svc_15,web_service,sub_service_15,production,eu-central-1,eu-central-1a,host-449,ct-4392,v3.7.0,4.0,8.0,5,low,scen_000058,top_0058
sub_svc_16,web_service,sub_service_16,production,eu-central-1,eu-central-1b,host-252,ct-7062,v3.3.0,4.0,8.0,4,low,scen_000058,top_0058
sub_svc_17,web_service,sub_service_17,production,eu-central-1,eu-central-1c,host-223,ct-9736,v2.2.0,16.0,16.0,1,low,scen_000058,top_0058
sub_svc_18,web_service,sub_service_18,production,eu-central-1,eu-central-1a,host-708,ct-5609,v1.8.0,4.0,16.0,1,low,scen_000058,top_0058
sub_svc_19,web_service,sub_service_19,production,eu-central-1,eu-central-1c,host-908,ct-8022,v1.8.0,16.0,4.0,3,low,scen_000058,top_0058
sub_svc_20,web_service,sub_service_20,production,eu-central-1,eu-central-1a,host-870,ct-3185,v3.4.0,16.0,32.0,4,low,scen_000058,top_0058
sub_svc_21,web_service,sub_service_21,production,eu-central-1,eu-central-1c,host-994,ct-4031,v1.7.0,16.0,64.0,4,low,scen_000058,top_0058
sub_svc_22,web_service,sub_service_22,production,eu-central-1,eu-central-1c,host-579,ct-1239,v2.6.0,4.0,4.0,4,low,scen_000058,top_0058
sub_svc_23,web_service,sub_service_23,production,eu-central-1,eu-central-1a,host-867,ct-9778,v3.2.0,4.0,32.0,2,low,scen_000058,top_0058
sub_svc_24,web_service,sub_service_24,production,eu-central-1,eu-central-1c,host-330,ct-8999,v3.6.0,16.0,64.0,5,low,scen_000058,top_0058
sub_svc_25,web_service,sub_service_25,production,eu-central-1,eu-central-1a,host-459,ct-7873,v3.8.0,16.0,32.0,5,low,scen_000058,top_0058
sub_svc_26,web_service,sub_service_26,production,eu-central-1,eu-central-1a,host-554,ct-8779,v2.1.0,4.0,8.0,2,low,scen_000058,top_0058
sub_svc_27,web_service,sub_service_27,production,eu-central-1,eu-central-1b,host-147,ct-1193,v2.8.0,2.0,64.0,5,low,scen_000058,top_0058
sub_svc_28,web_service,sub_service_28,production,eu-central-1,eu-central-1a,host-888,ct-7511,v2.8.0,16.0,8.0,5,low,scen_000058,top_0058
sub_svc_29,web_service,sub_service_29,production,eu-central-1,eu-central-1b,host-678,ct-7320,v2.7.0,16.0,64.0,4,low,scen_000058,top_0058
sub_svc_30,web_service,sub_service_30,production,eu-central-1,eu-central-1a,host-534,ct-1545,v3.5.0,4.0,32.0,4,low,scen_000058,top_0058
sub_svc_31,web_service,sub_service_31,production,eu-central-1,eu-central-1c,host-561,ct-6721,v3.2.0,4.0,32.0,4,low,scen_000058,top_0058
sub_svc_32,web_service,sub_service_32,production,eu-central-1,eu-central-1b,host-821,ct-3139,v2.7.0,2.0,64.0,4,low,scen_000058,top_0058
sub_svc_33,web_service,sub_service_33,production,eu-central-1,eu-central-1c,host-884,ct-6055,v3.7.0,8.0,4.0,2,low,scen_000058,top_0058
sub_svc_34,web_service,sub_service_34,production,eu-central-1,eu-central-1b,host-838,ct-3434,v1.8.0,16.0,4.0,1,low,scen_000058,top_0058
sub_svc_35,web_service,sub_service_35,production,eu-central-1,eu-central-1a,host-358,ct-7673,v1.0.0,8.0,4.0,1,low,scen_000058,top_0058
sub_svc_36,web_service,sub_service_36,production,eu-central-1,eu-central-1c,host-380,ct-6297,v3.0.0,8.0,32.0,5,low,scen_000058,top_0058
sub_svc_37,web_service,sub_service_37,production,eu-central-1,eu-central-1b,host-259,ct-3656,v1.7.0,8.0,16.0,5,low,scen_000058,top_0058
sub_svc_38,web_service,sub_service_38,production,eu-central-1,eu-central-1a,host-782,ct-5857,v2.6.0,2.0,64.0,4,low,scen_000058,top_0058
gw_01,api_gateway,api_gateway,production,eu-central-1,eu-central-1a,host-781,ct-2603,v2.3.0,16.0,32.0,2,critical,scen_000059,top_0059
auth_01,auth_service,auth_service,production,eu-central-1,eu-central-1a,host-139,ct-6115,v2.7.0,8.0,8.0,4,high,scen_000059,top_0059
order_01,order_service,order_service,production,eu-central-1,eu-central-1b,host-138,ct-7853,v2.7.0,16.0,8.0,5,critical,scen_000059,top_0059
pay_01,payment_service,payment_service,production,eu-central-1,eu-central-1c,host-831,ct-5592,v3.4.0,2.0,4.0,4,critical,scen_000059,top_0059
inv_01,inventory_service,inventory_service,production,eu-central-1,eu-central-1c,host-768,ct-7464,v1.0.0,16.0,16.0,4,high,scen_000059,top_0059
db_master,postgresql,postgresql,production,eu-central-1,eu-central-1a,host-757,ct-5745,v1.2.0,8.0,64.0,1,critical,scen_000059,top_0059
cache_01,redis,redis,production,eu-central-1,eu-central-1b,host-170,ct-2094,v1.6.0,8.0,32.0,3,high,scen_000059,top_0059
mq_01,kafka,kafka,production,eu-central-1,eu-central-1b,host-570,ct-8255,v1.2.0,2.0,64.0,4,high,scen_000059,top_0059
ecom_aux_1,user_service,user_service_1,production,eu-central-1,eu-central-1c,host-882,ct-4232,v1.0.0,8.0,32.0,1,low,scen_000059,top_0059
ecom_aux_2,user_service,user_service_2,production,eu-central-1,eu-central-1b,host-880,ct-8231,v1.2.0,2.0,32.0,5,low,scen_000059,top_0059
ecom_aux_3,user_service,user_service_3,production,eu-central-1,eu-central-1b,host-164,ct-9387,v2.2.0,4.0,64.0,2,low,scen_000059,top_0059
ecom_aux_4,user_service,user_service_4,production,eu-central-1,eu-central-1a,host-801,ct-6276,v3.0.0,8.0,4.0,5,low,scen_000059,top_0059
ecom_aux_5,user_service,user_service_5,production,eu-central-1,eu-central-1a,host-616,ct-9791,v2.5.0,8.0,4.0,4,low,scen_000059,top_0059
ecom_aux_6,user_service,user_service_6,production,eu-central-1,eu-central-1a,host-951,ct-2063,v2.0.0,8.0,16.0,5,low,scen_000059,top_0059
ecom_aux_7,user_service,user_service_7,production,eu-central-1,eu-central-1a,host-905,ct-3602,v1.8.0,4.0,8.0,1,low,scen_000059,top_0059
ecom_aux_8,user_service,user_service_8,production,eu-central-1,eu-central-1a,host-127,ct-4444,v3.5.0,8.0,8.0,1,low,scen_000059,top_0059
gw_01,api_gateway,api_gateway,production,us-west-2,us-west-2a,host-799,ct-8603,v1.5.0,16.0,16.0,3,critical,scen_000060,top_0060
rec_01,recommendation_service,recommendation_service,production,us-west-2,us-west-2c,host-574,ct-9627,v3.6.0,16.0,32.0,5,high,scen_000060,top_0060
es_01,elasticsearch,elasticsearch,production,us-west-2,us-west-2c,host-372,ct-4971,v3.5.0,4.0,8.0,5,critical,scen_000060,top_0060
redis_01,redis,redis,production,us-west-2,us-west-2b,host-792,ct-3883,v3.2.0,16.0,32.0,3,critical,scen_000060,top_0060
mongo_01,mongodb,mongodb,production,us-west-2,us-west-2a,host-888,ct-8532,v2.2.0,4.0,8.0,4,high,scen_000060,top_0060
search_node_1,user_service,search_aux_1,production,us-west-2,us-west-2a,host-720,ct-7991,v1.4.0,4.0,16.0,4,medium,scen_000060,top_0060
search_node_2,user_service,search_aux_2,production,us-west-2,us-west-2a,host-573,ct-3659,v2.0.0,4.0,8.0,1,medium,scen_000060,top_0060
search_node_3,user_service,search_aux_3,production,us-west-2,us-west-2c,host-430,ct-9802,v2.3.0,2.0,64.0,1,medium,scen_000060,top_0060
search_node_4,user_service,search_aux_4,production,us-west-2,us-west-2a,host-864,ct-3863,v2.1.0,16.0,4.0,2,medium,scen_000060,top_0060
search_node_5,user_service,search_aux_5,production,us-west-2,us-west-2b,host-476,ct-3115,v3.4.0,2.0,4.0,4,medium,scen_000060,top_0060
search_node_6,user_service,search_aux_6,production,us-west-2,us-west-2a,host-119,ct-4173,v3.2.0,8.0,8.0,5,medium,scen_000060,top_0060
search_node_7,user_service,search_aux_7,production,us-west-2,us-west-2b,host-842,ct-2331,v2.3.0,16.0,64.0,2,medium,scen_000060,top_0060
search_node_8,user_service,search_aux_8,production,us-west-2,us-west-2c,host-922,ct-3920,v2.2.0,8.0,4.0,3,medium,scen_000060,top_0060
search_node_9,user_service,search_aux_9,production,us-west-2,us-west-2c,host-230,ct-5302,v2.6.0,4.0,32.0,2,medium,scen_000060,top_0060
search_node_10,user_service,search_aux_10,production,us-west-2,us-west-2a,host-783,ct-4132,v2.4.0,8.0,4.0,5,medium,scen_000060,top_0060
search_node_11,user_service,search_aux_11,production,us-west-2,us-west-2c,host-453,ct-4274,v2.6.0,16.0,32.0,5,medium,scen_000060,top_0060
search_node_12,user_service,search_aux_12,production,us-west-2,us-west-2c,host-567,ct-2558,v3.0.0,8.0,64.0,1,medium,scen_000060,top_0060
search_node_13,user_service,search_aux_13,production,us-west-2,us-west-2b,host-397,ct-1163,v2.7.0,16.0,4.0,2,medium,scen_000060,top_0060
search_node_14,user_service,search_aux_14,production,us-west-2,us-west-2b,host-163,ct-5830,v2.7.0,2.0,32.0,4,medium,scen_000060,top_0060
search_node_15,user_service,search_aux_15,production,us-west-2,us-west-2b,host-192,ct-6265,v2.9.0,2.0,16.0,1,medium,scen_000060,top_0060
search_node_16,user_service,search_aux_16,production,us-west-2,us-west-2c,host-299,ct-5730,v1.2.0,8.0,16.0,1,medium,scen_000060,top_0060
search_node_17,user_service,search_aux_17,production,us-west-2,us-west-2b,host-946,ct-1801,v3.2.0,8.0,64.0,4,medium,scen_000060,top_0060
search_node_18,user_service,search_aux_18,production,us-west-2,us-west-2b,host-425,ct-4901,v2.7.0,8.0,4.0,3,medium,scen_000060,top_0060
search_node_19,user_service,search_aux_19,production,us-west-2,us-west-2b,host-986,ct-1982,v1.7.0,2.0,64.0,1,medium,scen_000060,top_0060
search_node_20,user_service,search_aux_20,production,us-west-2,us-west-2a,host-995,ct-1575,v3.6.0,2.0,32.0,1,medium,scen_000060,top_0060
search_node_21,user_service,search_aux_21,production,us-west-2,us-west-2a,host-845,ct-6615,v1.5.0,4.0,4.0,3,medium,scen_000060,top_0060
search_node_22,user_service,search_aux_22,production,us-west-2,us-west-2b,host-447,ct-5027,v1.2.0,8.0,16.0,1,medium,scen_000060,top_0060
search_node_23,user_service,search_aux_23,production,us-west-2,us-west-2b,host-864,ct-1044,v1.5.0,4.0,16.0,1,medium,scen_000060,top_0060
search_node_24,user_service,search_aux_24,production,us-west-2,us-west-2b,host-736,ct-9482,v3.1.0,4.0,64.0,1,medium,scen_000060,top_0060
search_node_25,user_service,search_aux_25,production,us-west-2,us-west-2c,host-301,ct-4966,v1.4.0,2.0,4.0,2,medium,scen_000060,top_0060
search_node_26,user_service,search_aux_26,production,us-west-2,us-west-2a,host-150,ct-9083,v3.9.0,2.0,4.0,4,medium,scen_000060,top_0060
search_node_27,user_service,search_aux_27,production,us-west-2,us-west-2b,host-964,ct-9530,v1.3.0,2.0,32.0,2,medium,scen_000060,top_0060
search_node_28,user_service,search_aux_28,production,us-west-2,us-west-2a,host-162,ct-4834,v3.9.0,8.0,64.0,1,medium,scen_000060,top_0060
search_node_29,user_service,search_aux_29,production,us-west-2,us-west-2c,host-696,ct-1771,v3.9.0,8.0,16.0,2,medium,scen_000060,top_0060
search_node_30,user_service,search_aux_30,production,us-west-2,us-west-2b,host-960,ct-1529,v3.8.0,2.0,64.0,5,medium,scen_000060,top_0060
search_node_31,user_service,search_aux_31,production,us-west-2,us-west-2c,host-578,ct-2369,v2.0.0,8.0,64.0,1,medium,scen_000060,top_0060
gw_01,api_gateway,api_gateway,production,eu-central-1,eu-central-1a,host-575,ct-1459,v1.8.0,2.0,8.0,4,critical,scen_000061,top_0061
auth_01,auth_service,auth_service,production,eu-central-1,eu-central-1b,host-238,ct-4757,v3.1.0,16.0,4.0,5,high,scen_000061,top_0061
order_01,order_service,order_service,production,eu-central-1,eu-central-1a,host-745,ct-5935,v1.5.0,4.0,16.0,3,critical,scen_000061,top_0061
pay_01,payment_service,payment_service,production,eu-central-1,eu-central-1c,host-961,ct-7034,v1.9.0,4.0,4.0,5,critical,scen_000061,top_0061
inv_01,inventory_service,inventory_service,production,eu-central-1,eu-central-1c,host-576,ct-5687,v2.8.0,8.0,64.0,4,high,scen_000061,top_0061
db_master,postgresql,postgresql,production,eu-central-1,eu-central-1a,host-735,ct-6928,v1.7.0,8.0,16.0,5,critical,scen_000061,top_0061
cache_01,redis,redis,production,eu-central-1,eu-central-1b,host-574,ct-1564,v1.0.0,2.0,64.0,5,high,scen_000061,top_0061
mq_01,kafka,kafka,production,eu-central-1,eu-central-1b,host-972,ct-1299,v2.5.0,8.0,4.0,4,high,scen_000061,top_0061
ecom_aux_1,user_service,user_service_1,production,eu-central-1,eu-central-1b,host-877,ct-7554,v2.2.0,16.0,64.0,3,low,scen_000061,top_0061
ecom_aux_2,user_service,user_service_2,production,eu-central-1,eu-central-1c,host-173,ct-2275,v1.3.0,16.0,4.0,4,low,scen_000061,top_0061
ecom_aux_3,user_service,user_service_3,production,eu-central-1,eu-central-1a,host-183,ct-9816,v2.8.0,2.0,8.0,5,low,scen_000061,top_0061
ecom_aux_4,user_service,user_service_4,production,eu-central-1,eu-central-1b,host-844,ct-9011,v1.5.0,8.0,32.0,4,low,scen_000061,top_0061
ecom_aux_5,user_service,user_service_5,production,eu-central-1,eu-central-1a,host-192,ct-6105,v3.3.0,2.0,64.0,2,low,scen_000061,top_0061
ecom_aux_6,user_service,user_service_6,production,eu-central-1,eu-central-1a,host-641,ct-6029,v1.0.0,8.0,64.0,3,low,scen_000061,top_0061
ecom_aux_7,user_service,user_service_7,production,eu-central-1,eu-central-1a,host-540,ct-2896,v1.2.0,16.0,64.0,5,low,scen_000061,top_0061
ecom_aux_8,user_service,user_service_8,production,eu-central-1,eu-central-1c,host-805,ct-4172,v3.4.0,4.0,32.0,4,low,scen_000061,top_0061
ecom_aux_9,user_service,user_service_9,production,eu-central-1,eu-central-1c,host-496,ct-4325,v1.5.0,4.0,4.0,4,low,scen_000061,top_0061
ecom_aux_10,user_service,user_service_10,production,eu-central-1,eu-central-1a,host-158,ct-7838,v1.0.0,4.0,32.0,5,low,scen_000061,top_0061
ecom_aux_11,user_service,user_service_11,production,eu-central-1,eu-central-1a,host-620,ct-3373,v1.3.0,4.0,16.0,1,low,scen_000061,top_0061
ecom_aux_12,user_service,user_service_12,production,eu-central-1,eu-central-1a,host-286,ct-4222,v3.1.0,2.0,8.0,3,low,scen_000061,top_0061
ecom_aux_13,user_service,user_service_13,production,eu-central-1,eu-central-1b,host-194,ct-2674,v3.2.0,16.0,8.0,4,low,scen_000061,top_0061
ecom_aux_14,user_service,user_service_14,production,eu-central-1,eu-central-1b,host-442,ct-9728,v3.6.0,2.0,4.0,3,low,scen_000061,top_0061
ecom_aux_15,user_service,user_service_15,production,eu-central-1,eu-central-1a,host-799,ct-6766,v2.7.0,16.0,16.0,4,low,scen_000061,top_0061
ecom_aux_16,user_service,user_service_16,production,eu-central-1,eu-central-1a,host-910,ct-5724,v2.0.0,16.0,16.0,1,low,scen_000061,top_0061
ecom_aux_17,user_service,user_service_17,production,eu-central-1,eu-central-1b,host-986,ct-9167,v1.8.0,2.0,4.0,3,low,scen_000061,top_0061
ecom_aux_18,user_service,user_service_18,production,eu-central-1,eu-central-1b,host-360,ct-6770,v3.1.0,2.0,16.0,5,low,scen_000061,top_0061
ecom_aux_19,user_service,user_service_19,production,eu-central-1,eu-central-1c,host-681,ct-5440,v1.5.0,8.0,64.0,2,low,scen_000061,top_0061
ecom_aux_20,user_service,user_service_20,production,eu-central-1,eu-central-1a,host-734,ct-8367,v2.0.0,16.0,64.0,4,low,scen_000061,top_0061
ecom_aux_21,user_service,user_service_21,production,eu-central-1,eu-central-1c,host-472,ct-9369,v2.9.0,16.0,32.0,4,low,scen_000061,top_0061
ecom_aux_22,user_service,user_service_22,production,eu-central-1,eu-central-1c,host-162,ct-2813,v3.4.0,8.0,32.0,3,low,scen_000061,top_0061
ecom_aux_23,user_service,user_service_23,production,eu-central-1,eu-central-1c,host-703,ct-9140,v3.5.0,4.0,4.0,2,low,scen_000061,top_0061
ecom_aux_24,user_service,user_service_24,production,eu-central-1,eu-central-1c,host-143,ct-4621,v3.8.0,4.0,64.0,4,low,scen_000061,top_0061
ecom_aux_25,user_service,user_service_25,production,eu-central-1,eu-central-1b,host-498,ct-5468,v2.5.0,2.0,64.0,2,low,scen_000061,top_0061
ecom_aux_26,user_service,user_service_26,production,eu-central-1,eu-central-1a,host-397,ct-4420,v2.9.0,2.0,4.0,1,low,scen_000061,top_0061
ecom_aux_27,user_service,user_service_27,production,eu-central-1,eu-central-1c,host-361,ct-3303,v2.8.0,2.0,8.0,5,low,scen_000061,top_0061
ecom_aux_28,user_service,user_service_28,production,eu-central-1,eu-central-1a,host-617,ct-7818,v3.6.0,16.0,64.0,1,low,scen_000061,top_0061
ecom_aux_29,user_service,user_service_29,production,eu-central-1,eu-central-1b,host-719,ct-3979,v3.5.0,4.0,16.0,2,low,scen_000061,top_0061
ecom_aux_30,user_service,user_service_30,production,eu-central-1,eu-central-1c,host-576,ct-1101,v1.0.0,16.0,16.0,5,low,scen_000061,top_0061
ecom_aux_31,user_service,user_service_31,production,eu-central-1,eu-central-1b,host-574,ct-3729,v1.9.0,2.0,64.0,5,low,scen_000061,top_0061
ecom_aux_32,user_service,user_service_32,production,eu-central-1,eu-central-1c,host-274,ct-7285,v1.5.0,4.0,32.0,1,low,scen_000061,top_0061
ecom_aux_33,user_service,user_service_33,production,eu-central-1,eu-central-1c,host-903,ct-2381,v1.4.0,16.0,4.0,4,low,scen_000061,top_0061
ecom_aux_34,user_service,user_service_34,production,eu-central-1,eu-central-1a,host-934,ct-5199,v2.7.0,8.0,16.0,4,low,scen_000061,top_0061
ecom_aux_35,user_service,user_service_35,production,eu-central-1,eu-central-1a,host-814,ct-6611,v3.4.0,16.0,64.0,2,low,scen_000061,top_0061
ecom_aux_36,user_service,user_service_36,production,eu-central-1,eu-central-1c,host-911,ct-9976,v3.4.0,8.0,32.0,3,low,scen_000061,top_0061
node_00,auth_service,mesh_svc_0,production,eu-central-1,eu-central-1c,host-734,ct-1871,v2.8.0,2.0,64.0,4,critical,scen_000062,top_0062
node_01,elasticsearch,mesh_svc_1,production,eu-central-1,eu-central-1a,host-639,ct-3240,v1.3.0,16.0,4.0,2,high,scen_000062,top_0062
node_02,order_service,mesh_svc_2,production,eu-central-1,eu-central-1b,host-789,ct-1707,v3.8.0,8.0,64.0,5,low,scen_000062,top_0062
node_03,mysql,mesh_svc_3,production,eu-central-1,eu-central-1a,host-443,ct-7181,v2.8.0,4.0,32.0,5,low,scen_000062,top_0062
node_04,auth_service,mesh_svc_4,production,eu-central-1,eu-central-1c,host-482,ct-7210,v2.7.0,4.0,32.0,4,low,scen_000062,top_0062
node_05,recommendation_service,mesh_svc_5,production,eu-central-1,eu-central-1a,host-777,ct-8462,v1.9.0,2.0,64.0,5,critical,scen_000062,top_0062
node_06,api_gateway,mesh_svc_6,production,eu-central-1,eu-central-1b,host-165,ct-5928,v2.9.0,8.0,8.0,5,medium,scen_000062,top_0062
node_07,inventory_service,mesh_svc_7,production,eu-central-1,eu-central-1c,host-344,ct-7789,v1.8.0,16.0,32.0,5,medium,scen_000062,top_0062
node_08,k8s_node,mesh_svc_8,production,eu-central-1,eu-central-1a,host-597,ct-7174,v3.1.0,2.0,64.0,3,critical,scen_000062,top_0062
node_09,web_service,mesh_svc_9,production,eu-central-1,eu-central-1a,host-366,ct-9297,v3.1.0,2.0,8.0,5,medium,scen_000062,top_0062
node_10,kafka,mesh_svc_10,production,eu-central-1,eu-central-1b,host-777,ct-4285,v2.5.0,2.0,4.0,3,medium,scen_000062,top_0062
node_11,mysql,mesh_svc_11,production,eu-central-1,eu-central-1b,host-858,ct-2711,v3.1.0,2.0,8.0,1,low,scen_000062,top_0062
node_12,payment_service,mesh_svc_12,production,eu-central-1,eu-central-1c,host-347,ct-3710,v3.6.0,4.0,8.0,5,medium,scen_000062,top_0062
gw_01,api_gateway,api_gateway,production,us-east-1,us-east-1b,host-336,ct-1177,v1.4.0,8.0,16.0,1,critical,scen_000063,top_0063
lb_01,load_balancer,load_balancer,production,us-east-1,us-east-1a,host-617,ct-9187,v3.4.0,2.0,64.0,1,critical,scen_000063,top_0063
auth_01,auth_service,auth_service,production,us-east-1,us-east-1b,host-796,ct-9790,v2.5.0,8.0,32.0,3,high,scen_000063,top_0063
web_01,web_service,web_service,production,us-east-1,us-east-1b,host-950,ct-2685,v2.1.0,2.0,8.0,3,high,scen_000063,top_0063
db_01,postgresql,postgresql,production,us-east-1,us-east-1a,host-445,ct-8554,v3.1.0,8.0,32.0,1,critical,scen_000063,top_0063
sub_svc_2,web_service,sub_service_2,production,us-east-1,us-east-1b,host-556,ct-4895,v2.5.0,2.0,16.0,5,low,scen_000063,top_0063
sub_svc_3,web_service,sub_service_3,production,us-east-1,us-east-1a,host-707,ct-4271,v3.3.0,8.0,32.0,3,low,scen_000063,top_0063
sub_svc_4,web_service,sub_service_4,production,us-east-1,us-east-1b,host-853,ct-5247,v3.1.0,8.0,32.0,1,low,scen_000063,top_0063
sub_svc_5,web_service,sub_service_5,production,us-east-1,us-east-1a,host-227,ct-1235,v2.6.0,8.0,16.0,1,low,scen_000063,top_0063
sub_svc_6,web_service,sub_service_6,production,us-east-1,us-east-1c,host-889,ct-9246,v3.2.0,4.0,8.0,1,low,scen_000063,top_0063
sub_svc_7,web_service,sub_service_7,production,us-east-1,us-east-1a,host-935,ct-1227,v3.9.0,4.0,32.0,3,low,scen_000063,top_0063
sub_svc_8,web_service,sub_service_8,production,us-east-1,us-east-1c,host-369,ct-8039,v1.3.0,16.0,32.0,4,low,scen_000063,top_0063
sub_svc_9,web_service,sub_service_9,production,us-east-1,us-east-1c,host-502,ct-9190,v2.2.0,8.0,4.0,1,low,scen_000063,top_0063
sub_svc_10,web_service,sub_service_10,production,us-east-1,us-east-1b,host-251,ct-9497,v2.5.0,4.0,4.0,5,low,scen_000063,top_0063
sub_svc_11,web_service,sub_service_11,production,us-east-1,us-east-1b,host-269,ct-2606,v3.2.0,8.0,64.0,2,low,scen_000063,top_0063
sub_svc_12,web_service,sub_service_12,production,us-east-1,us-east-1b,host-191,ct-1085,v2.8.0,16.0,4.0,4,low,scen_000063,top_0063
sub_svc_13,web_service,sub_service_13,production,us-east-1,us-east-1b,host-943,ct-3175,v3.0.0,8.0,64.0,1,low,scen_000063,top_0063
sub_svc_14,web_service,sub_service_14,production,us-east-1,us-east-1a,host-656,ct-2839,v2.2.0,8.0,64.0,3,low,scen_000063,top_0063
sub_svc_15,web_service,sub_service_15,production,us-east-1,us-east-1c,host-777,ct-8865,v3.4.0,8.0,8.0,5,low,scen_000063,top_0063
sub_svc_16,web_service,sub_service_16,production,us-east-1,us-east-1c,host-166,ct-3163,v3.0.0,4.0,4.0,2,low,scen_000063,top_0063
sub_svc_17,web_service,sub_service_17,production,us-east-1,us-east-1c,host-979,ct-5307,v1.6.0,16.0,16.0,5,low,scen_000063,top_0063
sub_svc_18,web_service,sub_service_18,production,us-east-1,us-east-1b,host-738,ct-5446,v3.3.0,8.0,4.0,1,low,scen_000063,top_0063
sub_svc_19,web_service,sub_service_19,production,us-east-1,us-east-1a,host-563,ct-1771,v2.6.0,16.0,16.0,3,low,scen_000063,top_0063
sub_svc_20,web_service,sub_service_20,production,us-east-1,us-east-1b,host-370,ct-2322,v2.9.0,4.0,32.0,5,low,scen_000063,top_0063
sub_svc_21,web_service,sub_service_21,production,us-east-1,us-east-1c,host-846,ct-4204,v3.6.0,4.0,64.0,4,low,scen_000063,top_0063
sub_svc_22,web_service,sub_service_22,production,us-east-1,us-east-1c,host-488,ct-5174,v1.3.0,8.0,32.0,2,low,scen_000063,top_0063
sub_svc_23,web_service,sub_service_23,production,us-east-1,us-east-1c,host-591,ct-8266,v1.1.0,4.0,4.0,1,low,scen_000063,top_0063
sub_svc_24,web_service,sub_service_24,production,us-east-1,us-east-1a,host-480,ct-4158,v1.2.0,16.0,4.0,2,low,scen_000063,top_0063
sub_svc_25,web_service,sub_service_25,production,us-east-1,us-east-1b,host-800,ct-3492,v1.1.0,8.0,16.0,5,low,scen_000063,top_0063
sub_svc_26,web_service,sub_service_26,production,us-east-1,us-east-1a,host-331,ct-1579,v2.8.0,4.0,8.0,3,low,scen_000063,top_0063
gw_01,api_gateway,api_gateway,production,us-west-2,us-west-2b,host-549,ct-7039,v1.4.0,16.0,32.0,4,critical,scen_000064,top_0064
rec_01,recommendation_service,recommendation_service,production,us-west-2,us-west-2c,host-754,ct-9127,v1.6.0,8.0,16.0,4,high,scen_000064,top_0064
es_01,elasticsearch,elasticsearch,production,us-west-2,us-west-2b,host-318,ct-5647,v3.7.0,16.0,16.0,1,critical,scen_000064,top_0064
redis_01,redis,redis,production,us-west-2,us-west-2a,host-545,ct-7867,v2.4.0,4.0,8.0,2,critical,scen_000064,top_0064
mongo_01,mongodb,mongodb,production,us-west-2,us-west-2b,host-532,ct-6272,v3.8.0,8.0,16.0,1,high,scen_000064,top_0064
search_node_1,user_service,search_aux_1,production,us-west-2,us-west-2a,host-259,ct-6694,v3.7.0,16.0,8.0,2,medium,scen_000064,top_0064
search_node_2,user_service,search_aux_2,production,us-west-2,us-west-2b,host-594,ct-6890,v1.8.0,16.0,8.0,5,medium,scen_000064,top_0064
search_node_3,user_service,search_aux_3,production,us-west-2,us-west-2a,host-239,ct-9334,v2.3.0,8.0,8.0,5,medium,scen_000064,top_0064
search_node_4,user_service,search_aux_4,production,us-west-2,us-west-2c,host-858,ct-8827,v2.7.0,2.0,4.0,3,medium,scen_000064,top_0064
search_node_5,user_service,search_aux_5,production,us-west-2,us-west-2c,host-198,ct-5178,v1.5.0,8.0,8.0,4,medium,scen_000064,top_0064
search_node_6,user_service,search_aux_6,production,us-west-2,us-west-2b,host-373,ct-3442,v1.0.0,16.0,64.0,3,medium,scen_000064,top_0064
search_node_7,user_service,search_aux_7,production,us-west-2,us-west-2a,host-347,ct-1004,v2.2.0,16.0,32.0,3,medium,scen_000064,top_0064
search_node_8,user_service,search_aux_8,production,us-west-2,us-west-2b,host-528,ct-4326,v1.6.0,2.0,64.0,3,medium,scen_000064,top_0064
search_node_9,user_service,search_aux_9,production,us-west-2,us-west-2a,host-788,ct-6959,v2.1.0,4.0,64.0,5,medium,scen_000064,top_0064
search_node_10,user_service,search_aux_10,production,us-west-2,us-west-2a,host-612,ct-1176,v3.6.0,16.0,16.0,2,medium,scen_000064,top_0064
search_node_11,user_service,search_aux_11,production,us-west-2,us-west-2b,host-414,ct-9570,v1.2.0,4.0,8.0,3,medium,scen_000064,top_0064
search_node_12,user_service,search_aux_12,production,us-west-2,us-west-2b,host-514,ct-9125,v3.3.0,8.0,4.0,2,medium,scen_000064,top_0064
search_node_13,user_service,search_aux_13,production,us-west-2,us-west-2b,host-514,ct-6311,v3.8.0,4.0,4.0,3,medium,scen_000064,top_0064
search_node_14,user_service,search_aux_14,production,us-west-2,us-west-2b,host-649,ct-5525,v2.8.0,4.0,8.0,1,medium,scen_000064,top_0064
search_node_15,user_service,search_aux_15,production,us-west-2,us-west-2c,host-964,ct-8036,v1.6.0,2.0,8.0,4,medium,scen_000064,top_0064
search_node_16,user_service,search_aux_16,production,us-west-2,us-west-2c,host-881,ct-9329,v1.2.0,2.0,32.0,1,medium,scen_000064,top_0064
search_node_17,user_service,search_aux_17,production,us-west-2,us-west-2a,host-208,ct-6395,v1.4.0,2.0,16.0,5,medium,scen_000064,top_0064
search_node_18,user_service,search_aux_18,production,us-west-2,us-west-2c,host-482,ct-6915,v1.1.0,8.0,16.0,5,medium,scen_000064,top_0064
search_node_19,user_service,search_aux_19,production,us-west-2,us-west-2b,host-235,ct-8361,v2.3.0,4.0,64.0,3,medium,scen_000064,top_0064
search_node_20,user_service,search_aux_20,production,us-west-2,us-west-2a,host-359,ct-7486,v2.3.0,8.0,64.0,3,medium,scen_000064,top_0064
search_node_21,user_service,search_aux_21,production,us-west-2,us-west-2a,host-347,ct-2838,v1.9.0,4.0,8.0,5,medium,scen_000064,top_0064
search_node_22,user_service,search_aux_22,production,us-west-2,us-west-2b,host-165,ct-8492,v1.8.0,8.0,8.0,5,medium,scen_000064,top_0064
search_node_23,user_service,search_aux_23,production,us-west-2,us-west-2c,host-481,ct-8182,v3.5.0,2.0,32.0,2,medium,scen_000064,top_0064
search_node_24,user_service,search_aux_24,production,us-west-2,us-west-2c,host-261,ct-1204,v1.3.0,4.0,32.0,1,medium,scen_000064,top_0064
search_node_25,user_service,search_aux_25,production,us-west-2,us-west-2c,host-228,ct-7696,v3.9.0,16.0,32.0,5,medium,scen_000064,top_0064
search_node_26,user_service,search_aux_26,production,us-west-2,us-west-2c,host-524,ct-4643,v3.8.0,8.0,32.0,4,medium,scen_000064,top_0064
search_node_27,user_service,search_aux_27,production,us-west-2,us-west-2a,host-572,ct-2846,v2.9.0,16.0,8.0,5,medium,scen_000064,top_0064
search_node_28,user_service,search_aux_28,production,us-west-2,us-west-2c,host-972,ct-8153,v1.8.0,16.0,8.0,2,medium,scen_000064,top_0064
search_node_29,user_service,search_aux_29,production,us-west-2,us-west-2c,host-812,ct-9812,v2.1.0,4.0,16.0,1,medium,scen_000064,top_0064
search_node_30,user_service,search_aux_30,production,us-west-2,us-west-2a,host-458,ct-3165,v1.5.0,8.0,16.0,2,medium,scen_000064,top_0064
search_node_31,user_service,search_aux_31,production,us-west-2,us-west-2b,host-557,ct-6196,v2.0.0,4.0,64.0,3,medium,scen_000064,top_0064
ingest_01,api_gateway,ingestion_gateway,production,ap-southeast-1,ap-southeast-1a,host-489,ct-5888,v1.1.0,4.0,32.0,2,critical,scen_000065,top_0065
kafka_broker,kafka,kafka,production,ap-southeast-1,ap-southeast-1a,host-472,ct-6387,v2.7.0,8.0,32.0,3,critical,scen_000065,top_0065
notif_01,notification_service,notification_service,production,ap-southeast-1,ap-southeast-1a,host-851,ct-5655,v1.6.0,16.0,16.0,2,high,scen_000065,top_0065
user_01,user_service,user_service,production,ap-southeast-1,ap-southeast-1c,host-781,ct-2648,v3.8.0,2.0,64.0,1,medium,scen_000065,top_0065
db_event,mysql,mysql,production,ap-southeast-1,ap-southeast-1a,host-202,ct-7738,v1.2.0,8.0,4.0,1,high,scen_000065,top_0065
consumer_1,web_service,kafka_consumer_1,production,ap-southeast-1,ap-southeast-1a,host-334,ct-9064,v3.7.0,8.0,32.0,5,low,scen_000065,top_0065
consumer_2,web_service,kafka_consumer_2,production,ap-southeast-1,ap-southeast-1a,host-372,ct-5900,v3.5.0,8.0,64.0,3,low,scen_000065,top_0065
consumer_3,web_service,kafka_consumer_3,production,ap-southeast-1,ap-southeast-1a,host-713,ct-1410,v1.9.0,2.0,8.0,2,low,scen_000065,top_0065
consumer_4,web_service,kafka_consumer_4,production,ap-southeast-1,ap-southeast-1c,host-871,ct-3763,v3.6.0,16.0,64.0,1,low,scen_000065,top_0065
consumer_5,web_service,kafka_consumer_5,production,ap-southeast-1,ap-southeast-1b,host-292,ct-1555,v3.0.0,4.0,16.0,2,low,scen_000065,top_0065
consumer_6,web_service,kafka_consumer_6,production,ap-southeast-1,ap-southeast-1a,host-860,ct-8894,v2.1.0,4.0,8.0,1,low,scen_000065,top_0065
consumer_7,web_service,kafka_consumer_7,production,ap-southeast-1,ap-southeast-1a,host-187,ct-2563,v1.9.0,4.0,8.0,1,low,scen_000065,top_0065
consumer_8,web_service,kafka_consumer_8,production,ap-southeast-1,ap-southeast-1c,host-596,ct-8404,v1.4.0,8.0,8.0,2,low,scen_000065,top_0065
consumer_9,web_service,kafka_consumer_9,production,ap-southeast-1,ap-southeast-1b,host-845,ct-2935,v1.2.0,2.0,4.0,2,low,scen_000065,top_0065
consumer_10,web_service,kafka_consumer_10,production,ap-southeast-1,ap-southeast-1c,host-290,ct-7902,v2.9.0,4.0,16.0,1,low,scen_000065,top_0065
consumer_11,web_service,kafka_consumer_11,production,ap-southeast-1,ap-southeast-1a,host-240,ct-4802,v1.2.0,2.0,4.0,3,low,scen_000065,top_0065
consumer_12,web_service,kafka_consumer_12,production,ap-southeast-1,ap-southeast-1b,host-366,ct-2752,v2.4.0,16.0,4.0,1,low,scen_000065,top_0065
consumer_13,web_service,kafka_consumer_13,production,ap-southeast-1,ap-southeast-1a,host-416,ct-7904,v3.6.0,16.0,64.0,4,low,scen_000065,top_0065
consumer_14,web_service,kafka_consumer_14,production,ap-southeast-1,ap-southeast-1a,host-195,ct-4972,v3.9.0,8.0,16.0,3,low,scen_000065,top_0065
consumer_15,web_service,kafka_consumer_15,production,ap-southeast-1,ap-southeast-1c,host-405,ct-6586,v1.8.0,16.0,16.0,5,low,scen_000065,top_0065
consumer_16,web_service,kafka_consumer_16,production,ap-southeast-1,ap-southeast-1b,host-615,ct-4202,v2.2.0,16.0,8.0,2,low,scen_000065,top_0065
consumer_17,web_service,kafka_consumer_17,production,ap-southeast-1,ap-southeast-1b,host-411,ct-7555,v3.3.0,2.0,32.0,3,low,scen_000065,top_0065
consumer_18,web_service,kafka_consumer_18,production,ap-southeast-1,ap-southeast-1a,host-569,ct-2441,v1.5.0,16.0,4.0,3,low,scen_000065,top_0065
consumer_19,web_service,kafka_consumer_19,production,ap-southeast-1,ap-southeast-1b,host-454,ct-6656,v1.0.0,16.0,64.0,1,low,scen_000065,top_0065
node_00,recommendation_service,mesh_svc_0,production,us-east-1,us-east-1b,host-152,ct-6990,v2.1.0,16.0,32.0,1,medium,scen_000066,top_0066
node_01,payment_service,mesh_svc_1,production,us-east-1,us-east-1c,host-996,ct-4468,v2.3.0,2.0,4.0,2,low,scen_000066,top_0066
node_02,container,mesh_svc_2,production,us-east-1,us-east-1a,host-318,ct-1845,v3.9.0,4.0,64.0,1,medium,scen_000066,top_0066
node_03,notification_service,mesh_svc_3,production,us-east-1,us-east-1a,host-295,ct-4803,v1.4.0,4.0,64.0,3,medium,scen_000066,top_0066
node_04,object_storage,mesh_svc_4,production,us-east-1,us-east-1a,host-270,ct-1628,v1.5.0,8.0,16.0,3,medium,scen_000066,top_0066
node_05,notification_service,mesh_svc_5,production,us-east-1,us-east-1c,host-299,ct-1173,v2.1.0,4.0,32.0,1,medium,scen_000066,top_0066
node_06,api_gateway,mesh_svc_6,production,us-east-1,us-east-1b,host-845,ct-1114,v1.7.0,4.0,32.0,4,high,scen_000066,top_0066
node_07,postgresql,mesh_svc_7,production,us-east-1,us-east-1b,host-299,ct-1232,v2.8.0,2.0,32.0,4,critical,scen_000066,top_0066
node_08,order_service,mesh_svc_8,production,us-east-1,us-east-1b,host-538,ct-7305,v2.5.0,16.0,32.0,2,high,scen_000066,top_0066
node_09,k8s_node,mesh_svc_9,production,us-east-1,us-east-1c,host-698,ct-3999,v3.7.0,4.0,32.0,4,high,scen_000066,top_0066
ingest_01,api_gateway,ingestion_gateway,production,eu-central-1,eu-central-1b,host-966,ct-5302,v3.6.0,8.0,32.0,1,critical,scen_000067,top_0067
kafka_broker,kafka,kafka,production,eu-central-1,eu-central-1c,host-913,ct-2284,v1.1.0,8.0,64.0,4,critical,scen_000067,top_0067
notif_01,notification_service,notification_service,production,eu-central-1,eu-central-1b,host-346,ct-4387,v2.1.0,16.0,8.0,2,high,scen_000067,top_0067
user_01,user_service,user_service,production,eu-central-1,eu-central-1a,host-332,ct-5645,v2.6.0,8.0,64.0,4,medium,scen_000067,top_0067
db_event,mysql,mysql,production,eu-central-1,eu-central-1b,host-414,ct-8277,v2.4.0,16.0,4.0,4,high,scen_000067,top_0067
consumer_1,web_service,kafka_consumer_1,production,eu-central-1,eu-central-1b,host-880,ct-2310,v2.2.0,8.0,8.0,3,low,scen_000067,top_0067
consumer_2,web_service,kafka_consumer_2,production,eu-central-1,eu-central-1c,host-842,ct-6633,v3.6.0,16.0,4.0,5,low,scen_000067,top_0067
consumer_3,web_service,kafka_consumer_3,production,eu-central-1,eu-central-1a,host-831,ct-9833,v1.8.0,16.0,32.0,1,low,scen_000067,top_0067
consumer_4,web_service,kafka_consumer_4,production,eu-central-1,eu-central-1c,host-659,ct-3720,v2.0.0,16.0,64.0,3,low,scen_000067,top_0067
consumer_5,web_service,kafka_consumer_5,production,eu-central-1,eu-central-1c,host-499,ct-6386,v3.6.0,16.0,64.0,4,low,scen_000067,top_0067
consumer_6,web_service,kafka_consumer_6,production,eu-central-1,eu-central-1a,host-792,ct-3276,v3.1.0,16.0,16.0,5,low,scen_000067,top_0067
gw_01,api_gateway,api_gateway,production,ap-southeast-1,ap-southeast-1c,host-890,ct-9262,v2.4.0,2.0,8.0,2,critical,scen_000068,top_0068
auth_01,auth_service,auth_service,production,ap-southeast-1,ap-southeast-1a,host-151,ct-6192,v1.3.0,16.0,4.0,1,high,scen_000068,top_0068
order_01,order_service,order_service,production,ap-southeast-1,ap-southeast-1a,host-124,ct-5319,v2.6.0,16.0,8.0,4,critical,scen_000068,top_0068
pay_01,payment_service,payment_service,production,ap-southeast-1,ap-southeast-1a,host-907,ct-7586,v3.0.0,8.0,16.0,1,critical,scen_000068,top_0068
inv_01,inventory_service,inventory_service,production,ap-southeast-1,ap-southeast-1c,host-485,ct-6166,v2.2.0,8.0,16.0,2,high,scen_000068,top_0068
db_master,postgresql,postgresql,production,ap-southeast-1,ap-southeast-1a,host-187,ct-3714,v2.5.0,4.0,8.0,3,critical,scen_000068,top_0068
cache_01,redis,redis,production,ap-southeast-1,ap-southeast-1b,host-929,ct-1263,v3.4.0,16.0,32.0,4,high,scen_000068,top_0068
mq_01,kafka,kafka,production,ap-southeast-1,ap-southeast-1c,host-155,ct-1746,v1.2.0,2.0,8.0,1,high,scen_000068,top_0068
ecom_aux_1,user_service,user_service_1,production,ap-southeast-1,ap-southeast-1b,host-467,ct-9849,v2.6.0,8.0,32.0,2,low,scen_000068,top_0068
ecom_aux_2,user_service,user_service_2,production,ap-southeast-1,ap-southeast-1b,host-181,ct-3480,v1.0.0,8.0,64.0,5,low,scen_000068,top_0068
ecom_aux_3,user_service,user_service_3,production,ap-southeast-1,ap-southeast-1b,host-891,ct-7692,v2.2.0,8.0,8.0,1,low,scen_000068,top_0068
ecom_aux_4,user_service,user_service_4,production,ap-southeast-1,ap-southeast-1a,host-290,ct-8115,v1.9.0,2.0,8.0,5,low,scen_000068,top_0068
ecom_aux_5,user_service,user_service_5,production,ap-southeast-1,ap-southeast-1c,host-834,ct-3859,v1.7.0,8.0,8.0,4,low,scen_000068,top_0068
ecom_aux_6,user_service,user_service_6,production,ap-southeast-1,ap-southeast-1b,host-128,ct-9807,v3.1.0,2.0,8.0,5,low,scen_000068,top_0068
ecom_aux_7,user_service,user_service_7,production,ap-southeast-1,ap-southeast-1c,host-222,ct-5893,v3.1.0,2.0,4.0,4,low,scen_000068,top_0068
ecom_aux_8,user_service,user_service_8,production,ap-southeast-1,ap-southeast-1a,host-515,ct-7091,v3.2.0,2.0,64.0,2,low,scen_000068,top_0068
ecom_aux_9,user_service,user_service_9,production,ap-southeast-1,ap-southeast-1c,host-416,ct-2375,v2.2.0,2.0,32.0,1,low,scen_000068,top_0068
ecom_aux_10,user_service,user_service_10,production,ap-southeast-1,ap-southeast-1a,host-427,ct-3697,v1.6.0,8.0,16.0,2,low,scen_000068,top_0068
ecom_aux_11,user_service,user_service_11,production,ap-southeast-1,ap-southeast-1b,host-564,ct-8285,v3.9.0,4.0,8.0,4,low,scen_000068,top_0068
ecom_aux_12,user_service,user_service_12,production,ap-southeast-1,ap-southeast-1b,host-460,ct-6085,v1.6.0,4.0,16.0,1,low,scen_000068,top_0068
ecom_aux_13,user_service,user_service_13,production,ap-southeast-1,ap-southeast-1b,host-189,ct-5553,v1.3.0,8.0,64.0,2,low,scen_000068,top_0068
ecom_aux_14,user_service,user_service_14,production,ap-southeast-1,ap-southeast-1c,host-787,ct-8118,v2.9.0,8.0,8.0,1,low,scen_000068,top_0068
ecom_aux_15,user_service,user_service_15,production,ap-southeast-1,ap-southeast-1c,host-730,ct-9552,v3.1.0,2.0,32.0,3,low,scen_000068,top_0068
ecom_aux_16,user_service,user_service_16,production,ap-southeast-1,ap-southeast-1a,host-811,ct-1928,v3.0.0,8.0,8.0,1,low,scen_000068,top_0068
ecom_aux_17,user_service,user_service_17,production,ap-southeast-1,ap-southeast-1c,host-772,ct-8618,v2.7.0,16.0,32.0,1,low,scen_000068,top_0068
ecom_aux_18,user_service,user_service_18,production,ap-southeast-1,ap-southeast-1c,host-779,ct-5934,v1.1.0,16.0,8.0,5,low,scen_000068,top_0068
ecom_aux_19,user_service,user_service_19,production,ap-southeast-1,ap-southeast-1b,host-450,ct-8649,v1.7.0,2.0,4.0,1,low,scen_000068,top_0068
ecom_aux_20,user_service,user_service_20,production,ap-southeast-1,ap-southeast-1a,host-136,ct-4033,v2.9.0,8.0,32.0,5,low,scen_000068,top_0068
ecom_aux_21,user_service,user_service_21,production,ap-southeast-1,ap-southeast-1a,host-485,ct-8552,v1.8.0,4.0,8.0,3,low,scen_000068,top_0068
ecom_aux_22,user_service,user_service_22,production,ap-southeast-1,ap-southeast-1c,host-160,ct-2897,v2.8.0,4.0,4.0,1,low,scen_000068,top_0068
ingest_01,api_gateway,ingestion_gateway,production,ap-southeast-1,ap-southeast-1b,host-204,ct-3290,v1.6.0,2.0,16.0,5,critical,scen_000069,top_0069
kafka_broker,kafka,kafka,production,ap-southeast-1,ap-southeast-1b,host-225,ct-8389,v2.7.0,8.0,4.0,5,critical,scen_000069,top_0069
notif_01,notification_service,notification_service,production,ap-southeast-1,ap-southeast-1a,host-986,ct-7450,v1.7.0,4.0,16.0,3,high,scen_000069,top_0069
user_01,user_service,user_service,production,ap-southeast-1,ap-southeast-1b,host-402,ct-2011,v3.2.0,4.0,8.0,3,medium,scen_000069,top_0069
db_event,mysql,mysql,production,ap-southeast-1,ap-southeast-1a,host-170,ct-4985,v2.0.0,16.0,8.0,2,high,scen_000069,top_0069
consumer_1,web_service,kafka_consumer_1,production,ap-southeast-1,ap-southeast-1c,host-825,ct-6925,v1.3.0,8.0,64.0,2,low,scen_000069,top_0069
consumer_2,web_service,kafka_consumer_2,production,ap-southeast-1,ap-southeast-1b,host-617,ct-1945,v3.8.0,8.0,4.0,3,low,scen_000069,top_0069
consumer_3,web_service,kafka_consumer_3,production,ap-southeast-1,ap-southeast-1c,host-571,ct-7046,v2.0.0,4.0,4.0,5,low,scen_000069,top_0069
consumer_4,web_service,kafka_consumer_4,production,ap-southeast-1,ap-southeast-1b,host-901,ct-8903,v3.9.0,4.0,64.0,5,low,scen_000069,top_0069
consumer_5,web_service,kafka_consumer_5,production,ap-southeast-1,ap-southeast-1c,host-426,ct-4714,v2.7.0,16.0,32.0,1,low,scen_000069,top_0069
consumer_6,web_service,kafka_consumer_6,production,ap-southeast-1,ap-southeast-1b,host-338,ct-6894,v3.3.0,4.0,4.0,2,low,scen_000069,top_0069
consumer_7,web_service,kafka_consumer_7,production,ap-southeast-1,ap-southeast-1c,host-830,ct-7836,v2.6.0,2.0,64.0,3,low,scen_000069,top_0069
consumer_8,web_service,kafka_consumer_8,production,ap-southeast-1,ap-southeast-1a,host-960,ct-9251,v3.5.0,2.0,16.0,3,low,scen_000069,top_0069
consumer_9,web_service,kafka_consumer_9,production,ap-southeast-1,ap-southeast-1b,host-658,ct-8754,v3.7.0,8.0,32.0,4,low,scen_000069,top_0069
consumer_10,web_service,kafka_consumer_10,production,ap-southeast-1,ap-southeast-1c,host-156,ct-4080,v1.3.0,8.0,32.0,1,low,scen_000069,top_0069
consumer_11,web_service,kafka_consumer_11,production,ap-southeast-1,ap-southeast-1c,host-720,ct-8094,v3.4.0,4.0,64.0,2,low,scen_000069,top_0069
consumer_12,web_service,kafka_consumer_12,production,ap-southeast-1,ap-southeast-1a,host-178,ct-7366,v3.5.0,8.0,4.0,5,low,scen_000069,top_0069
consumer_13,web_service,kafka_consumer_13,production,ap-southeast-1,ap-southeast-1c,host-390,ct-3300,v3.4.0,4.0,16.0,2,low,scen_000069,top_0069
consumer_14,web_service,kafka_consumer_14,production,ap-southeast-1,ap-southeast-1c,host-606,ct-8739,v1.5.0,16.0,8.0,1,low,scen_000069,top_0069
consumer_15,web_service,kafka_consumer_15,production,ap-southeast-1,ap-southeast-1b,host-421,ct-1101,v2.8.0,8.0,4.0,1,low,scen_000069,top_0069
consumer_16,web_service,kafka_consumer_16,production,ap-southeast-1,ap-southeast-1c,host-154,ct-7008,v2.9.0,16.0,64.0,3,low,scen_000069,top_0069
consumer_17,web_service,kafka_consumer_17,production,ap-southeast-1,ap-southeast-1c,host-724,ct-4558,v3.9.0,8.0,4.0,2,low,scen_000069,top_0069
consumer_18,web_service,kafka_consumer_18,production,ap-southeast-1,ap-southeast-1b,host-107,ct-3831,v2.7.0,2.0,16.0,1,low,scen_000069,top_0069
consumer_19,web_service,kafka_consumer_19,production,ap-southeast-1,ap-southeast-1c,host-343,ct-1109,v1.0.0,16.0,64.0,3,low,scen_000069,top_0069
consumer_20,web_service,kafka_consumer_20,production,ap-southeast-1,ap-southeast-1a,host-507,ct-3641,v3.9.0,4.0,32.0,2,low,scen_000069,top_0069
consumer_21,web_service,kafka_consumer_21,production,ap-southeast-1,ap-southeast-1a,host-747,ct-2913,v1.3.0,16.0,16.0,2,low,scen_000069,top_0069
consumer_22,web_service,kafka_consumer_22,production,ap-southeast-1,ap-southeast-1a,host-849,ct-5330,v3.5.0,2.0,4.0,2,low,scen_000069,top_0069
consumer_23,web_service,kafka_consumer_23,production,ap-southeast-1,ap-southeast-1c,host-759,ct-7263,v2.2.0,8.0,8.0,5,low,scen_000069,top_0069
consumer_24,web_service,kafka_consumer_24,production,ap-southeast-1,ap-southeast-1c,host-425,ct-4978,v3.5.0,16.0,4.0,1,low,scen_000069,top_0069
consumer_25,web_service,kafka_consumer_25,production,ap-southeast-1,ap-southeast-1b,host-649,ct-1981,v1.4.0,4.0,32.0,4,low,scen_000069,top_0069
consumer_26,web_service,kafka_consumer_26,production,ap-southeast-1,ap-southeast-1c,host-442,ct-4248,v1.0.0,16.0,32.0,2,low,scen_000069,top_0069
consumer_27,web_service,kafka_consumer_27,production,ap-southeast-1,ap-southeast-1c,host-223,ct-1348,v1.9.0,2.0,32.0,4,low,scen_000069,top_0069
consumer_28,web_service,kafka_consumer_28,production,ap-southeast-1,ap-southeast-1b,host-895,ct-5535,v2.3.0,8.0,16.0,5,low,scen_000069,top_0069
consumer_29,web_service,kafka_consumer_29,production,ap-southeast-1,ap-southeast-1a,host-213,ct-9920,v1.0.0,16.0,32.0,4,low,scen_000069,top_0069
gw_01,api_gateway,api_gateway,production,us-east-1,us-east-1a,host-814,ct-2577,v2.1.0,16.0,64.0,5,critical,scen_000070,top_0070
auth_01,auth_service,auth_service,production,us-east-1,us-east-1c,host-806,ct-2993,v3.1.0,8.0,8.0,5,high,scen_000070,top_0070
order_01,order_service,order_service,production,us-east-1,us-east-1b,host-555,ct-9062,v2.9.0,4.0,8.0,1,critical,scen_000070,top_0070
pay_01,payment_service,payment_service,production,us-east-1,us-east-1c,host-504,ct-3673,v3.1.0,4.0,4.0,1,critical,scen_000070,top_0070
inv_01,inventory_service,inventory_service,production,us-east-1,us-east-1c,host-186,ct-6262,v1.6.0,8.0,32.0,4,high,scen_000070,top_0070
db_master,postgresql,postgresql,production,us-east-1,us-east-1a,host-841,ct-4226,v3.9.0,2.0,4.0,2,critical,scen_000070,top_0070
cache_01,redis,redis,production,us-east-1,us-east-1b,host-641,ct-2217,v2.3.0,2.0,32.0,4,high,scen_000070,top_0070
mq_01,kafka,kafka,production,us-east-1,us-east-1a,host-718,ct-9557,v2.0.0,2.0,8.0,1,high,scen_000070,top_0070
ecom_aux_1,user_service,user_service_1,production,us-east-1,us-east-1a,host-458,ct-3659,v3.2.0,4.0,16.0,1,low,scen_000070,top_0070
ecom_aux_2,user_service,user_service_2,production,us-east-1,us-east-1c,host-565,ct-8285,v1.5.0,4.0,16.0,2,low,scen_000070,top_0070
ecom_aux_3,user_service,user_service_3,production,us-east-1,us-east-1a,host-188,ct-6668,v1.3.0,4.0,4.0,2,low,scen_000070,top_0070
ecom_aux_4,user_service,user_service_4,production,us-east-1,us-east-1a,host-228,ct-9914,v2.9.0,16.0,8.0,2,low,scen_000070,top_0070
ecom_aux_5,user_service,user_service_5,production,us-east-1,us-east-1c,host-785,ct-6022,v2.5.0,8.0,4.0,1,low,scen_000070,top_0070
node_00,container,mesh_svc_0,production,us-west-2,us-west-2c,host-470,ct-1412,v3.0.0,2.0,8.0,1,critical,scen_000071,top_0071
node_01,order_service,mesh_svc_1,production,us-west-2,us-west-2b,host-605,ct-5683,v3.0.0,2.0,64.0,5,low,scen_000071,top_0071
node_02,payment_service,mesh_svc_2,production,us-west-2,us-west-2a,host-498,ct-7510,v3.7.0,4.0,32.0,2,critical,scen_000071,top_0071
node_03,postgresql,mesh_svc_3,production,us-west-2,us-west-2a,host-651,ct-6088,v3.4.0,2.0,64.0,3,critical,scen_000071,top_0071
node_04,api_gateway,mesh_svc_4,production,us-west-2,us-west-2a,host-898,ct-9359,v2.8.0,4.0,8.0,2,low,scen_000071,top_0071
node_05,order_service,mesh_svc_5,production,us-west-2,us-west-2c,host-671,ct-8501,v3.5.0,4.0,8.0,3,low,scen_000071,top_0071
node_06,postgresql,mesh_svc_6,production,us-west-2,us-west-2a,host-143,ct-1725,v2.5.0,2.0,8.0,2,critical,scen_000071,top_0071
node_07,inventory_service,mesh_svc_7,production,us-west-2,us-west-2c,host-709,ct-3509,v1.3.0,16.0,8.0,2,low,scen_000071,top_0071
node_08,vm_instance,mesh_svc_8,production,us-west-2,us-west-2a,host-208,ct-1607,v1.9.0,8.0,8.0,1,medium,scen_000071,top_0071
node_09,elasticsearch,mesh_svc_9,production,us-west-2,us-west-2b,host-295,ct-7386,v1.3.0,2.0,32.0,3,low,scen_000071,top_0071
node_10,notification_service,mesh_svc_10,production,us-west-2,us-west-2b,host-744,ct-1388,v3.2.0,4.0,16.0,3,medium,scen_000071,top_0071
node_11,elasticsearch,mesh_svc_11,production,us-west-2,us-west-2c,host-455,ct-7084,v3.2.0,4.0,4.0,4,medium,scen_000071,top_0071
node_12,load_balancer,mesh_svc_12,production,us-west-2,us-west-2c,host-493,ct-3361,v2.8.0,16.0,16.0,5,low,scen_000071,top_0071
node_13,vm_instance,mesh_svc_13,production,us-west-2,us-west-2b,host-901,ct-8009,v2.1.0,16.0,8.0,1,high,scen_000071,top_0071
node_14,object_storage,mesh_svc_14,production,us-west-2,us-west-2a,host-939,ct-6806,v3.4.0,4.0,16.0,5,low,scen_000071,top_0071
node_15,order_service,mesh_svc_15,production,us-west-2,us-west-2b,host-827,ct-7386,v2.0.0,8.0,16.0,4,high,scen_000071,top_0071
node_16,object_storage,mesh_svc_16,production,us-west-2,us-west-2c,host-966,ct-4106,v2.3.0,4.0,64.0,3,high,scen_000071,top_0071
node_17,user_service,mesh_svc_17,production,us-west-2,us-west-2a,host-643,ct-6797,v1.8.0,4.0,64.0,1,critical,scen_000071,top_0071
node_18,kafka,mesh_svc_18,production,us-west-2,us-west-2b,host-937,ct-1457,v2.1.0,2.0,32.0,1,high,scen_000071,top_0071
node_19,redis,mesh_svc_19,production,us-west-2,us-west-2a,host-715,ct-7346,v3.2.0,16.0,32.0,1,critical,scen_000071,top_0071
node_20,redis,mesh_svc_20,production,us-west-2,us-west-2c,host-221,ct-6760,v1.8.0,2.0,4.0,4,low,scen_000071,top_0071
node_21,container,mesh_svc_21,production,us-west-2,us-west-2c,host-811,ct-3415,v2.1.0,2.0,64.0,2,low,scen_000071,top_0071
node_22,mysql,mesh_svc_22,production,us-west-2,us-west-2c,host-774,ct-7565,v1.8.0,4.0,16.0,5,high,scen_000071,top_0071
node_23,postgresql,mesh_svc_23,production,us-west-2,us-west-2b,host-475,ct-6133,v3.5.0,4.0,4.0,3,low,scen_000071,top_0071
node_24,inventory_service,mesh_svc_24,production,us-west-2,us-west-2a,host-498,ct-2882,v2.9.0,16.0,8.0,3,high,scen_000071,top_0071
node_25,container,mesh_svc_25,production,us-west-2,us-west-2c,host-615,ct-7359,v3.4.0,8.0,4.0,5,low,scen_000071,top_0071
node_26,mysql,mesh_svc_26,production,us-west-2,us-west-2a,host-786,ct-3582,v3.0.0,4.0,64.0,4,low,scen_000071,top_0071
node_27,auth_service,mesh_svc_27,production,us-west-2,us-west-2a,host-113,ct-9977,v2.2.0,2.0,4.0,5,medium,scen_000071,top_0071
node_28,notification_service,mesh_svc_28,production,us-west-2,us-west-2c,host-516,ct-9786,v2.2.0,4.0,8.0,3,critical,scen_000071,top_0071
node_29,recommendation_service,mesh_svc_29,production,us-west-2,us-west-2a,host-784,ct-6555,v1.5.0,8.0,32.0,1,low,scen_000071,top_0071
node_30,user_service,mesh_svc_30,production,us-west-2,us-west-2a,host-229,ct-1044,v2.0.0,4.0,32.0,3,medium,scen_000071,top_0071
node_31,notification_service,mesh_svc_31,production,us-west-2,us-west-2a,host-177,ct-7057,v3.3.0,2.0,32.0,5,low,scen_000071,top_0071
node_32,rabbitmq,mesh_svc_32,production,us-west-2,us-west-2b,host-112,ct-2988,v3.9.0,8.0,4.0,3,medium,scen_000071,top_0071
gw_01,api_gateway,api_gateway,production,us-west-2,us-west-2b,host-594,ct-4090,v3.1.0,4.0,64.0,1,critical,scen_000072,top_0072
auth_01,auth_service,auth_service,production,us-west-2,us-west-2b,host-228,ct-2861,v2.5.0,16.0,64.0,5,high,scen_000072,top_0072
order_01,order_service,order_service,production,us-west-2,us-west-2a,host-726,ct-3774,v1.3.0,8.0,16.0,4,critical,scen_000072,top_0072
pay_01,payment_service,payment_service,production,us-west-2,us-west-2a,host-941,ct-2456,v3.6.0,4.0,32.0,1,critical,scen_000072,top_0072
inv_01,inventory_service,inventory_service,production,us-west-2,us-west-2b,host-294,ct-5524,v1.1.0,16.0,64.0,2,high,scen_000072,top_0072
db_master,postgresql,postgresql,production,us-west-2,us-west-2c,host-580,ct-4168,v3.8.0,8.0,16.0,3,critical,scen_000072,top_0072
cache_01,redis,redis,production,us-west-2,us-west-2a,host-791,ct-3163,v3.6.0,4.0,16.0,2,high,scen_000072,top_0072
mq_01,kafka,kafka,production,us-west-2,us-west-2a,host-316,ct-3418,v2.5.0,8.0,32.0,1,high,scen_000072,top_0072
ecom_aux_1,user_service,user_service_1,production,us-west-2,us-west-2b,host-635,ct-9609,v1.6.0,2.0,64.0,3,low,scen_000072,top_0072
ecom_aux_2,user_service,user_service_2,production,us-west-2,us-west-2c,host-395,ct-1387,v3.1.0,4.0,64.0,1,low,scen_000072,top_0072
ecom_aux_3,user_service,user_service_3,production,us-west-2,us-west-2a,host-664,ct-8437,v2.3.0,8.0,64.0,5,low,scen_000072,top_0072
ecom_aux_4,user_service,user_service_4,production,us-west-2,us-west-2a,host-803,ct-1466,v2.2.0,8.0,4.0,1,low,scen_000072,top_0072
ecom_aux_5,user_service,user_service_5,production,us-west-2,us-west-2a,host-511,ct-8042,v3.0.0,2.0,8.0,5,low,scen_000072,top_0072
ecom_aux_6,user_service,user_service_6,production,us-west-2,us-west-2c,host-920,ct-3272,v1.8.0,16.0,64.0,2,low,scen_000072,top_0072
ecom_aux_7,user_service,user_service_7,production,us-west-2,us-west-2c,host-876,ct-2974,v1.7.0,8.0,16.0,5,low,scen_000072,top_0072
ecom_aux_8,user_service,user_service_8,production,us-west-2,us-west-2b,host-111,ct-1493,v2.3.0,8.0,16.0,1,low,scen_000072,top_0072
ecom_aux_9,user_service,user_service_9,production,us-west-2,us-west-2c,host-946,ct-9569,v2.4.0,4.0,8.0,1,low,scen_000072,top_0072
ecom_aux_10,user_service,user_service_10,production,us-west-2,us-west-2b,host-250,ct-9956,v2.3.0,2.0,32.0,2,low,scen_000072,top_0072
ecom_aux_11,user_service,user_service_11,production,us-west-2,us-west-2a,host-822,ct-4623,v2.0.0,4.0,64.0,4,low,scen_000072,top_0072
ecom_aux_12,user_service,user_service_12,production,us-west-2,us-west-2b,host-426,ct-3785,v3.1.0,16.0,64.0,1,low,scen_000072,top_0072
ecom_aux_13,user_service,user_service_13,production,us-west-2,us-west-2b,host-588,ct-1973,v2.5.0,2.0,16.0,5,low,scen_000072,top_0072
ecom_aux_14,user_service,user_service_14,production,us-west-2,us-west-2a,host-613,ct-4061,v1.8.0,8.0,64.0,2,low,scen_000072,top_0072
ecom_aux_15,user_service,user_service_15,production,us-west-2,us-west-2a,host-543,ct-3422,v3.3.0,4.0,16.0,3,low,scen_000072,top_0072
ecom_aux_16,user_service,user_service_16,production,us-west-2,us-west-2a,host-303,ct-7752,v2.0.0,4.0,4.0,5,low,scen_000072,top_0072
ecom_aux_17,user_service,user_service_17,production,us-west-2,us-west-2a,host-719,ct-3049,v2.8.0,4.0,16.0,2,low,scen_000072,top_0072
ecom_aux_18,user_service,user_service_18,production,us-west-2,us-west-2b,host-490,ct-5869,v3.7.0,16.0,64.0,5,low,scen_000072,top_0072
ecom_aux_19,user_service,user_service_19,production,us-west-2,us-west-2b,host-840,ct-2770,v2.6.0,16.0,64.0,1,low,scen_000072,top_0072
ecom_aux_20,user_service,user_service_20,production,us-west-2,us-west-2c,host-216,ct-8533,v3.3.0,8.0,16.0,2,low,scen_000072,top_0072
ecom_aux_21,user_service,user_service_21,production,us-west-2,us-west-2c,host-528,ct-4582,v3.8.0,4.0,32.0,4,low,scen_000072,top_0072
ecom_aux_22,user_service,user_service_22,production,us-west-2,us-west-2a,host-639,ct-9911,v3.2.0,2.0,32.0,4,low,scen_000072,top_0072
ecom_aux_23,user_service,user_service_23,production,us-west-2,us-west-2b,host-996,ct-7853,v2.8.0,16.0,32.0,5,low,scen_000072,top_0072
ecom_aux_24,user_service,user_service_24,production,us-west-2,us-west-2c,host-448,ct-5779,v1.3.0,16.0,64.0,5,low,scen_000072,top_0072
ecom_aux_25,user_service,user_service_25,production,us-west-2,us-west-2c,host-892,ct-6149,v3.3.0,4.0,64.0,4,low,scen_000072,top_0072
ecom_aux_26,user_service,user_service_26,production,us-west-2,us-west-2c,host-463,ct-2661,v3.1.0,2.0,16.0,2,low,scen_000072,top_0072
ecom_aux_27,user_service,user_service_27,production,us-west-2,us-west-2b,host-438,ct-6252,v2.5.0,8.0,4.0,5,low,scen_000072,top_0072
ecom_aux_28,user_service,user_service_28,production,us-west-2,us-west-2c,host-940,ct-4815,v3.6.0,8.0,32.0,4,low,scen_000072,top_0072
ecom_aux_29,user_service,user_service_29,production,us-west-2,us-west-2c,host-216,ct-3764,v1.1.0,2.0,64.0,5,low,scen_000072,top_0072
ecom_aux_30,user_service,user_service_30,production,us-west-2,us-west-2c,host-151,ct-8163,v1.4.0,4.0,8.0,3,low,scen_000072,top_0072
ecom_aux_31,user_service,user_service_31,production,us-west-2,us-west-2a,host-958,ct-6249,v3.2.0,4.0,32.0,5,low,scen_000072,top_0072
ecom_aux_32,user_service,user_service_32,production,us-west-2,us-west-2c,host-751,ct-2205,v2.6.0,2.0,16.0,4,low,scen_000072,top_0072
ecom_aux_33,user_service,user_service_33,production,us-west-2,us-west-2a,host-938,ct-6079,v3.4.0,4.0,64.0,2,low,scen_000072,top_0072
ecom_aux_34,user_service,user_service_34,production,us-west-2,us-west-2c,host-284,ct-1572,v3.5.0,8.0,32.0,1,low,scen_000072,top_0072
ecom_aux_35,user_service,user_service_35,production,us-west-2,us-west-2c,host-658,ct-8278,v2.2.0,16.0,64.0,1,low,scen_000072,top_0072
ecom_aux_36,user_service,user_service_36,production,us-west-2,us-west-2b,host-281,ct-1097,v3.0.0,4.0,32.0,1,low,scen_000072,top_0072
ecom_aux_37,user_service,user_service_37,production,us-west-2,us-west-2c,host-280,ct-1126,v1.2.0,16.0,32.0,4,low,scen_000072,top_0072
ecom_aux_38,user_service,user_service_38,production,us-west-2,us-west-2a,host-550,ct-5757,v2.5.0,8.0,16.0,1,low,scen_000072,top_0072
gw_01,api_gateway,api_gateway,production,us-west-2,us-west-2b,host-452,ct-6019,v1.5.0,4.0,32.0,1,critical,scen_000073,top_0073
auth_01,auth_service,auth_service,production,us-west-2,us-west-2a,host-849,ct-2172,v3.2.0,8.0,8.0,4,high,scen_000073,top_0073
order_01,order_service,order_service,production,us-west-2,us-west-2c,host-786,ct-2662,v1.0.0,2.0,64.0,2,critical,scen_000073,top_0073
pay_01,payment_service,payment_service,production,us-west-2,us-west-2b,host-341,ct-9304,v3.5.0,8.0,16.0,5,critical,scen_000073,top_0073
inv_01,inventory_service,inventory_service,production,us-west-2,us-west-2c,host-935,ct-1995,v2.5.0,2.0,64.0,1,high,scen_000073,top_0073
db_master,postgresql,postgresql,production,us-west-2,us-west-2a,host-967,ct-2626,v1.4.0,16.0,8.0,1,critical,scen_000073,top_0073
cache_01,redis,redis,production,us-west-2,us-west-2a,host-159,ct-2550,v2.0.0,2.0,8.0,2,high,scen_000073,top_0073
mq_01,kafka,kafka,production,us-west-2,us-west-2c,host-609,ct-1856,v2.5.0,16.0,64.0,4,high,scen_000073,top_0073
ecom_aux_1,user_service,user_service_1,production,us-west-2,us-west-2a,host-236,ct-1560,v1.1.0,16.0,64.0,2,low,scen_000073,top_0073
ecom_aux_2,user_service,user_service_2,production,us-west-2,us-west-2b,host-371,ct-9305,v3.5.0,16.0,32.0,3,low,scen_000073,top_0073
ecom_aux_3,user_service,user_service_3,production,us-west-2,us-west-2b,host-965,ct-5084,v1.9.0,2.0,4.0,1,low,scen_000073,top_0073
ecom_aux_4,user_service,user_service_4,production,us-west-2,us-west-2a,host-925,ct-6949,v2.2.0,16.0,16.0,5,low,scen_000073,top_0073
ecom_aux_5,user_service,user_service_5,production,us-west-2,us-west-2a,host-551,ct-2561,v3.5.0,8.0,16.0,5,low,scen_000073,top_0073
ecom_aux_6,user_service,user_service_6,production,us-west-2,us-west-2b,host-864,ct-7558,v3.6.0,4.0,32.0,1,low,scen_000073,top_0073
ecom_aux_7,user_service,user_service_7,production,us-west-2,us-west-2a,host-758,ct-4422,v3.9.0,2.0,4.0,5,low,scen_000073,top_0073
ecom_aux_8,user_service,user_service_8,production,us-west-2,us-west-2c,host-501,ct-7999,v3.1.0,16.0,4.0,4,low,scen_000073,top_0073
ecom_aux_9,user_service,user_service_9,production,us-west-2,us-west-2b,host-592,ct-5955,v2.9.0,4.0,32.0,4,low,scen_000073,top_0073
ecom_aux_10,user_service,user_service_10,production,us-west-2,us-west-2b,host-713,ct-6506,v3.3.0,4.0,4.0,3,low,scen_000073,top_0073
ecom_aux_11,user_service,user_service_11,production,us-west-2,us-west-2c,host-379,ct-7404,v2.1.0,8.0,64.0,1,low,scen_000073,top_0073
ecom_aux_12,user_service,user_service_12,production,us-west-2,us-west-2c,host-940,ct-6080,v1.5.0,16.0,32.0,4,low,scen_000073,top_0073
ecom_aux_13,user_service,user_service_13,production,us-west-2,us-west-2b,host-181,ct-2777,v2.8.0,2.0,16.0,3,low,scen_000073,top_0073
ecom_aux_14,user_service,user_service_14,production,us-west-2,us-west-2a,host-959,ct-7494,v1.2.0,4.0,32.0,3,low,scen_000073,top_0073
ecom_aux_15,user_service,user_service_15,production,us-west-2,us-west-2a,host-806,ct-9613,v2.4.0,8.0,4.0,3,low,scen_000073,top_0073
ecom_aux_16,user_service,user_service_16,production,us-west-2,us-west-2a,host-727,ct-8585,v2.2.0,16.0,16.0,4,low,scen_000073,top_0073
ecom_aux_17,user_service,user_service_17,production,us-west-2,us-west-2b,host-393,ct-3943,v1.3.0,8.0,16.0,3,low,scen_000073,top_0073
ecom_aux_18,user_service,user_service_18,production,us-west-2,us-west-2c,host-485,ct-6928,v3.0.0,8.0,32.0,5,low,scen_000073,top_0073
ecom_aux_19,user_service,user_service_19,production,us-west-2,us-west-2a,host-493,ct-6978,v3.3.0,8.0,8.0,2,low,scen_000073,top_0073
ecom_aux_20,user_service,user_service_20,production,us-west-2,us-west-2a,host-620,ct-3650,v1.7.0,16.0,4.0,4,low,scen_000073,top_0073
ecom_aux_21,user_service,user_service_21,production,us-west-2,us-west-2b,host-798,ct-1777,v2.4.0,2.0,16.0,3,low,scen_000073,top_0073
ecom_aux_22,user_service,user_service_22,production,us-west-2,us-west-2c,host-207,ct-8673,v1.1.0,16.0,16.0,5,low,scen_000073,top_0073
ecom_aux_23,user_service,user_service_23,production,us-west-2,us-west-2a,host-710,ct-8675,v3.4.0,16.0,32.0,2,low,scen_000073,top_0073
ecom_aux_24,user_service,user_service_24,production,us-west-2,us-west-2c,host-513,ct-4521,v1.4.0,8.0,64.0,3,low,scen_000073,top_0073
ingest_01,api_gateway,ingestion_gateway,production,us-west-2,us-west-2a,host-361,ct-2645,v3.5.0,16.0,64.0,3,critical,scen_000074,top_0074
kafka_broker,kafka,kafka,production,us-west-2,us-west-2c,host-421,ct-8057,v2.9.0,4.0,8.0,1,critical,scen_000074,top_0074
notif_01,notification_service,notification_service,production,us-west-2,us-west-2c,host-708,ct-8119,v3.9.0,16.0,16.0,4,high,scen_000074,top_0074
user_01,user_service,user_service,production,us-west-2,us-west-2c,host-876,ct-6625,v3.1.0,16.0,16.0,2,medium,scen_000074,top_0074
db_event,mysql,mysql,production,us-west-2,us-west-2a,host-291,ct-2463,v2.8.0,2.0,64.0,2,high,scen_000074,top_0074
consumer_1,web_service,kafka_consumer_1,production,us-west-2,us-west-2a,host-678,ct-1735,v3.0.0,4.0,4.0,5,low,scen_000074,top_0074
consumer_2,web_service,kafka_consumer_2,production,us-west-2,us-west-2a,host-923,ct-4553,v3.9.0,8.0,4.0,5,low,scen_000074,top_0074
consumer_3,web_service,kafka_consumer_3,production,us-west-2,us-west-2b,host-372,ct-3191,v2.0.0,2.0,64.0,5,low,scen_000074,top_0074
consumer_4,web_service,kafka_consumer_4,production,us-west-2,us-west-2b,host-375,ct-7598,v1.6.0,8.0,16.0,2,low,scen_000074,top_0074
consumer_5,web_service,kafka_consumer_5,production,us-west-2,us-west-2c,host-766,ct-5318,v1.6.0,8.0,8.0,3,low,scen_000074,top_0074
consumer_6,web_service,kafka_consumer_6,production,us-west-2,us-west-2c,host-955,ct-5449,v3.3.0,16.0,8.0,1,low,scen_000074,top_0074
consumer_7,web_service,kafka_consumer_7,production,us-west-2,us-west-2a,host-197,ct-3251,v3.8.0,2.0,64.0,5,low,scen_000074,top_0074
consumer_8,web_service,kafka_consumer_8,production,us-west-2,us-west-2b,host-900,ct-8248,v2.7.0,4.0,4.0,3,low,scen_000074,top_0074
consumer_9,web_service,kafka_consumer_9,production,us-west-2,us-west-2a,host-237,ct-8168,v2.1.0,2.0,64.0,5,low,scen_000074,top_0074
consumer_10,web_service,kafka_consumer_10,production,us-west-2,us-west-2c,host-602,ct-9162,v2.7.0,4.0,64.0,5,low,scen_000074,top_0074
consumer_11,web_service,kafka_consumer_11,production,us-west-2,us-west-2b,host-697,ct-4717,v1.0.0,4.0,16.0,4,low,scen_000074,top_0074
consumer_12,web_service,kafka_consumer_12,production,us-west-2,us-west-2c,host-291,ct-3219,v1.9.0,16.0,8.0,5,low,scen_000074,top_0074
consumer_13,web_service,kafka_consumer_13,production,us-west-2,us-west-2b,host-720,ct-4544,v2.9.0,2.0,4.0,5,low,scen_000074,top_0074
consumer_14,web_service,kafka_consumer_14,production,us-west-2,us-west-2a,host-602,ct-7121,v2.7.0,8.0,32.0,2,low,scen_000074,top_0074
consumer_15,web_service,kafka_consumer_15,production,us-west-2,us-west-2a,host-836,ct-4863,v2.6.0,16.0,64.0,2,low,scen_000074,top_0074
consumer_16,web_service,kafka_consumer_16,production,us-west-2,us-west-2b,host-433,ct-3632,v3.0.0,4.0,64.0,2,low,scen_000074,top_0074
consumer_17,web_service,kafka_consumer_17,production,us-west-2,us-west-2c,host-232,ct-5566,v3.8.0,8.0,64.0,5,low,scen_000074,top_0074
consumer_18,web_service,kafka_consumer_18,production,us-west-2,us-west-2c,host-466,ct-1709,v1.8.0,2.0,64.0,2,low,scen_000074,top_0074
consumer_19,web_service,kafka_consumer_19,production,us-west-2,us-west-2a,host-392,ct-8207,v1.0.0,8.0,16.0,2,low,scen_000074,top_0074
consumer_20,web_service,kafka_consumer_20,production,us-west-2,us-west-2c,host-490,ct-6495,v3.4.0,4.0,64.0,4,low,scen_000074,top_0074
consumer_21,web_service,kafka_consumer_21,production,us-west-2,us-west-2b,host-437,ct-7658,v1.9.0,16.0,8.0,3,low,scen_000074,top_0074
consumer_22,web_service,kafka_consumer_22,production,us-west-2,us-west-2a,host-726,ct-6127,v2.8.0,8.0,4.0,1,low,scen_000074,top_0074
consumer_23,web_service,kafka_consumer_23,production,us-west-2,us-west-2b,host-585,ct-3265,v2.2.0,16.0,32.0,4,low,scen_000074,top_0074
consumer_24,web_service,kafka_consumer_24,production,us-west-2,us-west-2a,host-507,ct-3803,v3.6.0,8.0,4.0,5,low,scen_000074,top_0074
consumer_25,web_service,kafka_consumer_25,production,us-west-2,us-west-2b,host-771,ct-2413,v2.3.0,4.0,64.0,3,low,scen_000074,top_0074
consumer_26,web_service,kafka_consumer_26,production,us-west-2,us-west-2c,host-267,ct-4672,v1.4.0,16.0,32.0,5,low,scen_000074,top_0074
consumer_27,web_service,kafka_consumer_27,production,us-west-2,us-west-2c,host-644,ct-2698,v1.9.0,8.0,4.0,4,low,scen_000074,top_0074
ingest_01,api_gateway,ingestion_gateway,production,ap-southeast-1,ap-southeast-1a,host-248,ct-9586,v1.5.0,16.0,64.0,2,critical,scen_000075,top_0075
kafka_broker,kafka,kafka,production,ap-southeast-1,ap-southeast-1b,host-187,ct-8696,v2.5.0,16.0,8.0,2,critical,scen_000075,top_0075
notif_01,notification_service,notification_service,production,ap-southeast-1,ap-southeast-1c,host-465,ct-4075,v2.0.0,4.0,64.0,2,high,scen_000075,top_0075
user_01,user_service,user_service,production,ap-southeast-1,ap-southeast-1a,host-663,ct-7674,v3.0.0,4.0,32.0,4,medium,scen_000075,top_0075
db_event,mysql,mysql,production,ap-southeast-1,ap-southeast-1c,host-934,ct-2914,v1.8.0,2.0,8.0,5,high,scen_000075,top_0075
consumer_1,web_service,kafka_consumer_1,production,ap-southeast-1,ap-southeast-1c,host-259,ct-7430,v2.0.0,8.0,32.0,5,low,scen_000075,top_0075
consumer_2,web_service,kafka_consumer_2,production,ap-southeast-1,ap-southeast-1b,host-675,ct-7092,v3.1.0,8.0,4.0,1,low,scen_000075,top_0075
consumer_3,web_service,kafka_consumer_3,production,ap-southeast-1,ap-southeast-1a,host-295,ct-2194,v2.8.0,8.0,32.0,5,low,scen_000075,top_0075
consumer_4,web_service,kafka_consumer_4,production,ap-southeast-1,ap-southeast-1c,host-323,ct-1576,v1.3.0,2.0,32.0,5,low,scen_000075,top_0075
consumer_5,web_service,kafka_consumer_5,production,ap-southeast-1,ap-southeast-1c,host-112,ct-2579,v2.9.0,8.0,8.0,5,low,scen_000075,top_0075
consumer_6,web_service,kafka_consumer_6,production,ap-southeast-1,ap-southeast-1b,host-418,ct-3598,v3.2.0,16.0,4.0,3,low,scen_000075,top_0075
consumer_7,web_service,kafka_consumer_7,production,ap-southeast-1,ap-southeast-1b,host-967,ct-3609,v3.6.0,16.0,16.0,1,low,scen_000075,top_0075
consumer_8,web_service,kafka_consumer_8,production,ap-southeast-1,ap-southeast-1b,host-630,ct-2300,v2.4.0,16.0,8.0,5,low,scen_000075,top_0075
consumer_9,web_service,kafka_consumer_9,production,ap-southeast-1,ap-southeast-1c,host-737,ct-9787,v1.9.0,16.0,16.0,5,low,scen_000075,top_0075
consumer_10,web_service,kafka_consumer_10,production,ap-southeast-1,ap-southeast-1c,host-461,ct-3035,v1.2.0,8.0,64.0,1,low,scen_000075,top_0075
consumer_11,web_service,kafka_consumer_11,production,ap-southeast-1,ap-southeast-1b,host-176,ct-1822,v1.3.0,8.0,16.0,3,low,scen_000075,top_0075
consumer_12,web_service,kafka_consumer_12,production,ap-southeast-1,ap-southeast-1c,host-859,ct-3984,v3.8.0,4.0,8.0,2,low,scen_000075,top_0075
consumer_13,web_service,kafka_consumer_13,production,ap-southeast-1,ap-southeast-1b,host-356,ct-8761,v3.9.0,4.0,64.0,4,low,scen_000075,top_0075
consumer_14,web_service,kafka_consumer_14,production,ap-southeast-1,ap-southeast-1a,host-928,ct-9408,v1.0.0,16.0,64.0,4,low,scen_000075,top_0075
consumer_15,web_service,kafka_consumer_15,production,ap-southeast-1,ap-southeast-1c,host-757,ct-8951,v1.8.0,8.0,32.0,2,low,scen_000075,top_0075
consumer_16,web_service,kafka_consumer_16,production,ap-southeast-1,ap-southeast-1c,host-492,ct-8060,v1.7.0,8.0,8.0,2,low,scen_000075,top_0075
consumer_17,web_service,kafka_consumer_17,production,ap-southeast-1,ap-southeast-1c,host-197,ct-8550,v2.0.0,8.0,8.0,2,low,scen_000075,top_0075
consumer_18,web_service,kafka_consumer_18,production,ap-southeast-1,ap-southeast-1a,host-199,ct-5367,v3.4.0,4.0,4.0,1,low,scen_000075,top_0075
consumer_19,web_service,kafka_consumer_19,production,ap-southeast-1,ap-southeast-1c,host-693,ct-8388,v2.7.0,8.0,16.0,5,low,scen_000075,top_0075
consumer_20,web_service,kafka_consumer_20,production,ap-southeast-1,ap-southeast-1c,host-356,ct-3009,v3.7.0,16.0,32.0,3,low,scen_000075,top_0075
consumer_21,web_service,kafka_consumer_21,production,ap-southeast-1,ap-southeast-1b,host-186,ct-6702,v3.4.0,16.0,8.0,4,low,scen_000075,top_0075
consumer_22,web_service,kafka_consumer_22,production,ap-southeast-1,ap-southeast-1a,host-569,ct-5780,v1.0.0,2.0,32.0,4,low,scen_000075,top_0075
consumer_23,web_service,kafka_consumer_23,production,ap-southeast-1,ap-southeast-1b,host-910,ct-2981,v1.2.0,16.0,8.0,5,low,scen_000075,top_0075
consumer_24,web_service,kafka_consumer_24,production,ap-southeast-1,ap-southeast-1b,host-172,ct-5492,v3.7.0,8.0,4.0,2,low,scen_000075,top_0075
consumer_25,web_service,kafka_consumer_25,production,ap-southeast-1,ap-southeast-1c,host-673,ct-7447,v3.1.0,4.0,64.0,1,low,scen_000075,top_0075
consumer_26,web_service,kafka_consumer_26,production,ap-southeast-1,ap-southeast-1b,host-513,ct-8228,v1.4.0,8.0,8.0,5,low,scen_000075,top_0075
consumer_27,web_service,kafka_consumer_27,production,ap-southeast-1,ap-southeast-1c,host-144,ct-6971,v3.7.0,2.0,4.0,2,low,scen_000075,top_0075
consumer_28,web_service,kafka_consumer_28,production,ap-southeast-1,ap-southeast-1c,host-609,ct-8904,v1.5.0,16.0,16.0,2,low,scen_000075,top_0075
consumer_29,web_service,kafka_consumer_29,production,ap-southeast-1,ap-southeast-1c,host-875,ct-4417,v3.0.0,2.0,4.0,3,low,scen_000075,top_0075
gw_01,api_gateway,api_gateway,production,ap-southeast-1,ap-southeast-1c,host-291,ct-8340,v1.7.0,8.0,32.0,3,critical,scen_000076,top_0076
lb_01,load_balancer,load_balancer,production,ap-southeast-1,ap-southeast-1c,host-771,ct-4230,v3.8.0,8.0,16.0,1,critical,scen_000076,top_0076
auth_01,auth_service,auth_service,production,ap-southeast-1,ap-southeast-1b,host-125,ct-1894,v1.8.0,2.0,32.0,1,high,scen_000076,top_0076
web_01,web_service,web_service,production,ap-southeast-1,ap-southeast-1b,host-607,ct-1036,v2.4.0,8.0,32.0,5,high,scen_000076,top_0076
db_01,postgresql,postgresql,production,ap-southeast-1,ap-southeast-1c,host-125,ct-8706,v2.1.0,16.0,16.0,2,critical,scen_000076,top_0076
sub_svc_2,web_service,sub_service_2,production,ap-southeast-1,ap-southeast-1b,host-448,ct-6072,v3.5.0,4.0,16.0,5,low,scen_000076,top_0076
sub_svc_3,web_service,sub_service_3,production,ap-southeast-1,ap-southeast-1b,host-827,ct-2329,v2.2.0,2.0,16.0,2,low,scen_000076,top_0076
sub_svc_4,web_service,sub_service_4,production,ap-southeast-1,ap-southeast-1b,host-524,ct-3232,v3.0.0,8.0,32.0,4,low,scen_000076,top_0076
sub_svc_5,web_service,sub_service_5,production,ap-southeast-1,ap-southeast-1a,host-855,ct-7283,v1.7.0,2.0,32.0,5,low,scen_000076,top_0076
sub_svc_6,web_service,sub_service_6,production,ap-southeast-1,ap-southeast-1b,host-276,ct-9981,v2.3.0,16.0,64.0,4,low,scen_000076,top_0076
sub_svc_7,web_service,sub_service_7,production,ap-southeast-1,ap-southeast-1c,host-856,ct-3951,v2.3.0,16.0,8.0,5,low,scen_000076,top_0076
sub_svc_8,web_service,sub_service_8,production,ap-southeast-1,ap-southeast-1c,host-497,ct-6326,v1.5.0,16.0,32.0,1,low,scen_000076,top_0076
sub_svc_9,web_service,sub_service_9,production,ap-southeast-1,ap-southeast-1b,host-350,ct-9770,v2.8.0,8.0,4.0,1,low,scen_000076,top_0076
sub_svc_10,web_service,sub_service_10,production,ap-southeast-1,ap-southeast-1b,host-221,ct-5048,v1.5.0,16.0,64.0,4,low,scen_000076,top_0076
sub_svc_11,web_service,sub_service_11,production,ap-southeast-1,ap-southeast-1b,host-732,ct-4739,v2.3.0,8.0,4.0,3,low,scen_000076,top_0076
sub_svc_12,web_service,sub_service_12,production,ap-southeast-1,ap-southeast-1b,host-346,ct-4835,v3.3.0,16.0,8.0,4,low,scen_000076,top_0076
sub_svc_13,web_service,sub_service_13,production,ap-southeast-1,ap-southeast-1c,host-915,ct-7140,v2.3.0,16.0,4.0,3,low,scen_000076,top_0076
sub_svc_14,web_service,sub_service_14,production,ap-southeast-1,ap-southeast-1c,host-376,ct-5542,v2.7.0,4.0,8.0,1,low,scen_000076,top_0076
sub_svc_15,web_service,sub_service_15,production,ap-southeast-1,ap-southeast-1a,host-412,ct-7905,v2.1.0,16.0,4.0,4,low,scen_000076,top_0076
sub_svc_16,web_service,sub_service_16,production,ap-southeast-1,ap-southeast-1c,host-176,ct-3294,v3.2.0,16.0,4.0,3,low,scen_000076,top_0076
sub_svc_17,web_service,sub_service_17,production,ap-southeast-1,ap-southeast-1c,host-717,ct-6049,v3.9.0,8.0,4.0,3,low,scen_000076,top_0076
sub_svc_18,web_service,sub_service_18,production,ap-southeast-1,ap-southeast-1c,host-236,ct-5458,v1.0.0,2.0,16.0,4,low,scen_000076,top_0076
sub_svc_19,web_service,sub_service_19,production,ap-southeast-1,ap-southeast-1b,host-527,ct-2344,v1.3.0,2.0,4.0,1,low,scen_000076,top_0076
sub_svc_20,web_service,sub_service_20,production,ap-southeast-1,ap-southeast-1c,host-185,ct-8505,v3.5.0,2.0,32.0,5,low,scen_000076,top_0076
gw_01,api_gateway,api_gateway,production,us-east-1,us-east-1c,host-474,ct-4729,v3.3.0,8.0,32.0,1,critical,scen_000077,top_0077
lb_01,load_balancer,load_balancer,production,us-east-1,us-east-1c,host-791,ct-5730,v1.0.0,2.0,64.0,5,critical,scen_000077,top_0077
auth_01,auth_service,auth_service,production,us-east-1,us-east-1c,host-881,ct-2407,v3.9.0,8.0,8.0,5,high,scen_000077,top_0077
web_01,web_service,web_service,production,us-east-1,us-east-1b,host-161,ct-2645,v3.3.0,8.0,16.0,3,high,scen_000077,top_0077
db_01,postgresql,postgresql,production,us-east-1,us-east-1c,host-155,ct-9460,v2.4.0,16.0,64.0,5,critical,scen_000077,top_0077
sub_svc_2,web_service,sub_service_2,production,us-east-1,us-east-1b,host-454,ct-6870,v1.3.0,16.0,32.0,3,low,scen_000077,top_0077
sub_svc_3,web_service,sub_service_3,production,us-east-1,us-east-1c,host-948,ct-9269,v3.0.0,8.0,64.0,4,low,scen_000077,top_0077
sub_svc_4,web_service,sub_service_4,production,us-east-1,us-east-1b,host-577,ct-9984,v2.8.0,2.0,32.0,1,low,scen_000077,top_0077
sub_svc_5,web_service,sub_service_5,production,us-east-1,us-east-1c,host-961,ct-2669,v3.2.0,8.0,32.0,2,low,scen_000077,top_0077
gw_01,api_gateway,api_gateway,production,ap-southeast-1,ap-southeast-1c,host-333,ct-6538,v1.5.0,8.0,4.0,2,critical,scen_000078,top_0078
rec_01,recommendation_service,recommendation_service,production,ap-southeast-1,ap-southeast-1a,host-637,ct-2787,v2.3.0,16.0,8.0,3,high,scen_000078,top_0078
es_01,elasticsearch,elasticsearch,production,ap-southeast-1,ap-southeast-1b,host-839,ct-9817,v3.8.0,8.0,16.0,4,critical,scen_000078,top_0078
redis_01,redis,redis,production,ap-southeast-1,ap-southeast-1a,host-541,ct-7330,v3.4.0,2.0,32.0,1,critical,scen_000078,top_0078
mongo_01,mongodb,mongodb,production,ap-southeast-1,ap-southeast-1a,host-673,ct-6742,v2.3.0,16.0,32.0,1,high,scen_000078,top_0078
search_node_1,user_service,search_aux_1,production,ap-southeast-1,ap-southeast-1a,host-780,ct-3043,v3.3.0,2.0,64.0,5,medium,scen_000078,top_0078
search_node_2,user_service,search_aux_2,production,ap-southeast-1,ap-southeast-1b,host-742,ct-6949,v2.3.0,8.0,8.0,2,medium,scen_000078,top_0078
search_node_3,user_service,search_aux_3,production,ap-southeast-1,ap-southeast-1c,host-184,ct-3669,v3.8.0,8.0,64.0,4,medium,scen_000078,top_0078
search_node_4,user_service,search_aux_4,production,ap-southeast-1,ap-southeast-1c,host-450,ct-1539,v3.0.0,16.0,4.0,2,medium,scen_000078,top_0078
search_node_5,user_service,search_aux_5,production,ap-southeast-1,ap-southeast-1b,host-836,ct-1891,v3.9.0,8.0,8.0,3,medium,scen_000078,top_0078
search_node_6,user_service,search_aux_6,production,ap-southeast-1,ap-southeast-1c,host-105,ct-1415,v2.8.0,16.0,32.0,5,medium,scen_000078,top_0078
search_node_7,user_service,search_aux_7,production,ap-southeast-1,ap-southeast-1b,host-415,ct-5921,v2.3.0,4.0,64.0,2,medium,scen_000078,top_0078
search_node_8,user_service,search_aux_8,production,ap-southeast-1,ap-southeast-1b,host-933,ct-2601,v3.7.0,8.0,8.0,5,medium,scen_000078,top_0078
search_node_9,user_service,search_aux_9,production,ap-southeast-1,ap-southeast-1b,host-354,ct-6942,v2.3.0,8.0,16.0,5,medium,scen_000078,top_0078
search_node_10,user_service,search_aux_10,production,ap-southeast-1,ap-southeast-1a,host-681,ct-2473,v2.7.0,2.0,4.0,5,medium,scen_000078,top_0078
search_node_11,user_service,search_aux_11,production,ap-southeast-1,ap-southeast-1a,host-790,ct-9487,v2.0.0,16.0,64.0,2,medium,scen_000078,top_0078
search_node_12,user_service,search_aux_12,production,ap-southeast-1,ap-southeast-1a,host-265,ct-3385,v2.6.0,16.0,16.0,4,medium,scen_000078,top_0078
search_node_13,user_service,search_aux_13,production,ap-southeast-1,ap-southeast-1a,host-747,ct-5444,v3.4.0,2.0,16.0,1,medium,scen_000078,top_0078
search_node_14,user_service,search_aux_14,production,ap-southeast-1,ap-southeast-1c,host-321,ct-3010,v1.7.0,4.0,16.0,5,medium,scen_000078,top_0078
search_node_15,user_service,search_aux_15,production,ap-southeast-1,ap-southeast-1b,host-744,ct-8207,v3.1.0,16.0,4.0,2,medium,scen_000078,top_0078
search_node_16,user_service,search_aux_16,production,ap-southeast-1,ap-southeast-1b,host-144,ct-8318,v3.2.0,8.0,16.0,3,medium,scen_000078,top_0078
search_node_17,user_service,search_aux_17,production,ap-southeast-1,ap-southeast-1b,host-812,ct-6238,v2.4.0,2.0,64.0,2,medium,scen_000078,top_0078
search_node_18,user_service,search_aux_18,production,ap-southeast-1,ap-southeast-1b,host-919,ct-6223,v2.0.0,4.0,64.0,1,medium,scen_000078,top_0078
search_node_19,user_service,search_aux_19,production,ap-southeast-1,ap-southeast-1a,host-501,ct-1905,v2.9.0,8.0,8.0,2,medium,scen_000078,top_0078
search_node_20,user_service,search_aux_20,production,ap-southeast-1,ap-southeast-1b,host-148,ct-7311,v2.5.0,2.0,16.0,1,medium,scen_000078,top_0078
search_node_21,user_service,search_aux_21,production,ap-southeast-1,ap-southeast-1c,host-537,ct-2302,v3.5.0,4.0,8.0,3,medium,scen_000078,top_0078
search_node_22,user_service,search_aux_22,production,ap-southeast-1,ap-southeast-1c,host-750,ct-5934,v1.6.0,4.0,32.0,3,medium,scen_000078,top_0078
search_node_23,user_service,search_aux_23,production,ap-southeast-1,ap-southeast-1b,host-797,ct-5090,v1.3.0,2.0,32.0,1,medium,scen_000078,top_0078
search_node_24,user_service,search_aux_24,production,ap-southeast-1,ap-southeast-1c,host-228,ct-9850,v2.3.0,4.0,32.0,4,medium,scen_000078,top_0078
search_node_25,user_service,search_aux_25,production,ap-southeast-1,ap-southeast-1b,host-199,ct-1967,v3.6.0,8.0,16.0,5,medium,scen_000078,top_0078
search_node_26,user_service,search_aux_26,production,ap-southeast-1,ap-southeast-1c,host-715,ct-5095,v3.3.0,8.0,64.0,2,medium,scen_000078,top_0078
node_00,notification_service,mesh_svc_0,production,us-east-1,us-east-1b,host-991,ct-6905,v2.4.0,8.0,32.0,2,critical,scen_000079,top_0079
node_01,mysql,mesh_svc_1,production,us-east-1,us-east-1a,host-494,ct-4286,v1.9.0,8.0,4.0,1,high,scen_000079,top_0079
node_02,postgresql,mesh_svc_2,production,us-east-1,us-east-1a,host-329,ct-5716,v2.0.0,8.0,16.0,3,high,scen_000079,top_0079
node_03,payment_service,mesh_svc_3,production,us-east-1,us-east-1a,host-603,ct-3323,v2.5.0,4.0,32.0,4,critical,scen_000079,top_0079
node_04,mysql,mesh_svc_4,production,us-east-1,us-east-1a,host-883,ct-9241,v2.6.0,2.0,32.0,2,critical,scen_000079,top_0079
node_05,inventory_service,mesh_svc_5,production,us-east-1,us-east-1b,host-645,ct-1817,v3.2.0,16.0,32.0,3,low,scen_000079,top_0079
node_06,load_balancer,mesh_svc_6,production,us-east-1,us-east-1c,host-636,ct-2851,v2.5.0,8.0,32.0,4,critical,scen_000079,top_0079
node_07,rabbitmq,mesh_svc_7,production,us-east-1,us-east-1b,host-279,ct-2489,v2.5.0,2.0,8.0,2,low,scen_000079,top_0079
node_08,postgresql,mesh_svc_8,production,us-east-1,us-east-1c,host-682,ct-1458,v1.7.0,4.0,8.0,1,medium,scen_000079,top_0079
node_09,container,mesh_svc_9,production,us-east-1,us-east-1b,host-617,ct-4607,v3.8.0,4.0,64.0,2,low,scen_000079,top_0079
node_10,load_balancer,mesh_svc_10,production,us-east-1,us-east-1b,host-908,ct-9104,v1.4.0,16.0,32.0,5,high,scen_000079,top_0079
gw_01,api_gateway,api_gateway,production,eu-central-1,eu-central-1a,host-451,ct-4821,v3.5.0,8.0,8.0,1,critical,scen_000080,top_0080
auth_01,auth_service,auth_service,production,eu-central-1,eu-central-1a,host-694,ct-5678,v1.4.0,4.0,4.0,3,high,scen_000080,top_0080
order_01,order_service,order_service,production,eu-central-1,eu-central-1a,host-754,ct-9798,v3.2.0,8.0,64.0,1,critical,scen_000080,top_0080
pay_01,payment_service,payment_service,production,eu-central-1,eu-central-1b,host-445,ct-6564,v2.6.0,16.0,32.0,4,critical,scen_000080,top_0080
inv_01,inventory_service,inventory_service,production,eu-central-1,eu-central-1c,host-335,ct-1446,v1.0.0,2.0,16.0,2,high,scen_000080,top_0080
db_master,postgresql,postgresql,production,eu-central-1,eu-central-1a,host-950,ct-8332,v1.9.0,16.0,64.0,2,critical,scen_000080,top_0080
cache_01,redis,redis,production,eu-central-1,eu-central-1c,host-130,ct-5973,v3.3.0,16.0,4.0,2,high,scen_000080,top_0080
mq_01,kafka,kafka,production,eu-central-1,eu-central-1b,host-946,ct-6372,v1.4.0,2.0,4.0,3,high,scen_000080,top_0080
ecom_aux_1,user_service,user_service_1,production,eu-central-1,eu-central-1c,host-598,ct-2968,v1.7.0,8.0,16.0,3,low,scen_000080,top_0080
ecom_aux_2,user_service,user_service_2,production,eu-central-1,eu-central-1a,host-403,ct-5727,v1.9.0,16.0,64.0,5,low,scen_000080,top_0080
ecom_aux_3,user_service,user_service_3,production,eu-central-1,eu-central-1a,host-771,ct-5693,v3.8.0,4.0,8.0,1,low,scen_000080,top_0080
ecom_aux_4,user_service,user_service_4,production,eu-central-1,eu-central-1c,host-447,ct-3362,v3.3.0,8.0,16.0,1,low,scen_000080,top_0080
ecom_aux_5,user_service,user_service_5,production,eu-central-1,eu-central-1c,host-345,ct-6215,v2.8.0,16.0,4.0,1,low,scen_000080,top_0080
ecom_aux_6,user_service,user_service_6,production,eu-central-1,eu-central-1c,host-656,ct-3729,v2.7.0,16.0,16.0,5,low,scen_000080,top_0080
ecom_aux_7,user_service,user_service_7,production,eu-central-1,eu-central-1b,host-977,ct-3961,v2.2.0,16.0,32.0,3,low,scen_000080,top_0080
ecom_aux_8,user_service,user_service_8,production,eu-central-1,eu-central-1b,host-209,ct-4566,v1.5.0,16.0,4.0,4,low,scen_000080,top_0080
ecom_aux_9,user_service,user_service_9,production,eu-central-1,eu-central-1b,host-950,ct-3510,v1.5.0,8.0,4.0,1,low,scen_000080,top_0080
ecom_aux_10,user_service,user_service_10,production,eu-central-1,eu-central-1b,host-384,ct-1297,v1.0.0,2.0,8.0,3,low,scen_000080,top_0080
ecom_aux_11,user_service,user_service_11,production,eu-central-1,eu-central-1a,host-567,ct-6329,v2.4.0,8.0,64.0,4,low,scen_000080,top_0080
ecom_aux_12,user_service,user_service_12,production,eu-central-1,eu-central-1c,host-993,ct-7322,v1.2.0,16.0,4.0,5,low,scen_000080,top_0080
ecom_aux_13,user_service,user_service_13,production,eu-central-1,eu-central-1a,host-263,ct-6852,v1.3.0,16.0,16.0,5,low,scen_000080,top_0080
ecom_aux_14,user_service,user_service_14,production,eu-central-1,eu-central-1b,host-379,ct-9205,v3.7.0,16.0,64.0,4,low,scen_000080,top_0080
ecom_aux_15,user_service,user_service_15,production,eu-central-1,eu-central-1c,host-733,ct-5045,v3.6.0,8.0,8.0,4,low,scen_000080,top_0080
ecom_aux_16,user_service,user_service_16,production,eu-central-1,eu-central-1c,host-157,ct-3821,v3.0.0,16.0,16.0,4,low,scen_000080,top_0080
ecom_aux_17,user_service,user_service_17,production,eu-central-1,eu-central-1b,host-148,ct-8725,v3.0.0,16.0,4.0,5,low,scen_000080,top_0080
ecom_aux_18,user_service,user_service_18,production,eu-central-1,eu-central-1b,host-759,ct-4462,v2.4.0,16.0,32.0,2,low,scen_000080,top_0080
ecom_aux_19,user_service,user_service_19,production,eu-central-1,eu-central-1a,host-479,ct-6159,v3.3.0,16.0,32.0,1,low,scen_000080,top_0080
ecom_aux_20,user_service,user_service_20,production,eu-central-1,eu-central-1c,host-210,ct-2827,v1.6.0,4.0,64.0,5,low,scen_000080,top_0080
ecom_aux_21,user_service,user_service_21,production,eu-central-1,eu-central-1c,host-769,ct-5379,v1.1.0,16.0,32.0,4,low,scen_000080,top_0080
ecom_aux_22,user_service,user_service_22,production,eu-central-1,eu-central-1a,host-622,ct-3109,v2.3.0,8.0,8.0,3,low,scen_000080,top_0080
ecom_aux_23,user_service,user_service_23,production,eu-central-1,eu-central-1a,host-335,ct-2451,v2.5.0,4.0,64.0,4,low,scen_000080,top_0080
ecom_aux_24,user_service,user_service_24,production,eu-central-1,eu-central-1b,host-723,ct-4053,v1.0.0,2.0,16.0,1,low,scen_000080,top_0080
ecom_aux_25,user_service,user_service_25,production,eu-central-1,eu-central-1a,host-676,ct-9659,v3.3.0,4.0,64.0,4,low,scen_000080,top_0080
ecom_aux_26,user_service,user_service_26,production,eu-central-1,eu-central-1b,host-371,ct-8806,v3.5.0,2.0,64.0,5,low,scen_000080,top_0080
ecom_aux_27,user_service,user_service_27,production,eu-central-1,eu-central-1a,host-986,ct-3011,v1.0.0,2.0,32.0,2,low,scen_000080,top_0080
ecom_aux_28,user_service,user_service_28,production,eu-central-1,eu-central-1a,host-131,ct-7982,v1.6.0,16.0,4.0,2,low,scen_000080,top_0080
ecom_aux_29,user_service,user_service_29,production,eu-central-1,eu-central-1b,host-587,ct-8155,v3.3.0,16.0,64.0,5,low,scen_000080,top_0080
ecom_aux_30,user_service,user_service_30,production,eu-central-1,eu-central-1a,host-127,ct-5636,v2.2.0,2.0,4.0,3,low,scen_000080,top_0080
ecom_aux_31,user_service,user_service_31,production,eu-central-1,eu-central-1c,host-417,ct-2213,v2.6.0,4.0,64.0,5,low,scen_000080,top_0080
ecom_aux_32,user_service,user_service_32,production,eu-central-1,eu-central-1b,host-124,ct-3357,v1.0.0,8.0,16.0,3,low,scen_000080,top_0080
ecom_aux_33,user_service,user_service_33,production,eu-central-1,eu-central-1c,host-520,ct-7917,v3.7.0,16.0,16.0,3,low,scen_000080,top_0080
ecom_aux_34,user_service,user_service_34,production,eu-central-1,eu-central-1c,host-680,ct-8801,v1.0.0,4.0,64.0,4,low,scen_000080,top_0080
ecom_aux_35,user_service,user_service_35,production,eu-central-1,eu-central-1c,host-426,ct-8723,v1.6.0,2.0,32.0,1,low,scen_000080,top_0080
gw_01,api_gateway,api_gateway,production,eu-central-1,eu-central-1b,host-959,ct-5418,v1.2.0,4.0,16.0,5,critical,scen_000081,top_0081
lb_01,load_balancer,load_balancer,production,eu-central-1,eu-central-1b,host-156,ct-6872,v2.6.0,2.0,8.0,1,critical,scen_000081,top_0081
auth_01,auth_service,auth_service,production,eu-central-1,eu-central-1c,host-323,ct-3746,v1.6.0,4.0,64.0,5,high,scen_000081,top_0081
web_01,web_service,web_service,production,eu-central-1,eu-central-1b,host-823,ct-5235,v2.6.0,4.0,64.0,5,high,scen_000081,top_0081
db_01,postgresql,postgresql,production,eu-central-1,eu-central-1c,host-102,ct-8017,v2.9.0,8.0,4.0,2,critical,scen_000081,top_0081
sub_svc_2,web_service,sub_service_2,production,eu-central-1,eu-central-1b,host-125,ct-1567,v3.1.0,4.0,8.0,2,low,scen_000081,top_0081
sub_svc_3,web_service,sub_service_3,production,eu-central-1,eu-central-1c,host-135,ct-1625,v3.4.0,16.0,64.0,1,low,scen_000081,top_0081
sub_svc_4,web_service,sub_service_4,production,eu-central-1,eu-central-1a,host-104,ct-3997,v3.0.0,16.0,32.0,1,low,scen_000081,top_0081
sub_svc_5,web_service,sub_service_5,production,eu-central-1,eu-central-1a,host-122,ct-1928,v3.3.0,8.0,16.0,5,low,scen_000081,top_0081
sub_svc_6,web_service,sub_service_6,production,eu-central-1,eu-central-1b,host-615,ct-4234,v1.4.0,8.0,64.0,1,low,scen_000081,top_0081
sub_svc_7,web_service,sub_service_7,production,eu-central-1,eu-central-1c,host-266,ct-9025,v3.1.0,16.0,16.0,4,low,scen_000081,top_0081
sub_svc_8,web_service,sub_service_8,production,eu-central-1,eu-central-1c,host-924,ct-2746,v1.8.0,2.0,64.0,3,low,scen_000081,top_0081
sub_svc_9,web_service,sub_service_9,production,eu-central-1,eu-central-1a,host-297,ct-6880,v1.5.0,8.0,64.0,3,low,scen_000081,top_0081
sub_svc_10,web_service,sub_service_10,production,eu-central-1,eu-central-1c,host-470,ct-9843,v2.9.0,4.0,32.0,4,low,scen_000081,top_0081
sub_svc_11,web_service,sub_service_11,production,eu-central-1,eu-central-1b,host-396,ct-4076,v2.6.0,4.0,8.0,3,low,scen_000081,top_0081
sub_svc_12,web_service,sub_service_12,production,eu-central-1,eu-central-1c,host-308,ct-6912,v3.6.0,16.0,16.0,2,low,scen_000081,top_0081
sub_svc_13,web_service,sub_service_13,production,eu-central-1,eu-central-1a,host-962,ct-6010,v1.5.0,8.0,4.0,4,low,scen_000081,top_0081
sub_svc_14,web_service,sub_service_14,production,eu-central-1,eu-central-1c,host-264,ct-1595,v1.6.0,16.0,64.0,3,low,scen_000081,top_0081
sub_svc_15,web_service,sub_service_15,production,eu-central-1,eu-central-1b,host-557,ct-3566,v3.7.0,4.0,32.0,1,low,scen_000081,top_0081
sub_svc_16,web_service,sub_service_16,production,eu-central-1,eu-central-1b,host-752,ct-8448,v1.6.0,4.0,16.0,4,low,scen_000081,top_0081
sub_svc_17,web_service,sub_service_17,production,eu-central-1,eu-central-1b,host-477,ct-9213,v1.2.0,4.0,32.0,3,low,scen_000081,top_0081
sub_svc_18,web_service,sub_service_18,production,eu-central-1,eu-central-1b,host-107,ct-3836,v3.7.0,16.0,4.0,2,low,scen_000081,top_0081
sub_svc_19,web_service,sub_service_19,production,eu-central-1,eu-central-1a,host-846,ct-8850,v1.6.0,16.0,8.0,1,low,scen_000081,top_0081
sub_svc_20,web_service,sub_service_20,production,eu-central-1,eu-central-1b,host-751,ct-3875,v2.6.0,2.0,16.0,1,low,scen_000081,top_0081
sub_svc_21,web_service,sub_service_21,production,eu-central-1,eu-central-1a,host-959,ct-5489,v1.3.0,8.0,32.0,2,low,scen_000081,top_0081
sub_svc_22,web_service,sub_service_22,production,eu-central-1,eu-central-1c,host-126,ct-2241,v3.7.0,16.0,64.0,5,low,scen_000081,top_0081
sub_svc_23,web_service,sub_service_23,production,eu-central-1,eu-central-1b,host-487,ct-8234,v1.3.0,8.0,64.0,5,low,scen_000081,top_0081
sub_svc_24,web_service,sub_service_24,production,eu-central-1,eu-central-1a,host-866,ct-8935,v2.2.0,2.0,64.0,3,low,scen_000081,top_0081
sub_svc_25,web_service,sub_service_25,production,eu-central-1,eu-central-1a,host-118,ct-9470,v3.5.0,8.0,64.0,1,low,scen_000081,top_0081
sub_svc_26,web_service,sub_service_26,production,eu-central-1,eu-central-1b,host-494,ct-9900,v1.1.0,16.0,64.0,4,low,scen_000081,top_0081
sub_svc_27,web_service,sub_service_27,production,eu-central-1,eu-central-1b,host-303,ct-1379,v3.6.0,4.0,16.0,5,low,scen_000081,top_0081
sub_svc_28,web_service,sub_service_28,production,eu-central-1,eu-central-1a,host-586,ct-2220,v1.3.0,4.0,4.0,4,low,scen_000081,top_0081
sub_svc_29,web_service,sub_service_29,production,eu-central-1,eu-central-1c,host-119,ct-1084,v3.6.0,2.0,4.0,3,low,scen_000081,top_0081
sub_svc_30,web_service,sub_service_30,production,eu-central-1,eu-central-1b,host-619,ct-6213,v2.3.0,8.0,64.0,4,low,scen_000081,top_0081
sub_svc_31,web_service,sub_service_31,production,eu-central-1,eu-central-1c,host-196,ct-9728,v1.4.0,4.0,64.0,3,low,scen_000081,top_0081
sub_svc_32,web_service,sub_service_32,production,eu-central-1,eu-central-1c,host-849,ct-3401,v1.0.0,4.0,32.0,1,low,scen_000081,top_0081
sub_svc_33,web_service,sub_service_33,production,eu-central-1,eu-central-1c,host-951,ct-7872,v3.1.0,2.0,64.0,4,low,scen_000081,top_0081
sub_svc_34,web_service,sub_service_34,production,eu-central-1,eu-central-1b,host-617,ct-2055,v2.3.0,4.0,16.0,2,low,scen_000081,top_0081
sub_svc_35,web_service,sub_service_35,production,eu-central-1,eu-central-1b,host-803,ct-6003,v2.0.0,16.0,4.0,2,low,scen_000081,top_0081
sub_svc_36,web_service,sub_service_36,production,eu-central-1,eu-central-1b,host-628,ct-7977,v3.8.0,16.0,32.0,4,low,scen_000081,top_0081
sub_svc_37,web_service,sub_service_37,production,eu-central-1,eu-central-1b,host-970,ct-5214,v1.3.0,2.0,32.0,1,low,scen_000081,top_0081
sub_svc_38,web_service,sub_service_38,production,eu-central-1,eu-central-1c,host-757,ct-1813,v3.1.0,16.0,64.0,1,low,scen_000081,top_0081
sub_svc_39,web_service,sub_service_39,production,eu-central-1,eu-central-1a,host-331,ct-3257,v3.8.0,8.0,32.0,2,low,scen_000081,top_0081
sub_svc_40,web_service,sub_service_40,production,eu-central-1,eu-central-1b,host-475,ct-1087,v2.2.0,4.0,64.0,4,low,scen_000081,top_0081
node_00,kafka,mesh_svc_0,production,us-east-1,us-east-1c,host-657,ct-6460,v3.6.0,8.0,64.0,2,medium,scen_000082,top_0082
node_01,mysql,mesh_svc_1,production,us-east-1,us-east-1c,host-641,ct-1315,v1.5.0,16.0,8.0,5,critical,scen_000082,top_0082
node_02,payment_service,mesh_svc_2,production,us-east-1,us-east-1c,host-382,ct-9137,v2.6.0,2.0,8.0,5,medium,scen_000082,top_0082
node_03,order_service,mesh_svc_3,production,us-east-1,us-east-1b,host-153,ct-2177,v1.1.0,8.0,16.0,2,critical,scen_000082,top_0082
node_04,auth_service,mesh_svc_4,production,us-east-1,us-east-1c,host-663,ct-4804,v2.7.0,2.0,64.0,2,high,scen_000082,top_0082
node_05,object_storage,mesh_svc_5,production,us-east-1,us-east-1c,host-770,ct-8463,v1.2.0,2.0,8.0,4,low,scen_000082,top_0082
node_06,k8s_node,mesh_svc_6,production,us-east-1,us-east-1b,host-876,ct-8446,v1.2.0,8.0,8.0,3,high,scen_000082,top_0082
node_07,user_service,mesh_svc_7,production,us-east-1,us-east-1c,host-473,ct-6400,v1.5.0,8.0,16.0,5,medium,scen_000082,top_0082
node_08,web_service,mesh_svc_8,production,us-east-1,us-east-1b,host-704,ct-2849,v1.0.0,2.0,16.0,3,critical,scen_000082,top_0082
node_09,auth_service,mesh_svc_9,production,us-east-1,us-east-1c,host-346,ct-2013,v3.5.0,8.0,8.0,4,high,scen_000082,top_0082
node_10,user_service,mesh_svc_10,production,us-east-1,us-east-1c,host-419,ct-4492,v2.8.0,8.0,4.0,5,low,scen_000082,top_0082
node_11,auth_service,mesh_svc_11,production,us-east-1,us-east-1c,host-403,ct-9925,v3.9.0,8.0,64.0,3,high,scen_000082,top_0082
node_12,mongodb,mesh_svc_12,production,us-east-1,us-east-1c,host-113,ct-5009,v1.1.0,4.0,8.0,3,high,scen_000082,top_0082
node_13,load_balancer,mesh_svc_13,production,us-east-1,us-east-1a,host-556,ct-3681,v2.7.0,16.0,8.0,2,medium,scen_000082,top_0082
node_14,web_service,mesh_svc_14,production,us-east-1,us-east-1c,host-116,ct-4500,v3.4.0,4.0,64.0,5,low,scen_000082,top_0082
node_15,container,mesh_svc_15,production,us-east-1,us-east-1c,host-150,ct-7321,v1.0.0,8.0,16.0,3,critical,scen_000082,top_0082
node_16,notification_service,mesh_svc_16,production,us-east-1,us-east-1b,host-684,ct-2370,v3.3.0,2.0,64.0,5,critical,scen_000082,top_0082
node_17,elasticsearch,mesh_svc_17,production,us-east-1,us-east-1b,host-788,ct-5131,v3.1.0,16.0,4.0,1,low,scen_000082,top_0082
node_18,kafka,mesh_svc_18,production,us-east-1,us-east-1a,host-174,ct-9530,v3.2.0,4.0,32.0,4,medium,scen_000082,top_0082
node_19,rabbitmq,mesh_svc_19,production,us-east-1,us-east-1c,host-625,ct-4637,v1.1.0,2.0,16.0,2,critical,scen_000082,top_0082
node_20,recommendation_service,mesh_svc_20,production,us-east-1,us-east-1c,host-928,ct-5102,v2.8.0,4.0,32.0,1,medium,scen_000082,top_0082
node_21,auth_service,mesh_svc_21,production,us-east-1,us-east-1a,host-961,ct-6171,v3.1.0,2.0,8.0,4,high,scen_000082,top_0082
node_22,elasticsearch,mesh_svc_22,production,us-east-1,us-east-1c,host-222,ct-8565,v3.2.0,8.0,64.0,1,high,scen_000082,top_0082
node_23,redis,mesh_svc_23,production,us-east-1,us-east-1c,host-396,ct-4902,v1.7.0,4.0,16.0,1,low,scen_000082,top_0082
node_24,notification_service,mesh_svc_24,production,us-east-1,us-east-1c,host-201,ct-6669,v1.9.0,2.0,8.0,4,critical,scen_000082,top_0082
node_25,kafka,mesh_svc_25,production,us-east-1,us-east-1b,host-938,ct-9416,v3.1.0,4.0,32.0,3,high,scen_000082,top_0082
node_26,order_service,mesh_svc_26,production,us-east-1,us-east-1b,host-184,ct-8052,v3.3.0,2.0,4.0,5,low,scen_000082,top_0082
node_27,k8s_node,mesh_svc_27,production,us-east-1,us-east-1a,host-578,ct-1607,v2.7.0,4.0,4.0,4,critical,scen_000082,top_0082
node_28,api_gateway,mesh_svc_28,production,us-east-1,us-east-1b,host-214,ct-9063,v2.7.0,16.0,32.0,5,medium,scen_000082,top_0082
ingest_01,api_gateway,ingestion_gateway,production,ap-southeast-1,ap-southeast-1a,host-611,ct-4921,v2.8.0,8.0,16.0,2,critical,scen_000083,top_0083
kafka_broker,kafka,kafka,production,ap-southeast-1,ap-southeast-1c,host-374,ct-2522,v1.5.0,4.0,8.0,4,critical,scen_000083,top_0083
notif_01,notification_service,notification_service,production,ap-southeast-1,ap-southeast-1c,host-770,ct-1881,v2.7.0,8.0,8.0,5,high,scen_000083,top_0083
user_01,user_service,user_service,production,ap-southeast-1,ap-southeast-1a,host-239,ct-3514,v1.2.0,2.0,8.0,1,medium,scen_000083,top_0083
db_event,mysql,mysql,production,ap-southeast-1,ap-southeast-1b,host-166,ct-1363,v3.0.0,2.0,4.0,5,high,scen_000083,top_0083
consumer_1,web_service,kafka_consumer_1,production,ap-southeast-1,ap-southeast-1a,host-193,ct-7513,v3.7.0,8.0,4.0,2,low,scen_000083,top_0083
consumer_2,web_service,kafka_consumer_2,production,ap-southeast-1,ap-southeast-1a,host-892,ct-1504,v1.7.0,2.0,16.0,4,low,scen_000083,top_0083
consumer_3,web_service,kafka_consumer_3,production,ap-southeast-1,ap-southeast-1a,host-501,ct-2967,v1.6.0,2.0,4.0,1,low,scen_000083,top_0083
consumer_4,web_service,kafka_consumer_4,production,ap-southeast-1,ap-southeast-1c,host-434,ct-6747,v3.3.0,2.0,4.0,3,low,scen_000083,top_0083
consumer_5,web_service,kafka_consumer_5,production,ap-southeast-1,ap-southeast-1a,host-643,ct-4976,v3.9.0,4.0,8.0,3,low,scen_000083,top_0083
consumer_6,web_service,kafka_consumer_6,production,ap-southeast-1,ap-southeast-1b,host-483,ct-9470,v1.6.0,4.0,4.0,2,low,scen_000083,top_0083
consumer_7,web_service,kafka_consumer_7,production,ap-southeast-1,ap-southeast-1c,host-504,ct-9781,v1.0.0,4.0,16.0,1,low,scen_000083,top_0083
consumer_8,web_service,kafka_consumer_8,production,ap-southeast-1,ap-southeast-1c,host-801,ct-1576,v3.1.0,8.0,64.0,1,low,scen_000083,top_0083
consumer_9,web_service,kafka_consumer_9,production,ap-southeast-1,ap-southeast-1b,host-360,ct-2293,v3.2.0,4.0,8.0,4,low,scen_000083,top_0083
consumer_10,web_service,kafka_consumer_10,production,ap-southeast-1,ap-southeast-1b,host-423,ct-8409,v3.4.0,8.0,4.0,4,low,scen_000083,top_0083
consumer_11,web_service,kafka_consumer_11,production,ap-southeast-1,ap-southeast-1c,host-323,ct-2136,v3.2.0,2.0,32.0,2,low,scen_000083,top_0083
consumer_12,web_service,kafka_consumer_12,production,ap-southeast-1,ap-southeast-1b,host-306,ct-1883,v3.1.0,16.0,8.0,2,low,scen_000083,top_0083
consumer_13,web_service,kafka_consumer_13,production,ap-southeast-1,ap-southeast-1b,host-996,ct-2778,v1.0.0,8.0,32.0,5,low,scen_000083,top_0083
consumer_14,web_service,kafka_consumer_14,production,ap-southeast-1,ap-southeast-1a,host-786,ct-9010,v3.7.0,4.0,4.0,4,low,scen_000083,top_0083
consumer_15,web_service,kafka_consumer_15,production,ap-southeast-1,ap-southeast-1c,host-347,ct-7831,v2.1.0,8.0,4.0,2,low,scen_000083,top_0083
consumer_16,web_service,kafka_consumer_16,production,ap-southeast-1,ap-southeast-1a,host-278,ct-6335,v3.9.0,8.0,64.0,5,low,scen_000083,top_0083
consumer_17,web_service,kafka_consumer_17,production,ap-southeast-1,ap-southeast-1c,host-446,ct-1767,v3.9.0,16.0,64.0,1,low,scen_000083,top_0083
consumer_18,web_service,kafka_consumer_18,production,ap-southeast-1,ap-southeast-1a,host-193,ct-2620,v2.5.0,4.0,4.0,5,low,scen_000083,top_0083
consumer_19,web_service,kafka_consumer_19,production,ap-southeast-1,ap-southeast-1c,host-816,ct-7919,v1.0.0,2.0,64.0,2,low,scen_000083,top_0083
consumer_20,web_service,kafka_consumer_20,production,ap-southeast-1,ap-southeast-1b,host-153,ct-4130,v1.5.0,8.0,32.0,2,low,scen_000083,top_0083
consumer_21,web_service,kafka_consumer_21,production,ap-southeast-1,ap-southeast-1b,host-849,ct-9950,v2.8.0,16.0,4.0,1,low,scen_000083,top_0083
consumer_22,web_service,kafka_consumer_22,production,ap-southeast-1,ap-southeast-1b,host-290,ct-1463,v3.7.0,16.0,4.0,5,low,scen_000083,top_0083
consumer_23,web_service,kafka_consumer_23,production,ap-southeast-1,ap-southeast-1c,host-362,ct-5604,v2.5.0,2.0,64.0,1,low,scen_000083,top_0083
consumer_24,web_service,kafka_consumer_24,production,ap-southeast-1,ap-southeast-1c,host-297,ct-4305,v1.0.0,8.0,4.0,4,low,scen_000083,top_0083
consumer_25,web_service,kafka_consumer_25,production,ap-southeast-1,ap-southeast-1a,host-610,ct-5073,v1.6.0,2.0,8.0,1,low,scen_000083,top_0083
consumer_26,web_service,kafka_consumer_26,production,ap-southeast-1,ap-southeast-1b,host-315,ct-4120,v2.8.0,8.0,16.0,2,low,scen_000083,top_0083
consumer_27,web_service,kafka_consumer_27,production,ap-southeast-1,ap-southeast-1c,host-321,ct-3179,v2.6.0,8.0,8.0,5,low,scen_000083,top_0083
consumer_28,web_service,kafka_consumer_28,production,ap-southeast-1,ap-southeast-1b,host-518,ct-5269,v1.4.0,16.0,32.0,1,low,scen_000083,top_0083
ingest_01,api_gateway,ingestion_gateway,production,eu-central-1,eu-central-1c,host-634,ct-7451,v1.0.0,2.0,64.0,5,critical,scen_000084,top_0084
kafka_broker,kafka,kafka,production,eu-central-1,eu-central-1a,host-198,ct-2884,v3.0.0,2.0,32.0,2,critical,scen_000084,top_0084
notif_01,notification_service,notification_service,production,eu-central-1,eu-central-1c,host-925,ct-9715,v1.1.0,16.0,64.0,5,high,scen_000084,top_0084
user_01,user_service,user_service,production,eu-central-1,eu-central-1c,host-581,ct-6797,v3.2.0,16.0,64.0,3,medium,scen_000084,top_0084
db_event,mysql,mysql,production,eu-central-1,eu-central-1a,host-803,ct-6907,v1.3.0,8.0,16.0,4,high,scen_000084,top_0084
consumer_1,web_service,kafka_consumer_1,production,eu-central-1,eu-central-1c,host-174,ct-8816,v1.4.0,4.0,64.0,1,low,scen_000084,top_0084
consumer_2,web_service,kafka_consumer_2,production,eu-central-1,eu-central-1a,host-609,ct-9884,v3.8.0,8.0,16.0,5,low,scen_000084,top_0084
consumer_3,web_service,kafka_consumer_3,production,eu-central-1,eu-central-1c,host-494,ct-4481,v1.2.0,8.0,4.0,4,low,scen_000084,top_0084
consumer_4,web_service,kafka_consumer_4,production,eu-central-1,eu-central-1c,host-100,ct-1275,v3.9.0,4.0,8.0,4,low,scen_000084,top_0084
consumer_5,web_service,kafka_consumer_5,production,eu-central-1,eu-central-1a,host-779,ct-4704,v2.2.0,2.0,4.0,3,low,scen_000084,top_0084
consumer_6,web_service,kafka_consumer_6,production,eu-central-1,eu-central-1c,host-597,ct-2809,v1.3.0,4.0,4.0,2,low,scen_000084,top_0084
consumer_7,web_service,kafka_consumer_7,production,eu-central-1,eu-central-1b,host-937,ct-2463,v2.1.0,2.0,32.0,5,low,scen_000084,top_0084
consumer_8,web_service,kafka_consumer_8,production,eu-central-1,eu-central-1c,host-981,ct-6541,v2.2.0,16.0,16.0,3,low,scen_000084,top_0084
consumer_9,web_service,kafka_consumer_9,production,eu-central-1,eu-central-1b,host-729,ct-9341,v2.3.0,8.0,64.0,3,low,scen_000084,top_0084
consumer_10,web_service,kafka_consumer_10,production,eu-central-1,eu-central-1a,host-313,ct-5419,v1.5.0,2.0,8.0,3,low,scen_000084,top_0084
consumer_11,web_service,kafka_consumer_11,production,eu-central-1,eu-central-1b,host-915,ct-9375,v1.0.0,4.0,64.0,3,low,scen_000084,top_0084
consumer_12,web_service,kafka_consumer_12,production,eu-central-1,eu-central-1c,host-786,ct-6454,v3.8.0,8.0,16.0,2,low,scen_000084,top_0084
consumer_13,web_service,kafka_consumer_13,production,eu-central-1,eu-central-1c,host-935,ct-5209,v3.5.0,2.0,64.0,4,low,scen_000084,top_0084
consumer_14,web_service,kafka_consumer_14,production,eu-central-1,eu-central-1a,host-786,ct-5130,v1.0.0,8.0,16.0,1,low,scen_000084,top_0084
consumer_15,web_service,kafka_consumer_15,production,eu-central-1,eu-central-1c,host-496,ct-8635,v3.1.0,16.0,64.0,1,low,scen_000084,top_0084
consumer_16,web_service,kafka_consumer_16,production,eu-central-1,eu-central-1c,host-589,ct-8667,v2.6.0,4.0,8.0,3,low,scen_000084,top_0084
consumer_17,web_service,kafka_consumer_17,production,eu-central-1,eu-central-1b,host-318,ct-9852,v1.5.0,16.0,4.0,1,low,scen_000084,top_0084
consumer_18,web_service,kafka_consumer_18,production,eu-central-1,eu-central-1b,host-733,ct-8335,v2.6.0,16.0,8.0,4,low,scen_000084,top_0084
consumer_19,web_service,kafka_consumer_19,production,eu-central-1,eu-central-1b,host-778,ct-3918,v2.8.0,2.0,16.0,4,low,scen_000084,top_0084
gw_01,api_gateway,api_gateway,production,us-west-2,us-west-2a,host-373,ct-3175,v3.8.0,8.0,4.0,5,critical,scen_000085,top_0085
lb_01,load_balancer,load_balancer,production,us-west-2,us-west-2c,host-294,ct-8830,v1.0.0,4.0,16.0,3,critical,scen_000085,top_0085
auth_01,auth_service,auth_service,production,us-west-2,us-west-2a,host-836,ct-5643,v3.1.0,4.0,16.0,4,high,scen_000085,top_0085
web_01,web_service,web_service,production,us-west-2,us-west-2a,host-429,ct-7518,v1.9.0,16.0,64.0,4,high,scen_000085,top_0085
db_01,postgresql,postgresql,production,us-west-2,us-west-2b,host-151,ct-9630,v3.1.0,8.0,16.0,5,critical,scen_000085,top_0085
sub_svc_2,web_service,sub_service_2,production,us-west-2,us-west-2c,host-486,ct-7908,v1.6.0,8.0,16.0,1,low,scen_000085,top_0085
sub_svc_3,web_service,sub_service_3,production,us-west-2,us-west-2c,host-349,ct-4620,v2.5.0,4.0,16.0,1,low,scen_000085,top_0085
sub_svc_4,web_service,sub_service_4,production,us-west-2,us-west-2a,host-488,ct-2630,v2.2.0,8.0,64.0,3,low,scen_000085,top_0085
sub_svc_5,web_service,sub_service_5,production,us-west-2,us-west-2c,host-437,ct-3670,v3.6.0,8.0,16.0,4,low,scen_000085,top_0085
sub_svc_6,web_service,sub_service_6,production,us-west-2,us-west-2c,host-749,ct-7926,v1.7.0,8.0,4.0,1,low,scen_000085,top_0085
gw_01,api_gateway,api_gateway,production,us-east-1,us-east-1b,host-859,ct-2791,v1.3.0,4.0,8.0,5,critical,scen_000086,top_0086
auth_01,auth_service,auth_service,production,us-east-1,us-east-1c,host-603,ct-2517,v2.2.0,8.0,64.0,3,high,scen_000086,top_0086
order_01,order_service,order_service,production,us-east-1,us-east-1a,host-866,ct-2072,v3.9.0,8.0,16.0,3,critical,scen_000086,top_0086
pay_01,payment_service,payment_service,production,us-east-1,us-east-1a,host-565,ct-6738,v1.8.0,4.0,64.0,4,critical,scen_000086,top_0086
inv_01,inventory_service,inventory_service,production,us-east-1,us-east-1c,host-454,ct-5095,v3.5.0,8.0,4.0,4,high,scen_000086,top_0086
db_master,postgresql,postgresql,production,us-east-1,us-east-1b,host-276,ct-3469,v2.0.0,16.0,4.0,3,critical,scen_000086,top_0086
cache_01,redis,redis,production,us-east-1,us-east-1b,host-214,ct-5728,v1.9.0,8.0,4.0,1,high,scen_000086,top_0086
mq_01,kafka,kafka,production,us-east-1,us-east-1c,host-428,ct-3121,v3.3.0,8.0,16.0,1,high,scen_000086,top_0086
ecom_aux_1,user_service,user_service_1,production,us-east-1,us-east-1a,host-737,ct-7410,v2.3.0,4.0,32.0,5,low,scen_000086,top_0086
ecom_aux_2,user_service,user_service_2,production,us-east-1,us-east-1b,host-304,ct-9210,v3.2.0,8.0,4.0,2,low,scen_000086,top_0086
ecom_aux_3,user_service,user_service_3,production,us-east-1,us-east-1b,host-654,ct-1486,v3.1.0,4.0,32.0,4,low,scen_000086,top_0086
ecom_aux_4,user_service,user_service_4,production,us-east-1,us-east-1a,host-977,ct-1393,v2.7.0,2.0,8.0,4,low,scen_000086,top_0086
ecom_aux_5,user_service,user_service_5,production,us-east-1,us-east-1c,host-537,ct-3070,v2.1.0,2.0,4.0,5,low,scen_000086,top_0086
ecom_aux_6,user_service,user_service_6,production,us-east-1,us-east-1c,host-160,ct-2830,v1.7.0,2.0,64.0,5,low,scen_000086,top_0086
ecom_aux_7,user_service,user_service_7,production,us-east-1,us-east-1b,host-841,ct-2997,v2.0.0,16.0,8.0,2,low,scen_000086,top_0086
ecom_aux_8,user_service,user_service_8,production,us-east-1,us-east-1a,host-659,ct-9602,v3.9.0,8.0,8.0,4,low,scen_000086,top_0086
ecom_aux_9,user_service,user_service_9,production,us-east-1,us-east-1b,host-810,ct-6459,v3.8.0,16.0,4.0,5,low,scen_000086,top_0086
ecom_aux_10,user_service,user_service_10,production,us-east-1,us-east-1a,host-891,ct-4543,v3.0.0,8.0,64.0,2,low,scen_000086,top_0086
ecom_aux_11,user_service,user_service_11,production,us-east-1,us-east-1c,host-715,ct-4115,v2.9.0,4.0,32.0,2,low,scen_000086,top_0086
ecom_aux_12,user_service,user_service_12,production,us-east-1,us-east-1a,host-932,ct-7839,v1.7.0,4.0,32.0,5,low,scen_000086,top_0086
ecom_aux_13,user_service,user_service_13,production,us-east-1,us-east-1a,host-536,ct-1507,v1.0.0,4.0,16.0,3,low,scen_000086,top_0086
ecom_aux_14,user_service,user_service_14,production,us-east-1,us-east-1c,host-636,ct-6056,v3.6.0,16.0,8.0,1,low,scen_000086,top_0086
ecom_aux_15,user_service,user_service_15,production,us-east-1,us-east-1a,host-995,ct-7320,v1.7.0,2.0,16.0,3,low,scen_000086,top_0086
gw_01,api_gateway,api_gateway,production,ap-southeast-1,ap-southeast-1b,host-676,ct-5071,v3.0.0,2.0,8.0,3,critical,scen_000087,top_0087
auth_01,auth_service,auth_service,production,ap-southeast-1,ap-southeast-1b,host-447,ct-9190,v2.2.0,4.0,16.0,2,high,scen_000087,top_0087
order_01,order_service,order_service,production,ap-southeast-1,ap-southeast-1b,host-959,ct-8245,v1.3.0,2.0,64.0,5,critical,scen_000087,top_0087
pay_01,payment_service,payment_service,production,ap-southeast-1,ap-southeast-1b,host-762,ct-5945,v3.0.0,8.0,16.0,2,critical,scen_000087,top_0087
inv_01,inventory_service,inventory_service,production,ap-southeast-1,ap-southeast-1c,host-603,ct-3762,v2.1.0,8.0,16.0,4,high,scen_000087,top_0087
db_master,postgresql,postgresql,production,ap-southeast-1,ap-southeast-1c,host-144,ct-8306,v2.5.0,4.0,16.0,5,critical,scen_000087,top_0087
cache_01,redis,redis,production,ap-southeast-1,ap-southeast-1a,host-412,ct-1990,v2.3.0,4.0,4.0,2,high,scen_000087,top_0087
mq_01,kafka,kafka,production,ap-southeast-1,ap-southeast-1b,host-550,ct-4124,v1.7.0,2.0,16.0,3,high,scen_000087,top_0087
ecom_aux_1,user_service,user_service_1,production,ap-southeast-1,ap-southeast-1b,host-939,ct-3273,v1.3.0,4.0,16.0,1,low,scen_000087,top_0087
ecom_aux_2,user_service,user_service_2,production,ap-southeast-1,ap-southeast-1b,host-776,ct-5557,v2.9.0,8.0,16.0,4,low,scen_000087,top_0087
ecom_aux_3,user_service,user_service_3,production,ap-southeast-1,ap-southeast-1c,host-997,ct-1080,v1.6.0,16.0,8.0,1,low,scen_000087,top_0087
ecom_aux_4,user_service,user_service_4,production,ap-southeast-1,ap-southeast-1c,host-750,ct-2048,v2.3.0,4.0,16.0,5,low,scen_000087,top_0087
ecom_aux_5,user_service,user_service_5,production,ap-southeast-1,ap-southeast-1b,host-822,ct-1772,v2.9.0,4.0,64.0,1,low,scen_000087,top_0087
ecom_aux_6,user_service,user_service_6,production,ap-southeast-1,ap-southeast-1b,host-650,ct-8332,v2.5.0,16.0,32.0,1,low,scen_000087,top_0087
ecom_aux_7,user_service,user_service_7,production,ap-southeast-1,ap-southeast-1b,host-495,ct-9839,v1.6.0,8.0,4.0,1,low,scen_000087,top_0087
ecom_aux_8,user_service,user_service_8,production,ap-southeast-1,ap-southeast-1c,host-701,ct-1720,v1.9.0,2.0,16.0,2,low,scen_000087,top_0087
ecom_aux_9,user_service,user_service_9,production,ap-southeast-1,ap-southeast-1b,host-732,ct-9901,v3.2.0,16.0,32.0,5,low,scen_000087,top_0087
ecom_aux_10,user_service,user_service_10,production,ap-southeast-1,ap-southeast-1c,host-617,ct-4391,v1.5.0,2.0,32.0,2,low,scen_000087,top_0087
ecom_aux_11,user_service,user_service_11,production,ap-southeast-1,ap-southeast-1c,host-862,ct-6915,v2.3.0,16.0,64.0,5,low,scen_000087,top_0087
gw_01,api_gateway,api_gateway,production,ap-southeast-1,ap-southeast-1c,host-638,ct-5587,v3.5.0,4.0,64.0,1,critical,scen_000088,top_0088
lb_01,load_balancer,load_balancer,production,ap-southeast-1,ap-southeast-1b,host-777,ct-6681,v2.6.0,16.0,16.0,3,critical,scen_000088,top_0088
auth_01,auth_service,auth_service,production,ap-southeast-1,ap-southeast-1a,host-658,ct-3664,v3.3.0,2.0,16.0,1,high,scen_000088,top_0088
web_01,web_service,web_service,production,ap-southeast-1,ap-southeast-1b,host-378,ct-3918,v2.2.0,16.0,32.0,1,high,scen_000088,top_0088
db_01,postgresql,postgresql,production,ap-southeast-1,ap-southeast-1c,host-175,ct-9666,v2.7.0,2.0,16.0,5,critical,scen_000088,top_0088
sub_svc_2,web_service,sub_service_2,production,ap-southeast-1,ap-southeast-1b,host-230,ct-1690,v3.0.0,8.0,64.0,2,low,scen_000088,top_0088
sub_svc_3,web_service,sub_service_3,production,ap-southeast-1,ap-southeast-1b,host-973,ct-2861,v3.9.0,8.0,64.0,4,low,scen_000088,top_0088
sub_svc_4,web_service,sub_service_4,production,ap-southeast-1,ap-southeast-1c,host-298,ct-3537,v2.2.0,16.0,4.0,5,low,scen_000088,top_0088
sub_svc_5,web_service,sub_service_5,production,ap-southeast-1,ap-southeast-1c,host-711,ct-8761,v3.6.0,4.0,8.0,1,low,scen_000088,top_0088
sub_svc_6,web_service,sub_service_6,production,ap-southeast-1,ap-southeast-1a,host-609,ct-3868,v2.7.0,4.0,64.0,4,low,scen_000088,top_0088
sub_svc_7,web_service,sub_service_7,production,ap-southeast-1,ap-southeast-1b,host-428,ct-5640,v1.9.0,4.0,8.0,5,low,scen_000088,top_0088
sub_svc_8,web_service,sub_service_8,production,ap-southeast-1,ap-southeast-1a,host-306,ct-1205,v1.1.0,4.0,32.0,1,low,scen_000088,top_0088
sub_svc_9,web_service,sub_service_9,production,ap-southeast-1,ap-southeast-1a,host-830,ct-3554,v2.4.0,2.0,32.0,2,low,scen_000088,top_0088
sub_svc_10,web_service,sub_service_10,production,ap-southeast-1,ap-southeast-1a,host-559,ct-6780,v2.8.0,2.0,64.0,4,low,scen_000088,top_0088
sub_svc_11,web_service,sub_service_11,production,ap-southeast-1,ap-southeast-1a,host-648,ct-3895,v3.1.0,16.0,32.0,1,low,scen_000088,top_0088
sub_svc_12,web_service,sub_service_12,production,ap-southeast-1,ap-southeast-1b,host-737,ct-4506,v1.5.0,4.0,8.0,4,low,scen_000088,top_0088
sub_svc_13,web_service,sub_service_13,production,ap-southeast-1,ap-southeast-1c,host-219,ct-5968,v1.4.0,2.0,64.0,2,low,scen_000088,top_0088
sub_svc_14,web_service,sub_service_14,production,ap-southeast-1,ap-southeast-1a,host-941,ct-3101,v2.4.0,4.0,16.0,1,low,scen_000088,top_0088
sub_svc_15,web_service,sub_service_15,production,ap-southeast-1,ap-southeast-1c,host-303,ct-2952,v3.0.0,8.0,8.0,1,low,scen_000088,top_0088
sub_svc_16,web_service,sub_service_16,production,ap-southeast-1,ap-southeast-1b,host-545,ct-5968,v1.2.0,16.0,4.0,1,low,scen_000088,top_0088
node_00,web_service,mesh_svc_0,production,eu-central-1,eu-central-1b,host-257,ct-5834,v1.4.0,4.0,4.0,1,high,scen_000089,top_0089
node_01,container,mesh_svc_1,production,eu-central-1,eu-central-1a,host-697,ct-2450,v1.2.0,16.0,32.0,4,high,scen_000089,top_0089
node_02,web_service,mesh_svc_2,production,eu-central-1,eu-central-1c,host-214,ct-8316,v1.0.0,2.0,16.0,3,high,scen_000089,top_0089
node_03,load_balancer,mesh_svc_3,production,eu-central-1,eu-central-1a,host-442,ct-4604,v3.3.0,8.0,64.0,1,critical,scen_000089,top_0089
node_04,mysql,mesh_svc_4,production,eu-central-1,eu-central-1c,host-801,ct-9044,v1.5.0,4.0,16.0,5,medium,scen_000089,top_0089
node_05,rabbitmq,mesh_svc_5,production,eu-central-1,eu-central-1c,host-996,ct-7582,v3.7.0,2.0,8.0,4,high,scen_000089,top_0089
node_06,notification_service,mesh_svc_6,production,eu-central-1,eu-central-1c,host-283,ct-8060,v3.5.0,4.0,8.0,1,low,scen_000089,top_0089
node_07,object_storage,mesh_svc_7,production,eu-central-1,eu-central-1a,host-321,ct-7687,v1.7.0,8.0,8.0,5,medium,scen_000089,top_0089
node_08,k8s_node,mesh_svc_8,production,eu-central-1,eu-central-1b,host-697,ct-9640,v3.8.0,2.0,32.0,2,low,scen_000089,top_0089
node_09,container,mesh_svc_9,production,eu-central-1,eu-central-1b,host-311,ct-5109,v3.8.0,2.0,8.0,2,critical,scen_000089,top_0089
node_10,redis,mesh_svc_10,production,eu-central-1,eu-central-1c,host-390,ct-8274,v1.9.0,2.0,64.0,3,low,scen_000089,top_0089
node_11,kafka,mesh_svc_11,production,eu-central-1,eu-central-1c,host-305,ct-1198,v2.3.0,2.0,16.0,5,critical,scen_000089,top_0089
node_12,vm_instance,mesh_svc_12,production,eu-central-1,eu-central-1c,host-507,ct-7923,v1.8.0,4.0,32.0,3,medium,scen_000089,top_0089
node_13,rabbitmq,mesh_svc_13,production,eu-central-1,eu-central-1a,host-276,ct-4982,v2.0.0,16.0,32.0,3,critical,scen_000089,top_0089
node_14,k8s_node,mesh_svc_14,production,eu-central-1,eu-central-1a,host-243,ct-7302,v3.5.0,16.0,4.0,5,critical,scen_000089,top_0089
node_15,container,mesh_svc_15,production,eu-central-1,eu-central-1b,host-228,ct-8284,v1.9.0,8.0,32.0,4,medium,scen_000089,top_0089
node_16,object_storage,mesh_svc_16,production,eu-central-1,eu-central-1a,host-266,ct-7739,v2.9.0,4.0,32.0,3,medium,scen_000089,top_0089
node_17,load_balancer,mesh_svc_17,production,eu-central-1,eu-central-1a,host-246,ct-3718,v2.5.0,8.0,16.0,2,critical,scen_000089,top_0089
node_18,container,mesh_svc_18,production,eu-central-1,eu-central-1c,host-392,ct-6739,v1.0.0,4.0,4.0,3,critical,scen_000089,top_0089
node_19,api_gateway,mesh_svc_19,production,eu-central-1,eu-central-1c,host-932,ct-7755,v2.6.0,16.0,64.0,1,high,scen_000089,top_0089
node_20,load_balancer,mesh_svc_20,production,eu-central-1,eu-central-1b,host-825,ct-9021,v2.6.0,2.0,4.0,5,medium,scen_000089,top_0089
node_21,elasticsearch,mesh_svc_21,production,eu-central-1,eu-central-1b,host-778,ct-1835,v1.7.0,16.0,4.0,3,low,scen_000089,top_0089
node_22,kafka,mesh_svc_22,production,eu-central-1,eu-central-1c,host-482,ct-1438,v2.5.0,4.0,64.0,4,critical,scen_000089,top_0089
node_23,notification_service,mesh_svc_23,production,eu-central-1,eu-central-1b,host-356,ct-6216,v2.8.0,8.0,32.0,3,high,scen_000089,top_0089
node_24,rabbitmq,mesh_svc_24,production,eu-central-1,eu-central-1a,host-873,ct-7348,v2.8.0,2.0,64.0,3,low,scen_000089,top_0089
node_25,kafka,mesh_svc_25,production,eu-central-1,eu-central-1b,host-545,ct-4858,v3.5.0,8.0,64.0,5,low,scen_000089,top_0089
node_26,object_storage,mesh_svc_26,production,eu-central-1,eu-central-1a,host-979,ct-4558,v2.9.0,16.0,16.0,3,medium,scen_000089,top_0089
node_27,recommendation_service,mesh_svc_27,production,eu-central-1,eu-central-1a,host-295,ct-2891,v2.0.0,4.0,32.0,5,high,scen_000089,top_0089
node_28,web_service,mesh_svc_28,production,eu-central-1,eu-central-1b,host-345,ct-5499,v3.9.0,2.0,32.0,5,high,scen_000089,top_0089
node_29,api_gateway,mesh_svc_29,production,eu-central-1,eu-central-1c,host-952,ct-7321,v1.7.0,4.0,4.0,1,medium,scen_000089,top_0089
node_30,kafka,mesh_svc_30,production,eu-central-1,eu-central-1c,host-907,ct-1837,v2.0.0,8.0,64.0,2,high,scen_000089,top_0089
node_31,container,mesh_svc_31,production,eu-central-1,eu-central-1b,host-364,ct-5869,v1.1.0,4.0,8.0,2,critical,scen_000089,top_0089
node_32,order_service,mesh_svc_32,production,eu-central-1,eu-central-1c,host-752,ct-4853,v1.7.0,4.0,64.0,5,high,scen_000089,top_0089
node_33,web_service,mesh_svc_33,production,eu-central-1,eu-central-1c,host-423,ct-2283,v2.1.0,8.0,16.0,4,low,scen_000089,top_0089
node_34,load_balancer,mesh_svc_34,production,eu-central-1,eu-central-1b,host-853,ct-1582,v1.9.0,2.0,32.0,1,critical,scen_000089,top_0089
node_35,mysql,mesh_svc_35,production,eu-central-1,eu-central-1c,host-370,ct-8813,v1.1.0,8.0,32.0,4,critical,scen_000089,top_0089
node_36,user_service,mesh_svc_36,production,eu-central-1,eu-central-1c,host-858,ct-9890,v3.9.0,16.0,64.0,1,critical,scen_000089,top_0089
node_37,mongodb,mesh_svc_37,production,eu-central-1,eu-central-1c,host-353,ct-1474,v3.2.0,16.0,32.0,3,low,scen_000089,top_0089
node_38,notification_service,mesh_svc_38,production,eu-central-1,eu-central-1a,host-250,ct-6697,v3.2.0,8.0,64.0,4,critical,scen_000089,top_0089
ingest_01,api_gateway,ingestion_gateway,production,ap-southeast-1,ap-southeast-1b,host-154,ct-6523,v3.4.0,16.0,16.0,4,critical,scen_000090,top_0090
kafka_broker,kafka,kafka,production,ap-southeast-1,ap-southeast-1a,host-727,ct-8650,v1.0.0,16.0,64.0,4,critical,scen_000090,top_0090
notif_01,notification_service,notification_service,production,ap-southeast-1,ap-southeast-1c,host-380,ct-8324,v2.1.0,16.0,32.0,1,high,scen_000090,top_0090
user_01,user_service,user_service,production,ap-southeast-1,ap-southeast-1c,host-677,ct-5333,v1.2.0,2.0,16.0,5,medium,scen_000090,top_0090
db_event,mysql,mysql,production,ap-southeast-1,ap-southeast-1c,host-602,ct-3227,v3.2.0,2.0,8.0,1,high,scen_000090,top_0090
consumer_1,web_service,kafka_consumer_1,production,ap-southeast-1,ap-southeast-1c,host-268,ct-9014,v1.6.0,16.0,32.0,2,low,scen_000090,top_0090
consumer_2,web_service,kafka_consumer_2,production,ap-southeast-1,ap-southeast-1c,host-722,ct-3880,v2.8.0,4.0,8.0,1,low,scen_000090,top_0090
consumer_3,web_service,kafka_consumer_3,production,ap-southeast-1,ap-southeast-1c,host-464,ct-6132,v2.6.0,16.0,16.0,1,low,scen_000090,top_0090
consumer_4,web_service,kafka_consumer_4,production,ap-southeast-1,ap-southeast-1b,host-420,ct-5015,v3.5.0,2.0,32.0,4,low,scen_000090,top_0090
consumer_5,web_service,kafka_consumer_5,production,ap-southeast-1,ap-southeast-1c,host-601,ct-1089,v2.2.0,2.0,32.0,4,low,scen_000090,top_0090
consumer_6,web_service,kafka_consumer_6,production,ap-southeast-1,ap-southeast-1a,host-591,ct-7742,v2.3.0,8.0,4.0,5,low,scen_000090,top_0090
consumer_7,web_service,kafka_consumer_7,production,ap-southeast-1,ap-southeast-1c,host-964,ct-5569,v2.5.0,8.0,16.0,5,low,scen_000090,top_0090
consumer_8,web_service,kafka_consumer_8,production,ap-southeast-1,ap-southeast-1c,host-943,ct-4001,v3.7.0,4.0,4.0,1,low,scen_000090,top_0090
consumer_9,web_service,kafka_consumer_9,production,ap-southeast-1,ap-southeast-1b,host-426,ct-1219,v1.9.0,16.0,32.0,3,low,scen_000090,top_0090
consumer_10,web_service,kafka_consumer_10,production,ap-southeast-1,ap-southeast-1c,host-168,ct-7230,v2.0.0,2.0,64.0,4,low,scen_000090,top_0090
consumer_11,web_service,kafka_consumer_11,production,ap-southeast-1,ap-southeast-1a,host-892,ct-9859,v1.8.0,4.0,32.0,5,low,scen_000090,top_0090
consumer_12,web_service,kafka_consumer_12,production,ap-southeast-1,ap-southeast-1b,host-672,ct-1957,v3.3.0,16.0,8.0,4,low,scen_000090,top_0090
consumer_13,web_service,kafka_consumer_13,production,ap-southeast-1,ap-southeast-1c,host-210,ct-6619,v1.0.0,8.0,32.0,2,low,scen_000090,top_0090
consumer_14,web_service,kafka_consumer_14,production,ap-southeast-1,ap-southeast-1c,host-195,ct-4473,v3.4.0,8.0,4.0,4,low,scen_000090,top_0090
consumer_15,web_service,kafka_consumer_15,production,ap-southeast-1,ap-southeast-1a,host-888,ct-4549,v1.6.0,2.0,8.0,3,low,scen_000090,top_0090
consumer_16,web_service,kafka_consumer_16,production,ap-southeast-1,ap-southeast-1c,host-191,ct-2574,v2.8.0,16.0,64.0,3,low,scen_000090,top_0090
consumer_17,web_service,kafka_consumer_17,production,ap-southeast-1,ap-southeast-1c,host-498,ct-3272,v2.5.0,4.0,8.0,3,low,scen_000090,top_0090
consumer_18,web_service,kafka_consumer_18,production,ap-southeast-1,ap-southeast-1a,host-182,ct-5139,v1.0.0,2.0,64.0,4,low,scen_000090,top_0090
consumer_19,web_service,kafka_consumer_19,production,ap-southeast-1,ap-southeast-1a,host-892,ct-4868,v2.7.0,16.0,8.0,4,low,scen_000090,top_0090
consumer_20,web_service,kafka_consumer_20,production,ap-southeast-1,ap-southeast-1a,host-155,ct-8094,v2.0.0,16.0,32.0,3,low,scen_000090,top_0090
consumer_21,web_service,kafka_consumer_21,production,ap-southeast-1,ap-southeast-1a,host-814,ct-6545,v1.4.0,2.0,8.0,4,low,scen_000090,top_0090
consumer_22,web_service,kafka_consumer_22,production,ap-southeast-1,ap-southeast-1a,host-473,ct-6922,v1.1.0,16.0,64.0,1,low,scen_000090,top_0090
consumer_23,web_service,kafka_consumer_23,production,ap-southeast-1,ap-southeast-1c,host-306,ct-6365,v2.3.0,4.0,4.0,3,low,scen_000090,top_0090
consumer_24,web_service,kafka_consumer_24,production,ap-southeast-1,ap-southeast-1b,host-802,ct-2796,v1.1.0,4.0,32.0,5,low,scen_000090,top_0090
consumer_25,web_service,kafka_consumer_25,production,ap-southeast-1,ap-southeast-1c,host-791,ct-3420,v3.9.0,4.0,8.0,2,low,scen_000090,top_0090
consumer_26,web_service,kafka_consumer_26,production,ap-southeast-1,ap-southeast-1a,host-938,ct-4972,v3.0.0,8.0,32.0,3,low,scen_000090,top_0090
consumer_27,web_service,kafka_consumer_27,production,ap-southeast-1,ap-southeast-1c,host-584,ct-8818,v1.0.0,2.0,64.0,3,low,scen_000090,top_0090
consumer_28,web_service,kafka_consumer_28,production,ap-southeast-1,ap-southeast-1a,host-555,ct-4368,v3.3.0,2.0,8.0,1,low,scen_000090,top_0090
consumer_29,web_service,kafka_consumer_29,production,ap-southeast-1,ap-southeast-1c,host-584,ct-8722,v1.7.0,4.0,32.0,5,low,scen_000090,top_0090
consumer_30,web_service,kafka_consumer_30,production,ap-southeast-1,ap-southeast-1a,host-439,ct-8263,v3.6.0,16.0,64.0,2,low,scen_000090,top_0090
consumer_31,web_service,kafka_consumer_31,production,ap-southeast-1,ap-southeast-1b,host-126,ct-7170,v2.7.0,4.0,8.0,4,low,scen_000090,top_0090
consumer_32,web_service,kafka_consumer_32,production,ap-southeast-1,ap-southeast-1b,host-687,ct-3821,v1.0.0,4.0,8.0,3,low,scen_000090,top_0090
consumer_33,web_service,kafka_consumer_33,production,ap-southeast-1,ap-southeast-1c,host-587,ct-7900,v2.5.0,4.0,4.0,2,low,scen_000090,top_0090
consumer_34,web_service,kafka_consumer_34,production,ap-southeast-1,ap-southeast-1b,host-969,ct-5420,v2.5.0,16.0,32.0,1,low,scen_000090,top_0090
consumer_35,web_service,kafka_consumer_35,production,ap-southeast-1,ap-southeast-1c,host-353,ct-5486,v3.3.0,8.0,16.0,2,low,scen_000090,top_0090
consumer_36,web_service,kafka_consumer_36,production,ap-southeast-1,ap-southeast-1a,host-862,ct-6772,v1.4.0,4.0,16.0,1,low,scen_000090,top_0090
gw_01,api_gateway,api_gateway,production,us-east-1,us-east-1c,host-701,ct-2765,v2.2.0,2.0,16.0,4,critical,scen_000091,top_0091
rec_01,recommendation_service,recommendation_service,production,us-east-1,us-east-1c,host-640,ct-1031,v2.2.0,2.0,4.0,4,high,scen_000091,top_0091
es_01,elasticsearch,elasticsearch,production,us-east-1,us-east-1c,host-250,ct-1938,v2.4.0,2.0,4.0,5,critical,scen_000091,top_0091
redis_01,redis,redis,production,us-east-1,us-east-1b,host-711,ct-4743,v2.8.0,16.0,32.0,2,critical,scen_000091,top_0091
mongo_01,mongodb,mongodb,production,us-east-1,us-east-1c,host-137,ct-7169,v1.4.0,16.0,4.0,1,high,scen_000091,top_0091
search_node_1,user_service,search_aux_1,production,us-east-1,us-east-1a,host-875,ct-2889,v3.8.0,4.0,8.0,5,medium,scen_000091,top_0091
search_node_2,user_service,search_aux_2,production,us-east-1,us-east-1a,host-169,ct-3960,v3.6.0,4.0,16.0,2,medium,scen_000091,top_0091
search_node_3,user_service,search_aux_3,production,us-east-1,us-east-1c,host-989,ct-7524,v3.8.0,2.0,16.0,2,medium,scen_000091,top_0091
search_node_4,user_service,search_aux_4,production,us-east-1,us-east-1b,host-766,ct-4588,v1.2.0,4.0,8.0,4,medium,scen_000091,top_0091
search_node_5,user_service,search_aux_5,production,us-east-1,us-east-1b,host-744,ct-7961,v3.1.0,2.0,8.0,1,medium,scen_000091,top_0091
search_node_6,user_service,search_aux_6,production,us-east-1,us-east-1a,host-579,ct-8318,v1.7.0,8.0,16.0,5,medium,scen_000091,top_0091
search_node_7,user_service,search_aux_7,production,us-east-1,us-east-1a,host-622,ct-2195,v3.3.0,8.0,16.0,2,medium,scen_000091,top_0091
search_node_8,user_service,search_aux_8,production,us-east-1,us-east-1b,host-286,ct-1627,v3.6.0,2.0,64.0,5,medium,scen_000091,top_0091
search_node_9,user_service,search_aux_9,production,us-east-1,us-east-1b,host-761,ct-8737,v1.3.0,4.0,4.0,3,medium,scen_000091,top_0091
search_node_10,user_service,search_aux_10,production,us-east-1,us-east-1a,host-874,ct-5285,v2.0.0,16.0,8.0,4,medium,scen_000091,top_0091
search_node_11,user_service,search_aux_11,production,us-east-1,us-east-1a,host-120,ct-1595,v2.0.0,2.0,8.0,4,medium,scen_000091,top_0091
search_node_12,user_service,search_aux_12,production,us-east-1,us-east-1b,host-459,ct-1807,v1.5.0,4.0,16.0,2,medium,scen_000091,top_0091
search_node_13,user_service,search_aux_13,production,us-east-1,us-east-1a,host-889,ct-6496,v2.1.0,4.0,4.0,5,medium,scen_000091,top_0091
search_node_14,user_service,search_aux_14,production,us-east-1,us-east-1b,host-929,ct-6873,v2.7.0,8.0,32.0,5,medium,scen_000091,top_0091
search_node_15,user_service,search_aux_15,production,us-east-1,us-east-1b,host-639,ct-3571,v1.5.0,2.0,16.0,5,medium,scen_000091,top_0091
search_node_16,user_service,search_aux_16,production,us-east-1,us-east-1b,host-554,ct-8259,v2.3.0,4.0,8.0,5,medium,scen_000091,top_0091
search_node_17,user_service,search_aux_17,production,us-east-1,us-east-1b,host-496,ct-5720,v2.2.0,4.0,8.0,1,medium,scen_000091,top_0091
search_node_18,user_service,search_aux_18,production,us-east-1,us-east-1c,host-141,ct-4548,v2.7.0,2.0,4.0,3,medium,scen_000091,top_0091
search_node_19,user_service,search_aux_19,production,us-east-1,us-east-1a,host-963,ct-8027,v1.4.0,4.0,4.0,1,medium,scen_000091,top_0091
search_node_20,user_service,search_aux_20,production,us-east-1,us-east-1b,host-759,ct-8526,v1.3.0,8.0,64.0,5,medium,scen_000091,top_0091
search_node_21,user_service,search_aux_21,production,us-east-1,us-east-1b,host-646,ct-5921,v2.5.0,16.0,8.0,5,medium,scen_000091,top_0091
search_node_22,user_service,search_aux_22,production,us-east-1,us-east-1b,host-216,ct-7470,v1.6.0,4.0,4.0,5,medium,scen_000091,top_0091
search_node_23,user_service,search_aux_23,production,us-east-1,us-east-1c,host-711,ct-9781,v2.3.0,2.0,16.0,4,medium,scen_000091,top_0091
search_node_24,user_service,search_aux_24,production,us-east-1,us-east-1a,host-198,ct-2187,v2.9.0,8.0,16.0,1,medium,scen_000091,top_0091
search_node_25,user_service,search_aux_25,production,us-east-1,us-east-1a,host-307,ct-5028,v3.2.0,8.0,16.0,4,medium,scen_000091,top_0091
search_node_26,user_service,search_aux_26,production,us-east-1,us-east-1b,host-924,ct-2925,v2.0.0,8.0,64.0,2,medium,scen_000091,top_0091
search_node_27,user_service,search_aux_27,production,us-east-1,us-east-1a,host-868,ct-5346,v3.6.0,16.0,16.0,2,medium,scen_000091,top_0091
search_node_28,user_service,search_aux_28,production,us-east-1,us-east-1c,host-525,ct-4276,v2.9.0,16.0,16.0,4,medium,scen_000091,top_0091
search_node_29,user_service,search_aux_29,production,us-east-1,us-east-1b,host-804,ct-5856,v3.2.0,4.0,4.0,4,medium,scen_000091,top_0091
search_node_30,user_service,search_aux_30,production,us-east-1,us-east-1b,host-513,ct-4982,v2.8.0,16.0,4.0,4,medium,scen_000091,top_0091
search_node_31,user_service,search_aux_31,production,us-east-1,us-east-1c,host-999,ct-6394,v3.5.0,4.0,32.0,4,medium,scen_000091,top_0091
search_node_32,user_service,search_aux_32,production,us-east-1,us-east-1b,host-193,ct-1784,v2.2.0,4.0,8.0,4,medium,scen_000091,top_0091
search_node_33,user_service,search_aux_33,production,us-east-1,us-east-1b,host-218,ct-9953,v3.8.0,4.0,32.0,2,medium,scen_000091,top_0091
search_node_34,user_service,search_aux_34,production,us-east-1,us-east-1b,host-383,ct-8304,v2.2.0,4.0,32.0,3,medium,scen_000091,top_0091
search_node_35,user_service,search_aux_35,production,us-east-1,us-east-1b,host-722,ct-6684,v3.1.0,16.0,16.0,1,medium,scen_000091,top_0091
search_node_36,user_service,search_aux_36,production,us-east-1,us-east-1b,host-231,ct-8083,v1.4.0,2.0,64.0,2,medium,scen_000091,top_0091
search_node_37,user_service,search_aux_37,production,us-east-1,us-east-1b,host-636,ct-8018,v1.9.0,2.0,8.0,5,medium,scen_000091,top_0091
search_node_38,user_service,search_aux_38,production,us-east-1,us-east-1a,host-873,ct-9191,v1.5.0,4.0,4.0,4,medium,scen_000091,top_0091
search_node_39,user_service,search_aux_39,production,us-east-1,us-east-1c,host-705,ct-1539,v2.3.0,2.0,4.0,1,medium,scen_000091,top_0091
search_node_40,user_service,search_aux_40,production,us-east-1,us-east-1b,host-933,ct-8694,v2.2.0,4.0,16.0,4,medium,scen_000091,top_0091
search_node_41,user_service,search_aux_41,production,us-east-1,us-east-1a,host-283,ct-2179,v2.7.0,16.0,4.0,2,medium,scen_000091,top_0091
search_node_42,user_service,search_aux_42,production,us-east-1,us-east-1b,host-311,ct-7654,v2.1.0,16.0,16.0,4,medium,scen_000091,top_0091
search_node_43,user_service,search_aux_43,production,us-east-1,us-east-1c,host-348,ct-9682,v1.9.0,16.0,64.0,3,medium,scen_000091,top_0091
search_node_44,user_service,search_aux_44,production,us-east-1,us-east-1b,host-422,ct-2841,v1.3.0,8.0,64.0,5,medium,scen_000091,top_0091
search_node_45,user_service,search_aux_45,production,us-east-1,us-east-1b,host-802,ct-5752,v3.2.0,2.0,16.0,4,medium,scen_000091,top_0091
gw_01,api_gateway,api_gateway,production,us-east-1,us-east-1b,host-285,ct-2508,v1.6.0,4.0,4.0,4,critical,scen_000092,top_0092
auth_01,auth_service,auth_service,production,us-east-1,us-east-1b,host-728,ct-7630,v2.8.0,8.0,64.0,1,high,scen_000092,top_0092
order_01,order_service,order_service,production,us-east-1,us-east-1c,host-253,ct-2664,v3.5.0,16.0,64.0,2,critical,scen_000092,top_0092
pay_01,payment_service,payment_service,production,us-east-1,us-east-1c,host-724,ct-3789,v1.2.0,2.0,64.0,2,critical,scen_000092,top_0092
inv_01,inventory_service,inventory_service,production,us-east-1,us-east-1a,host-552,ct-8250,v1.2.0,16.0,8.0,1,high,scen_000092,top_0092
db_master,postgresql,postgresql,production,us-east-1,us-east-1c,host-207,ct-6516,v1.3.0,4.0,16.0,2,critical,scen_000092,top_0092
cache_01,redis,redis,production,us-east-1,us-east-1b,host-626,ct-7161,v2.6.0,8.0,4.0,3,high,scen_000092,top_0092
mq_01,kafka,kafka,production,us-east-1,us-east-1a,host-362,ct-8632,v3.4.0,16.0,16.0,4,high,scen_000092,top_0092
ecom_aux_1,user_service,user_service_1,production,us-east-1,us-east-1b,host-866,ct-4521,v3.8.0,4.0,8.0,5,low,scen_000092,top_0092
ecom_aux_2,user_service,user_service_2,production,us-east-1,us-east-1b,host-891,ct-6133,v3.1.0,16.0,16.0,2,low,scen_000092,top_0092
ecom_aux_3,user_service,user_service_3,production,us-east-1,us-east-1c,host-399,ct-9136,v1.0.0,8.0,16.0,4,low,scen_000092,top_0092
ecom_aux_4,user_service,user_service_4,production,us-east-1,us-east-1b,host-616,ct-2183,v2.0.0,8.0,8.0,3,low,scen_000092,top_0092
ecom_aux_5,user_service,user_service_5,production,us-east-1,us-east-1c,host-648,ct-2238,v1.3.0,2.0,64.0,5,low,scen_000092,top_0092
ecom_aux_6,user_service,user_service_6,production,us-east-1,us-east-1b,host-747,ct-4874,v2.6.0,8.0,4.0,2,low,scen_000092,top_0092
ecom_aux_7,user_service,user_service_7,production,us-east-1,us-east-1c,host-500,ct-7325,v1.1.0,2.0,4.0,3,low,scen_000092,top_0092
ecom_aux_8,user_service,user_service_8,production,us-east-1,us-east-1c,host-364,ct-6306,v1.4.0,8.0,16.0,3,low,scen_000092,top_0092
ecom_aux_9,user_service,user_service_9,production,us-east-1,us-east-1b,host-548,ct-2617,v1.8.0,2.0,32.0,5,low,scen_000092,top_0092
ecom_aux_10,user_service,user_service_10,production,us-east-1,us-east-1a,host-284,ct-5734,v2.4.0,4.0,32.0,3,low,scen_000092,top_0092
ecom_aux_11,user_service,user_service_11,production,us-east-1,us-east-1b,host-221,ct-3778,v1.0.0,2.0,32.0,5,low,scen_000092,top_0092
ecom_aux_12,user_service,user_service_12,production,us-east-1,us-east-1a,host-855,ct-5460,v3.9.0,8.0,8.0,3,low,scen_000092,top_0092
ecom_aux_13,user_service,user_service_13,production,us-east-1,us-east-1c,host-220,ct-5676,v1.7.0,8.0,64.0,1,low,scen_000092,top_0092
ecom_aux_14,user_service,user_service_14,production,us-east-1,us-east-1a,host-941,ct-5047,v3.7.0,4.0,8.0,3,low,scen_000092,top_0092
ecom_aux_15,user_service,user_service_15,production,us-east-1,us-east-1a,host-609,ct-4152,v1.0.0,2.0,64.0,1,low,scen_000092,top_0092
ecom_aux_16,user_service,user_service_16,production,us-east-1,us-east-1a,host-691,ct-8553,v2.5.0,8.0,8.0,1,low,scen_000092,top_0092
ecom_aux_17,user_service,user_service_17,production,us-east-1,us-east-1c,host-535,ct-5344,v2.8.0,8.0,32.0,1,low,scen_000092,top_0092
ecom_aux_18,user_service,user_service_18,production,us-east-1,us-east-1c,host-745,ct-6768,v2.1.0,16.0,16.0,3,low,scen_000092,top_0092
ecom_aux_19,user_service,user_service_19,production,us-east-1,us-east-1a,host-977,ct-4570,v2.2.0,4.0,32.0,5,low,scen_000092,top_0092
ecom_aux_20,user_service,user_service_20,production,us-east-1,us-east-1b,host-965,ct-9328,v2.8.0,4.0,32.0,4,low,scen_000092,top_0092
ecom_aux_21,user_service,user_service_21,production,us-east-1,us-east-1a,host-572,ct-4775,v3.7.0,2.0,8.0,5,low,scen_000092,top_0092
ecom_aux_22,user_service,user_service_22,production,us-east-1,us-east-1c,host-900,ct-8983,v2.2.0,4.0,8.0,3,low,scen_000092,top_0092
ecom_aux_23,user_service,user_service_23,production,us-east-1,us-east-1a,host-522,ct-6451,v2.0.0,2.0,4.0,5,low,scen_000092,top_0092
ecom_aux_24,user_service,user_service_24,production,us-east-1,us-east-1c,host-335,ct-7154,v2.8.0,2.0,8.0,5,low,scen_000092,top_0092
ecom_aux_25,user_service,user_service_25,production,us-east-1,us-east-1b,host-357,ct-5593,v2.1.0,2.0,8.0,2,low,scen_000092,top_0092
ecom_aux_26,user_service,user_service_26,production,us-east-1,us-east-1b,host-181,ct-9696,v2.8.0,8.0,4.0,4,low,scen_000092,top_0092
ecom_aux_27,user_service,user_service_27,production,us-east-1,us-east-1b,host-976,ct-4832,v2.6.0,16.0,4.0,1,low,scen_000092,top_0092
ecom_aux_28,user_service,user_service_28,production,us-east-1,us-east-1b,host-652,ct-9049,v2.7.0,16.0,4.0,1,low,scen_000092,top_0092
ecom_aux_29,user_service,user_service_29,production,us-east-1,us-east-1a,host-514,ct-1726,v1.4.0,2.0,4.0,1,low,scen_000092,top_0092
ecom_aux_30,user_service,user_service_30,production,us-east-1,us-east-1a,host-550,ct-2303,v1.7.0,8.0,16.0,2,low,scen_000092,top_0092
ecom_aux_31,user_service,user_service_31,production,us-east-1,us-east-1b,host-133,ct-2664,v3.0.0,8.0,32.0,5,low,scen_000092,top_0092
ecom_aux_32,user_service,user_service_32,production,us-east-1,us-east-1b,host-437,ct-8443,v1.2.0,8.0,32.0,3,low,scen_000092,top_0092
ecom_aux_33,user_service,user_service_33,production,us-east-1,us-east-1c,host-416,ct-4977,v3.7.0,4.0,32.0,4,low,scen_000092,top_0092
ecom_aux_34,user_service,user_service_34,production,us-east-1,us-east-1c,host-529,ct-2384,v2.4.0,4.0,16.0,1,low,scen_000092,top_0092
ecom_aux_35,user_service,user_service_35,production,us-east-1,us-east-1b,host-972,ct-9342,v3.1.0,2.0,4.0,4,low,scen_000092,top_0092
ecom_aux_36,user_service,user_service_36,production,us-east-1,us-east-1b,host-412,ct-5321,v3.6.0,4.0,16.0,4,low,scen_000092,top_0092
ecom_aux_37,user_service,user_service_37,production,us-east-1,us-east-1c,host-601,ct-2577,v1.2.0,4.0,32.0,2,low,scen_000092,top_0092
ecom_aux_38,user_service,user_service_38,production,us-east-1,us-east-1a,host-303,ct-1025,v1.9.0,2.0,16.0,3,low,scen_000092,top_0092
ecom_aux_39,user_service,user_service_39,production,us-east-1,us-east-1b,host-421,ct-1228,v1.9.0,8.0,4.0,2,low,scen_000092,top_0092
ecom_aux_40,user_service,user_service_40,production,us-east-1,us-east-1a,host-686,ct-4646,v3.1.0,4.0,8.0,1,low,scen_000092,top_0092
ingest_01,api_gateway,ingestion_gateway,production,eu-central-1,eu-central-1a,host-109,ct-2608,v3.4.0,2.0,32.0,3,critical,scen_000093,top_0093
kafka_broker,kafka,kafka,production,eu-central-1,eu-central-1c,host-791,ct-4900,v2.5.0,8.0,64.0,4,critical,scen_000093,top_0093
notif_01,notification_service,notification_service,production,eu-central-1,eu-central-1a,host-845,ct-6986,v3.0.0,8.0,32.0,2,high,scen_000093,top_0093
user_01,user_service,user_service,production,eu-central-1,eu-central-1c,host-607,ct-2281,v3.1.0,4.0,8.0,3,medium,scen_000093,top_0093
db_event,mysql,mysql,production,eu-central-1,eu-central-1a,host-684,ct-2471,v1.4.0,2.0,8.0,3,high,scen_000093,top_0093
consumer_1,web_service,kafka_consumer_1,production,eu-central-1,eu-central-1b,host-729,ct-4686,v3.8.0,16.0,64.0,1,low,scen_000093,top_0093
consumer_2,web_service,kafka_consumer_2,production,eu-central-1,eu-central-1a,host-306,ct-2074,v1.7.0,4.0,16.0,2,low,scen_000093,top_0093
consumer_3,web_service,kafka_consumer_3,production,eu-central-1,eu-central-1a,host-211,ct-7830,v3.9.0,16.0,16.0,2,low,scen_000093,top_0093
consumer_4,web_service,kafka_consumer_4,production,eu-central-1,eu-central-1b,host-792,ct-6492,v1.3.0,16.0,32.0,1,low,scen_000093,top_0093
consumer_5,web_service,kafka_consumer_5,production,eu-central-1,eu-central-1a,host-698,ct-6210,v2.8.0,8.0,64.0,3,low,scen_000093,top_0093
consumer_6,web_service,kafka_consumer_6,production,eu-central-1,eu-central-1b,host-290,ct-9659,v1.5.0,4.0,64.0,4,low,scen_000093,top_0093
consumer_7,web_service,kafka_consumer_7,production,eu-central-1,eu-central-1a,host-923,ct-3571,v2.9.0,8.0,4.0,4,low,scen_000093,top_0093
consumer_8,web_service,kafka_consumer_8,production,eu-central-1,eu-central-1c,host-719,ct-7243,v1.6.0,8.0,32.0,3,low,scen_000093,top_0093
consumer_9,web_service,kafka_consumer_9,production,eu-central-1,eu-central-1c,host-595,ct-9714,v2.7.0,8.0,8.0,3,low,scen_000093,top_0093
consumer_10,web_service,kafka_consumer_10,production,eu-central-1,eu-central-1a,host-799,ct-3860,v2.3.0,16.0,32.0,5,low,scen_000093,top_0093
consumer_11,web_service,kafka_consumer_11,production,eu-central-1,eu-central-1c,host-560,ct-5359,v2.3.0,2.0,64.0,5,low,scen_000093,top_0093
consumer_12,web_service,kafka_consumer_12,production,eu-central-1,eu-central-1a,host-574,ct-6532,v1.6.0,2.0,8.0,4,low,scen_000093,top_0093
consumer_13,web_service,kafka_consumer_13,production,eu-central-1,eu-central-1c,host-505,ct-3901,v1.6.0,4.0,64.0,2,low,scen_000093,top_0093
consumer_14,web_service,kafka_consumer_14,production,eu-central-1,eu-central-1b,host-740,ct-8913,v3.0.0,4.0,64.0,3,low,scen_000093,top_0093
consumer_15,web_service,kafka_consumer_15,production,eu-central-1,eu-central-1b,host-642,ct-3108,v2.1.0,8.0,32.0,4,low,scen_000093,top_0093
consumer_16,web_service,kafka_consumer_16,production,eu-central-1,eu-central-1b,host-862,ct-9747,v3.6.0,4.0,64.0,4,low,scen_000093,top_0093
consumer_17,web_service,kafka_consumer_17,production,eu-central-1,eu-central-1c,host-279,ct-6179,v3.7.0,16.0,64.0,3,low,scen_000093,top_0093
consumer_18,web_service,kafka_consumer_18,production,eu-central-1,eu-central-1b,host-323,ct-5572,v2.4.0,16.0,8.0,2,low,scen_000093,top_0093
consumer_19,web_service,kafka_consumer_19,production,eu-central-1,eu-central-1b,host-200,ct-5009,v3.8.0,16.0,16.0,2,low,scen_000093,top_0093
consumer_20,web_service,kafka_consumer_20,production,eu-central-1,eu-central-1c,host-855,ct-5645,v3.6.0,8.0,64.0,1,low,scen_000093,top_0093
consumer_21,web_service,kafka_consumer_21,production,eu-central-1,eu-central-1c,host-528,ct-8394,v3.9.0,16.0,32.0,4,low,scen_000093,top_0093
consumer_22,web_service,kafka_consumer_22,production,eu-central-1,eu-central-1a,host-122,ct-2468,v3.1.0,2.0,32.0,1,low,scen_000093,top_0093
consumer_23,web_service,kafka_consumer_23,production,eu-central-1,eu-central-1c,host-145,ct-8109,v3.3.0,8.0,8.0,2,low,scen_000093,top_0093
consumer_24,web_service,kafka_consumer_24,production,eu-central-1,eu-central-1c,host-594,ct-6491,v2.9.0,8.0,4.0,5,low,scen_000093,top_0093
consumer_25,web_service,kafka_consumer_25,production,eu-central-1,eu-central-1a,host-948,ct-4673,v2.1.0,16.0,16.0,3,low,scen_000093,top_0093
consumer_26,web_service,kafka_consumer_26,production,eu-central-1,eu-central-1c,host-646,ct-1199,v2.6.0,8.0,16.0,4,low,scen_000093,top_0093
consumer_27,web_service,kafka_consumer_27,production,eu-central-1,eu-central-1c,host-212,ct-4888,v2.2.0,8.0,8.0,2,low,scen_000093,top_0093
consumer_28,web_service,kafka_consumer_28,production,eu-central-1,eu-central-1a,host-332,ct-4638,v2.7.0,8.0,4.0,3,low,scen_000093,top_0093
consumer_29,web_service,kafka_consumer_29,production,eu-central-1,eu-central-1c,host-667,ct-9287,v1.2.0,8.0,16.0,2,low,scen_000093,top_0093
consumer_30,web_service,kafka_consumer_30,production,eu-central-1,eu-central-1a,host-196,ct-2199,v3.3.0,16.0,8.0,5,low,scen_000093,top_0093
consumer_31,web_service,kafka_consumer_31,production,eu-central-1,eu-central-1c,host-916,ct-2295,v2.7.0,2.0,4.0,2,low,scen_000093,top_0093
consumer_32,web_service,kafka_consumer_32,production,eu-central-1,eu-central-1a,host-841,ct-5408,v3.3.0,8.0,64.0,5,low,scen_000093,top_0093
consumer_33,web_service,kafka_consumer_33,production,eu-central-1,eu-central-1a,host-303,ct-4713,v3.3.0,16.0,64.0,3,low,scen_000093,top_0093
consumer_34,web_service,kafka_consumer_34,production,eu-central-1,eu-central-1a,host-577,ct-5705,v1.2.0,4.0,32.0,2,low,scen_000093,top_0093
consumer_35,web_service,kafka_consumer_35,production,eu-central-1,eu-central-1c,host-465,ct-1558,v3.7.0,8.0,64.0,4,low,scen_000093,top_0093
consumer_36,web_service,kafka_consumer_36,production,eu-central-1,eu-central-1c,host-762,ct-9192,v1.7.0,2.0,32.0,5,low,scen_000093,top_0093
consumer_37,web_service,kafka_consumer_37,production,eu-central-1,eu-central-1a,host-311,ct-7382,v3.0.0,8.0,64.0,5,low,scen_000093,top_0093
consumer_38,web_service,kafka_consumer_38,production,eu-central-1,eu-central-1b,host-999,ct-9741,v2.2.0,4.0,64.0,4,low,scen_000093,top_0093
consumer_39,web_service,kafka_consumer_39,production,eu-central-1,eu-central-1c,host-878,ct-3707,v3.4.0,4.0,64.0,3,low,scen_000093,top_0093
consumer_40,web_service,kafka_consumer_40,production,eu-central-1,eu-central-1a,host-649,ct-6228,v2.9.0,2.0,16.0,3,low,scen_000093,top_0093
gw_01,api_gateway,api_gateway,production,ap-southeast-1,ap-southeast-1c,host-792,ct-4006,v2.9.0,2.0,8.0,4,critical,scen_000094,top_0094
rec_01,recommendation_service,recommendation_service,production,ap-southeast-1,ap-southeast-1b,host-820,ct-4711,v2.1.0,16.0,32.0,1,high,scen_000094,top_0094
es_01,elasticsearch,elasticsearch,production,ap-southeast-1,ap-southeast-1b,host-327,ct-7448,v2.6.0,16.0,32.0,5,critical,scen_000094,top_0094
redis_01,redis,redis,production,ap-southeast-1,ap-southeast-1c,host-775,ct-8846,v3.6.0,4.0,16.0,3,critical,scen_000094,top_0094
mongo_01,mongodb,mongodb,production,ap-southeast-1,ap-southeast-1c,host-193,ct-9280,v1.1.0,8.0,4.0,1,high,scen_000094,top_0094
search_node_1,user_service,search_aux_1,production,ap-southeast-1,ap-southeast-1b,host-191,ct-5510,v3.3.0,4.0,64.0,3,medium,scen_000094,top_0094
search_node_2,user_service,search_aux_2,production,ap-southeast-1,ap-southeast-1b,host-898,ct-1216,v3.8.0,4.0,64.0,5,medium,scen_000094,top_0094
search_node_3,user_service,search_aux_3,production,ap-southeast-1,ap-southeast-1c,host-513,ct-8994,v2.9.0,2.0,32.0,1,medium,scen_000094,top_0094
search_node_4,user_service,search_aux_4,production,ap-southeast-1,ap-southeast-1b,host-522,ct-4479,v3.9.0,16.0,4.0,1,medium,scen_000094,top_0094
search_node_5,user_service,search_aux_5,production,ap-southeast-1,ap-southeast-1b,host-481,ct-1997,v3.5.0,8.0,32.0,3,medium,scen_000094,top_0094
search_node_6,user_service,search_aux_6,production,ap-southeast-1,ap-southeast-1a,host-426,ct-7279,v3.3.0,8.0,4.0,3,medium,scen_000094,top_0094
search_node_7,user_service,search_aux_7,production,ap-southeast-1,ap-southeast-1a,host-594,ct-5943,v1.2.0,16.0,8.0,1,medium,scen_000094,top_0094
search_node_8,user_service,search_aux_8,production,ap-southeast-1,ap-southeast-1a,host-848,ct-3944,v3.8.0,8.0,32.0,3,medium,scen_000094,top_0094
search_node_9,user_service,search_aux_9,production,ap-southeast-1,ap-southeast-1a,host-871,ct-5868,v1.1.0,8.0,32.0,2,medium,scen_000094,top_0094
search_node_10,user_service,search_aux_10,production,ap-southeast-1,ap-southeast-1b,host-956,ct-1314,v3.0.0,4.0,8.0,3,medium,scen_000094,top_0094
search_node_11,user_service,search_aux_11,production,ap-southeast-1,ap-southeast-1c,host-763,ct-3787,v3.8.0,8.0,4.0,1,medium,scen_000094,top_0094
node_00,rabbitmq,mesh_svc_0,production,us-east-1,us-east-1a,host-666,ct-2419,v1.4.0,4.0,64.0,4,critical,scen_000095,top_0095
node_01,recommendation_service,mesh_svc_1,production,us-east-1,us-east-1b,host-640,ct-3081,v2.9.0,2.0,8.0,2,high,scen_000095,top_0095
node_02,k8s_node,mesh_svc_2,production,us-east-1,us-east-1b,host-978,ct-8267,v2.9.0,8.0,4.0,1,low,scen_000095,top_0095
node_03,kafka,mesh_svc_3,production,us-east-1,us-east-1c,host-860,ct-6656,v1.4.0,8.0,4.0,2,high,scen_000095,top_0095
node_04,postgresql,mesh_svc_4,production,us-east-1,us-east-1c,host-308,ct-3411,v3.2.0,2.0,32.0,4,critical,scen_000095,top_0095
node_05,container,mesh_svc_5,production,us-east-1,us-east-1b,host-402,ct-7181,v1.2.0,2.0,64.0,2,medium,scen_000095,top_0095
node_06,vm_instance,mesh_svc_6,production,us-east-1,us-east-1b,host-362,ct-2008,v3.3.0,16.0,8.0,5,low,scen_000095,top_0095
node_07,web_service,mesh_svc_7,production,us-east-1,us-east-1c,host-877,ct-5248,v1.6.0,4.0,16.0,1,high,scen_000095,top_0095
node_08,container,mesh_svc_8,production,us-east-1,us-east-1a,host-583,ct-1722,v3.0.0,4.0,32.0,5,low,scen_000095,top_0095
node_09,mysql,mesh_svc_9,production,us-east-1,us-east-1a,host-441,ct-4393,v3.4.0,2.0,32.0,3,medium,scen_000095,top_0095
node_10,user_service,mesh_svc_10,production,us-east-1,us-east-1c,host-575,ct-3976,v1.0.0,8.0,32.0,3,low,scen_000095,top_0095
node_11,auth_service,mesh_svc_11,production,us-east-1,us-east-1b,host-293,ct-4931,v1.1.0,2.0,4.0,5,low,scen_000095,top_0095
node_12,vm_instance,mesh_svc_12,production,us-east-1,us-east-1a,host-747,ct-1142,v2.6.0,16.0,16.0,2,high,scen_000095,top_0095
node_13,payment_service,mesh_svc_13,production,us-east-1,us-east-1b,host-251,ct-9583,v1.0.0,16.0,64.0,1,high,scen_000095,top_0095
node_14,order_service,mesh_svc_14,production,us-east-1,us-east-1b,host-816,ct-3052,v2.2.0,4.0,16.0,3,critical,scen_000095,top_0095
node_15,order_service,mesh_svc_15,production,us-east-1,us-east-1a,host-159,ct-4794,v2.1.0,2.0,32.0,1,low,scen_000095,top_0095
node_16,payment_service,mesh_svc_16,production,us-east-1,us-east-1a,host-896,ct-4915,v2.5.0,4.0,4.0,2,low,scen_000095,top_0095
node_17,web_service,mesh_svc_17,production,us-east-1,us-east-1a,host-131,ct-9180,v2.7.0,16.0,16.0,2,low,scen_000095,top_0095
node_18,recommendation_service,mesh_svc_18,production,us-east-1,us-east-1b,host-130,ct-8059,v3.3.0,2.0,8.0,3,low,scen_000095,top_0095
node_19,recommendation_service,mesh_svc_19,production,us-east-1,us-east-1a,host-965,ct-9217,v1.0.0,16.0,8.0,4,medium,scen_000095,top_0095
node_20,postgresql,mesh_svc_20,production,us-east-1,us-east-1b,host-202,ct-2404,v1.6.0,4.0,32.0,3,high,scen_000095,top_0095
node_21,mongodb,mesh_svc_21,production,us-east-1,us-east-1c,host-600,ct-8918,v1.1.0,4.0,32.0,3,low,scen_000095,top_0095
node_22,payment_service,mesh_svc_22,production,us-east-1,us-east-1c,host-979,ct-4000,v1.4.0,16.0,4.0,3,low,scen_000095,top_0095
node_23,api_gateway,mesh_svc_23,production,us-east-1,us-east-1c,host-650,ct-7341,v2.5.0,8.0,64.0,2,high,scen_000095,top_0095
node_24,k8s_node,mesh_svc_24,production,us-east-1,us-east-1a,host-101,ct-6309,v1.6.0,16.0,32.0,1,low,scen_000095,top_0095
node_25,web_service,mesh_svc_25,production,us-east-1,us-east-1a,host-546,ct-2366,v2.9.0,4.0,8.0,4,high,scen_000095,top_0095
node_26,k8s_node,mesh_svc_26,production,us-east-1,us-east-1b,host-443,ct-9748,v2.6.0,4.0,16.0,4,low,scen_000095,top_0095
node_27,auth_service,mesh_svc_27,production,us-east-1,us-east-1a,host-622,ct-7934,v3.5.0,8.0,16.0,1,critical,scen_000095,top_0095
node_28,mysql,mesh_svc_28,production,us-east-1,us-east-1c,host-315,ct-4045,v1.2.0,16.0,8.0,4,medium,scen_000095,top_0095
node_29,kafka,mesh_svc_29,production,us-east-1,us-east-1a,host-712,ct-6405,v3.9.0,8.0,64.0,4,critical,scen_000095,top_0095
node_30,elasticsearch,mesh_svc_30,production,us-east-1,us-east-1a,host-150,ct-4475,v1.4.0,2.0,64.0,3,medium,scen_000095,top_0095
node_31,inventory_service,mesh_svc_31,production,us-east-1,us-east-1c,host-801,ct-3715,v1.1.0,4.0,8.0,5,low,scen_000095,top_0095
node_32,mongodb,mesh_svc_32,production,us-east-1,us-east-1c,host-207,ct-3050,v3.6.0,4.0,4.0,4,critical,scen_000095,top_0095
node_33,web_service,mesh_svc_33,production,us-east-1,us-east-1a,host-109,ct-9071,v2.6.0,2.0,16.0,4,low,scen_000095,top_0095
node_34,kafka,mesh_svc_34,production,us-east-1,us-east-1c,host-623,ct-9594,v2.5.0,16.0,32.0,3,critical,scen_000095,top_0095
node_35,load_balancer,mesh_svc_35,production,us-east-1,us-east-1b,host-465,ct-4015,v3.5.0,16.0,8.0,1,high,scen_000095,top_0095
node_36,load_balancer,mesh_svc_36,production,us-east-1,us-east-1a,host-429,ct-1802,v3.5.0,8.0,32.0,2,medium,scen_000095,top_0095
node_37,notification_service,mesh_svc_37,production,us-east-1,us-east-1c,host-659,ct-7660,v2.3.0,2.0,16.0,4,medium,scen_000095,top_0095
node_38,redis,mesh_svc_38,production,us-east-1,us-east-1c,host-286,ct-6119,v3.9.0,2.0,4.0,4,critical,scen_000095,top_0095
node_39,container,mesh_svc_39,production,us-east-1,us-east-1b,host-603,ct-6966,v3.2.0,4.0,4.0,2,critical,scen_000095,top_0095
node_40,kafka,mesh_svc_40,production,us-east-1,us-east-1a,host-161,ct-9383,v2.3.0,16.0,32.0,2,high,scen_000095,top_0095
node_41,mongodb,mesh_svc_41,production,us-east-1,us-east-1a,host-739,ct-8593,v2.9.0,16.0,16.0,4,high,scen_000095,top_0095
node_42,payment_service,mesh_svc_42,production,us-east-1,us-east-1b,host-348,ct-9143,v3.8.0,16.0,8.0,3,high,scen_000095,top_0095
ingest_01,api_gateway,ingestion_gateway,production,us-east-1,us-east-1a,host-654,ct-3253,v2.8.0,8.0,8.0,2,critical,scen_000096,top_0096
kafka_broker,kafka,kafka,production,us-east-1,us-east-1c,host-124,ct-1228,v2.4.0,8.0,64.0,1,critical,scen_000096,top_0096
notif_01,notification_service,notification_service,production,us-east-1,us-east-1c,host-875,ct-2723,v3.7.0,16.0,4.0,1,high,scen_000096,top_0096
user_01,user_service,user_service,production,us-east-1,us-east-1a,host-926,ct-3932,v3.8.0,8.0,32.0,2,medium,scen_000096,top_0096
db_event,mysql,mysql,production,us-east-1,us-east-1b,host-408,ct-1938,v2.1.0,2.0,64.0,5,high,scen_000096,top_0096
consumer_1,web_service,kafka_consumer_1,production,us-east-1,us-east-1a,host-865,ct-6713,v2.8.0,4.0,64.0,5,low,scen_000096,top_0096
consumer_2,web_service,kafka_consumer_2,production,us-east-1,us-east-1b,host-705,ct-4223,v3.4.0,8.0,8.0,5,low,scen_000096,top_0096
consumer_3,web_service,kafka_consumer_3,production,us-east-1,us-east-1a,host-818,ct-8246,v2.0.0,2.0,64.0,2,low,scen_000096,top_0096
consumer_4,web_service,kafka_consumer_4,production,us-east-1,us-east-1b,host-490,ct-4583,v3.8.0,2.0,64.0,3,low,scen_000096,top_0096
consumer_5,web_service,kafka_consumer_5,production,us-east-1,us-east-1b,host-500,ct-5302,v3.4.0,4.0,8.0,5,low,scen_000096,top_0096
consumer_6,web_service,kafka_consumer_6,production,us-east-1,us-east-1c,host-815,ct-7739,v1.4.0,16.0,32.0,2,low,scen_000096,top_0096
consumer_7,web_service,kafka_consumer_7,production,us-east-1,us-east-1b,host-760,ct-5650,v2.0.0,8.0,4.0,2,low,scen_000096,top_0096
consumer_8,web_service,kafka_consumer_8,production,us-east-1,us-east-1a,host-260,ct-5999,v2.0.0,4.0,32.0,2,low,scen_000096,top_0096
consumer_9,web_service,kafka_consumer_9,production,us-east-1,us-east-1a,host-615,ct-4730,v1.0.0,4.0,64.0,4,low,scen_000096,top_0096
consumer_10,web_service,kafka_consumer_10,production,us-east-1,us-east-1c,host-794,ct-3580,v2.9.0,16.0,8.0,5,low,scen_000096,top_0096
consumer_11,web_service,kafka_consumer_11,production,us-east-1,us-east-1b,host-511,ct-8595,v3.6.0,4.0,8.0,4,low,scen_000096,top_0096
consumer_12,web_service,kafka_consumer_12,production,us-east-1,us-east-1a,host-749,ct-3815,v3.3.0,16.0,64.0,3,low,scen_000096,top_0096
consumer_13,web_service,kafka_consumer_13,production,us-east-1,us-east-1b,host-707,ct-5154,v3.8.0,2.0,4.0,4,low,scen_000096,top_0096
consumer_14,web_service,kafka_consumer_14,production,us-east-1,us-east-1c,host-578,ct-1177,v3.9.0,4.0,8.0,1,low,scen_000096,top_0096
consumer_15,web_service,kafka_consumer_15,production,us-east-1,us-east-1c,host-167,ct-2975,v1.8.0,2.0,8.0,1,low,scen_000096,top_0096
consumer_16,web_service,kafka_consumer_16,production,us-east-1,us-east-1b,host-356,ct-8265,v1.5.0,2.0,8.0,2,low,scen_000096,top_0096
consumer_17,web_service,kafka_consumer_17,production,us-east-1,us-east-1b,host-477,ct-1421,v2.3.0,8.0,32.0,1,low,scen_000096,top_0096
consumer_18,web_service,kafka_consumer_18,production,us-east-1,us-east-1c,host-666,ct-4496,v3.8.0,4.0,4.0,1,low,scen_000096,top_0096
consumer_19,web_service,kafka_consumer_19,production,us-east-1,us-east-1a,host-304,ct-7684,v2.2.0,16.0,4.0,2,low,scen_000096,top_0096
consumer_20,web_service,kafka_consumer_20,production,us-east-1,us-east-1c,host-654,ct-4806,v3.2.0,4.0,64.0,5,low,scen_000096,top_0096
consumer_21,web_service,kafka_consumer_21,production,us-east-1,us-east-1b,host-848,ct-8941,v1.3.0,8.0,64.0,1,low,scen_000096,top_0096
consumer_22,web_service,kafka_consumer_22,production,us-east-1,us-east-1c,host-725,ct-8227,v1.2.0,16.0,16.0,5,low,scen_000096,top_0096
consumer_23,web_service,kafka_consumer_23,production,us-east-1,us-east-1a,host-755,ct-1817,v2.6.0,4.0,32.0,5,low,scen_000096,top_0096
consumer_24,web_service,kafka_consumer_24,production,us-east-1,us-east-1a,host-459,ct-4981,v3.2.0,8.0,4.0,4,low,scen_000096,top_0096
consumer_25,web_service,kafka_consumer_25,production,us-east-1,us-east-1b,host-572,ct-7990,v1.0.0,8.0,8.0,3,low,scen_000096,top_0096
consumer_26,web_service,kafka_consumer_26,production,us-east-1,us-east-1a,host-907,ct-2103,v1.6.0,2.0,4.0,2,low,scen_000096,top_0096
node_00,k8s_node,mesh_svc_0,production,eu-central-1,eu-central-1b,host-473,ct-6062,v1.3.0,16.0,8.0,2,low,scen_000097,top_0097
node_01,order_service,mesh_svc_1,production,eu-central-1,eu-central-1a,host-562,ct-5891,v3.2.0,16.0,16.0,1,low,scen_000097,top_0097
node_02,postgresql,mesh_svc_2,production,eu-central-1,eu-central-1a,host-920,ct-6463,v1.5.0,8.0,16.0,3,low,scen_000097,top_0097
node_03,redis,mesh_svc_3,production,eu-central-1,eu-central-1c,host-872,ct-8880,v2.3.0,8.0,16.0,5,high,scen_000097,top_0097
node_04,mysql,mesh_svc_4,production,eu-central-1,eu-central-1b,host-932,ct-8376,v1.2.0,8.0,32.0,3,critical,scen_000097,top_0097
node_05,web_service,mesh_svc_5,production,eu-central-1,eu-central-1b,host-299,ct-2098,v3.8.0,16.0,8.0,1,medium,scen_000097,top_0097
node_06,kafka,mesh_svc_6,production,eu-central-1,eu-central-1c,host-894,ct-4981,v3.6.0,8.0,32.0,1,medium,scen_000097,top_0097
node_07,redis,mesh_svc_7,production,eu-central-1,eu-central-1a,host-141,ct-4555,v1.7.0,2.0,4.0,3,critical,scen_000097,top_0097
node_08,redis,mesh_svc_8,production,eu-central-1,eu-central-1b,host-383,ct-4158,v2.1.0,4.0,64.0,1,medium,scen_000097,top_0097
node_09,vm_instance,mesh_svc_9,production,eu-central-1,eu-central-1c,host-404,ct-4557,v1.9.0,16.0,16.0,3,high,scen_000097,top_0097
node_10,container,mesh_svc_10,production,eu-central-1,eu-central-1b,host-852,ct-5147,v3.5.0,2.0,32.0,3,high,scen_000097,top_0097
node_11,elasticsearch,mesh_svc_11,production,eu-central-1,eu-central-1a,host-352,ct-4664,v3.8.0,8.0,16.0,3,high,scen_000097,top_0097
node_12,notification_service,mesh_svc_12,production,eu-central-1,eu-central-1a,host-199,ct-9571,v1.2.0,8.0,64.0,4,high,scen_000097,top_0097
node_13,vm_instance,mesh_svc_13,production,eu-central-1,eu-central-1c,host-292,ct-9489,v1.2.0,4.0,8.0,1,critical,scen_000097,top_0097
node_14,notification_service,mesh_svc_14,production,eu-central-1,eu-central-1a,host-536,ct-6710,v3.4.0,4.0,8.0,2,medium,scen_000097,top_0097
node_15,object_storage,mesh_svc_15,production,eu-central-1,eu-central-1b,host-169,ct-5614,v3.1.0,16.0,8.0,1,high,scen_000097,top_0097
node_16,container,mesh_svc_16,production,eu-central-1,eu-central-1c,host-952,ct-7457,v3.5.0,8.0,64.0,3,high,scen_000097,top_0097
node_17,inventory_service,mesh_svc_17,production,eu-central-1,eu-central-1c,host-984,ct-2771,v2.6.0,16.0,16.0,4,high,scen_000097,top_0097
node_18,api_gateway,mesh_svc_18,production,eu-central-1,eu-central-1c,host-846,ct-4106,v3.2.0,4.0,64.0,1,medium,scen_000097,top_0097
node_19,k8s_node,mesh_svc_19,production,eu-central-1,eu-central-1a,host-510,ct-7999,v3.8.0,4.0,4.0,3,low,scen_000097,top_0097
node_20,payment_service,mesh_svc_20,production,eu-central-1,eu-central-1c,host-392,ct-5607,v1.2.0,4.0,16.0,1,low,scen_000097,top_0097
node_21,mysql,mesh_svc_21,production,eu-central-1,eu-central-1b,host-673,ct-7766,v1.0.0,2.0,64.0,2,high,scen_000097,top_0097
node_22,postgresql,mesh_svc_22,production,eu-central-1,eu-central-1b,host-520,ct-2968,v3.2.0,4.0,64.0,5,medium,scen_000097,top_0097
node_23,mysql,mesh_svc_23,production,eu-central-1,eu-central-1c,host-809,ct-4042,v1.1.0,16.0,32.0,3,medium,scen_000097,top_0097
node_24,redis,mesh_svc_24,production,eu-central-1,eu-central-1b,host-991,ct-8718,v2.4.0,4.0,8.0,1,medium,scen_000097,top_0097
node_25,recommendation_service,mesh_svc_25,production,eu-central-1,eu-central-1c,host-883,ct-1597,v3.4.0,16.0,32.0,2,critical,scen_000097,top_0097
node_26,k8s_node,mesh_svc_26,production,eu-central-1,eu-central-1c,host-473,ct-4382,v1.2.0,2.0,32.0,1,low,scen_000097,top_0097
node_27,postgresql,mesh_svc_27,production,eu-central-1,eu-central-1c,host-936,ct-3469,v1.0.0,2.0,64.0,2,critical,scen_000097,top_0097
node_28,container,mesh_svc_28,production,eu-central-1,eu-central-1b,host-305,ct-5231,v3.8.0,8.0,16.0,5,high,scen_000097,top_0097
node_29,inventory_service,mesh_svc_29,production,eu-central-1,eu-central-1a,host-694,ct-6187,v3.6.0,4.0,16.0,4,low,scen_000097,top_0097
node_30,recommendation_service,mesh_svc_30,production,eu-central-1,eu-central-1c,host-584,ct-8408,v3.2.0,16.0,32.0,1,medium,scen_000097,top_0097
node_31,container,mesh_svc_31,production,eu-central-1,eu-central-1b,host-815,ct-1326,v2.2.0,2.0,16.0,1,high,scen_000097,top_0097
node_32,notification_service,mesh_svc_32,production,eu-central-1,eu-central-1a,host-595,ct-3639,v2.5.0,8.0,8.0,2,medium,scen_000097,top_0097
node_33,mysql,mesh_svc_33,production,eu-central-1,eu-central-1c,host-236,ct-9265,v3.8.0,4.0,8.0,3,high,scen_000097,top_0097
node_34,payment_service,mesh_svc_34,production,eu-central-1,eu-central-1b,host-569,ct-6659,v3.2.0,8.0,64.0,1,low,scen_000097,top_0097
node_35,rabbitmq,mesh_svc_35,production,eu-central-1,eu-central-1c,host-550,ct-9615,v2.7.0,4.0,64.0,5,low,scen_000097,top_0097
gw_01,api_gateway,api_gateway,production,us-west-2,us-west-2a,host-952,ct-7925,v2.0.0,16.0,16.0,5,critical,scen_000098,top_0098
lb_01,load_balancer,load_balancer,production,us-west-2,us-west-2b,host-210,ct-5997,v2.0.0,16.0,32.0,4,critical,scen_000098,top_0098
auth_01,auth_service,auth_service,production,us-west-2,us-west-2c,host-885,ct-3882,v2.3.0,8.0,64.0,5,high,scen_000098,top_0098
web_01,web_service,web_service,production,us-west-2,us-west-2b,host-666,ct-2732,v3.2.0,4.0,4.0,5,high,scen_000098,top_0098
db_01,postgresql,postgresql,production,us-west-2,us-west-2c,host-294,ct-4487,v2.0.0,2.0,4.0,2,critical,scen_000098,top_0098
sub_svc_2,web_service,sub_service_2,production,us-west-2,us-west-2a,host-850,ct-1042,v1.3.0,16.0,4.0,1,low,scen_000098,top_0098
sub_svc_3,web_service,sub_service_3,production,us-west-2,us-west-2c,host-588,ct-1490,v2.1.0,8.0,8.0,4,low,scen_000098,top_0098
sub_svc_4,web_service,sub_service_4,production,us-west-2,us-west-2b,host-186,ct-4685,v1.3.0,16.0,16.0,5,low,scen_000098,top_0098
sub_svc_5,web_service,sub_service_5,production,us-west-2,us-west-2c,host-276,ct-4133,v1.4.0,2.0,32.0,5,low,scen_000098,top_0098
sub_svc_6,web_service,sub_service_6,production,us-west-2,us-west-2a,host-646,ct-9937,v3.0.0,16.0,16.0,4,low,scen_000098,top_0098
sub_svc_7,web_service,sub_service_7,production,us-west-2,us-west-2a,host-452,ct-5959,v2.9.0,2.0,4.0,4,low,scen_000098,top_0098
sub_svc_8,web_service,sub_service_8,production,us-west-2,us-west-2c,host-817,ct-3745,v3.2.0,4.0,32.0,1,low,scen_000098,top_0098
sub_svc_9,web_service,sub_service_9,production,us-west-2,us-west-2b,host-205,ct-6932,v2.6.0,4.0,16.0,5,low,scen_000098,top_0098
sub_svc_10,web_service,sub_service_10,production,us-west-2,us-west-2b,host-336,ct-8330,v1.9.0,16.0,32.0,2,low,scen_000098,top_0098
sub_svc_11,web_service,sub_service_11,production,us-west-2,us-west-2a,host-486,ct-2989,v3.2.0,8.0,8.0,2,low,scen_000098,top_0098
sub_svc_12,web_service,sub_service_12,production,us-west-2,us-west-2b,host-458,ct-6452,v3.5.0,4.0,4.0,3,low,scen_000098,top_0098
sub_svc_13,web_service,sub_service_13,production,us-west-2,us-west-2c,host-768,ct-4585,v3.7.0,2.0,64.0,2,low,scen_000098,top_0098
sub_svc_14,web_service,sub_service_14,production,us-west-2,us-west-2b,host-525,ct-6590,v1.1.0,4.0,8.0,5,low,scen_000098,top_0098
sub_svc_15,web_service,sub_service_15,production,us-west-2,us-west-2b,host-540,ct-9119,v1.4.0,16.0,16.0,1,low,scen_000098,top_0098
sub_svc_16,web_service,sub_service_16,production,us-west-2,us-west-2c,host-864,ct-8441,v3.4.0,8.0,4.0,5,low,scen_000098,top_0098
sub_svc_17,web_service,sub_service_17,production,us-west-2,us-west-2b,host-212,ct-9309,v2.5.0,2.0,4.0,4,low,scen_000098,top_0098
sub_svc_18,web_service,sub_service_18,production,us-west-2,us-west-2b,host-648,ct-8257,v3.0.0,2.0,32.0,5,low,scen_000098,top_0098
sub_svc_19,web_service,sub_service_19,production,us-west-2,us-west-2b,host-954,ct-7996,v2.2.0,16.0,8.0,5,low,scen_000098,top_0098
sub_svc_20,web_service,sub_service_20,production,us-west-2,us-west-2c,host-676,ct-6473,v3.4.0,16.0,8.0,5,low,scen_000098,top_0098
sub_svc_21,web_service,sub_service_21,production,us-west-2,us-west-2b,host-194,ct-9903,v1.3.0,8.0,4.0,1,low,scen_000098,top_0098
sub_svc_22,web_service,sub_service_22,production,us-west-2,us-west-2c,host-912,ct-7969,v3.8.0,8.0,8.0,3,low,scen_000098,top_0098
sub_svc_23,web_service,sub_service_23,production,us-west-2,us-west-2c,host-859,ct-8259,v1.2.0,2.0,32.0,4,low,scen_000098,top_0098
sub_svc_24,web_service,sub_service_24,production,us-west-2,us-west-2c,host-585,ct-5159,v1.5.0,16.0,32.0,3,low,scen_000098,top_0098
sub_svc_25,web_service,sub_service_25,production,us-west-2,us-west-2a,host-301,ct-9907,v1.4.0,4.0,16.0,2,low,scen_000098,top_0098
sub_svc_26,web_service,sub_service_26,production,us-west-2,us-west-2a,host-387,ct-8087,v1.4.0,8.0,4.0,1,low,scen_000098,top_0098
sub_svc_27,web_service,sub_service_27,production,us-west-2,us-west-2c,host-943,ct-2326,v2.5.0,4.0,4.0,3,low,scen_000098,top_0098
sub_svc_28,web_service,sub_service_28,production,us-west-2,us-west-2a,host-249,ct-3093,v1.7.0,4.0,4.0,5,low,scen_000098,top_0098
sub_svc_29,web_service,sub_service_29,production,us-west-2,us-west-2b,host-948,ct-8934,v2.2.0,4.0,8.0,2,low,scen_000098,top_0098
sub_svc_30,web_service,sub_service_30,production,us-west-2,us-west-2b,host-558,ct-7048,v1.4.0,4.0,64.0,2,low,scen_000098,top_0098
sub_svc_31,web_service,sub_service_31,production,us-west-2,us-west-2a,host-376,ct-1165,v1.3.0,8.0,64.0,2,low,scen_000098,top_0098
sub_svc_32,web_service,sub_service_32,production,us-west-2,us-west-2a,host-436,ct-7724,v1.2.0,2.0,16.0,2,low,scen_000098,top_0098
sub_svc_33,web_service,sub_service_33,production,us-west-2,us-west-2c,host-821,ct-7585,v2.8.0,8.0,4.0,5,low,scen_000098,top_0098
sub_svc_34,web_service,sub_service_34,production,us-west-2,us-west-2b,host-593,ct-8642,v2.9.0,2.0,16.0,4,low,scen_000098,top_0098
sub_svc_35,web_service,sub_service_35,production,us-west-2,us-west-2c,host-182,ct-4555,v3.3.0,8.0,64.0,1,low,scen_000098,top_0098
sub_svc_36,web_service,sub_service_36,production,us-west-2,us-west-2b,host-183,ct-6386,v2.3.0,4.0,32.0,2,low,scen_000098,top_0098
sub_svc_37,web_service,sub_service_37,production,us-west-2,us-west-2c,host-282,ct-8643,v1.8.0,2.0,16.0,5,low,scen_000098,top_0098
sub_svc_38,web_service,sub_service_38,production,us-west-2,us-west-2c,host-465,ct-4647,v2.1.0,4.0,8.0,3,low,scen_000098,top_0098
sub_svc_39,web_service,sub_service_39,production,us-west-2,us-west-2c,host-461,ct-9588,v3.3.0,4.0,64.0,2,low,scen_000098,top_0098
sub_svc_40,web_service,sub_service_40,production,us-west-2,us-west-2c,host-173,ct-4885,v3.3.0,16.0,64.0,5,low,scen_000098,top_0098
sub_svc_41,web_service,sub_service_41,production,us-west-2,us-west-2b,host-396,ct-1857,v3.4.0,16.0,8.0,5,low,scen_000098,top_0098
sub_svc_42,web_service,sub_service_42,production,us-west-2,us-west-2a,host-856,ct-5565,v3.9.0,2.0,8.0,2,low,scen_000098,top_0098
sub_svc_43,web_service,sub_service_43,production,us-west-2,us-west-2b,host-692,ct-3637,v3.6.0,8.0,64.0,1,low,scen_000098,top_0098
gw_01,api_gateway,api_gateway,production,eu-central-1,eu-central-1a,host-935,ct-5104,v1.8.0,16.0,4.0,1,critical,scen_000099,top_0099
lb_01,load_balancer,load_balancer,production,eu-central-1,eu-central-1c,host-461,ct-3484,v1.2.0,2.0,16.0,1,critical,scen_000099,top_0099
auth_01,auth_service,auth_service,production,eu-central-1,eu-central-1b,host-866,ct-1853,v1.8.0,2.0,4.0,2,high,scen_000099,top_0099
web_01,web_service,web_service,production,eu-central-1,eu-central-1c,host-747,ct-3732,v3.2.0,8.0,8.0,2,high,scen_000099,top_0099
db_01,postgresql,postgresql,production,eu-central-1,eu-central-1b,host-729,ct-9025,v1.0.0,2.0,64.0,4,critical,scen_000099,top_0099
sub_svc_2,web_service,sub_service_2,production,eu-central-1,eu-central-1a,host-138,ct-9879,v3.7.0,8.0,32.0,5,low,scen_000099,top_0099
sub_svc_3,web_service,sub_service_3,production,eu-central-1,eu-central-1b,host-456,ct-9652,v3.0.0,4.0,32.0,1,low,scen_000099,top_0099
sub_svc_4,web_service,sub_service_4,production,eu-central-1,eu-central-1c,host-879,ct-1134,v3.2.0,2.0,64.0,4,low,scen_000099,top_0099
sub_svc_5,web_service,sub_service_5,production,eu-central-1,eu-central-1a,host-565,ct-4276,v1.1.0,2.0,64.0,5,low,scen_000099,top_0099
sub_svc_6,web_service,sub_service_6,production,eu-central-1,eu-central-1b,host-427,ct-9698,v1.7.0,16.0,32.0,5,low,scen_000099,top_0099
sub_svc_7,web_service,sub_service_7,production,eu-central-1,eu-central-1b,host-782,ct-9809,v1.4.0,16.0,32.0,5,low,scen_000099,top_0099
sub_svc_8,web_service,sub_service_8,production,eu-central-1,eu-central-1c,host-914,ct-4194,v3.3.0,8.0,8.0,5,low,scen_000099,top_0099
sub_svc_9,web_service,sub_service_9,production,eu-central-1,eu-central-1b,host-127,ct-9227,v1.6.0,2.0,16.0,2,low,scen_000099,top_0099
sub_svc_10,web_service,sub_service_10,production,eu-central-1,eu-central-1a,host-143,ct-5793,v1.0.0,4.0,4.0,4,low,scen_000099,top_0099
sub_svc_11,web_service,sub_service_11,production,eu-central-1,eu-central-1a,host-644,ct-3154,v1.2.0,4.0,64.0,1,low,scen_000099,top_0099
sub_svc_12,web_service,sub_service_12,production,eu-central-1,eu-central-1c,host-760,ct-5725,v3.8.0,16.0,16.0,5,low,scen_000099,top_0099
sub_svc_13,web_service,sub_service_13,production,eu-central-1,eu-central-1a,host-587,ct-8135,v3.4.0,4.0,4.0,4,low,scen_000099,top_0099
sub_svc_14,web_service,sub_service_14,production,eu-central-1,eu-central-1c,host-894,ct-2972,v2.0.0,16.0,32.0,3,low,scen_000099,top_0099
sub_svc_15,web_service,sub_service_15,production,eu-central-1,eu-central-1a,host-120,ct-2997,v3.1.0,16.0,4.0,1,low,scen_000099,top_0099
sub_svc_16,web_service,sub_service_16,production,eu-central-1,eu-central-1c,host-273,ct-4293,v1.1.0,4.0,32.0,1,low,scen_000099,top_0099
sub_svc_17,web_service,sub_service_17,production,eu-central-1,eu-central-1b,host-910,ct-3552,v1.2.0,16.0,32.0,3,low,scen_000099,top_0099
sub_svc_18,web_service,sub_service_18,production,eu-central-1,eu-central-1a,host-134,ct-9213,v3.6.0,4.0,8.0,5,low,scen_000099,top_0099
sub_svc_19,web_service,sub_service_19,production,eu-central-1,eu-central-1a,host-369,ct-7801,v2.7.0,16.0,8.0,2,low,scen_000099,top_0099
sub_svc_20,web_service,sub_service_20,production,eu-central-1,eu-central-1c,host-794,ct-8018,v1.8.0,4.0,8.0,5,low,scen_000099,top_0099
sub_svc_21,web_service,sub_service_21,production,eu-central-1,eu-central-1c,host-144,ct-3586,v3.4.0,16.0,16.0,3,low,scen_000099,top_0099
sub_svc_22,web_service,sub_service_22,production,eu-central-1,eu-central-1c,host-114,ct-7855,v1.3.0,4.0,64.0,1,low,scen_000099,top_0099
sub_svc_23,web_service,sub_service_23,production,eu-central-1,eu-central-1c,host-749,ct-9504,v1.8.0,2.0,4.0,2,low,scen_000099,top_0099
sub_svc_24,web_service,sub_service_24,production,eu-central-1,eu-central-1b,host-383,ct-8961,v3.5.0,16.0,8.0,3,low,scen_000099,top_0099
sub_svc_25,web_service,sub_service_25,production,eu-central-1,eu-central-1a,host-147,ct-2996,v3.5.0,8.0,32.0,5,low,scen_000099,top_0099
sub_svc_26,web_service,sub_service_26,production,eu-central-1,eu-central-1c,host-895,ct-2723,v3.4.0,16.0,8.0,1,low,scen_000099,top_0099
sub_svc_27,web_service,sub_service_27,production,eu-central-1,eu-central-1b,host-204,ct-2081,v2.3.0,4.0,8.0,5,low,scen_000099,top_0099
sub_svc_28,web_service,sub_service_28,production,eu-central-1,eu-central-1b,host-778,ct-6226,v3.0.0,16.0,16.0,2,low,scen_000099,top_0099
sub_svc_29,web_service,sub_service_29,production,eu-central-1,eu-central-1c,host-145,ct-5009,v3.1.0,16.0,4.0,3,low,scen_000099,top_0099
sub_svc_30,web_service,sub_service_30,production,eu-central-1,eu-central-1a,host-572,ct-2572,v2.4.0,16.0,16.0,5,low,scen_000099,top_0099
sub_svc_31,web_service,sub_service_31,production,eu-central-1,eu-central-1b,host-968,ct-8311,v1.1.0,2.0,16.0,2,low,scen_000099,top_0099
sub_svc_32,web_service,sub_service_32,production,eu-central-1,eu-central-1a,host-243,ct-6898,v2.3.0,4.0,32.0,4,low,scen_000099,top_0099
sub_svc_33,web_service,sub_service_33,production,eu-central-1,eu-central-1a,host-452,ct-4358,v1.9.0,8.0,16.0,2,low,scen_000099,top_0099
sub_svc_34,web_service,sub_service_34,production,eu-central-1,eu-central-1a,host-528,ct-2950,v1.4.0,2.0,8.0,3,low,scen_000099,top_0099
sub_svc_35,web_service,sub_service_35,production,eu-central-1,eu-central-1c,host-324,ct-3173,v3.3.0,4.0,32.0,1,low,scen_000099,top_0099
sub_svc_36,web_service,sub_service_36,production,eu-central-1,eu-central-1b,host-405,ct-6459,v1.5.0,2.0,4.0,1,low,scen_000099,top_0099
sub_svc_37,web_service,sub_service_37,production,eu-central-1,eu-central-1b,host-564,ct-7107,v2.5.0,8.0,64.0,5,low,scen_000099,top_0099
sub_svc_38,web_service,sub_service_38,production,eu-central-1,eu-central-1b,host-434,ct-7170,v3.9.0,2.0,4.0,3,low,scen_000099,top_0099
