scenario_id,alert_a_id,alert_b_id,time_difference_seconds,same_service,same_trace,same_request,same_metric_family,same_severity,dependency_exists,topological_distance,upstream_downstream_relation,semantic_similarity,temporal_overlap,same_incident
scen_000000,alt_scen_000000_00001,alt_scen_000000_00003,19.8,1,0,0,1,1,0,0,0,0.46,1,1
scen_000000,alt_scen_000000_00001,alt_scen_000000_00002,20.0,1,0,0,1,1,0,0,0,0.28,1,1
scen_000000,alt_scen_000000_00001,alt_scen_000000_00004,50.0,1,0,0,1,1,0,0,0,0.33,1,1
scen_000000,alt_scen_000000_00001,alt_scen_000000_00005,130.0,1,0,0,1,1,0,0,0,0.78,1,1
scen_000000,alt_scen_000000_00001,alt_scen_000000_00006,150.0,1,0,0,1,1,0,0,0,0.2,1,1
scen_000000,alt_scen_000000_00001,alt_scen_000000_00007,170.0,1,0,0,1,1,0,0,0,0.66,1,1
scen_000000,alt_scen_000000_00001,alt_scen_000000_00008,180.0,1,0,0,1,1,0,0,0,0.28,1,1
scen_000000,alt_scen_000000_00001,alt_scen_000000_00009,340.0,1,0,0,1,1,0,0,0,0.38,0,1
scen_000000,alt_scen_000000_00001,alt_scen_000000_00036,349.0,0,0,0,0,0,1,1,-1,0.1,0,0
scen_000000,alt_scen_000000_00003,alt_scen_000000_00002,0.2,1,0,0,1,1,0,0,0,0.48,1,1
scen_000000,alt_scen_000000_00003,alt_scen_000000_00004,30.2,1,0,0,1,1,0,0,0,0.2,1,1
scen_000000,alt_scen_000000_00003,alt_scen_000000_00005,110.2,1,0,0,1,1,0,0,0,0.79,1,1
scen_000000,alt_scen_000000_00003,alt_scen_000000_00006,130.2,1,0,0,1,1,0,0,0,0.18,1,1
scen_000000,alt_scen_000000_00003,alt_scen_000000_00007,150.2,1,0,0,1,1,0,0,0,0.3,1,1
scen_000000,alt_scen_000000_00003,alt_scen_000000_00008,160.2,1,0,0,1,1,0,0,0,0.11,1,1
scen_000000,alt_scen_000000_00003,alt_scen_000000_00009,320.2,1,0,0,1,1,0,0,0,0.89,0,1
scen_000000,alt_scen_000000_00003,alt_scen_000000_00036,329.2,0,0,0,0,0,1,1,-1,0.61,0,0
scen_000000,alt_scen_000000_00003,alt_scen_000000_00010,330.2,1,0,0,1,1,0,0,0,0.61,0,1
scen_000000,alt_scen_000000_00002,alt_scen_000000_00004,30.0,1,0,0,1,1,0,0,0,0.52,1,1
scen_000000,alt_scen_000000_00002,alt_scen_000000_00005,110.0,1,0,0,1,1,0,0,0,0.79,1,1
scen_000000,alt_scen_000000_00002,alt_scen_000000_00006,130.0,1,0,0,1,1,0,0,0,0.22,1,1
scen_000000,alt_scen_000000_00002,alt_scen_000000_00007,150.0,1,0,0,1,1,0,0,0,0.73,1,1
scen_000000,alt_scen_000000_00002,alt_scen_000000_00008,160.0,1,0,0,1,1,0,0,0,0.75,1,1
scen_000000,alt_scen_000000_00002,alt_scen_000000_00009,320.0,1,0,0,1,1,0,0,0,0.13,0,1
scen_000000,alt_scen_000000_00002,alt_scen_000000_00036,329.0,0,0,0,0,0,1,1,-1,0.21,0,0
scen_000000,alt_scen_000000_00002,alt_scen_000000_00010,330.0,1,0,0,1,1,0,0,0,0.54,0,1
scen_000000,alt_scen_000000_00002,alt_scen_000000_00011,340.0,1,0,0,1,1,0,0,0,0.17,0,1
scen_000000,alt_scen_000000_00004,alt_scen_000000_00005,80.0,1,0,0,1,1,0,0,0,0.33,1,1
scen_000000,alt_scen_000000_00004,alt_scen_000000_00006,100.0,1,0,0,1,1,0,0,0,0.42,1,1
scen_000000,alt_scen_000000_00004,alt_scen_000000_00007,120.0,1,0,0,1,1,0,0,0,0.23,1,1
scen_000000,alt_scen_000000_00004,alt_scen_000000_00008,130.0,1,0,0,1,1,0,0,0,0.66,1,1
scen_000000,alt_scen_000000_00004,alt_scen_000000_00009,290.0,1,0,0,1,1,0,0,0,0.5,1,1
scen_000000,alt_scen_000000_00004,alt_scen_000000_00036,299.0,0,0,0,0,0,1,1,-1,0.61,1,0
scen_000000,alt_scen_000000_00004,alt_scen_000000_00010,300.0,1,0,0,1,1,0,0,0,0.48,1,1
scen_000000,alt_scen_000000_00004,alt_scen_000000_00011,310.0,1,0,0,1,1,0,0,0,0.43,0,1
scen_000000,alt_scen_000000_00004,alt_scen_000000_00012,320.0,1,0,0,1,1,0,0,0,0.49,0,1
scen_000000,alt_scen_000000_00005,alt_scen_000000_00006,20.0,1,0,0,1,1,0,0,0,0.82,1,1
scen_000000,alt_scen_000000_00005,alt_scen_000000_00007,40.0,1,0,0,1,1,0,0,0,0.42,1,1
scen_000000,alt_scen_000000_00005,alt_scen_000000_00008,50.0,1,0,0,1,1,0,0,0,0.61,1,1
scen_000000,alt_scen_000000_00005,alt_scen_000000_00009,210.0,1,0,0,1,1,0,0,0,0.77,1,1
scen_000000,alt_scen_000000_00005,alt_scen_000000_00036,219.0,0,0,0,0,0,1,1,-1,0.6,1,0
scen_000000,alt_scen_000000_00005,alt_scen_000000_00010,220.0,1,0,0,1,1,0,0,0,0.28,1,1
scen_000000,alt_scen_000000_00005,alt_scen_000000_00011,230.0,1,0,0,1,1,0,0,0,0.2,1,1
scen_000000,alt_scen_000000_00005,alt_scen_000000_00012,240.0,1,0,0,1,1,0,0,0,0.57,1,1
scen_000000,alt_scen_000000_00005,alt_scen_000000_00037,245.0,0,0,0,0,0,1,1,-1,0.68,1,0
scen_000000,alt_scen_000000_00006,alt_scen_000000_00007,20.0,1,0,0,1,1,0,0,0,0.71,1,1
scen_000000,alt_scen_000000_00006,alt_scen_000000_00008,30.0,1,0,0,1,1,0,0,0,0.66,1,1
scen_000000,alt_scen_000000_00006,alt_scen_000000_00009,190.0,1,0,0,1,1,0,0,0,0.1,1,1
scen_000000,alt_scen_000000_00006,alt_scen_000000_00036,199.0,0,0,0,0,0,1,1,-1,0.72,1,0
scen_000000,alt_scen_000000_00006,alt_scen_000000_00010,200.0,1,0,0,1,1,0,0,0,0.58,1,1
scen_000000,alt_scen_000000_00006,alt_scen_000000_00011,210.0,1,0,0,1,1,0,0,0,0.89,1,1
scen_000000,alt_scen_000000_00006,alt_scen_000000_00012,220.0,1,0,0,1,1,0,0,0,0.71,1,1
scen_000000,alt_scen_000000_00006,alt_scen_000000_00037,225.0,0,0,0,0,0,1,1,-1,0.44,1,0
scen_000000,alt_scen_000000_00006,alt_scen_000000_00013,270.0,1,0,0,1,1,0,0,0,0.64,1,1
scen_000000,alt_scen_000000_00007,alt_scen_000000_00008,10.0,1,0,0,1,1,0,0,0,0.59,1,1
scen_000000,alt_scen_000000_00007,alt_scen_000000_00009,170.0,1,0,0,1,1,0,0,0,0.37,1,1
scen_000000,alt_scen_000000_00007,alt_scen_000000_00036,179.0,0,0,0,0,0,1,1,-1,0.53,1,0
scen_000000,alt_scen_000000_00007,alt_scen_000000_00010,180.0,1,0,0,1,1,0,0,0,0.26,1,1
scen_000000,alt_scen_000000_00007,alt_scen_000000_00011,190.0,1,0,0,1,1,0,0,0,0.17,1,1
scen_000000,alt_scen_000000_00007,alt_scen_000000_00012,200.0,1,0,0,1,1,0,0,0,0.69,1,1
scen_000000,alt_scen_000000_00007,alt_scen_000000_00037,205.0,0,0,0,0,0,1,1,-1,0.41,1,0
scen_000000,alt_scen_000000_00007,alt_scen_000000_00013,250.0,1,0,0,1,1,0,0,0,0.7,1,1
scen_000000,alt_scen_000000_00007,alt_scen_000000_00014,360.0,1,0,0,1,1,0,0,0,0.49,0,1
scen_000000,alt_scen_000000_00008,alt_scen_000000_00009,160.0,1,0,0,1,1,0,0,0,0.75,1,1
scen_000000,alt_scen_000000_00008,alt_scen_000000_00036,169.0,0,0,0,0,0,1,1,-1,0.69,1,0
scen_000000,alt_scen_000000_00008,alt_scen_000000_00010,170.0,1,0,0,1,1,0,0,0,0.71,1,1
scen_000000,alt_scen_000000_00008,alt_scen_000000_00011,180.0,1,0,0,1,1,0,0,0,0.44,1,1
scen_000000,alt_scen_000000_00008,alt_scen_000000_00012,190.0,1,0,0,1,1,0,0,0,0.87,1,1
scen_000000,alt_scen_000000_00008,alt_scen_000000_00037,195.0,0,0,0,0,0,1,1,-1,0.42,1,0
scen_000000,alt_scen_000000_00008,alt_scen_000000_00013,240.0,1,0,0,1,1,0,0,0,0.73,1,1
scen_000000,alt_scen_000000_00008,alt_scen_000000_00014,350.0,1,0,0,1,1,0,0,0,0.49,0,1
scen_000000,alt_scen_000000_00008,alt_scen_000000_00015,370.0,1,0,0,1,1,0,0,0,0.29,0,1
scen_000000,alt_scen_000000_00009,alt_scen_000000_00036,9.0,0,0,0,0,0,1,1,-1,0.6,1,0
scen_000000,alt_scen_000000_00009,alt_scen_000000_00010,10.0,1,0,0,1,1,0,0,0,0.48,1,1
scen_000000,alt_scen_000000_00009,alt_scen_000000_00011,20.0,1,0,0,1,1,0,0,0,0.31,1,1
scen_000000,alt_scen_000000_00009,alt_scen_000000_00012,30.0,1,0,0,1,1,0,0,0,0.41,1,1
scen_000000,alt_scen_000000_00009,alt_scen_000000_00037,35.0,0,0,0,0,0,1,1,-1,0.23,1,0
scen_000000,alt_scen_000000_00009,alt_scen_000000_00013,80.0,1,0,0,1,1,0,0,0,0.89,1,1
scen_000000,alt_scen_000000_00009,alt_scen_000000_00014,190.0,1,0,0,1,1,0,0,0,0.61,1,1
scen_000000,alt_scen_000000_00009,alt_scen_000000_00015,210.0,1,0,0,1,1,0,0,0,0.24,1,1
scen_000000,alt_scen_000000_00009,alt_scen_000000_00016,220.0,1,0,0,1,1,0,0,0,0.71,1,1
scen_000000,alt_scen_000000_00036,alt_scen_000000_00010,1.0,0,0,0,0,0,1,1,1,0.58,1,0
scen_000000,alt_scen_000000_00036,alt_scen_000000_00011,11.0,0,0,0,0,0,1,1,1,0.68,1,0
scen_000000,alt_scen_000000_00036,alt_scen_000000_00012,21.0,0,0,0,0,0,1,1,1,0.57,1,0
scen_000000,alt_scen_000000_00036,alt_scen_000000_00037,26.0,1,0,0,1,1,0,0,0,0.15,1,0
scen_000000,alt_scen_000000_00036,alt_scen_000000_00013,71.0,0,0,0,0,0,1,1,1,0.26,1,0
scen_000000,alt_scen_000000_00036,alt_scen_000000_00014,181.0,0,0,0,0,0,1,1,1,0.71,1,0
scen_000000,alt_scen_000000_00036,alt_scen_000000_00015,201.0,0,0,0,0,0,1,1,1,0.7,1,0
scen_000000,alt_scen_000000_00036,alt_scen_000000_00016,211.0,0,0,0,0,0,1,1,1,0.7,1,0
scen_000000,alt_scen_000000_00036,alt_scen_000000_00018,230.75,0,0,0,0,0,1,1,1,0.11,1,0
scen_000000,alt_scen_000000_00010,alt_scen_000000_00011,10.0,1,0,0,1,1,0,0,0,0.74,1,1
scen_000000,alt_scen_000000_00010,alt_scen_000000_00012,20.0,1,0,0,1,1,0,0,0,0.45,1,1
scen_000000,alt_scen_000000_00010,alt_scen_000000_00037,25.0,0,0,0,0,0,1,1,-1,0.65,1,0
scen_000000,alt_scen_000000_00010,alt_scen_000000_00013,70.0,1,0,0,1,1,0,0,0,0.32,1,1
scen_000000,alt_scen_000000_00010,alt_scen_000000_00014,180.0,1,0,0,1,1,0,0,0,0.72,1,1
scen_000000,alt_scen_000000_00010,alt_scen_000000_00015,200.0,1,0,0,1,1,0,0,0,0.89,1,1
scen_000000,alt_scen_000000_00010,alt_scen_000000_00016,210.0,1,0,0,1,1,0,0,0,0.3,1,1
scen_000000,alt_scen_000000_00010,alt_scen_000000_00018,229.75,1,0,0,1,1,0,0,0,0.73,1,1
scen_000000,alt_scen_000000_00010,alt_scen_000000_00017,230.0,1,0,0,1,1,0,0,0,0.58,1,1
scen_000000,alt_scen_000000_00011,alt_scen_000000_00012,10.0,1,0,0,1,1,0,0,0,0.32,1,1
scen_000000,alt_scen_000000_00011,alt_scen_000000_00037,15.0,0,0,0,0,0,1,1,-1,0.34,1,0
scen_000000,alt_scen_000000_00011,alt_scen_000000_00013,60.0,1,0,0,1,1,0,0,0,0.69,1,1
scen_000000,alt_scen_000000_00011,alt_scen_000000_00014,170.0,1,0,0,1,1,0,0,0,0.33,1,1
scen_000000,alt_scen_000000_00011,alt_scen_000000_00015,190.0,1,0,0,1,1,0,0,0,0.14,1,1
scen_000000,alt_scen_000000_00011,alt_scen_000000_00016,200.0,1,0,0,1,1,0,0,0,0.8,1,1
scen_000000,alt_scen_000000_00011,alt_scen_000000_00018,219.75,1,0,0,1,1,0,0,0,0.57,1,1
scen_000000,alt_scen_000000_00011,alt_scen_000000_00017,220.0,1,0,0,1,1,0,0,0,0.71,1,1
scen_000000,alt_scen_000000_00011,alt_scen_000000_00019,230.0,1,0,0,1,1,0,0,0,0.58,1,1
scen_000000,alt_scen_000000_00012,alt_scen_000000_00037,5.0,0,0,0,0,0,1,1,-1,0.51,1,0
scen_000000,alt_scen_000000_00012,alt_scen_000000_00013,50.0,1,0,0,1,1,0,0,0,0.72,1,1
scen_000000,alt_scen_000000_00012,alt_scen_000000_00014,160.0,1,0,0,1,1,0,0,0,0.13,1,1
scen_000000,alt_scen_000000_00012,alt_scen_000000_00015,180.0,1,0,0,1,1,0,0,0,0.35,1,1
scen_000000,alt_scen_000000_00012,alt_scen_000000_00016,190.0,1,0,0,1,1,0,0,0,0.6,1,1
scen_000000,alt_scen_000000_00012,alt_scen_000000_00018,209.75,1,0,0,1,1,0,0,0,0.86,1,1
scen_000000,alt_scen_000000_00012,alt_scen_000000_00017,210.0,1,0,0,1,1,0,0,0,0.41,1,1
scen_000000,alt_scen_000000_00012,alt_scen_000000_00019,220.0,1,0,0,1,1,0,0,0,0.88,1,1
scen_000000,alt_scen_000000_00012,alt_scen_000000_00020,290.0,1,0,0,1,1,0,0,0,0.7,1,1
scen_000000,alt_scen_000000_00037,alt_scen_000000_00013,45.0,0,0,0,0,0,1,1,1,0.49,1,0
scen_000000,alt_scen_000000_00037,alt_scen_000000_00014,155.0,0,0,0,0,0,1,1,1,0.44,1,0
scen_000000,alt_scen_000000_00037,alt_scen_000000_00015,175.0,0,0,0,0,0,1,1,1,0.2,1,0
scen_000000,alt_scen_000000_00037,alt_scen_000000_00016,185.0,0,0,0,0,0,1,1,1,0.59,1,0
scen_000000,alt_scen_000000_00037,alt_scen_000000_00018,204.75,0,0,0,0,0,1,1,1,0.14,1,0
scen_000000,alt_scen_000000_00037,alt_scen_000000_00017,205.0,0,0,0,0,0,1,1,1,0.44,1,0
scen_000000,alt_scen_000000_00037,alt_scen_000000_00019,215.0,0,0,0,0,0,1,1,1,0.29,1,0
scen_000000,alt_scen_000000_00037,alt_scen_000000_00020,285.0,0,0,0,0,0,1,1,1,0.87,1,0
scen_000000,alt_scen_000000_00037,alt_scen_000000_00021,315.0,0,0,0,0,0,1,1,1,0.39,0,0
scen_000000,alt_scen_000000_00013,alt_scen_000000_00014,110.0,1,0,0,1,1,0,0,0,0.49,1,1
scen_000000,alt_scen_000000_00013,alt_scen_000000_00015,130.0,1,0,0,1,1,0,0,0,0.4,1,1
scen_000000,alt_scen_000000_00013,alt_scen_000000_00016,140.0,1,0,0,1,1,0,0,0,0.21,1,1
scen_000000,alt_scen_000000_00013,alt_scen_000000_00018,159.75,1,0,0,1,1,0,0,0,0.38,1,1
scen_000000,alt_scen_000000_00013,alt_scen_000000_00017,160.0,1,0,0,1,1,0,0,0,0.72,1,1
scen_000000,alt_scen_000000_00013,alt_scen_000000_00019,170.0,1,0,0,1,1,0,0,0,0.6,1,1
scen_000000,alt_scen_000000_00013,alt_scen_000000_00020,240.0,1,0,0,1,1,0,0,0,0.45,1,1
scen_000000,alt_scen_000000_00013,alt_scen_000000_00021,270.0,1,0,0,1,1,0,0,0,0.76,1,1
scen_000000,alt_scen_000000_00013,alt_scen_000000_00022,300.0,1,0,0,1,1,0,0,0,0.1,1,1
scen_000000,alt_scen_000000_00014,alt_scen_000000_00015,20.0,1,0,0,1,1,0,0,0,0.76,1,1
scen_000000,alt_scen_000000_00014,alt_scen_000000_00016,30.0,1,0,0,1,1,0,0,0,0.15,1,1
scen_000000,alt_scen_000000_00014,alt_scen_000000_00018,49.75,1,0,0,1,1,0,0,0,0.8,1,1
scen_000000,alt_scen_000000_00014,alt_scen_000000_00017,50.0,1,0,0,1,1,0,0,0,0.86,1,1
scen_000000,alt_scen_000000_00014,alt_scen_000000_00019,60.0,1,0,0,1,1,0,0,0,0.76,1,1
scen_000000,alt_scen_000000_00014,alt_scen_000000_00020,130.0,1,0,0,1,1,0,0,0,0.12,1,1
scen_000000,alt_scen_000000_00014,alt_scen_000000_00021,160.0,1,0,0,1,1,0,0,0,0.52,1,1
scen_000000,alt_scen_000000_00014,alt_scen_000000_00022,190.0,1,0,0,1,1,0,0,0,0.76,1,1
scen_000000,alt_scen_000000_00014,alt_scen_000000_00023,200.0,1,0,0,1,1,0,0,0,0.54,1,1
scen_000000,alt_scen_000000_00015,alt_scen_000000_00016,10.0,1,0,0,1,1,0,0,0,0.39,1,1
scen_000000,alt_scen_000000_00015,alt_scen_000000_00018,29.75,1,0,0,1,1,0,0,0,0.48,1,1
scen_000000,alt_scen_000000_00015,alt_scen_000000_00017,30.0,1,0,0,1,1,0,0,0,0.16,1,1
scen_000000,alt_scen_000000_00015,alt_scen_000000_00019,40.0,1,0,0,1,1,0,0,0,0.5,1,1
scen_000000,alt_scen_000000_00015,alt_scen_000000_00020,110.0,1,0,0,1,1,0,0,0,0.12,1,1
scen_000000,alt_scen_000000_00015,alt_scen_000000_00021,140.0,1,0,0,1,1,0,0,0,0.62,1,1
scen_000000,alt_scen_000000_00015,alt_scen_000000_00022,170.0,1,0,0,1,1,0,0,0,0.41,1,1
scen_000000,alt_scen_000000_00015,alt_scen_000000_00023,180.0,1,0,0,1,1,0,0,0,0.25,1,1
scen_000000,alt_scen_000000_00015,alt_scen_000000_00024,200.0,1,0,0,1,1,0,0,0,0.11,1,1
scen_000000,alt_scen_000000_00016,alt_scen_000000_00018,19.75,1,0,0,1,1,0,0,0,0.84,1,1
scen_000000,alt_scen_000000_00016,alt_scen_000000_00017,20.0,1,0,0,1,1,0,0,0,0.55,1,1
scen_000000,alt_scen_000000_00016,alt_scen_000000_00019,30.0,1,0,0,1,1,0,0,0,0.62,1,1
scen_000000,alt_scen_000000_00016,alt_scen_000000_00020,100.0,1,0,0,1,1,0,0,0,0.72,1,1
scen_000000,alt_scen_000000_00016,alt_scen_000000_00021,130.0,1,0,0,1,1,0,0,0,0.6,1,1
scen_000000,alt_scen_000000_00016,alt_scen_000000_00022,160.0,1,0,0,1,1,0,0,0,0.43,1,1
scen_000000,alt_scen_000000_00016,alt_scen_000000_00023,170.0,1,0,0,1,1,0,0,0,0.6,1,1
scen_000000,alt_scen_000000_00016,alt_scen_000000_00024,190.0,1,0,0,1,1,0,0,0,0.3,1,1
scen_000000,alt_scen_000000_00016,alt_scen_000000_00025,200.0,1,0,0,1,1,0,0,0,0.55,1,1
scen_000000,alt_scen_000000_00018,alt_scen_000000_00017,0.25,1,0,0,1,1,0,0,0,0.26,1,1
scen_000000,alt_scen_000000_00018,alt_scen_000000_00019,10.25,1,0,0,1,1,0,0,0,0.83,1,1
scen_000000,alt_scen_000000_00018,alt_scen_000000_00020,80.25,1,0,0,1,1,0,0,0,0.51,1,1
scen_000000,alt_scen_000000_00018,alt_scen_000000_00021,110.25,1,0,0,1,1,0,0,0,0.29,1,1
scen_000000,alt_scen_000000_00018,alt_scen_000000_00022,140.25,1,0,0,1,1,0,0,0,0.61,1,1
scen_000000,alt_scen_000000_00018,alt_scen_000000_00023,150.25,1,0,0,1,1,0,0,0,0.17,1,1
scen_000000,alt_scen_000000_00018,alt_scen_000000_00024,170.25,1,0,0,1,1,0,0,0,0.45,1,1
scen_000000,alt_scen_000000_00018,alt_scen_000000_00025,180.25,1,0,0,1,1,0,0,0,0.79,1,1
scen_000000,alt_scen_000000_00018,alt_scen_000000_00026,210.25,1,0,0,1,1,0,0,0,0.71,1,1
scen_000000,alt_scen_000000_00017,alt_scen_000000_00019,10.0,1,0,0,1,1,0,0,0,0.66,1,1
scen_000000,alt_scen_000000_00017,alt_scen_000000_00020,80.0,1,0,0,1,1,0,0,0,0.48,1,1
scen_000000,alt_scen_000000_00017,alt_scen_000000_00021,110.0,1,0,0,1,1,0,0,0,0.46,1,1
scen_000000,alt_scen_000000_00017,alt_scen_000000_00022,140.0,1,0,0,1,1,0,0,0,0.11,1,1
scen_000000,alt_scen_000000_00017,alt_scen_000000_00023,150.0,1,0,0,1,1,0,0,0,0.58,1,1
scen_000000,alt_scen_000000_00017,alt_scen_000000_00024,170.0,1,0,0,1,1,0,0,0,0.56,1,1
scen_000000,alt_scen_000000_00017,alt_scen_000000_00025,180.0,1,0,0,1,1,0,0,0,0.1,1,1
scen_000000,alt_scen_000000_00017,alt_scen_000000_00026,210.0,1,0,0,1,1,0,0,0,0.21,1,1
scen_000000,alt_scen_000000_00017,alt_scen_000000_00027,300.0,1,0,0,1,1,0,0,0,0.11,1,1
scen_000000,alt_scen_000000_00019,alt_scen_000000_00020,70.0,1,0,0,1,1,0,0,0,0.3,1,1
scen_000000,alt_scen_000000_00019,alt_scen_000000_00021,100.0,1,0,0,1,1,0,0,0,0.1,1,1
scen_000000,alt_scen_000000_00019,alt_scen_000000_00022,130.0,1,0,0,1,1,0,0,0,0.43,1,1
scen_000000,alt_scen_000000_00019,alt_scen_000000_00023,140.0,1,0,0,1,1,0,0,0,0.48,1,1
scen_000000,alt_scen_000000_00019,alt_scen_000000_00024,160.0,1,0,0,1,1,0,0,0,0.45,1,1
scen_000000,alt_scen_000000_00019,alt_scen_000000_00025,170.0,1,0,0,1,1,0,0,0,0.26,1,1
scen_000000,alt_scen_000000_00019,alt_scen_000000_00026,200.0,1,0,0,1,1,0,0,0,0.52,1,1
scen_000000,alt_scen_000000_00019,alt_scen_000000_00027,290.0,1,0,0,1,1,0,0,0,0.75,1,1
scen_000000,alt_scen_000000_00019,alt_scen_000000_00028,340.0,1,0,0,1,1,0,0,0,0.33,0,1
scen_000000,alt_scen_000000_00020,alt_scen_000000_00021,30.0,1,0,0,1,1,0,0,0,0.35,1,1
scen_000000,alt_scen_000000_00020,alt_scen_000000_00022,60.0,1,0,0,1,1,0,0,0,0.53,1,1
scen_000000,alt_scen_000000_00020,alt_scen_000000_00023,70.0,1,0,0,1,1,0,0,0,0.29,1,1
scen_000000,alt_scen_000000_00020,alt_scen_000000_00024,90.0,1,0,0,1,1,0,0,0,0.37,1,1
scen_000000,alt_scen_000000_00020,alt_scen_000000_00025,100.0,1,0,0,1,1,0,0,0,0.46,1,1
scen_000000,alt_scen_000000_00020,alt_scen_000000_00026,130.0,1,0,0,1,1,0,0,0,0.41,1,1
scen_000000,alt_scen_000000_00020,alt_scen_000000_00027,220.0,1,0,0,1,1,0,0,0,0.75,1,1
scen_000000,alt_scen_000000_00020,alt_scen_000000_00028,270.0,1,0,0,1,1,0,0,0,0.78,1,1
scen_000000,alt_scen_000000_00020,alt_scen_000000_00030,306.06,1,0,0,1,1,0,0,0,0.42,0,1
scen_000000,alt_scen_000000_00021,alt_scen_000000_00022,30.0,1,0,0,1,1,0,0,0,0.46,1,1
scen_000000,alt_scen_000000_00021,alt_scen_000000_00023,40.0,1,0,0,1,1,0,0,0,0.87,1,1
scen_000000,alt_scen_000000_00021,alt_scen_000000_00024,60.0,1,0,0,1,1,0,0,0,0.5,1,1
scen_000000,alt_scen_000000_00021,alt_scen_000000_00025,70.0,1,0,0,1,1,0,0,0,0.89,1,1
scen_000000,alt_scen_000000_00021,alt_scen_000000_00026,100.0,1,0,0,1,1,0,0,0,0.71,1,1
scen_000000,alt_scen_000000_00021,alt_scen_000000_00027,190.0,1,0,0,1,1,0,0,0,0.31,1,1
scen_000000,alt_scen_000000_00021,alt_scen_000000_00028,240.0,1,0,0,1,1,0,0,0,0.28,1,1
scen_000000,alt_scen_000000_00021,alt_scen_000000_00030,276.06,1,0,0,1,1,0,0,0,0.23,1,1
scen_000000,alt_scen_000000_00021,alt_scen_000000_00029,280.0,1,0,0,1,1,0,0,0,0.74,1,1
scen_000000,alt_scen_000000_00022,alt_scen_000000_00023,10.0,1,0,0,1,1,0,0,0,0.35,1,1
scen_000000,alt_scen_000000_00022,alt_scen_000000_00024,30.0,1,0,0,1,1,0,0,0,0.64,1,1
scen_000000,alt_scen_000000_00022,alt_scen_000000_00025,40.0,1,0,0,1,1,0,0,0,0.53,1,1
scen_000000,alt_scen_000000_00022,alt_scen_000000_00026,70.0,1,0,0,1,1,0,0,0,0.76,1,1
scen_000000,alt_scen_000000_00022,alt_scen_000000_00027,160.0,1,0,0,1,1,0,0,0,0.7,1,1
scen_000000,alt_scen_000000_00022,alt_scen_000000_00028,210.0,1,0,0,1,1,0,0,0,0.15,1,1
scen_000000,alt_scen_000000_00022,alt_scen_000000_00030,246.06,1,0,0,1,1,0,0,0,0.37,1,1
scen_000000,alt_scen_000000_00022,alt_scen_000000_00029,250.0,1,0,0,1,1,0,0,0,0.52,1,1
scen_000000,alt_scen_000000_00022,alt_scen_000000_00031,280.0,1,0,0,1,1,0,0,0,0.74,1,1
scen_000000,alt_scen_000000_00023,alt_scen_000000_00024,20.0,1,0,0,1,1,0,0,0,0.67,1,1
scen_000000,alt_scen_000000_00023,alt_scen_000000_00025,30.0,1,0,0,1,1,0,0,0,0.54,1,1
scen_000000,alt_scen_000000_00023,alt_scen_000000_00026,60.0,1,0,0,1,1,0,0,0,0.75,1,1
scen_000000,alt_scen_000000_00023,alt_scen_000000_00027,150.0,1,0,0,1,1,0,0,0,0.45,1,1
scen_000000,alt_scen_000000_00023,alt_scen_000000_00028,200.0,1,0,0,1,1,0,0,0,0.14,1,1
scen_000000,alt_scen_000000_00023,alt_scen_000000_00030,236.06,1,0,0,1,1,0,0,0,0.8,1,1
scen_000000,alt_scen_000000_00023,alt_scen_000000_00029,240.0,1,0,0,1,1,0,0,0,0.52,1,1
scen_000000,alt_scen_000000_00023,alt_scen_000000_00031,270.0,1,0,0,1,1,0,0,0,0.75,1,1
scen_000000,alt_scen_000000_00023,alt_scen_000000_00032,390.0,1,0,0,1,1,0,0,0,0.41,0,1
scen_000000,alt_scen_000000_00024,alt_scen_000000_00025,10.0,1,0,0,1,1,0,0,0,0.57,1,1
scen_000000,alt_scen_000000_00024,alt_scen_000000_00026,40.0,1,0,0,1,1,0,0,0,0.36,1,1
scen_000000,alt_scen_000000_00024,alt_scen_000000_00027,130.0,1,0,0,1,1,0,0,0,0.43,1,1
scen_000000,alt_scen_000000_00024,alt_scen_000000_00028,180.0,1,0,0,1,1,0,0,0,0.22,1,1
scen_000000,alt_scen_000000_00024,alt_scen_000000_00030,216.06,1,0,0,1,1,0,0,0,0.69,1,1
scen_000000,alt_scen_000000_00024,alt_scen_000000_00029,220.0,1,0,0,1,1,0,0,0,0.32,1,1
scen_000000,alt_scen_000000_00024,alt_scen_000000_00031,250.0,1,0,0,1,1,0,0,0,0.34,1,1
scen_000000,alt_scen_000000_00024,alt_scen_000000_00032,370.0,1,0,0,1,1,0,0,0,0.38,0,1
scen_000000,alt_scen_000000_00024,alt_scen_000000_00034,379.14,1,0,0,1,1,0,0,0,0.45,0,1
scen_000000,alt_scen_000000_00025,alt_scen_000000_00026,30.0,1,0,0,1,1,0,0,0,0.56,1,1
scen_000000,alt_scen_000000_00025,alt_scen_000000_00027,120.0,1,0,0,1,1,0,0,0,0.65,1,1
scen_000000,alt_scen_000000_00025,alt_scen_000000_00028,170.0,1,0,0,1,1,0,0,0,0.64,1,1
scen_000000,alt_scen_000000_00025,alt_scen_000000_00030,206.06,1,0,0,1,1,0,0,0,0.44,1,1
scen_000000,alt_scen_000000_00025,alt_scen_000000_00029,210.0,1,0,0,1,1,0,0,0,0.49,1,1
scen_000000,alt_scen_000000_00025,alt_scen_000000_00031,240.0,1,0,0,1,1,0,0,0,0.21,1,1
scen_000000,alt_scen_000000_00025,alt_scen_000000_00032,360.0,1,0,0,1,1,0,0,0,0.52,0,1
scen_000000,alt_scen_000000_00025,alt_scen_000000_00034,369.14,1,0,0,1,1,0,0,0,0.8,0,1
scen_000000,alt_scen_000000_00025,alt_scen_000000_00033,370.0,1,0,0,1,1,0,0,0,0.47,0,1
scen_000000,alt_scen_000000_00026,alt_scen_000000_00027,90.0,1,0,0,1,1,0,0,0,0.85,1,1
scen_000000,alt_scen_000000_00026,alt_scen_000000_00028,140.0,1,0,0,1,1,0,0,0,0.22,1,1
scen_000000,alt_scen_000000_00026,alt_scen_000000_00030,176.06,1,0,0,1,1,0,0,0,0.69,1,1
scen_000000,alt_scen_000000_00026,alt_scen_000000_00029,180.0,1,0,0,1,1,0,0,0,0.67,1,1
scen_000000,alt_scen_000000_00026,alt_scen_000000_00031,210.0,1,0,0,1,1,0,0,0,0.65,1,1
scen_000000,alt_scen_000000_00026,alt_scen_000000_00032,330.0,1,0,0,1,1,0,0,0,0.63,0,1
scen_000000,alt_scen_000000_00026,alt_scen_000000_00034,339.14,1,0,0,1,1,0,0,0,0.12,0,1
scen_000000,alt_scen_000000_00026,alt_scen_000000_00033,340.0,1,0,0,1,1,0,0,0,0.69,0,1
scen_000000,alt_scen_000000_00026,alt_scen_000000_00035,350.0,1,0,0,1,1,0,0,0,0.5,0,1
scen_000000,alt_scen_000000_00027,alt_scen_000000_00028,50.0,1,0,0,1,1,0,0,0,0.52,1,1
scen_000000,alt_scen_000000_00027,alt_scen_000000_00030,86.06,1,0,0,1,1,0,0,0,0.14,1,1
scen_000000,alt_scen_000000_00027,alt_scen_000000_00029,90.0,1,0,0,1,1,0,0,0,0.25,1,1
scen_000000,alt_scen_000000_00027,alt_scen_000000_00031,120.0,1,0,0,1,1,0,0,0,0.83,1,1
scen_000000,alt_scen_000000_00027,alt_scen_000000_00032,240.0,1,0,0,1,1,0,0,0,0.35,1,1
scen_000000,alt_scen_000000_00027,alt_scen_000000_00034,249.14,1,0,0,1,1,0,0,0,0.42,1,1
scen_000000,alt_scen_000000_00027,alt_scen_000000_00033,250.0,1,0,0,1,1,0,0,0,0.25,1,1
scen_000000,alt_scen_000000_00027,alt_scen_000000_00035,260.0,1,0,0,1,1,0,0,0,0.61,1,1
scen_000000,alt_scen_000000_00028,alt_scen_000000_00030,36.06,1,0,0,1,1,0,0,0,0.69,1,1
scen_000000,alt_scen_000000_00028,alt_scen_000000_00029,40.0,1,0,0,1,1,0,0,0,0.84,1,1
scen_000000,alt_scen_000000_00028,alt_scen_000000_00031,70.0,1,0,0,1,1,0,0,0,0.55,1,1
scen_000000,alt_scen_000000_00028,alt_scen_000000_00032,190.0,1,0,0,1,1,0,0,0,0.32,1,1
scen_000000,alt_scen_000000_00028,alt_scen_000000_00034,199.14,1,0,0,1,1,0,0,0,0.16,1,1
scen_000000,alt_scen_000000_00028,alt_scen_000000_00033,200.0,1,0,0,1,1,0,0,0,0.31,1,1
scen_000000,alt_scen_000000_00028,alt_scen_000000_00035,210.0,1,0,0,1,1,0,0,0,0.59,1,1
scen_000000,alt_scen_000000_00030,alt_scen_000000_00029,3.94,1,0,0,1,1,0,0,0,0.88,1,1
scen_000000,alt_scen_000000_00030,alt_scen_000000_00031,33.94,1,0,0,1,1,0,0,0,0.16,1,1
scen_000000,alt_scen_000000_00030,alt_scen_000000_00032,153.94,1,0,0,1,1,0,0,0,0.41,1,1
scen_000000,alt_scen_000000_00030,alt_scen_000000_00034,163.09,1,0,0,1,1,0,0,0,0.63,1,1
scen_000000,alt_scen_000000_00030,alt_scen_000000_00033,163.94,1,0,0,1,1,0,0,0,0.56,1,1
scen_000000,alt_scen_000000_00030,alt_scen_000000_00035,173.94,1,0,0,1,1,0,0,0,0.62,1,1
scen_000000,alt_scen_000000_00029,alt_scen_000000_00031,30.0,1,0,0,1,1,0,0,0,0.47,1,1
scen_000000,alt_scen_000000_00029,alt_scen_000000_00032,150.0,1,0,0,1,1,0,0,0,0.31,1,1
scen_000000,alt_scen_000000_00029,alt_scen_000000_00034,159.14,1,0,0,1,1,0,0,0,0.49,1,1
scen_000000,alt_scen_000000_00029,alt_scen_000000_00033,160.0,1,0,0,1,1,0,0,0,0.41,1,1
scen_000000,alt_scen_000000_00029,alt_scen_000000_00035,170.0,1,0,0,1,1,0,0,0,0.67,1,1
scen_000000,alt_scen_000000_00031,alt_scen_000000_00032,120.0,1,0,0,1,1,0,0,0,0.24,1,1
scen_000000,alt_scen_000000_00031,alt_scen_000000_00034,129.14,1,0,0,1,1,0,0,0,0.5,1,1
scen_000000,alt_scen_000000_00031,alt_scen_000000_00033,130.0,1,0,0,1,1,0,0,0,0.87,1,1
scen_000000,alt_scen_000000_00031,alt_scen_000000_00035,140.0,1,0,0,1,1,0,0,0,0.53,1,1
scen_000000,alt_scen_000000_00032,alt_scen_000000_00034,9.14,1,0,0,1,1,0,0,0,0.29,1,1
scen_000000,alt_scen_000000_00032,alt_scen_000000_00033,10.0,1,0,0,1,1,0,0,0,0.85,1,1
scen_000000,alt_scen_000000_00032,alt_scen_000000_00035,20.0,1,0,0,1,1,0,0,0,0.3,1,1
scen_000000,alt_scen_000000_00034,alt_scen_000000_00033,0.86,1,0,0,1,1,0,0,0,0.7,1,1
scen_000000,alt_scen_000000_00034,alt_scen_000000_00035,10.86,1,0,0,1,1,0,0,0,0.19,1,1
scen_000000,alt_scen_000000_00033,alt_scen_000000_00035,10.0,1,0,0,1,1,0,0,0,0.78,1,1
scen_000001,alt_scen_000001_00001,alt_scen_000001_00002,88.0,0,0,0,1,1,0,2,0,0.82,1,0
scen_000001,alt_scen_000001_00001,alt_scen_000001_00005,130.0,0,0,0,1,1,0,2,0,0.35,1,0
scen_000001,alt_scen_000001_00001,alt_scen_000001_00004,200.0,0,0,0,1,1,0,2,0,0.49,1,0
scen_000001,alt_scen_000001_00001,alt_scen_000001_00006,278.0,0,0,0,1,1,0,2,0,0.7,1,0
scen_000001,alt_scen_000001_00001,alt_scen_000001_00003,834.0,0,0,0,1,1,0,2,0,0.15,0,0
scen_000001,alt_scen_000001_00002,alt_scen_000001_00005,42.0,0,0,0,1,1,0,2,0,0.37,1,0
scen_000001,alt_scen_000001_00002,alt_scen_000001_00004,112.0,0,0,0,1,1,0,2,0,0.46,1,0
scen_000001,alt_scen_000001_00002,alt_scen_000001_00006,190.0,0,0,0,1,1,0,2,0,0.46,1,0
scen_000001,alt_scen_000001_00002,alt_scen_000001_00003,746.0,0,0,0,1,1,0,2,0,0.26,0,0
scen_000001,alt_scen_000001_00005,alt_scen_000001_00004,70.0,0,0,0,1,1,0,2,0,0.47,1,0
scen_000001,alt_scen_000001_00005,alt_scen_000001_00006,148.0,0,0,0,1,1,0,2,0,0.64,1,0
scen_000001,alt_scen_000001_00005,alt_scen_000001_00003,704.0,0,0,0,1,1,0,2,0,0.61,0,0
scen_000001,alt_scen_000001_00004,alt_scen_000001_00006,78.0,0,0,0,1,1,0,2,0,0.51,1,0
scen_000001,alt_scen_000001_00004,alt_scen_000001_00003,634.0,0,0,0,1,1,0,2,0,0.58,0,0
scen_000001,alt_scen_000001_00006,alt_scen_000001_00003,556.0,0,0,0,1,1,0,2,0,0.25,0,0
scen_000002,alt_scen_000002_00001,alt_scen_000002_00002,391.0,0,0,0,1,1,0,3,0,0.21,0,0
scen_000003,alt_scen_000003_00001,alt_scen_000003_00004,21.0,0,0,0,1,1,1,1,1,0.6,1,0
scen_000003,alt_scen_000003_00001,alt_scen_000003_00003,577.0,0,0,0,1,1,1,1,1,0.15,0,0
scen_000003,alt_scen_000003_00001,alt_scen_000003_00002,814.0,0,0,0,1,1,0,4,0,0.6,0,0
scen_000003,alt_scen_000003_00004,alt_scen_000003_00003,556.0,0,0,0,1,1,0,2,0,0.68,0,0
scen_000003,alt_scen_000003_00004,alt_scen_000003_00002,793.0,0,0,0,1,1,0,3,0,0.76,0,0
scen_000003,alt_scen_000003_00003,alt_scen_000003_00002,237.0,0,0,0,1,1,0,5,0,0.33,1,0
scen_000004,alt_scen_000004_00001,alt_scen_000004_00003,23.0,0,0,0,1,1,0,2,0,0.48,1,0
scen_000004,alt_scen_000004_00001,alt_scen_000004_00004,177.0,0,0,0,1,1,1,1,1,0.43,1,0
scen_000004,alt_scen_000004_00001,alt_scen_000004_00002,274.0,0,0,0,1,1,0,2,0,0.38,1,0
scen_000004,alt_scen_000004_00003,alt_scen_000004_00004,154.0,0,0,0,1,1,1,1,-1,0.89,1,0
scen_000004,alt_scen_000004_00003,alt_scen_000004_00002,251.0,0,0,0,1,1,0,2,0,0.35,1,0
scen_000004,alt_scen_000004_00004,alt_scen_000004_00002,97.0,0,0,0,1,1,0,3,0,0.12,1,0
scen_000005,alt_scen_000005_00002,alt_scen_000005_00005,465.0,0,0,0,1,1,0,2,0,0.49,0,0
scen_000005,alt_scen_000005_00002,alt_scen_000005_00001,474.0,0,0,0,1,1,0,2,0,0.3,0,0
scen_000005,alt_scen_000005_00002,alt_scen_000005_00004,487.0,1,0,0,1,1,0,0,0,0.37,0,0
scen_000005,alt_scen_000005_00002,alt_scen_000005_00006,549.0,0,0,0,1,1,0,2,0,0.15,0,0
scen_000005,alt_scen_000005_00002,alt_scen_000005_00003,609.0,0,0,0,1,1,1,1,1,0.14,0,0
scen_000005,alt_scen_000005_00005,alt_scen_000005_00001,9.0,0,0,0,1,1,0,2,0,0.6,1,0
scen_000005,alt_scen_000005_00005,alt_scen_000005_00004,22.0,0,0,0,1,1,0,2,0,0.26,1,0
scen_000005,alt_scen_000005_00005,alt_scen_000005_00006,84.0,0,0,0,1,1,0,2,0,0.72,1,0
scen_000005,alt_scen_000005_00005,alt_scen_000005_00003,144.0,0,0,0,1,1,1,1,1,0.58,1,0
scen_000005,alt_scen_000005_00001,alt_scen_000005_00004,13.0,0,0,0,1,1,0,2,0,0.23,1,0
scen_000005,alt_scen_000005_00001,alt_scen_000005_00006,75.0,0,0,0,1,1,0,2,0,0.39,1,0
scen_000005,alt_scen_000005_00001,alt_scen_000005_00003,135.0,0,0,0,1,1,1,1,1,0.67,1,0
scen_000005,alt_scen_000005_00004,alt_scen_000005_00006,62.0,0,0,0,1,1,0,2,0,0.26,1,0
scen_000005,alt_scen_000005_00004,alt_scen_000005_00003,122.0,0,0,0,1,1,1,1,1,0.61,1,0
scen_000005,alt_scen_000005_00006,alt_scen_000005_00003,60.0,0,0,0,1,1,1,1,1,0.59,1,0
scen_000006,alt_scen_000006_00003,alt_scen_000006_00002,243.0,0,0,0,1,1,0,2,0,0.21,1,0
scen_000006,alt_scen_000006_00003,alt_scen_000006_00001,474.0,0,0,0,1,1,0,2,0,0.25,0,0
scen_000006,alt_scen_000006_00003,alt_scen_000006_00005,813.0,0,0,0,1,1,0,2,0,0.82,0,0
scen_000006,alt_scen_000006_00003,alt_scen_000006_00006,887.0,0,0,0,1,1,0,3,0,0.84,0,0
scen_000006,alt_scen_000006_00003,alt_scen_000006_00004,909.0,0,0,0,1,1,0,3,0,0.36,0,0
scen_000006,alt_scen_000006_00002,alt_scen_000006_00001,231.0,1,0,0,1,1,0,0,0,0.77,1,0
scen_000006,alt_scen_000006_00002,alt_scen_000006_00005,570.0,0,0,0,1,1,0,2,0,0.5,0,0
scen_000006,alt_scen_000006_00002,alt_scen_000006_00006,644.0,0,0,0,1,1,1,1,1,0.38,0,0
scen_000006,alt_scen_000006_00002,alt_scen_000006_00004,666.0,0,0,0,1,1,0,4,0,0.12,0,0
scen_000006,alt_scen_000006_00001,alt_scen_000006_00005,339.0,0,0,0,1,1,0,2,0,0.43,0,0
scen_000006,alt_scen_000006_00001,alt_scen_000006_00006,413.0,0,0,0,1,1,1,1,1,0.46,0,0
scen_000006,alt_scen_000006_00001,alt_scen_000006_00004,435.0,0,0,0,1,1,0,4,0,0.82,0,0
scen_000006,alt_scen_000006_00005,alt_scen_000006_00006,74.0,0,0,0,1,1,0,3,0,0.9,1,0
scen_000006,alt_scen_000006_00005,alt_scen_000006_00004,96.0,0,0,0,1,1,0,4,0,0.75,1,0
scen_000006,alt_scen_000006_00006,alt_scen_000006_00004,22.0,0,0,0,1,1,0,4,0,0.42,1,0
scen_000007,alt_scen_000007_00003,alt_scen_000007_00001,163.0,0,0,0,1,1,0,2,0,0.61,1,0
scen_000007,alt_scen_000007_00003,alt_scen_000007_00004,454.0,0,0,0,1,1,0,3,0,0.56,0,0
scen_000007,alt_scen_000007_00003,alt_scen_000007_00005,552.0,0,0,0,1,1,0,2,0,0.37,0,0
scen_000007,alt_scen_000007_00003,alt_scen_000007_00002,844.0,0,0,0,1,1,0,3,0,0.21,0,0
scen_000007,alt_scen_000007_00001,alt_scen_000007_00004,291.0,0,0,0,1,1,0,2,0,0.57,1,0
scen_000007,alt_scen_000007_00001,alt_scen_000007_00005,389.0,0,0,0,1,1,0,2,0,0.15,0,0
scen_000007,alt_scen_000007_00001,alt_scen_000007_00002,681.0,0,0,0,1,1,0,2,0,0.76,0,0
scen_000007,alt_scen_000007_00004,alt_scen_000007_00005,98.0,0,0,0,1,1,0,2,0,0.44,1,0
scen_000007,alt_scen_000007_00004,alt_scen_000007_00002,390.0,0,0,0,1,1,0,3,0,0.69,0,0
scen_000007,alt_scen_000007_00005,alt_scen_000007_00002,292.0,0,0,0,1,1,1,1,-1,0.54,1,0
scen_000008,alt_scen_000008_00033,alt_scen_000008_00002,154.64,0,0,0,0,1,0,2,0,0.4,1,0
scen_000008,alt_scen_000008_00033,alt_scen_000008_00001,158.0,0,0,0,0,1,0,2,0,0.29,1,0
scen_000008,alt_scen_000008_00033,alt_scen_000008_00003,198.0,0,0,0,0,1,0,2,0,0.76,1,0
scen_000008,alt_scen_000008_00033,alt_scen_000008_00004,208.0,0,0,0,0,0,0,2,0,0.83,1,0
scen_000008,alt_scen_000008_00033,alt_scen_000008_00005,208.0,0,0,0,0,1,0,2,0,0.67,1,0
scen_000008,alt_scen_000008_00033,alt_scen_000008_00006,228.0,0,0,0,0,0,0,2,0,0.78,1,0
scen_000008,alt_scen_000008_00033,alt_scen_000008_00007,278.0,0,0,0,0,0,0,2,0,0.47,1,0
scen_000008,alt_scen_000008_00033,alt_scen_000008_00008,288.0,0,0,0,0,1,0,2,0,0.86,1,0
scen_000008,alt_scen_000008_00033,alt_scen_000008_00035,313.0,0,0,0,1,1,0,2,0,0.29,0,0
scen_000008,alt_scen_000008_00002,alt_scen_000008_00001,3.36,1,0,0,1,1,0,0,0,0.9,1,1
scen_000008,alt_scen_000008_00002,alt_scen_000008_00003,43.36,1,0,0,1,1,0,0,0,0.6,1,1
scen_000008,alt_scen_000008_00002,alt_scen_000008_00004,53.36,1,0,0,0,0,0,0,0,0.62,1,1
scen_000008,alt_scen_000008_00002,alt_scen_000008_00005,53.36,1,0,0,1,1,0,0,0,0.19,1,1
scen_000008,alt_scen_000008_00002,alt_scen_000008_00006,73.36,1,0,0,0,0,0,0,0,0.39,1,1
scen_000008,alt_scen_000008_00002,alt_scen_000008_00007,123.36,1,0,0,0,0,0,0,0,0.42,1,1
scen_000008,alt_scen_000008_00002,alt_scen_000008_00008,133.36,1,0,0,1,1,0,0,0,0.62,1,1
scen_000008,alt_scen_000008_00002,alt_scen_000008_00035,158.36,0,0,0,0,1,0,2,0,0.65,1,0
scen_000008,alt_scen_000008_00002,alt_scen_000008_00009,163.36,1,0,0,0,0,0,0,0,0.51,1,1
scen_000008,alt_scen_000008_00001,alt_scen_000008_00003,40.0,1,0,0,1,1,0,0,0,0.59,1,1
scen_000008,alt_scen_000008_00001,alt_scen_000008_00004,50.0,1,0,0,0,0,0,0,0,0.86,1,1
scen_000008,alt_scen_000008_00001,alt_scen_000008_00005,50.0,1,0,0,1,1,0,0,0,0.37,1,1
scen_000008,alt_scen_000008_00001,alt_scen_000008_00006,70.0,1,0,0,0,0,0,0,0,0.74,1,1
scen_000008,alt_scen_000008_00001,alt_scen_000008_00007,120.0,1,0,0,0,0,0,0,0,0.64,1,1
scen_000008,alt_scen_000008_00001,alt_scen_000008_00008,130.0,1,0,0,1,1,0,0,0,0.77,1,1
scen_000008,alt_scen_000008_00001,alt_scen_000008_00035,155.0,0,0,0,0,1,0,2,0,0.53,1,0
scen_000008,alt_scen_000008_00001,alt_scen_000008_00009,160.0,1,0,0,0,0,0,0,0,0.47,1,1
scen_000008,alt_scen_000008_00001,alt_scen_000008_00010,180.0,1,0,0,0,0,0,0,0,0.12,1,1
scen_000008,alt_scen_000008_00003,alt_scen_000008_00004,10.0,1,0,0,0,0,0,0,0,0.88,1,1
scen_000008,alt_scen_000008_00003,alt_scen_000008_00005,10.0,1,0,0,1,1,0,0,0,0.21,1,1
scen_000008,alt_scen_000008_00003,alt_scen_000008_00006,30.0,1,0,0,0,0,0,0,0,0.74,1,1
scen_000008,alt_scen_000008_00003,alt_scen_000008_00007,80.0,1,0,0,0,0,0,0,0,0.22,1,1
scen_000008,alt_scen_000008_00003,alt_scen_000008_00008,90.0,1,0,0,1,1,0,0,0,0.44,1,1
scen_000008,alt_scen_000008_00003,alt_scen_000008_00035,115.0,0,0,0,0,1,0,2,0,0.42,1,0
scen_000008,alt_scen_000008_00003,alt_scen_000008_00009,120.0,1,0,0,0,0,0,0,0,0.81,1,1
scen_000008,alt_scen_000008_00003,alt_scen_000008_00010,140.0,1,0,0,0,0,0,0,0,0.61,1,1
scen_000008,alt_scen_000008_00003,alt_scen_000008_00011,150.0,1,0,0,1,1,0,0,0,0.48,1,1
scen_000008,alt_scen_000008_00004,alt_scen_000008_00005,0.0,1,0,0,0,0,0,0,0,0.9,1,1
scen_000008,alt_scen_000008_00004,alt_scen_000008_00006,20.0,1,0,0,1,1,0,0,0,0.66,1,1
scen_000008,alt_scen_000008_00004,alt_scen_000008_00007,70.0,1,0,0,1,1,0,0,0,0.54,1,1
scen_000008,alt_scen_000008_00004,alt_scen_000008_00008,80.0,1,0,0,0,0,0,0,0,0.58,1,1
scen_000008,alt_scen_000008_00004,alt_scen_000008_00035,105.0,0,0,0,0,0,0,2,0,0.22,1,0
scen_000008,alt_scen_000008_00004,alt_scen_000008_00009,110.0,1,0,0,1,1,0,0,0,0.35,1,1
scen_000008,alt_scen_000008_00004,alt_scen_000008_00010,130.0,1,0,0,1,1,0,0,0,0.65,1,1
scen_000008,alt_scen_000008_00004,alt_scen_000008_00011,140.0,1,0,0,0,0,0,0,0,0.56,1,1
scen_000008,alt_scen_000008_00004,alt_scen_000008_00012,150.0,1,0,0,1,1,0,0,0,0.12,1,1
scen_000008,alt_scen_000008_00005,alt_scen_000008_00006,20.0,1,0,0,0,0,0,0,0,0.26,1,1
scen_000008,alt_scen_000008_00005,alt_scen_000008_00007,70.0,1,0,0,0,0,0,0,0,0.68,1,1
scen_000008,alt_scen_000008_00005,alt_scen_000008_00008,80.0,1,0,0,1,1,0,0,0,0.79,1,1
scen_000008,alt_scen_000008_00005,alt_scen_000008_00035,105.0,0,0,0,0,1,0,2,0,0.4,1,0
scen_000008,alt_scen_000008_00005,alt_scen_000008_00009,110.0,1,0,0,0,0,0,0,0,0.21,1,1
scen_000008,alt_scen_000008_00005,alt_scen_000008_00010,130.0,1,0,0,0,0,0,0,0,0.76,1,1
scen_000008,alt_scen_000008_00005,alt_scen_000008_00011,140.0,1,0,0,1,1,0,0,0,0.27,1,1
scen_000008,alt_scen_000008_00005,alt_scen_000008_00012,150.0,1,0,0,0,0,0,0,0,0.77,1,1
scen_000008,alt_scen_000008_00005,alt_scen_000008_00013,150.0,1,0,0,1,1,0,0,0,0.62,1,1
scen_000008,alt_scen_000008_00006,alt_scen_000008_00007,50.0,1,0,0,1,1,0,0,0,0.26,1,1
scen_000008,alt_scen_000008_00006,alt_scen_000008_00008,60.0,1,0,0,0,0,0,0,0,0.34,1,1
scen_000008,alt_scen_000008_00006,alt_scen_000008_00035,85.0,0,0,0,0,0,0,2,0,0.28,1,0
scen_000008,alt_scen_000008_00006,alt_scen_000008_00009,90.0,1,0,0,1,1,0,0,0,0.32,1,1
scen_000008,alt_scen_000008_00006,alt_scen_000008_00010,110.0,1,0,0,1,1,0,0,0,0.32,1,1
scen_000008,alt_scen_000008_00006,alt_scen_000008_00011,120.0,1,0,0,0,0,0,0,0,0.59,1,1
scen_000008,alt_scen_000008_00006,alt_scen_000008_00012,130.0,1,0,0,1,1,0,0,0,0.25,1,1
scen_000008,alt_scen_000008_00006,alt_scen_000008_00013,130.0,1,0,0,0,0,0,0,0,0.85,1,1
scen_000008,alt_scen_000008_00006,alt_scen_000008_00014,180.0,1,0,0,0,0,0,0,0,0.21,1,1
scen_000008,alt_scen_000008_00007,alt_scen_000008_00008,10.0,1,0,0,0,0,0,0,0,0.44,1,1
scen_000008,alt_scen_000008_00007,alt_scen_000008_00035,35.0,0,0,0,0,0,0,2,0,0.67,1,0
scen_000008,alt_scen_000008_00007,alt_scen_000008_00009,40.0,1,0,0,1,1,0,0,0,0.53,1,1
scen_000008,alt_scen_000008_00007,alt_scen_000008_00010,60.0,1,0,0,1,1,0,0,0,0.76,1,1
scen_000008,alt_scen_000008_00007,alt_scen_000008_00011,70.0,1,0,0,0,0,0,0,0,0.31,1,1
scen_000008,alt_scen_000008_00007,alt_scen_000008_00012,80.0,1,0,0,1,1,0,0,0,0.73,1,1
scen_000008,alt_scen_000008_00007,alt_scen_000008_00013,80.0,1,0,0,0,0,0,0,0,0.56,1,1
scen_000008,alt_scen_000008_00007,alt_scen_000008_00014,130.0,1,0,0,0,0,0,0,0,0.54,1,1
scen_000008,alt_scen_000008_00007,alt_scen_000008_00015,180.0,1,0,0,1,1,0,0,0,0.14,1,1
scen_000008,alt_scen_000008_00008,alt_scen_000008_00035,25.0,0,0,0,0,1,0,2,0,0.48,1,0
scen_000008,alt_scen_000008_00008,alt_scen_000008_00009,30.0,1,0,0,0,0,0,0,0,0.65,1,1
scen_000008,alt_scen_000008_00008,alt_scen_000008_00010,50.0,1,0,0,0,0,0,0,0,0.13,1,1
scen_000008,alt_scen_000008_00008,alt_scen_000008_00011,60.0,1,0,0,1,1,0,0,0,0.8,1,1
scen_000008,alt_scen_000008_00008,alt_scen_000008_00012,70.0,1,0,0,0,0,0,0,0,0.43,1,1
scen_000008,alt_scen_000008_00008,alt_scen_000008_00013,70.0,1,0,0,1,1,0,0,0,0.2,1,1
scen_000008,alt_scen_000008_00008,alt_scen_000008_00014,120.0,1,0,0,1,1,0,0,0,0.56,1,1
scen_000008,alt_scen_000008_00008,alt_scen_000008_00015,170.0,1,0,0,0,0,0,0,0,0.66,1,1
scen_000008,alt_scen_000008_00008,alt_scen_000008_00016,190.0,1,0,0,1,1,0,0,0,0.32,1,1
scen_000008,alt_scen_000008_00035,alt_scen_000008_00009,5.0,0,0,0,0,0,0,2,0,0.56,1,0
scen_000008,alt_scen_000008_00035,alt_scen_000008_00010,25.0,0,0,0,0,0,0,2,0,0.75,1,0
scen_000008,alt_scen_000008_00035,alt_scen_000008_00011,35.0,0,0,0,0,1,0,2,0,0.43,1,0
scen_000008,alt_scen_000008_00035,alt_scen_000008_00012,45.0,0,0,0,0,0,0,2,0,0.44,1,0
scen_000008,alt_scen_000008_00035,alt_scen_000008_00013,45.0,0,0,0,0,1,0,2,0,0.42,1,0
scen_000008,alt_scen_000008_00035,alt_scen_000008_00014,95.0,0,0,0,0,1,0,2,0,0.88,1,0
scen_000008,alt_scen_000008_00035,alt_scen_000008_00015,145.0,0,0,0,0,0,0,2,0,0.28,1,0
scen_000008,alt_scen_000008_00035,alt_scen_000008_00016,165.0,0,0,0,0,1,0,2,0,0.6,1,0
scen_000008,alt_scen_000008_00035,alt_scen_000008_00018,201.14,0,0,0,0,0,0,2,0,0.87,1,0
scen_000008,alt_scen_000008_00009,alt_scen_000008_00010,20.0,1,0,0,1,1,0,0,0,0.73,1,1
scen_000008,alt_scen_000008_00009,alt_scen_000008_00011,30.0,1,0,0,0,0,0,0,0,0.48,1,1
scen_000008,alt_scen_000008_00009,alt_scen_000008_00012,40.0,1,0,0,1,1,0,0,0,0.58,1,1
scen_000008,alt_scen_000008_00009,alt_scen_000008_00013,40.0,1,0,0,0,0,0,0,0,0.53,1,1
scen_000008,alt_scen_000008_00009,alt_scen_000008_00014,90.0,1,0,0,0,0,0,0,0,0.49,1,1
scen_000008,alt_scen_000008_00009,alt_scen_000008_00015,140.0,1,0,0,1,1,0,0,0,0.72,1,1
scen_000008,alt_scen_000008_00009,alt_scen_000008_00016,160.0,1,0,0,0,0,0,0,0,0.21,1,1
scen_000008,alt_scen_000008_00009,alt_scen_000008_00018,196.14,1,0,0,1,1,0,0,0,0.45,1,1
scen_000008,alt_scen_000008_00009,alt_scen_000008_00017,200.0,1,0,0,1,1,0,0,0,0.59,1,1
scen_000008,alt_scen_000008_00010,alt_scen_000008_00011,10.0,1,0,0,0,0,0,0,0,0.12,1,1
scen_000008,alt_scen_000008_00010,alt_scen_000008_00012,20.0,1,0,0,1,1,0,0,0,0.78,1,1
scen_000008,alt_scen_000008_00010,alt_scen_000008_00013,20.0,1,0,0,0,0,0,0,0,0.2,1,1
scen_000008,alt_scen_000008_00010,alt_scen_000008_00014,70.0,1,0,0,0,0,0,0,0,0.15,1,1
scen_000008,alt_scen_000008_00010,alt_scen_000008_00015,120.0,1,0,0,1,1,0,0,0,0.22,1,1
scen_000008,alt_scen_000008_00010,alt_scen_000008_00016,140.0,1,0,0,0,0,0,0,0,0.88,1,1
scen_000008,alt_scen_000008_00010,alt_scen_000008_00018,176.14,1,0,0,1,1,0,0,0,0.76,1,1
scen_000008,alt_scen_000008_00010,alt_scen_000008_00017,180.0,1,0,0,1,1,0,0,0,0.71,1,1
scen_000008,alt_scen_000008_00010,alt_scen_000008_00019,210.0,1,0,0,1,1,0,0,0,0.51,1,1
scen_000008,alt_scen_000008_00011,alt_scen_000008_00012,10.0,1,0,0,0,0,0,0,0,0.9,1,1
scen_000008,alt_scen_000008_00011,alt_scen_000008_00013,10.0,1,0,0,1,1,0,0,0,0.11,1,1
scen_000008,alt_scen_000008_00011,alt_scen_000008_00014,60.0,1,0,0,1,1,0,0,0,0.3,1,1
scen_000008,alt_scen_000008_00011,alt_scen_000008_00015,110.0,1,0,0,0,0,0,0,0,0.53,1,1
scen_000008,alt_scen_000008_00011,alt_scen_000008_00016,130.0,1,0,0,1,1,0,0,0,0.5,1,1
scen_000008,alt_scen_000008_00011,alt_scen_000008_00018,166.14,1,0,0,0,0,0,0,0,0.75,1,1
scen_000008,alt_scen_000008_00011,alt_scen_000008_00017,170.0,1,0,0,0,0,0,0,0,0.25,1,1
scen_000008,alt_scen_000008_00011,alt_scen_000008_00019,200.0,1,0,0,0,0,0,0,0,0.26,1,1
scen_000008,alt_scen_000008_00011,alt_scen_000008_00020,250.0,1,0,0,0,0,0,0,0,0.39,1,1
scen_000008,alt_scen_000008_00012,alt_scen_000008_00013,0.0,1,0,0,0,0,0,0,0,0.5,1,1
scen_000008,alt_scen_000008_00012,alt_scen_000008_00014,50.0,1,0,0,0,0,0,0,0,0.22,1,1
scen_000008,alt_scen_000008_00012,alt_scen_000008_00015,100.0,1,0,0,1,1,0,0,0,0.67,1,1
scen_000008,alt_scen_000008_00012,alt_scen_000008_00016,120.0,1,0,0,0,0,0,0,0,0.11,1,1
scen_000008,alt_scen_000008_00012,alt_scen_000008_00018,156.14,1,0,0,1,1,0,0,0,0.88,1,1
scen_000008,alt_scen_000008_00012,alt_scen_000008_00017,160.0,1,0,0,1,1,0,0,0,0.75,1,1
scen_000008,alt_scen_000008_00012,alt_scen_000008_00019,190.0,1,0,0,1,1,0,0,0,0.18,1,1
scen_000008,alt_scen_000008_00012,alt_scen_000008_00020,240.0,1,0,0,1,1,0,0,0,0.64,1,1
scen_000008,alt_scen_000008_00012,alt_scen_000008_00022,245.77,1,0,0,1,1,0,0,0,0.57,1,1
scen_000008,alt_scen_000008_00013,alt_scen_000008_00014,50.0,1,0,0,1,1,0,0,0,0.16,1,1
scen_000008,alt_scen_000008_00013,alt_scen_000008_00015,100.0,1,0,0,0,0,0,0,0,0.62,1,1
scen_000008,alt_scen_000008_00013,alt_scen_000008_00016,120.0,1,0,0,1,1,0,0,0,0.27,1,1
scen_000008,alt_scen_000008_00013,alt_scen_000008_00018,156.14,1,0,0,0,0,0,0,0,0.84,1,1
scen_000008,alt_scen_000008_00013,alt_scen_000008_00017,160.0,1,0,0,0,0,0,0,0,0.28,1,1
scen_000008,alt_scen_000008_00013,alt_scen_000008_00019,190.0,1,0,0,0,0,0,0,0,0.19,1,1
scen_000008,alt_scen_000008_00013,alt_scen_000008_00020,240.0,1,0,0,0,0,0,0,0,0.8,1,1
scen_000008,alt_scen_000008_00013,alt_scen_000008_00022,245.77,1,0,0,0,0,0,0,0,0.27,1,1
scen_000008,alt_scen_000008_00013,alt_scen_000008_00021,250.0,1,0,0,0,0,0,0,0,0.62,1,1
scen_000008,alt_scen_000008_00014,alt_scen_000008_00015,50.0,1,0,0,0,0,0,0,0,0.45,1,1
scen_000008,alt_scen_000008_00014,alt_scen_000008_00016,70.0,1,0,0,1,1,0,0,0,0.17,1,1
scen_000008,alt_scen_000008_00014,alt_scen_000008_00018,106.14,1,0,0,0,0,0,0,0,0.55,1,1
scen_000008,alt_scen_000008_00014,alt_scen_000008_00017,110.0,1,0,0,0,0,0,0,0,0.82,1,1
scen_000008,alt_scen_000008_00014,alt_scen_000008_00019,140.0,1,0,0,0,0,0,0,0,0.54,1,1
scen_000008,alt_scen_000008_00014,alt_scen_000008_00020,190.0,1,0,0,0,0,0,0,0,0.27,1,1
scen_000008,alt_scen_000008_00014,alt_scen_000008_00022,195.77,1,0,0,0,0,0,0,0,0.58,1,1
scen_000008,alt_scen_000008_00014,alt_scen_000008_00021,200.0,1,0,0,0,0,0,0,0,0.31,1,1
scen_000008,alt_scen_000008_00014,alt_scen_000008_00023,210.0,1,0,0,0,0,0,0,0,0.52,1,1
scen_000008,alt_scen_000008_00015,alt_scen_000008_00016,20.0,1,0,0,0,0,0,0,0,0.81,1,1
scen_000008,alt_scen_000008_00015,alt_scen_000008_00018,56.14,1,0,0,1,1,0,0,0,0.3,1,1
scen_000008,alt_scen_000008_00015,alt_scen_000008_00017,60.0,1,0,0,1,1,0,0,0,0.12,1,1
scen_000008,alt_scen_000008_00015,alt_scen_000008_00019,90.0,1,0,0,1,1,0,0,0,0.66,1,1
scen_000008,alt_scen_000008_00015,alt_scen_000008_00020,140.0,1,0,0,1,1,0,0,0,0.6,1,1
scen_000008,alt_scen_000008_00015,alt_scen_000008_00022,145.77,1,0,0,1,1,0,0,0,0.54,1,1
scen_000008,alt_scen_000008_00015,alt_scen_000008_00021,150.0,1,0,0,1,1,0,0,0,0.83,1,1
scen_000008,alt_scen_000008_00015,alt_scen_000008_00023,160.0,1,0,0,1,1,0,0,0,0.14,1,1
scen_000008,alt_scen_000008_00015,alt_scen_000008_00024,190.0,1,0,0,0,0,0,0,0,0.52,1,1
scen_000008,alt_scen_000008_00016,alt_scen_000008_00018,36.14,1,0,0,0,0,0,0,0,0.47,1,1
scen_000008,alt_scen_000008_00016,alt_scen_000008_00017,40.0,1,0,0,0,0,0,0,0,0.54,1,1
scen_000008,alt_scen_000008_00016,alt_scen_000008_00019,70.0,1,0,0,0,0,0,0,0,0.24,1,1
scen_000008,alt_scen_000008_00016,alt_scen_000008_00020,120.0,1,0,0,0,0,0,0,0,0.2,1,1
scen_000008,alt_scen_000008_00016,alt_scen_000008_00022,125.77,1,0,0,0,0,0,0,0,0.17,1,1
scen_000008,alt_scen_000008_00016,alt_scen_000008_00021,130.0,1,0,0,0,0,0,0,0,0.47,1,1
scen_000008,alt_scen_000008_00016,alt_scen_000008_00023,140.0,1,0,0,0,0,0,0,0,0.3,1,1
scen_000008,alt_scen_000008_00016,alt_scen_000008_00024,170.0,1,0,0,1,1,0,0,0,0.58,1,1
scen_000008,alt_scen_000008_00016,alt_scen_000008_00025,190.0,1,0,0,0,0,0,0,0,0.76,1,1
scen_000008,alt_scen_000008_00018,alt_scen_000008_00017,3.86,1,0,0,1,1,0,0,0,0.33,1,1
scen_000008,alt_scen_000008_00018,alt_scen_000008_00019,33.86,1,0,0,1,1,0,0,0,0.48,1,1
scen_000008,alt_scen_000008_00018,alt_scen_000008_00020,83.86,1,0,0,1,1,0,0,0,0.49,1,1
scen_000008,alt_scen_000008_00018,alt_scen_000008_00022,89.63,1,0,0,1,1,0,0,0,0.34,1,1
scen_000008,alt_scen_000008_00018,alt_scen_000008_00021,93.86,1,0,0,1,1,0,0,0,0.88,1,1
scen_000008,alt_scen_000008_00018,alt_scen_000008_00023,103.86,1,0,0,1,1,0,0,0,0.15,1,1
scen_000008,alt_scen_000008_00018,alt_scen_000008_00024,133.86,1,0,0,0,0,0,0,0,0.78,1,1
scen_000008,alt_scen_000008_00018,alt_scen_000008_00025,153.86,1,0,0,1,1,0,0,0,0.89,1,1
scen_000008,alt_scen_000008_00018,alt_scen_000008_00026,153.86,1,0,0,0,0,0,0,0,0.84,1,1
scen_000008,alt_scen_000008_00017,alt_scen_000008_00019,30.0,1,0,0,1,1,0,0,0,0.68,1,1
scen_000008,alt_scen_000008_00017,alt_scen_000008_00020,80.0,1,0,0,1,1,0,0,0,0.51,1,1
scen_000008,alt_scen_000008_00017,alt_scen_000008_00022,85.77,1,0,0,1,1,0,0,0,0.28,1,1
scen_000008,alt_scen_000008_00017,alt_scen_000008_00021,90.0,1,0,0,1,1,0,0,0,0.59,1,1
scen_000008,alt_scen_000008_00017,alt_scen_000008_00023,100.0,1,0,0,1,1,0,0,0,0.67,1,1
scen_000008,alt_scen_000008_00017,alt_scen_000008_00024,130.0,1,0,0,0,0,0,0,0,0.62,1,1
scen_000008,alt_scen_000008_00017,alt_scen_000008_00025,150.0,1,0,0,1,1,0,0,0,0.11,1,1
scen_000008,alt_scen_000008_00017,alt_scen_000008_00026,150.0,1,0,0,0,0,0,0,0,0.78,1,1
scen_000008,alt_scen_000008_00017,alt_scen_000008_00034,175.0,0,0,0,0,0,0,2,0,0.4,1,0
scen_000008,alt_scen_000008_00019,alt_scen_000008_00020,50.0,1,0,0,1,1,0,0,0,0.3,1,1
scen_000008,alt_scen_000008_00019,alt_scen_000008_00022,55.77,1,0,0,1,1,0,0,0,0.51,1,1
scen_000008,alt_scen_000008_00019,alt_scen_000008_00021,60.0,1,0,0,1,1,0,0,0,0.65,1,1
scen_000008,alt_scen_000008_00019,alt_scen_000008_00023,70.0,1,0,0,1,1,0,0,0,0.39,1,1
scen_000008,alt_scen_000008_00019,alt_scen_000008_00024,100.0,1,0,0,0,0,0,0,0,0.41,1,1
scen_000008,alt_scen_000008_00019,alt_scen_000008_00025,120.0,1,0,0,1,1,0,0,0,0.67,1,1
scen_000008,alt_scen_000008_00019,alt_scen_000008_00026,120.0,1,0,0,0,0,0,0,0,0.46,1,1
scen_000008,alt_scen_000008_00019,alt_scen_000008_00034,145.0,0,0,0,0,0,0,2,0,0.17,1,0
scen_000008,alt_scen_000008_00019,alt_scen_000008_00027,150.0,1,0,0,1,1,0,0,0,0.83,1,1
scen_000008,alt_scen_000008_00020,alt_scen_000008_00022,5.77,1,0,0,1,1,0,0,0,0.47,1,1
scen_000008,alt_scen_000008_00020,alt_scen_000008_00021,10.0,1,0,0,1,1,0,0,0,0.31,1,1
scen_000008,alt_scen_000008_00020,alt_scen_000008_00023,20.0,1,0,0,1,1,0,0,0,0.81,1,1
scen_000008,alt_scen_000008_00020,alt_scen_000008_00024,50.0,1,0,0,0,0,0,0,0,0.29,1,1
scen_000008,alt_scen_000008_00020,alt_scen_000008_00025,70.0,1,0,0,1,1,0,0,0,0.11,1,1
scen_000008,alt_scen_000008_00020,alt_scen_000008_00026,70.0,1,0,0,0,0,0,0,0,0.15,1,1
scen_000008,alt_scen_000008_00020,alt_scen_000008_00034,95.0,0,0,0,0,0,0,2,0,0.38,1,0
scen_000008,alt_scen_000008_00020,alt_scen_000008_00027,100.0,1,0,0,1,1,0,0,0,0.79,1,1
scen_000008,alt_scen_000008_00020,alt_scen_000008_00028,120.0,1,0,0,1,1,0,0,0,0.65,1,1
scen_000008,alt_scen_000008_00022,alt_scen_000008_00021,4.23,1,0,0,1,1,0,0,0,0.37,1,1
scen_000008,alt_scen_000008_00022,alt_scen_000008_00023,14.23,1,0,0,1,1,0,0,0,0.44,1,1
scen_000008,alt_scen_000008_00022,alt_scen_000008_00024,44.23,1,0,0,0,0,0,0,0,0.7,1,1
scen_000008,alt_scen_000008_00022,alt_scen_000008_00025,64.23,1,0,0,1,1,0,0,0,0.23,1,1
scen_000008,alt_scen_000008_00022,alt_scen_000008_00026,64.23,1,0,0,0,0,0,0,0,0.18,1,1
scen_000008,alt_scen_000008_00022,alt_scen_000008_00034,89.23,0,0,0,0,0,0,2,0,0.35,1,0
scen_000008,alt_scen_000008_00022,alt_scen_000008_00027,94.23,1,0,0,1,1,0,0,0,0.12,1,1
scen_000008,alt_scen_000008_00022,alt_scen_000008_00028,114.23,1,0,0,1,1,0,0,0,0.42,1,1
scen_000008,alt_scen_000008_00022,alt_scen_000008_00029,114.23,1,0,0,0,0,0,0,0,0.5,1,1
scen_000008,alt_scen_000008_00021,alt_scen_000008_00023,10.0,1,0,0,1,1,0,0,0,0.6,1,1
scen_000008,alt_scen_000008_00021,alt_scen_000008_00024,40.0,1,0,0,0,0,0,0,0,0.49,1,1
scen_000008,alt_scen_000008_00021,alt_scen_000008_00025,60.0,1,0,0,1,1,0,0,0,0.22,1,1
scen_000008,alt_scen_000008_00021,alt_scen_000008_00026,60.0,1,0,0,0,0,0,0,0,0.39,1,1
scen_000008,alt_scen_000008_00021,alt_scen_000008_00034,85.0,0,0,0,0,0,0,2,0,0.13,1,0
scen_000008,alt_scen_000008_00021,alt_scen_000008_00027,90.0,1,0,0,1,1,0,0,0,0.54,1,1
scen_000008,alt_scen_000008_00021,alt_scen_000008_00028,110.0,1,0,0,1,1,0,0,0,0.54,1,1
scen_000008,alt_scen_000008_00021,alt_scen_000008_00029,110.0,1,0,0,0,0,0,0,0,0.22,1,1
scen_000008,alt_scen_000008_00021,alt_scen_000008_00030,114.15,1,0,0,0,0,0,0,0,0.17,1,1
scen_000008,alt_scen_000008_00023,alt_scen_000008_00024,30.0,1,0,0,0,0,0,0,0,0.29,1,1
scen_000008,alt_scen_000008_00023,alt_scen_000008_00025,50.0,1,0,0,1,1,0,0,0,0.85,1,1
scen_000008,alt_scen_000008_00023,alt_scen_000008_00026,50.0,1,0,0,0,0,0,0,0,0.78,1,1
scen_000008,alt_scen_000008_00023,alt_scen_000008_00034,75.0,0,0,0,0,0,0,2,0,0.83,1,0
scen_000008,alt_scen_000008_00023,alt_scen_000008_00027,80.0,1,0,0,1,1,0,0,0,0.58,1,1
scen_000008,alt_scen_000008_00023,alt_scen_000008_00028,100.0,1,0,0,1,1,0,0,0,0.42,1,1
scen_000008,alt_scen_000008_00023,alt_scen_000008_00029,100.0,1,0,0,0,0,0,0,0,0.81,1,1
scen_000008,alt_scen_000008_00023,alt_scen_000008_00030,104.15,1,0,0,0,0,0,0,0,0.11,1,1
scen_000008,alt_scen_000008_00023,alt_scen_000008_00031,110.0,1,0,0,0,0,0,0,0,0.17,1,1
scen_000008,alt_scen_000008_00024,alt_scen_000008_00025,20.0,1,0,0,0,0,0,0,0,0.57,1,1
scen_000008,alt_scen_000008_00024,alt_scen_000008_00026,20.0,1,0,0,1,1,0,0,0,0.78,1,1
scen_000008,alt_scen_000008_00024,alt_scen_000008_00034,45.0,0,0,0,0,1,0,2,0,0.65,1,0
scen_000008,alt_scen_000008_00024,alt_scen_000008_00027,50.0,1,0,0,0,0,0,0,0,0.45,1,1
scen_000008,alt_scen_000008_00024,alt_scen_000008_00028,70.0,1,0,0,0,0,0,0,0,0.78,1,1
scen_000008,alt_scen_000008_00024,alt_scen_000008_00029,70.0,1,0,0,1,1,0,0,0,0.79,1,1
scen_000008,alt_scen_000008_00024,alt_scen_000008_00030,74.15,1,0,0,1,1,0,0,0,0.43,1,1
scen_000008,alt_scen_000008_00024,alt_scen_000008_00031,80.0,1,0,0,1,1,0,0,0,0.9,1,1
scen_000008,alt_scen_000008_00024,alt_scen_000008_00032,90.0,1,0,0,0,0,0,0,0,0.24,1,1
scen_000008,alt_scen_000008_00025,alt_scen_000008_00026,0.0,1,0,0,0,0,0,0,0,0.49,1,1
scen_000008,alt_scen_000008_00025,alt_scen_000008_00034,25.0,0,0,0,0,0,0,2,0,0.27,1,0
scen_000008,alt_scen_000008_00025,alt_scen_000008_00027,30.0,1,0,0,1,1,0,0,0,0.59,1,1
scen_000008,alt_scen_000008_00025,alt_scen_000008_00028,50.0,1,0,0,1,1,0,0,0,0.12,1,1
scen_000008,alt_scen_000008_00025,alt_scen_000008_00029,50.0,1,0,0,0,0,0,0,0,0.68,1,1
scen_000008,alt_scen_000008_00025,alt_scen_000008_00030,54.15,1,0,0,0,0,0,0,0,0.54,1,1
scen_000008,alt_scen_000008_00025,alt_scen_000008_00031,60.0,1,0,0,0,0,0,0,0,0.48,1,1
scen_000008,alt_scen_000008_00025,alt_scen_000008_00032,70.0,1,0,0,1,1,0,0,0,0.7,1,1
scen_000008,alt_scen_000008_00026,alt_scen_000008_00034,25.0,0,0,0,0,1,0,2,0,0.62,1,0
scen_000008,alt_scen_000008_00026,alt_scen_000008_00027,30.0,1,0,0,0,0,0,0,0,0.14,1,1
scen_000008,alt_scen_000008_00026,alt_scen_000008_00028,50.0,1,0,0,0,0,0,0,0,0.56,1,1
scen_000008,alt_scen_000008_00026,alt_scen_000008_00029,50.0,1,0,0,1,1,0,0,0,0.13,1,1
scen_000008,alt_scen_000008_00026,alt_scen_000008_00030,54.15,1,0,0,1,1,0,0,0,0.68,1,1
scen_000008,alt_scen_000008_00026,alt_scen_000008_00031,60.0,1,0,0,1,1,0,0,0,0.85,1,1
scen_000008,alt_scen_000008_00026,alt_scen_000008_00032,70.0,1,0,0,0,0,0,0,0,0.87,1,1
scen_000008,alt_scen_000008_00034,alt_scen_000008_00027,5.0,0,0,0,0,0,0,2,0,0.49,1,0
scen_000008,alt_scen_000008_00034,alt_scen_000008_00028,25.0,0,0,0,0,0,0,2,0,0.81,1,0
scen_000008,alt_scen_000008_00034,alt_scen_000008_00029,25.0,0,0,0,0,1,0,2,0,0.22,1,0
scen_000008,alt_scen_000008_00034,alt_scen_000008_00030,29.15,0,0,0,0,1,0,2,0,0.62,1,0
scen_000008,alt_scen_000008_00034,alt_scen_000008_00031,35.0,0,0,0,0,1,0,2,0,0.84,1,0
scen_000008,alt_scen_000008_00034,alt_scen_000008_00032,45.0,0,0,0,0,0,0,2,0,0.88,1,0
scen_000008,alt_scen_000008_00027,alt_scen_000008_00028,20.0,1,0,0,1,1,0,0,0,0.7,1,1
scen_000008,alt_scen_000008_00027,alt_scen_000008_00029,20.0,1,0,0,0,0,0,0,0,0.33,1,1
scen_000008,alt_scen_000008_00027,alt_scen_000008_00030,24.15,1,0,0,0,0,0,0,0,0.24,1,1
scen_000008,alt_scen_000008_00027,alt_scen_000008_00031,30.0,1,0,0,0,0,0,0,0,0.18,1,1
scen_000008,alt_scen_000008_00027,alt_scen_000008_00032,40.0,1,0,0,1,1,0,0,0,0.25,1,1
scen_000008,alt_scen_000008_00028,alt_scen_000008_00029,0.0,1,0,0,0,0,0,0,0,0.59,1,1
scen_000008,alt_scen_000008_00028,alt_scen_000008_00030,4.15,1,0,0,0,0,0,0,0,0.52,1,1
scen_000008,alt_scen_000008_00028,alt_scen_000008_00031,10.0,1,0,0,0,0,0,0,0,0.17,1,1
scen_000008,alt_scen_000008_00028,alt_scen_000008_00032,20.0,1,0,0,1,1,0,0,0,0.22,1,1
scen_000008,alt_scen_000008_00029,alt_scen_000008_00030,4.15,1,0,0,1,1,0,0,0,0.6,1,1
scen_000008,alt_scen_000008_00029,alt_scen_000008_00031,10.0,1,0,0,1,1,0,0,0,0.74,1,1
scen_000008,alt_scen_000008_00029,alt_scen_000008_00032,20.0,1,0,0,0,0,0,0,0,0.74,1,1
scen_000008,alt_scen_000008_00030,alt_scen_000008_00031,5.85,1,0,0,1,1,0,0,0,0.74,1,1
scen_000008,alt_scen_000008_00030,alt_scen_000008_00032,15.85,1,0,0,0,0,0,0,0,0.52,1,1
scen_000008,alt_scen_000008_00031,alt_scen_000008_00032,10.0,1,0,0,0,0,0,0,0,0.51,1,1
scen_000009,alt_scen_000009_00092,alt_scen_000009_00093,42.0,0,0,0,1,1,0,2,0,0.88,1,0
scen_000009,alt_scen_000009_00092,alt_scen_000009_00095,96.0,0,0,0,1,1,0,2,0,0.13,1,0
scen_000009,alt_scen_000009_00092,alt_scen_000009_00094,115.0,0,0,0,1,1,0,2,0,0.3,1,0
scen_000009,alt_scen_000009_00092,alt_scen_000009_00001,282.0,0,0,0,0,0,1,1,1,0.32,1,0
scen_000009,alt_scen_000009_00092,alt_scen_000009_00002,292.0,0,0,0,0,1,1,1,1,0.23,1,0
scen_000009,alt_scen_000009_00092,alt_scen_000009_00003,302.0,0,0,0,0,0,1,1,1,0.64,0,0
scen_000009,alt_scen_000009_00092,alt_scen_000009_00004,362.0,0,0,0,0,1,1,1,1,0.52,0,0
scen_000009,alt_scen_000009_00092,alt_scen_000009_00005,392.0,0,0,0,0,1,1,1,1,0.47,0,0
scen_000009,alt_scen_000009_00092,alt_scen_000009_00006,412.0,0,0,0,0,1,1,1,1,0.68,0,0
scen_000009,alt_scen_000009_00093,alt_scen_000009_00095,54.0,0,0,0,1,1,0,2,0,0.76,1,0
scen_000009,alt_scen_000009_00093,alt_scen_000009_00094,73.0,0,0,0,1,1,0,2,0,0.63,1,0
scen_000009,alt_scen_000009_00093,alt_scen_000009_00001,240.0,0,0,0,0,0,1,1,1,0.58,1,0
scen_000009,alt_scen_000009_00093,alt_scen_000009_00002,250.0,0,0,0,0,1,1,1,1,0.31,1,0
scen_000009,alt_scen_000009_00093,alt_scen_000009_00003,260.0,0,0,0,0,0,1,1,1,0.47,1,0
scen_000009,alt_scen_000009_00093,alt_scen_000009_00004,320.0,0,0,0,0,1,1,1,1,0.38,0,0
scen_000009,alt_scen_000009_00093,alt_scen_000009_00005,350.0,0,0,0,0,1,1,1,1,0.45,0,0
scen_000009,alt_scen_000009_00093,alt_scen_000009_00006,370.0,0,0,0,0,1,1,1,1,0.19,0,0
scen_000009,alt_scen_000009_00093,alt_scen_000009_00007,390.0,0,0,0,0,0,1,1,1,0.58,0,0
scen_000009,alt_scen_000009_00095,alt_scen_000009_00094,19.0,0,0,0,1,1,0,2,0,0.45,1,0
scen_000009,alt_scen_000009_00095,alt_scen_000009_00001,186.0,0,0,0,0,0,1,1,1,0.82,1,0
scen_000009,alt_scen_000009_00095,alt_scen_000009_00002,196.0,0,0,0,0,1,1,1,1,0.8,1,0
scen_000009,alt_scen_000009_00095,alt_scen_000009_00003,206.0,0,0,0,0,0,1,1,1,0.58,1,0
scen_000009,alt_scen_000009_00095,alt_scen_000009_00004,266.0,0,0,0,0,1,1,1,1,0.66,1,0
scen_000009,alt_scen_000009_00095,alt_scen_000009_00005,296.0,0,0,0,0,1,1,1,1,0.78,1,0
scen_000009,alt_scen_000009_00095,alt_scen_000009_00006,316.0,0,0,0,0,1,1,1,1,0.19,0,0
scen_000009,alt_scen_000009_00095,alt_scen_000009_00007,336.0,0,0,0,0,0,1,1,1,0.28,0,0
scen_000009,alt_scen_000009_00095,alt_scen_000009_00009,384.03,0,0,0,0,0,1,1,1,0.19,0,0
scen_000009,alt_scen_000009_00094,alt_scen_000009_00001,167.0,0,0,0,0,0,1,1,1,0.4,1,0
scen_000009,alt_scen_000009_00094,alt_scen_000009_00002,177.0,0,0,0,0,1,1,1,1,0.45,1,0
scen_000009,alt_scen_000009_00094,alt_scen_000009_00003,187.0,0,0,0,0,0,1,1,1,0.59,1,0
scen_000009,alt_scen_000009_00094,alt_scen_000009_00004,247.0,0,0,0,0,1,1,1,1,0.63,1,0
scen_000009,alt_scen_000009_00094,alt_scen_000009_00005,277.0,0,0,0,0,1,1,1,1,0.35,1,0
scen_000009,alt_scen_000009_00094,alt_scen_000009_00006,297.0,0,0,0,0,1,1,1,1,0.48,1,0
scen_000009,alt_scen_000009_00094,alt_scen_000009_00007,317.0,0,0,0,0,0,1,1,1,0.88,0,0
scen_000009,alt_scen_000009_00094,alt_scen_000009_00009,365.03,0,0,0,0,0,1,1,1,0.64,0,0
scen_000009,alt_scen_000009_00094,alt_scen_000009_00008,367.0,0,0,0,0,0,1,1,1,0.3,0,0
scen_000009,alt_scen_000009_00001,alt_scen_000009_00002,10.0,1,0,0,0,0,0,0,0,0.2,1,1
scen_000009,alt_scen_000009_00001,alt_scen_000009_00003,20.0,1,0,0,1,1,0,0,0,0.74,1,1
scen_000009,alt_scen_000009_00001,alt_scen_000009_00004,80.0,1,0,0,0,0,0,0,0,0.39,1,1
scen_000009,alt_scen_000009_00001,alt_scen_000009_00005,110.0,1,0,0,0,0,0,0,0,0.25,1,1
scen_000009,alt_scen_000009_00001,alt_scen_000009_00006,130.0,1,0,0,0,0,0,0,0,0.71,1,1
scen_000009,alt_scen_000009_00001,alt_scen_000009_00007,150.0,1,0,0,1,1,0,0,0,0.56,1,1
scen_000009,alt_scen_000009_00001,alt_scen_000009_00009,198.03,1,0,0,1,1,0,0,0,0.68,1,1
scen_000009,alt_scen_000009_00001,alt_scen_000009_00008,200.0,1,0,0,1,1,0,0,0,0.32,1,1
scen_000009,alt_scen_000009_00001,alt_scen_000009_00010,270.0,1,0,0,0,0,0,0,0,0.83,1,1
scen_000009,alt_scen_000009_00002,alt_scen_000009_00003,10.0,1,0,0,0,0,0,0,0,0.46,1,1
scen_000009,alt_scen_000009_00002,alt_scen_000009_00004,70.0,1,0,0,1,1,0,0,0,0.47,1,1
scen_000009,alt_scen_000009_00002,alt_scen_000009_00005,100.0,1,0,0,1,1,0,0,0,0.23,1,1
scen_000009,alt_scen_000009_00002,alt_scen_000009_00006,120.0,1,0,0,1,1,0,0,0,0.33,1,1
scen_000009,alt_scen_000009_00002,alt_scen_000009_00007,140.0,1,0,0,0,0,0,0,0,0.43,1,1
scen_000009,alt_scen_000009_00002,alt_scen_000009_00009,188.03,1,0,0,0,0,0,0,0,0.7,1,1
scen_000009,alt_scen_000009_00002,alt_scen_000009_00008,190.0,1,0,0,0,0,0,0,0,0.18,1,1
scen_000009,alt_scen_000009_00002,alt_scen_000009_00010,260.0,1,0,0,1,1,0,0,0,0.54,1,1
scen_000009,alt_scen_000009_00002,alt_scen_000009_00012,278.02,1,0,0,0,0,0,0,0,0.33,1,1
scen_000009,alt_scen_000009_00003,alt_scen_000009_00004,60.0,1,0,0,0,0,0,0,0,0.11,1,1
scen_000009,alt_scen_000009_00003,alt_scen_000009_00005,90.0,1,0,0,0,0,0,0,0,0.87,1,1
scen_000009,alt_scen_000009_00003,alt_scen_000009_00006,110.0,1,0,0,0,0,0,0,0,0.87,1,1
scen_000009,alt_scen_000009_00003,alt_scen_000009_00007,130.0,1,0,0,1,1,0,0,0,0.55,1,1
scen_000009,alt_scen_000009_00003,alt_scen_000009_00009,178.03,1,0,0,1,1,0,0,0,0.54,1,1
scen_000009,alt_scen_000009_00003,alt_scen_000009_00008,180.0,1,0,0,1,1,0,0,0,0.46,1,1
scen_000009,alt_scen_000009_00003,alt_scen_000009_00010,250.0,1,0,0,0,0,0,0,0,0.85,1,1
scen_000009,alt_scen_000009_00003,alt_scen_000009_00012,268.02,1,0,0,1,1,0,0,0,0.56,1,1
scen_000009,alt_scen_000009_00003,alt_scen_000009_00011,270.0,1,0,0,1,1,0,0,0,0.3,1,1
scen_000009,alt_scen_000009_00004,alt_scen_000009_00005,30.0,1,0,0,1,1,0,0,0,0.12,1,1
scen_000009,alt_scen_000009_00004,alt_scen_000009_00006,50.0,1,0,0,1,1,0,0,0,0.76,1,1
scen_000009,alt_scen_000009_00004,alt_scen_000009_00007,70.0,1,0,0,0,0,0,0,0,0.11,1,1
scen_000009,alt_scen_000009_00004,alt_scen_000009_00009,118.03,1,0,0,0,0,0,0,0,0.34,1,1
scen_000009,alt_scen_000009_00004,alt_scen_000009_00008,120.0,1,0,0,0,0,0,0,0,0.16,1,1
scen_000009,alt_scen_000009_00004,alt_scen_000009_00010,190.0,1,0,0,1,1,0,0,0,0.12,1,1
scen_000009,alt_scen_000009_00004,alt_scen_000009_00012,208.02,1,0,0,0,0,0,0,0,0.48,1,1
scen_000009,alt_scen_000009_00004,alt_scen_000009_00011,210.0,1,0,0,0,0,0,0,0,0.43,1,1
scen_000009,alt_scen_000009_00004,alt_scen_000009_00013,220.0,1,0,0,1,1,0,0,0,0.42,1,1
scen_000009,alt_scen_000009_00005,alt_scen_000009_00006,20.0,1,0,0,1,1,0,0,0,0.16,1,1
scen_000009,alt_scen_000009_00005,alt_scen_000009_00007,40.0,1,0,0,0,0,0,0,0,0.18,1,1
scen_000009,alt_scen_000009_00005,alt_scen_000009_00009,88.03,1,0,0,0,0,0,0,0,0.32,1,1
scen_000009,alt_scen_000009_00005,alt_scen_000009_00008,90.0,1,0,0,0,0,0,0,0,0.85,1,1
scen_000009,alt_scen_000009_00005,alt_scen_000009_00010,160.0,1,0,0,1,1,0,0,0,0.73,1,1
scen_000009,alt_scen_000009_00005,alt_scen_000009_00012,178.02,1,0,0,0,0,0,0,0,0.48,1,1
scen_000009,alt_scen_000009_00005,alt_scen_000009_00011,180.0,1,0,0,0,0,0,0,0,0.53,1,1
scen_000009,alt_scen_000009_00005,alt_scen_000009_00013,190.0,1,0,0,1,1,0,0,0,0.69,1,1
scen_000009,alt_scen_000009_00005,alt_scen_000009_00014,200.0,1,0,0,0,0,0,0,0,0.24,1,1
scen_000009,alt_scen_000009_00006,alt_scen_000009_00007,20.0,1,0,0,0,0,0,0,0,0.75,1,1
scen_000009,alt_scen_000009_00006,alt_scen_000009_00009,68.03,1,0,0,0,0,0,0,0,0.41,1,1
scen_000009,alt_scen_000009_00006,alt_scen_000009_00008,70.0,1,0,0,0,0,0,0,0,0.7,1,1
scen_000009,alt_scen_000009_00006,alt_scen_000009_00010,140.0,1,0,0,1,1,0,0,0,0.56,1,1
scen_000009,alt_scen_000009_00006,alt_scen_000009_00012,158.02,1,0,0,0,0,0,0,0,0.85,1,1
scen_000009,alt_scen_000009_00006,alt_scen_000009_00011,160.0,1,0,0,0,0,0,0,0,0.69,1,1
scen_000009,alt_scen_000009_00006,alt_scen_000009_00013,170.0,1,0,0,1,1,0,0,0,0.58,1,1
scen_000009,alt_scen_000009_00006,alt_scen_000009_00014,180.0,1,0,0,0,0,0,0,0,0.81,1,1
scen_000009,alt_scen_000009_00006,alt_scen_000009_00015,190.0,1,0,0,1,1,0,0,0,0.83,1,1
scen_000009,alt_scen_000009_00007,alt_scen_000009_00009,48.03,1,0,0,1,1,0,0,0,0.9,1,1
scen_000009,alt_scen_000009_00007,alt_scen_000009_00008,50.0,1,0,0,1,1,0,0,0,0.42,1,1
scen_000009,alt_scen_000009_00007,alt_scen_000009_00010,120.0,1,0,0,0,0,0,0,0,0.31,1,1
scen_000009,alt_scen_000009_00007,alt_scen_000009_00012,138.02,1,0,0,1,1,0,0,0,0.43,1,1
scen_000009,alt_scen_000009_00007,alt_scen_000009_00011,140.0,1,0,0,1,1,0,0,0,0.22,1,1
scen_000009,alt_scen_000009_00007,alt_scen_000009_00013,150.0,1,0,0,0,0,0,0,0,0.32,1,1
scen_000009,alt_scen_000009_00007,alt_scen_000009_00014,160.0,1,0,0,1,1,0,0,0,0.38,1,1
scen_000009,alt_scen_000009_00007,alt_scen_000009_00015,170.0,1,0,0,0,0,0,0,0,0.19,1,1
scen_000009,alt_scen_000009_00007,alt_scen_000009_00016,190.0,1,0,0,1,1,0,0,0,0.3,1,1
scen_000009,alt_scen_000009_00009,alt_scen_000009_00008,1.97,1,0,0,1,1,0,0,0,0.41,1,1
scen_000009,alt_scen_000009_00009,alt_scen_000009_00010,71.97,1,0,0,0,0,0,0,0,0.21,1,1
scen_000009,alt_scen_000009_00009,alt_scen_000009_00012,90.0,1,0,0,1,1,0,0,0,0.72,1,1
scen_000009,alt_scen_000009_00009,alt_scen_000009_00011,91.97,1,0,0,1,1,0,0,0,0.56,1,1
scen_000009,alt_scen_000009_00009,alt_scen_000009_00013,101.97,1,0,0,0,0,0,0,0,0.8,1,1
scen_000009,alt_scen_000009_00009,alt_scen_000009_00014,111.97,1,0,0,1,1,0,0,0,0.26,1,1
scen_000009,alt_scen_000009_00009,alt_scen_000009_00015,121.97,1,0,0,0,0,0,0,0,0.16,1,1
scen_000009,alt_scen_000009_00009,alt_scen_000009_00016,141.97,1,0,0,1,1,0,0,0,0.48,1,1
scen_000009,alt_scen_000009_00009,alt_scen_000009_00017,181.97,1,0,0,0,0,0,0,0,0.76,1,1
scen_000009,alt_scen_000009_00008,alt_scen_000009_00010,70.0,1,0,0,0,0,0,0,0,0.38,1,1
scen_000009,alt_scen_000009_00008,alt_scen_000009_00012,88.02,1,0,0,1,1,0,0,0,0.39,1,1
scen_000009,alt_scen_000009_00008,alt_scen_000009_00011,90.0,1,0,0,1,1,0,0,0,0.7,1,1
scen_000009,alt_scen_000009_00008,alt_scen_000009_00013,100.0,1,0,0,0,0,0,0,0,0.65,1,1
scen_000009,alt_scen_000009_00008,alt_scen_000009_00014,110.0,1,0,0,1,1,0,0,0,0.8,1,1
scen_000009,alt_scen_000009_00008,alt_scen_000009_00015,120.0,1,0,0,0,0,0,0,0,0.23,1,1
scen_000009,alt_scen_000009_00008,alt_scen_000009_00016,140.0,1,0,0,1,1,0,0,0,0.38,1,1
scen_000009,alt_scen_000009_00008,alt_scen_000009_00017,180.0,1,0,0,0,0,0,0,0,0.53,1,1
scen_000009,alt_scen_000009_00008,alt_scen_000009_00019,196.01,1,0,0,0,0,0,0,0,0.85,1,1
scen_000009,alt_scen_000009_00010,alt_scen_000009_00012,18.02,1,0,0,0,0,0,0,0,0.79,1,1
scen_000009,alt_scen_000009_00010,alt_scen_000009_00011,20.0,1,0,0,0,0,0,0,0,0.53,1,1
scen_000009,alt_scen_000009_00010,alt_scen_000009_00013,30.0,1,0,0,1,1,0,0,0,0.16,1,1
scen_000009,alt_scen_000009_00010,alt_scen_000009_00014,40.0,1,0,0,0,0,0,0,0,0.53,1,1
scen_000009,alt_scen_000009_00010,alt_scen_000009_00015,50.0,1,0,0,1,1,0,0,0,0.47,1,1
scen_000009,alt_scen_000009_00010,alt_scen_000009_00016,70.0,1,0,0,0,0,0,0,0,0.77,1,1
scen_000009,alt_scen_000009_00010,alt_scen_000009_00017,110.0,1,0,0,1,1,0,0,0,0.81,1,1
scen_000009,alt_scen_000009_00010,alt_scen_000009_00019,126.01,1,0,0,1,1,0,0,0,0.85,1,1
scen_000009,alt_scen_000009_00010,alt_scen_000009_00018,130.0,1,0,0,1,1,0,0,0,0.21,1,1
scen_000009,alt_scen_000009_00012,alt_scen_000009_00011,1.98,1,0,0,1,1,0,0,0,0.59,1,1
scen_000009,alt_scen_000009_00012,alt_scen_000009_00013,11.98,1,0,0,0,0,0,0,0,0.29,1,1
scen_000009,alt_scen_000009_00012,alt_scen_000009_00014,21.98,1,0,0,1,1,0,0,0,0.25,1,1
scen_000009,alt_scen_000009_00012,alt_scen_000009_00015,31.98,1,0,0,0,0,0,0,0,0.85,1,1
scen_000009,alt_scen_000009_00012,alt_scen_000009_00016,51.98,1,0,0,1,1,0,0,0,0.67,1,1
scen_000009,alt_scen_000009_00012,alt_scen_000009_00017,91.98,1,0,0,0,0,0,0,0,0.64,1,1
scen_000009,alt_scen_000009_00012,alt_scen_000009_00019,107.99,1,0,0,0,0,0,0,0,0.15,1,1
scen_000009,alt_scen_000009_00012,alt_scen_000009_00018,111.98,1,0,0,0,0,0,0,0,0.28,1,1
scen_000009,alt_scen_000009_00012,alt_scen_000009_00020,121.98,1,0,0,1,1,0,0,0,0.18,1,1
scen_000009,alt_scen_000009_00011,alt_scen_000009_00013,10.0,1,0,0,0,0,0,0,0,0.44,1,1
scen_000009,alt_scen_000009_00011,alt_scen_000009_00014,20.0,1,0,0,1,1,0,0,0,0.77,1,1
scen_000009,alt_scen_000009_00011,alt_scen_000009_00015,30.0,1,0,0,0,0,0,0,0,0.88,1,1
scen_000009,alt_scen_000009_00011,alt_scen_000009_00016,50.0,1,0,0,1,1,0,0,0,0.53,1,1
scen_000009,alt_scen_000009_00011,alt_scen_000009_00017,90.0,1,0,0,0,0,0,0,0,0.83,1,1
scen_000009,alt_scen_000009_00011,alt_scen_000009_00019,106.01,1,0,0,0,0,0,0,0,0.32,1,1
scen_000009,alt_scen_000009_00011,alt_scen_000009_00018,110.0,1,0,0,0,0,0,0,0,0.36,1,1
scen_000009,alt_scen_000009_00011,alt_scen_000009_00020,120.0,1,0,0,1,1,0,0,0,0.85,1,1
scen_000009,alt_scen_000009_00011,alt_scen_000009_00021,123.38,1,0,0,1,1,0,0,0,0.7,1,1
scen_000009,alt_scen_000009_00013,alt_scen_000009_00014,10.0,1,0,0,0,0,0,0,0,0.58,1,1
scen_000009,alt_scen_000009_00013,alt_scen_000009_00015,20.0,1,0,0,1,1,0,0,0,0.16,1,1
scen_000009,alt_scen_000009_00013,alt_scen_000009_00016,40.0,1,0,0,0,0,0,0,0,0.74,1,1
scen_000009,alt_scen_000009_00013,alt_scen_000009_00017,80.0,1,0,0,1,1,0,0,0,0.44,1,1
scen_000009,alt_scen_000009_00013,alt_scen_000009_00019,96.01,1,0,0,1,1,0,0,0,0.26,1,1
scen_000009,alt_scen_000009_00013,alt_scen_000009_00018,100.0,1,0,0,1,1,0,0,0,0.46,1,1
scen_000009,alt_scen_000009_00013,alt_scen_000009_00020,110.0,1,0,0,0,0,0,0,0,0.24,1,1
scen_000009,alt_scen_000009_00013,alt_scen_000009_00021,113.38,1,0,0,0,0,0,0,0,0.43,1,1
scen_000009,alt_scen_000009_00013,alt_scen_000009_00022,120.0,1,0,0,0,0,0,0,0,0.39,1,1
scen_000009,alt_scen_000009_00014,alt_scen_000009_00015,10.0,1,0,0,0,0,0,0,0,0.54,1,1
scen_000009,alt_scen_000009_00014,alt_scen_000009_00016,30.0,1,0,0,1,1,0,0,0,0.11,1,1
scen_000009,alt_scen_000009_00014,alt_scen_000009_00017,70.0,1,0,0,0,0,0,0,0,0.18,1,1
scen_000009,alt_scen_000009_00014,alt_scen_000009_00019,86.01,1,0,0,0,0,0,0,0,0.55,1,1
scen_000009,alt_scen_000009_00014,alt_scen_000009_00018,90.0,1,0,0,0,0,0,0,0,0.12,1,1
scen_000009,alt_scen_000009_00014,alt_scen_000009_00020,100.0,1,0,0,1,1,0,0,0,0.32,1,1
scen_000009,alt_scen_000009_00014,alt_scen_000009_00021,103.38,1,0,0,1,1,0,0,0,0.25,1,1
scen_000009,alt_scen_000009_00014,alt_scen_000009_00022,110.0,1,0,0,1,1,0,0,0,0.87,1,1
scen_000009,alt_scen_000009_00014,alt_scen_000009_00023,114.64,1,0,0,1,1,0,0,0,0.68,1,1
scen_000009,alt_scen_000009_00015,alt_scen_000009_00016,20.0,1,0,0,0,0,0,0,0,0.34,1,1
scen_000009,alt_scen_000009_00015,alt_scen_000009_00017,60.0,1,0,0,1,1,0,0,0,0.24,1,1
scen_000009,alt_scen_000009_00015,alt_scen_000009_00019,76.01,1,0,0,1,1,0,0,0,0.3,1,1
scen_000009,alt_scen_000009_00015,alt_scen_000009_00018,80.0,1,0,0,1,1,0,0,0,0.54,1,1
scen_000009,alt_scen_000009_00015,alt_scen_000009_00020,90.0,1,0,0,0,0,0,0,0,0.61,1,1
scen_000009,alt_scen_000009_00015,alt_scen_000009_00021,93.38,1,0,0,0,0,0,0,0,0.83,1,1
scen_000009,alt_scen_000009_00015,alt_scen_000009_00022,100.0,1,0,0,0,0,0,0,0,0.16,1,1
scen_000009,alt_scen_000009_00015,alt_scen_000009_00023,104.64,1,0,0,0,0,0,0,0,0.7,1,1
scen_000009,alt_scen_000009_00015,alt_scen_000009_00024,120.0,1,0,0,1,1,0,0,0,0.24,1,1
scen_000009,alt_scen_000009_00016,alt_scen_000009_00017,40.0,1,0,0,0,0,0,0,0,0.76,1,1
scen_000009,alt_scen_000009_00016,alt_scen_000009_00019,56.01,1,0,0,0,0,0,0,0,0.69,1,1
scen_000009,alt_scen_000009_00016,alt_scen_000009_00018,60.0,1,0,0,0,0,0,0,0,0.89,1,1
scen_000009,alt_scen_000009_00016,alt_scen_000009_00020,70.0,1,0,0,1,1,0,0,0,0.42,1,1
scen_000009,alt_scen_000009_00016,alt_scen_000009_00021,73.38,1,0,0,1,1,0,0,0,0.59,1,1
scen_000009,alt_scen_000009_00016,alt_scen_000009_00022,80.0,1,0,0,1,1,0,0,0,0.2,1,1
scen_000009,alt_scen_000009_00016,alt_scen_000009_00023,84.64,1,0,0,1,1,0,0,0,0.41,1,1
scen_000009,alt_scen_000009_00016,alt_scen_000009_00024,100.0,1,0,0,0,0,0,0,0,0.32,1,1
scen_000009,alt_scen_000009_00016,alt_scen_000009_00025,120.0,1,0,0,1,1,0,0,0,0.82,1,1
scen_000009,alt_scen_000009_00017,alt_scen_000009_00019,16.01,1,0,0,1,1,0,0,0,0.65,1,1
scen_000009,alt_scen_000009_00017,alt_scen_000009_00018,20.0,1,0,0,1,1,0,0,0,0.75,1,1
scen_000009,alt_scen_000009_00017,alt_scen_000009_00020,30.0,1,0,0,0,0,0,0,0,0.79,1,1
scen_000009,alt_scen_000009_00017,alt_scen_000009_00021,33.38,1,0,0,0,0,0,0,0,0.52,1,1
scen_000009,alt_scen_000009_00017,alt_scen_000009_00022,40.0,1,0,0,0,0,0,0,0,0.3,1,1
scen_000009,alt_scen_000009_00017,alt_scen_000009_00023,44.64,1,0,0,0,0,0,0,0,0.3,1,1
scen_000009,alt_scen_000009_00017,alt_scen_000009_00024,60.0,1,0,0,1,1,0,0,0,0.54,1,1
scen_000009,alt_scen_000009_00017,alt_scen_000009_00025,80.0,1,0,0,0,0,0,0,0,0.79,1,1
scen_000009,alt_scen_000009_00017,alt_scen_000009_00027,85.11,1,0,0,1,1,0,0,0,0.47,1,1
scen_000009,alt_scen_000009_00019,alt_scen_000009_00018,3.99,1,0,0,1,1,0,0,0,0.31,1,1
scen_000009,alt_scen_000009_00019,alt_scen_000009_00020,13.99,1,0,0,0,0,0,0,0,0.14,1,1
scen_000009,alt_scen_000009_00019,alt_scen_000009_00021,17.36,1,0,0,0,0,0,0,0,0.74,1,1
scen_000009,alt_scen_000009_00019,alt_scen_000009_00022,23.99,1,0,0,0,0,0,0,0,0.39,1,1
scen_000009,alt_scen_000009_00019,alt_scen_000009_00023,28.63,1,0,0,0,0,0,0,0,0.83,1,1
scen_000009,alt_scen_000009_00019,alt_scen_000009_00024,43.99,1,0,0,1,1,0,0,0,0.35,1,1
scen_000009,alt_scen_000009_00019,alt_scen_000009_00025,63.99,1,0,0,0,0,0,0,0,0.46,1,1
scen_000009,alt_scen_000009_00019,alt_scen_000009_00027,69.09,1,0,0,1,1,0,0,0,0.64,1,1
scen_000009,alt_scen_000009_00019,alt_scen_000009_00026,73.99,1,0,0,1,1,0,0,0,0.66,1,1
scen_000009,alt_scen_000009_00018,alt_scen_000009_00020,10.0,1,0,0,0,0,0,0,0,0.22,1,1
scen_000009,alt_scen_000009_00018,alt_scen_000009_00021,13.38,1,0,0,0,0,0,0,0,0.73,1,1
scen_000009,alt_scen_000009_00018,alt_scen_000009_00022,20.0,1,0,0,0,0,0,0,0,0.4,1,1
scen_000009,alt_scen_000009_00018,alt_scen_000009_00023,24.64,1,0,0,0,0,0,0,0,0.37,1,1
scen_000009,alt_scen_000009_00018,alt_scen_000009_00024,40.0,1,0,0,1,1,0,0,0,0.11,1,1
scen_000009,alt_scen_000009_00018,alt_scen_000009_00025,60.0,1,0,0,0,0,0,0,0,0.81,1,1
scen_000009,alt_scen_000009_00018,alt_scen_000009_00027,65.11,1,0,0,1,1,0,0,0,0.24,1,1
scen_000009,alt_scen_000009_00018,alt_scen_000009_00026,70.0,1,0,0,1,1,0,0,0,0.38,1,1
scen_000009,alt_scen_000009_00018,alt_scen_000009_00028,100.0,1,0,0,1,1,0,0,0,0.26,1,1
scen_000009,alt_scen_000009_00020,alt_scen_000009_00021,3.38,1,0,0,1,1,0,0,0,0.65,1,1
scen_000009,alt_scen_000009_00020,alt_scen_000009_00022,10.0,1,0,0,1,1,0,0,0,0.76,1,1
scen_000009,alt_scen_000009_00020,alt_scen_000009_00023,14.64,1,0,0,1,1,0,0,0,0.59,1,1
scen_000009,alt_scen_000009_00020,alt_scen_000009_00024,30.0,1,0,0,0,0,0,0,0,0.55,1,1
scen_000009,alt_scen_000009_00020,alt_scen_000009_00025,50.0,1,0,0,1,1,0,0,0,0.67,1,1
scen_000009,alt_scen_000009_00020,alt_scen_000009_00027,55.11,1,0,0,0,0,0,0,0,0.65,1,1
scen_000009,alt_scen_000009_00020,alt_scen_000009_00026,60.0,1,0,0,0,0,0,0,0,0.19,1,1
scen_000009,alt_scen_000009_00020,alt_scen_000009_00028,90.0,1,0,0,0,0,0,0,0,0.89,1,1
scen_000009,alt_scen_000009_00020,alt_scen_000009_00029,94.35,1,0,0,0,0,0,0,0,0.62,1,1
scen_000009,alt_scen_000009_00021,alt_scen_000009_00022,6.62,1,0,0,1,1,0,0,0,0.69,1,1
scen_000009,alt_scen_000009_00021,alt_scen_000009_00023,11.27,1,0,0,1,1,0,0,0,0.89,1,1
scen_000009,alt_scen_000009_00021,alt_scen_000009_00024,26.62,1,0,0,0,0,0,0,0,0.85,1,1
scen_000009,alt_scen_000009_00021,alt_scen_000009_00025,46.62,1,0,0,1,1,0,0,0,0.47,1,1
scen_000009,alt_scen_000009_00021,alt_scen_000009_00027,51.73,1,0,0,0,0,0,0,0,0.3,1,1
scen_000009,alt_scen_000009_00021,alt_scen_000009_00026,56.62,1,0,0,0,0,0,0,0,0.22,1,1
scen_000009,alt_scen_000009_00021,alt_scen_000009_00028,86.62,1,0,0,0,0,0,0,0,0.42,1,1
scen_000009,alt_scen_000009_00021,alt_scen_000009_00029,90.98,1,0,0,0,0,0,0,0,0.71,1,1
scen_000009,alt_scen_000009_00021,alt_scen_000009_00030,96.62,1,0,0,0,0,0,0,0,0.51,1,1
scen_000009,alt_scen_000009_00022,alt_scen_000009_00023,4.64,1,0,0,1,1,0,0,0,0.51,1,1
scen_000009,alt_scen_000009_00022,alt_scen_000009_00024,20.0,1,0,0,0,0,0,0,0,0.55,1,1
scen_000009,alt_scen_000009_00022,alt_scen_000009_00025,40.0,1,0,0,1,1,0,0,0,0.66,1,1
scen_000009,alt_scen_000009_00022,alt_scen_000009_00027,45.11,1,0,0,0,0,0,0,0,0.21,1,1
scen_000009,alt_scen_000009_00022,alt_scen_000009_00026,50.0,1,0,0,0,0,0,0,0,0.55,1,1
scen_000009,alt_scen_000009_00022,alt_scen_000009_00028,80.0,1,0,0,0,0,0,0,0,0.35,1,1
scen_000009,alt_scen_000009_00022,alt_scen_000009_00029,84.35,1,0,0,0,0,0,0,0,0.8,1,1
scen_000009,alt_scen_000009_00022,alt_scen_000009_00030,90.0,1,0,0,0,0,0,0,0,0.79,1,1
scen_000009,alt_scen_000009_00022,alt_scen_000009_00032,107.34,1,0,0,1,1,0,0,0,0.32,1,1
scen_000009,alt_scen_000009_00023,alt_scen_000009_00024,15.36,1,0,0,0,0,0,0,0,0.67,1,1
scen_000009,alt_scen_000009_00023,alt_scen_000009_00025,35.36,1,0,0,1,1,0,0,0,0.52,1,1
scen_000009,alt_scen_000009_00023,alt_scen_000009_00027,40.46,1,0,0,0,0,0,0,0,0.54,1,1
scen_000009,alt_scen_000009_00023,alt_scen_000009_00026,45.36,1,0,0,0,0,0,0,0,0.36,1,1
scen_000009,alt_scen_000009_00023,alt_scen_000009_00028,75.36,1,0,0,0,0,0,0,0,0.27,1,1
scen_000009,alt_scen_000009_00023,alt_scen_000009_00029,79.71,1,0,0,0,0,0,0,0,0.19,1,1
scen_000009,alt_scen_000009_00023,alt_scen_000009_00030,85.36,1,0,0,0,0,0,0,0,0.22,1,1
scen_000009,alt_scen_000009_00023,alt_scen_000009_00032,102.7,1,0,0,1,1,0,0,0,0.6,1,1
scen_000009,alt_scen_000009_00023,alt_scen_000009_00031,105.36,1,0,0,1,1,0,0,0,0.62,1,1
scen_000009,alt_scen_000009_00024,alt_scen_000009_00025,20.0,1,0,0,0,0,0,0,0,0.33,1,1
scen_000009,alt_scen_000009_00024,alt_scen_000009_00027,25.11,1,0,0,1,1,0,0,0,0.5,1,1
scen_000009,alt_scen_000009_00024,alt_scen_000009_00026,30.0,1,0,0,1,1,0,0,0,0.2,1,1
scen_000009,alt_scen_000009_00024,alt_scen_000009_00028,60.0,1,0,0,1,1,0,0,0,0.67,1,1
scen_000009,alt_scen_000009_00024,alt_scen_000009_00029,64.35,1,0,0,1,1,0,0,0,0.84,1,1
scen_000009,alt_scen_000009_00024,alt_scen_000009_00030,70.0,1,0,0,1,1,0,0,0,0.28,1,1
scen_000009,alt_scen_000009_00024,alt_scen_000009_00032,87.34,1,0,0,0,0,0,0,0,0.85,1,1
scen_000009,alt_scen_000009_00024,alt_scen_000009_00031,90.0,1,0,0,0,0,0,0,0,0.46,1,1
scen_000009,alt_scen_000009_00024,alt_scen_000009_00033,90.0,1,0,0,1,1,0,0,0,0.31,1,1
scen_000009,alt_scen_000009_00025,alt_scen_000009_00027,5.11,1,0,0,0,0,0,0,0,0.8,1,1
scen_000009,alt_scen_000009_00025,alt_scen_000009_00026,10.0,1,0,0,0,0,0,0,0,0.38,1,1
scen_000009,alt_scen_000009_00025,alt_scen_000009_00028,40.0,1,0,0,0,0,0,0,0,0.12,1,1
scen_000009,alt_scen_000009_00025,alt_scen_000009_00029,44.35,1,0,0,0,0,0,0,0,0.57,1,1
scen_000009,alt_scen_000009_00025,alt_scen_000009_00030,50.0,1,0,0,0,0,0,0,0,0.32,1,1
scen_000009,alt_scen_000009_00025,alt_scen_000009_00032,67.34,1,0,0,1,1,0,0,0,0.37,1,1
scen_000009,alt_scen_000009_00025,alt_scen_000009_00031,70.0,1,0,0,1,1,0,0,0,0.52,1,1
scen_000009,alt_scen_000009_00025,alt_scen_000009_00033,70.0,1,0,0,0,0,0,0,0,0.62,1,1
scen_000009,alt_scen_000009_00025,alt_scen_000009_00034,80.0,1,0,0,1,1,0,0,0,0.34,1,1
scen_000009,alt_scen_000009_00027,alt_scen_000009_00026,4.89,1,0,0,1,1,0,0,0,0.58,1,1
scen_000009,alt_scen_000009_00027,alt_scen_000009_00028,34.89,1,0,0,1,1,0,0,0,0.21,1,1
scen_000009,alt_scen_000009_00027,alt_scen_000009_00029,39.25,1,0,0,1,1,0,0,0,0.55,1,1
scen_000009,alt_scen_000009_00027,alt_scen_000009_00030,44.89,1,0,0,1,1,0,0,0,0.26,1,1
scen_000009,alt_scen_000009_00027,alt_scen_000009_00032,62.24,1,0,0,0,0,0,0,0,0.11,1,1
scen_000009,alt_scen_000009_00027,alt_scen_000009_00031,64.89,1,0,0,0,0,0,0,0,0.83,1,1
scen_000009,alt_scen_000009_00027,alt_scen_000009_00033,64.89,1,0,0,1,1,0,0,0,0.56,1,1
scen_000009,alt_scen_000009_00027,alt_scen_000009_00034,74.89,1,0,0,0,0,0,0,0,0.46,1,1
scen_000009,alt_scen_000009_00027,alt_scen_000009_00035,104.89,1,0,0,1,1,0,0,0,0.13,1,1
scen_000009,alt_scen_000009_00026,alt_scen_000009_00028,30.0,1,0,0,1,1,0,0,0,0.33,1,1
scen_000009,alt_scen_000009_00026,alt_scen_000009_00029,34.35,1,0,0,1,1,0,0,0,0.56,1,1
scen_000009,alt_scen_000009_00026,alt_scen_000009_00030,40.0,1,0,0,1,1,0,0,0,0.87,1,1
scen_000009,alt_scen_000009_00026,alt_scen_000009_00032,57.34,1,0,0,0,0,0,0,0,0.87,1,1
scen_000009,alt_scen_000009_00026,alt_scen_000009_00031,60.0,1,0,0,0,0,0,0,0,0.6,1,1
scen_000009,alt_scen_000009_00026,alt_scen_000009_00033,60.0,1,0,0,1,1,0,0,0,0.67,1,1
scen_000009,alt_scen_000009_00026,alt_scen_000009_00034,70.0,1,0,0,0,0,0,0,0,0.16,1,1
scen_000009,alt_scen_000009_00026,alt_scen_000009_00035,100.0,1,0,0,1,1,0,0,0,0.54,1,1
scen_000009,alt_scen_000009_00026,alt_scen_000009_00036,130.0,1,0,0,0,0,0,0,0,0.72,1,1
scen_000009,alt_scen_000009_00028,alt_scen_000009_00029,4.35,1,0,0,1,1,0,0,0,0.25,1,1
scen_000009,alt_scen_000009_00028,alt_scen_000009_00030,10.0,1,0,0,1,1,0,0,0,0.24,1,1
scen_000009,alt_scen_000009_00028,alt_scen_000009_00032,27.34,1,0,0,0,0,0,0,0,0.82,1,1
scen_000009,alt_scen_000009_00028,alt_scen_000009_00031,30.0,1,0,0,0,0,0,0,0,0.2,1,1
scen_000009,alt_scen_000009_00028,alt_scen_000009_00033,30.0,1,0,0,1,1,0,0,0,0.38,1,1
scen_000009,alt_scen_000009_00028,alt_scen_000009_00034,40.0,1,0,0,0,0,0,0,0,0.37,1,1
scen_000009,alt_scen_000009_00028,alt_scen_000009_00035,70.0,1,0,0,1,1,0,0,0,0.57,1,1
scen_000009,alt_scen_000009_00028,alt_scen_000009_00036,100.0,1,0,0,0,0,0,0,0,0.22,1,1
scen_000009,alt_scen_000009_00028,alt_scen_000009_00091,102.0,0,0,0,0,1,1,1,-1,0.28,1,0
scen_000009,alt_scen_000009_00029,alt_scen_000009_00030,5.65,1,0,0,1,1,0,0,0,0.77,1,1
scen_000009,alt_scen_000009_00029,alt_scen_000009_00032,22.99,1,0,0,0,0,0,0,0,0.57,1,1
scen_000009,alt_scen_000009_00029,alt_scen_000009_00031,25.65,1,0,0,0,0,0,0,0,0.38,1,1
scen_000009,alt_scen_000009_00029,alt_scen_000009_00033,25.65,1,0,0,1,1,0,0,0,0.87,1,1
scen_000009,alt_scen_000009_00029,alt_scen_000009_00034,35.65,1,0,0,0,0,0,0,0,0.62,1,1
scen_000009,alt_scen_000009_00029,alt_scen_000009_00035,65.65,1,0,0,1,1,0,0,0,0.22,1,1
scen_000009,alt_scen_000009_00029,alt_scen_000009_00036,95.65,1,0,0,0,0,0,0,0,0.22,1,1
scen_000009,alt_scen_000009_00029,alt_scen_000009_00091,97.65,0,0,0,0,1,1,1,-1,0.72,1,0
scen_000009,alt_scen_000009_00029,alt_scen_000009_00037,105.65,1,0,0,0,0,0,0,0,0.54,1,1
scen_000009,alt_scen_000009_00030,alt_scen_000009_00032,17.34,1,0,0,0,0,0,0,0,0.37,1,1
scen_000009,alt_scen_000009_00030,alt_scen_000009_00031,20.0,1,0,0,0,0,0,0,0,0.45,1,1
scen_000009,alt_scen_000009_00030,alt_scen_000009_00033,20.0,1,0,0,1,1,0,0,0,0.22,1,1
scen_000009,alt_scen_000009_00030,alt_scen_000009_00034,30.0,1,0,0,0,0,0,0,0,0.21,1,1
scen_000009,alt_scen_000009_00030,alt_scen_000009_00035,60.0,1,0,0,1,1,0,0,0,0.31,1,1
scen_000009,alt_scen_000009_00030,alt_scen_000009_00036,90.0,1,0,0,0,0,0,0,0,0.81,1,1
scen_000009,alt_scen_000009_00030,alt_scen_000009_00091,92.0,0,0,0,0,1,1,1,-1,0.8,1,0
scen_000009,alt_scen_000009_00030,alt_scen_000009_00037,100.0,1,0,0,0,0,0,0,0,0.57,1,1
scen_000009,alt_scen_000009_00030,alt_scen_000009_00090,104.0,0,0,0,0,1,1,1,-1,0.43,1,0
scen_000009,alt_scen_000009_00032,alt_scen_000009_00031,2.66,1,0,0,1,1,0,0,0,0.62,1,1
scen_000009,alt_scen_000009_00032,alt_scen_000009_00033,2.66,1,0,0,0,0,0,0,0,0.41,1,1
scen_000009,alt_scen_000009_00032,alt_scen_000009_00034,12.66,1,0,0,1,1,0,0,0,0.31,1,1
scen_000009,alt_scen_000009_00032,alt_scen_000009_00035,42.66,1,0,0,0,0,0,0,0,0.53,1,1
scen_000009,alt_scen_000009_00032,alt_scen_000009_00036,72.66,1,0,0,1,1,0,0,0,0.26,1,1
scen_000009,alt_scen_000009_00032,alt_scen_000009_00091,74.66,0,0,0,0,0,1,1,-1,0.61,1,0
scen_000009,alt_scen_000009_00032,alt_scen_000009_00037,82.66,1,0,0,1,1,0,0,0,0.43,1,1
scen_000009,alt_scen_000009_00032,alt_scen_000009_00090,86.66,0,0,0,0,0,1,1,-1,0.52,1,0
scen_000009,alt_scen_000009_00032,alt_scen_000009_00039,109.42,1,0,0,1,1,0,0,0,0.51,1,1
scen_000009,alt_scen_000009_00031,alt_scen_000009_00033,0.0,1,0,0,0,0,0,0,0,0.61,1,1
scen_000009,alt_scen_000009_00031,alt_scen_000009_00034,10.0,1,0,0,1,1,0,0,0,0.17,1,1
scen_000009,alt_scen_000009_00031,alt_scen_000009_00035,40.0,1,0,0,0,0,0,0,0,0.36,1,1
scen_000009,alt_scen_000009_00031,alt_scen_000009_00036,70.0,1,0,0,1,1,0,0,0,0.12,1,1
scen_000009,alt_scen_000009_00031,alt_scen_000009_00091,72.0,0,0,0,0,0,1,1,-1,0.8,1,0
scen_000009,alt_scen_000009_00031,alt_scen_000009_00037,80.0,1,0,0,1,1,0,0,0,0.24,1,1
scen_000009,alt_scen_000009_00031,alt_scen_000009_00090,84.0,0,0,0,0,0,1,1,-1,0.29,1,0
scen_000009,alt_scen_000009_00031,alt_scen_000009_00039,106.77,1,0,0,1,1,0,0,0,0.52,1,1
scen_000009,alt_scen_000009_00031,alt_scen_000009_00038,110.0,1,0,0,1,1,0,0,0,0.81,1,1
scen_000009,alt_scen_000009_00033,alt_scen_000009_00034,10.0,1,0,0,0,0,0,0,0,0.57,1,1
scen_000009,alt_scen_000009_00033,alt_scen_000009_00035,40.0,1,0,0,1,1,0,0,0,0.46,1,1
scen_000009,alt_scen_000009_00033,alt_scen_000009_00036,70.0,1,0,0,0,0,0,0,0,0.15,1,1
scen_000009,alt_scen_000009_00033,alt_scen_000009_00091,72.0,0,0,0,0,1,1,1,-1,0.85,1,0
scen_000009,alt_scen_000009_00033,alt_scen_000009_00037,80.0,1,0,0,0,0,0,0,0,0.62,1,1
scen_000009,alt_scen_000009_00033,alt_scen_000009_00090,84.0,0,0,0,0,1,1,1,-1,0.74,1,0
scen_000009,alt_scen_000009_00033,alt_scen_000009_00039,106.77,1,0,0,0,0,0,0,0,0.76,1,1
scen_000009,alt_scen_000009_00033,alt_scen_000009_00038,110.0,1,0,0,0,0,0,0,0,0.56,1,1
scen_000009,alt_scen_000009_00033,alt_scen_000009_00040,110.0,1,0,0,1,1,0,0,0,0.14,1,1
scen_000009,alt_scen_000009_00034,alt_scen_000009_00035,30.0,1,0,0,0,0,0,0,0,0.47,1,1
scen_000009,alt_scen_000009_00034,alt_scen_000009_00036,60.0,1,0,0,1,1,0,0,0,0.19,1,1
scen_000009,alt_scen_000009_00034,alt_scen_000009_00091,62.0,0,0,0,0,0,1,1,-1,0.82,1,0
scen_000009,alt_scen_000009_00034,alt_scen_000009_00037,70.0,1,0,0,1,1,0,0,0,0.29,1,1
scen_000009,alt_scen_000009_00034,alt_scen_000009_00090,74.0,0,0,0,0,0,1,1,-1,0.68,1,0
scen_000009,alt_scen_000009_00034,alt_scen_000009_00039,96.77,1,0,0,1,1,0,0,0,0.39,1,1
scen_000009,alt_scen_000009_00034,alt_scen_000009_00038,100.0,1,0,0,1,1,0,0,0,0.38,1,1
scen_000009,alt_scen_000009_00034,alt_scen_000009_00040,100.0,1,0,0,0,0,0,0,0,0.51,1,1
scen_000009,alt_scen_000009_00034,alt_scen_000009_00041,110.0,1,0,0,0,0,0,0,0,0.58,1,1
scen_000009,alt_scen_000009_00035,alt_scen_000009_00036,30.0,1,0,0,0,0,0,0,0,0.2,1,1
scen_000009,alt_scen_000009_00035,alt_scen_000009_00091,32.0,0,0,0,0,1,1,1,-1,0.42,1,0
scen_000009,alt_scen_000009_00035,alt_scen_000009_00037,40.0,1,0,0,0,0,0,0,0,0.43,1,1
scen_000009,alt_scen_000009_00035,alt_scen_000009_00090,44.0,0,0,0,0,1,1,1,-1,0.8,1,0
scen_000009,alt_scen_000009_00035,alt_scen_000009_00039,66.77,1,0,0,0,0,0,0,0,0.79,1,1
scen_000009,alt_scen_000009_00035,alt_scen_000009_00038,70.0,1,0,0,0,0,0,0,0,0.89,1,1
scen_000009,alt_scen_000009_00035,alt_scen_000009_00040,70.0,1,0,0,1,1,0,0,0,0.46,1,1
scen_000009,alt_scen_000009_00035,alt_scen_000009_00041,80.0,1,0,0,1,1,0,0,0,0.32,1,1
scen_000009,alt_scen_000009_00035,alt_scen_000009_00042,110.0,1,0,0,0,0,0,0,0,0.35,1,1
scen_000009,alt_scen_000009_00036,alt_scen_000009_00091,2.0,0,0,0,0,0,1,1,-1,0.73,1,0
scen_000009,alt_scen_000009_00036,alt_scen_000009_00037,10.0,1,0,0,1,1,0,0,0,0.19,1,1
scen_000009,alt_scen_000009_00036,alt_scen_000009_00090,14.0,0,0,0,0,0,1,1,-1,0.27,1,0
scen_000009,alt_scen_000009_00036,alt_scen_000009_00039,36.77,1,0,0,1,1,0,0,0,0.37,1,1
scen_000009,alt_scen_000009_00036,alt_scen_000009_00038,40.0,1,0,0,1,1,0,0,0,0.61,1,1
scen_000009,alt_scen_000009_00036,alt_scen_000009_00040,40.0,1,0,0,0,0,0,0,0,0.23,1,1
scen_000009,alt_scen_000009_00036,alt_scen_000009_00041,50.0,1,0,0,0,0,0,0,0,0.16,1,1
scen_000009,alt_scen_000009_00036,alt_scen_000009_00042,80.0,1,0,0,1,1,0,0,0,0.12,1,1
scen_000009,alt_scen_000009_00036,alt_scen_000009_00043,100.0,1,0,0,0,0,0,0,0,0.48,1,1
scen_000009,alt_scen_000009_00091,alt_scen_000009_00037,8.0,0,0,0,0,0,1,1,1,0.25,1,0
scen_000009,alt_scen_000009_00091,alt_scen_000009_00090,12.0,0,0,0,1,1,0,2,0,0.1,1,0
scen_000009,alt_scen_000009_00091,alt_scen_000009_00039,34.77,0,0,0,0,0,1,1,1,0.34,1,0
scen_000009,alt_scen_000009_00091,alt_scen_000009_00038,38.0,0,0,0,0,0,1,1,1,0.7,1,0
scen_000009,alt_scen_000009_00091,alt_scen_000009_00040,38.0,0,0,0,0,1,1,1,1,0.71,1,0
scen_000009,alt_scen_000009_00091,alt_scen_000009_00041,48.0,0,0,0,0,1,1,1,1,0.41,1,0
scen_000009,alt_scen_000009_00091,alt_scen_000009_00042,78.0,0,0,0,0,0,1,1,1,0.73,1,0
scen_000009,alt_scen_000009_00091,alt_scen_000009_00043,98.0,0,0,0,0,1,1,1,1,0.84,1,0
scen_000009,alt_scen_000009_00091,alt_scen_000009_00044,128.0,0,0,0,0,0,1,1,1,0.51,1,0
scen_000009,alt_scen_000009_00037,alt_scen_000009_00090,4.0,0,0,0,0,0,1,1,-1,0.16,1,0
scen_000009,alt_scen_000009_00037,alt_scen_000009_00039,26.77,1,0,0,1,1,0,0,0,0.79,1,1
scen_000009,alt_scen_000009_00037,alt_scen_000009_00038,30.0,1,0,0,1,1,0,0,0,0.43,1,1
scen_000009,alt_scen_000009_00037,alt_scen_000009_00040,30.0,1,0,0,0,0,0,0,0,0.32,1,1
scen_000009,alt_scen_000009_00037,alt_scen_000009_00041,40.0,1,0,0,0,0,0,0,0,0.34,1,1
scen_000009,alt_scen_000009_00037,alt_scen_000009_00042,70.0,1,0,0,1,1,0,0,0,0.5,1,1
scen_000009,alt_scen_000009_00037,alt_scen_000009_00043,90.0,1,0,0,0,0,0,0,0,0.45,1,1
scen_000009,alt_scen_000009_00037,alt_scen_000009_00044,120.0,1,0,0,1,1,0,0,0,0.15,1,1
scen_000009,alt_scen_000009_00037,alt_scen_000009_00045,130.0,1,0,0,1,1,0,0,0,0.41,1,1
scen_000009,alt_scen_000009_00090,alt_scen_000009_00039,22.77,0,0,0,0,0,1,1,1,0.59,1,0
scen_000009,alt_scen_000009_00090,alt_scen_000009_00038,26.0,0,0,0,0,0,1,1,1,0.26,1,0
scen_000009,alt_scen_000009_00090,alt_scen_000009_00040,26.0,0,0,0,0,1,1,1,1,0.2,1,0
scen_000009,alt_scen_000009_00090,alt_scen_000009_00041,36.0,0,0,0,0,1,1,1,1,0.41,1,0
scen_000009,alt_scen_000009_00090,alt_scen_000009_00042,66.0,0,0,0,0,0,1,1,1,0.7,1,0
scen_000009,alt_scen_000009_00090,alt_scen_000009_00043,86.0,0,0,0,0,1,1,1,1,0.6,1,0
scen_000009,alt_scen_000009_00090,alt_scen_000009_00044,116.0,0,0,0,0,0,1,1,1,0.8,1,0
scen_000009,alt_scen_000009_00090,alt_scen_000009_00045,126.0,0,0,0,0,0,1,1,1,0.48,1,0
scen_000009,alt_scen_000009_00090,alt_scen_000009_00046,136.0,0,0,0,0,0,1,1,1,0.73,1,0
scen_000009,alt_scen_000009_00039,alt_scen_000009_00038,3.23,1,0,0,1,1,0,0,0,0.78,1,1
scen_000009,alt_scen_000009_00039,alt_scen_000009_00040,3.23,1,0,0,0,0,0,0,0,0.75,1,1
scen_000009,alt_scen_000009_00039,alt_scen_000009_00041,13.23,1,0,0,0,0,0,0,0,0.56,1,1
scen_000009,alt_scen_000009_00039,alt_scen_000009_00042,43.23,1,0,0,1,1,0,0,0,0.75,1,1
scen_000009,alt_scen_000009_00039,alt_scen_000009_00043,63.23,1,0,0,0,0,0,0,0,0.13,1,1
scen_000009,alt_scen_000009_00039,alt_scen_000009_00044,93.23,1,0,0,1,1,0,0,0,0.25,1,1
scen_000009,alt_scen_000009_00039,alt_scen_000009_00045,103.23,1,0,0,1,1,0,0,0,0.3,1,1
scen_000009,alt_scen_000009_00039,alt_scen_000009_00046,113.23,1,0,0,1,1,0,0,0,0.61,1,1
scen_000009,alt_scen_000009_00039,alt_scen_000009_00047,113.23,1,0,0,0,0,0,0,0,0.62,1,1
scen_000009,alt_scen_000009_00038,alt_scen_000009_00040,0.0,1,0,0,0,0,0,0,0,0.55,1,1
scen_000009,alt_scen_000009_00038,alt_scen_000009_00041,10.0,1,0,0,0,0,0,0,0,0.59,1,1
scen_000009,alt_scen_000009_00038,alt_scen_000009_00042,40.0,1,0,0,1,1,0,0,0,0.47,1,1
scen_000009,alt_scen_000009_00038,alt_scen_000009_00043,60.0,1,0,0,0,0,0,0,0,0.56,1,1
scen_000009,alt_scen_000009_00038,alt_scen_000009_00044,90.0,1,0,0,1,1,0,0,0,0.67,1,1
scen_000009,alt_scen_000009_00038,alt_scen_000009_00045,100.0,1,0,0,1,1,0,0,0,0.55,1,1
scen_000009,alt_scen_000009_00038,alt_scen_000009_00046,110.0,1,0,0,1,1,0,0,0,0.84,1,1
scen_000009,alt_scen_000009_00038,alt_scen_000009_00047,110.0,1,0,0,0,0,0,0,0,0.39,1,1
scen_000009,alt_scen_000009_00038,alt_scen_000009_00048,114.87,1,0,0,0,0,0,0,0,0.21,1,1
scen_000009,alt_scen_000009_00040,alt_scen_000009_00041,10.0,1,0,0,1,1,0,0,0,0.31,1,1
scen_000009,alt_scen_000009_00040,alt_scen_000009_00042,40.0,1,0,0,0,0,0,0,0,0.39,1,1
scen_000009,alt_scen_000009_00040,alt_scen_000009_00043,60.0,1,0,0,1,1,0,0,0,0.17,1,1
scen_000009,alt_scen_000009_00040,alt_scen_000009_00044,90.0,1,0,0,0,0,0,0,0,0.75,1,1
scen_000009,alt_scen_000009_00040,alt_scen_000009_00045,100.0,1,0,0,0,0,0,0,0,0.4,1,1
scen_000009,alt_scen_000009_00040,alt_scen_000009_00046,110.0,1,0,0,0,0,0,0,0,0.64,1,1
scen_000009,alt_scen_000009_00040,alt_scen_000009_00047,110.0,1,0,0,1,1,0,0,0,0.41,1,1
scen_000009,alt_scen_000009_00040,alt_scen_000009_00048,114.87,1,0,0,1,1,0,0,0,0.53,1,1
scen_000009,alt_scen_000009_00040,alt_scen_000009_00050,129.49,1,0,0,0,0,0,0,0,0.28,1,1
scen_000009,alt_scen_000009_00041,alt_scen_000009_00042,30.0,1,0,0,0,0,0,0,0,0.67,1,1
scen_000009,alt_scen_000009_00041,alt_scen_000009_00043,50.0,1,0,0,1,1,0,0,0,0.7,1,1
scen_000009,alt_scen_000009_00041,alt_scen_000009_00044,80.0,1,0,0,0,0,0,0,0,0.39,1,1
scen_000009,alt_scen_000009_00041,alt_scen_000009_00045,90.0,1,0,0,0,0,0,0,0,0.1,1,1
scen_000009,alt_scen_000009_00041,alt_scen_000009_00046,100.0,1,0,0,0,0,0,0,0,0.53,1,1
scen_000009,alt_scen_000009_00041,alt_scen_000009_00047,100.0,1,0,0,1,1,0,0,0,0.87,1,1
scen_000009,alt_scen_000009_00041,alt_scen_000009_00048,104.87,1,0,0,1,1,0,0,0,0.15,1,1
scen_000009,alt_scen_000009_00041,alt_scen_000009_00050,119.49,1,0,0,0,0,0,0,0,0.78,1,1
scen_000009,alt_scen_000009_00041,alt_scen_000009_00049,120.0,1,0,0,0,0,0,0,0,0.59,1,1
scen_000009,alt_scen_000009_00042,alt_scen_000009_00043,20.0,1,0,0,0,0,0,0,0,0.36,1,1
scen_000009,alt_scen_000009_00042,alt_scen_000009_00044,50.0,1,0,0,1,1,0,0,0,0.18,1,1
scen_000009,alt_scen_000009_00042,alt_scen_000009_00045,60.0,1,0,0,1,1,0,0,0,0.46,1,1
scen_000009,alt_scen_000009_00042,alt_scen_000009_00046,70.0,1,0,0,1,1,0,0,0,0.69,1,1
scen_000009,alt_scen_000009_00042,alt_scen_000009_00047,70.0,1,0,0,0,0,0,0,0,0.32,1,1
scen_000009,alt_scen_000009_00042,alt_scen_000009_00048,74.87,1,0,0,0,0,0,0,0,0.81,1,1
scen_000009,alt_scen_000009_00042,alt_scen_000009_00050,89.49,1,0,0,1,1,0,0,0,0.78,1,1
scen_000009,alt_scen_000009_00042,alt_scen_000009_00049,90.0,1,0,0,1,1,0,0,0,0.72,1,1
scen_000009,alt_scen_000009_00042,alt_scen_000009_00051,90.0,1,0,0,0,0,0,0,0,0.74,1,1
scen_000009,alt_scen_000009_00043,alt_scen_000009_00044,30.0,1,0,0,0,0,0,0,0,0.32,1,1
scen_000009,alt_scen_000009_00043,alt_scen_000009_00045,40.0,1,0,0,0,0,0,0,0,0.55,1,1
scen_000009,alt_scen_000009_00043,alt_scen_000009_00046,50.0,1,0,0,0,0,0,0,0,0.57,1,1
scen_000009,alt_scen_000009_00043,alt_scen_000009_00047,50.0,1,0,0,1,1,0,0,0,0.66,1,1
scen_000009,alt_scen_000009_00043,alt_scen_000009_00048,54.87,1,0,0,1,1,0,0,0,0.62,1,1
scen_000009,alt_scen_000009_00043,alt_scen_000009_00050,69.49,1,0,0,0,0,0,0,0,0.66,1,1
scen_000009,alt_scen_000009_00043,alt_scen_000009_00049,70.0,1,0,0,0,0,0,0,0,0.7,1,1
scen_000009,alt_scen_000009_00043,alt_scen_000009_00051,70.0,1,0,0,1,1,0,0,0,0.72,1,1
scen_000009,alt_scen_000009_00043,alt_scen_000009_00052,74.84,1,0,0,1,1,0,0,0,0.47,1,1
scen_000009,alt_scen_000009_00044,alt_scen_000009_00045,10.0,1,0,0,1,1,0,0,0,0.4,1,1
scen_000009,alt_scen_000009_00044,alt_scen_000009_00046,20.0,1,0,0,1,1,0,0,0,0.15,1,1
scen_000009,alt_scen_000009_00044,alt_scen_000009_00047,20.0,1,0,0,0,0,0,0,0,0.44,1,1
scen_000009,alt_scen_000009_00044,alt_scen_000009_00048,24.87,1,0,0,0,0,0,0,0,0.38,1,1
scen_000009,alt_scen_000009_00044,alt_scen_000009_00050,39.49,1,0,0,1,1,0,0,0,0.38,1,1
scen_000009,alt_scen_000009_00044,alt_scen_000009_00049,40.0,1,0,0,1,1,0,0,0,0.75,1,1
scen_000009,alt_scen_000009_00044,alt_scen_000009_00051,40.0,1,0,0,0,0,0,0,0,0.13,1,1
scen_000009,alt_scen_000009_00044,alt_scen_000009_00052,44.84,1,0,0,0,0,0,0,0,0.34,1,1
scen_000009,alt_scen_000009_00044,alt_scen_000009_00053,50.0,1,0,0,0,0,0,0,0,0.46,1,1
scen_000009,alt_scen_000009_00045,alt_scen_000009_00046,10.0,1,0,0,1,1,0,0,0,0.35,1,1
scen_000009,alt_scen_000009_00045,alt_scen_000009_00047,10.0,1,0,0,0,0,0,0,0,0.43,1,1
scen_000009,alt_scen_000009_00045,alt_scen_000009_00048,14.87,1,0,0,0,0,0,0,0,0.4,1,1
scen_000009,alt_scen_000009_00045,alt_scen_000009_00050,29.49,1,0,0,1,1,0,0,0,0.33,1,1
scen_000009,alt_scen_000009_00045,alt_scen_000009_00049,30.0,1,0,0,1,1,0,0,0,0.55,1,1
scen_000009,alt_scen_000009_00045,alt_scen_000009_00051,30.0,1,0,0,0,0,0,0,0,0.54,1,1
scen_000009,alt_scen_000009_00045,alt_scen_000009_00052,34.84,1,0,0,0,0,0,0,0,0.51,1,1
scen_000009,alt_scen_000009_00045,alt_scen_000009_00053,40.0,1,0,0,0,0,0,0,0,0.67,1,1
scen_000009,alt_scen_000009_00045,alt_scen_000009_00054,50.0,1,0,0,0,0,0,0,0,0.56,1,1
scen_000009,alt_scen_000009_00046,alt_scen_000009_00047,0.0,1,0,0,0,0,0,0,0,0.84,1,1
scen_000009,alt_scen_000009_00046,alt_scen_000009_00048,4.87,1,0,0,0,0,0,0,0,0.38,1,1
scen_000009,alt_scen_000009_00046,alt_scen_000009_00050,19.49,1,0,0,1,1,0,0,0,0.4,1,1
scen_000009,alt_scen_000009_00046,alt_scen_000009_00049,20.0,1,0,0,1,1,0,0,0,0.74,1,1
scen_000009,alt_scen_000009_00046,alt_scen_000009_00051,20.0,1,0,0,0,0,0,0,0,0.64,1,1
scen_000009,alt_scen_000009_00046,alt_scen_000009_00052,24.84,1,0,0,0,0,0,0,0,0.31,1,1
scen_000009,alt_scen_000009_00046,alt_scen_000009_00053,30.0,1,0,0,0,0,0,0,0,0.25,1,1
scen_000009,alt_scen_000009_00046,alt_scen_000009_00054,40.0,1,0,0,0,0,0,0,0,0.75,1,1
scen_000009,alt_scen_000009_00046,alt_scen_000009_00056,68.7,1,0,0,0,0,0,0,0,0.57,1,1
scen_000009,alt_scen_000009_00047,alt_scen_000009_00048,4.87,1,0,0,1,1,0,0,0,0.2,1,1
scen_000009,alt_scen_000009_00047,alt_scen_000009_00050,19.49,1,0,0,0,0,0,0,0,0.89,1,1
scen_000009,alt_scen_000009_00047,alt_scen_000009_00049,20.0,1,0,0,0,0,0,0,0,0.33,1,1
scen_000009,alt_scen_000009_00047,alt_scen_000009_00051,20.0,1,0,0,1,1,0,0,0,0.46,1,1
scen_000009,alt_scen_000009_00047,alt_scen_000009_00052,24.84,1,0,0,1,1,0,0,0,0.62,1,1
scen_000009,alt_scen_000009_00047,alt_scen_000009_00053,30.0,1,0,0,1,1,0,0,0,0.26,1,1
scen_000009,alt_scen_000009_00047,alt_scen_000009_00054,40.0,1,0,0,1,1,0,0,0,0.85,1,1
scen_000009,alt_scen_000009_00047,alt_scen_000009_00056,68.7,1,0,0,1,1,0,0,0,0.8,1,1
scen_000009,alt_scen_000009_00047,alt_scen_000009_00055,70.0,1,0,0,1,1,0,0,0,0.42,1,1
scen_000009,alt_scen_000009_00048,alt_scen_000009_00050,14.62,1,0,0,0,0,0,0,0,0.72,1,1
scen_000009,alt_scen_000009_00048,alt_scen_000009_00049,15.13,1,0,0,0,0,0,0,0,0.7,1,1
scen_000009,alt_scen_000009_00048,alt_scen_000009_00051,15.13,1,0,0,1,1,0,0,0,0.82,1,1
scen_000009,alt_scen_000009_00048,alt_scen_000009_00052,19.97,1,0,0,1,1,0,0,0,0.45,1,1
scen_000009,alt_scen_000009_00048,alt_scen_000009_00053,25.13,1,0,0,1,1,0,0,0,0.54,1,1
scen_000009,alt_scen_000009_00048,alt_scen_000009_00054,35.13,1,0,0,1,1,0,0,0,0.6,1,1
scen_000009,alt_scen_000009_00048,alt_scen_000009_00056,63.83,1,0,0,1,1,0,0,0,0.58,1,1
scen_000009,alt_scen_000009_00048,alt_scen_000009_00055,65.13,1,0,0,1,1,0,0,0,0.42,1,1
scen_000009,alt_scen_000009_00048,alt_scen_000009_00057,75.13,1,0,0,1,1,0,0,0,0.67,1,1
scen_000009,alt_scen_000009_00050,alt_scen_000009_00049,0.51,1,0,0,1,1,0,0,0,0.4,1,1
scen_000009,alt_scen_000009_00050,alt_scen_000009_00051,0.51,1,0,0,0,0,0,0,0,0.84,1,1
scen_000009,alt_scen_000009_00050,alt_scen_000009_00052,5.35,1,0,0,0,0,0,0,0,0.61,1,1
scen_000009,alt_scen_000009_00050,alt_scen_000009_00053,10.51,1,0,0,0,0,0,0,0,0.61,1,1
scen_000009,alt_scen_000009_00050,alt_scen_000009_00054,20.51,1,0,0,0,0,0,0,0,0.31,1,1
scen_000009,alt_scen_000009_00050,alt_scen_000009_00056,49.21,1,0,0,0,0,0,0,0,0.6,1,1
scen_000009,alt_scen_000009_00050,alt_scen_000009_00055,50.51,1,0,0,0,0,0,0,0,0.23,1,1
scen_000009,alt_scen_000009_00050,alt_scen_000009_00057,60.51,1,0,0,0,0,0,0,0,0.25,1,1
scen_000009,alt_scen_000009_00050,alt_scen_000009_00058,70.51,1,0,0,0,0,0,0,0,0.33,1,1
scen_000009,alt_scen_000009_00049,alt_scen_000009_00051,0.0,1,0,0,0,0,0,0,0,0.3,1,1
scen_000009,alt_scen_000009_00049,alt_scen_000009_00052,4.84,1,0,0,0,0,0,0,0,0.36,1,1
scen_000009,alt_scen_000009_00049,alt_scen_000009_00053,10.0,1,0,0,0,0,0,0,0,0.85,1,1
scen_000009,alt_scen_000009_00049,alt_scen_000009_00054,20.0,1,0,0,0,0,0,0,0,0.36,1,1
scen_000009,alt_scen_000009_00049,alt_scen_000009_00056,48.7,1,0,0,0,0,0,0,0,0.31,1,1
scen_000009,alt_scen_000009_00049,alt_scen_000009_00055,50.0,1,0,0,0,0,0,0,0,0.77,1,1
scen_000009,alt_scen_000009_00049,alt_scen_000009_00057,60.0,1,0,0,0,0,0,0,0,0.48,1,1
scen_000009,alt_scen_000009_00049,alt_scen_000009_00058,70.0,1,0,0,0,0,0,0,0,0.65,1,1
scen_000009,alt_scen_000009_00049,alt_scen_000009_00059,80.0,1,0,0,1,1,0,0,0,0.68,1,1
scen_000009,alt_scen_000009_00051,alt_scen_000009_00052,4.84,1,0,0,1,1,0,0,0,0.32,1,1
scen_000009,alt_scen_000009_00051,alt_scen_000009_00053,10.0,1,0,0,1,1,0,0,0,0.77,1,1
scen_000009,alt_scen_000009_00051,alt_scen_000009_00054,20.0,1,0,0,1,1,0,0,0,0.9,1,1
scen_000009,alt_scen_000009_00051,alt_scen_000009_00056,48.7,1,0,0,1,1,0,0,0,0.34,1,1
scen_000009,alt_scen_000009_00051,alt_scen_000009_00055,50.0,1,0,0,1,1,0,0,0,0.74,1,1
scen_000009,alt_scen_000009_00051,alt_scen_000009_00057,60.0,1,0,0,1,1,0,0,0,0.61,1,1
scen_000009,alt_scen_000009_00051,alt_scen_000009_00058,70.0,1,0,0,1,1,0,0,0,0.88,1,1
scen_000009,alt_scen_000009_00051,alt_scen_000009_00059,80.0,1,0,0,0,0,0,0,0,0.63,1,1
scen_000009,alt_scen_000009_00051,alt_scen_000009_00060,90.0,1,0,0,1,1,0,0,0,0.5,1,1
scen_000009,alt_scen_000009_00052,alt_scen_000009_00053,5.16,1,0,0,1,1,0,0,0,0.62,1,1
scen_000009,alt_scen_000009_00052,alt_scen_000009_00054,15.16,1,0,0,1,1,0,0,0,0.43,1,1
scen_000009,alt_scen_000009_00052,alt_scen_000009_00056,43.86,1,0,0,1,1,0,0,0,0.21,1,1
scen_000009,alt_scen_000009_00052,alt_scen_000009_00055,45.16,1,0,0,1,1,0,0,0,0.48,1,1
scen_000009,alt_scen_000009_00052,alt_scen_000009_00057,55.16,1,0,0,1,1,0,0,0,0.59,1,1
scen_000009,alt_scen_000009_00052,alt_scen_000009_00058,65.16,1,0,0,1,1,0,0,0,0.23,1,1
scen_000009,alt_scen_000009_00052,alt_scen_000009_00059,75.16,1,0,0,0,0,0,0,0,0.69,1,1
scen_000009,alt_scen_000009_00052,alt_scen_000009_00060,85.16,1,0,0,1,1,0,0,0,0.81,1,1
scen_000009,alt_scen_000009_00052,alt_scen_000009_00061,105.16,1,0,0,0,0,0,0,0,0.49,1,1
scen_000009,alt_scen_000009_00053,alt_scen_000009_00054,10.0,1,0,0,1,1,0,0,0,0.45,1,1
scen_000009,alt_scen_000009_00053,alt_scen_000009_00056,38.7,1,0,0,1,1,0,0,0,0.71,1,1
scen_000009,alt_scen_000009_00053,alt_scen_000009_00055,40.0,1,0,0,1,1,0,0,0,0.77,1,1
scen_000009,alt_scen_000009_00053,alt_scen_000009_00057,50.0,1,0,0,1,1,0,0,0,0.25,1,1
scen_000009,alt_scen_000009_00053,alt_scen_000009_00058,60.0,1,0,0,1,1,0,0,0,0.33,1,1
scen_000009,alt_scen_000009_00053,alt_scen_000009_00059,70.0,1,0,0,0,0,0,0,0,0.25,1,1
scen_000009,alt_scen_000009_00053,alt_scen_000009_00060,80.0,1,0,0,1,1,0,0,0,0.69,1,1
scen_000009,alt_scen_000009_00053,alt_scen_000009_00061,100.0,1,0,0,0,0,0,0,0,0.16,1,1
scen_000009,alt_scen_000009_00053,alt_scen_000009_00062,101.06,1,0,0,0,0,0,0,0,0.54,1,1
scen_000009,alt_scen_000009_00054,alt_scen_000009_00056,28.7,1,0,0,1,1,0,0,0,0.14,1,1
scen_000009,alt_scen_000009_00054,alt_scen_000009_00055,30.0,1,0,0,1,1,0,0,0,0.46,1,1
scen_000009,alt_scen_000009_00054,alt_scen_000009_00057,40.0,1,0,0,1,1,0,0,0,0.83,1,1
scen_000009,alt_scen_000009_00054,alt_scen_000009_00058,50.0,1,0,0,1,1,0,0,0,0.12,1,1
scen_000009,alt_scen_000009_00054,alt_scen_000009_00059,60.0,1,0,0,0,0,0,0,0,0.18,1,1
scen_000009,alt_scen_000009_00054,alt_scen_000009_00060,70.0,1,0,0,1,1,0,0,0,0.63,1,1
scen_000009,alt_scen_000009_00054,alt_scen_000009_00061,90.0,1,0,0,0,0,0,0,0,0.77,1,1
scen_000009,alt_scen_000009_00054,alt_scen_000009_00062,91.06,1,0,0,0,0,0,0,0,0.13,1,1
scen_000009,alt_scen_000009_00054,alt_scen_000009_00063,100.0,1,0,0,0,0,0,0,0,0.77,1,1
scen_000009,alt_scen_000009_00056,alt_scen_000009_00055,1.3,1,0,0,1,1,0,0,0,0.85,1,1
scen_000009,alt_scen_000009_00056,alt_scen_000009_00057,11.3,1,0,0,1,1,0,0,0,0.72,1,1
scen_000009,alt_scen_000009_00056,alt_scen_000009_00058,21.3,1,0,0,1,1,0,0,0,0.22,1,1
scen_000009,alt_scen_000009_00056,alt_scen_000009_00059,31.3,1,0,0,0,0,0,0,0,0.32,1,1
scen_000009,alt_scen_000009_00056,alt_scen_000009_00060,41.3,1,0,0,1,1,0,0,0,0.14,1,1
scen_000009,alt_scen_000009_00056,alt_scen_000009_00061,61.3,1,0,0,0,0,0,0,0,0.78,1,1
scen_000009,alt_scen_000009_00056,alt_scen_000009_00062,62.36,1,0,0,0,0,0,0,0,0.21,1,1
scen_000009,alt_scen_000009_00056,alt_scen_000009_00063,71.3,1,0,0,0,0,0,0,0,0.24,1,1
scen_000009,alt_scen_000009_00056,alt_scen_000009_00064,81.3,1,0,0,1,1,0,0,0,0.18,1,1
scen_000009,alt_scen_000009_00055,alt_scen_000009_00057,10.0,1,0,0,1,1,0,0,0,0.27,1,1
scen_000009,alt_scen_000009_00055,alt_scen_000009_00058,20.0,1,0,0,1,1,0,0,0,0.56,1,1
scen_000009,alt_scen_000009_00055,alt_scen_000009_00059,30.0,1,0,0,0,0,0,0,0,0.62,1,1
scen_000009,alt_scen_000009_00055,alt_scen_000009_00060,40.0,1,0,0,1,1,0,0,0,0.4,1,1
scen_000009,alt_scen_000009_00055,alt_scen_000009_00061,60.0,1,0,0,0,0,0,0,0,0.84,1,1
scen_000009,alt_scen_000009_00055,alt_scen_000009_00062,61.06,1,0,0,0,0,0,0,0,0.72,1,1
scen_000009,alt_scen_000009_00055,alt_scen_000009_00063,70.0,1,0,0,0,0,0,0,0,0.52,1,1
scen_000009,alt_scen_000009_00055,alt_scen_000009_00064,80.0,1,0,0,1,1,0,0,0,0.26,1,1
scen_000009,alt_scen_000009_00055,alt_scen_000009_00065,100.0,1,0,0,0,0,0,0,0,0.76,1,1
scen_000009,alt_scen_000009_00057,alt_scen_000009_00058,10.0,1,0,0,1,1,0,0,0,0.24,1,1
scen_000009,alt_scen_000009_00057,alt_scen_000009_00059,20.0,1,0,0,0,0,0,0,0,0.68,1,1
scen_000009,alt_scen_000009_00057,alt_scen_000009_00060,30.0,1,0,0,1,1,0,0,0,0.54,1,1
scen_000009,alt_scen_000009_00057,alt_scen_000009_00061,50.0,1,0,0,0,0,0,0,0,0.26,1,1
scen_000009,alt_scen_000009_00057,alt_scen_000009_00062,51.06,1,0,0,0,0,0,0,0,0.78,1,1
scen_000009,alt_scen_000009_00057,alt_scen_000009_00063,60.0,1,0,0,0,0,0,0,0,0.89,1,1
scen_000009,alt_scen_000009_00057,alt_scen_000009_00064,70.0,1,0,0,1,1,0,0,0,0.48,1,1
scen_000009,alt_scen_000009_00057,alt_scen_000009_00065,90.0,1,0,0,0,0,0,0,0,0.63,1,1
scen_000009,alt_scen_000009_00057,alt_scen_000009_00067,90.0,1,0,0,1,1,0,0,0,0.68,1,1
scen_000009,alt_scen_000009_00058,alt_scen_000009_00059,10.0,1,0,0,0,0,0,0,0,0.35,1,1
scen_000009,alt_scen_000009_00058,alt_scen_000009_00060,20.0,1,0,0,1,1,0,0,0,0.76,1,1
scen_000009,alt_scen_000009_00058,alt_scen_000009_00061,40.0,1,0,0,0,0,0,0,0,0.69,1,1
scen_000009,alt_scen_000009_00058,alt_scen_000009_00062,41.06,1,0,0,0,0,0,0,0,0.3,1,1
scen_000009,alt_scen_000009_00058,alt_scen_000009_00063,50.0,1,0,0,0,0,0,0,0,0.19,1,1
scen_000009,alt_scen_000009_00058,alt_scen_000009_00064,60.0,1,0,0,1,1,0,0,0,0.59,1,1
scen_000009,alt_scen_000009_00058,alt_scen_000009_00065,80.0,1,0,0,0,0,0,0,0,0.83,1,1
scen_000009,alt_scen_000009_00058,alt_scen_000009_00067,80.0,1,0,0,1,1,0,0,0,0.61,1,1
scen_000009,alt_scen_000009_00058,alt_scen_000009_00066,84.97,1,0,0,0,0,0,0,0,0.36,1,1
scen_000009,alt_scen_000009_00059,alt_scen_000009_00060,10.0,1,0,0,0,0,0,0,0,0.26,1,1
scen_000009,alt_scen_000009_00059,alt_scen_000009_00061,30.0,1,0,0,1,1,0,0,0,0.35,1,1
scen_000009,alt_scen_000009_00059,alt_scen_000009_00062,31.06,1,0,0,1,1,0,0,0,0.73,1,1
scen_000009,alt_scen_000009_00059,alt_scen_000009_00063,40.0,1,0,0,1,1,0,0,0,0.41,1,1
scen_000009,alt_scen_000009_00059,alt_scen_000009_00064,50.0,1,0,0,0,0,0,0,0,0.48,1,1
scen_000009,alt_scen_000009_00059,alt_scen_000009_00065,70.0,1,0,0,1,1,0,0,0,0.31,1,1
scen_000009,alt_scen_000009_00059,alt_scen_000009_00067,70.0,1,0,0,0,0,0,0,0,0.25,1,1
scen_000009,alt_scen_000009_00059,alt_scen_000009_00066,74.97,1,0,0,1,1,0,0,0,0.62,1,1
scen_000009,alt_scen_000009_00059,alt_scen_000009_00068,80.0,1,0,0,1,1,0,0,0,0.28,1,1
scen_000009,alt_scen_000009_00060,alt_scen_000009_00061,20.0,1,0,0,0,0,0,0,0,0.29,1,1
scen_000009,alt_scen_000009_00060,alt_scen_000009_00062,21.06,1,0,0,0,0,0,0,0,0.69,1,1
scen_000009,alt_scen_000009_00060,alt_scen_000009_00063,30.0,1,0,0,0,0,0,0,0,0.23,1,1
scen_000009,alt_scen_000009_00060,alt_scen_000009_00064,40.0,1,0,0,1,1,0,0,0,0.82,1,1
scen_000009,alt_scen_000009_00060,alt_scen_000009_00065,60.0,1,0,0,0,0,0,0,0,0.8,1,1
scen_000009,alt_scen_000009_00060,alt_scen_000009_00067,60.0,1,0,0,1,1,0,0,0,0.86,1,1
scen_000009,alt_scen_000009_00060,alt_scen_000009_00066,64.97,1,0,0,0,0,0,0,0,0.42,1,1
scen_000009,alt_scen_000009_00060,alt_scen_000009_00068,70.0,1,0,0,0,0,0,0,0,0.4,1,1
scen_000009,alt_scen_000009_00060,alt_scen_000009_00069,80.0,1,0,0,1,1,0,0,0,0.19,1,1
scen_000009,alt_scen_000009_00061,alt_scen_000009_00062,1.06,1,0,0,1,1,0,0,0,0.56,1,1
scen_000009,alt_scen_000009_00061,alt_scen_000009_00063,10.0,1,0,0,1,1,0,0,0,0.18,1,1
scen_000009,alt_scen_000009_00061,alt_scen_000009_00064,20.0,1,0,0,0,0,0,0,0,0.89,1,1
scen_000009,alt_scen_000009_00061,alt_scen_000009_00065,40.0,1,0,0,1,1,0,0,0,0.74,1,1
scen_000009,alt_scen_000009_00061,alt_scen_000009_00067,40.0,1,0,0,0,0,0,0,0,0.5,1,1
scen_000009,alt_scen_000009_00061,alt_scen_000009_00066,44.97,1,0,0,1,1,0,0,0,0.58,1,1
scen_000009,alt_scen_000009_00061,alt_scen_000009_00068,50.0,1,0,0,1,1,0,0,0,0.47,1,1
scen_000009,alt_scen_000009_00061,alt_scen_000009_00069,60.0,1,0,0,0,0,0,0,0,0.53,1,1
scen_000009,alt_scen_000009_00061,alt_scen_000009_00070,70.0,1,0,0,1,1,0,0,0,0.25,1,1
scen_000009,alt_scen_000009_00062,alt_scen_000009_00063,8.94,1,0,0,1,1,0,0,0,0.85,1,1
scen_000009,alt_scen_000009_00062,alt_scen_000009_00064,18.94,1,0,0,0,0,0,0,0,0.11,1,1
scen_000009,alt_scen_000009_00062,alt_scen_000009_00065,38.94,1,0,0,1,1,0,0,0,0.32,1,1
scen_000009,alt_scen_000009_00062,alt_scen_000009_00067,38.94,1,0,0,0,0,0,0,0,0.87,1,1
scen_000009,alt_scen_000009_00062,alt_scen_000009_00066,43.91,1,0,0,1,1,0,0,0,0.38,1,1
scen_000009,alt_scen_000009_00062,alt_scen_000009_00068,48.94,1,0,0,1,1,0,0,0,0.52,1,1
scen_000009,alt_scen_000009_00062,alt_scen_000009_00069,58.94,1,0,0,0,0,0,0,0,0.52,1,1
scen_000009,alt_scen_000009_00062,alt_scen_000009_00070,68.94,1,0,0,1,1,0,0,0,0.57,1,1
scen_000009,alt_scen_000009_00062,alt_scen_000009_00071,78.94,1,0,0,0,0,0,0,0,0.38,1,1
scen_000009,alt_scen_000009_00063,alt_scen_000009_00064,10.0,1,0,0,0,0,0,0,0,0.26,1,1
scen_000009,alt_scen_000009_00063,alt_scen_000009_00065,30.0,1,0,0,1,1,0,0,0,0.2,1,1
scen_000009,alt_scen_000009_00063,alt_scen_000009_00067,30.0,1,0,0,0,0,0,0,0,0.53,1,1
scen_000009,alt_scen_000009_00063,alt_scen_000009_00066,34.97,1,0,0,1,1,0,0,0,0.83,1,1
scen_000009,alt_scen_000009_00063,alt_scen_000009_00068,40.0,1,0,0,1,1,0,0,0,0.13,1,1
scen_000009,alt_scen_000009_00063,alt_scen_000009_00069,50.0,1,0,0,0,0,0,0,0,0.14,1,1
scen_000009,alt_scen_000009_00063,alt_scen_000009_00070,60.0,1,0,0,1,1,0,0,0,0.68,1,1
scen_000009,alt_scen_000009_00063,alt_scen_000009_00071,70.0,1,0,0,0,0,0,0,0,0.85,1,1
scen_000009,alt_scen_000009_00063,alt_scen_000009_00072,110.0,1,0,0,1,1,0,0,0,0.76,1,1
scen_000009,alt_scen_000009_00064,alt_scen_000009_00065,20.0,1,0,0,0,0,0,0,0,0.63,1,1
scen_000009,alt_scen_000009_00064,alt_scen_000009_00067,20.0,1,0,0,1,1,0,0,0,0.7,1,1
scen_000009,alt_scen_000009_00064,alt_scen_000009_00066,24.97,1,0,0,0,0,0,0,0,0.43,1,1
scen_000009,alt_scen_000009_00064,alt_scen_000009_00068,30.0,1,0,0,0,0,0,0,0,0.43,1,1
scen_000009,alt_scen_000009_00064,alt_scen_000009_00069,40.0,1,0,0,1,1,0,0,0,0.35,1,1
scen_000009,alt_scen_000009_00064,alt_scen_000009_00070,50.0,1,0,0,0,0,0,0,0,0.79,1,1
scen_000009,alt_scen_000009_00064,alt_scen_000009_00071,60.0,1,0,0,1,1,0,0,0,0.14,1,1
scen_000009,alt_scen_000009_00064,alt_scen_000009_00072,100.0,1,0,0,0,0,0,0,0,0.47,1,1
scen_000009,alt_scen_000009_00064,alt_scen_000009_00073,100.0,1,0,0,1,1,0,0,0,0.19,1,1
scen_000009,alt_scen_000009_00065,alt_scen_000009_00067,0.0,1,0,0,0,0,0,0,0,0.73,1,1
scen_000009,alt_scen_000009_00065,alt_scen_000009_00066,4.97,1,0,0,1,1,0,0,0,0.54,1,1
scen_000009,alt_scen_000009_00065,alt_scen_000009_00068,10.0,1,0,0,1,1,0,0,0,0.36,1,1
scen_000009,alt_scen_000009_00065,alt_scen_000009_00069,20.0,1,0,0,0,0,0,0,0,0.65,1,1
scen_000009,alt_scen_000009_00065,alt_scen_000009_00070,30.0,1,0,0,1,1,0,0,0,0.48,1,1
scen_000009,alt_scen_000009_00065,alt_scen_000009_00071,40.0,1,0,0,0,0,0,0,0,0.54,1,1
scen_000009,alt_scen_000009_00065,alt_scen_000009_00072,80.0,1,0,0,1,1,0,0,0,0.74,1,1
scen_000009,alt_scen_000009_00065,alt_scen_000009_00073,80.0,1,0,0,0,0,0,0,0,0.58,1,1
scen_000009,alt_scen_000009_00065,alt_scen_000009_00074,82.89,1,0,0,0,0,0,0,0,0.86,1,1
scen_000009,alt_scen_000009_00067,alt_scen_000009_00066,4.97,1,0,0,0,0,0,0,0,0.79,1,1
scen_000009,alt_scen_000009_00067,alt_scen_000009_00068,10.0,1,0,0,0,0,0,0,0,0.54,1,1
scen_000009,alt_scen_000009_00067,alt_scen_000009_00069,20.0,1,0,0,1,1,0,0,0,0.16,1,1
scen_000009,alt_scen_000009_00067,alt_scen_000009_00070,30.0,1,0,0,0,0,0,0,0,0.33,1,1
scen_000009,alt_scen_000009_00067,alt_scen_000009_00071,40.0,1,0,0,1,1,0,0,0,0.62,1,1
scen_000009,alt_scen_000009_00067,alt_scen_000009_00072,80.0,1,0,0,0,0,0,0,0,0.22,1,1
scen_000009,alt_scen_000009_00067,alt_scen_000009_00073,80.0,1,0,0,1,1,0,0,0,0.24,1,1
scen_000009,alt_scen_000009_00067,alt_scen_000009_00074,82.89,1,0,0,1,1,0,0,0,0.14,1,1
scen_000009,alt_scen_000009_00067,alt_scen_000009_00075,90.0,1,0,0,0,0,0,0,0,0.6,1,1
scen_000009,alt_scen_000009_00066,alt_scen_000009_00068,5.03,1,0,0,1,1,0,0,0,0.13,1,1
scen_000009,alt_scen_000009_00066,alt_scen_000009_00069,15.03,1,0,0,0,0,0,0,0,0.48,1,1
scen_000009,alt_scen_000009_00066,alt_scen_000009_00070,25.03,1,0,0,1,1,0,0,0,0.65,1,1
scen_000009,alt_scen_000009_00066,alt_scen_000009_00071,35.03,1,0,0,0,0,0,0,0,0.27,1,1
scen_000009,alt_scen_000009_00066,alt_scen_000009_00072,75.03,1,0,0,1,1,0,0,0,0.78,1,1
scen_000009,alt_scen_000009_00066,alt_scen_000009_00073,75.03,1,0,0,0,0,0,0,0,0.19,1,1
scen_000009,alt_scen_000009_00066,alt_scen_000009_00074,77.92,1,0,0,0,0,0,0,0,0.8,1,1
scen_000009,alt_scen_000009_00066,alt_scen_000009_00075,85.03,1,0,0,1,1,0,0,0,0.12,1,1
scen_000009,alt_scen_000009_00066,alt_scen_000009_00076,95.03,1,0,0,1,1,0,0,0,0.63,1,1
scen_000009,alt_scen_000009_00068,alt_scen_000009_00069,10.0,1,0,0,0,0,0,0,0,0.76,1,1
scen_000009,alt_scen_000009_00068,alt_scen_000009_00070,20.0,1,0,0,1,1,0,0,0,0.9,1,1
scen_000009,alt_scen_000009_00068,alt_scen_000009_00071,30.0,1,0,0,0,0,0,0,0,0.33,1,1
scen_000009,alt_scen_000009_00068,alt_scen_000009_00072,70.0,1,0,0,1,1,0,0,0,0.21,1,1
scen_000009,alt_scen_000009_00068,alt_scen_000009_00073,70.0,1,0,0,0,0,0,0,0,0.71,1,1
scen_000009,alt_scen_000009_00068,alt_scen_000009_00074,72.89,1,0,0,0,0,0,0,0,0.7,1,1
scen_000009,alt_scen_000009_00068,alt_scen_000009_00075,80.0,1,0,0,1,1,0,0,0,0.69,1,1
scen_000009,alt_scen_000009_00068,alt_scen_000009_00076,90.0,1,0,0,1,1,0,0,0,0.49,1,1
scen_000009,alt_scen_000009_00068,alt_scen_000009_00077,100.0,1,0,0,1,1,0,0,0,0.23,1,1
scen_000009,alt_scen_000009_00069,alt_scen_000009_00070,10.0,1,0,0,0,0,0,0,0,0.29,1,1
scen_000009,alt_scen_000009_00069,alt_scen_000009_00071,20.0,1,0,0,1,1,0,0,0,0.31,1,1
scen_000009,alt_scen_000009_00069,alt_scen_000009_00072,60.0,1,0,0,0,0,0,0,0,0.59,1,1
scen_000009,alt_scen_000009_00069,alt_scen_000009_00073,60.0,1,0,0,1,1,0,0,0,0.2,1,1
scen_000009,alt_scen_000009_00069,alt_scen_000009_00074,62.89,1,0,0,1,1,0,0,0,0.39,1,1
scen_000009,alt_scen_000009_00069,alt_scen_000009_00075,70.0,1,0,0,0,0,0,0,0,0.38,1,1
scen_000009,alt_scen_000009_00069,alt_scen_000009_00076,80.0,1,0,0,0,0,0,0,0,0.9,1,1
scen_000009,alt_scen_000009_00069,alt_scen_000009_00077,90.0,1,0,0,0,0,0,0,0,0.76,1,1
scen_000009,alt_scen_000009_00069,alt_scen_000009_00078,120.0,1,0,0,0,0,0,0,0,0.54,1,1
scen_000009,alt_scen_000009_00070,alt_scen_000009_00071,10.0,1,0,0,0,0,0,0,0,0.73,1,1
scen_000009,alt_scen_000009_00070,alt_scen_000009_00072,50.0,1,0,0,1,1,0,0,0,0.59,1,1
scen_000009,alt_scen_000009_00070,alt_scen_000009_00073,50.0,1,0,0,0,0,0,0,0,0.51,1,1
scen_000009,alt_scen_000009_00070,alt_scen_000009_00074,52.89,1,0,0,0,0,0,0,0,0.32,1,1
scen_000009,alt_scen_000009_00070,alt_scen_000009_00075,60.0,1,0,0,1,1,0,0,0,0.68,1,1
scen_000009,alt_scen_000009_00070,alt_scen_000009_00076,70.0,1,0,0,1,1,0,0,0,0.36,1,1
scen_000009,alt_scen_000009_00070,alt_scen_000009_00077,80.0,1,0,0,1,1,0,0,0,0.27,1,1
scen_000009,alt_scen_000009_00070,alt_scen_000009_00078,110.0,1,0,0,1,1,0,0,0,0.66,1,1
scen_000009,alt_scen_000009_00070,alt_scen_000009_00079,110.0,1,0,0,0,0,0,0,0,0.31,1,1
scen_000009,alt_scen_000009_00071,alt_scen_000009_00072,40.0,1,0,0,0,0,0,0,0,0.28,1,1
scen_000009,alt_scen_000009_00071,alt_scen_000009_00073,40.0,1,0,0,1,1,0,0,0,0.75,1,1
scen_000009,alt_scen_000009_00071,alt_scen_000009_00074,42.89,1,0,0,1,1,0,0,0,0.71,1,1
scen_000009,alt_scen_000009_00071,alt_scen_000009_00075,50.0,1,0,0,0,0,0,0,0,0.1,1,1
scen_000009,alt_scen_000009_00071,alt_scen_000009_00076,60.0,1,0,0,0,0,0,0,0,0.35,1,1
scen_000009,alt_scen_000009_00071,alt_scen_000009_00077,70.0,1,0,0,0,0,0,0,0,0.4,1,1
scen_000009,alt_scen_000009_00071,alt_scen_000009_00078,100.0,1,0,0,0,0,0,0,0,0.52,1,1
scen_000009,alt_scen_000009_00071,alt_scen_000009_00079,100.0,1,0,0,1,1,0,0,0,0.85,1,1
scen_000009,alt_scen_000009_00071,alt_scen_000009_00080,120.0,1,0,0,0,0,0,0,0,0.75,1,1
scen_000009,alt_scen_000009_00072,alt_scen_000009_00073,0.0,1,0,0,0,0,0,0,0,0.74,1,1
scen_000009,alt_scen_000009_00072,alt_scen_000009_00074,2.89,1,0,0,0,0,0,0,0,0.4,1,1
scen_000009,alt_scen_000009_00072,alt_scen_000009_00075,10.0,1,0,0,1,1,0,0,0,0.27,1,1
scen_000009,alt_scen_000009_00072,alt_scen_000009_00076,20.0,1,0,0,1,1,0,0,0,0.14,1,1
scen_000009,alt_scen_000009_00072,alt_scen_000009_00077,30.0,1,0,0,1,1,0,0,0,0.14,1,1
scen_000009,alt_scen_000009_00072,alt_scen_000009_00078,60.0,1,0,0,1,1,0,0,0,0.79,1,1
scen_000009,alt_scen_000009_00072,alt_scen_000009_00079,60.0,1,0,0,0,0,0,0,0,0.28,1,1
scen_000009,alt_scen_000009_00072,alt_scen_000009_00080,80.0,1,0,0,1,1,0,0,0,0.24,1,1
scen_000009,alt_scen_000009_00072,alt_scen_000009_00081,120.0,1,0,0,0,0,0,0,0,0.79,1,1
scen_000009,alt_scen_000009_00073,alt_scen_000009_00074,2.89,1,0,0,1,1,0,0,0,0.24,1,1
scen_000009,alt_scen_000009_00073,alt_scen_000009_00075,10.0,1,0,0,0,0,0,0,0,0.74,1,1
scen_000009,alt_scen_000009_00073,alt_scen_000009_00076,20.0,1,0,0,0,0,0,0,0,0.54,1,1
scen_000009,alt_scen_000009_00073,alt_scen_000009_00077,30.0,1,0,0,0,0,0,0,0,0.59,1,1
scen_000009,alt_scen_000009_00073,alt_scen_000009_00078,60.0,1,0,0,0,0,0,0,0,0.66,1,1
scen_000009,alt_scen_000009_00073,alt_scen_000009_00079,60.0,1,0,0,1,1,0,0,0,0.28,1,1
scen_000009,alt_scen_000009_00073,alt_scen_000009_00080,80.0,1,0,0,0,0,0,0,0,0.38,1,1
scen_000009,alt_scen_000009_00073,alt_scen_000009_00081,120.0,1,0,0,1,1,0,0,0,0.74,1,1
scen_000009,alt_scen_000009_00073,alt_scen_000009_00082,130.0,1,0,0,0,0,0,0,0,0.31,1,1
scen_000009,alt_scen_000009_00074,alt_scen_000009_00075,7.11,1,0,0,0,0,0,0,0,0.78,1,1
scen_000009,alt_scen_000009_00074,alt_scen_000009_00076,17.11,1,0,0,0,0,0,0,0,0.66,1,1
scen_000009,alt_scen_000009_00074,alt_scen_000009_00077,27.11,1,0,0,0,0,0,0,0,0.63,1,1
scen_000009,alt_scen_000009_00074,alt_scen_000009_00078,57.11,1,0,0,0,0,0,0,0,0.76,1,1
scen_000009,alt_scen_000009_00074,alt_scen_000009_00079,57.11,1,0,0,1,1,0,0,0,0.23,1,1
scen_000009,alt_scen_000009_00074,alt_scen_000009_00080,77.11,1,0,0,0,0,0,0,0,0.68,1,1
scen_000009,alt_scen_000009_00074,alt_scen_000009_00081,117.11,1,0,0,1,1,0,0,0,0.78,1,1
scen_000009,alt_scen_000009_00074,alt_scen_000009_00082,127.11,1,0,0,0,0,0,0,0,0.34,1,1
scen_000009,alt_scen_000009_00074,alt_scen_000009_00083,137.11,1,0,0,1,1,0,0,0,0.81,1,1
scen_000009,alt_scen_000009_00075,alt_scen_000009_00076,10.0,1,0,0,1,1,0,0,0,0.21,1,1
scen_000009,alt_scen_000009_00075,alt_scen_000009_00077,20.0,1,0,0,1,1,0,0,0,0.17,1,1
scen_000009,alt_scen_000009_00075,alt_scen_000009_00078,50.0,1,0,0,1,1,0,0,0,0.29,1,1
scen_000009,alt_scen_000009_00075,alt_scen_000009_00079,50.0,1,0,0,0,0,0,0,0,0.7,1,1
scen_000009,alt_scen_000009_00075,alt_scen_000009_00080,70.0,1,0,0,1,1,0,0,0,0.52,1,1
scen_000009,alt_scen_000009_00075,alt_scen_000009_00081,110.0,1,0,0,0,0,0,0,0,0.5,1,1
scen_000009,alt_scen_000009_00075,alt_scen_000009_00082,120.0,1,0,0,1,1,0,0,0,0.31,1,1
scen_000009,alt_scen_000009_00075,alt_scen_000009_00083,130.0,1,0,0,0,0,0,0,0,0.77,1,1
scen_000009,alt_scen_000009_00075,alt_scen_000009_00084,134.34,1,0,0,0,0,0,0,0,0.52,1,1
scen_000009,alt_scen_000009_00076,alt_scen_000009_00077,10.0,1,0,0,1,1,0,0,0,0.33,1,1
scen_000009,alt_scen_000009_00076,alt_scen_000009_00078,40.0,1,0,0,1,1,0,0,0,0.65,1,1
scen_000009,alt_scen_000009_00076,alt_scen_000009_00079,40.0,1,0,0,0,0,0,0,0,0.3,1,1
scen_000009,alt_scen_000009_00076,alt_scen_000009_00080,60.0,1,0,0,1,1,0,0,0,0.33,1,1
scen_000009,alt_scen_000009_00076,alt_scen_000009_00081,100.0,1,0,0,0,0,0,0,0,0.62,1,1
scen_000009,alt_scen_000009_00076,alt_scen_000009_00082,110.0,1,0,0,1,1,0,0,0,0.82,1,1
scen_000009,alt_scen_000009_00076,alt_scen_000009_00083,120.0,1,0,0,0,0,0,0,0,0.64,1,1
scen_000009,alt_scen_000009_00076,alt_scen_000009_00084,124.34,1,0,0,0,0,0,0,0,0.39,1,1
scen_000009,alt_scen_000009_00076,alt_scen_000009_00085,130.0,1,0,0,0,0,0,0,0,0.16,1,1
scen_000009,alt_scen_000009_00077,alt_scen_000009_00078,30.0,1,0,0,1,1,0,0,0,0.83,1,1
scen_000009,alt_scen_000009_00077,alt_scen_000009_00079,30.0,1,0,0,0,0,0,0,0,0.64,1,1
scen_000009,alt_scen_000009_00077,alt_scen_000009_00080,50.0,1,0,0,1,1,0,0,0,0.75,1,1
scen_000009,alt_scen_000009_00077,alt_scen_000009_00081,90.0,1,0,0,0,0,0,0,0,0.11,1,1
scen_000009,alt_scen_000009_00077,alt_scen_000009_00082,100.0,1,0,0,1,1,0,0,0,0.56,1,1
scen_000009,alt_scen_000009_00077,alt_scen_000009_00083,110.0,1,0,0,0,0,0,0,0,0.7,1,1
scen_000009,alt_scen_000009_00077,alt_scen_000009_00084,114.34,1,0,0,0,0,0,0,0,0.79,1,1
scen_000009,alt_scen_000009_00077,alt_scen_000009_00085,120.0,1,0,0,0,0,0,0,0,0.56,1,1
scen_000009,alt_scen_000009_00077,alt_scen_000009_00086,130.0,1,0,0,0,0,0,0,0,0.87,1,1
scen_000009,alt_scen_000009_00078,alt_scen_000009_00079,0.0,1,0,0,0,0,0,0,0,0.53,1,1
scen_000009,alt_scen_000009_00078,alt_scen_000009_00080,20.0,1,0,0,1,1,0,0,0,0.47,1,1
scen_000009,alt_scen_000009_00078,alt_scen_000009_00081,60.0,1,0,0,0,0,0,0,0,0.63,1,1
scen_000009,alt_scen_000009_00078,alt_scen_000009_00082,70.0,1,0,0,1,1,0,0,0,0.86,1,1
scen_000009,alt_scen_000009_00078,alt_scen_000009_00083,80.0,1,0,0,0,0,0,0,0,0.22,1,1
scen_000009,alt_scen_000009_00078,alt_scen_000009_00084,84.34,1,0,0,0,0,0,0,0,0.7,1,1
scen_000009,alt_scen_000009_00078,alt_scen_000009_00085,90.0,1,0,0,0,0,0,0,0,0.32,1,1
scen_000009,alt_scen_000009_00078,alt_scen_000009_00086,100.0,1,0,0,0,0,0,0,0,0.34,1,1
scen_000009,alt_scen_000009_00078,alt_scen_000009_00087,120.0,1,0,0,0,0,0,0,0,0.69,1,1
scen_000009,alt_scen_000009_00079,alt_scen_000009_00080,20.0,1,0,0,0,0,0,0,0,0.88,1,1
scen_000009,alt_scen_000009_00079,alt_scen_000009_00081,60.0,1,0,0,1,1,0,0,0,0.68,1,1
scen_000009,alt_scen_000009_00079,alt_scen_000009_00082,70.0,1,0,0,0,0,0,0,0,0.76,1,1
scen_000009,alt_scen_000009_00079,alt_scen_000009_00083,80.0,1,0,0,1,1,0,0,0,0.11,1,1
scen_000009,alt_scen_000009_00079,alt_scen_000009_00084,84.34,1,0,0,1,1,0,0,0,0.38,1,1
scen_000009,alt_scen_000009_00079,alt_scen_000009_00085,90.0,1,0,0,1,1,0,0,0,0.61,1,1
scen_000009,alt_scen_000009_00079,alt_scen_000009_00086,100.0,1,0,0,1,1,0,0,0,0.19,1,1
scen_000009,alt_scen_000009_00079,alt_scen_000009_00087,120.0,1,0,0,1,1,0,0,0,0.18,1,1
scen_000009,alt_scen_000009_00079,alt_scen_000009_00088,130.0,1,0,0,1,1,0,0,0,0.14,1,1
scen_000009,alt_scen_000009_00080,alt_scen_000009_00081,40.0,1,0,0,0,0,0,0,0,0.67,1,1
scen_000009,alt_scen_000009_00080,alt_scen_000009_00082,50.0,1,0,0,1,1,0,0,0,0.85,1,1
scen_000009,alt_scen_000009_00080,alt_scen_000009_00083,60.0,1,0,0,0,0,0,0,0,0.54,1,1
scen_000009,alt_scen_000009_00080,alt_scen_000009_00084,64.34,1,0,0,0,0,0,0,0,0.24,1,1
scen_000009,alt_scen_000009_00080,alt_scen_000009_00085,70.0,1,0,0,0,0,0,0,0,0.84,1,1
scen_000009,alt_scen_000009_00080,alt_scen_000009_00086,80.0,1,0,0,0,0,0,0,0,0.28,1,1
scen_000009,alt_scen_000009_00080,alt_scen_000009_00087,100.0,1,0,0,0,0,0,0,0,0.13,1,1
scen_000009,alt_scen_000009_00080,alt_scen_000009_00088,110.0,1,0,0,0,0,0,0,0,0.15,1,1
scen_000009,alt_scen_000009_00080,alt_scen_000009_00089,120.0,1,0,0,1,1,0,0,0,0.44,1,1
scen_000009,alt_scen_000009_00081,alt_scen_000009_00082,10.0,1,0,0,0,0,0,0,0,0.6,1,1
scen_000009,alt_scen_000009_00081,alt_scen_000009_00083,20.0,1,0,0,1,1,0,0,0,0.44,1,1
scen_000009,alt_scen_000009_00081,alt_scen_000009_00084,24.34,1,0,0,1,1,0,0,0,0.24,1,1
scen_000009,alt_scen_000009_00081,alt_scen_000009_00085,30.0,1,0,0,1,1,0,0,0,0.84,1,1
scen_000009,alt_scen_000009_00081,alt_scen_000009_00086,40.0,1,0,0,1,1,0,0,0,0.72,1,1
scen_000009,alt_scen_000009_00081,alt_scen_000009_00087,60.0,1,0,0,1,1,0,0,0,0.45,1,1
scen_000009,alt_scen_000009_00081,alt_scen_000009_00088,70.0,1,0,0,1,1,0,0,0,0.36,1,1
scen_000009,alt_scen_000009_00081,alt_scen_000009_00089,80.0,1,0,0,0,0,0,0,0,0.13,1,1
scen_000009,alt_scen_000009_00082,alt_scen_000009_00083,10.0,1,0,0,0,0,0,0,0,0.11,1,1
scen_000009,alt_scen_000009_00082,alt_scen_000009_00084,14.34,1,0,0,0,0,0,0,0,0.78,1,1
scen_000009,alt_scen_000009_00082,alt_scen_000009_00085,20.0,1,0,0,0,0,0,0,0,0.3,1,1
scen_000009,alt_scen_000009_00082,alt_scen_000009_00086,30.0,1,0,0,0,0,0,0,0,0.22,1,1
scen_000009,alt_scen_000009_00082,alt_scen_000009_00087,50.0,1,0,0,0,0,0,0,0,0.44,1,1
scen_000009,alt_scen_000009_00082,alt_scen_000009_00088,60.0,1,0,0,0,0,0,0,0,0.62,1,1
scen_000009,alt_scen_000009_00082,alt_scen_000009_00089,70.0,1,0,0,1,1,0,0,0,0.53,1,1
scen_000009,alt_scen_000009_00083,alt_scen_000009_00084,4.34,1,0,0,1,1,0,0,0,0.85,1,1
scen_000009,alt_scen_000009_00083,alt_scen_000009_00085,10.0,1,0,0,1,1,0,0,0,0.24,1,1
scen_000009,alt_scen_000009_00083,alt_scen_000009_00086,20.0,1,0,0,1,1,0,0,0,0.85,1,1
scen_000009,alt_scen_000009_00083,alt_scen_000009_00087,40.0,1,0,0,1,1,0,0,0,0.34,1,1
scen_000009,alt_scen_000009_00083,alt_scen_000009_00088,50.0,1,0,0,1,1,0,0,0,0.26,1,1
scen_000009,alt_scen_000009_00083,alt_scen_000009_00089,60.0,1,0,0,0,0,0,0,0,0.33,1,1
scen_000009,alt_scen_000009_00084,alt_scen_000009_00085,5.66,1,0,0,1,1,0,0,0,0.72,1,1
scen_000009,alt_scen_000009_00084,alt_scen_000009_00086,15.66,1,0,0,1,1,0,0,0,0.48,1,1
scen_000009,alt_scen_000009_00084,alt_scen_000009_00087,35.66,1,0,0,1,1,0,0,0,0.58,1,1
scen_000009,alt_scen_000009_00084,alt_scen_000009_00088,45.66,1,0,0,1,1,0,0,0,0.31,1,1
scen_000009,alt_scen_000009_00084,alt_scen_000009_00089,55.66,1,0,0,0,0,0,0,0,0.82,1,1
scen_000009,alt_scen_000009_00085,alt_scen_000009_00086,10.0,1,0,0,1,1,0,0,0,0.71,1,1
scen_000009,alt_scen_000009_00085,alt_scen_000009_00087,30.0,1,0,0,1,1,0,0,0,0.32,1,1
scen_000009,alt_scen_000009_00085,alt_scen_000009_00088,40.0,1,0,0,1,1,0,0,0,0.87,1,1
scen_000009,alt_scen_000009_00085,alt_scen_000009_00089,50.0,1,0,0,0,0,0,0,0,0.35,1,1
scen_000009,alt_scen_000009_00086,alt_scen_000009_00087,20.0,1,0,0,1,1,0,0,0,0.8,1,1
scen_000009,alt_scen_000009_00086,alt_scen_000009_00088,30.0,1,0,0,1,1,0,0,0,0.55,1,1
scen_000009,alt_scen_000009_00086,alt_scen_000009_00089,40.0,1,0,0,0,0,0,0,0,0.8,1,1
scen_000009,alt_scen_000009_00087,alt_scen_000009_00088,10.0,1,0,0,1,1,0,0,0,0.37,1,1
scen_000009,alt_scen_000009_00087,alt_scen_000009_00089,20.0,1,0,0,0,0,0,0,0,0.75,1,1
scen_000009,alt_scen_000009_00088,alt_scen_000009_00089,10.0,1,0,0,0,0,0,0,0,0.59,1,1
scen_000010,alt_scen_000010_00042,alt_scen_000010_00038,108.0,0,0,0,1,1,0,2,0,0.53,1,0
scen_000010,alt_scen_000010_00042,alt_scen_000010_00041,129.0,0,0,0,1,1,0,2,0,0.81,1,0
scen_000010,alt_scen_000010_00042,alt_scen_000010_00001,150.0,0,0,0,0,0,0,2,0,0.57,1,0
scen_000010,alt_scen_000010_00042,alt_scen_000010_00002,153.02,0,0,0,0,0,0,2,0,0.44,1,0
scen_000010,alt_scen_000010_00042,alt_scen_000010_00003,160.0,0,0,0,0,1,0,2,0,0.32,1,0
scen_000010,alt_scen_000010_00042,alt_scen_000010_00040,206.0,0,0,0,1,1,0,2,0,0.56,1,0
scen_000010,alt_scen_000010_00042,alt_scen_000010_00004,210.0,0,0,0,0,0,0,2,0,0.85,1,0
scen_000010,alt_scen_000010_00042,alt_scen_000010_00005,212.76,0,0,0,0,0,0,2,0,0.33,1,0
scen_000010,alt_scen_000010_00042,alt_scen_000010_00006,220.0,0,0,0,0,1,0,2,0,0.49,1,0
scen_000010,alt_scen_000010_00038,alt_scen_000010_00041,21.0,0,0,0,1,1,0,2,0,0.49,1,0
scen_000010,alt_scen_000010_00038,alt_scen_000010_00001,42.0,0,0,0,0,0,0,2,0,0.89,1,0
scen_000010,alt_scen_000010_00038,alt_scen_000010_00002,45.02,0,0,0,0,0,0,2,0,0.54,1,0
scen_000010,alt_scen_000010_00038,alt_scen_000010_00003,52.0,0,0,0,0,1,0,2,0,0.47,1,0
scen_000010,alt_scen_000010_00038,alt_scen_000010_00040,98.0,0,0,0,1,1,0,2,0,0.76,1,0
scen_000010,alt_scen_000010_00038,alt_scen_000010_00004,102.0,0,0,0,0,0,0,2,0,0.36,1,0
scen_000010,alt_scen_000010_00038,alt_scen_000010_00005,104.76,0,0,0,0,0,0,2,0,0.83,1,0
scen_000010,alt_scen_000010_00038,alt_scen_000010_00006,112.0,0,0,0,0,1,0,2,0,0.13,1,0
scen_000010,alt_scen_000010_00038,alt_scen_000010_00007,142.0,0,0,0,0,1,0,2,0,0.86,1,0
scen_000010,alt_scen_000010_00041,alt_scen_000010_00001,21.0,0,0,0,0,0,0,2,0,0.13,1,0
scen_000010,alt_scen_000010_00041,alt_scen_000010_00002,24.02,0,0,0,0,0,0,2,0,0.73,1,0
scen_000010,alt_scen_000010_00041,alt_scen_000010_00003,31.0,0,0,0,0,1,0,2,0,0.35,1,0
scen_000010,alt_scen_000010_00041,alt_scen_000010_00040,77.0,0,0,0,1,1,0,2,0,0.75,1,0
scen_000010,alt_scen_000010_00041,alt_scen_000010_00004,81.0,0,0,0,0,0,0,2,0,0.18,1,0
scen_000010,alt_scen_000010_00041,alt_scen_000010_00005,83.76,0,0,0,0,0,0,2,0,0.51,1,0
scen_000010,alt_scen_000010_00041,alt_scen_000010_00006,91.0,0,0,0,0,1,0,2,0,0.78,1,0
scen_000010,alt_scen_000010_00041,alt_scen_000010_00007,121.0,0,0,0,0,1,0,2,0,0.34,1,0
scen_000010,alt_scen_000010_00041,alt_scen_000010_00008,131.0,0,0,0,0,0,0,2,0,0.21,1,0
scen_000010,alt_scen_000010_00001,alt_scen_000010_00002,3.02,1,0,0,1,1,0,0,0,0.62,1,1
scen_000010,alt_scen_000010_00001,alt_scen_000010_00003,10.0,1,0,0,0,0,0,0,0,0.22,1,1
scen_000010,alt_scen_000010_00001,alt_scen_000010_00040,56.0,0,0,0,0,0,0,2,0,0.83,1,0
scen_000010,alt_scen_000010_00001,alt_scen_000010_00004,60.0,1,0,0,1,1,0,0,0,0.71,1,1
scen_000010,alt_scen_000010_00001,alt_scen_000010_00005,62.76,1,0,0,1,1,0,0,0,0.87,1,1
scen_000010,alt_scen_000010_00001,alt_scen_000010_00006,70.0,1,0,0,0,0,0,0,0,0.33,1,1
scen_000010,alt_scen_000010_00001,alt_scen_000010_00007,100.0,1,0,0,0,0,0,0,0,0.82,1,1
scen_000010,alt_scen_000010_00001,alt_scen_000010_00008,110.0,1,0,0,1,1,0,0,0,0.89,1,1
scen_000010,alt_scen_000010_00001,alt_scen_000010_00009,120.0,1,0,0,1,1,0,0,0,0.54,1,1
scen_000010,alt_scen_000010_00002,alt_scen_000010_00003,6.98,1,0,0,0,0,0,0,0,0.65,1,1
scen_000010,alt_scen_000010_00002,alt_scen_000010_00040,52.98,0,0,0,0,0,0,2,0,0.66,1,0
scen_000010,alt_scen_000010_00002,alt_scen_000010_00004,56.98,1,0,0,1,1,0,0,0,0.37,1,1
scen_000010,alt_scen_000010_00002,alt_scen_000010_00005,59.74,1,0,0,1,1,0,0,0,0.64,1,1
scen_000010,alt_scen_000010_00002,alt_scen_000010_00006,66.98,1,0,0,0,0,0,0,0,0.24,1,1
scen_000010,alt_scen_000010_00002,alt_scen_000010_00007,96.98,1,0,0,0,0,0,0,0,0.31,1,1
scen_000010,alt_scen_000010_00002,alt_scen_000010_00008,106.98,1,0,0,1,1,0,0,0,0.14,1,1
scen_000010,alt_scen_000010_00002,alt_scen_000010_00009,116.98,1,0,0,1,1,0,0,0,0.18,1,1
scen_000010,alt_scen_000010_00002,alt_scen_000010_00010,146.98,1,0,0,0,0,0,0,0,0.26,1,1
scen_000010,alt_scen_000010_00003,alt_scen_000010_00040,46.0,0,0,0,0,1,0,2,0,0.51,1,0
scen_000010,alt_scen_000010_00003,alt_scen_000010_00004,50.0,1,0,0,0,0,0,0,0,0.14,1,1
scen_000010,alt_scen_000010_00003,alt_scen_000010_00005,52.76,1,0,0,0,0,0,0,0,0.29,1,1
scen_000010,alt_scen_000010_00003,alt_scen_000010_00006,60.0,1,0,0,1,1,0,0,0,0.21,1,1
scen_000010,alt_scen_000010_00003,alt_scen_000010_00007,90.0,1,0,0,1,1,0,0,0,0.83,1,1
scen_000010,alt_scen_000010_00003,alt_scen_000010_00008,100.0,1,0,0,0,0,0,0,0,0.83,1,1
scen_000010,alt_scen_000010_00003,alt_scen_000010_00009,110.0,1,0,0,0,0,0,0,0,0.68,1,1
scen_000010,alt_scen_000010_00003,alt_scen_000010_00010,140.0,1,0,0,1,1,0,0,0,0.23,1,1
scen_000010,alt_scen_000010_00003,alt_scen_000010_00011,150.0,1,0,0,0,0,0,0,0,0.51,1,1
scen_000010,alt_scen_000010_00040,alt_scen_000010_00004,4.0,0,0,0,0,0,0,2,0,0.15,1,0
scen_000010,alt_scen_000010_00040,alt_scen_000010_00005,6.76,0,0,0,0,0,0,2,0,0.57,1,0
scen_000010,alt_scen_000010_00040,alt_scen_000010_00006,14.0,0,0,0,0,1,0,2,0,0.29,1,0
scen_000010,alt_scen_000010_00040,alt_scen_000010_00007,44.0,0,0,0,0,1,0,2,0,0.44,1,0
scen_000010,alt_scen_000010_00040,alt_scen_000010_00008,54.0,0,0,0,0,0,0,2,0,0.9,1,0
scen_000010,alt_scen_000010_00040,alt_scen_000010_00009,64.0,0,0,0,0,0,0,2,0,0.82,1,0
scen_000010,alt_scen_000010_00040,alt_scen_000010_00010,94.0,0,0,0,0,1,0,2,0,0.11,1,0
scen_000010,alt_scen_000010_00040,alt_scen_000010_00011,104.0,0,0,0,0,0,0,2,0,0.48,1,0
scen_000010,alt_scen_000010_00040,alt_scen_000010_00012,174.0,0,0,0,0,0,0,2,0,0.29,1,0
scen_000010,alt_scen_000010_00004,alt_scen_000010_00005,2.76,1,0,0,1,1,0,0,0,0.37,1,1
scen_000010,alt_scen_000010_00004,alt_scen_000010_00006,10.0,1,0,0,0,0,0,0,0,0.32,1,1
scen_000010,alt_scen_000010_00004,alt_scen_000010_00007,40.0,1,0,0,0,0,0,0,0,0.62,1,1
scen_000010,alt_scen_000010_00004,alt_scen_000010_00008,50.0,1,0,0,1,1,0,0,0,0.75,1,1
scen_000010,alt_scen_000010_00004,alt_scen_000010_00009,60.0,1,0,0,1,1,0,0,0,0.73,1,1
scen_000010,alt_scen_000010_00004,alt_scen_000010_00010,90.0,1,0,0,0,0,0,0,0,0.33,1,1
scen_000010,alt_scen_000010_00004,alt_scen_000010_00011,100.0,1,0,0,1,1,0,0,0,0.42,1,1
scen_000010,alt_scen_000010_00004,alt_scen_000010_00012,170.0,1,0,0,1,1,0,0,0,0.38,1,1
scen_000010,alt_scen_000010_00004,alt_scen_000010_00013,170.0,1,0,0,0,0,0,0,0,0.32,1,1
scen_000010,alt_scen_000010_00005,alt_scen_000010_00006,7.24,1,0,0,0,0,0,0,0,0.63,1,1
scen_000010,alt_scen_000010_00005,alt_scen_000010_00007,37.24,1,0,0,0,0,0,0,0,0.12,1,1
scen_000010,alt_scen_000010_00005,alt_scen_000010_00008,47.24,1,0,0,1,1,0,0,0,0.74,1,1
scen_000010,alt_scen_000010_00005,alt_scen_000010_00009,57.24,1,0,0,1,1,0,0,0,0.7,1,1
scen_000010,alt_scen_000010_00005,alt_scen_000010_00010,87.24,1,0,0,0,0,0,0,0,0.43,1,1
scen_000010,alt_scen_000010_00005,alt_scen_000010_00011,97.24,1,0,0,1,1,0,0,0,0.74,1,1
scen_000010,alt_scen_000010_00005,alt_scen_000010_00012,167.24,1,0,0,1,1,0,0,0,0.6,1,1
scen_000010,alt_scen_000010_00005,alt_scen_000010_00013,167.24,1,0,0,0,0,0,0,0,0.82,1,1
scen_000010,alt_scen_000010_00005,alt_scen_000010_00014,177.24,1,0,0,0,0,0,0,0,0.29,1,1
scen_000010,alt_scen_000010_00006,alt_scen_000010_00007,30.0,1,0,0,1,1,0,0,0,0.82,1,1
scen_000010,alt_scen_000010_00006,alt_scen_000010_00008,40.0,1,0,0,0,0,0,0,0,0.65,1,1
scen_000010,alt_scen_000010_00006,alt_scen_000010_00009,50.0,1,0,0,0,0,0,0,0,0.45,1,1
scen_000010,alt_scen_000010_00006,alt_scen_000010_00010,80.0,1,0,0,1,1,0,0,0,0.78,1,1
scen_000010,alt_scen_000010_00006,alt_scen_000010_00011,90.0,1,0,0,0,0,0,0,0,0.47,1,1
scen_000010,alt_scen_000010_00006,alt_scen_000010_00012,160.0,1,0,0,0,0,0,0,0,0.24,1,1
scen_000010,alt_scen_000010_00006,alt_scen_000010_00013,160.0,1,0,0,1,1,0,0,0,0.82,1,1
scen_000010,alt_scen_000010_00006,alt_scen_000010_00014,170.0,1,0,0,1,1,0,0,0,0.86,1,1
scen_000010,alt_scen_000010_00006,alt_scen_000010_00015,180.0,1,0,0,0,0,0,0,0,0.2,1,1
scen_000010,alt_scen_000010_00007,alt_scen_000010_00008,10.0,1,0,0,0,0,0,0,0,0.71,1,1
scen_000010,alt_scen_000010_00007,alt_scen_000010_00009,20.0,1,0,0,0,0,0,0,0,0.44,1,1
scen_000010,alt_scen_000010_00007,alt_scen_000010_00010,50.0,1,0,0,1,1,0,0,0,0.3,1,1
scen_000010,alt_scen_000010_00007,alt_scen_000010_00011,60.0,1,0,0,0,0,0,0,0,0.62,1,1
scen_000010,alt_scen_000010_00007,alt_scen_000010_00012,130.0,1,0,0,0,0,0,0,0,0.21,1,1
scen_000010,alt_scen_000010_00007,alt_scen_000010_00013,130.0,1,0,0,1,1,0,0,0,0.18,1,1
scen_000010,alt_scen_000010_00007,alt_scen_000010_00014,140.0,1,0,0,1,1,0,0,0,0.67,1,1
scen_000010,alt_scen_000010_00007,alt_scen_000010_00015,150.0,1,0,0,0,0,0,0,0,0.63,1,1
scen_000010,alt_scen_000010_00007,alt_scen_000010_00016,210.0,1,0,0,1,1,0,0,0,0.59,1,1
scen_000010,alt_scen_000010_00008,alt_scen_000010_00009,10.0,1,0,0,1,1,0,0,0,0.39,1,1
scen_000010,alt_scen_000010_00008,alt_scen_000010_00010,40.0,1,0,0,0,0,0,0,0,0.59,1,1
scen_000010,alt_scen_000010_00008,alt_scen_000010_00011,50.0,1,0,0,1,1,0,0,0,0.59,1,1
scen_000010,alt_scen_000010_00008,alt_scen_000010_00012,120.0,1,0,0,1,1,0,0,0,0.72,1,1
scen_000010,alt_scen_000010_00008,alt_scen_000010_00013,120.0,1,0,0,0,0,0,0,0,0.46,1,1
scen_000010,alt_scen_000010_00008,alt_scen_000010_00014,130.0,1,0,0,0,0,0,0,0,0.48,1,1
scen_000010,alt_scen_000010_00008,alt_scen_000010_00015,140.0,1,0,0,1,1,0,0,0,0.34,1,1
scen_000010,alt_scen_000010_00008,alt_scen_000010_00016,200.0,1,0,0,0,0,0,0,0,0.26,1,1
scen_000010,alt_scen_000010_00008,alt_scen_000010_00017,210.0,1,0,0,1,1,0,0,0,0.57,1,1
scen_000010,alt_scen_000010_00009,alt_scen_000010_00010,30.0,1,0,0,0,0,0,0,0,0.26,1,1
scen_000010,alt_scen_000010_00009,alt_scen_000010_00011,40.0,1,0,0,1,1,0,0,0,0.86,1,1
scen_000010,alt_scen_000010_00009,alt_scen_000010_00012,110.0,1,0,0,1,1,0,0,0,0.61,1,1
scen_000010,alt_scen_000010_00009,alt_scen_000010_00013,110.0,1,0,0,0,0,0,0,0,0.63,1,1
scen_000010,alt_scen_000010_00009,alt_scen_000010_00014,120.0,1,0,0,0,0,0,0,0,0.81,1,1
scen_000010,alt_scen_000010_00009,alt_scen_000010_00015,130.0,1,0,0,1,1,0,0,0,0.28,1,1
scen_000010,alt_scen_000010_00009,alt_scen_000010_00016,190.0,1,0,0,0,0,0,0,0,0.61,1,1
scen_000010,alt_scen_000010_00009,alt_scen_000010_00017,200.0,1,0,0,1,1,0,0,0,0.44,1,1
scen_000010,alt_scen_000010_00009,alt_scen_000010_00019,200.0,1,0,0,0,0,0,0,0,0.9,1,1
scen_000010,alt_scen_000010_00010,alt_scen_000010_00011,10.0,1,0,0,0,0,0,0,0,0.75,1,1
scen_000010,alt_scen_000010_00010,alt_scen_000010_00012,80.0,1,0,0,0,0,0,0,0,0.7,1,1
scen_000010,alt_scen_000010_00010,alt_scen_000010_00013,80.0,1,0,0,1,1,0,0,0,0.62,1,1
scen_000010,alt_scen_000010_00010,alt_scen_000010_00014,90.0,1,0,0,1,1,0,0,0,0.51,1,1
scen_000010,alt_scen_000010_00010,alt_scen_000010_00015,100.0,1,0,0,0,0,0,0,0,0.46,1,1
scen_000010,alt_scen_000010_00010,alt_scen_000010_00016,160.0,1,0,0,1,1,0,0,0,0.33,1,1
scen_000010,alt_scen_000010_00010,alt_scen_000010_00017,170.0,1,0,0,0,0,0,0,0,0.46,1,1
scen_000010,alt_scen_000010_00010,alt_scen_000010_00019,170.0,1,0,0,1,1,0,0,0,0.63,1,1
scen_000010,alt_scen_000010_00010,alt_scen_000010_00018,171.6,1,0,0,0,0,0,0,0,0.63,1,1
scen_000010,alt_scen_000010_00011,alt_scen_000010_00012,70.0,1,0,0,1,1,0,0,0,0.12,1,1
scen_000010,alt_scen_000010_00011,alt_scen_000010_00013,70.0,1,0,0,0,0,0,0,0,0.51,1,1
scen_000010,alt_scen_000010_00011,alt_scen_000010_00014,80.0,1,0,0,0,0,0,0,0,0.72,1,1
scen_000010,alt_scen_000010_00011,alt_scen_000010_00015,90.0,1,0,0,1,1,0,0,0,0.1,1,1
scen_000010,alt_scen_000010_00011,alt_scen_000010_00016,150.0,1,0,0,0,0,0,0,0,0.87,1,1
scen_000010,alt_scen_000010_00011,alt_scen_000010_00017,160.0,1,0,0,1,1,0,0,0,0.6,1,1
scen_000010,alt_scen_000010_00011,alt_scen_000010_00019,160.0,1,0,0,0,0,0,0,0,0.48,1,1
scen_000010,alt_scen_000010_00011,alt_scen_000010_00018,161.6,1,0,0,1,1,0,0,0,0.51,1,1
scen_000010,alt_scen_000010_00011,alt_scen_000010_00020,170.0,1,0,0,1,1,0,0,0,0.26,1,1
scen_000010,alt_scen_000010_00012,alt_scen_000010_00013,0.0,1,0,0,0,0,0,0,0,0.57,1,1
scen_000010,alt_scen_000010_00012,alt_scen_000010_00014,10.0,1,0,0,0,0,0,0,0,0.81,1,1
scen_000010,alt_scen_000010_00012,alt_scen_000010_00015,20.0,1,0,0,1,1,0,0,0,0.17,1,1
scen_000010,alt_scen_000010_00012,alt_scen_000010_00016,80.0,1,0,0,0,0,0,0,0,0.57,1,1
scen_000010,alt_scen_000010_00012,alt_scen_000010_00017,90.0,1,0,0,1,1,0,0,0,0.86,1,1
scen_000010,alt_scen_000010_00012,alt_scen_000010_00019,90.0,1,0,0,0,0,0,0,0,0.3,1,1
scen_000010,alt_scen_000010_00012,alt_scen_000010_00018,91.6,1,0,0,1,1,0,0,0,0.85,1,1
scen_000010,alt_scen_000010_00012,alt_scen_000010_00020,100.0,1,0,0,1,1,0,0,0,0.84,1,1
scen_000010,alt_scen_000010_00012,alt_scen_000010_00021,110.0,1,0,0,0,0,0,0,0,0.52,1,1
scen_000010,alt_scen_000010_00013,alt_scen_000010_00014,10.0,1,0,0,1,1,0,0,0,0.54,1,1
scen_000010,alt_scen_000010_00013,alt_scen_000010_00015,20.0,1,0,0,0,0,0,0,0,0.53,1,1
scen_000010,alt_scen_000010_00013,alt_scen_000010_00016,80.0,1,0,0,1,1,0,0,0,0.8,1,1
scen_000010,alt_scen_000010_00013,alt_scen_000010_00017,90.0,1,0,0,0,0,0,0,0,0.82,1,1
scen_000010,alt_scen_000010_00013,alt_scen_000010_00019,90.0,1,0,0,1,1,0,0,0,0.74,1,1
scen_000010,alt_scen_000010_00013,alt_scen_000010_00018,91.6,1,0,0,0,0,0,0,0,0.46,1,1
scen_000010,alt_scen_000010_00013,alt_scen_000010_00020,100.0,1,0,0,0,0,0,0,0,0.85,1,1
scen_000010,alt_scen_000010_00013,alt_scen_000010_00021,110.0,1,0,0,1,1,0,0,0,0.74,1,1
scen_000010,alt_scen_000010_00013,alt_scen_000010_00022,120.0,1,0,0,1,1,0,0,0,0.4,1,1
scen_000010,alt_scen_000010_00014,alt_scen_000010_00015,10.0,1,0,0,0,0,0,0,0,0.22,1,1
scen_000010,alt_scen_000010_00014,alt_scen_000010_00016,70.0,1,0,0,1,1,0,0,0,0.63,1,1
scen_000010,alt_scen_000010_00014,alt_scen_000010_00017,80.0,1,0,0,0,0,0,0,0,0.45,1,1
scen_000010,alt_scen_000010_00014,alt_scen_000010_00019,80.0,1,0,0,1,1,0,0,0,0.86,1,1
scen_000010,alt_scen_000010_00014,alt_scen_000010_00018,81.6,1,0,0,0,0,0,0,0,0.42,1,1
scen_000010,alt_scen_000010_00014,alt_scen_000010_00020,90.0,1,0,0,0,0,0,0,0,0.73,1,1
scen_000010,alt_scen_000010_00014,alt_scen_000010_00021,100.0,1,0,0,1,1,0,0,0,0.54,1,1
scen_000010,alt_scen_000010_00014,alt_scen_000010_00022,110.0,1,0,0,1,1,0,0,0,0.56,1,1
scen_000010,alt_scen_000010_00014,alt_scen_000010_00023,120.0,1,0,0,1,1,0,0,0,0.73,1,1
scen_000010,alt_scen_000010_00015,alt_scen_000010_00016,60.0,1,0,0,0,0,0,0,0,0.9,1,1
scen_000010,alt_scen_000010_00015,alt_scen_000010_00017,70.0,1,0,0,1,1,0,0,0,0.7,1,1
scen_000010,alt_scen_000010_00015,alt_scen_000010_00019,70.0,1,0,0,0,0,0,0,0,0.84,1,1
scen_000010,alt_scen_000010_00015,alt_scen_000010_00018,71.6,1,0,0,1,1,0,0,0,0.78,1,1
scen_000010,alt_scen_000010_00015,alt_scen_000010_00020,80.0,1,0,0,1,1,0,0,0,0.13,1,1
scen_000010,alt_scen_000010_00015,alt_scen_000010_00021,90.0,1,0,0,0,0,0,0,0,0.86,1,1
scen_000010,alt_scen_000010_00015,alt_scen_000010_00022,100.0,1,0,0,0,0,0,0,0,0.88,1,1
scen_000010,alt_scen_000010_00015,alt_scen_000010_00023,110.0,1,0,0,0,0,0,0,0,0.13,1,1
scen_000010,alt_scen_000010_00015,alt_scen_000010_00024,120.0,1,0,0,0,0,0,0,0,0.79,1,1
scen_000010,alt_scen_000010_00016,alt_scen_000010_00017,10.0,1,0,0,0,0,0,0,0,0.74,1,1
scen_000010,alt_scen_000010_00016,alt_scen_000010_00019,10.0,1,0,0,1,1,0,0,0,0.65,1,1
scen_000010,alt_scen_000010_00016,alt_scen_000010_00018,11.6,1,0,0,0,0,0,0,0,0.44,1,1
scen_000010,alt_scen_000010_00016,alt_scen_000010_00020,20.0,1,0,0,0,0,0,0,0,0.87,1,1
scen_000010,alt_scen_000010_00016,alt_scen_000010_00021,30.0,1,0,0,1,1,0,0,0,0.81,1,1
scen_000010,alt_scen_000010_00016,alt_scen_000010_00022,40.0,1,0,0,1,1,0,0,0,0.88,1,1
scen_000010,alt_scen_000010_00016,alt_scen_000010_00023,50.0,1,0,0,1,1,0,0,0,0.81,1,1
scen_000010,alt_scen_000010_00016,alt_scen_000010_00024,60.0,1,0,0,1,1,0,0,0,0.88,1,1
scen_000010,alt_scen_000010_00016,alt_scen_000010_00025,80.0,1,0,0,0,0,0,0,0,0.29,1,1
scen_000010,alt_scen_000010_00017,alt_scen_000010_00019,0.0,1,0,0,0,0,0,0,0,0.77,1,1
scen_000010,alt_scen_000010_00017,alt_scen_000010_00018,1.6,1,0,0,1,1,0,0,0,0.2,1,1
scen_000010,alt_scen_000010_00017,alt_scen_000010_00020,10.0,1,0,0,1,1,0,0,0,0.2,1,1
scen_000010,alt_scen_000010_00017,alt_scen_000010_00021,20.0,1,0,0,0,0,0,0,0,0.68,1,1
scen_000010,alt_scen_000010_00017,alt_scen_000010_00022,30.0,1,0,0,0,0,0,0,0,0.45,1,1
scen_000010,alt_scen_000010_00017,alt_scen_000010_00023,40.0,1,0,0,0,0,0,0,0,0.69,1,1
scen_000010,alt_scen_000010_00017,alt_scen_000010_00024,50.0,1,0,0,0,0,0,0,0,0.79,1,1
scen_000010,alt_scen_000010_00017,alt_scen_000010_00025,70.0,1,0,0,1,1,0,0,0,0.84,1,1
scen_000010,alt_scen_000010_00017,alt_scen_000010_00026,90.0,1,0,0,1,1,0,0,0,0.35,1,1
scen_000010,alt_scen_000010_00019,alt_scen_000010_00018,1.6,1,0,0,0,0,0,0,0,0.57,1,1
scen_000010,alt_scen_000010_00019,alt_scen_000010_00020,10.0,1,0,0,0,0,0,0,0,0.79,1,1
scen_000010,alt_scen_000010_00019,alt_scen_000010_00021,20.0,1,0,0,1,1,0,0,0,0.68,1,1
scen_000010,alt_scen_000010_00019,alt_scen_000010_00022,30.0,1,0,0,1,1,0,0,0,0.76,1,1
scen_000010,alt_scen_000010_00019,alt_scen_000010_00023,40.0,1,0,0,1,1,0,0,0,0.32,1,1
scen_000010,alt_scen_000010_00019,alt_scen_000010_00024,50.0,1,0,0,1,1,0,0,0,0.7,1,1
scen_000010,alt_scen_000010_00019,alt_scen_000010_00025,70.0,1,0,0,0,0,0,0,0,0.13,1,1
scen_000010,alt_scen_000010_00019,alt_scen_000010_00026,90.0,1,0,0,0,0,0,0,0,0.82,1,1
scen_000010,alt_scen_000010_00019,alt_scen_000010_00027,90.0,1,0,0,1,1,0,0,0,0.68,1,1
scen_000010,alt_scen_000010_00018,alt_scen_000010_00020,8.4,1,0,0,1,1,0,0,0,0.65,1,1
scen_000010,alt_scen_000010_00018,alt_scen_000010_00021,18.4,1,0,0,0,0,0,0,0,0.84,1,1
scen_000010,alt_scen_000010_00018,alt_scen_000010_00022,28.4,1,0,0,0,0,0,0,0,0.39,1,1
scen_000010,alt_scen_000010_00018,alt_scen_000010_00023,38.4,1,0,0,0,0,0,0,0,0.47,1,1
scen_000010,alt_scen_000010_00018,alt_scen_000010_00024,48.4,1,0,0,0,0,0,0,0,0.82,1,1
scen_000010,alt_scen_000010_00018,alt_scen_000010_00025,68.4,1,0,0,1,1,0,0,0,0.48,1,1
scen_000010,alt_scen_000010_00018,alt_scen_000010_00026,88.4,1,0,0,1,1,0,0,0,0.85,1,1
scen_000010,alt_scen_000010_00018,alt_scen_000010_00027,88.4,1,0,0,0,0,0,0,0,0.16,1,1
scen_000010,alt_scen_000010_00018,alt_scen_000010_00028,108.4,1,0,0,0,0,0,0,0,0.22,1,1
scen_000010,alt_scen_000010_00020,alt_scen_000010_00021,10.0,1,0,0,0,0,0,0,0,0.88,1,1
scen_000010,alt_scen_000010_00020,alt_scen_000010_00022,20.0,1,0,0,0,0,0,0,0,0.51,1,1
scen_000010,alt_scen_000010_00020,alt_scen_000010_00023,30.0,1,0,0,0,0,0,0,0,0.61,1,1
scen_000010,alt_scen_000010_00020,alt_scen_000010_00024,40.0,1,0,0,0,0,0,0,0,0.14,1,1
scen_000010,alt_scen_000010_00020,alt_scen_000010_00025,60.0,1,0,0,1,1,0,0,0,0.69,1,1
scen_000010,alt_scen_000010_00020,alt_scen_000010_00026,80.0,1,0,0,1,1,0,0,0,0.12,1,1
scen_000010,alt_scen_000010_00020,alt_scen_000010_00027,80.0,1,0,0,0,0,0,0,0,0.37,1,1
scen_000010,alt_scen_000010_00020,alt_scen_000010_00028,100.0,1,0,0,0,0,0,0,0,0.74,1,1
scen_000010,alt_scen_000010_00020,alt_scen_000010_00039,107.0,0,0,0,0,0,0,2,0,0.5,1,0
scen_000010,alt_scen_000010_00021,alt_scen_000010_00022,10.0,1,0,0,1,1,0,0,0,0.35,1,1
scen_000010,alt_scen_000010_00021,alt_scen_000010_00023,20.0,1,0,0,1,1,0,0,0,0.81,1,1
scen_000010,alt_scen_000010_00021,alt_scen_000010_00024,30.0,1,0,0,1,1,0,0,0,0.66,1,1
scen_000010,alt_scen_000010_00021,alt_scen_000010_00025,50.0,1,0,0,0,0,0,0,0,0.12,1,1
scen_000010,alt_scen_000010_00021,alt_scen_000010_00026,70.0,1,0,0,0,0,0,0,0,0.54,1,1
scen_000010,alt_scen_000010_00021,alt_scen_000010_00027,70.0,1,0,0,1,1,0,0,0,0.61,1,1
scen_000010,alt_scen_000010_00021,alt_scen_000010_00028,90.0,1,0,0,1,1,0,0,0,0.16,1,1
scen_000010,alt_scen_000010_00021,alt_scen_000010_00039,97.0,0,0,0,0,1,0,2,0,0.84,1,0
scen_000010,alt_scen_000010_00021,alt_scen_000010_00029,100.0,1,0,0,0,0,0,0,0,0.79,1,1
scen_000010,alt_scen_000010_00022,alt_scen_000010_00023,10.0,1,0,0,1,1,0,0,0,0.11,1,1
scen_000010,alt_scen_000010_00022,alt_scen_000010_00024,20.0,1,0,0,1,1,0,0,0,0.87,1,1
scen_000010,alt_scen_000010_00022,alt_scen_000010_00025,40.0,1,0,0,0,0,0,0,0,0.21,1,1
scen_000010,alt_scen_000010_00022,alt_scen_000010_00026,60.0,1,0,0,0,0,0,0,0,0.56,1,1
scen_000010,alt_scen_000010_00022,alt_scen_000010_00027,60.0,1,0,0,1,1,0,0,0,0.57,1,1
scen_000010,alt_scen_000010_00022,alt_scen_000010_00028,80.0,1,0,0,1,1,0,0,0,0.4,1,1
scen_000010,alt_scen_000010_00022,alt_scen_000010_00039,87.0,0,0,0,0,1,0,2,0,0.12,1,0
scen_000010,alt_scen_000010_00022,alt_scen_000010_00029,90.0,1,0,0,0,0,0,0,0,0.48,1,1
scen_000010,alt_scen_000010_00022,alt_scen_000010_00030,120.0,1,0,0,0,0,0,0,0,0.51,1,1
scen_000010,alt_scen_000010_00023,alt_scen_000010_00024,10.0,1,0,0,1,1,0,0,0,0.29,1,1
scen_000010,alt_scen_000010_00023,alt_scen_000010_00025,30.0,1,0,0,0,0,0,0,0,0.32,1,1
scen_000010,alt_scen_000010_00023,alt_scen_000010_00026,50.0,1,0,0,0,0,0,0,0,0.55,1,1
scen_000010,alt_scen_000010_00023,alt_scen_000010_00027,50.0,1,0,0,1,1,0,0,0,0.27,1,1
scen_000010,alt_scen_000010_00023,alt_scen_000010_00028,70.0,1,0,0,1,1,0,0,0,0.24,1,1
scen_000010,alt_scen_000010_00023,alt_scen_000010_00039,77.0,0,0,0,0,1,0,2,0,0.18,1,0
scen_000010,alt_scen_000010_00023,alt_scen_000010_00029,80.0,1,0,0,0,0,0,0,0,0.23,1,1
scen_000010,alt_scen_000010_00023,alt_scen_000010_00030,110.0,1,0,0,0,0,0,0,0,0.5,1,1
scen_000010,alt_scen_000010_00023,alt_scen_000010_00031,120.0,1,0,0,1,1,0,0,0,0.89,1,1
scen_000010,alt_scen_000010_00024,alt_scen_000010_00025,20.0,1,0,0,0,0,0,0,0,0.74,1,1
scen_000010,alt_scen_000010_00024,alt_scen_000010_00026,40.0,1,0,0,0,0,0,0,0,0.89,1,1
scen_000010,alt_scen_000010_00024,alt_scen_000010_00027,40.0,1,0,0,1,1,0,0,0,0.85,1,1
scen_000010,alt_scen_000010_00024,alt_scen_000010_00028,60.0,1,0,0,1,1,0,0,0,0.14,1,1
scen_000010,alt_scen_000010_00024,alt_scen_000010_00039,67.0,0,0,0,0,1,0,2,0,0.86,1,0
scen_000010,alt_scen_000010_00024,alt_scen_000010_00029,70.0,1,0,0,0,0,0,0,0,0.62,1,1
scen_000010,alt_scen_000010_00024,alt_scen_000010_00030,100.0,1,0,0,0,0,0,0,0,0.18,1,1
scen_000010,alt_scen_000010_00024,alt_scen_000010_00031,110.0,1,0,0,1,1,0,0,0,0.49,1,1
scen_000010,alt_scen_000010_00024,alt_scen_000010_00032,170.0,1,0,0,1,1,0,0,0,0.64,1,1
scen_000010,alt_scen_000010_00025,alt_scen_000010_00026,20.0,1,0,0,1,1,0,0,0,0.6,1,1
scen_000010,alt_scen_000010_00025,alt_scen_000010_00027,20.0,1,0,0,0,0,0,0,0,0.33,1,1
scen_000010,alt_scen_000010_00025,alt_scen_000010_00028,40.0,1,0,0,0,0,0,0,0,0.72,1,1
scen_000010,alt_scen_000010_00025,alt_scen_000010_00039,47.0,0,0,0,0,0,0,2,0,0.81,1,0
scen_000010,alt_scen_000010_00025,alt_scen_000010_00029,50.0,1,0,0,1,1,0,0,0,0.65,1,1
scen_000010,alt_scen_000010_00025,alt_scen_000010_00030,80.0,1,0,0,1,1,0,0,0,0.54,1,1
scen_000010,alt_scen_000010_00025,alt_scen_000010_00031,90.0,1,0,0,0,0,0,0,0,0.21,1,1
scen_000010,alt_scen_000010_00025,alt_scen_000010_00032,150.0,1,0,0,0,0,0,0,0,0.75,1,1
scen_000010,alt_scen_000010_00025,alt_scen_000010_00033,160.0,1,0,0,0,0,0,0,0,0.24,1,1
scen_000010,alt_scen_000010_00026,alt_scen_000010_00027,0.0,1,0,0,0,0,0,0,0,0.11,1,1
scen_000010,alt_scen_000010_00026,alt_scen_000010_00028,20.0,1,0,0,0,0,0,0,0,0.13,1,1
scen_000010,alt_scen_000010_00026,alt_scen_000010_00039,27.0,0,0,0,0,0,0,2,0,0.87,1,0
scen_000010,alt_scen_000010_00026,alt_scen_000010_00029,30.0,1,0,0,1,1,0,0,0,0.19,1,1
scen_000010,alt_scen_000010_00026,alt_scen_000010_00030,60.0,1,0,0,1,1,0,0,0,0.13,1,1
scen_000010,alt_scen_000010_00026,alt_scen_000010_00031,70.0,1,0,0,0,0,0,0,0,0.74,1,1
scen_000010,alt_scen_000010_00026,alt_scen_000010_00032,130.0,1,0,0,0,0,0,0,0,0.49,1,1
scen_000010,alt_scen_000010_00026,alt_scen_000010_00033,140.0,1,0,0,0,0,0,0,0,0.87,1,1
scen_000010,alt_scen_000010_00026,alt_scen_000010_00034,170.0,1,0,0,1,1,0,0,0,0.41,1,1
scen_000010,alt_scen_000010_00027,alt_scen_000010_00028,20.0,1,0,0,1,1,0,0,0,0.35,1,1
scen_000010,alt_scen_000010_00027,alt_scen_000010_00039,27.0,0,0,0,0,1,0,2,0,0.11,1,0
scen_000010,alt_scen_000010_00027,alt_scen_000010_00029,30.0,1,0,0,0,0,0,0,0,0.58,1,1
scen_000010,alt_scen_000010_00027,alt_scen_000010_00030,60.0,1,0,0,0,0,0,0,0,0.86,1,1
scen_000010,alt_scen_000010_00027,alt_scen_000010_00031,70.0,1,0,0,1,1,0,0,0,0.47,1,1
scen_000010,alt_scen_000010_00027,alt_scen_000010_00032,130.0,1,0,0,1,1,0,0,0,0.63,1,1
scen_000010,alt_scen_000010_00027,alt_scen_000010_00033,140.0,1,0,0,1,1,0,0,0,0.18,1,1
scen_000010,alt_scen_000010_00027,alt_scen_000010_00034,170.0,1,0,0,0,0,0,0,0,0.49,1,1
scen_000010,alt_scen_000010_00027,alt_scen_000010_00035,170.0,1,0,0,1,1,0,0,0,0.7,1,1
scen_000010,alt_scen_000010_00028,alt_scen_000010_00039,7.0,0,0,0,0,1,0,2,0,0.32,1,0
scen_000010,alt_scen_000010_00028,alt_scen_000010_00029,10.0,1,0,0,0,0,0,0,0,0.88,1,1
scen_000010,alt_scen_000010_00028,alt_scen_000010_00030,40.0,1,0,0,0,0,0,0,0,0.61,1,1
scen_000010,alt_scen_000010_00028,alt_scen_000010_00031,50.0,1,0,0,1,1,0,0,0,0.18,1,1
scen_000010,alt_scen_000010_00028,alt_scen_000010_00032,110.0,1,0,0,1,1,0,0,0,0.35,1,1
scen_000010,alt_scen_000010_00028,alt_scen_000010_00033,120.0,1,0,0,1,1,0,0,0,0.77,1,1
scen_000010,alt_scen_000010_00028,alt_scen_000010_00034,150.0,1,0,0,0,0,0,0,0,0.28,1,1
scen_000010,alt_scen_000010_00028,alt_scen_000010_00035,150.0,1,0,0,1,1,0,0,0,0.82,1,1
scen_000010,alt_scen_000010_00028,alt_scen_000010_00036,160.0,1,0,0,1,1,0,0,0,0.65,1,1
scen_000010,alt_scen_000010_00039,alt_scen_000010_00029,3.0,0,0,0,0,0,0,2,0,0.71,1,0
scen_000010,alt_scen_000010_00039,alt_scen_000010_00030,33.0,0,0,0,0,0,0,2,0,0.75,1,0
scen_000010,alt_scen_000010_00039,alt_scen_000010_00031,43.0,0,0,0,0,1,0,2,0,0.88,1,0
scen_000010,alt_scen_000010_00039,alt_scen_000010_00032,103.0,0,0,0,0,1,0,2,0,0.28,1,0
scen_000010,alt_scen_000010_00039,alt_scen_000010_00033,113.0,0,0,0,0,1,0,2,0,0.77,1,0
scen_000010,alt_scen_000010_00039,alt_scen_000010_00034,143.0,0,0,0,0,0,0,2,0,0.27,1,0
scen_000010,alt_scen_000010_00039,alt_scen_000010_00035,143.0,0,0,0,0,1,0,2,0,0.26,1,0
scen_000010,alt_scen_000010_00039,alt_scen_000010_00036,153.0,0,0,0,0,1,0,2,0,0.39,1,0
scen_000010,alt_scen_000010_00039,alt_scen_000010_00037,163.0,0,0,0,0,1,0,2,0,0.62,1,0
scen_000010,alt_scen_000010_00029,alt_scen_000010_00030,30.0,1,0,0,1,1,0,0,0,0.59,1,1
scen_000010,alt_scen_000010_00029,alt_scen_000010_00031,40.0,1,0,0,0,0,0,0,0,0.64,1,1
scen_000010,alt_scen_000010_00029,alt_scen_000010_00032,100.0,1,0,0,0,0,0,0,0,0.23,1,1
scen_000010,alt_scen_000010_00029,alt_scen_000010_00033,110.0,1,0,0,0,0,0,0,0,0.75,1,1
scen_000010,alt_scen_000010_00029,alt_scen_000010_00034,140.0,1,0,0,1,1,0,0,0,0.12,1,1
scen_000010,alt_scen_000010_00029,alt_scen_000010_00035,140.0,1,0,0,0,0,0,0,0,0.61,1,1
scen_000010,alt_scen_000010_00029,alt_scen_000010_00036,150.0,1,0,0,0,0,0,0,0,0.82,1,1
scen_000010,alt_scen_000010_00029,alt_scen_000010_00037,160.0,1,0,0,0,0,0,0,0,0.8,1,1
scen_000010,alt_scen_000010_00030,alt_scen_000010_00031,10.0,1,0,0,0,0,0,0,0,0.41,1,1
scen_000010,alt_scen_000010_00030,alt_scen_000010_00032,70.0,1,0,0,0,0,0,0,0,0.8,1,1
scen_000010,alt_scen_000010_00030,alt_scen_000010_00033,80.0,1,0,0,0,0,0,0,0,0.18,1,1
scen_000010,alt_scen_000010_00030,alt_scen_000010_00034,110.0,1,0,0,1,1,0,0,0,0.22,1,1
scen_000010,alt_scen_000010_00030,alt_scen_000010_00035,110.0,1,0,0,0,0,0,0,0,0.54,1,1
scen_000010,alt_scen_000010_00030,alt_scen_000010_00036,120.0,1,0,0,0,0,0,0,0,0.62,1,1
scen_000010,alt_scen_000010_00030,alt_scen_000010_00037,130.0,1,0,0,0,0,0,0,0,0.61,1,1
scen_000010,alt_scen_000010_00031,alt_scen_000010_00032,60.0,1,0,0,1,1,0,0,0,0.89,1,1
scen_000010,alt_scen_000010_00031,alt_scen_000010_00033,70.0,1,0,0,1,1,0,0,0,0.52,1,1
scen_000010,alt_scen_000010_00031,alt_scen_000010_00034,100.0,1,0,0,0,0,0,0,0,0.76,1,1
scen_000010,alt_scen_000010_00031,alt_scen_000010_00035,100.0,1,0,0,1,1,0,0,0,0.31,1,1
scen_000010,alt_scen_000010_00031,alt_scen_000010_00036,110.0,1,0,0,1,1,0,0,0,0.41,1,1
scen_000010,alt_scen_000010_00031,alt_scen_000010_00037,120.0,1,0,0,1,1,0,0,0,0.61,1,1
scen_000010,alt_scen_000010_00032,alt_scen_000010_00033,10.0,1,0,0,1,1,0,0,0,0.7,1,1
scen_000010,alt_scen_000010_00032,alt_scen_000010_00034,40.0,1,0,0,0,0,0,0,0,0.68,1,1
scen_000010,alt_scen_000010_00032,alt_scen_000010_00035,40.0,1,0,0,1,1,0,0,0,0.69,1,1
scen_000010,alt_scen_000010_00032,alt_scen_000010_00036,50.0,1,0,0,1,1,0,0,0,0.21,1,1
scen_000010,alt_scen_000010_00032,alt_scen_000010_00037,60.0,1,0,0,1,1,0,0,0,0.39,1,1
scen_000010,alt_scen_000010_00033,alt_scen_000010_00034,30.0,1,0,0,0,0,0,0,0,0.5,1,1
scen_000010,alt_scen_000010_00033,alt_scen_000010_00035,30.0,1,0,0,1,1,0,0,0,0.24,1,1
scen_000010,alt_scen_000010_00033,alt_scen_000010_00036,40.0,1,0,0,1,1,0,0,0,0.69,1,1
scen_000010,alt_scen_000010_00033,alt_scen_000010_00037,50.0,1,0,0,1,1,0,0,0,0.14,1,1
scen_000010,alt_scen_000010_00034,alt_scen_000010_00035,0.0,1,0,0,0,0,0,0,0,0.25,1,1
scen_000010,alt_scen_000010_00034,alt_scen_000010_00036,10.0,1,0,0,0,0,0,0,0,0.84,1,1
scen_000010,alt_scen_000010_00034,alt_scen_000010_00037,20.0,1,0,0,0,0,0,0,0,0.4,1,1
scen_000010,alt_scen_000010_00035,alt_scen_000010_00036,10.0,1,0,0,1,1,0,0,0,0.62,1,1
scen_000010,alt_scen_000010_00035,alt_scen_000010_00037,20.0,1,0,0,1,1,0,0,0,0.8,1,1
scen_000010,alt_scen_000010_00036,alt_scen_000010_00037,10.0,1,0,0,1,1,0,0,0,0.62,1,1
scen_000011,alt_scen_000011_00023,alt_scen_000011_00025,6.0,0,0,0,1,1,1,1,-1,0.16,1,0
scen_000011,alt_scen_000011_00023,alt_scen_000011_00001,95.0,0,0,0,1,1,0,2,0,0.84,1,0
scen_000011,alt_scen_000011_00023,alt_scen_000011_00002,145.0,0,0,0,1,1,0,2,0,0.71,1,0
scen_000011,alt_scen_000011_00023,alt_scen_000011_00003,155.0,0,0,0,1,1,0,2,0,0.12,1,0
scen_000011,alt_scen_000011_00023,alt_scen_000011_00004,165.0,0,0,0,1,1,0,2,0,0.25,1,0
scen_000011,alt_scen_000011_00023,alt_scen_000011_00005,265.0,0,0,0,1,1,0,2,0,0.57,1,0
scen_000011,alt_scen_000011_00023,alt_scen_000011_00026,300.0,0,0,0,1,1,0,2,0,0.76,1,0
scen_000011,alt_scen_000011_00023,alt_scen_000011_00006,345.0,0,0,0,1,1,0,2,0,0.24,0,0
scen_000011,alt_scen_000011_00023,alt_scen_000011_00007,385.0,0,0,0,1,1,0,2,0,0.62,0,0
scen_000011,alt_scen_000011_00025,alt_scen_000011_00001,89.0,0,0,0,1,1,1,1,1,0.63,1,0
scen_000011,alt_scen_000011_00025,alt_scen_000011_00002,139.0,0,0,0,1,1,1,1,1,0.72,1,0
scen_000011,alt_scen_000011_00025,alt_scen_000011_00003,149.0,0,0,0,1,1,1,1,1,0.59,1,0
scen_000011,alt_scen_000011_00025,alt_scen_000011_00004,159.0,0,0,0,1,1,1,1,1,0.56,1,0
scen_000011,alt_scen_000011_00025,alt_scen_000011_00005,259.0,0,0,0,1,1,1,1,1,0.13,1,0
scen_000011,alt_scen_000011_00025,alt_scen_000011_00026,294.0,0,0,0,1,1,1,1,1,0.53,1,0
scen_000011,alt_scen_000011_00025,alt_scen_000011_00006,339.0,0,0,0,1,1,1,1,1,0.77,0,0
scen_000011,alt_scen_000011_00025,alt_scen_000011_00007,379.0,0,0,0,1,1,1,1,1,0.74,0,0
scen_000011,alt_scen_000011_00025,alt_scen_000011_00008,409.0,0,0,0,1,1,1,1,1,0.71,0,0
scen_000011,alt_scen_000011_00001,alt_scen_000011_00002,50.0,1,0,0,1,1,0,0,0,0.63,1,1
scen_000011,alt_scen_000011_00001,alt_scen_000011_00003,60.0,1,0,0,1,1,0,0,0,0.25,1,1
scen_000011,alt_scen_000011_00001,alt_scen_000011_00004,70.0,1,0,0,1,1,0,0,0,0.79,1,1
scen_000011,alt_scen_000011_00001,alt_scen_000011_00005,170.0,1,0,0,1,1,0,0,0,0.38,1,1
scen_000011,alt_scen_000011_00001,alt_scen_000011_00026,205.0,0,0,0,1,1,0,2,0,0.85,1,0
scen_000011,alt_scen_000011_00001,alt_scen_000011_00006,250.0,1,0,0,1,1,0,0,0,0.37,1,1
scen_000011,alt_scen_000011_00001,alt_scen_000011_00007,290.0,1,0,0,1,1,0,0,0,0.2,1,1
scen_000011,alt_scen_000011_00001,alt_scen_000011_00008,320.0,1,0,0,1,1,0,0,0,0.16,0,1
scen_000011,alt_scen_000011_00001,alt_scen_000011_00010,325.55,1,0,0,1,1,0,0,0,0.69,0,1
scen_000011,alt_scen_000011_00002,alt_scen_000011_00003,10.0,1,0,0,1,1,0,0,0,0.29,1,1
scen_000011,alt_scen_000011_00002,alt_scen_000011_00004,20.0,1,0,0,1,1,0,0,0,0.78,1,1
scen_000011,alt_scen_000011_00002,alt_scen_000011_00005,120.0,1,0,0,1,1,0,0,0,0.44,1,1
scen_000011,alt_scen_000011_00002,alt_scen_000011_00026,155.0,0,0,0,1,1,0,2,0,0.77,1,0
scen_000011,alt_scen_000011_00002,alt_scen_000011_00006,200.0,1,0,0,1,1,0,0,0,0.17,1,1
scen_000011,alt_scen_000011_00002,alt_scen_000011_00007,240.0,1,0,0,1,1,0,0,0,0.22,1,1
scen_000011,alt_scen_000011_00002,alt_scen_000011_00008,270.0,1,0,0,1,1,0,0,0,0.73,1,1
scen_000011,alt_scen_000011_00002,alt_scen_000011_00010,275.55,1,0,0,1,1,0,0,0,0.49,1,1
scen_000011,alt_scen_000011_00002,alt_scen_000011_00009,280.0,1,0,0,1,1,0,0,0,0.8,1,1
scen_000011,alt_scen_000011_00003,alt_scen_000011_00004,10.0,1,0,0,1,1,0,0,0,0.54,1,1
scen_000011,alt_scen_000011_00003,alt_scen_000011_00005,110.0,1,0,0,1,1,0,0,0,0.71,1,1
scen_000011,alt_scen_000011_00003,alt_scen_000011_00026,145.0,0,0,0,1,1,0,2,0,0.18,1,0
scen_000011,alt_scen_000011_00003,alt_scen_000011_00006,190.0,1,0,0,1,1,0,0,0,0.35,1,1
scen_000011,alt_scen_000011_00003,alt_scen_000011_00007,230.0,1,0,0,1,1,0,0,0,0.34,1,1
scen_000011,alt_scen_000011_00003,alt_scen_000011_00008,260.0,1,0,0,1,1,0,0,0,0.19,1,1
scen_000011,alt_scen_000011_00003,alt_scen_000011_00010,265.55,1,0,0,1,1,0,0,0,0.59,1,1
scen_000011,alt_scen_000011_00003,alt_scen_000011_00009,270.0,1,0,0,1,1,0,0,0,0.19,1,1
scen_000011,alt_scen_000011_00003,alt_scen_000011_00024,284.0,0,0,0,1,1,0,2,0,0.59,1,0
scen_000011,alt_scen_000011_00004,alt_scen_000011_00005,100.0,1,0,0,1,1,0,0,0,0.37,1,1
scen_000011,alt_scen_000011_00004,alt_scen_000011_00026,135.0,0,0,0,1,1,0,2,0,0.77,1,0
scen_000011,alt_scen_000011_00004,alt_scen_000011_00006,180.0,1,0,0,1,1,0,0,0,0.24,1,1
scen_000011,alt_scen_000011_00004,alt_scen_000011_00007,220.0,1,0,0,1,1,0,0,0,0.35,1,1
scen_000011,alt_scen_000011_00004,alt_scen_000011_00008,250.0,1,0,0,1,1,0,0,0,0.71,1,1
scen_000011,alt_scen_000011_00004,alt_scen_000011_00010,255.55,1,0,0,1,1,0,0,0,0.69,1,1
scen_000011,alt_scen_000011_00004,alt_scen_000011_00009,260.0,1,0,0,1,1,0,0,0,0.62,1,1
scen_000011,alt_scen_000011_00004,alt_scen_000011_00024,274.0,0,0,0,1,1,0,2,0,0.5,1,0
scen_000011,alt_scen_000011_00004,alt_scen_000011_00011,320.0,1,0,0,1,1,0,0,0,0.63,0,1
scen_000011,alt_scen_000011_00005,alt_scen_000011_00026,35.0,0,0,0,1,1,0,2,0,0.38,1,0
scen_000011,alt_scen_000011_00005,alt_scen_000011_00006,80.0,1,0,0,1,1,0,0,0,0.11,1,1
scen_000011,alt_scen_000011_00005,alt_scen_000011_00007,120.0,1,0,0,1,1,0,0,0,0.65,1,1
scen_000011,alt_scen_000011_00005,alt_scen_000011_00008,150.0,1,0,0,1,1,0,0,0,0.77,1,1
scen_000011,alt_scen_000011_00005,alt_scen_000011_00010,155.55,1,0,0,1,1,0,0,0,0.12,1,1
scen_000011,alt_scen_000011_00005,alt_scen_000011_00009,160.0,1,0,0,1,1,0,0,0,0.47,1,1
scen_000011,alt_scen_000011_00005,alt_scen_000011_00024,174.0,0,0,0,1,1,0,2,0,0.45,1,0
scen_000011,alt_scen_000011_00005,alt_scen_000011_00011,220.0,1,0,0,1,1,0,0,0,0.41,1,1
scen_000011,alt_scen_000011_00005,alt_scen_000011_00013,228.06,1,0,0,1,1,0,0,0,0.43,1,1
scen_000011,alt_scen_000011_00026,alt_scen_000011_00006,45.0,0,0,0,1,1,0,2,0,0.9,1,0
scen_000011,alt_scen_000011_00026,alt_scen_000011_00007,85.0,0,0,0,1,1,0,2,0,0.3,1,0
scen_000011,alt_scen_000011_00026,alt_scen_000011_00008,115.0,0,0,0,1,1,0,2,0,0.36,1,0
scen_000011,alt_scen_000011_00026,alt_scen_000011_00010,120.55,0,0,0,1,1,0,2,0,0.65,1,0
scen_000011,alt_scen_000011_00026,alt_scen_000011_00009,125.0,0,0,0,1,1,0,2,0,0.13,1,0
scen_000011,alt_scen_000011_00026,alt_scen_000011_00024,139.0,0,0,0,1,1,0,2,0,0.19,1,0
scen_000011,alt_scen_000011_00026,alt_scen_000011_00011,185.0,0,0,0,1,1,0,2,0,0.18,1,0
scen_000011,alt_scen_000011_00026,alt_scen_000011_00013,193.06,0,0,0,1,1,0,2,0,0.81,1,0
scen_000011,alt_scen_000011_00026,alt_scen_000011_00012,195.0,0,0,0,1,1,0,2,0,0.24,1,0
scen_000011,alt_scen_000011_00006,alt_scen_000011_00007,40.0,1,0,0,1,1,0,0,0,0.18,1,1
scen_000011,alt_scen_000011_00006,alt_scen_000011_00008,70.0,1,0,0,1,1,0,0,0,0.57,1,1
scen_000011,alt_scen_000011_00006,alt_scen_000011_00010,75.55,1,0,0,1,1,0,0,0,0.63,1,1
scen_000011,alt_scen_000011_00006,alt_scen_000011_00009,80.0,1,0,0,1,1,0,0,0,0.84,1,1
scen_000011,alt_scen_000011_00006,alt_scen_000011_00024,94.0,0,0,0,1,1,0,2,0,0.43,1,0
scen_000011,alt_scen_000011_00006,alt_scen_000011_00011,140.0,1,0,0,1,1,0,0,0,0.58,1,1
scen_000011,alt_scen_000011_00006,alt_scen_000011_00013,148.06,1,0,0,1,1,0,0,0,0.58,1,1
scen_000011,alt_scen_000011_00006,alt_scen_000011_00012,150.0,1,0,0,1,1,0,0,0,0.39,1,1
scen_000011,alt_scen_000011_00006,alt_scen_000011_00015,178.81,1,0,0,1,1,0,0,0,0.26,1,1
scen_000011,alt_scen_000011_00007,alt_scen_000011_00008,30.0,1,0,0,1,1,0,0,0,0.72,1,1
scen_000011,alt_scen_000011_00007,alt_scen_000011_00010,35.55,1,0,0,1,1,0,0,0,0.54,1,1
scen_000011,alt_scen_000011_00007,alt_scen_000011_00009,40.0,1,0,0,1,1,0,0,0,0.38,1,1
scen_000011,alt_scen_000011_00007,alt_scen_000011_00024,54.0,0,0,0,1,1,0,2,0,0.49,1,0
scen_000011,alt_scen_000011_00007,alt_scen_000011_00011,100.0,1,0,0,1,1,0,0,0,0.74,1,1
scen_000011,alt_scen_000011_00007,alt_scen_000011_00013,108.06,1,0,0,1,1,0,0,0,0.37,1,1
scen_000011,alt_scen_000011_00007,alt_scen_000011_00012,110.0,1,0,0,1,1,0,0,0,0.77,1,1
scen_000011,alt_scen_000011_00007,alt_scen_000011_00015,138.81,1,0,0,1,1,0,0,0,0.85,1,1
scen_000011,alt_scen_000011_00007,alt_scen_000011_00014,140.0,1,0,0,1,1,0,0,0,0.64,1,1
scen_000011,alt_scen_000011_00008,alt_scen_000011_00010,5.55,1,0,0,1,1,0,0,0,0.85,1,1
scen_000011,alt_scen_000011_00008,alt_scen_000011_00009,10.0,1,0,0,1,1,0,0,0,0.66,1,1
scen_000011,alt_scen_000011_00008,alt_scen_000011_00024,24.0,0,0,0,1,1,0,2,0,0.37,1,0
scen_000011,alt_scen_000011_00008,alt_scen_000011_00011,70.0,1,0,0,1,1,0,0,0,0.22,1,1
scen_000011,alt_scen_000011_00008,alt_scen_000011_00013,78.06,1,0,0,1,1,0,0,0,0.74,1,1
scen_000011,alt_scen_000011_00008,alt_scen_000011_00012,80.0,1,0,0,1,1,0,0,0,0.4,1,1
scen_000011,alt_scen_000011_00008,alt_scen_000011_00015,108.81,1,0,0,1,1,0,0,0,0.11,1,1
scen_000011,alt_scen_000011_00008,alt_scen_000011_00014,110.0,1,0,0,1,1,0,0,0,0.64,1,1
scen_000011,alt_scen_000011_00008,alt_scen_000011_00016,150.0,1,0,0,1,1,0,0,0,0.8,1,1
scen_000011,alt_scen_000011_00010,alt_scen_000011_00009,4.45,1,0,0,1,1,0,0,0,0.41,1,1
scen_000011,alt_scen_000011_00010,alt_scen_000011_00024,18.45,0,0,0,1,1,0,2,0,0.41,1,0
scen_000011,alt_scen_000011_00010,alt_scen_000011_00011,64.45,1,0,0,1,1,0,0,0,0.71,1,1
scen_000011,alt_scen_000011_00010,alt_scen_000011_00013,72.51,1,0,0,1,1,0,0,0,0.76,1,1
scen_000011,alt_scen_000011_00010,alt_scen_000011_00012,74.45,1,0,0,1,1,0,0,0,0.87,1,1
scen_000011,alt_scen_000011_00010,alt_scen_000011_00015,103.26,1,0,0,1,1,0,0,0,0.62,1,1
scen_000011,alt_scen_000011_00010,alt_scen_000011_00014,104.45,1,0,0,1,1,0,0,0,0.83,1,1
scen_000011,alt_scen_000011_00010,alt_scen_000011_00016,144.45,1,0,0,1,1,0,0,0,0.78,1,1
scen_000011,alt_scen_000011_00010,alt_scen_000011_00017,164.45,1,0,0,1,1,0,0,0,0.26,1,1
scen_000011,alt_scen_000011_00009,alt_scen_000011_00024,14.0,0,0,0,1,1,0,2,0,0.49,1,0
scen_000011,alt_scen_000011_00009,alt_scen_000011_00011,60.0,1,0,0,1,1,0,0,0,0.72,1,1
scen_000011,alt_scen_000011_00009,alt_scen_000011_00013,68.06,1,0,0,1,1,0,0,0,0.47,1,1
scen_000011,alt_scen_000011_00009,alt_scen_000011_00012,70.0,1,0,0,1,1,0,0,0,0.88,1,1
scen_000011,alt_scen_000011_00009,alt_scen_000011_00015,98.81,1,0,0,1,1,0,0,0,0.58,1,1
scen_000011,alt_scen_000011_00009,alt_scen_000011_00014,100.0,1,0,0,1,1,0,0,0,0.18,1,1
scen_000011,alt_scen_000011_00009,alt_scen_000011_00016,140.0,1,0,0,1,1,0,0,0,0.39,1,1
scen_000011,alt_scen_000011_00009,alt_scen_000011_00017,160.0,1,0,0,1,1,0,0,0,0.41,1,1
scen_000011,alt_scen_000011_00009,alt_scen_000011_00019,216.94,1,0,0,1,1,0,0,0,0.87,1,1
scen_000011,alt_scen_000011_00024,alt_scen_000011_00011,46.0,0,0,0,1,1,0,2,0,0.57,1,0
scen_000011,alt_scen_000011_00024,alt_scen_000011_00013,54.06,0,0,0,1,1,0,2,0,0.4,1,0
scen_000011,alt_scen_000011_00024,alt_scen_000011_00012,56.0,0,0,0,1,1,0,2,0,0.85,1,0
scen_000011,alt_scen_000011_00024,alt_scen_000011_00015,84.81,0,0,0,1,1,0,2,0,0.85,1,0
scen_000011,alt_scen_000011_00024,alt_scen_000011_00014,86.0,0,0,0,1,1,0,2,0,0.63,1,0
scen_000011,alt_scen_000011_00024,alt_scen_000011_00016,126.0,0,0,0,1,1,0,2,0,0.79,1,0
scen_000011,alt_scen_000011_00024,alt_scen_000011_00017,146.0,0,0,0,1,1,0,2,0,0.75,1,0
scen_000011,alt_scen_000011_00024,alt_scen_000011_00019,202.94,0,0,0,1,1,0,2,0,0.24,1,0
scen_000011,alt_scen_000011_00024,alt_scen_000011_00018,206.0,0,0,0,1,1,0,2,0,0.88,1,0
scen_000011,alt_scen_000011_00011,alt_scen_000011_00013,8.06,1,0,0,1,1,0,0,0,0.72,1,1
scen_000011,alt_scen_000011_00011,alt_scen_000011_00012,10.0,1,0,0,1,1,0,0,0,0.11,1,1
scen_000011,alt_scen_000011_00011,alt_scen_000011_00015,38.81,1,0,0,1,1,0,0,0,0.35,1,1
scen_000011,alt_scen_000011_00011,alt_scen_000011_00014,40.0,1,0,0,1,1,0,0,0,0.69,1,1
scen_000011,alt_scen_000011_00011,alt_scen_000011_00016,80.0,1,0,0,1,1,0,0,0,0.71,1,1
scen_000011,alt_scen_000011_00011,alt_scen_000011_00017,100.0,1,0,0,1,1,0,0,0,0.41,1,1
scen_000011,alt_scen_000011_00011,alt_scen_000011_00019,156.94,1,0,0,1,1,0,0,0,0.12,1,1
scen_000011,alt_scen_000011_00011,alt_scen_000011_00018,160.0,1,0,0,1,1,0,0,0,0.55,1,1
scen_000011,alt_scen_000011_00011,alt_scen_000011_00020,180.0,1,0,0,1,1,0,0,0,0.62,1,1
scen_000011,alt_scen_000011_00013,alt_scen_000011_00012,1.94,1,0,0,1,1,0,0,0,0.85,1,1
scen_000011,alt_scen_000011_00013,alt_scen_000011_00015,30.74,1,0,0,1,1,0,0,0,0.1,1,1
scen_000011,alt_scen_000011_00013,alt_scen_000011_00014,31.94,1,0,0,1,1,0,0,0,0.32,1,1
scen_000011,alt_scen_000011_00013,alt_scen_000011_00016,71.94,1,0,0,1,1,0,0,0,0.29,1,1
scen_000011,alt_scen_000011_00013,alt_scen_000011_00017,91.94,1,0,0,1,1,0,0,0,0.78,1,1
scen_000011,alt_scen_000011_00013,alt_scen_000011_00019,148.88,1,0,0,1,1,0,0,0,0.65,1,1
scen_000011,alt_scen_000011_00013,alt_scen_000011_00018,151.94,1,0,0,1,1,0,0,0,0.31,1,1
scen_000011,alt_scen_000011_00013,alt_scen_000011_00020,171.94,1,0,0,1,1,0,0,0,0.65,1,1
scen_000011,alt_scen_000011_00013,alt_scen_000011_00021,181.94,1,0,0,1,1,0,0,0,0.32,1,1
scen_000011,alt_scen_000011_00012,alt_scen_000011_00015,28.81,1,0,0,1,1,0,0,0,0.55,1,1
scen_000011,alt_scen_000011_00012,alt_scen_000011_00014,30.0,1,0,0,1,1,0,0,0,0.58,1,1
scen_000011,alt_scen_000011_00012,alt_scen_000011_00016,70.0,1,0,0,1,1,0,0,0,0.49,1,1
scen_000011,alt_scen_000011_00012,alt_scen_000011_00017,90.0,1,0,0,1,1,0,0,0,0.6,1,1
scen_000011,alt_scen_000011_00012,alt_scen_000011_00019,146.94,1,0,0,1,1,0,0,0,0.36,1,1
scen_000011,alt_scen_000011_00012,alt_scen_000011_00018,150.0,1,0,0,1,1,0,0,0,0.53,1,1
scen_000011,alt_scen_000011_00012,alt_scen_000011_00020,170.0,1,0,0,1,1,0,0,0,0.71,1,1
scen_000011,alt_scen_000011_00012,alt_scen_000011_00021,180.0,1,0,0,1,1,0,0,0,0.53,1,1
scen_000011,alt_scen_000011_00012,alt_scen_000011_00022,190.0,1,0,0,1,1,0,0,0,0.58,1,1
scen_000011,alt_scen_000011_00015,alt_scen_000011_00014,1.19,1,0,0,1,1,0,0,0,0.44,1,1
scen_000011,alt_scen_000011_00015,alt_scen_000011_00016,41.19,1,0,0,1,1,0,0,0,0.62,1,1
scen_000011,alt_scen_000011_00015,alt_scen_000011_00017,61.19,1,0,0,1,1,0,0,0,0.31,1,1
scen_000011,alt_scen_000011_00015,alt_scen_000011_00019,118.14,1,0,0,1,1,0,0,0,0.49,1,1
scen_000011,alt_scen_000011_00015,alt_scen_000011_00018,121.19,1,0,0,1,1,0,0,0,0.8,1,1
scen_000011,alt_scen_000011_00015,alt_scen_000011_00020,141.19,1,0,0,1,1,0,0,0,0.76,1,1
scen_000011,alt_scen_000011_00015,alt_scen_000011_00021,151.19,1,0,0,1,1,0,0,0,0.34,1,1
scen_000011,alt_scen_000011_00015,alt_scen_000011_00022,161.19,1,0,0,1,1,0,0,0,0.21,1,1
scen_000011,alt_scen_000011_00014,alt_scen_000011_00016,40.0,1,0,0,1,1,0,0,0,0.58,1,1
scen_000011,alt_scen_000011_00014,alt_scen_000011_00017,60.0,1,0,0,1,1,0,0,0,0.35,1,1
scen_000011,alt_scen_000011_00014,alt_scen_000011_00019,116.94,1,0,0,1,1,0,0,0,0.54,1,1
scen_000011,alt_scen_000011_00014,alt_scen_000011_00018,120.0,1,0,0,1,1,0,0,0,0.27,1,1
scen_000011,alt_scen_000011_00014,alt_scen_000011_00020,140.0,1,0,0,1,1,0,0,0,0.37,1,1
scen_000011,alt_scen_000011_00014,alt_scen_000011_00021,150.0,1,0,0,1,1,0,0,0,0.21,1,1
scen_000011,alt_scen_000011_00014,alt_scen_000011_00022,160.0,1,0,0,1,1,0,0,0,0.51,1,1
scen_000011,alt_scen_000011_00016,alt_scen_000011_00017,20.0,1,0,0,1,1,0,0,0,0.41,1,1
scen_000011,alt_scen_000011_00016,alt_scen_000011_00019,76.94,1,0,0,1,1,0,0,0,0.87,1,1
scen_000011,alt_scen_000011_00016,alt_scen_000011_00018,80.0,1,0,0,1,1,0,0,0,0.44,1,1
scen_000011,alt_scen_000011_00016,alt_scen_000011_00020,100.0,1,0,0,1,1,0,0,0,0.75,1,1
scen_000011,alt_scen_000011_00016,alt_scen_000011_00021,110.0,1,0,0,1,1,0,0,0,0.61,1,1
scen_000011,alt_scen_000011_00016,alt_scen_000011_00022,120.0,1,0,0,1,1,0,0,0,0.45,1,1
scen_000011,alt_scen_000011_00017,alt_scen_000011_00019,56.94,1,0,0,1,1,0,0,0,0.4,1,1
scen_000011,alt_scen_000011_00017,alt_scen_000011_00018,60.0,1,0,0,1,1,0,0,0,0.36,1,1
scen_000011,alt_scen_000011_00017,alt_scen_000011_00020,80.0,1,0,0,1,1,0,0,0,0.44,1,1
scen_000011,alt_scen_000011_00017,alt_scen_000011_00021,90.0,1,0,0,1,1,0,0,0,0.3,1,1
scen_000011,alt_scen_000011_00017,alt_scen_000011_00022,100.0,1,0,0,1,1,0,0,0,0.67,1,1
scen_000011,alt_scen_000011_00019,alt_scen_000011_00018,3.06,1,0,0,1,1,0,0,0,0.74,1,1
scen_000011,alt_scen_000011_00019,alt_scen_000011_00020,23.06,1,0,0,1,1,0,0,0,0.11,1,1
scen_000011,alt_scen_000011_00019,alt_scen_000011_00021,33.06,1,0,0,1,1,0,0,0,0.81,1,1
scen_000011,alt_scen_000011_00019,alt_scen_000011_00022,43.06,1,0,0,1,1,0,0,0,0.54,1,1
scen_000011,alt_scen_000011_00018,alt_scen_000011_00020,20.0,1,0,0,1,1,0,0,0,0.2,1,1
scen_000011,alt_scen_000011_00018,alt_scen_000011_00021,30.0,1,0,0,1,1,0,0,0,0.56,1,1
scen_000011,alt_scen_000011_00018,alt_scen_000011_00022,40.0,1,0,0,1,1,0,0,0,0.15,1,1
scen_000011,alt_scen_000011_00020,alt_scen_000011_00021,10.0,1,0,0,1,1,0,0,0,0.76,1,1
scen_000011,alt_scen_000011_00020,alt_scen_000011_00022,20.0,1,0,0,1,1,0,0,0,0.36,1,1
scen_000011,alt_scen_000011_00021,alt_scen_000011_00022,10.0,1,0,0,1,1,0,0,0,0.78,1,1
scen_000012,alt_scen_000012_00003,alt_scen_000012_00006,79.0,0,0,0,1,1,0,2,0,0.45,1,0
scen_000012,alt_scen_000012_00003,alt_scen_000012_00005,154.0,0,0,0,1,1,1,1,1,0.54,1,0
scen_000012,alt_scen_000012_00003,alt_scen_000012_00004,392.0,0,0,0,1,1,0,2,0,0.81,0,0
scen_000012,alt_scen_000012_00003,alt_scen_000012_00001,535.0,0,0,0,1,1,0,2,0,0.17,0,0
scen_000012,alt_scen_000012_00003,alt_scen_000012_00002,687.0,0,0,0,1,1,0,3,0,0.68,0,0
scen_000012,alt_scen_000012_00006,alt_scen_000012_00005,75.0,0,0,0,1,1,1,1,1,0.73,1,0
scen_000012,alt_scen_000012_00006,alt_scen_000012_00004,313.0,0,0,0,1,1,0,2,0,0.36,0,0
scen_000012,alt_scen_000012_00006,alt_scen_000012_00001,456.0,0,0,0,1,1,0,2,0,0.43,0,0
scen_000012,alt_scen_000012_00006,alt_scen_000012_00002,608.0,0,0,0,1,1,0,3,0,0.9,0,0
scen_000012,alt_scen_000012_00005,alt_scen_000012_00004,238.0,0,0,0,1,1,1,1,-1,0.18,1,0
scen_000012,alt_scen_000012_00005,alt_scen_000012_00001,381.0,0,0,0,1,1,1,1,-1,0.85,0,0
scen_000012,alt_scen_000012_00005,alt_scen_000012_00002,533.0,0,0,0,1,1,0,2,0,0.74,0,0
scen_000012,alt_scen_000012_00004,alt_scen_000012_00001,143.0,0,0,0,1,1,0,2,0,0.88,1,0
scen_000012,alt_scen_000012_00004,alt_scen_000012_00002,295.0,0,0,0,1,1,0,3,0,0.16,1,0
scen_000012,alt_scen_000012_00001,alt_scen_000012_00002,152.0,0,0,0,1,1,0,3,0,0.45,1,0
scen_000013,alt_scen_000013_00003,alt_scen_000013_00002,173.0,0,0,0,1,1,0,2,0,0.3,1,0
scen_000013,alt_scen_000013_00003,alt_scen_000013_00001,784.0,0,0,0,1,1,0,2,0,0.7,0,0
scen_000013,alt_scen_000013_00002,alt_scen_000013_00001,611.0,0,0,0,1,1,0,2,0,0.66,0,0
scen_000014,alt_scen_000014_00003,alt_scen_000014_00004,94.0,1,0,0,1,1,0,0,0,0.44,1,0
scen_000014,alt_scen_000014_00003,alt_scen_000014_00001,133.0,0,0,0,1,1,0,2,0,0.46,1,0
scen_000014,alt_scen_000014_00003,alt_scen_000014_00002,253.0,0,0,0,1,1,0,2,0,0.52,1,0
scen_000014,alt_scen_000014_00004,alt_scen_000014_00001,39.0,0,0,0,1,1,0,2,0,0.86,1,0
scen_000014,alt_scen_000014_00004,alt_scen_000014_00002,159.0,0,0,0,1,1,0,2,0,0.16,1,0
scen_000014,alt_scen_000014_00001,alt_scen_000014_00002,120.0,0,0,0,1,1,0,2,0,0.84,1,0
scen_000015,alt_scen_000015_00003,alt_scen_000015_00002,14.0,0,0,0,1,1,0,2,0,0.63,1,0
scen_000015,alt_scen_000015_00003,alt_scen_000015_00005,32.0,0,0,0,1,1,0,2,0,0.72,1,0
scen_000015,alt_scen_000015_00003,alt_scen_000015_00004,184.0,0,0,0,1,1,0,2,0,0.66,1,0
scen_000015,alt_scen_000015_00003,alt_scen_000015_00001,595.0,0,0,0,1,1,0,2,0,0.75,0,0
scen_000015,alt_scen_000015_00002,alt_scen_000015_00005,18.0,0,0,0,1,1,0,2,0,0.2,1,0
scen_000015,alt_scen_000015_00002,alt_scen_000015_00004,170.0,0,0,0,1,1,0,2,0,0.62,1,0
scen_000015,alt_scen_000015_00002,alt_scen_000015_00001,581.0,0,0,0,1,1,0,2,0,0.35,0,0
scen_000015,alt_scen_000015_00005,alt_scen_000015_00004,152.0,0,0,0,1,1,0,2,0,0.87,1,0
scen_000015,alt_scen_000015_00005,alt_scen_000015_00001,563.0,1,0,0,1,1,0,0,0,0.28,0,0
scen_000015,alt_scen_000015_00004,alt_scen_000015_00001,411.0,0,0,0,1,1,0,2,0,0.38,0,0
scen_000016,alt_scen_000016_00003,alt_scen_000016_00005,207.0,0,0,0,1,1,0,2,0,0.38,1,0
scen_000016,alt_scen_000016_00003,alt_scen_000016_00004,321.0,0,0,0,1,1,1,1,1,0.83,0,0
scen_000016,alt_scen_000016_00003,alt_scen_000016_00002,723.0,0,0,0,1,1,0,2,0,0.79,0,0
scen_000016,alt_scen_000016_00003,alt_scen_000016_00001,910.0,0,0,0,1,1,0,2,0,0.47,0,0
scen_000016,alt_scen_000016_00005,alt_scen_000016_00004,114.0,0,0,0,1,1,1,1,1,0.79,1,0
scen_000016,alt_scen_000016_00005,alt_scen_000016_00002,516.0,0,0,0,1,1,0,2,0,0.76,0,0
scen_000016,alt_scen_000016_00005,alt_scen_000016_00001,703.0,0,0,0,1,1,0,2,0,0.73,0,0
scen_000016,alt_scen_000016_00004,alt_scen_000016_00002,402.0,0,0,0,1,1,1,1,-1,0.74,0,0
scen_000016,alt_scen_000016_00004,alt_scen_000016_00001,589.0,0,0,0,1,1,1,1,-1,0.32,0,0
scen_000016,alt_scen_000016_00002,alt_scen_000016_00001,187.0,0,0,0,1,1,0,2,0,0.12,1,0
scen_000017,alt_scen_000017_00002,alt_scen_000017_00001,653.0,0,0,0,1,1,1,1,1,0.61,0,0
scen_000018,alt_scen_000018_00001,alt_scen_000018_00005,120.0,0,0,0,1,1,0,2,0,0.27,1,0
scen_000018,alt_scen_000018_00001,alt_scen_000018_00002,375.0,0,0,0,1,1,0,2,0,0.84,0,0
scen_000018,alt_scen_000018_00001,alt_scen_000018_00006,424.0,0,0,0,1,1,0,2,0,0.29,0,0
scen_000018,alt_scen_000018_00001,alt_scen_000018_00004,440.0,0,0,0,1,1,1,1,1,0.26,0,0
scen_000018,alt_scen_000018_00001,alt_scen_000018_00003,642.0,0,0,0,1,1,1,1,1,0.14,0,0
scen_000018,alt_scen_000018_00005,alt_scen_000018_00002,255.0,1,0,0,1,1,0,0,0,0.18,1,0
scen_000018,alt_scen_000018_00005,alt_scen_000018_00006,304.0,1,0,0,1,1,0,0,0,0.82,0,0
scen_000018,alt_scen_000018_00005,alt_scen_000018_00004,320.0,0,0,0,1,1,1,1,1,0.67,0,0
scen_000018,alt_scen_000018_00005,alt_scen_000018_00003,522.0,0,0,0,1,1,0,3,0,0.12,0,0
scen_000018,alt_scen_000018_00002,alt_scen_000018_00006,49.0,1,0,0,1,1,0,0,0,0.6,1,0
scen_000018,alt_scen_000018_00002,alt_scen_000018_00004,65.0,0,0,0,1,1,1,1,1,0.89,1,0
scen_000018,alt_scen_000018_00002,alt_scen_000018_00003,267.0,0,0,0,1,1,0,3,0,0.16,1,0
scen_000018,alt_scen_000018_00006,alt_scen_000018_00004,16.0,0,0,0,1,1,1,1,1,0.55,1,0
scen_000018,alt_scen_000018_00006,alt_scen_000018_00003,218.0,0,0,0,1,1,0,3,0,0.41,1,0
scen_000018,alt_scen_000018_00004,alt_scen_000018_00003,202.0,0,0,0,1,1,0,2,0,0.64,1,0
scen_000019,alt_scen_000019_00001,alt_scen_000019_00003,83.0,0,0,0,1,1,0,3,0,0.57,1,0
scen_000019,alt_scen_000019_00001,alt_scen_000019_00002,571.0,0,0,0,1,1,1,1,-1,0.4,0,0
scen_000019,alt_scen_000019_00003,alt_scen_000019_00002,488.0,0,0,0,1,1,0,2,0,0.51,0,0
scen_000020,alt_scen_000020_00001,alt_scen_000020_00002,269.0,0,0,0,1,1,0,2,0,0.25,1,0
scen_000021,alt_scen_000021_00001,alt_scen_000021_00003,1.0,0,0,0,1,1,0,2,0,0.76,1,0
scen_000021,alt_scen_000021_00001,alt_scen_000021_00002,708.0,0,0,0,1,1,0,2,0,0.64,0,0
scen_000021,alt_scen_000021_00003,alt_scen_000021_00002,707.0,0,0,0,1,1,0,2,0,0.75,0,0
scen_000022,alt_scen_000022_00011,alt_scen_000022_00010,56.0,0,0,0,1,1,0,2,0,0.36,1,0
scen_000022,alt_scen_000022_00011,alt_scen_000022_00006,140.0,0,0,0,1,1,0,2,0,0.24,1,0
scen_000022,alt_scen_000022_00011,alt_scen_000022_00008,504.0,0,0,0,1,1,0,2,0,0.56,0,0
scen_000022,alt_scen_000022_00011,alt_scen_000022_00009,583.0,0,0,0,1,1,0,2,0,0.14,0,0
scen_000022,alt_scen_000022_00011,alt_scen_000022_00001,698.0,0,0,0,1,1,0,2,0,0.12,0,0
scen_000022,alt_scen_000022_00011,alt_scen_000022_00003,716.25,0,0,0,1,1,0,2,0,0.12,0,0
scen_000022,alt_scen_000022_00011,alt_scen_000022_00002,718.0,0,0,0,1,1,0,2,0,0.81,0,0
scen_000022,alt_scen_000022_00011,alt_scen_000022_00004,738.0,0,0,0,1,1,0,2,0,0.71,0,0
scen_000022,alt_scen_000022_00011,alt_scen_000022_00005,748.0,0,0,0,1,1,0,2,0,0.76,0,0
scen_000022,alt_scen_000022_00010,alt_scen_000022_00006,84.0,0,0,0,1,1,0,2,0,0.89,1,0
scen_000022,alt_scen_000022_00010,alt_scen_000022_00008,448.0,0,0,0,1,1,0,2,0,0.34,0,0
scen_000022,alt_scen_000022_00010,alt_scen_000022_00009,527.0,0,0,0,1,1,0,2,0,0.53,0,0
scen_000022,alt_scen_000022_00010,alt_scen_000022_00001,642.0,0,0,0,1,1,0,2,0,0.88,0,0
scen_000022,alt_scen_000022_00010,alt_scen_000022_00003,660.25,0,0,0,1,1,0,2,0,0.72,0,0
scen_000022,alt_scen_000022_00010,alt_scen_000022_00002,662.0,0,0,0,1,1,0,2,0,0.81,0,0
scen_000022,alt_scen_000022_00010,alt_scen_000022_00004,682.0,0,0,0,1,1,0,2,0,0.11,0,0
scen_000022,alt_scen_000022_00010,alt_scen_000022_00005,692.0,0,0,0,1,1,0,2,0,0.39,0,0
scen_000022,alt_scen_000022_00010,alt_scen_000022_00007,794.0,0,0,0,1,1,0,2,0,0.11,0,0
scen_000022,alt_scen_000022_00006,alt_scen_000022_00008,364.0,0,0,0,1,1,0,2,0,0.14,0,0
scen_000022,alt_scen_000022_00006,alt_scen_000022_00009,443.0,0,0,0,1,1,0,2,0,0.84,0,0
scen_000022,alt_scen_000022_00006,alt_scen_000022_00001,558.0,0,0,0,1,1,0,2,0,0.52,0,0
scen_000022,alt_scen_000022_00006,alt_scen_000022_00003,576.25,0,0,0,1,1,0,2,0,0.4,0,0
scen_000022,alt_scen_000022_00006,alt_scen_000022_00002,578.0,0,0,0,1,1,0,2,0,0.14,0,0
scen_000022,alt_scen_000022_00006,alt_scen_000022_00004,598.0,0,0,0,1,1,0,2,0,0.71,0,0
scen_000022,alt_scen_000022_00006,alt_scen_000022_00005,608.0,0,0,0,1,1,0,2,0,0.83,0,0
scen_000022,alt_scen_000022_00006,alt_scen_000022_00007,710.0,0,0,0,1,1,0,2,0,0.76,0,0
scen_000022,alt_scen_000022_00008,alt_scen_000022_00009,79.0,0,0,0,1,1,0,2,0,0.3,1,0
scen_000022,alt_scen_000022_00008,alt_scen_000022_00001,194.0,0,0,0,1,1,0,2,0,0.64,1,0
scen_000022,alt_scen_000022_00008,alt_scen_000022_00003,212.25,0,0,0,1,1,0,2,0,0.88,1,0
scen_000022,alt_scen_000022_00008,alt_scen_000022_00002,214.0,0,0,0,1,1,0,2,0,0.64,1,0
scen_000022,alt_scen_000022_00008,alt_scen_000022_00004,234.0,0,0,0,1,1,0,2,0,0.19,1,0
scen_000022,alt_scen_000022_00008,alt_scen_000022_00005,244.0,0,0,0,1,1,0,2,0,0.79,1,0
scen_000022,alt_scen_000022_00008,alt_scen_000022_00007,346.0,0,0,0,1,1,0,2,0,0.71,0,0
scen_000022,alt_scen_000022_00009,alt_scen_000022_00001,115.0,0,0,0,1,1,0,2,0,0.87,1,0
scen_000022,alt_scen_000022_00009,alt_scen_000022_00003,133.25,0,0,0,1,1,0,2,0,0.6,1,0
scen_000022,alt_scen_000022_00009,alt_scen_000022_00002,135.0,0,0,0,1,1,0,2,0,0.51,1,0
scen_000022,alt_scen_000022_00009,alt_scen_000022_00004,155.0,0,0,0,1,1,0,2,0,0.82,1,0
scen_000022,alt_scen_000022_00009,alt_scen_000022_00005,165.0,0,0,0,1,1,0,2,0,0.16,1,0
scen_000022,alt_scen_000022_00009,alt_scen_000022_00007,267.0,0,0,0,1,1,0,2,0,0.52,1,0
scen_000022,alt_scen_000022_00001,alt_scen_000022_00003,18.25,1,0,0,1,1,0,0,0,0.27,1,1
scen_000022,alt_scen_000022_00001,alt_scen_000022_00002,20.0,1,0,0,1,1,0,0,0,0.32,1,1
scen_000022,alt_scen_000022_00001,alt_scen_000022_00004,40.0,1,0,0,1,1,0,0,0,0.12,1,1
scen_000022,alt_scen_000022_00001,alt_scen_000022_00005,50.0,1,0,0,1,1,0,0,0,0.26,1,1
scen_000022,alt_scen_000022_00001,alt_scen_000022_00007,152.0,0,0,0,1,1,0,2,0,0.52,1,0
scen_000022,alt_scen_000022_00003,alt_scen_000022_00002,1.75,1,0,0,1,1,0,0,0,0.25,1,1
scen_000022,alt_scen_000022_00003,alt_scen_000022_00004,21.75,1,0,0,1,1,0,0,0,0.26,1,1
scen_000022,alt_scen_000022_00003,alt_scen_000022_00005,31.75,1,0,0,1,1,0,0,0,0.26,1,1
scen_000022,alt_scen_000022_00003,alt_scen_000022_00007,133.75,0,0,0,1,1,0,2,0,0.51,1,0
scen_000022,alt_scen_000022_00002,alt_scen_000022_00004,20.0,1,0,0,1,1,0,0,0,0.5,1,1
scen_000022,alt_scen_000022_00002,alt_scen_000022_00005,30.0,1,0,0,1,1,0,0,0,0.56,1,1
scen_000022,alt_scen_000022_00002,alt_scen_000022_00007,132.0,0,0,0,1,1,0,2,0,0.66,1,0
scen_000022,alt_scen_000022_00004,alt_scen_000022_00005,10.0,1,0,0,1,1,0,0,0,0.37,1,1
scen_000022,alt_scen_000022_00004,alt_scen_000022_00007,112.0,0,0,0,1,1,0,2,0,0.44,1,0
scen_000022,alt_scen_000022_00005,alt_scen_000022_00007,102.0,0,0,0,1,1,0,2,0,0.55,1,0
scen_000023,alt_scen_000023_00003,alt_scen_000023_00004,350.0,0,0,0,1,1,0,2,0,0.14,0,0
scen_000023,alt_scen_000023_00003,alt_scen_000023_00002,678.0,0,0,0,1,1,0,2,0,0.49,0,0
scen_000023,alt_scen_000023_00003,alt_scen_000023_00001,789.0,0,0,0,1,1,1,1,1,0.19,0,0
scen_000023,alt_scen_000023_00004,alt_scen_000023_00002,328.0,0,0,0,1,1,0,2,0,0.61,0,0
scen_000023,alt_scen_000023_00004,alt_scen_000023_00001,439.0,0,0,0,1,1,0,2,0,0.26,0,0
scen_000023,alt_scen_000023_00002,alt_scen_000023_00001,111.0,0,0,0,1,1,0,2,0,0.49,1,0
scen_000024,alt_scen_000024_00002,alt_scen_000024_00001,143.0,0,0,0,1,1,0,2,0,0.61,1,0
scen_000024,alt_scen_000024_00002,alt_scen_000024_00004,372.0,0,0,0,1,1,0,2,0,0.74,0,0
scen_000024,alt_scen_000024_00002,alt_scen_000024_00003,377.0,0,0,0,1,1,0,2,0,0.48,0,0
scen_000024,alt_scen_000024_00001,alt_scen_000024_00004,229.0,0,0,0,1,1,0,2,0,0.4,1,0
scen_000024,alt_scen_000024_00001,alt_scen_000024_00003,234.0,0,0,0,1,1,0,2,0,0.67,1,0
scen_000024,alt_scen_000024_00004,alt_scen_000024_00003,5.0,0,0,0,1,1,0,2,0,0.55,1,0
scen_000025,alt_scen_000025_00028,alt_scen_000025_00001,132.0,0,0,0,1,1,0,3,0,0.77,1,0
scen_000025,alt_scen_000025_00028,alt_scen_000025_00002,152.0,0,0,0,1,1,0,3,0,0.72,1,0
scen_000025,alt_scen_000025_00028,alt_scen_000025_00003,156.84,0,0,0,1,1,0,3,0,0.39,1,0
scen_000025,alt_scen_000025_00028,alt_scen_000025_00005,272.32,0,0,0,1,1,0,3,0,0.78,1,0
scen_000025,alt_scen_000025_00028,alt_scen_000025_00004,272.0,0,0,0,1,1,0,3,0,0.2,1,0
scen_000025,alt_scen_000025_00028,alt_scen_000025_00006,372.0,0,0,0,1,1,0,3,0,0.11,0,0
scen_000025,alt_scen_000025_00028,alt_scen_000025_00007,374.46,0,0,0,1,1,0,3,0,0.16,0,0
scen_000025,alt_scen_000025_00028,alt_scen_000025_00008,382.0,0,0,0,1,1,0,3,0,0.73,0,0
scen_000025,alt_scen_000025_00028,alt_scen_000025_00009,492.0,0,0,0,1,1,0,3,0,0.39,0,0
scen_000025,alt_scen_000025_00001,alt_scen_000025_00002,20.0,1,0,0,1,1,0,0,0,0.53,1,1
scen_000025,alt_scen_000025_00001,alt_scen_000025_00003,24.84,1,0,0,1,1,0,0,0,0.3,1,1
scen_000025,alt_scen_000025_00001,alt_scen_000025_00005,140.32,1,0,0,1,1,0,0,0,0.27,1,1
scen_000025,alt_scen_000025_00001,alt_scen_000025_00004,140.0,1,0,0,1,1,0,0,0,0.61,1,1
scen_000025,alt_scen_000025_00001,alt_scen_000025_00006,240.0,1,0,0,1,1,0,0,0,0.89,1,1
scen_000025,alt_scen_000025_00001,alt_scen_000025_00007,242.46,1,0,0,1,1,0,0,0,0.64,1,1
scen_000025,alt_scen_000025_00001,alt_scen_000025_00008,250.0,1,0,0,1,1,0,0,0,0.53,1,1
scen_000025,alt_scen_000025_00001,alt_scen_000025_00009,360.0,1,0,0,1,1,0,0,0,0.12,0,1
scen_000025,alt_scen_000025_00001,alt_scen_000025_00010,390.0,1,0,0,1,1,0,0,0,0.74,0,1
scen_000025,alt_scen_000025_00002,alt_scen_000025_00003,4.84,1,0,0,1,1,0,0,0,0.61,1,1
scen_000025,alt_scen_000025_00002,alt_scen_000025_00005,120.32,1,0,0,1,1,0,0,0,0.12,1,1
scen_000025,alt_scen_000025_00002,alt_scen_000025_00004,120.0,1,0,0,1,1,0,0,0,0.42,1,1
scen_000025,alt_scen_000025_00002,alt_scen_000025_00006,220.0,1,0,0,1,1,0,0,0,0.15,1,1
scen_000025,alt_scen_000025_00002,alt_scen_000025_00007,222.46,1,0,0,1,1,0,0,0,0.31,1,1
scen_000025,alt_scen_000025_00002,alt_scen_000025_00008,230.0,1,0,0,1,1,0,0,0,0.32,1,1
scen_000025,alt_scen_000025_00002,alt_scen_000025_00009,340.0,1,0,0,1,1,0,0,0,0.11,0,1
scen_000025,alt_scen_000025_00002,alt_scen_000025_00010,370.0,1,0,0,1,1,0,0,0,0.65,0,1
scen_000025,alt_scen_000025_00002,alt_scen_000025_00011,390.0,1,0,0,1,1,0,0,0,0.47,0,1
scen_000025,alt_scen_000025_00003,alt_scen_000025_00005,115.47,1,0,0,1,1,0,0,0,0.6,1,1
scen_000025,alt_scen_000025_00003,alt_scen_000025_00004,115.16,1,0,0,1,1,0,0,0,0.18,1,1
scen_000025,alt_scen_000025_00003,alt_scen_000025_00006,215.16,1,0,0,1,1,0,0,0,0.34,1,1
scen_000025,alt_scen_000025_00003,alt_scen_000025_00007,217.61,1,0,0,1,1,0,0,0,0.25,1,1
scen_000025,alt_scen_000025_00003,alt_scen_000025_00008,225.16,1,0,0,1,1,0,0,0,0.26,1,1
scen_000025,alt_scen_000025_00003,alt_scen_000025_00009,335.16,1,0,0,1,1,0,0,0,0.24,0,1
scen_000025,alt_scen_000025_00003,alt_scen_000025_00010,365.16,1,0,0,1,1,0,0,0,0.22,0,1
scen_000025,alt_scen_000025_00003,alt_scen_000025_00011,385.16,1,0,0,1,1,0,0,0,0.3,0,1
scen_000025,alt_scen_000025_00003,alt_scen_000025_00012,435.16,1,0,0,1,1,0,0,0,0.53,0,1
scen_000025,alt_scen_000025_00005,alt_scen_000025_00004,0.32,1,0,0,1,1,0,0,0,0.27,1,1
scen_000025,alt_scen_000025_00005,alt_scen_000025_00006,99.68,1,0,0,1,1,0,0,0,0.68,1,1
scen_000025,alt_scen_000025_00005,alt_scen_000025_00007,102.14,1,0,0,1,1,0,0,0,0.23,1,1
scen_000025,alt_scen_000025_00005,alt_scen_000025_00008,109.68,1,0,0,1,1,0,0,0,0.85,1,1
scen_000025,alt_scen_000025_00005,alt_scen_000025_00009,219.68,1,0,0,1,1,0,0,0,0.53,1,1
scen_000025,alt_scen_000025_00005,alt_scen_000025_00010,249.68,1,0,0,1,1,0,0,0,0.16,1,1
scen_000025,alt_scen_000025_00005,alt_scen_000025_00011,269.68,1,0,0,1,1,0,0,0,0.42,1,1
scen_000025,alt_scen_000025_00005,alt_scen_000025_00012,319.68,1,0,0,1,1,0,0,0,0.58,0,1
scen_000025,alt_scen_000025_00005,alt_scen_000025_00026,354.68,0,0,0,1,1,0,2,0,0.73,0,0
scen_000025,alt_scen_000025_00004,alt_scen_000025_00006,100.0,1,0,0,1,1,0,0,0,0.58,1,1
scen_000025,alt_scen_000025_00004,alt_scen_000025_00007,102.46,1,0,0,1,1,0,0,0,0.89,1,1
scen_000025,alt_scen_000025_00004,alt_scen_000025_00008,110.0,1,0,0,1,1,0,0,0,0.81,1,1
scen_000025,alt_scen_000025_00004,alt_scen_000025_00009,220.0,1,0,0,1,1,0,0,0,0.84,1,1
scen_000025,alt_scen_000025_00004,alt_scen_000025_00010,250.0,1,0,0,1,1,0,0,0,0.75,1,1
scen_000025,alt_scen_000025_00004,alt_scen_000025_00011,270.0,1,0,0,1,1,0,0,0,0.48,1,1
scen_000025,alt_scen_000025_00004,alt_scen_000025_00012,320.0,1,0,0,1,1,0,0,0,0.13,0,1
scen_000025,alt_scen_000025_00004,alt_scen_000025_00026,355.0,0,0,0,1,1,0,2,0,0.38,0,0
scen_000025,alt_scen_000025_00004,alt_scen_000025_00013,390.0,1,0,0,1,1,0,0,0,0.67,0,1
scen_000025,alt_scen_000025_00006,alt_scen_000025_00007,2.46,1,0,0,1,1,0,0,0,0.78,1,1
scen_000025,alt_scen_000025_00006,alt_scen_000025_00008,10.0,1,0,0,1,1,0,0,0,0.56,1,1
scen_000025,alt_scen_000025_00006,alt_scen_000025_00009,120.0,1,0,0,1,1,0,0,0,0.74,1,1
scen_000025,alt_scen_000025_00006,alt_scen_000025_00010,150.0,1,0,0,1,1,0,0,0,0.4,1,1
scen_000025,alt_scen_000025_00006,alt_scen_000025_00011,170.0,1,0,0,1,1,0,0,0,0.26,1,1
scen_000025,alt_scen_000025_00006,alt_scen_000025_00012,220.0,1,0,0,1,1,0,0,0,0.61,1,1
scen_000025,alt_scen_000025_00006,alt_scen_000025_00026,255.0,0,0,0,1,1,0,2,0,0.58,1,0
scen_000025,alt_scen_000025_00006,alt_scen_000025_00013,290.0,1,0,0,1,1,0,0,0,0.44,1,1
scen_000025,alt_scen_000025_00006,alt_scen_000025_00014,300.0,1,0,0,1,1,0,0,0,0.13,1,1
scen_000025,alt_scen_000025_00007,alt_scen_000025_00008,7.54,1,0,0,1,1,0,0,0,0.52,1,1
scen_000025,alt_scen_000025_00007,alt_scen_000025_00009,117.54,1,0,0,1,1,0,0,0,0.63,1,1
scen_000025,alt_scen_000025_00007,alt_scen_000025_00010,147.54,1,0,0,1,1,0,0,0,0.22,1,1
scen_000025,alt_scen_000025_00007,alt_scen_000025_00011,167.54,1,0,0,1,1,0,0,0,0.7,1,1
scen_000025,alt_scen_000025_00007,alt_scen_000025_00012,217.54,1,0,0,1,1,0,0,0,0.16,1,1
scen_000025,alt_scen_000025_00007,alt_scen_000025_00026,252.54,0,0,0,1,1,0,2,0,0.5,1,0
scen_000025,alt_scen_000025_00007,alt_scen_000025_00013,287.54,1,0,0,1,1,0,0,0,0.79,1,1
scen_000025,alt_scen_000025_00007,alt_scen_000025_00014,297.54,1,0,0,1,1,0,0,0,0.18,1,1
scen_000025,alt_scen_000025_00007,alt_scen_000025_00015,299.46,1,0,0,1,1,0,0,0,0.69,1,1
scen_000025,alt_scen_000025_00008,alt_scen_000025_00009,110.0,1,0,0,1,1,0,0,0,0.59,1,1
scen_000025,alt_scen_000025_00008,alt_scen_000025_00010,140.0,1,0,0,1,1,0,0,0,0.52,1,1
scen_000025,alt_scen_000025_00008,alt_scen_000025_00011,160.0,1,0,0,1,1,0,0,0,0.4,1,1
scen_000025,alt_scen_000025_00008,alt_scen_000025_00012,210.0,1,0,0,1,1,0,0,0,0.69,1,1
scen_000025,alt_scen_000025_00008,alt_scen_000025_00026,245.0,0,0,0,1,1,0,2,0,0.43,1,0
scen_000025,alt_scen_000025_00008,alt_scen_000025_00013,280.0,1,0,0,1,1,0,0,0,0.67,1,1
scen_000025,alt_scen_000025_00008,alt_scen_000025_00014,290.0,1,0,0,1,1,0,0,0,0.28,1,1
scen_000025,alt_scen_000025_00008,alt_scen_000025_00015,291.92,1,0,0,1,1,0,0,0,0.46,1,1
scen_000025,alt_scen_000025_00008,alt_scen_000025_00016,310.0,1,0,0,1,1,0,0,0,0.41,0,1
scen_000025,alt_scen_000025_00009,alt_scen_000025_00010,30.0,1,0,0,1,1,0,0,0,0.67,1,1
scen_000025,alt_scen_000025_00009,alt_scen_000025_00011,50.0,1,0,0,1,1,0,0,0,0.59,1,1
scen_000025,alt_scen_000025_00009,alt_scen_000025_00012,100.0,1,0,0,1,1,0,0,0,0.37,1,1
scen_000025,alt_scen_000025_00009,alt_scen_000025_00026,135.0,0,0,0,1,1,0,2,0,0.18,1,0
scen_000025,alt_scen_000025_00009,alt_scen_000025_00013,170.0,1,0,0,1,1,0,0,0,0.43,1,1
scen_000025,alt_scen_000025_00009,alt_scen_000025_00014,180.0,1,0,0,1,1,0,0,0,0.47,1,1
scen_000025,alt_scen_000025_00009,alt_scen_000025_00015,181.92,1,0,0,1,1,0,0,0,0.51,1,1
scen_000025,alt_scen_000025_00009,alt_scen_000025_00016,200.0,1,0,0,1,1,0,0,0,0.81,1,1
scen_000025,alt_scen_000025_00009,alt_scen_000025_00027,210.0,0,0,0,1,1,0,3,0,0.28,1,0
scen_000025,alt_scen_000025_00010,alt_scen_000025_00011,20.0,1,0,0,1,1,0,0,0,0.31,1,1
scen_000025,alt_scen_000025_00010,alt_scen_000025_00012,70.0,1,0,0,1,1,0,0,0,0.67,1,1
scen_000025,alt_scen_000025_00010,alt_scen_000025_00026,105.0,0,0,0,1,1,0,2,0,0.73,1,0
scen_000025,alt_scen_000025_00010,alt_scen_000025_00013,140.0,1,0,0,1,1,0,0,0,0.17,1,1
scen_000025,alt_scen_000025_00010,alt_scen_000025_00014,150.0,1,0,0,1,1,0,0,0,0.53,1,1
scen_000025,alt_scen_000025_00010,alt_scen_000025_00015,151.92,1,0,0,1,1,0,0,0,0.72,1,1
scen_000025,alt_scen_000025_00010,alt_scen_000025_00016,170.0,1,0,0,1,1,0,0,0,0.36,1,1
scen_000025,alt_scen_000025_00010,alt_scen_000025_00027,180.0,0,0,0,1,1,0,3,0,0.83,1,0
scen_000025,alt_scen_000025_00010,alt_scen_000025_00018,188.97,1,0,0,1,1,0,0,0,0.25,1,1
scen_000025,alt_scen_000025_00011,alt_scen_000025_00012,50.0,1,0,0,1,1,0,0,0,0.23,1,1
scen_000025,alt_scen_000025_00011,alt_scen_000025_00026,85.0,0,0,0,1,1,0,2,0,0.87,1,0
scen_000025,alt_scen_000025_00011,alt_scen_000025_00013,120.0,1,0,0,1,1,0,0,0,0.25,1,1
scen_000025,alt_scen_000025_00011,alt_scen_000025_00014,130.0,1,0,0,1,1,0,0,0,0.67,1,1
scen_000025,alt_scen_000025_00011,alt_scen_000025_00015,131.92,1,0,0,1,1,0,0,0,0.14,1,1
scen_000025,alt_scen_000025_00011,alt_scen_000025_00016,150.0,1,0,0,1,1,0,0,0,0.5,1,1
scen_000025,alt_scen_000025_00011,alt_scen_000025_00027,160.0,0,0,0,1,1,0,3,0,0.64,1,0
scen_000025,alt_scen_000025_00011,alt_scen_000025_00018,168.97,1,0,0,1,1,0,0,0,0.4,1,1
scen_000025,alt_scen_000025_00011,alt_scen_000025_00017,170.0,1,0,0,1,1,0,0,0,0.14,1,1
scen_000025,alt_scen_000025_00012,alt_scen_000025_00026,35.0,0,0,0,1,1,0,2,0,0.86,1,0
scen_000025,alt_scen_000025_00012,alt_scen_000025_00013,70.0,1,0,0,1,1,0,0,0,0.47,1,1
scen_000025,alt_scen_000025_00012,alt_scen_000025_00014,80.0,1,0,0,1,1,0,0,0,0.33,1,1
scen_000025,alt_scen_000025_00012,alt_scen_000025_00015,81.92,1,0,0,1,1,0,0,0,0.14,1,1
scen_000025,alt_scen_000025_00012,alt_scen_000025_00016,100.0,1,0,0,1,1,0,0,0,0.7,1,1
scen_000025,alt_scen_000025_00012,alt_scen_000025_00027,110.0,0,0,0,1,1,0,3,0,0.7,1,0
scen_000025,alt_scen_000025_00012,alt_scen_000025_00018,118.97,1,0,0,1,1,0,0,0,0.26,1,1
scen_000025,alt_scen_000025_00012,alt_scen_000025_00017,120.0,1,0,0,1,1,0,0,0,0.29,1,1
scen_000025,alt_scen_000025_00012,alt_scen_000025_00019,130.0,1,0,0,1,1,0,0,0,0.89,1,1
scen_000025,alt_scen_000025_00026,alt_scen_000025_00013,35.0,0,0,0,1,1,0,2,0,0.35,1,0
scen_000025,alt_scen_000025_00026,alt_scen_000025_00014,45.0,0,0,0,1,1,0,2,0,0.9,1,0
scen_000025,alt_scen_000025_00026,alt_scen_000025_00015,46.92,0,0,0,1,1,0,2,0,0.38,1,0
scen_000025,alt_scen_000025_00026,alt_scen_000025_00016,65.0,0,0,0,1,1,0,2,0,0.31,1,0
scen_000025,alt_scen_000025_00026,alt_scen_000025_00027,75.0,0,0,0,1,1,0,3,0,0.84,1,0
scen_000025,alt_scen_000025_00026,alt_scen_000025_00018,83.97,0,0,0,1,1,0,2,0,0.16,1,0
scen_000025,alt_scen_000025_00026,alt_scen_000025_00017,85.0,0,0,0,1,1,0,2,0,0.49,1,0
scen_000025,alt_scen_000025_00026,alt_scen_000025_00019,95.0,0,0,0,1,1,0,2,0,0.43,1,0
scen_000025,alt_scen_000025_00026,alt_scen_000025_00020,105.0,0,0,0,1,1,0,2,0,0.63,1,0
scen_000025,alt_scen_000025_00013,alt_scen_000025_00014,10.0,1,0,0,1,1,0,0,0,0.67,1,1
scen_000025,alt_scen_000025_00013,alt_scen_000025_00015,11.92,1,0,0,1,1,0,0,0,0.81,1,1
scen_000025,alt_scen_000025_00013,alt_scen_000025_00016,30.0,1,0,0,1,1,0,0,0,0.23,1,1
scen_000025,alt_scen_000025_00013,alt_scen_000025_00027,40.0,0,0,0,1,1,0,3,0,0.26,1,0
scen_000025,alt_scen_000025_00013,alt_scen_000025_00018,48.97,1,0,0,1,1,0,0,0,0.29,1,1
scen_000025,alt_scen_000025_00013,alt_scen_000025_00017,50.0,1,0,0,1,1,0,0,0,0.13,1,1
scen_000025,alt_scen_000025_00013,alt_scen_000025_00019,60.0,1,0,0,1,1,0,0,0,0.43,1,1
scen_000025,alt_scen_000025_00013,alt_scen_000025_00020,70.0,1,0,0,1,1,0,0,0,0.17,1,1
scen_000025,alt_scen_000025_00013,alt_scen_000025_00021,160.0,1,0,0,1,1,0,0,0,0.8,1,1
scen_000025,alt_scen_000025_00014,alt_scen_000025_00015,1.92,1,0,0,1,1,0,0,0,0.19,1,1
scen_000025,alt_scen_000025_00014,alt_scen_000025_00016,20.0,1,0,0,1,1,0,0,0,0.31,1,1
scen_000025,alt_scen_000025_00014,alt_scen_000025_00027,30.0,0,0,0,1,1,0,3,0,0.51,1,0
scen_000025,alt_scen_000025_00014,alt_scen_000025_00018,38.97,1,0,0,1,1,0,0,0,0.37,1,1
scen_000025,alt_scen_000025_00014,alt_scen_000025_00017,40.0,1,0,0,1,1,0,0,0,0.38,1,1
scen_000025,alt_scen_000025_00014,alt_scen_000025_00019,50.0,1,0,0,1,1,0,0,0,0.7,1,1
scen_000025,alt_scen_000025_00014,alt_scen_000025_00020,60.0,1,0,0,1,1,0,0,0,0.85,1,1
scen_000025,alt_scen_000025_00014,alt_scen_000025_00021,150.0,1,0,0,1,1,0,0,0,0.84,1,1
scen_000025,alt_scen_000025_00014,alt_scen_000025_00022,230.0,1,0,0,1,1,0,0,0,0.89,1,1
scen_000025,alt_scen_000025_00015,alt_scen_000025_00016,18.08,1,0,0,1,1,0,0,0,0.75,1,1
scen_000025,alt_scen_000025_00015,alt_scen_000025_00027,28.08,0,0,0,1,1,0,3,0,0.66,1,0
scen_000025,alt_scen_000025_00015,alt_scen_000025_00018,37.05,1,0,0,1,1,0,0,0,0.52,1,1
scen_000025,alt_scen_000025_00015,alt_scen_000025_00017,38.08,1,0,0,1,1,0,0,0,0.25,1,1
scen_000025,alt_scen_000025_00015,alt_scen_000025_00019,48.08,1,0,0,1,1,0,0,0,0.74,1,1
scen_000025,alt_scen_000025_00015,alt_scen_000025_00020,58.08,1,0,0,1,1,0,0,0,0.28,1,1
scen_000025,alt_scen_000025_00015,alt_scen_000025_00021,148.08,1,0,0,1,1,0,0,0,0.23,1,1
scen_000025,alt_scen_000025_00015,alt_scen_000025_00022,228.08,1,0,0,1,1,0,0,0,0.36,1,1
scen_000025,alt_scen_000025_00015,alt_scen_000025_00023,248.08,1,0,0,1,1,0,0,0,0.64,1,1
scen_000025,alt_scen_000025_00016,alt_scen_000025_00027,10.0,0,0,0,1,1,0,3,0,0.65,1,0
scen_000025,alt_scen_000025_00016,alt_scen_000025_00018,18.97,1,0,0,1,1,0,0,0,0.28,1,1
scen_000025,alt_scen_000025_00016,alt_scen_000025_00017,20.0,1,0,0,1,1,0,0,0,0.25,1,1
scen_000025,alt_scen_000025_00016,alt_scen_000025_00019,30.0,1,0,0,1,1,0,0,0,0.48,1,1
scen_000025,alt_scen_000025_00016,alt_scen_000025_00020,40.0,1,0,0,1,1,0,0,0,0.75,1,1
scen_000025,alt_scen_000025_00016,alt_scen_000025_00021,130.0,1,0,0,1,1,0,0,0,0.4,1,1
scen_000025,alt_scen_000025_00016,alt_scen_000025_00022,210.0,1,0,0,1,1,0,0,0,0.58,1,1
scen_000025,alt_scen_000025_00016,alt_scen_000025_00023,230.0,1,0,0,1,1,0,0,0,0.56,1,1
scen_000025,alt_scen_000025_00016,alt_scen_000025_00024,270.0,1,0,0,1,1,0,0,0,0.89,1,1
scen_000025,alt_scen_000025_00027,alt_scen_000025_00018,8.97,0,0,0,1,1,0,3,0,0.79,1,0
scen_000025,alt_scen_000025_00027,alt_scen_000025_00017,10.0,0,0,0,1,1,0,3,0,0.52,1,0
scen_000025,alt_scen_000025_00027,alt_scen_000025_00019,20.0,0,0,0,1,1,0,3,0,0.82,1,0
scen_000025,alt_scen_000025_00027,alt_scen_000025_00020,30.0,0,0,0,1,1,0,3,0,0.64,1,0
scen_000025,alt_scen_000025_00027,alt_scen_000025_00021,120.0,0,0,0,1,1,0,3,0,0.27,1,0
scen_000025,alt_scen_000025_00027,alt_scen_000025_00022,200.0,0,0,0,1,1,0,3,0,0.13,1,0
scen_000025,alt_scen_000025_00027,alt_scen_000025_00023,220.0,0,0,0,1,1,0,3,0,0.87,1,0
scen_000025,alt_scen_000025_00027,alt_scen_000025_00024,260.0,0,0,0,1,1,0,3,0,0.42,1,0
scen_000025,alt_scen_000025_00027,alt_scen_000025_00025,380.0,0,0,0,1,1,0,3,0,0.43,0,0
scen_000025,alt_scen_000025_00018,alt_scen_000025_00017,1.03,1,0,0,1,1,0,0,0,0.3,1,1
scen_000025,alt_scen_000025_00018,alt_scen_000025_00019,11.03,1,0,0,1,1,0,0,0,0.1,1,1
scen_000025,alt_scen_000025_00018,alt_scen_000025_00020,21.03,1,0,0,1,1,0,0,0,0.35,1,1
scen_000025,alt_scen_000025_00018,alt_scen_000025_00021,111.03,1,0,0,1,1,0,0,0,0.44,1,1
scen_000025,alt_scen_000025_00018,alt_scen_000025_00022,191.03,1,0,0,1,1,0,0,0,0.25,1,1
scen_000025,alt_scen_000025_00018,alt_scen_000025_00023,211.03,1,0,0,1,1,0,0,0,0.17,1,1
scen_000025,alt_scen_000025_00018,alt_scen_000025_00024,251.03,1,0,0,1,1,0,0,0,0.83,1,1
scen_000025,alt_scen_000025_00018,alt_scen_000025_00025,371.03,1,0,0,1,1,0,0,0,0.51,0,1
scen_000025,alt_scen_000025_00017,alt_scen_000025_00019,10.0,1,0,0,1,1,0,0,0,0.87,1,1
scen_000025,alt_scen_000025_00017,alt_scen_000025_00020,20.0,1,0,0,1,1,0,0,0,0.25,1,1
scen_000025,alt_scen_000025_00017,alt_scen_000025_00021,110.0,1,0,0,1,1,0,0,0,0.54,1,1
scen_000025,alt_scen_000025_00017,alt_scen_000025_00022,190.0,1,0,0,1,1,0,0,0,0.77,1,1
scen_000025,alt_scen_000025_00017,alt_scen_000025_00023,210.0,1,0,0,1,1,0,0,0,0.46,1,1
scen_000025,alt_scen_000025_00017,alt_scen_000025_00024,250.0,1,0,0,1,1,0,0,0,0.48,1,1
scen_000025,alt_scen_000025_00017,alt_scen_000025_00025,370.0,1,0,0,1,1,0,0,0,0.84,0,1
scen_000025,alt_scen_000025_00019,alt_scen_000025_00020,10.0,1,0,0,1,1,0,0,0,0.18,1,1
scen_000025,alt_scen_000025_00019,alt_scen_000025_00021,100.0,1,0,0,1,1,0,0,0,0.24,1,1
scen_000025,alt_scen_000025_00019,alt_scen_000025_00022,180.0,1,0,0,1,1,0,0,0,0.51,1,1
scen_000025,alt_scen_000025_00019,alt_scen_000025_00023,200.0,1,0,0,1,1,0,0,0,0.75,1,1
scen_000025,alt_scen_000025_00019,alt_scen_000025_00024,240.0,1,0,0,1,1,0,0,0,0.57,1,1
scen_000025,alt_scen_000025_00019,alt_scen_000025_00025,360.0,1,0,0,1,1,0,0,0,0.43,0,1
scen_000025,alt_scen_000025_00020,alt_scen_000025_00021,90.0,1,0,0,1,1,0,0,0,0.83,1,1
scen_000025,alt_scen_000025_00020,alt_scen_000025_00022,170.0,1,0,0,1,1,0,0,0,0.52,1,1
scen_000025,alt_scen_000025_00020,alt_scen_000025_00023,190.0,1,0,0,1,1,0,0,0,0.36,1,1
scen_000025,alt_scen_000025_00020,alt_scen_000025_00024,230.0,1,0,0,1,1,0,0,0,0.35,1,1
scen_000025,alt_scen_000025_00020,alt_scen_000025_00025,350.0,1,0,0,1,1,0,0,0,0.5,0,1
scen_000025,alt_scen_000025_00021,alt_scen_000025_00022,80.0,1,0,0,1,1,0,0,0,0.12,1,1
scen_000025,alt_scen_000025_00021,alt_scen_000025_00023,100.0,1,0,0,1,1,0,0,0,0.8,1,1
scen_000025,alt_scen_000025_00021,alt_scen_000025_00024,140.0,1,0,0,1,1,0,0,0,0.44,1,1
scen_000025,alt_scen_000025_00021,alt_scen_000025_00025,260.0,1,0,0,1,1,0,0,0,0.56,1,1
scen_000025,alt_scen_000025_00022,alt_scen_000025_00023,20.0,1,0,0,1,1,0,0,0,0.67,1,1
scen_000025,alt_scen_000025_00022,alt_scen_000025_00024,60.0,1,0,0,1,1,0,0,0,0.55,1,1
scen_000025,alt_scen_000025_00022,alt_scen_000025_00025,180.0,1,0,0,1,1,0,0,0,0.18,1,1
scen_000025,alt_scen_000025_00023,alt_scen_000025_00024,40.0,1,0,0,1,1,0,0,0,0.51,1,1
scen_000025,alt_scen_000025_00023,alt_scen_000025_00025,160.0,1,0,0,1,1,0,0,0,0.61,1,1
scen_000025,alt_scen_000025_00024,alt_scen_000025_00025,120.0,1,0,0,1,1,0,0,0,0.53,1,1
scen_000026,alt_scen_000026_00004,alt_scen_000026_00002,202.0,0,0,0,1,1,0,3,0,0.39,1,0
scen_000026,alt_scen_000026_00004,alt_scen_000026_00003,453.0,0,0,0,1,1,0,3,0,0.31,0,0
scen_000026,alt_scen_000026_00004,alt_scen_000026_00001,792.0,0,0,0,1,1,0,3,0,0.4,0,0
scen_000026,alt_scen_000026_00002,alt_scen_000026_00003,251.0,0,0,0,1,1,0,2,0,0.54,1,0
scen_000026,alt_scen_000026_00002,alt_scen_000026_00001,590.0,0,0,0,1,1,0,2,0,0.87,0,0
scen_000026,alt_scen_000026_00003,alt_scen_000026_00001,339.0,0,0,0,1,1,0,2,0,0.31,0,0
scen_000027,alt_scen_000027_00001,alt_scen_000027_00006,94.0,0,0,0,1,1,1,1,-1,0.33,1,0
scen_000027,alt_scen_000027_00001,alt_scen_000027_00002,247.0,0,0,0,1,1,1,1,-1,0.64,1,0
scen_000027,alt_scen_000027_00001,alt_scen_000027_00004,385.0,0,0,0,1,1,1,1,-1,0.75,0,0
scen_000027,alt_scen_000027_00001,alt_scen_000027_00003,423.0,0,0,0,1,1,1,1,-1,0.32,0,0
scen_000027,alt_scen_000027_00001,alt_scen_000027_00005,463.0,0,0,0,1,1,1,1,-1,0.19,0,0
scen_000027,alt_scen_000027_00006,alt_scen_000027_00002,153.0,0,0,0,1,1,0,2,0,0.86,1,0
scen_000027,alt_scen_000027_00006,alt_scen_000027_00004,291.0,0,0,0,1,1,0,2,0,0.74,1,0
scen_000027,alt_scen_000027_00006,alt_scen_000027_00003,329.0,0,0,0,1,1,0,2,0,0.69,0,0
scen_000027,alt_scen_000027_00006,alt_scen_000027_00005,369.0,0,0,0,1,1,0,2,0,0.32,0,0
scen_000027,alt_scen_000027_00002,alt_scen_000027_00004,138.0,0,0,0,1,1,0,2,0,0.62,1,0
scen_000027,alt_scen_000027_00002,alt_scen_000027_00003,176.0,0,0,0,1,1,0,2,0,0.44,1,0
scen_000027,alt_scen_000027_00002,alt_scen_000027_00005,216.0,0,0,0,1,1,0,2,0,0.46,1,0
scen_000027,alt_scen_000027_00004,alt_scen_000027_00003,38.0,1,0,0,1,1,0,0,0,0.65,1,0
scen_000027,alt_scen_000027_00004,alt_scen_000027_00005,78.0,0,0,0,1,1,0,2,0,0.24,1,0
scen_000027,alt_scen_000027_00003,alt_scen_000027_00005,40.0,0,0,0,1,1,0,2,0,0.8,1,0
scen_000028,alt_scen_000028_00003,alt_scen_000028_00002,116.0,0,0,0,1,1,1,1,-1,0.15,1,0
scen_000028,alt_scen_000028_00003,alt_scen_000028_00001,136.0,0,0,0,1,1,0,2,0,0.68,1,0
scen_000028,alt_scen_000028_00002,alt_scen_000028_00001,20.0,0,0,0,1,1,1,1,1,0.88,1,0
scen_000029,alt_scen_000029_00001,alt_scen_000029_00003,369.0,0,0,0,1,1,0,3,0,0.44,0,0
scen_000029,alt_scen_000029_00001,alt_scen_000029_00002,506.0,0,0,0,1,1,0,3,0,0.34,0,0
scen_000029,alt_scen_000029_00001,alt_scen_000029_00004,579.0,0,0,0,1,1,0,2,0,0.84,0,0
scen_000029,alt_scen_000029_00003,alt_scen_000029_00002,137.0,0,0,0,1,1,0,3,0,0.81,1,0
scen_000029,alt_scen_000029_00003,alt_scen_000029_00004,210.0,0,0,0,1,1,1,1,1,0.84,1,0
scen_000029,alt_scen_000029_00002,alt_scen_000029_00004,73.0,0,0,0,1,1,0,3,0,0.87,1,0
scen_000030,alt_scen_000030_00068,alt_scen_000030_00001,166.0,0,0,0,0,0,0,2,0,0.5,1,0
scen_000030,alt_scen_000030_00068,alt_scen_000030_00002,166.0,0,0,0,0,1,0,2,0,0.62,1,0
scen_000030,alt_scen_000030_00068,alt_scen_000030_00003,176.0,0,0,0,0,1,0,2,0,0.75,1,0
scen_000030,alt_scen_000030_00068,alt_scen_000030_00004,180.79,0,0,0,0,1,0,2,0,0.48,1,0
scen_000030,alt_scen_000030_00068,alt_scen_000030_00005,186.0,0,0,0,0,1,0,2,0,0.21,1,0
scen_000030,alt_scen_000030_00068,alt_scen_000030_00006,196.0,0,0,0,0,1,0,2,0,0.81,1,0
scen_000030,alt_scen_000030_00068,alt_scen_000030_00007,216.0,0,0,0,0,0,0,2,0,0.18,1,0
scen_000030,alt_scen_000030_00068,alt_scen_000030_00008,246.0,0,0,0,0,0,0,2,0,0.71,1,0
scen_000030,alt_scen_000030_00068,alt_scen_000030_00009,276.0,0,0,0,0,0,0,2,0,0.77,1,0
scen_000030,alt_scen_000030_00001,alt_scen_000030_00002,0.0,1,0,0,0,0,0,0,0,0.52,1,1
scen_000030,alt_scen_000030_00001,alt_scen_000030_00003,10.0,1,0,0,0,0,0,0,0,0.73,1,1
scen_000030,alt_scen_000030_00001,alt_scen_000030_00004,14.79,1,0,0,0,0,0,0,0,0.58,1,1
scen_000030,alt_scen_000030_00001,alt_scen_000030_00005,20.0,1,0,0,0,0,0,0,0,0.38,1,1
scen_000030,alt_scen_000030_00001,alt_scen_000030_00006,30.0,1,0,0,0,0,0,0,0,0.86,1,1
scen_000030,alt_scen_000030_00001,alt_scen_000030_00007,50.0,1,0,0,1,1,0,0,0,0.31,1,1
scen_000030,alt_scen_000030_00001,alt_scen_000030_00008,80.0,1,0,0,1,1,0,0,0,0.56,1,1
scen_000030,alt_scen_000030_00001,alt_scen_000030_00009,110.0,1,0,0,1,1,0,0,0,0.22,1,1
scen_000030,alt_scen_000030_00001,alt_scen_000030_00010,130.0,1,0,0,1,1,0,0,0,0.57,1,1
scen_000030,alt_scen_000030_00002,alt_scen_000030_00003,10.0,1,0,0,1,1,0,0,0,0.52,1,1
scen_000030,alt_scen_000030_00002,alt_scen_000030_00004,14.79,1,0,0,1,1,0,0,0,0.11,1,1
scen_000030,alt_scen_000030_00002,alt_scen_000030_00005,20.0,1,0,0,1,1,0,0,0,0.69,1,1
scen_000030,alt_scen_000030_00002,alt_scen_000030_00006,30.0,1,0,0,1,1,0,0,0,0.8,1,1
scen_000030,alt_scen_000030_00002,alt_scen_000030_00007,50.0,1,0,0,0,0,0,0,0,0.5,1,1
scen_000030,alt_scen_000030_00002,alt_scen_000030_00008,80.0,1,0,0,0,0,0,0,0,0.89,1,1
scen_000030,alt_scen_000030_00002,alt_scen_000030_00009,110.0,1,0,0,0,0,0,0,0,0.81,1,1
scen_000030,alt_scen_000030_00002,alt_scen_000030_00010,130.0,1,0,0,0,0,0,0,0,0.88,1,1
scen_000030,alt_scen_000030_00002,alt_scen_000030_00066,136.0,0,0,0,0,1,0,2,0,0.33,1,0
scen_000030,alt_scen_000030_00003,alt_scen_000030_00004,4.79,1,0,0,1,1,0,0,0,0.83,1,1
scen_000030,alt_scen_000030_00003,alt_scen_000030_00005,10.0,1,0,0,1,1,0,0,0,0.79,1,1
scen_000030,alt_scen_000030_00003,alt_scen_000030_00006,20.0,1,0,0,1,1,0,0,0,0.81,1,1
scen_000030,alt_scen_000030_00003,alt_scen_000030_00007,40.0,1,0,0,0,0,0,0,0,0.66,1,1
scen_000030,alt_scen_000030_00003,alt_scen_000030_00008,70.0,1,0,0,0,0,0,0,0,0.49,1,1
scen_000030,alt_scen_000030_00003,alt_scen_000030_00009,100.0,1,0,0,0,0,0,0,0,0.4,1,1
scen_000030,alt_scen_000030_00003,alt_scen_000030_00010,120.0,1,0,0,0,0,0,0,0,0.19,1,1
scen_000030,alt_scen_000030_00003,alt_scen_000030_00066,126.0,0,0,0,0,1,0,2,0,0.15,1,0
scen_000030,alt_scen_000030_00003,alt_scen_000030_00011,150.0,1,0,0,0,0,0,0,0,0.43,1,1
scen_000030,alt_scen_000030_00004,alt_scen_000030_00005,5.21,1,0,0,1,1,0,0,0,0.77,1,1
scen_000030,alt_scen_000030_00004,alt_scen_000030_00006,15.21,1,0,0,1,1,0,0,0,0.15,1,1
scen_000030,alt_scen_000030_00004,alt_scen_000030_00007,35.21,1,0,0,0,0,0,0,0,0.9,1,1
scen_000030,alt_scen_000030_00004,alt_scen_000030_00008,65.21,1,0,0,0,0,0,0,0,0.1,1,1
scen_000030,alt_scen_000030_00004,alt_scen_000030_00009,95.21,1,0,0,0,0,0,0,0,0.45,1,1
scen_000030,alt_scen_000030_00004,alt_scen_000030_00010,115.21,1,0,0,0,0,0,0,0,0.16,1,1
scen_000030,alt_scen_000030_00004,alt_scen_000030_00066,121.21,0,0,0,0,1,0,2,0,0.81,1,0
scen_000030,alt_scen_000030_00004,alt_scen_000030_00011,145.21,1,0,0,0,0,0,0,0,0.27,1,1
scen_000030,alt_scen_000030_00004,alt_scen_000030_00012,145.21,1,0,0,1,1,0,0,0,0.61,1,1
scen_000030,alt_scen_000030_00005,alt_scen_000030_00006,10.0,1,0,0,1,1,0,0,0,0.74,1,1
scen_000030,alt_scen_000030_00005,alt_scen_000030_00007,30.0,1,0,0,0,0,0,0,0,0.44,1,1
scen_000030,alt_scen_000030_00005,alt_scen_000030_00008,60.0,1,0,0,0,0,0,0,0,0.28,1,1
scen_000030,alt_scen_000030_00005,alt_scen_000030_00009,90.0,1,0,0,0,0,0,0,0,0.81,1,1
scen_000030,alt_scen_000030_00005,alt_scen_000030_00010,110.0,1,0,0,0,0,0,0,0,0.12,1,1
scen_000030,alt_scen_000030_00005,alt_scen_000030_00066,116.0,0,0,0,0,1,0,2,0,0.37,1,0
scen_000030,alt_scen_000030_00005,alt_scen_000030_00011,140.0,1,0,0,0,0,0,0,0,0.2,1,1
scen_000030,alt_scen_000030_00005,alt_scen_000030_00012,140.0,1,0,0,1,1,0,0,0,0.41,1,1
scen_000030,alt_scen_000030_00005,alt_scen_000030_00013,141.54,1,0,0,1,1,0,0,0,0.81,1,1
scen_000030,alt_scen_000030_00006,alt_scen_000030_00007,20.0,1,0,0,0,0,0,0,0,0.76,1,1
scen_000030,alt_scen_000030_00006,alt_scen_000030_00008,50.0,1,0,0,0,0,0,0,0,0.13,1,1
scen_000030,alt_scen_000030_00006,alt_scen_000030_00009,80.0,1,0,0,0,0,0,0,0,0.74,1,1
scen_000030,alt_scen_000030_00006,alt_scen_000030_00010,100.0,1,0,0,0,0,0,0,0,0.8,1,1
scen_000030,alt_scen_000030_00006,alt_scen_000030_00066,106.0,0,0,0,0,1,0,2,0,0.21,1,0
scen_000030,alt_scen_000030_00006,alt_scen_000030_00011,130.0,1,0,0,0,0,0,0,0,0.15,1,1
scen_000030,alt_scen_000030_00006,alt_scen_000030_00012,130.0,1,0,0,1,1,0,0,0,0.41,1,1
scen_000030,alt_scen_000030_00006,alt_scen_000030_00013,131.54,1,0,0,1,1,0,0,0,0.35,1,1
scen_000030,alt_scen_000030_00006,alt_scen_000030_00014,140.0,1,0,0,1,1,0,0,0,0.29,1,1
scen_000030,alt_scen_000030_00007,alt_scen_000030_00008,30.0,1,0,0,1,1,0,0,0,0.78,1,1
scen_000030,alt_scen_000030_00007,alt_scen_000030_00009,60.0,1,0,0,1,1,0,0,0,0.85,1,1
scen_000030,alt_scen_000030_00007,alt_scen_000030_00010,80.0,1,0,0,1,1,0,0,0,0.24,1,1
scen_000030,alt_scen_000030_00007,alt_scen_000030_00066,86.0,0,0,0,0,0,0,2,0,0.78,1,0
scen_000030,alt_scen_000030_00007,alt_scen_000030_00011,110.0,1,0,0,1,1,0,0,0,0.72,1,1
scen_000030,alt_scen_000030_00007,alt_scen_000030_00012,110.0,1,0,0,0,0,0,0,0,0.17,1,1
scen_000030,alt_scen_000030_00007,alt_scen_000030_00013,111.54,1,0,0,0,0,0,0,0,0.64,1,1
scen_000030,alt_scen_000030_00007,alt_scen_000030_00014,120.0,1,0,0,0,0,0,0,0,0.66,1,1
scen_000030,alt_scen_000030_00007,alt_scen_000030_00016,149.61,1,0,0,0,0,0,0,0,0.53,1,1
scen_000030,alt_scen_000030_00008,alt_scen_000030_00009,30.0,1,0,0,1,1,0,0,0,0.68,1,1
scen_000030,alt_scen_000030_00008,alt_scen_000030_00010,50.0,1,0,0,1,1,0,0,0,0.36,1,1
scen_000030,alt_scen_000030_00008,alt_scen_000030_00066,56.0,0,0,0,0,0,0,2,0,0.49,1,0
scen_000030,alt_scen_000030_00008,alt_scen_000030_00011,80.0,1,0,0,1,1,0,0,0,0.5,1,1
scen_000030,alt_scen_000030_00008,alt_scen_000030_00012,80.0,1,0,0,0,0,0,0,0,0.58,1,1
scen_000030,alt_scen_000030_00008,alt_scen_000030_00013,81.54,1,0,0,0,0,0,0,0,0.33,1,1
scen_000030,alt_scen_000030_00008,alt_scen_000030_00014,90.0,1,0,0,0,0,0,0,0,0.17,1,1
scen_000030,alt_scen_000030_00008,alt_scen_000030_00016,119.61,1,0,0,0,0,0,0,0,0.77,1,1
scen_000030,alt_scen_000030_00008,alt_scen_000030_00015,120.0,1,0,0,0,0,0,0,0,0.58,1,1
scen_000030,alt_scen_000030_00009,alt_scen_000030_00010,20.0,1,0,0,1,1,0,0,0,0.59,1,1
scen_000030,alt_scen_000030_00009,alt_scen_000030_00066,26.0,0,0,0,0,0,0,2,0,0.84,1,0
scen_000030,alt_scen_000030_00009,alt_scen_000030_00011,50.0,1,0,0,1,1,0,0,0,0.67,1,1
scen_000030,alt_scen_000030_00009,alt_scen_000030_00012,50.0,1,0,0,0,0,0,0,0,0.65,1,1
scen_000030,alt_scen_000030_00009,alt_scen_000030_00013,51.54,1,0,0,0,0,0,0,0,0.72,1,1
scen_000030,alt_scen_000030_00009,alt_scen_000030_00014,60.0,1,0,0,0,0,0,0,0,0.35,1,1
scen_000030,alt_scen_000030_00009,alt_scen_000030_00016,89.61,1,0,0,0,0,0,0,0,0.83,1,1
scen_000030,alt_scen_000030_00009,alt_scen_000030_00015,90.0,1,0,0,0,0,0,0,0,0.86,1,1
scen_000030,alt_scen_000030_00009,alt_scen_000030_00017,160.0,1,0,0,1,1,0,0,0,0.36,1,1
scen_000030,alt_scen_000030_00010,alt_scen_000030_00066,6.0,0,0,0,0,0,0,2,0,0.6,1,0
scen_000030,alt_scen_000030_00010,alt_scen_000030_00011,30.0,1,0,0,1,1,0,0,0,0.43,1,1
scen_000030,alt_scen_000030_00010,alt_scen_000030_00012,30.0,1,0,0,0,0,0,0,0,0.28,1,1
scen_000030,alt_scen_000030_00010,alt_scen_000030_00013,31.54,1,0,0,0,0,0,0,0,0.39,1,1
scen_000030,alt_scen_000030_00010,alt_scen_000030_00014,40.0,1,0,0,0,0,0,0,0,0.73,1,1
scen_000030,alt_scen_000030_00010,alt_scen_000030_00016,69.61,1,0,0,0,0,0,0,0,0.32,1,1
scen_000030,alt_scen_000030_00010,alt_scen_000030_00015,70.0,1,0,0,0,0,0,0,0,0.81,1,1
scen_000030,alt_scen_000030_00010,alt_scen_000030_00017,140.0,1,0,0,1,1,0,0,0,0.88,1,1
scen_000030,alt_scen_000030_00010,alt_scen_000030_00018,160.0,1,0,0,1,1,0,0,0,0.76,1,1
scen_000030,alt_scen_000030_00066,alt_scen_000030_00011,24.0,0,0,0,0,0,0,2,0,0.81,1,0
scen_000030,alt_scen_000030_00066,alt_scen_000030_00012,24.0,0,0,0,0,1,0,2,0,0.12,1,0
scen_000030,alt_scen_000030_00066,alt_scen_000030_00013,25.54,0,0,0,0,1,0,2,0,0.71,1,0
scen_000030,alt_scen_000030_00066,alt_scen_000030_00014,34.0,0,0,0,0,1,0,2,0,0.86,1,0
scen_000030,alt_scen_000030_00066,alt_scen_000030_00016,63.61,0,0,0,0,1,0,2,0,0.84,1,0
scen_000030,alt_scen_000030_00066,alt_scen_000030_00015,64.0,0,0,0,0,1,0,2,0,0.75,1,0
scen_000030,alt_scen_000030_00066,alt_scen_000030_00017,134.0,0,0,0,0,0,0,2,0,0.68,1,0
scen_000030,alt_scen_000030_00066,alt_scen_000030_00018,154.0,0,0,0,0,0,0,2,0,0.75,1,0
scen_000030,alt_scen_000030_00066,alt_scen_000030_00064,154.0,0,0,0,1,1,0,2,0,0.12,1,0
scen_000030,alt_scen_000030_00011,alt_scen_000030_00012,0.0,1,0,0,0,0,0,0,0,0.25,1,1
scen_000030,alt_scen_000030_00011,alt_scen_000030_00013,1.54,1,0,0,0,0,0,0,0,0.47,1,1
scen_000030,alt_scen_000030_00011,alt_scen_000030_00014,10.0,1,0,0,0,0,0,0,0,0.58,1,1
scen_000030,alt_scen_000030_00011,alt_scen_000030_00016,39.61,1,0,0,0,0,0,0,0,0.8,1,1
scen_000030,alt_scen_000030_00011,alt_scen_000030_00015,40.0,1,0,0,0,0,0,0,0,0.21,1,1
scen_000030,alt_scen_000030_00011,alt_scen_000030_00017,110.0,1,0,0,1,1,0,0,0,0.17,1,1
scen_000030,alt_scen_000030_00011,alt_scen_000030_00018,130.0,1,0,0,1,1,0,0,0,0.64,1,1
scen_000030,alt_scen_000030_00011,alt_scen_000030_00064,130.0,0,0,0,0,0,0,2,0,0.25,1,0
scen_000030,alt_scen_000030_00011,alt_scen_000030_00019,140.0,1,0,0,1,1,0,0,0,0.27,1,1
scen_000030,alt_scen_000030_00012,alt_scen_000030_00013,1.54,1,0,0,1,1,0,0,0,0.57,1,1
scen_000030,alt_scen_000030_00012,alt_scen_000030_00014,10.0,1,0,0,1,1,0,0,0,0.37,1,1
scen_000030,alt_scen_000030_00012,alt_scen_000030_00016,39.61,1,0,0,1,1,0,0,0,0.61,1,1
scen_000030,alt_scen_000030_00012,alt_scen_000030_00015,40.0,1,0,0,1,1,0,0,0,0.55,1,1
scen_000030,alt_scen_000030_00012,alt_scen_000030_00017,110.0,1,0,0,0,0,0,0,0,0.21,1,1
scen_000030,alt_scen_000030_00012,alt_scen_000030_00018,130.0,1,0,0,0,0,0,0,0,0.14,1,1
scen_000030,alt_scen_000030_00012,alt_scen_000030_00064,130.0,0,0,0,0,1,0,2,0,0.43,1,0
scen_000030,alt_scen_000030_00012,alt_scen_000030_00019,140.0,1,0,0,0,0,0,0,0,0.79,1,1
scen_000030,alt_scen_000030_00012,alt_scen_000030_00020,140.0,1,0,0,1,1,0,0,0,0.27,1,1
scen_000030,alt_scen_000030_00013,alt_scen_000030_00014,8.46,1,0,0,1,1,0,0,0,0.79,1,1
scen_000030,alt_scen_000030_00013,alt_scen_000030_00016,38.07,1,0,0,1,1,0,0,0,0.83,1,1
scen_000030,alt_scen_000030_00013,alt_scen_000030_00015,38.46,1,0,0,1,1,0,0,0,0.63,1,1
scen_000030,alt_scen_000030_00013,alt_scen_000030_00017,108.46,1,0,0,0,0,0,0,0,0.47,1,1
scen_000030,alt_scen_000030_00013,alt_scen_000030_00018,128.46,1,0,0,0,0,0,0,0,0.31,1,1
scen_000030,alt_scen_000030_00013,alt_scen_000030_00064,128.46,0,0,0,0,1,0,2,0,0.59,1,0
scen_000030,alt_scen_000030_00013,alt_scen_000030_00019,138.46,1,0,0,0,0,0,0,0,0.25,1,1
scen_000030,alt_scen_000030_00013,alt_scen_000030_00020,138.46,1,0,0,1,1,0,0,0,0.73,1,1
scen_000030,alt_scen_000030_00013,alt_scen_000030_00067,144.46,0,0,0,0,1,0,2,0,0.41,1,0
scen_000030,alt_scen_000030_00014,alt_scen_000030_00016,29.61,1,0,0,1,1,0,0,0,0.25,1,1
scen_000030,alt_scen_000030_00014,alt_scen_000030_00015,30.0,1,0,0,1,1,0,0,0,0.74,1,1
scen_000030,alt_scen_000030_00014,alt_scen_000030_00017,100.0,1,0,0,0,0,0,0,0,0.53,1,1
scen_000030,alt_scen_000030_00014,alt_scen_000030_00018,120.0,1,0,0,0,0,0,0,0,0.71,1,1
scen_000030,alt_scen_000030_00014,alt_scen_000030_00064,120.0,0,0,0,0,1,0,2,0,0.13,1,0
scen_000030,alt_scen_000030_00014,alt_scen_000030_00019,130.0,1,0,0,0,0,0,0,0,0.15,1,1
scen_000030,alt_scen_000030_00014,alt_scen_000030_00020,130.0,1,0,0,1,1,0,0,0,0.46,1,1
scen_000030,alt_scen_000030_00014,alt_scen_000030_00067,136.0,0,0,0,0,1,0,2,0,0.43,1,0
scen_000030,alt_scen_000030_00014,alt_scen_000030_00021,160.0,1,0,0,0,0,0,0,0,0.53,1,1
scen_000030,alt_scen_000030_00016,alt_scen_000030_00015,0.39,1,0,0,1,1,0,0,0,0.66,1,1
scen_000030,alt_scen_000030_00016,alt_scen_000030_00017,70.39,1,0,0,0,0,0,0,0,0.67,1,1
scen_000030,alt_scen_000030_00016,alt_scen_000030_00018,90.39,1,0,0,0,0,0,0,0,0.13,1,1
scen_000030,alt_scen_000030_00016,alt_scen_000030_00064,90.39,0,0,0,0,1,0,2,0,0.44,1,0
scen_000030,alt_scen_000030_00016,alt_scen_000030_00019,100.39,1,0,0,0,0,0,0,0,0.29,1,1
scen_000030,alt_scen_000030_00016,alt_scen_000030_00020,100.39,1,0,0,1,1,0,0,0,0.72,1,1
scen_000030,alt_scen_000030_00016,alt_scen_000030_00067,106.39,0,0,0,0,1,0,2,0,0.11,1,0
scen_000030,alt_scen_000030_00016,alt_scen_000030_00021,130.39,1,0,0,0,0,0,0,0,0.12,1,1
scen_000030,alt_scen_000030_00016,alt_scen_000030_00022,140.39,1,0,0,1,1,0,0,0,0.41,1,1
scen_000030,alt_scen_000030_00015,alt_scen_000030_00017,70.0,1,0,0,0,0,0,0,0,0.44,1,1
scen_000030,alt_scen_000030_00015,alt_scen_000030_00018,90.0,1,0,0,0,0,0,0,0,0.64,1,1
scen_000030,alt_scen_000030_00015,alt_scen_000030_00064,90.0,0,0,0,0,1,0,2,0,0.44,1,0
scen_000030,alt_scen_000030_00015,alt_scen_000030_00019,100.0,1,0,0,0,0,0,0,0,0.89,1,1
scen_000030,alt_scen_000030_00015,alt_scen_000030_00020,100.0,1,0,0,1,1,0,0,0,0.79,1,1
scen_000030,alt_scen_000030_00015,alt_scen_000030_00067,106.0,0,0,0,0,1,0,2,0,0.89,1,0
scen_000030,alt_scen_000030_00015,alt_scen_000030_00021,130.0,1,0,0,0,0,0,0,0,0.32,1,1
scen_000030,alt_scen_000030_00015,alt_scen_000030_00022,140.0,1,0,0,1,1,0,0,0,0.32,1,1
scen_000030,alt_scen_000030_00015,alt_scen_000030_00023,160.0,1,0,0,1,1,0,0,0,0.89,1,1
scen_000030,alt_scen_000030_00017,alt_scen_000030_00018,20.0,1,0,0,1,1,0,0,0,0.53,1,1
scen_000030,alt_scen_000030_00017,alt_scen_000030_00064,20.0,0,0,0,0,0,0,2,0,0.72,1,0
scen_000030,alt_scen_000030_00017,alt_scen_000030_00019,30.0,1,0,0,1,1,0,0,0,0.27,1,1
scen_000030,alt_scen_000030_00017,alt_scen_000030_00020,30.0,1,0,0,0,0,0,0,0,0.78,1,1
scen_000030,alt_scen_000030_00017,alt_scen_000030_00067,36.0,0,0,0,0,0,0,2,0,0.82,1,0
scen_000030,alt_scen_000030_00017,alt_scen_000030_00021,60.0,1,0,0,1,1,0,0,0,0.66,1,1
scen_000030,alt_scen_000030_00017,alt_scen_000030_00022,70.0,1,0,0,0,0,0,0,0,0.58,1,1
scen_000030,alt_scen_000030_00017,alt_scen_000030_00023,90.0,1,0,0,0,0,0,0,0,0.63,1,1
scen_000030,alt_scen_000030_00017,alt_scen_000030_00024,110.0,1,0,0,1,1,0,0,0,0.59,1,1
scen_000030,alt_scen_000030_00018,alt_scen_000030_00064,0.0,0,0,0,0,0,0,2,0,0.61,1,0
scen_000030,alt_scen_000030_00018,alt_scen_000030_00019,10.0,1,0,0,1,1,0,0,0,0.29,1,1
scen_000030,alt_scen_000030_00018,alt_scen_000030_00020,10.0,1,0,0,0,0,0,0,0,0.43,1,1
scen_000030,alt_scen_000030_00018,alt_scen_000030_00067,16.0,0,0,0,0,0,0,2,0,0.72,1,0
scen_000030,alt_scen_000030_00018,alt_scen_000030_00021,40.0,1,0,0,1,1,0,0,0,0.5,1,1
scen_000030,alt_scen_000030_00018,alt_scen_000030_00022,50.0,1,0,0,0,0,0,0,0,0.85,1,1
scen_000030,alt_scen_000030_00018,alt_scen_000030_00023,70.0,1,0,0,0,0,0,0,0,0.72,1,1
scen_000030,alt_scen_000030_00018,alt_scen_000030_00024,90.0,1,0,0,1,1,0,0,0,0.62,1,1
scen_000030,alt_scen_000030_00018,alt_scen_000030_00025,110.0,1,0,0,0,0,0,0,0,0.15,1,1
scen_000030,alt_scen_000030_00064,alt_scen_000030_00019,10.0,0,0,0,0,0,0,2,0,0.25,1,0
scen_000030,alt_scen_000030_00064,alt_scen_000030_00020,10.0,0,0,0,0,1,0,2,0,0.41,1,0
scen_000030,alt_scen_000030_00064,alt_scen_000030_00067,16.0,0,0,0,1,1,0,2,0,0.38,1,0
scen_000030,alt_scen_000030_00064,alt_scen_000030_00021,40.0,0,0,0,0,0,0,2,0,0.14,1,0
scen_000030,alt_scen_000030_00064,alt_scen_000030_00022,50.0,0,0,0,0,1,0,2,0,0.73,1,0
scen_000030,alt_scen_000030_00064,alt_scen_000030_00023,70.0,0,0,0,0,1,0,2,0,0.39,1,0
scen_000030,alt_scen_000030_00064,alt_scen_000030_00024,90.0,0,0,0,0,0,0,2,0,0.14,1,0
scen_000030,alt_scen_000030_00064,alt_scen_000030_00025,110.0,0,0,0,0,1,0,2,0,0.15,1,0
scen_000030,alt_scen_000030_00064,alt_scen_000030_00026,120.0,0,0,0,0,0,0,2,0,0.23,1,0
scen_000030,alt_scen_000030_00019,alt_scen_000030_00020,0.0,1,0,0,0,0,0,0,0,0.41,1,1
scen_000030,alt_scen_000030_00019,alt_scen_000030_00067,6.0,0,0,0,0,0,0,2,0,0.69,1,0
scen_000030,alt_scen_000030_00019,alt_scen_000030_00021,30.0,1,0,0,1,1,0,0,0,0.14,1,1
scen_000030,alt_scen_000030_00019,alt_scen_000030_00022,40.0,1,0,0,0,0,0,0,0,0.8,1,1
scen_000030,alt_scen_000030_00019,alt_scen_000030_00023,60.0,1,0,0,0,0,0,0,0,0.47,1,1
scen_000030,alt_scen_000030_00019,alt_scen_000030_00024,80.0,1,0,0,1,1,0,0,0,0.3,1,1
scen_000030,alt_scen_000030_00019,alt_scen_000030_00025,100.0,1,0,0,0,0,0,0,0,0.38,1,1
scen_000030,alt_scen_000030_00019,alt_scen_000030_00026,110.0,1,0,0,1,1,0,0,0,0.18,1,1
scen_000030,alt_scen_000030_00019,alt_scen_000030_00027,110.0,1,0,0,0,0,0,0,0,0.67,1,1
scen_000030,alt_scen_000030_00020,alt_scen_000030_00067,6.0,0,0,0,0,1,0,2,0,0.38,1,0
scen_000030,alt_scen_000030_00020,alt_scen_000030_00021,30.0,1,0,0,0,0,0,0,0,0.51,1,1
scen_000030,alt_scen_000030_00020,alt_scen_000030_00022,40.0,1,0,0,1,1,0,0,0,0.72,1,1
scen_000030,alt_scen_000030_00020,alt_scen_000030_00023,60.0,1,0,0,1,1,0,0,0,0.47,1,1
scen_000030,alt_scen_000030_00020,alt_scen_000030_00024,80.0,1,0,0,0,0,0,0,0,0.7,1,1
scen_000030,alt_scen_000030_00020,alt_scen_000030_00025,100.0,1,0,0,1,1,0,0,0,0.81,1,1
scen_000030,alt_scen_000030_00020,alt_scen_000030_00026,110.0,1,0,0,0,0,0,0,0,0.74,1,1
scen_000030,alt_scen_000030_00020,alt_scen_000030_00027,110.0,1,0,0,1,1,0,0,0,0.13,1,1
scen_000030,alt_scen_000030_00020,alt_scen_000030_00028,113.35,1,0,0,1,1,0,0,0,0.71,1,1
scen_000030,alt_scen_000030_00067,alt_scen_000030_00021,24.0,0,0,0,0,0,0,2,0,0.14,1,0
scen_000030,alt_scen_000030_00067,alt_scen_000030_00022,34.0,0,0,0,0,1,0,2,0,0.3,1,0
scen_000030,alt_scen_000030_00067,alt_scen_000030_00023,54.0,0,0,0,0,1,0,2,0,0.49,1,0
scen_000030,alt_scen_000030_00067,alt_scen_000030_00024,74.0,0,0,0,0,0,0,2,0,0.83,1,0
scen_000030,alt_scen_000030_00067,alt_scen_000030_00025,94.0,0,0,0,0,1,0,2,0,0.78,1,0
scen_000030,alt_scen_000030_00067,alt_scen_000030_00026,104.0,0,0,0,0,0,0,2,0,0.36,1,0
scen_000030,alt_scen_000030_00067,alt_scen_000030_00027,104.0,0,0,0,0,1,0,2,0,0.62,1,0
scen_000030,alt_scen_000030_00067,alt_scen_000030_00028,107.35,0,0,0,0,1,0,2,0,0.89,1,0
scen_000030,alt_scen_000030_00067,alt_scen_000030_00029,134.0,0,0,0,0,1,0,2,0,0.15,1,0
scen_000030,alt_scen_000030_00021,alt_scen_000030_00022,10.0,1,0,0,0,0,0,0,0,0.85,1,1
scen_000030,alt_scen_000030_00021,alt_scen_000030_00023,30.0,1,0,0,0,0,0,0,0,0.27,1,1
scen_000030,alt_scen_000030_00021,alt_scen_000030_00024,50.0,1,0,0,1,1,0,0,0,0.8,1,1
scen_000030,alt_scen_000030_00021,alt_scen_000030_00025,70.0,1,0,0,0,0,0,0,0,0.8,1,1
scen_000030,alt_scen_000030_00021,alt_scen_000030_00026,80.0,1,0,0,1,1,0,0,0,0.65,1,1
scen_000030,alt_scen_000030_00021,alt_scen_000030_00027,80.0,1,0,0,0,0,0,0,0,0.12,1,1
scen_000030,alt_scen_000030_00021,alt_scen_000030_00028,83.35,1,0,0,0,0,0,0,0,0.27,1,1
scen_000030,alt_scen_000030_00021,alt_scen_000030_00029,110.0,1,0,0,0,0,0,0,0,0.38,1,1
scen_000030,alt_scen_000030_00021,alt_scen_000030_00030,120.0,1,0,0,0,0,0,0,0,0.55,1,1
scen_000030,alt_scen_000030_00022,alt_scen_000030_00023,20.0,1,0,0,1,1,0,0,0,0.8,1,1
scen_000030,alt_scen_000030_00022,alt_scen_000030_00024,40.0,1,0,0,0,0,0,0,0,0.46,1,1
scen_000030,alt_scen_000030_00022,alt_scen_000030_00025,60.0,1,0,0,1,1,0,0,0,0.54,1,1
scen_000030,alt_scen_000030_00022,alt_scen_000030_00026,70.0,1,0,0,0,0,0,0,0,0.38,1,1
scen_000030,alt_scen_000030_00022,alt_scen_000030_00027,70.0,1,0,0,1,1,0,0,0,0.77,1,1
scen_000030,alt_scen_000030_00022,alt_scen_000030_00028,73.35,1,0,0,1,1,0,0,0,0.69,1,1
scen_000030,alt_scen_000030_00022,alt_scen_000030_00029,100.0,1,0,0,1,1,0,0,0,0.39,1,1
scen_000030,alt_scen_000030_00022,alt_scen_000030_00030,110.0,1,0,0,1,1,0,0,0,0.85,1,1
scen_000030,alt_scen_000030_00022,alt_scen_000030_00031,130.0,1,0,0,1,1,0,0,0,0.29,1,1
scen_000030,alt_scen_000030_00023,alt_scen_000030_00024,20.0,1,0,0,0,0,0,0,0,0.37,1,1
scen_000030,alt_scen_000030_00023,alt_scen_000030_00025,40.0,1,0,0,1,1,0,0,0,0.21,1,1
scen_000030,alt_scen_000030_00023,alt_scen_000030_00026,50.0,1,0,0,0,0,0,0,0,0.75,1,1
scen_000030,alt_scen_000030_00023,alt_scen_000030_00027,50.0,1,0,0,1,1,0,0,0,0.14,1,1
scen_000030,alt_scen_000030_00023,alt_scen_000030_00028,53.35,1,0,0,1,1,0,0,0,0.3,1,1
scen_000030,alt_scen_000030_00023,alt_scen_000030_00029,80.0,1,0,0,1,1,0,0,0,0.86,1,1
scen_000030,alt_scen_000030_00023,alt_scen_000030_00030,90.0,1,0,0,1,1,0,0,0,0.7,1,1
scen_000030,alt_scen_000030_00023,alt_scen_000030_00031,110.0,1,0,0,1,1,0,0,0,0.29,1,1
scen_000030,alt_scen_000030_00023,alt_scen_000030_00032,120.0,1,0,0,1,1,0,0,0,0.52,1,1
scen_000030,alt_scen_000030_00024,alt_scen_000030_00025,20.0,1,0,0,0,0,0,0,0,0.36,1,1
scen_000030,alt_scen_000030_00024,alt_scen_000030_00026,30.0,1,0,0,1,1,0,0,0,0.49,1,1
scen_000030,alt_scen_000030_00024,alt_scen_000030_00027,30.0,1,0,0,0,0,0,0,0,0.89,1,1
scen_000030,alt_scen_000030_00024,alt_scen_000030_00028,33.35,1,0,0,0,0,0,0,0,0.12,1,1
scen_000030,alt_scen_000030_00024,alt_scen_000030_00029,60.0,1,0,0,0,0,0,0,0,0.25,1,1
scen_000030,alt_scen_000030_00024,alt_scen_000030_00030,70.0,1,0,0,0,0,0,0,0,0.85,1,1
scen_000030,alt_scen_000030_00024,alt_scen_000030_00031,90.0,1,0,0,0,0,0,0,0,0.78,1,1
scen_000030,alt_scen_000030_00024,alt_scen_000030_00032,100.0,1,0,0,0,0,0,0,0,0.69,1,1
scen_000030,alt_scen_000030_00024,alt_scen_000030_00033,110.0,1,0,0,0,0,0,0,0,0.59,1,1
scen_000030,alt_scen_000030_00025,alt_scen_000030_00026,10.0,1,0,0,0,0,0,0,0,0.11,1,1
scen_000030,alt_scen_000030_00025,alt_scen_000030_00027,10.0,1,0,0,1,1,0,0,0,0.89,1,1
scen_000030,alt_scen_000030_00025,alt_scen_000030_00028,13.35,1,0,0,1,1,0,0,0,0.8,1,1
scen_000030,alt_scen_000030_00025,alt_scen_000030_00029,40.0,1,0,0,1,1,0,0,0,0.3,1,1
scen_000030,alt_scen_000030_00025,alt_scen_000030_00030,50.0,1,0,0,1,1,0,0,0,0.2,1,1
scen_000030,alt_scen_000030_00025,alt_scen_000030_00031,70.0,1,0,0,1,1,0,0,0,0.34,1,1
scen_000030,alt_scen_000030_00025,alt_scen_000030_00032,80.0,1,0,0,1,1,0,0,0,0.84,1,1
scen_000030,alt_scen_000030_00025,alt_scen_000030_00033,90.0,1,0,0,1,1,0,0,0,0.29,1,1
scen_000030,alt_scen_000030_00025,alt_scen_000030_00034,92.0,1,0,0,1,1,0,0,0,0.47,1,1
scen_000030,alt_scen_000030_00026,alt_scen_000030_00027,0.0,1,0,0,0,0,0,0,0,0.54,1,1
scen_000030,alt_scen_000030_00026,alt_scen_000030_00028,3.35,1,0,0,0,0,0,0,0,0.52,1,1
scen_000030,alt_scen_000030_00026,alt_scen_000030_00029,30.0,1,0,0,0,0,0,0,0,0.84,1,1
scen_000030,alt_scen_000030_00026,alt_scen_000030_00030,40.0,1,0,0,0,0,0,0,0,0.77,1,1
scen_000030,alt_scen_000030_00026,alt_scen_000030_00031,60.0,1,0,0,0,0,0,0,0,0.56,1,1
scen_000030,alt_scen_000030_00026,alt_scen_000030_00032,70.0,1,0,0,0,0,0,0,0,0.87,1,1
scen_000030,alt_scen_000030_00026,alt_scen_000030_00033,80.0,1,0,0,0,0,0,0,0,0.27,1,1
scen_000030,alt_scen_000030_00026,alt_scen_000030_00034,82.0,1,0,0,0,0,0,0,0,0.43,1,1
scen_000030,alt_scen_000030_00026,alt_scen_000030_00035,100.0,1,0,0,1,1,0,0,0,0.13,1,1
scen_000030,alt_scen_000030_00027,alt_scen_000030_00028,3.35,1,0,0,1,1,0,0,0,0.8,1,1
scen_000030,alt_scen_000030_00027,alt_scen_000030_00029,30.0,1,0,0,1,1,0,0,0,0.83,1,1
scen_000030,alt_scen_000030_00027,alt_scen_000030_00030,40.0,1,0,0,1,1,0,0,0,0.54,1,1
scen_000030,alt_scen_000030_00027,alt_scen_000030_00031,60.0,1,0,0,1,1,0,0,0,0.71,1,1
scen_000030,alt_scen_000030_00027,alt_scen_000030_00032,70.0,1,0,0,1,1,0,0,0,0.19,1,1
scen_000030,alt_scen_000030_00027,alt_scen_000030_00033,80.0,1,0,0,1,1,0,0,0,0.65,1,1
scen_000030,alt_scen_000030_00027,alt_scen_000030_00034,82.0,1,0,0,1,1,0,0,0,0.28,1,1
scen_000030,alt_scen_000030_00027,alt_scen_000030_00035,100.0,1,0,0,0,0,0,0,0,0.23,1,1
scen_000030,alt_scen_000030_00027,alt_scen_000030_00036,120.0,1,0,0,1,1,0,0,0,0.43,1,1
scen_000030,alt_scen_000030_00028,alt_scen_000030_00029,26.65,1,0,0,1,1,0,0,0,0.74,1,1
scen_000030,alt_scen_000030_00028,alt_scen_000030_00030,36.65,1,0,0,1,1,0,0,0,0.69,1,1
scen_000030,alt_scen_000030_00028,alt_scen_000030_00031,56.65,1,0,0,1,1,0,0,0,0.73,1,1
scen_000030,alt_scen_000030_00028,alt_scen_000030_00032,66.65,1,0,0,1,1,0,0,0,0.57,1,1
scen_000030,alt_scen_000030_00028,alt_scen_000030_00033,76.65,1,0,0,1,1,0,0,0,0.61,1,1
scen_000030,alt_scen_000030_00028,alt_scen_000030_00034,78.65,1,0,0,1,1,0,0,0,0.2,1,1
scen_000030,alt_scen_000030_00028,alt_scen_000030_00035,96.65,1,0,0,0,0,0,0,0,0.39,1,1
scen_000030,alt_scen_000030_00028,alt_scen_000030_00036,116.65,1,0,0,1,1,0,0,0,0.7,1,1
scen_000030,alt_scen_000030_00028,alt_scen_000030_00037,126.65,1,0,0,0,0,0,0,0,0.67,1,1
scen_000030,alt_scen_000030_00029,alt_scen_000030_00030,10.0,1,0,0,1,1,0,0,0,0.31,1,1
scen_000030,alt_scen_000030_00029,alt_scen_000030_00031,30.0,1,0,0,1,1,0,0,0,0.52,1,1
scen_000030,alt_scen_000030_00029,alt_scen_000030_00032,40.0,1,0,0,1,1,0,0,0,0.78,1,1
scen_000030,alt_scen_000030_00029,alt_scen_000030_00033,50.0,1,0,0,1,1,0,0,0,0.11,1,1
scen_000030,alt_scen_000030_00029,alt_scen_000030_00034,52.0,1,0,0,1,1,0,0,0,0.44,1,1
scen_000030,alt_scen_000030_00029,alt_scen_000030_00035,70.0,1,0,0,0,0,0,0,0,0.52,1,1
scen_000030,alt_scen_000030_00029,alt_scen_000030_00036,90.0,1,0,0,1,1,0,0,0,0.68,1,1
scen_000030,alt_scen_000030_00029,alt_scen_000030_00037,100.0,1,0,0,0,0,0,0,0,0.39,1,1
scen_000030,alt_scen_000030_00029,alt_scen_000030_00038,120.0,1,0,0,1,1,0,0,0,0.87,1,1
scen_000030,alt_scen_000030_00030,alt_scen_000030_00031,20.0,1,0,0,1,1,0,0,0,0.75,1,1
scen_000030,alt_scen_000030_00030,alt_scen_000030_00032,30.0,1,0,0,1,1,0,0,0,0.64,1,1
scen_000030,alt_scen_000030_00030,alt_scen_000030_00033,40.0,1,0,0,1,1,0,0,0,0.84,1,1
scen_000030,alt_scen_000030_00030,alt_scen_000030_00034,42.0,1,0,0,1,1,0,0,0,0.15,1,1
scen_000030,alt_scen_000030_00030,alt_scen_000030_00035,60.0,1,0,0,0,0,0,0,0,0.31,1,1
scen_000030,alt_scen_000030_00030,alt_scen_000030_00036,80.0,1,0,0,1,1,0,0,0,0.34,1,1
scen_000030,alt_scen_000030_00030,alt_scen_000030_00037,90.0,1,0,0,0,0,0,0,0,0.62,1,1
scen_000030,alt_scen_000030_00030,alt_scen_000030_00038,110.0,1,0,0,1,1,0,0,0,0.64,1,1
scen_000030,alt_scen_000030_00030,alt_scen_000030_00039,120.0,1,0,0,1,1,0,0,0,0.59,1,1
scen_000030,alt_scen_000030_00031,alt_scen_000030_00032,10.0,1,0,0,1,1,0,0,0,0.32,1,1
scen_000030,alt_scen_000030_00031,alt_scen_000030_00033,20.0,1,0,0,1,1,0,0,0,0.27,1,1
scen_000030,alt_scen_000030_00031,alt_scen_000030_00034,22.0,1,0,0,1,1,0,0,0,0.38,1,1
scen_000030,alt_scen_000030_00031,alt_scen_000030_00035,40.0,1,0,0,0,0,0,0,0,0.82,1,1
scen_000030,alt_scen_000030_00031,alt_scen_000030_00036,60.0,1,0,0,1,1,0,0,0,0.3,1,1
scen_000030,alt_scen_000030_00031,alt_scen_000030_00037,70.0,1,0,0,0,0,0,0,0,0.21,1,1
scen_000030,alt_scen_000030_00031,alt_scen_000030_00038,90.0,1,0,0,1,1,0,0,0,0.47,1,1
scen_000030,alt_scen_000030_00031,alt_scen_000030_00039,100.0,1,0,0,1,1,0,0,0,0.37,1,1
scen_000030,alt_scen_000030_00031,alt_scen_000030_00040,110.0,1,0,0,1,1,0,0,0,0.56,1,1
scen_000030,alt_scen_000030_00032,alt_scen_000030_00033,10.0,1,0,0,1,1,0,0,0,0.39,1,1
scen_000030,alt_scen_000030_00032,alt_scen_000030_00034,12.0,1,0,0,1,1,0,0,0,0.8,1,1
scen_000030,alt_scen_000030_00032,alt_scen_000030_00035,30.0,1,0,0,0,0,0,0,0,0.59,1,1
scen_000030,alt_scen_000030_00032,alt_scen_000030_00036,50.0,1,0,0,1,1,0,0,0,0.64,1,1
scen_000030,alt_scen_000030_00032,alt_scen_000030_00037,60.0,1,0,0,0,0,0,0,0,0.25,1,1
scen_000030,alt_scen_000030_00032,alt_scen_000030_00038,80.0,1,0,0,1,1,0,0,0,0.29,1,1
scen_000030,alt_scen_000030_00032,alt_scen_000030_00039,90.0,1,0,0,1,1,0,0,0,0.63,1,1
scen_000030,alt_scen_000030_00032,alt_scen_000030_00040,100.0,1,0,0,1,1,0,0,0,0.88,1,1
scen_000030,alt_scen_000030_00032,alt_scen_000030_00041,110.0,1,0,0,0,0,0,0,0,0.21,1,1
scen_000030,alt_scen_000030_00033,alt_scen_000030_00034,2.0,1,0,0,1,1,0,0,0,0.46,1,1
scen_000030,alt_scen_000030_00033,alt_scen_000030_00035,20.0,1,0,0,0,0,0,0,0,0.51,1,1
scen_000030,alt_scen_000030_00033,alt_scen_000030_00036,40.0,1,0,0,1,1,0,0,0,0.39,1,1
scen_000030,alt_scen_000030_00033,alt_scen_000030_00037,50.0,1,0,0,0,0,0,0,0,0.36,1,1
scen_000030,alt_scen_000030_00033,alt_scen_000030_00038,70.0,1,0,0,1,1,0,0,0,0.55,1,1
scen_000030,alt_scen_000030_00033,alt_scen_000030_00039,80.0,1,0,0,1,1,0,0,0,0.8,1,1
scen_000030,alt_scen_000030_00033,alt_scen_000030_00040,90.0,1,0,0,1,1,0,0,0,0.53,1,1
scen_000030,alt_scen_000030_00033,alt_scen_000030_00041,100.0,1,0,0,0,0,0,0,0,0.45,1,1
scen_000030,alt_scen_000030_00033,alt_scen_000030_00042,110.0,1,0,0,0,0,0,0,0,0.74,1,1
scen_000030,alt_scen_000030_00034,alt_scen_000030_00035,18.0,1,0,0,0,0,0,0,0,0.22,1,1
scen_000030,alt_scen_000030_00034,alt_scen_000030_00036,38.0,1,0,0,1,1,0,0,0,0.87,1,1
scen_000030,alt_scen_000030_00034,alt_scen_000030_00037,48.0,1,0,0,0,0,0,0,0,0.41,1,1
scen_000030,alt_scen_000030_00034,alt_scen_000030_00038,68.0,1,0,0,1,1,0,0,0,0.3,1,1
scen_000030,alt_scen_000030_00034,alt_scen_000030_00039,78.0,1,0,0,1,1,0,0,0,0.19,1,1
scen_000030,alt_scen_000030_00034,alt_scen_000030_00040,88.0,1,0,0,1,1,0,0,0,0.45,1,1
scen_000030,alt_scen_000030_00034,alt_scen_000030_00041,98.0,1,0,0,0,0,0,0,0,0.75,1,1
scen_000030,alt_scen_000030_00034,alt_scen_000030_00042,108.0,1,0,0,0,0,0,0,0,0.15,1,1
scen_000030,alt_scen_000030_00034,alt_scen_000030_00043,108.0,1,0,0,1,1,0,0,0,0.53,1,1
scen_000030,alt_scen_000030_00035,alt_scen_000030_00036,20.0,1,0,0,0,0,0,0,0,0.62,1,1
scen_000030,alt_scen_000030_00035,alt_scen_000030_00037,30.0,1,0,0,1,1,0,0,0,0.86,1,1
scen_000030,alt_scen_000030_00035,alt_scen_000030_00038,50.0,1,0,0,0,0,0,0,0,0.61,1,1
scen_000030,alt_scen_000030_00035,alt_scen_000030_00039,60.0,1,0,0,0,0,0,0,0,0.86,1,1
scen_000030,alt_scen_000030_00035,alt_scen_000030_00040,70.0,1,0,0,0,0,0,0,0,0.3,1,1
scen_000030,alt_scen_000030_00035,alt_scen_000030_00041,80.0,1,0,0,1,1,0,0,0,0.17,1,1
scen_000030,alt_scen_000030_00035,alt_scen_000030_00042,90.0,1,0,0,1,1,0,0,0,0.65,1,1
scen_000030,alt_scen_000030_00035,alt_scen_000030_00043,90.0,1,0,0,0,0,0,0,0,0.69,1,1
scen_000030,alt_scen_000030_00035,alt_scen_000030_00044,100.0,1,0,0,1,1,0,0,0,0.74,1,1
scen_000030,alt_scen_000030_00036,alt_scen_000030_00037,10.0,1,0,0,0,0,0,0,0,0.33,1,1
scen_000030,alt_scen_000030_00036,alt_scen_000030_00038,30.0,1,0,0,1,1,0,0,0,0.29,1,1
scen_000030,alt_scen_000030_00036,alt_scen_000030_00039,40.0,1,0,0,1,1,0,0,0,0.48,1,1
scen_000030,alt_scen_000030_00036,alt_scen_000030_00040,50.0,1,0,0,1,1,0,0,0,0.62,1,1
scen_000030,alt_scen_000030_00036,alt_scen_000030_00041,60.0,1,0,0,0,0,0,0,0,0.76,1,1
scen_000030,alt_scen_000030_00036,alt_scen_000030_00042,70.0,1,0,0,0,0,0,0,0,0.52,1,1
scen_000030,alt_scen_000030_00036,alt_scen_000030_00043,70.0,1,0,0,1,1,0,0,0,0.48,1,1
scen_000030,alt_scen_000030_00036,alt_scen_000030_00044,80.0,1,0,0,0,0,0,0,0,0.73,1,1
scen_000030,alt_scen_000030_00036,alt_scen_000030_00045,80.0,1,0,0,1,1,0,0,0,0.72,1,1
scen_000030,alt_scen_000030_00037,alt_scen_000030_00038,20.0,1,0,0,0,0,0,0,0,0.62,1,1
scen_000030,alt_scen_000030_00037,alt_scen_000030_00039,30.0,1,0,0,0,0,0,0,0,0.78,1,1
scen_000030,alt_scen_000030_00037,alt_scen_000030_00040,40.0,1,0,0,0,0,0,0,0,0.12,1,1
scen_000030,alt_scen_000030_00037,alt_scen_000030_00041,50.0,1,0,0,1,1,0,0,0,0.82,1,1
scen_000030,alt_scen_000030_00037,alt_scen_000030_00042,60.0,1,0,0,1,1,0,0,0,0.4,1,1
scen_000030,alt_scen_000030_00037,alt_scen_000030_00043,60.0,1,0,0,0,0,0,0,0,0.18,1,1
scen_000030,alt_scen_000030_00037,alt_scen_000030_00044,70.0,1,0,0,1,1,0,0,0,0.35,1,1
scen_000030,alt_scen_000030_00037,alt_scen_000030_00045,70.0,1,0,0,0,0,0,0,0,0.24,1,1
scen_000030,alt_scen_000030_00037,alt_scen_000030_00046,110.0,1,0,0,0,0,0,0,0,0.79,1,1
scen_000030,alt_scen_000030_00038,alt_scen_000030_00039,10.0,1,0,0,1,1,0,0,0,0.36,1,1
scen_000030,alt_scen_000030_00038,alt_scen_000030_00040,20.0,1,0,0,1,1,0,0,0,0.8,1,1
scen_000030,alt_scen_000030_00038,alt_scen_000030_00041,30.0,1,0,0,0,0,0,0,0,0.47,1,1
scen_000030,alt_scen_000030_00038,alt_scen_000030_00042,40.0,1,0,0,0,0,0,0,0,0.48,1,1
scen_000030,alt_scen_000030_00038,alt_scen_000030_00043,40.0,1,0,0,1,1,0,0,0,0.52,1,1
scen_000030,alt_scen_000030_00038,alt_scen_000030_00044,50.0,1,0,0,0,0,0,0,0,0.9,1,1
scen_000030,alt_scen_000030_00038,alt_scen_000030_00045,50.0,1,0,0,1,1,0,0,0,0.53,1,1
scen_000030,alt_scen_000030_00038,alt_scen_000030_00046,90.0,1,0,0,1,1,0,0,0,0.14,1,1
scen_000030,alt_scen_000030_00038,alt_scen_000030_00047,100.0,1,0,0,1,1,0,0,0,0.23,1,1
scen_000030,alt_scen_000030_00039,alt_scen_000030_00040,10.0,1,0,0,1,1,0,0,0,0.88,1,1
scen_000030,alt_scen_000030_00039,alt_scen_000030_00041,20.0,1,0,0,0,0,0,0,0,0.15,1,1
scen_000030,alt_scen_000030_00039,alt_scen_000030_00042,30.0,1,0,0,0,0,0,0,0,0.31,1,1
scen_000030,alt_scen_000030_00039,alt_scen_000030_00043,30.0,1,0,0,1,1,0,0,0,0.35,1,1
scen_000030,alt_scen_000030_00039,alt_scen_000030_00044,40.0,1,0,0,0,0,0,0,0,0.76,1,1
scen_000030,alt_scen_000030_00039,alt_scen_000030_00045,40.0,1,0,0,1,1,0,0,0,0.31,1,1
scen_000030,alt_scen_000030_00039,alt_scen_000030_00046,80.0,1,0,0,1,1,0,0,0,0.28,1,1
scen_000030,alt_scen_000030_00039,alt_scen_000030_00047,90.0,1,0,0,1,1,0,0,0,0.34,1,1
scen_000030,alt_scen_000030_00039,alt_scen_000030_00048,93.73,1,0,0,1,1,0,0,0,0.31,1,1
scen_000030,alt_scen_000030_00040,alt_scen_000030_00041,10.0,1,0,0,0,0,0,0,0,0.36,1,1
scen_000030,alt_scen_000030_00040,alt_scen_000030_00042,20.0,1,0,0,0,0,0,0,0,0.29,1,1
scen_000030,alt_scen_000030_00040,alt_scen_000030_00043,20.0,1,0,0,1,1,0,0,0,0.42,1,1
scen_000030,alt_scen_000030_00040,alt_scen_000030_00044,30.0,1,0,0,0,0,0,0,0,0.17,1,1
scen_000030,alt_scen_000030_00040,alt_scen_000030_00045,30.0,1,0,0,1,1,0,0,0,0.15,1,1
scen_000030,alt_scen_000030_00040,alt_scen_000030_00046,70.0,1,0,0,1,1,0,0,0,0.38,1,1
scen_000030,alt_scen_000030_00040,alt_scen_000030_00047,80.0,1,0,0,1,1,0,0,0,0.11,1,1
scen_000030,alt_scen_000030_00040,alt_scen_000030_00048,83.73,1,0,0,1,1,0,0,0,0.22,1,1
scen_000030,alt_scen_000030_00040,alt_scen_000030_00065,99.0,0,0,0,0,1,0,2,0,0.56,1,0
scen_000030,alt_scen_000030_00041,alt_scen_000030_00042,10.0,1,0,0,1,1,0,0,0,0.78,1,1
scen_000030,alt_scen_000030_00041,alt_scen_000030_00043,10.0,1,0,0,0,0,0,0,0,0.64,1,1
scen_000030,alt_scen_000030_00041,alt_scen_000030_00044,20.0,1,0,0,1,1,0,0,0,0.32,1,1
scen_000030,alt_scen_000030_00041,alt_scen_000030_00045,20.0,1,0,0,0,0,0,0,0,0.24,1,1
scen_000030,alt_scen_000030_00041,alt_scen_000030_00046,60.0,1,0,0,0,0,0,0,0,0.26,1,1
scen_000030,alt_scen_000030_00041,alt_scen_000030_00047,70.0,1,0,0,0,0,0,0,0,0.12,1,1
scen_000030,alt_scen_000030_00041,alt_scen_000030_00048,73.73,1,0,0,0,0,0,0,0,0.5,1,1
scen_000030,alt_scen_000030_00041,alt_scen_000030_00065,89.0,0,0,0,0,0,0,2,0,0.24,1,0
scen_000030,alt_scen_000030_00041,alt_scen_000030_00049,100.0,1,0,0,0,0,0,0,0,0.6,1,1
scen_000030,alt_scen_000030_00042,alt_scen_000030_00043,0.0,1,0,0,0,0,0,0,0,0.77,1,1
scen_000030,alt_scen_000030_00042,alt_scen_000030_00044,10.0,1,0,0,1,1,0,0,0,0.67,1,1
scen_000030,alt_scen_000030_00042,alt_scen_000030_00045,10.0,1,0,0,0,0,0,0,0,0.15,1,1
scen_000030,alt_scen_000030_00042,alt_scen_000030_00046,50.0,1,0,0,0,0,0,0,0,0.81,1,1
scen_000030,alt_scen_000030_00042,alt_scen_000030_00047,60.0,1,0,0,0,0,0,0,0,0.63,1,1
scen_000030,alt_scen_000030_00042,alt_scen_000030_00048,63.73,1,0,0,0,0,0,0,0,0.89,1,1
scen_000030,alt_scen_000030_00042,alt_scen_000030_00065,79.0,0,0,0,0,0,0,2,0,0.73,1,0
scen_000030,alt_scen_000030_00042,alt_scen_000030_00049,90.0,1,0,0,0,0,0,0,0,0.47,1,1
scen_000030,alt_scen_000030_00042,alt_scen_000030_00050,110.0,1,0,0,0,0,0,0,0,0.88,1,1
scen_000030,alt_scen_000030_00043,alt_scen_000030_00044,10.0,1,0,0,0,0,0,0,0,0.25,1,1
scen_000030,alt_scen_000030_00043,alt_scen_000030_00045,10.0,1,0,0,1,1,0,0,0,0.16,1,1
scen_000030,alt_scen_000030_00043,alt_scen_000030_00046,50.0,1,0,0,1,1,0,0,0,0.37,1,1
scen_000030,alt_scen_000030_00043,alt_scen_000030_00047,60.0,1,0,0,1,1,0,0,0,0.58,1,1
scen_000030,alt_scen_000030_00043,alt_scen_000030_00048,63.73,1,0,0,1,1,0,0,0,0.57,1,1
scen_000030,alt_scen_000030_00043,alt_scen_000030_00065,79.0,0,0,0,0,1,0,2,0,0.31,1,0
scen_000030,alt_scen_000030_00043,alt_scen_000030_00049,90.0,1,0,0,1,1,0,0,0,0.43,1,1
scen_000030,alt_scen_000030_00043,alt_scen_000030_00050,110.0,1,0,0,1,1,0,0,0,0.42,1,1
scen_000030,alt_scen_000030_00043,alt_scen_000030_00051,130.0,1,0,0,0,0,0,0,0,0.44,1,1
scen_000030,alt_scen_000030_00044,alt_scen_000030_00045,0.0,1,0,0,0,0,0,0,0,0.11,1,1
scen_000030,alt_scen_000030_00044,alt_scen_000030_00046,40.0,1,0,0,0,0,0,0,0,0.8,1,1
scen_000030,alt_scen_000030_00044,alt_scen_000030_00047,50.0,1,0,0,0,0,0,0,0,0.38,1,1
scen_000030,alt_scen_000030_00044,alt_scen_000030_00048,53.73,1,0,0,0,0,0,0,0,0.9,1,1
scen_000030,alt_scen_000030_00044,alt_scen_000030_00065,69.0,0,0,0,0,0,0,2,0,0.48,1,0
scen_000030,alt_scen_000030_00044,alt_scen_000030_00049,80.0,1,0,0,0,0,0,0,0,0.5,1,1
scen_000030,alt_scen_000030_00044,alt_scen_000030_00050,100.0,1,0,0,0,0,0,0,0,0.67,1,1
scen_000030,alt_scen_000030_00044,alt_scen_000030_00051,120.0,1,0,0,1,1,0,0,0,0.23,1,1
scen_000030,alt_scen_000030_00044,alt_scen_000030_00052,150.0,1,0,0,0,0,0,0,0,0.14,1,1
scen_000030,alt_scen_000030_00045,alt_scen_000030_00046,40.0,1,0,0,1,1,0,0,0,0.49,1,1
scen_000030,alt_scen_000030_00045,alt_scen_000030_00047,50.0,1,0,0,1,1,0,0,0,0.27,1,1
scen_000030,alt_scen_000030_00045,alt_scen_000030_00048,53.73,1,0,0,1,1,0,0,0,0.79,1,1
scen_000030,alt_scen_000030_00045,alt_scen_000030_00065,69.0,0,0,0,0,1,0,2,0,0.45,1,0
scen_000030,alt_scen_000030_00045,alt_scen_000030_00049,80.0,1,0,0,1,1,0,0,0,0.4,1,1
scen_000030,alt_scen_000030_00045,alt_scen_000030_00050,100.0,1,0,0,1,1,0,0,0,0.47,1,1
scen_000030,alt_scen_000030_00045,alt_scen_000030_00051,120.0,1,0,0,0,0,0,0,0,0.26,1,1
scen_000030,alt_scen_000030_00045,alt_scen_000030_00052,150.0,1,0,0,1,1,0,0,0,0.72,1,1
scen_000030,alt_scen_000030_00045,alt_scen_000030_00053,190.0,1,0,0,0,0,0,0,0,0.88,1,1
scen_000030,alt_scen_000030_00046,alt_scen_000030_00047,10.0,1,0,0,1,1,0,0,0,0.84,1,1
scen_000030,alt_scen_000030_00046,alt_scen_000030_00048,13.73,1,0,0,1,1,0,0,0,0.88,1,1
scen_000030,alt_scen_000030_00046,alt_scen_000030_00065,29.0,0,0,0,0,1,0,2,0,0.88,1,0
scen_000030,alt_scen_000030_00046,alt_scen_000030_00049,40.0,1,0,0,1,1,0,0,0,0.77,1,1
scen_000030,alt_scen_000030_00046,alt_scen_000030_00050,60.0,1,0,0,1,1,0,0,0,0.86,1,1
scen_000030,alt_scen_000030_00046,alt_scen_000030_00051,80.0,1,0,0,0,0,0,0,0,0.55,1,1
scen_000030,alt_scen_000030_00046,alt_scen_000030_00052,110.0,1,0,0,1,1,0,0,0,0.83,1,1
scen_000030,alt_scen_000030_00046,alt_scen_000030_00053,150.0,1,0,0,0,0,0,0,0,0.72,1,1
scen_000030,alt_scen_000030_00046,alt_scen_000030_00055,156.18,1,0,0,0,0,0,0,0,0.5,1,1
scen_000030,alt_scen_000030_00047,alt_scen_000030_00048,3.73,1,0,0,1,1,0,0,0,0.44,1,1
scen_000030,alt_scen_000030_00047,alt_scen_000030_00065,19.0,0,0,0,0,1,0,2,0,0.77,1,0
scen_000030,alt_scen_000030_00047,alt_scen_000030_00049,30.0,1,0,0,1,1,0,0,0,0.9,1,1
scen_000030,alt_scen_000030_00047,alt_scen_000030_00050,50.0,1,0,0,1,1,0,0,0,0.17,1,1
scen_000030,alt_scen_000030_00047,alt_scen_000030_00051,70.0,1,0,0,0,0,0,0,0,0.37,1,1
scen_000030,alt_scen_000030_00047,alt_scen_000030_00052,100.0,1,0,0,1,1,0,0,0,0.63,1,1
scen_000030,alt_scen_000030_00047,alt_scen_000030_00053,140.0,1,0,0,0,0,0,0,0,0.36,1,1
scen_000030,alt_scen_000030_00047,alt_scen_000030_00055,146.18,1,0,0,0,0,0,0,0,0.27,1,1
scen_000030,alt_scen_000030_00047,alt_scen_000030_00054,150.0,1,0,0,0,0,0,0,0,0.19,1,1
scen_000030,alt_scen_000030_00048,alt_scen_000030_00065,15.27,0,0,0,0,1,0,2,0,0.7,1,0
scen_000030,alt_scen_000030_00048,alt_scen_000030_00049,26.27,1,0,0,1,1,0,0,0,0.84,1,1
scen_000030,alt_scen_000030_00048,alt_scen_000030_00050,46.27,1,0,0,1,1,0,0,0,0.34,1,1
scen_000030,alt_scen_000030_00048,alt_scen_000030_00051,66.27,1,0,0,0,0,0,0,0,0.33,1,1
scen_000030,alt_scen_000030_00048,alt_scen_000030_00052,96.27,1,0,0,1,1,0,0,0,0.41,1,1
scen_000030,alt_scen_000030_00048,alt_scen_000030_00053,136.27,1,0,0,0,0,0,0,0,0.14,1,1
scen_000030,alt_scen_000030_00048,alt_scen_000030_00055,142.46,1,0,0,0,0,0,0,0,0.41,1,1
scen_000030,alt_scen_000030_00048,alt_scen_000030_00054,146.27,1,0,0,0,0,0,0,0,0.72,1,1
scen_000030,alt_scen_000030_00048,alt_scen_000030_00056,146.27,1,0,0,1,1,0,0,0,0.49,1,1
scen_000030,alt_scen_000030_00065,alt_scen_000030_00049,11.0,0,0,0,0,1,0,2,0,0.24,1,0
scen_000030,alt_scen_000030_00065,alt_scen_000030_00050,31.0,0,0,0,0,1,0,2,0,0.3,1,0
scen_000030,alt_scen_000030_00065,alt_scen_000030_00051,51.0,0,0,0,0,0,0,2,0,0.31,1,0
scen_000030,alt_scen_000030_00065,alt_scen_000030_00052,81.0,0,0,0,0,1,0,2,0,0.23,1,0
scen_000030,alt_scen_000030_00065,alt_scen_000030_00053,121.0,0,0,0,0,0,0,2,0,0.46,1,0
scen_000030,alt_scen_000030_00065,alt_scen_000030_00055,127.18,0,0,0,0,0,0,2,0,0.89,1,0
scen_000030,alt_scen_000030_00065,alt_scen_000030_00054,131.0,0,0,0,0,0,0,2,0,0.81,1,0
scen_000030,alt_scen_000030_00065,alt_scen_000030_00056,131.0,0,0,0,0,1,0,2,0,0.31,1,0
scen_000030,alt_scen_000030_00065,alt_scen_000030_00057,141.0,0,0,0,0,1,0,2,0,0.38,1,0
scen_000030,alt_scen_000030_00049,alt_scen_000030_00050,20.0,1,0,0,1,1,0,0,0,0.33,1,1
scen_000030,alt_scen_000030_00049,alt_scen_000030_00051,40.0,1,0,0,0,0,0,0,0,0.2,1,1
scen_000030,alt_scen_000030_00049,alt_scen_000030_00052,70.0,1,0,0,1,1,0,0,0,0.85,1,1
scen_000030,alt_scen_000030_00049,alt_scen_000030_00053,110.0,1,0,0,0,0,0,0,0,0.29,1,1
scen_000030,alt_scen_000030_00049,alt_scen_000030_00055,116.18,1,0,0,0,0,0,0,0,0.62,1,1
scen_000030,alt_scen_000030_00049,alt_scen_000030_00054,120.0,1,0,0,0,0,0,0,0,0.83,1,1
scen_000030,alt_scen_000030_00049,alt_scen_000030_00056,120.0,1,0,0,1,1,0,0,0,0.52,1,1
scen_000030,alt_scen_000030_00049,alt_scen_000030_00057,130.0,1,0,0,1,1,0,0,0,0.38,1,1
scen_000030,alt_scen_000030_00049,alt_scen_000030_00058,140.0,1,0,0,1,1,0,0,0,0.41,1,1
scen_000030,alt_scen_000030_00050,alt_scen_000030_00051,20.0,1,0,0,0,0,0,0,0,0.13,1,1
scen_000030,alt_scen_000030_00050,alt_scen_000030_00052,50.0,1,0,0,1,1,0,0,0,0.24,1,1
scen_000030,alt_scen_000030_00050,alt_scen_000030_00053,90.0,1,0,0,0,0,0,0,0,0.49,1,1
scen_000030,alt_scen_000030_00050,alt_scen_000030_00055,96.18,1,0,0,0,0,0,0,0,0.36,1,1
scen_000030,alt_scen_000030_00050,alt_scen_000030_00054,100.0,1,0,0,0,0,0,0,0,0.3,1,1
scen_000030,alt_scen_000030_00050,alt_scen_000030_00056,100.0,1,0,0,1,1,0,0,0,0.66,1,1
scen_000030,alt_scen_000030_00050,alt_scen_000030_00057,110.0,1,0,0,1,1,0,0,0,0.21,1,1
scen_000030,alt_scen_000030_00050,alt_scen_000030_00058,120.0,1,0,0,1,1,0,0,0,0.88,1,1
scen_000030,alt_scen_000030_00050,alt_scen_000030_00059,130.0,1,0,0,0,0,0,0,0,0.86,1,1
scen_000030,alt_scen_000030_00051,alt_scen_000030_00052,30.0,1,0,0,0,0,0,0,0,0.52,1,1
scen_000030,alt_scen_000030_00051,alt_scen_000030_00053,70.0,1,0,0,1,1,0,0,0,0.66,1,1
scen_000030,alt_scen_000030_00051,alt_scen_000030_00055,76.18,1,0,0,1,1,0,0,0,0.13,1,1
scen_000030,alt_scen_000030_00051,alt_scen_000030_00054,80.0,1,0,0,1,1,0,0,0,0.46,1,1
scen_000030,alt_scen_000030_00051,alt_scen_000030_00056,80.0,1,0,0,0,0,0,0,0,0.76,1,1
scen_000030,alt_scen_000030_00051,alt_scen_000030_00057,90.0,1,0,0,0,0,0,0,0,0.2,1,1
scen_000030,alt_scen_000030_00051,alt_scen_000030_00058,100.0,1,0,0,0,0,0,0,0,0.2,1,1
scen_000030,alt_scen_000030_00051,alt_scen_000030_00059,110.0,1,0,0,1,1,0,0,0,0.63,1,1
scen_000030,alt_scen_000030_00051,alt_scen_000030_00060,110.0,1,0,0,0,0,0,0,0,0.61,1,1
scen_000030,alt_scen_000030_00052,alt_scen_000030_00053,40.0,1,0,0,0,0,0,0,0,0.26,1,1
scen_000030,alt_scen_000030_00052,alt_scen_000030_00055,46.18,1,0,0,0,0,0,0,0,0.45,1,1
scen_000030,alt_scen_000030_00052,alt_scen_000030_00054,50.0,1,0,0,0,0,0,0,0,0.4,1,1
scen_000030,alt_scen_000030_00052,alt_scen_000030_00056,50.0,1,0,0,1,1,0,0,0,0.34,1,1
scen_000030,alt_scen_000030_00052,alt_scen_000030_00057,60.0,1,0,0,1,1,0,0,0,0.43,1,1
scen_000030,alt_scen_000030_00052,alt_scen_000030_00058,70.0,1,0,0,1,1,0,0,0,0.39,1,1
scen_000030,alt_scen_000030_00052,alt_scen_000030_00059,80.0,1,0,0,0,0,0,0,0,0.21,1,1
scen_000030,alt_scen_000030_00052,alt_scen_000030_00060,80.0,1,0,0,1,1,0,0,0,0.14,1,1
scen_000030,alt_scen_000030_00052,alt_scen_000030_00061,100.0,1,0,0,1,1,0,0,0,0.35,1,1
scen_000030,alt_scen_000030_00053,alt_scen_000030_00055,6.18,1,0,0,1,1,0,0,0,0.27,1,1
scen_000030,alt_scen_000030_00053,alt_scen_000030_00054,10.0,1,0,0,1,1,0,0,0,0.45,1,1
scen_000030,alt_scen_000030_00053,alt_scen_000030_00056,10.0,1,0,0,0,0,0,0,0,0.41,1,1
scen_000030,alt_scen_000030_00053,alt_scen_000030_00057,20.0,1,0,0,0,0,0,0,0,0.9,1,1
scen_000030,alt_scen_000030_00053,alt_scen_000030_00058,30.0,1,0,0,0,0,0,0,0,0.11,1,1
scen_000030,alt_scen_000030_00053,alt_scen_000030_00059,40.0,1,0,0,1,1,0,0,0,0.75,1,1
scen_000030,alt_scen_000030_00053,alt_scen_000030_00060,40.0,1,0,0,0,0,0,0,0,0.22,1,1
scen_000030,alt_scen_000030_00053,alt_scen_000030_00061,60.0,1,0,0,0,0,0,0,0,0.87,1,1
scen_000030,alt_scen_000030_00053,alt_scen_000030_00062,80.0,1,0,0,0,0,0,0,0,0.48,1,1
scen_000030,alt_scen_000030_00055,alt_scen_000030_00054,3.82,1,0,0,1,1,0,0,0,0.86,1,1
scen_000030,alt_scen_000030_00055,alt_scen_000030_00056,3.82,1,0,0,0,0,0,0,0,0.62,1,1
scen_000030,alt_scen_000030_00055,alt_scen_000030_00057,13.82,1,0,0,0,0,0,0,0,0.86,1,1
scen_000030,alt_scen_000030_00055,alt_scen_000030_00058,23.82,1,0,0,0,0,0,0,0,0.23,1,1
scen_000030,alt_scen_000030_00055,alt_scen_000030_00059,33.82,1,0,0,1,1,0,0,0,0.31,1,1
scen_000030,alt_scen_000030_00055,alt_scen_000030_00060,33.82,1,0,0,0,0,0,0,0,0.19,1,1
scen_000030,alt_scen_000030_00055,alt_scen_000030_00061,53.82,1,0,0,0,0,0,0,0,0.79,1,1
scen_000030,alt_scen_000030_00055,alt_scen_000030_00062,73.82,1,0,0,0,0,0,0,0,0.79,1,1
scen_000030,alt_scen_000030_00055,alt_scen_000030_00063,93.82,1,0,0,1,1,0,0,0,0.76,1,1
scen_000030,alt_scen_000030_00054,alt_scen_000030_00056,0.0,1,0,0,0,0,0,0,0,0.2,1,1
scen_000030,alt_scen_000030_00054,alt_scen_000030_00057,10.0,1,0,0,0,0,0,0,0,0.55,1,1
scen_000030,alt_scen_000030_00054,alt_scen_000030_00058,20.0,1,0,0,0,0,0,0,0,0.32,1,1
scen_000030,alt_scen_000030_00054,alt_scen_000030_00059,30.0,1,0,0,1,1,0,0,0,0.15,1,1
scen_000030,alt_scen_000030_00054,alt_scen_000030_00060,30.0,1,0,0,0,0,0,0,0,0.31,1,1
scen_000030,alt_scen_000030_00054,alt_scen_000030_00061,50.0,1,0,0,0,0,0,0,0,0.34,1,1
scen_000030,alt_scen_000030_00054,alt_scen_000030_00062,70.0,1,0,0,0,0,0,0,0,0.61,1,1
scen_000030,alt_scen_000030_00054,alt_scen_000030_00063,90.0,1,0,0,1,1,0,0,0,0.7,1,1
scen_000030,alt_scen_000030_00056,alt_scen_000030_00057,10.0,1,0,0,1,1,0,0,0,0.56,1,1
scen_000030,alt_scen_000030_00056,alt_scen_000030_00058,20.0,1,0,0,1,1,0,0,0,0.23,1,1
scen_000030,alt_scen_000030_00056,alt_scen_000030_00059,30.0,1,0,0,0,0,0,0,0,0.48,1,1
scen_000030,alt_scen_000030_00056,alt_scen_000030_00060,30.0,1,0,0,1,1,0,0,0,0.67,1,1
scen_000030,alt_scen_000030_00056,alt_scen_000030_00061,50.0,1,0,0,1,1,0,0,0,0.45,1,1
scen_000030,alt_scen_000030_00056,alt_scen_000030_00062,70.0,1,0,0,1,1,0,0,0,0.88,1,1
scen_000030,alt_scen_000030_00056,alt_scen_000030_00063,90.0,1,0,0,0,0,0,0,0,0.57,1,1
scen_000030,alt_scen_000030_00057,alt_scen_000030_00058,10.0,1,0,0,1,1,0,0,0,0.26,1,1
scen_000030,alt_scen_000030_00057,alt_scen_000030_00059,20.0,1,0,0,0,0,0,0,0,0.23,1,1
scen_000030,alt_scen_000030_00057,alt_scen_000030_00060,20.0,1,0,0,1,1,0,0,0,0.84,1,1
scen_000030,alt_scen_000030_00057,alt_scen_000030_00061,40.0,1,0,0,1,1,0,0,0,0.55,1,1
scen_000030,alt_scen_000030_00057,alt_scen_000030_00062,60.0,1,0,0,1,1,0,0,0,0.48,1,1
scen_000030,alt_scen_000030_00057,alt_scen_000030_00063,80.0,1,0,0,0,0,0,0,0,0.77,1,1
scen_000030,alt_scen_000030_00058,alt_scen_000030_00059,10.0,1,0,0,0,0,0,0,0,0.24,1,1
scen_000030,alt_scen_000030_00058,alt_scen_000030_00060,10.0,1,0,0,1,1,0,0,0,0.65,1,1
scen_000030,alt_scen_000030_00058,alt_scen_000030_00061,30.0,1,0,0,1,1,0,0,0,0.25,1,1
scen_000030,alt_scen_000030_00058,alt_scen_000030_00062,50.0,1,0,0,1,1,0,0,0,0.45,1,1
scen_000030,alt_scen_000030_00058,alt_scen_000030_00063,70.0,1,0,0,0,0,0,0,0,0.42,1,1
scen_000030,alt_scen_000030_00059,alt_scen_000030_00060,0.0,1,0,0,0,0,0,0,0,0.34,1,1
scen_000030,alt_scen_000030_00059,alt_scen_000030_00061,20.0,1,0,0,0,0,0,0,0,0.65,1,1
scen_000030,alt_scen_000030_00059,alt_scen_000030_00062,40.0,1,0,0,0,0,0,0,0,0.48,1,1
scen_000030,alt_scen_000030_00059,alt_scen_000030_00063,60.0,1,0,0,1,1,0,0,0,0.31,1,1
scen_000030,alt_scen_000030_00060,alt_scen_000030_00061,20.0,1,0,0,1,1,0,0,0,0.32,1,1
scen_000030,alt_scen_000030_00060,alt_scen_000030_00062,40.0,1,0,0,1,1,0,0,0,0.17,1,1
scen_000030,alt_scen_000030_00060,alt_scen_000030_00063,60.0,1,0,0,0,0,0,0,0,0.65,1,1
scen_000030,alt_scen_000030_00061,alt_scen_000030_00062,20.0,1,0,0,1,1,0,0,0,0.42,1,1
scen_000030,alt_scen_000030_00061,alt_scen_000030_00063,40.0,1,0,0,0,0,0,0,0,0.2,1,1
scen_000030,alt_scen_000030_00062,alt_scen_000030_00063,20.0,1,0,0,0,0,0,0,0,0.85,1,1
scen_000031,alt_scen_000031_00003,alt_scen_000031_00001,317.0,0,0,0,1,1,0,2,0,0.86,0,0
scen_000031,alt_scen_000031_00003,alt_scen_000031_00004,360.0,0,0,0,1,1,0,4,0,0.73,0,0
scen_000031,alt_scen_000031_00003,alt_scen_000031_00002,794.0,0,0,0,1,1,0,2,0,0.57,0,0
scen_000031,alt_scen_000031_00003,alt_scen_000031_00005,810.0,0,0,0,1,1,0,3,0,0.17,0,0
scen_000031,alt_scen_000031_00001,alt_scen_000031_00004,43.0,0,0,0,1,1,0,3,0,0.24,1,0
scen_000031,alt_scen_000031_00001,alt_scen_000031_00002,477.0,0,0,0,1,1,0,2,0,0.73,0,0
scen_000031,alt_scen_000031_00001,alt_scen_000031_00005,493.0,0,0,0,1,1,0,2,0,0.11,0,0
scen_000031,alt_scen_000031_00004,alt_scen_000031_00002,434.0,0,0,0,1,1,0,4,0,0.19,0,0
scen_000031,alt_scen_000031_00004,alt_scen_000031_00005,450.0,0,0,0,1,1,0,2,0,0.64,0,0
scen_000031,alt_scen_000031_00002,alt_scen_000031_00005,16.0,0,0,0,1,1,0,3,0,0.19,1,0
scen_000032,alt_scen_000032_00002,alt_scen_000032_00003,60.0,1,0,0,1,1,0,0,0,0.45,1,0
scen_000032,alt_scen_000032_00002,alt_scen_000032_00001,785.0,0,0,0,1,1,0,2,0,0.84,0,0
scen_000032,alt_scen_000032_00003,alt_scen_000032_00001,725.0,0,0,0,1,1,0,2,0,0.89,0,0
scen_000033,alt_scen_000033_00002,alt_scen_000033_00004,425.0,0,0,0,1,1,0,2,0,0.63,0,0
scen_000033,alt_scen_000033_00002,alt_scen_000033_00003,432.0,0,0,0,1,1,0,2,0,0.68,0,0
scen_000033,alt_scen_000033_00002,alt_scen_000033_00001,551.0,0,0,0,1,1,0,3,0,0.49,0,0
scen_000033,alt_scen_000033_00004,alt_scen_000033_00003,7.0,0,0,0,1,1,0,3,0,0.55,1,0
scen_000033,alt_scen_000033_00004,alt_scen_000033_00001,126.0,0,0,0,1,1,1,1,1,0.54,1,0
scen_000033,alt_scen_000033_00003,alt_scen_000033_00001,119.0,0,0,0,1,1,0,2,0,0.89,1,0
scen_000034,alt_scen_000034_00003,alt_scen_000034_00004,350.0,0,0,0,1,1,0,2,0,0.81,0,0
scen_000034,alt_scen_000034_00003,alt_scen_000034_00002,487.0,0,0,0,1,1,0,2,0,0.68,0,0
scen_000034,alt_scen_000034_00003,alt_scen_000034_00001,616.0,1,0,0,1,1,0,0,0,0.64,0,0
scen_000034,alt_scen_000034_00004,alt_scen_000034_00002,137.0,0,0,0,1,1,0,2,0,0.46,1,0
scen_000034,alt_scen_000034_00004,alt_scen_000034_00001,266.0,0,0,0,1,1,0,2,0,0.16,1,0
scen_000034,alt_scen_000034_00002,alt_scen_000034_00001,129.0,0,0,0,1,1,0,2,0,0.36,1,0
scen_000035,alt_scen_000035_00002,alt_scen_000035_00001,177.0,1,0,0,1,1,0,0,0,0.87,1,0
scen_000035,alt_scen_000035_00002,alt_scen_000035_00004,450.0,0,0,0,1,1,0,4,0,0.71,0,0
scen_000035,alt_scen_000035_00002,alt_scen_000035_00003,698.0,0,0,0,1,1,0,4,0,0.43,0,0
scen_000035,alt_scen_000035_00001,alt_scen_000035_00004,273.0,0,0,0,1,1,0,4,0,0.44,1,0
scen_000035,alt_scen_000035_00001,alt_scen_000035_00003,521.0,0,0,0,1,1,0,4,0,0.17,0,0
scen_000035,alt_scen_000035_00004,alt_scen_000035_00003,248.0,0,0,0,1,1,0,2,0,0.84,1,0
scen_000036,alt_scen_000036_00002,alt_scen_000036_00004,105.0,0,0,0,1,1,0,2,0,0.42,1,0
scen_000036,alt_scen_000036_00002,alt_scen_000036_00005,227.0,0,0,0,1,1,0,2,0,0.38,1,0
scen_000036,alt_scen_000036_00002,alt_scen_000036_00001,500.0,0,0,0,1,1,1,1,-1,0.63,0,0
scen_000036,alt_scen_000036_00002,alt_scen_000036_00006,739.0,0,0,0,1,1,0,2,0,0.7,0,0
scen_000036,alt_scen_000036_00002,alt_scen_000036_00003,743.0,0,0,0,1,1,0,3,0,0.86,0,0
scen_000036,alt_scen_000036_00004,alt_scen_000036_00005,122.0,0,0,0,1,1,0,3,0,0.37,1,0
scen_000036,alt_scen_000036_00004,alt_scen_000036_00001,395.0,0,0,0,1,1,1,1,-1,0.11,0,0
scen_000036,alt_scen_000036_00004,alt_scen_000036_00006,634.0,1,0,0,1,1,0,0,0,0.75,0,0
scen_000036,alt_scen_000036_00004,alt_scen_000036_00003,638.0,0,0,0,1,1,0,3,0,0.24,0,0
scen_000036,alt_scen_000036_00005,alt_scen_000036_00001,273.0,0,0,0,1,1,0,2,0,0.8,1,0
scen_000036,alt_scen_000036_00005,alt_scen_000036_00006,512.0,0,0,0,1,1,0,3,0,0.44,0,0
scen_000036,alt_scen_000036_00005,alt_scen_000036_00003,516.0,0,0,0,1,1,0,3,0,0.77,0,0
scen_000036,alt_scen_000036_00001,alt_scen_000036_00006,239.0,0,0,0,1,1,1,1,1,0.77,1,0
scen_000036,alt_scen_000036_00001,alt_scen_000036_00003,243.0,0,0,0,1,1,0,2,0,0.4,1,0
scen_000036,alt_scen_000036_00006,alt_scen_000036_00003,4.0,0,0,0,1,1,0,3,0,0.23,1,0
scen_000037,alt_scen_000037_00003,alt_scen_000037_00002,466.0,0,0,0,1,1,0,2,0,0.34,0,0
scen_000037,alt_scen_000037_00003,alt_scen_000037_00001,688.0,0,0,0,1,1,0,2,0,0.85,0,0
scen_000037,alt_scen_000037_00002,alt_scen_000037_00001,222.0,0,0,0,1,1,0,2,0,0.83,1,0
scen_000038,alt_scen_000038_00052,alt_scen_000038_00001,266.0,0,0,0,0,0,0,2,0,0.32,1,0
scen_000038,alt_scen_000038_00052,alt_scen_000038_00056,289.0,0,0,0,1,1,1,1,1,0.4,1,0
scen_000038,alt_scen_000038_00052,alt_scen_000038_00002,296.0,0,0,0,0,0,0,2,0,0.11,1,0
scen_000038,alt_scen_000038_00052,alt_scen_000038_00003,306.0,0,0,0,0,0,0,2,0,0.38,0,0
scen_000038,alt_scen_000038_00052,alt_scen_000038_00004,346.0,0,0,0,0,1,0,2,0,0.83,0,0
scen_000038,alt_scen_000038_00052,alt_scen_000038_00005,366.0,0,0,0,0,0,0,2,0,0.71,0,0
scen_000038,alt_scen_000038_00052,alt_scen_000038_00006,368.79,0,0,0,0,0,0,2,0,0.69,0,0
scen_000038,alt_scen_000038_00052,alt_scen_000038_00057,392.0,0,0,0,1,1,1,1,-1,0.68,0,0
scen_000038,alt_scen_000038_00052,alt_scen_000038_00054,393.0,0,0,0,1,1,0,2,0,0.34,0,0
scen_000038,alt_scen_000038_00001,alt_scen_000038_00056,23.0,0,0,0,0,0,0,2,0,0.4,1,0
scen_000038,alt_scen_000038_00001,alt_scen_000038_00002,30.0,1,0,0,1,1,0,0,0,0.8,1,1
scen_000038,alt_scen_000038_00001,alt_scen_000038_00003,40.0,1,0,0,1,1,0,0,0,0.85,1,1
scen_000038,alt_scen_000038_00001,alt_scen_000038_00004,80.0,1,0,0,0,0,0,0,0,0.64,1,1
scen_000038,alt_scen_000038_00001,alt_scen_000038_00005,100.0,1,0,0,1,1,0,0,0,0.12,1,1
scen_000038,alt_scen_000038_00001,alt_scen_000038_00006,102.79,1,0,0,1,1,0,0,0,0.8,1,1
scen_000038,alt_scen_000038_00001,alt_scen_000038_00057,126.0,0,0,0,0,0,1,1,-1,0.73,1,0
scen_000038,alt_scen_000038_00001,alt_scen_000038_00054,127.0,0,0,0,0,0,0,4,0,0.81,1,0
scen_000038,alt_scen_000038_00001,alt_scen_000038_00007,130.0,1,0,0,0,0,0,0,0,0.24,1,1
scen_000038,alt_scen_000038_00056,alt_scen_000038_00002,7.0,0,0,0,0,0,0,2,0,0.56,1,0
scen_000038,alt_scen_000038_00056,alt_scen_000038_00003,17.0,0,0,0,0,0,0,2,0,0.43,1,0
scen_000038,alt_scen_000038_00056,alt_scen_000038_00004,57.0,0,0,0,0,1,0,2,0,0.59,1,0
scen_000038,alt_scen_000038_00056,alt_scen_000038_00005,77.0,0,0,0,0,0,0,2,0,0.55,1,0
scen_000038,alt_scen_000038_00056,alt_scen_000038_00006,79.79,0,0,0,0,0,0,2,0,0.18,1,0
scen_000038,alt_scen_000038_00056,alt_scen_000038_00057,103.0,0,0,0,1,1,0,2,0,0.66,1,0
scen_000038,alt_scen_000038_00056,alt_scen_000038_00054,104.0,0,0,0,1,1,0,3,0,0.17,1,0
scen_000038,alt_scen_000038_00056,alt_scen_000038_00007,107.0,0,0,0,0,1,0,2,0,0.81,1,0
scen_000038,alt_scen_000038_00056,alt_scen_000038_00008,117.0,0,0,0,0,1,0,2,0,0.22,1,0
scen_000038,alt_scen_000038_00002,alt_scen_000038_00003,10.0,1,0,0,1,1,0,0,0,0.75,1,1
scen_000038,alt_scen_000038_00002,alt_scen_000038_00004,50.0,1,0,0,0,0,0,0,0,0.41,1,1
scen_000038,alt_scen_000038_00002,alt_scen_000038_00005,70.0,1,0,0,1,1,0,0,0,0.49,1,1
scen_000038,alt_scen_000038_00002,alt_scen_000038_00006,72.79,1,0,0,1,1,0,0,0,0.46,1,1
scen_000038,alt_scen_000038_00002,alt_scen_000038_00057,96.0,0,0,0,0,0,1,1,-1,0.87,1,0
scen_000038,alt_scen_000038_00002,alt_scen_000038_00054,97.0,0,0,0,0,0,0,4,0,0.37,1,0
scen_000038,alt_scen_000038_00002,alt_scen_000038_00007,100.0,1,0,0,0,0,0,0,0,0.36,1,1
scen_000038,alt_scen_000038_00002,alt_scen_000038_00008,110.0,1,0,0,0,0,0,0,0,0.55,1,1
scen_000038,alt_scen_000038_00002,alt_scen_000038_00055,115.0,0,0,0,0,0,0,3,0,0.75,1,0
scen_000038,alt_scen_000038_00003,alt_scen_000038_00004,40.0,1,0,0,0,0,0,0,0,0.18,1,1
scen_000038,alt_scen_000038_00003,alt_scen_000038_00005,60.0,1,0,0,1,1,0,0,0,0.35,1,1
scen_000038,alt_scen_000038_00003,alt_scen_000038_00006,62.79,1,0,0,1,1,0,0,0,0.82,1,1
scen_000038,alt_scen_000038_00003,alt_scen_000038_00057,86.0,0,0,0,0,0,1,1,-1,0.83,1,0
scen_000038,alt_scen_000038_00003,alt_scen_000038_00054,87.0,0,0,0,0,0,0,4,0,0.71,1,0
scen_000038,alt_scen_000038_00003,alt_scen_000038_00007,90.0,1,0,0,0,0,0,0,0,0.82,1,1
scen_000038,alt_scen_000038_00003,alt_scen_000038_00008,100.0,1,0,0,0,0,0,0,0,0.54,1,1
scen_000038,alt_scen_000038_00003,alt_scen_000038_00055,105.0,0,0,0,0,0,0,3,0,0.27,1,0
scen_000038,alt_scen_000038_00003,alt_scen_000038_00009,110.0,1,0,0,1,1,0,0,0,0.71,1,1
scen_000038,alt_scen_000038_00004,alt_scen_000038_00005,20.0,1,0,0,0,0,0,0,0,0.75,1,1
scen_000038,alt_scen_000038_00004,alt_scen_000038_00006,22.79,1,0,0,0,0,0,0,0,0.53,1,1
scen_000038,alt_scen_000038_00004,alt_scen_000038_00057,46.0,0,0,0,0,1,1,1,-1,0.87,1,0
scen_000038,alt_scen_000038_00004,alt_scen_000038_00054,47.0,0,0,0,0,1,0,4,0,0.15,1,0
scen_000038,alt_scen_000038_00004,alt_scen_000038_00007,50.0,1,0,0,1,1,0,0,0,0.89,1,1
scen_000038,alt_scen_000038_00004,alt_scen_000038_00008,60.0,1,0,0,1,1,0,0,0,0.11,1,1
scen_000038,alt_scen_000038_00004,alt_scen_000038_00055,65.0,0,0,0,0,1,0,3,0,0.67,1,0
scen_000038,alt_scen_000038_00004,alt_scen_000038_00009,70.0,1,0,0,0,0,0,0,0,0.53,1,1
scen_000038,alt_scen_000038_00004,alt_scen_000038_00010,80.0,1,0,0,1,1,0,0,0,0.29,1,1
scen_000038,alt_scen_000038_00005,alt_scen_000038_00006,2.79,1,0,0,1,1,0,0,0,0.34,1,1
scen_000038,alt_scen_000038_00005,alt_scen_000038_00057,26.0,0,0,0,0,0,1,1,-1,0.89,1,0
scen_000038,alt_scen_000038_00005,alt_scen_000038_00054,27.0,0,0,0,0,0,0,4,0,0.31,1,0
scen_000038,alt_scen_000038_00005,alt_scen_000038_00007,30.0,1,0,0,0,0,0,0,0,0.87,1,1
scen_000038,alt_scen_000038_00005,alt_scen_000038_00008,40.0,1,0,0,0,0,0,0,0,0.82,1,1
scen_000038,alt_scen_000038_00005,alt_scen_000038_00055,45.0,0,0,0,0,0,0,3,0,0.59,1,0
scen_000038,alt_scen_000038_00005,alt_scen_000038_00009,50.0,1,0,0,1,1,0,0,0,0.76,1,1
scen_000038,alt_scen_000038_00005,alt_scen_000038_00010,60.0,1,0,0,0,0,0,0,0,0.18,1,1
scen_000038,alt_scen_000038_00005,alt_scen_000038_00053,61.0,0,0,0,0,0,0,4,0,0.42,1,0
scen_000038,alt_scen_000038_00006,alt_scen_000038_00057,23.21,0,0,0,0,0,1,1,-1,0.3,1,0
scen_000038,alt_scen_000038_00006,alt_scen_000038_00054,24.21,0,0,0,0,0,0,4,0,0.25,1,0
scen_000038,alt_scen_000038_00006,alt_scen_000038_00007,27.21,1,0,0,0,0,0,0,0,0.58,1,1
scen_000038,alt_scen_000038_00006,alt_scen_000038_00008,37.21,1,0,0,0,0,0,0,0,0.67,1,1
scen_000038,alt_scen_000038_00006,alt_scen_000038_00055,42.21,0,0,0,0,0,0,3,0,0.9,1,0
scen_000038,alt_scen_000038_00006,alt_scen_000038_00009,47.21,1,0,0,1,1,0,0,0,0.7,1,1
scen_000038,alt_scen_000038_00006,alt_scen_000038_00010,57.21,1,0,0,0,0,0,0,0,0.8,1,1
scen_000038,alt_scen_000038_00006,alt_scen_000038_00053,58.21,0,0,0,0,0,0,4,0,0.35,1,0
scen_000038,alt_scen_000038_00006,alt_scen_000038_00011,77.21,1,0,0,1,1,0,0,0,0.72,1,1
scen_000038,alt_scen_000038_00057,alt_scen_000038_00054,1.0,0,0,0,1,1,0,3,0,0.28,1,0
scen_000038,alt_scen_000038_00057,alt_scen_000038_00007,4.0,0,0,0,0,1,1,1,1,0.15,1,0
scen_000038,alt_scen_000038_00057,alt_scen_000038_00008,14.0,0,0,0,0,1,1,1,1,0.33,1,0
scen_000038,alt_scen_000038_00057,alt_scen_000038_00055,19.0,0,0,0,1,1,0,2,0,0.78,1,0
scen_000038,alt_scen_000038_00057,alt_scen_000038_00009,24.0,0,0,0,0,0,1,1,1,0.24,1,0
scen_000038,alt_scen_000038_00057,alt_scen_000038_00010,34.0,0,0,0,0,1,1,1,1,0.21,1,0
scen_000038,alt_scen_000038_00057,alt_scen_000038_00053,35.0,0,0,0,1,1,0,3,0,0.79,1,0
scen_000038,alt_scen_000038_00057,alt_scen_000038_00011,54.0,0,0,0,0,0,1,1,1,0.74,1,0
scen_000038,alt_scen_000038_00057,alt_scen_000038_00012,54.0,0,0,0,0,1,1,1,1,0.5,1,0
scen_000038,alt_scen_000038_00054,alt_scen_000038_00007,3.0,0,0,0,0,1,0,4,0,0.24,1,0
scen_000038,alt_scen_000038_00054,alt_scen_000038_00008,13.0,0,0,0,0,1,0,4,0,0.69,1,0
scen_000038,alt_scen_000038_00054,alt_scen_000038_00055,18.0,0,0,0,1,1,0,2,0,0.8,1,0
scen_000038,alt_scen_000038_00054,alt_scen_000038_00009,23.0,0,0,0,0,0,0,4,0,0.41,1,0
scen_000038,alt_scen_000038_00054,alt_scen_000038_00010,33.0,0,0,0,0,1,0,4,0,0.34,1,0
scen_000038,alt_scen_000038_00054,alt_scen_000038_00053,34.0,0,0,0,1,1,0,2,0,0.47,1,0
scen_000038,alt_scen_000038_00054,alt_scen_000038_00011,53.0,0,0,0,0,0,0,4,0,0.5,1,0
scen_000038,alt_scen_000038_00054,alt_scen_000038_00012,53.0,0,0,0,0,1,0,4,0,0.39,1,0
scen_000038,alt_scen_000038_00054,alt_scen_000038_00013,83.0,0,0,0,0,0,0,4,0,0.15,1,0
scen_000038,alt_scen_000038_00007,alt_scen_000038_00008,10.0,1,0,0,1,1,0,0,0,0.82,1,1
scen_000038,alt_scen_000038_00007,alt_scen_000038_00055,15.0,0,0,0,0,1,0,3,0,0.47,1,0
scen_000038,alt_scen_000038_00007,alt_scen_000038_00009,20.0,1,0,0,0,0,0,0,0,0.15,1,1
scen_000038,alt_scen_000038_00007,alt_scen_000038_00010,30.0,1,0,0,1,1,0,0,0,0.55,1,1
scen_000038,alt_scen_000038_00007,alt_scen_000038_00053,31.0,0,0,0,0,1,0,4,0,0.61,1,0
scen_000038,alt_scen_000038_00007,alt_scen_000038_00011,50.0,1,0,0,0,0,0,0,0,0.72,1,1
scen_000038,alt_scen_000038_00007,alt_scen_000038_00012,50.0,1,0,0,1,1,0,0,0,0.78,1,1
scen_000038,alt_scen_000038_00007,alt_scen_000038_00013,80.0,1,0,0,0,0,0,0,0,0.23,1,1
scen_000038,alt_scen_000038_00007,alt_scen_000038_00014,81.19,1,0,0,0,0,0,0,0,0.37,1,1
scen_000038,alt_scen_000038_00008,alt_scen_000038_00055,5.0,0,0,0,0,1,0,3,0,0.45,1,0
scen_000038,alt_scen_000038_00008,alt_scen_000038_00009,10.0,1,0,0,0,0,0,0,0,0.57,1,1
scen_000038,alt_scen_000038_00008,alt_scen_000038_00010,20.0,1,0,0,1,1,0,0,0,0.78,1,1
scen_000038,alt_scen_000038_00008,alt_scen_000038_00053,21.0,0,0,0,0,1,0,4,0,0.44,1,0
scen_000038,alt_scen_000038_00008,alt_scen_000038_00011,40.0,1,0,0,0,0,0,0,0,0.79,1,1
scen_000038,alt_scen_000038_00008,alt_scen_000038_00012,40.0,1,0,0,1,1,0,0,0,0.2,1,1
scen_000038,alt_scen_000038_00008,alt_scen_000038_00013,70.0,1,0,0,0,0,0,0,0,0.55,1,1
scen_000038,alt_scen_000038_00008,alt_scen_000038_00014,71.19,1,0,0,0,0,0,0,0,0.5,1,1
scen_000038,alt_scen_000038_00008,alt_scen_000038_00015,90.0,1,0,0,1,1,0,0,0,0.18,1,1
scen_000038,alt_scen_000038_00055,alt_scen_000038_00009,5.0,0,0,0,0,0,0,3,0,0.11,1,0
scen_000038,alt_scen_000038_00055,alt_scen_000038_00010,15.0,0,0,0,0,1,0,3,0,0.41,1,0
scen_000038,alt_scen_000038_00055,alt_scen_000038_00053,16.0,0,0,0,1,1,0,2,0,0.51,1,0
scen_000038,alt_scen_000038_00055,alt_scen_000038_00011,35.0,0,0,0,0,0,0,3,0,0.71,1,0
scen_000038,alt_scen_000038_00055,alt_scen_000038_00012,35.0,0,0,0,0,1,0,3,0,0.13,1,0
scen_000038,alt_scen_000038_00055,alt_scen_000038_00013,65.0,0,0,0,0,0,0,3,0,0.76,1,0
scen_000038,alt_scen_000038_00055,alt_scen_000038_00014,66.19,0,0,0,0,0,0,3,0,0.34,1,0
scen_000038,alt_scen_000038_00055,alt_scen_000038_00015,85.0,0,0,0,0,1,0,3,0,0.5,1,0
scen_000038,alt_scen_000038_00055,alt_scen_000038_00016,155.0,0,0,0,0,0,0,3,0,0.41,1,0
scen_000038,alt_scen_000038_00009,alt_scen_000038_00010,10.0,1,0,0,0,0,0,0,0,0.66,1,1
scen_000038,alt_scen_000038_00009,alt_scen_000038_00053,11.0,0,0,0,0,0,0,4,0,0.85,1,0
scen_000038,alt_scen_000038_00009,alt_scen_000038_00011,30.0,1,0,0,1,1,0,0,0,0.54,1,1
scen_000038,alt_scen_000038_00009,alt_scen_000038_00012,30.0,1,0,0,0,0,0,0,0,0.46,1,1
scen_000038,alt_scen_000038_00009,alt_scen_000038_00013,60.0,1,0,0,1,1,0,0,0,0.84,1,1
scen_000038,alt_scen_000038_00009,alt_scen_000038_00014,61.19,1,0,0,1,1,0,0,0,0.61,1,1
scen_000038,alt_scen_000038_00009,alt_scen_000038_00015,80.0,1,0,0,0,0,0,0,0,0.38,1,1
scen_000038,alt_scen_000038_00009,alt_scen_000038_00016,150.0,1,0,0,1,1,0,0,0,0.56,1,1
scen_000038,alt_scen_000038_00009,alt_scen_000038_00017,150.0,1,0,0,0,0,0,0,0,0.78,1,1
scen_000038,alt_scen_000038_00010,alt_scen_000038_00053,1.0,0,0,0,0,1,0,4,0,0.82,1,0
scen_000038,alt_scen_000038_00010,alt_scen_000038_00011,20.0,1,0,0,0,0,0,0,0,0.7,1,1
scen_000038,alt_scen_000038_00010,alt_scen_000038_00012,20.0,1,0,0,1,1,0,0,0,0.39,1,1
scen_000038,alt_scen_000038_00010,alt_scen_000038_00013,50.0,1,0,0,0,0,0,0,0,0.85,1,1
scen_000038,alt_scen_000038_00010,alt_scen_000038_00014,51.19,1,0,0,0,0,0,0,0,0.22,1,1
scen_000038,alt_scen_000038_00010,alt_scen_000038_00015,70.0,1,0,0,1,1,0,0,0,0.52,1,1
scen_000038,alt_scen_000038_00010,alt_scen_000038_00016,140.0,1,0,0,0,0,0,0,0,0.76,1,1
scen_000038,alt_scen_000038_00010,alt_scen_000038_00017,140.0,1,0,0,1,1,0,0,0,0.8,1,1
scen_000038,alt_scen_000038_00010,alt_scen_000038_00018,160.0,1,0,0,1,1,0,0,0,0.58,1,1
scen_000038,alt_scen_000038_00053,alt_scen_000038_00011,19.0,0,0,0,0,0,0,4,0,0.27,1,0
scen_000038,alt_scen_000038_00053,alt_scen_000038_00012,19.0,0,0,0,0,1,0,4,0,0.71,1,0
scen_000038,alt_scen_000038_00053,alt_scen_000038_00013,49.0,0,0,0,0,0,0,4,0,0.39,1,0
scen_000038,alt_scen_000038_00053,alt_scen_000038_00014,50.19,0,0,0,0,0,0,4,0,0.87,1,0
scen_000038,alt_scen_000038_00053,alt_scen_000038_00015,69.0,0,0,0,0,1,0,4,0,0.13,1,0
scen_000038,alt_scen_000038_00053,alt_scen_000038_00016,139.0,0,0,0,0,0,0,4,0,0.83,1,0
scen_000038,alt_scen_000038_00053,alt_scen_000038_00017,139.0,0,0,0,0,1,0,4,0,0.39,1,0
scen_000038,alt_scen_000038_00053,alt_scen_000038_00018,159.0,0,0,0,0,1,0,4,0,0.61,1,0
scen_000038,alt_scen_000038_00053,alt_scen_000038_00019,169.0,0,0,0,0,0,0,4,0,0.36,1,0
scen_000038,alt_scen_000038_00011,alt_scen_000038_00012,0.0,1,0,0,0,0,0,0,0,0.56,1,1
scen_000038,alt_scen_000038_00011,alt_scen_000038_00013,30.0,1,0,0,1,1,0,0,0,0.14,1,1
scen_000038,alt_scen_000038_00011,alt_scen_000038_00014,31.19,1,0,0,1,1,0,0,0,0.59,1,1
scen_000038,alt_scen_000038_00011,alt_scen_000038_00015,50.0,1,0,0,0,0,0,0,0,0.8,1,1
scen_000038,alt_scen_000038_00011,alt_scen_000038_00016,120.0,1,0,0,1,1,0,0,0,0.56,1,1
scen_000038,alt_scen_000038_00011,alt_scen_000038_00017,120.0,1,0,0,0,0,0,0,0,0.38,1,1
scen_000038,alt_scen_000038_00011,alt_scen_000038_00018,140.0,1,0,0,0,0,0,0,0,0.67,1,1
scen_000038,alt_scen_000038_00011,alt_scen_000038_00019,150.0,1,0,0,1,1,0,0,0,0.45,1,1
scen_000038,alt_scen_000038_00011,alt_scen_000038_00020,190.0,1,0,0,1,1,0,0,0,0.33,1,1
scen_000038,alt_scen_000038_00012,alt_scen_000038_00013,30.0,1,0,0,0,0,0,0,0,0.51,1,1
scen_000038,alt_scen_000038_00012,alt_scen_000038_00014,31.19,1,0,0,0,0,0,0,0,0.46,1,1
scen_000038,alt_scen_000038_00012,alt_scen_000038_00015,50.0,1,0,0,1,1,0,0,0,0.75,1,1
scen_000038,alt_scen_000038_00012,alt_scen_000038_00016,120.0,1,0,0,0,0,0,0,0,0.38,1,1
scen_000038,alt_scen_000038_00012,alt_scen_000038_00017,120.0,1,0,0,1,1,0,0,0,0.5,1,1
scen_000038,alt_scen_000038_00012,alt_scen_000038_00018,140.0,1,0,0,1,1,0,0,0,0.79,1,1
scen_000038,alt_scen_000038_00012,alt_scen_000038_00019,150.0,1,0,0,0,0,0,0,0,0.28,1,1
scen_000038,alt_scen_000038_00012,alt_scen_000038_00020,190.0,1,0,0,0,0,0,0,0,0.54,1,1
scen_000038,alt_scen_000038_00012,alt_scen_000038_00021,193.82,1,0,0,0,0,0,0,0,0.15,1,1
scen_000038,alt_scen_000038_00013,alt_scen_000038_00014,1.19,1,0,0,1,1,0,0,0,0.73,1,1
scen_000038,alt_scen_000038_00013,alt_scen_000038_00015,20.0,1,0,0,0,0,0,0,0,0.41,1,1
scen_000038,alt_scen_000038_00013,alt_scen_000038_00016,90.0,1,0,0,1,1,0,0,0,0.28,1,1
scen_000038,alt_scen_000038_00013,alt_scen_000038_00017,90.0,1,0,0,0,0,0,0,0,0.56,1,1
scen_000038,alt_scen_000038_00013,alt_scen_000038_00018,110.0,1,0,0,0,0,0,0,0,0.77,1,1
scen_000038,alt_scen_000038_00013,alt_scen_000038_00019,120.0,1,0,0,1,1,0,0,0,0.24,1,1
scen_000038,alt_scen_000038_00013,alt_scen_000038_00020,160.0,1,0,0,1,1,0,0,0,0.64,1,1
scen_000038,alt_scen_000038_00013,alt_scen_000038_00021,163.82,1,0,0,1,1,0,0,0,0.65,1,1
scen_000038,alt_scen_000038_00013,alt_scen_000038_00022,170.0,1,0,0,1,1,0,0,0,0.22,1,1
scen_000038,alt_scen_000038_00014,alt_scen_000038_00015,18.81,1,0,0,0,0,0,0,0,0.17,1,1
scen_000038,alt_scen_000038_00014,alt_scen_000038_00016,88.81,1,0,0,1,1,0,0,0,0.29,1,1
scen_000038,alt_scen_000038_00014,alt_scen_000038_00017,88.81,1,0,0,0,0,0,0,0,0.16,1,1
scen_000038,alt_scen_000038_00014,alt_scen_000038_00018,108.81,1,0,0,0,0,0,0,0,0.2,1,1
scen_000038,alt_scen_000038_00014,alt_scen_000038_00019,118.81,1,0,0,1,1,0,0,0,0.38,1,1
scen_000038,alt_scen_000038_00014,alt_scen_000038_00020,158.81,1,0,0,1,1,0,0,0,0.35,1,1
scen_000038,alt_scen_000038_00014,alt_scen_000038_00021,162.63,1,0,0,1,1,0,0,0,0.64,1,1
scen_000038,alt_scen_000038_00014,alt_scen_000038_00022,168.81,1,0,0,1,1,0,0,0,0.52,1,1
scen_000038,alt_scen_000038_00014,alt_scen_000038_00023,168.81,1,0,0,0,0,0,0,0,0.47,1,1
scen_000038,alt_scen_000038_00015,alt_scen_000038_00016,70.0,1,0,0,0,0,0,0,0,0.63,1,1
scen_000038,alt_scen_000038_00015,alt_scen_000038_00017,70.0,1,0,0,1,1,0,0,0,0.43,1,1
scen_000038,alt_scen_000038_00015,alt_scen_000038_00018,90.0,1,0,0,1,1,0,0,0,0.6,1,1
scen_000038,alt_scen_000038_00015,alt_scen_000038_00019,100.0,1,0,0,0,0,0,0,0,0.9,1,1
scen_000038,alt_scen_000038_00015,alt_scen_000038_00020,140.0,1,0,0,0,0,0,0,0,0.56,1,1
scen_000038,alt_scen_000038_00015,alt_scen_000038_00021,143.82,1,0,0,0,0,0,0,0,0.38,1,1
scen_000038,alt_scen_000038_00015,alt_scen_000038_00022,150.0,1,0,0,0,0,0,0,0,0.77,1,1
scen_000038,alt_scen_000038_00015,alt_scen_000038_00023,150.0,1,0,0,1,1,0,0,0,0.88,1,1
scen_000038,alt_scen_000038_00015,alt_scen_000038_00024,170.0,1,0,0,0,0,0,0,0,0.34,1,1
scen_000038,alt_scen_000038_00016,alt_scen_000038_00017,0.0,1,0,0,0,0,0,0,0,0.62,1,1
scen_000038,alt_scen_000038_00016,alt_scen_000038_00018,20.0,1,0,0,0,0,0,0,0,0.69,1,1
scen_000038,alt_scen_000038_00016,alt_scen_000038_00019,30.0,1,0,0,1,1,0,0,0,0.64,1,1
scen_000038,alt_scen_000038_00016,alt_scen_000038_00020,70.0,1,0,0,1,1,0,0,0,0.26,1,1
scen_000038,alt_scen_000038_00016,alt_scen_000038_00021,73.82,1,0,0,1,1,0,0,0,0.76,1,1
scen_000038,alt_scen_000038_00016,alt_scen_000038_00022,80.0,1,0,0,1,1,0,0,0,0.37,1,1
scen_000038,alt_scen_000038_00016,alt_scen_000038_00023,80.0,1,0,0,0,0,0,0,0,0.47,1,1
scen_000038,alt_scen_000038_00016,alt_scen_000038_00024,100.0,1,0,0,1,1,0,0,0,0.53,1,1
scen_000038,alt_scen_000038_00016,alt_scen_000038_00025,100.0,1,0,0,0,0,0,0,0,0.85,1,1
scen_000038,alt_scen_000038_00017,alt_scen_000038_00018,20.0,1,0,0,1,1,0,0,0,0.51,1,1
scen_000038,alt_scen_000038_00017,alt_scen_000038_00019,30.0,1,0,0,0,0,0,0,0,0.68,1,1
scen_000038,alt_scen_000038_00017,alt_scen_000038_00020,70.0,1,0,0,0,0,0,0,0,0.14,1,1
scen_000038,alt_scen_000038_00017,alt_scen_000038_00021,73.82,1,0,0,0,0,0,0,0,0.11,1,1
scen_000038,alt_scen_000038_00017,alt_scen_000038_00022,80.0,1,0,0,0,0,0,0,0,0.53,1,1
scen_000038,alt_scen_000038_00017,alt_scen_000038_00023,80.0,1,0,0,1,1,0,0,0,0.41,1,1
scen_000038,alt_scen_000038_00017,alt_scen_000038_00024,100.0,1,0,0,0,0,0,0,0,0.24,1,1
scen_000038,alt_scen_000038_00017,alt_scen_000038_00025,100.0,1,0,0,1,1,0,0,0,0.13,1,1
scen_000038,alt_scen_000038_00017,alt_scen_000038_00026,110.0,1,0,0,0,0,0,0,0,0.67,1,1
scen_000038,alt_scen_000038_00018,alt_scen_000038_00019,10.0,1,0,0,0,0,0,0,0,0.52,1,1
scen_000038,alt_scen_000038_00018,alt_scen_000038_00020,50.0,1,0,0,0,0,0,0,0,0.59,1,1
scen_000038,alt_scen_000038_00018,alt_scen_000038_00021,53.82,1,0,0,0,0,0,0,0,0.23,1,1
scen_000038,alt_scen_000038_00018,alt_scen_000038_00022,60.0,1,0,0,0,0,0,0,0,0.78,1,1
scen_000038,alt_scen_000038_00018,alt_scen_000038_00023,60.0,1,0,0,1,1,0,0,0,0.63,1,1
scen_000038,alt_scen_000038_00018,alt_scen_000038_00024,80.0,1,0,0,0,0,0,0,0,0.31,1,1
scen_000038,alt_scen_000038_00018,alt_scen_000038_00025,80.0,1,0,0,1,1,0,0,0,0.84,1,1
scen_000038,alt_scen_000038_00018,alt_scen_000038_00026,90.0,1,0,0,0,0,0,0,0,0.81,1,1
scen_000038,alt_scen_000038_00018,alt_scen_000038_00027,90.0,1,0,0,1,1,0,0,0,0.45,1,1
scen_000038,alt_scen_000038_00019,alt_scen_000038_00020,40.0,1,0,0,1,1,0,0,0,0.49,1,1
scen_000038,alt_scen_000038_00019,alt_scen_000038_00021,43.82,1,0,0,1,1,0,0,0,0.77,1,1
scen_000038,alt_scen_000038_00019,alt_scen_000038_00022,50.0,1,0,0,1,1,0,0,0,0.38,1,1
scen_000038,alt_scen_000038_00019,alt_scen_000038_00023,50.0,1,0,0,0,0,0,0,0,0.43,1,1
scen_000038,alt_scen_000038_00019,alt_scen_000038_00024,70.0,1,0,0,1,1,0,0,0,0.69,1,1
scen_000038,alt_scen_000038_00019,alt_scen_000038_00025,70.0,1,0,0,0,0,0,0,0,0.34,1,1
scen_000038,alt_scen_000038_00019,alt_scen_000038_00026,80.0,1,0,0,1,1,0,0,0,0.88,1,1
scen_000038,alt_scen_000038_00019,alt_scen_000038_00027,80.0,1,0,0,0,0,0,0,0,0.24,1,1
scen_000038,alt_scen_000038_00019,alt_scen_000038_00028,90.0,1,0,0,1,1,0,0,0,0.89,1,1
scen_000038,alt_scen_000038_00020,alt_scen_000038_00021,3.82,1,0,0,1,1,0,0,0,0.1,1,1
scen_000038,alt_scen_000038_00020,alt_scen_000038_00022,10.0,1,0,0,1,1,0,0,0,0.4,1,1
scen_000038,alt_scen_000038_00020,alt_scen_000038_00023,10.0,1,0,0,0,0,0,0,0,0.52,1,1
scen_000038,alt_scen_000038_00020,alt_scen_000038_00024,30.0,1,0,0,1,1,0,0,0,0.68,1,1
scen_000038,alt_scen_000038_00020,alt_scen_000038_00025,30.0,1,0,0,0,0,0,0,0,0.57,1,1
scen_000038,alt_scen_000038_00020,alt_scen_000038_00026,40.0,1,0,0,1,1,0,0,0,0.5,1,1
scen_000038,alt_scen_000038_00020,alt_scen_000038_00027,40.0,1,0,0,0,0,0,0,0,0.31,1,1
scen_000038,alt_scen_000038_00020,alt_scen_000038_00028,50.0,1,0,0,1,1,0,0,0,0.37,1,1
scen_000038,alt_scen_000038_00020,alt_scen_000038_00029,90.0,1,0,0,1,1,0,0,0,0.85,1,1
scen_000038,alt_scen_000038_00021,alt_scen_000038_00022,6.18,1,0,0,1,1,0,0,0,0.36,1,1
scen_000038,alt_scen_000038_00021,alt_scen_000038_00023,6.18,1,0,0,0,0,0,0,0,0.67,1,1
scen_000038,alt_scen_000038_00021,alt_scen_000038_00024,26.18,1,0,0,1,1,0,0,0,0.24,1,1
scen_000038,alt_scen_000038_00021,alt_scen_000038_00025,26.18,1,0,0,0,0,0,0,0,0.13,1,1
scen_000038,alt_scen_000038_00021,alt_scen_000038_00026,36.18,1,0,0,1,1,0,0,0,0.67,1,1
scen_000038,alt_scen_000038_00021,alt_scen_000038_00027,36.18,1,0,0,0,0,0,0,0,0.22,1,1
scen_000038,alt_scen_000038_00021,alt_scen_000038_00028,46.18,1,0,0,1,1,0,0,0,0.15,1,1
scen_000038,alt_scen_000038_00021,alt_scen_000038_00029,86.18,1,0,0,1,1,0,0,0,0.8,1,1
scen_000038,alt_scen_000038_00021,alt_scen_000038_00030,86.18,1,0,0,0,0,0,0,0,0.9,1,1
scen_000038,alt_scen_000038_00022,alt_scen_000038_00023,0.0,1,0,0,0,0,0,0,0,0.54,1,1
scen_000038,alt_scen_000038_00022,alt_scen_000038_00024,20.0,1,0,0,1,1,0,0,0,0.31,1,1
scen_000038,alt_scen_000038_00022,alt_scen_000038_00025,20.0,1,0,0,0,0,0,0,0,0.15,1,1
scen_000038,alt_scen_000038_00022,alt_scen_000038_00026,30.0,1,0,0,1,1,0,0,0,0.6,1,1
scen_000038,alt_scen_000038_00022,alt_scen_000038_00027,30.0,1,0,0,0,0,0,0,0,0.52,1,1
scen_000038,alt_scen_000038_00022,alt_scen_000038_00028,40.0,1,0,0,1,1,0,0,0,0.7,1,1
scen_000038,alt_scen_000038_00022,alt_scen_000038_00029,80.0,1,0,0,1,1,0,0,0,0.22,1,1
scen_000038,alt_scen_000038_00022,alt_scen_000038_00030,80.0,1,0,0,0,0,0,0,0,0.67,1,1
scen_000038,alt_scen_000038_00022,alt_scen_000038_00033,98.89,1,0,0,0,0,0,0,0,0.34,1,1
scen_000038,alt_scen_000038_00023,alt_scen_000038_00024,20.0,1,0,0,0,0,0,0,0,0.26,1,1
scen_000038,alt_scen_000038_00023,alt_scen_000038_00025,20.0,1,0,0,1,1,0,0,0,0.16,1,1
scen_000038,alt_scen_000038_00023,alt_scen_000038_00026,30.0,1,0,0,0,0,0,0,0,0.48,1,1
scen_000038,alt_scen_000038_00023,alt_scen_000038_00027,30.0,1,0,0,1,1,0,0,0,0.83,1,1
scen_000038,alt_scen_000038_00023,alt_scen_000038_00028,40.0,1,0,0,0,0,0,0,0,0.24,1,1
scen_000038,alt_scen_000038_00023,alt_scen_000038_00029,80.0,1,0,0,0,0,0,0,0,0.23,1,1
scen_000038,alt_scen_000038_00023,alt_scen_000038_00030,80.0,1,0,0,1,1,0,0,0,0.49,1,1
scen_000038,alt_scen_000038_00023,alt_scen_000038_00033,98.89,1,0,0,1,1,0,0,0,0.89,1,1
scen_000038,alt_scen_000038_00023,alt_scen_000038_00031,100.0,1,0,0,0,0,0,0,0,0.78,1,1
scen_000038,alt_scen_000038_00024,alt_scen_000038_00025,0.0,1,0,0,0,0,0,0,0,0.1,1,1
scen_000038,alt_scen_000038_00024,alt_scen_000038_00026,10.0,1,0,0,1,1,0,0,0,0.41,1,1
scen_000038,alt_scen_000038_00024,alt_scen_000038_00027,10.0,1,0,0,0,0,0,0,0,0.68,1,1
scen_000038,alt_scen_000038_00024,alt_scen_000038_00028,20.0,1,0,0,1,1,0,0,0,0.87,1,1
scen_000038,alt_scen_000038_00024,alt_scen_000038_00029,60.0,1,0,0,1,1,0,0,0,0.87,1,1
scen_000038,alt_scen_000038_00024,alt_scen_000038_00030,60.0,1,0,0,0,0,0,0,0,0.65,1,1
scen_000038,alt_scen_000038_00024,alt_scen_000038_00033,78.89,1,0,0,0,0,0,0,0,0.89,1,1
scen_000038,alt_scen_000038_00024,alt_scen_000038_00031,80.0,1,0,0,1,1,0,0,0,0.22,1,1
scen_000038,alt_scen_000038_00024,alt_scen_000038_00032,80.0,1,0,0,0,0,0,0,0,0.39,1,1
scen_000038,alt_scen_000038_00025,alt_scen_000038_00026,10.0,1,0,0,0,0,0,0,0,0.46,1,1
scen_000038,alt_scen_000038_00025,alt_scen_000038_00027,10.0,1,0,0,1,1,0,0,0,0.63,1,1
scen_000038,alt_scen_000038_00025,alt_scen_000038_00028,20.0,1,0,0,0,0,0,0,0,0.38,1,1
scen_000038,alt_scen_000038_00025,alt_scen_000038_00029,60.0,1,0,0,0,0,0,0,0,0.35,1,1
scen_000038,alt_scen_000038_00025,alt_scen_000038_00030,60.0,1,0,0,1,1,0,0,0,0.5,1,1
scen_000038,alt_scen_000038_00025,alt_scen_000038_00033,78.89,1,0,0,1,1,0,0,0,0.8,1,1
scen_000038,alt_scen_000038_00025,alt_scen_000038_00031,80.0,1,0,0,0,0,0,0,0,0.61,1,1
scen_000038,alt_scen_000038_00025,alt_scen_000038_00032,80.0,1,0,0,1,1,0,0,0,0.38,1,1
scen_000038,alt_scen_000038_00025,alt_scen_000038_00034,100.0,1,0,0,1,1,0,0,0,0.28,1,1
scen_000038,alt_scen_000038_00026,alt_scen_000038_00027,0.0,1,0,0,0,0,0,0,0,0.3,1,1
scen_000038,alt_scen_000038_00026,alt_scen_000038_00028,10.0,1,0,0,1,1,0,0,0,0.51,1,1
scen_000038,alt_scen_000038_00026,alt_scen_000038_00029,50.0,1,0,0,1,1,0,0,0,0.75,1,1
scen_000038,alt_scen_000038_00026,alt_scen_000038_00030,50.0,1,0,0,0,0,0,0,0,0.17,1,1
scen_000038,alt_scen_000038_00026,alt_scen_000038_00033,68.89,1,0,0,0,0,0,0,0,0.35,1,1
scen_000038,alt_scen_000038_00026,alt_scen_000038_00031,70.0,1,0,0,1,1,0,0,0,0.32,1,1
scen_000038,alt_scen_000038_00026,alt_scen_000038_00032,70.0,1,0,0,0,0,0,0,0,0.46,1,1
scen_000038,alt_scen_000038_00026,alt_scen_000038_00034,90.0,1,0,0,0,0,0,0,0,0.85,1,1
scen_000038,alt_scen_000038_00026,alt_scen_000038_00035,130.0,1,0,0,1,1,0,0,0,0.52,1,1
scen_000038,alt_scen_000038_00027,alt_scen_000038_00028,10.0,1,0,0,0,0,0,0,0,0.37,1,1
scen_000038,alt_scen_000038_00027,alt_scen_000038_00029,50.0,1,0,0,0,0,0,0,0,0.27,1,1
scen_000038,alt_scen_000038_00027,alt_scen_000038_00030,50.0,1,0,0,1,1,0,0,0,0.68,1,1
scen_000038,alt_scen_000038_00027,alt_scen_000038_00033,68.89,1,0,0,1,1,0,0,0,0.78,1,1
scen_000038,alt_scen_000038_00027,alt_scen_000038_00031,70.0,1,0,0,0,0,0,0,0,0.37,1,1
scen_000038,alt_scen_000038_00027,alt_scen_000038_00032,70.0,1,0,0,1,1,0,0,0,0.34,1,1
scen_000038,alt_scen_000038_00027,alt_scen_000038_00034,90.0,1,0,0,1,1,0,0,0,0.12,1,1
scen_000038,alt_scen_000038_00027,alt_scen_000038_00035,130.0,1,0,0,0,0,0,0,0,0.2,1,1
scen_000038,alt_scen_000038_00027,alt_scen_000038_00036,130.0,1,0,0,1,1,0,0,0,0.54,1,1
scen_000038,alt_scen_000038_00028,alt_scen_000038_00029,40.0,1,0,0,1,1,0,0,0,0.52,1,1
scen_000038,alt_scen_000038_00028,alt_scen_000038_00030,40.0,1,0,0,0,0,0,0,0,0.61,1,1
scen_000038,alt_scen_000038_00028,alt_scen_000038_00033,58.89,1,0,0,0,0,0,0,0,0.14,1,1
scen_000038,alt_scen_000038_00028,alt_scen_000038_00031,60.0,1,0,0,1,1,0,0,0,0.17,1,1
scen_000038,alt_scen_000038_00028,alt_scen_000038_00032,60.0,1,0,0,0,0,0,0,0,0.79,1,1
scen_000038,alt_scen_000038_00028,alt_scen_000038_00034,80.0,1,0,0,0,0,0,0,0,0.71,1,1
scen_000038,alt_scen_000038_00028,alt_scen_000038_00035,120.0,1,0,0,1,1,0,0,0,0.25,1,1
scen_000038,alt_scen_000038_00028,alt_scen_000038_00036,120.0,1,0,0,0,0,0,0,0,0.24,1,1
scen_000038,alt_scen_000038_00028,alt_scen_000038_00037,180.0,1,0,0,1,1,0,0,0,0.66,1,1
scen_000038,alt_scen_000038_00029,alt_scen_000038_00030,0.0,1,0,0,0,0,0,0,0,0.37,1,1
scen_000038,alt_scen_000038_00029,alt_scen_000038_00033,18.89,1,0,0,0,0,0,0,0,0.44,1,1
scen_000038,alt_scen_000038_00029,alt_scen_000038_00031,20.0,1,0,0,1,1,0,0,0,0.51,1,1
scen_000038,alt_scen_000038_00029,alt_scen_000038_00032,20.0,1,0,0,0,0,0,0,0,0.34,1,1
scen_000038,alt_scen_000038_00029,alt_scen_000038_00034,40.0,1,0,0,0,0,0,0,0,0.77,1,1
scen_000038,alt_scen_000038_00029,alt_scen_000038_00035,80.0,1,0,0,1,1,0,0,0,0.1,1,1
scen_000038,alt_scen_000038_00029,alt_scen_000038_00036,80.0,1,0,0,0,0,0,0,0,0.85,1,1
scen_000038,alt_scen_000038_00029,alt_scen_000038_00037,140.0,1,0,0,1,1,0,0,0,0.83,1,1
scen_000038,alt_scen_000038_00029,alt_scen_000038_00038,150.0,1,0,0,1,1,0,0,0,0.15,1,1
scen_000038,alt_scen_000038_00030,alt_scen_000038_00033,18.89,1,0,0,1,1,0,0,0,0.82,1,1
scen_000038,alt_scen_000038_00030,alt_scen_000038_00031,20.0,1,0,0,0,0,0,0,0,0.67,1,1
scen_000038,alt_scen_000038_00030,alt_scen_000038_00032,20.0,1,0,0,1,1,0,0,0,0.79,1,1
scen_000038,alt_scen_000038_00030,alt_scen_000038_00034,40.0,1,0,0,1,1,0,0,0,0.29,1,1
scen_000038,alt_scen_000038_00030,alt_scen_000038_00035,80.0,1,0,0,0,0,0,0,0,0.55,1,1
scen_000038,alt_scen_000038_00030,alt_scen_000038_00036,80.0,1,0,0,1,1,0,0,0,0.34,1,1
scen_000038,alt_scen_000038_00030,alt_scen_000038_00037,140.0,1,0,0,0,0,0,0,0,0.33,1,1
scen_000038,alt_scen_000038_00030,alt_scen_000038_00038,150.0,1,0,0,0,0,0,0,0,0.83,1,1
scen_000038,alt_scen_000038_00030,alt_scen_000038_00039,180.0,1,0,0,1,1,0,0,0,0.35,1,1
scen_000038,alt_scen_000038_00033,alt_scen_000038_00031,1.11,1,0,0,0,0,0,0,0,0.85,1,1
scen_000038,alt_scen_000038_00033,alt_scen_000038_00032,1.11,1,0,0,1,1,0,0,0,0.73,1,1
scen_000038,alt_scen_000038_00033,alt_scen_000038_00034,21.11,1,0,0,1,1,0,0,0,0.77,1,1
scen_000038,alt_scen_000038_00033,alt_scen_000038_00035,61.11,1,0,0,0,0,0,0,0,0.73,1,1
scen_000038,alt_scen_000038_00033,alt_scen_000038_00036,61.11,1,0,0,1,1,0,0,0,0.72,1,1
scen_000038,alt_scen_000038_00033,alt_scen_000038_00037,121.11,1,0,0,0,0,0,0,0,0.72,1,1
scen_000038,alt_scen_000038_00033,alt_scen_000038_00038,131.11,1,0,0,0,0,0,0,0,0.24,1,1
scen_000038,alt_scen_000038_00033,alt_scen_000038_00039,161.11,1,0,0,1,1,0,0,0,0.49,1,1
scen_000038,alt_scen_000038_00033,alt_scen_000038_00040,201.11,1,0,0,0,0,0,0,0,0.47,1,1
scen_000038,alt_scen_000038_00031,alt_scen_000038_00032,0.0,1,0,0,0,0,0,0,0,0.19,1,1
scen_000038,alt_scen_000038_00031,alt_scen_000038_00034,20.0,1,0,0,0,0,0,0,0,0.59,1,1
scen_000038,alt_scen_000038_00031,alt_scen_000038_00035,60.0,1,0,0,1,1,0,0,0,0.58,1,1
scen_000038,alt_scen_000038_00031,alt_scen_000038_00036,60.0,1,0,0,0,0,0,0,0,0.27,1,1
scen_000038,alt_scen_000038_00031,alt_scen_000038_00037,120.0,1,0,0,1,1,0,0,0,0.81,1,1
scen_000038,alt_scen_000038_00031,alt_scen_000038_00038,130.0,1,0,0,1,1,0,0,0,0.86,1,1
scen_000038,alt_scen_000038_00031,alt_scen_000038_00039,160.0,1,0,0,0,0,0,0,0,0.78,1,1
scen_000038,alt_scen_000038_00031,alt_scen_000038_00040,200.0,1,0,0,1,1,0,0,0,0.73,1,1
scen_000038,alt_scen_000038_00031,alt_scen_000038_00041,250.0,1,0,0,1,1,0,0,0,0.68,1,1
scen_000038,alt_scen_000038_00032,alt_scen_000038_00034,20.0,1,0,0,1,1,0,0,0,0.61,1,1
scen_000038,alt_scen_000038_00032,alt_scen_000038_00035,60.0,1,0,0,0,0,0,0,0,0.8,1,1
scen_000038,alt_scen_000038_00032,alt_scen_000038_00036,60.0,1,0,0,1,1,0,0,0,0.32,1,1
scen_000038,alt_scen_000038_00032,alt_scen_000038_00037,120.0,1,0,0,0,0,0,0,0,0.37,1,1
scen_000038,alt_scen_000038_00032,alt_scen_000038_00038,130.0,1,0,0,0,0,0,0,0,0.43,1,1
scen_000038,alt_scen_000038_00032,alt_scen_000038_00039,160.0,1,0,0,1,1,0,0,0,0.73,1,1
scen_000038,alt_scen_000038_00032,alt_scen_000038_00040,200.0,1,0,0,0,0,0,0,0,0.77,1,1
scen_000038,alt_scen_000038_00032,alt_scen_000038_00041,250.0,1,0,0,0,0,0,0,0,0.13,1,1
scen_000038,alt_scen_000038_00032,alt_scen_000038_00042,260.0,1,0,0,1,1,0,0,0,0.81,1,1
scen_000038,alt_scen_000038_00034,alt_scen_000038_00035,40.0,1,0,0,0,0,0,0,0,0.24,1,1
scen_000038,alt_scen_000038_00034,alt_scen_000038_00036,40.0,1,0,0,1,1,0,0,0,0.26,1,1
scen_000038,alt_scen_000038_00034,alt_scen_000038_00037,100.0,1,0,0,0,0,0,0,0,0.39,1,1
scen_000038,alt_scen_000038_00034,alt_scen_000038_00038,110.0,1,0,0,0,0,0,0,0,0.48,1,1
scen_000038,alt_scen_000038_00034,alt_scen_000038_00039,140.0,1,0,0,1,1,0,0,0,0.34,1,1
scen_000038,alt_scen_000038_00034,alt_scen_000038_00040,180.0,1,0,0,0,0,0,0,0,0.4,1,1
scen_000038,alt_scen_000038_00034,alt_scen_000038_00041,230.0,1,0,0,0,0,0,0,0,0.67,1,1
scen_000038,alt_scen_000038_00034,alt_scen_000038_00042,240.0,1,0,0,1,1,0,0,0,0.69,1,1
scen_000038,alt_scen_000038_00034,alt_scen_000038_00043,260.0,1,0,0,0,0,0,0,0,0.13,1,1
scen_000038,alt_scen_000038_00035,alt_scen_000038_00036,0.0,1,0,0,0,0,0,0,0,0.83,1,1
scen_000038,alt_scen_000038_00035,alt_scen_000038_00037,60.0,1,0,0,1,1,0,0,0,0.42,1,1
scen_000038,alt_scen_000038_00035,alt_scen_000038_00038,70.0,1,0,0,1,1,0,0,0,0.69,1,1
scen_000038,alt_scen_000038_00035,alt_scen_000038_00039,100.0,1,0,0,0,0,0,0,0,0.67,1,1
scen_000038,alt_scen_000038_00035,alt_scen_000038_00040,140.0,1,0,0,1,1,0,0,0,0.63,1,1
scen_000038,alt_scen_000038_00035,alt_scen_000038_00041,190.0,1,0,0,1,1,0,0,0,0.23,1,1
scen_000038,alt_scen_000038_00035,alt_scen_000038_00042,200.0,1,0,0,0,0,0,0,0,0.61,1,1
scen_000038,alt_scen_000038_00035,alt_scen_000038_00043,220.0,1,0,0,1,1,0,0,0,0.41,1,1
scen_000038,alt_scen_000038_00035,alt_scen_000038_00044,250.0,1,0,0,0,0,0,0,0,0.19,1,1
scen_000038,alt_scen_000038_00036,alt_scen_000038_00037,60.0,1,0,0,0,0,0,0,0,0.88,1,1
scen_000038,alt_scen_000038_00036,alt_scen_000038_00038,70.0,1,0,0,0,0,0,0,0,0.3,1,1
scen_000038,alt_scen_000038_00036,alt_scen_000038_00039,100.0,1,0,0,1,1,0,0,0,0.57,1,1
scen_000038,alt_scen_000038_00036,alt_scen_000038_00040,140.0,1,0,0,0,0,0,0,0,0.89,1,1
scen_000038,alt_scen_000038_00036,alt_scen_000038_00041,190.0,1,0,0,0,0,0,0,0,0.82,1,1
scen_000038,alt_scen_000038_00036,alt_scen_000038_00042,200.0,1,0,0,1,1,0,0,0,0.81,1,1
scen_000038,alt_scen_000038_00036,alt_scen_000038_00043,220.0,1,0,0,0,0,0,0,0,0.5,1,1
scen_000038,alt_scen_000038_00036,alt_scen_000038_00044,250.0,1,0,0,1,1,0,0,0,0.37,1,1
scen_000038,alt_scen_000038_00036,alt_scen_000038_00045,260.0,1,0,0,1,1,0,0,0,0.65,1,1
scen_000038,alt_scen_000038_00037,alt_scen_000038_00038,10.0,1,0,0,1,1,0,0,0,0.65,1,1
scen_000038,alt_scen_000038_00037,alt_scen_000038_00039,40.0,1,0,0,0,0,0,0,0,0.27,1,1
scen_000038,alt_scen_000038_00037,alt_scen_000038_00040,80.0,1,0,0,1,1,0,0,0,0.12,1,1
scen_000038,alt_scen_000038_00037,alt_scen_000038_00041,130.0,1,0,0,1,1,0,0,0,0.6,1,1
scen_000038,alt_scen_000038_00037,alt_scen_000038_00042,140.0,1,0,0,0,0,0,0,0,0.52,1,1
scen_000038,alt_scen_000038_00037,alt_scen_000038_00043,160.0,1,0,0,1,1,0,0,0,0.63,1,1
scen_000038,alt_scen_000038_00037,alt_scen_000038_00044,190.0,1,0,0,0,0,0,0,0,0.38,1,1
scen_000038,alt_scen_000038_00037,alt_scen_000038_00045,200.0,1,0,0,0,0,0,0,0,0.72,1,1
scen_000038,alt_scen_000038_00037,alt_scen_000038_00046,210.0,1,0,0,0,0,0,0,0,0.65,1,1
scen_000038,alt_scen_000038_00038,alt_scen_000038_00039,30.0,1,0,0,0,0,0,0,0,0.72,1,1
scen_000038,alt_scen_000038_00038,alt_scen_000038_00040,70.0,1,0,0,1,1,0,0,0,0.8,1,1
scen_000038,alt_scen_000038_00038,alt_scen_000038_00041,120.0,1,0,0,1,1,0,0,0,0.65,1,1
scen_000038,alt_scen_000038_00038,alt_scen_000038_00042,130.0,1,0,0,0,0,0,0,0,0.31,1,1
scen_000038,alt_scen_000038_00038,alt_scen_000038_00043,150.0,1,0,0,1,1,0,0,0,0.38,1,1
scen_000038,alt_scen_000038_00038,alt_scen_000038_00044,180.0,1,0,0,0,0,0,0,0,0.17,1,1
scen_000038,alt_scen_000038_00038,alt_scen_000038_00045,190.0,1,0,0,0,0,0,0,0,0.35,1,1
scen_000038,alt_scen_000038_00038,alt_scen_000038_00046,200.0,1,0,0,0,0,0,0,0,0.54,1,1
scen_000038,alt_scen_000038_00038,alt_scen_000038_00047,250.0,1,0,0,1,1,0,0,0,0.74,1,1
scen_000038,alt_scen_000038_00039,alt_scen_000038_00040,40.0,1,0,0,0,0,0,0,0,0.67,1,1
scen_000038,alt_scen_000038_00039,alt_scen_000038_00041,90.0,1,0,0,0,0,0,0,0,0.58,1,1
scen_000038,alt_scen_000038_00039,alt_scen_000038_00042,100.0,1,0,0,1,1,0,0,0,0.74,1,1
scen_000038,alt_scen_000038_00039,alt_scen_000038_00043,120.0,1,0,0,0,0,0,0,0,0.85,1,1
scen_000038,alt_scen_000038_00039,alt_scen_000038_00044,150.0,1,0,0,1,1,0,0,0,0.67,1,1
scen_000038,alt_scen_000038_00039,alt_scen_000038_00045,160.0,1,0,0,1,1,0,0,0,0.77,1,1
scen_000038,alt_scen_000038_00039,alt_scen_000038_00046,170.0,1,0,0,1,1,0,0,0,0.52,1,1
scen_000038,alt_scen_000038_00039,alt_scen_000038_00047,220.0,1,0,0,0,0,0,0,0,0.72,1,1
scen_000038,alt_scen_000038_00039,alt_scen_000038_00048,230.0,1,0,0,0,0,0,0,0,0.77,1,1
scen_000038,alt_scen_000038_00040,alt_scen_000038_00041,50.0,1,0,0,1,1,0,0,0,0.59,1,1
scen_000038,alt_scen_000038_00040,alt_scen_000038_00042,60.0,1,0,0,0,0,0,0,0,0.33,1,1
scen_000038,alt_scen_000038_00040,alt_scen_000038_00043,80.0,1,0,0,1,1,0,0,0,0.63,1,1
scen_000038,alt_scen_000038_00040,alt_scen_000038_00044,110.0,1,0,0,0,0,0,0,0,0.35,1,1
scen_000038,alt_scen_000038_00040,alt_scen_000038_00045,120.0,1,0,0,0,0,0,0,0,0.36,1,1
scen_000038,alt_scen_000038_00040,alt_scen_000038_00046,130.0,1,0,0,0,0,0,0,0,0.7,1,1
scen_000038,alt_scen_000038_00040,alt_scen_000038_00047,180.0,1,0,0,1,1,0,0,0,0.54,1,1
scen_000038,alt_scen_000038_00040,alt_scen_000038_00048,190.0,1,0,0,1,1,0,0,0,0.88,1,1
scen_000038,alt_scen_000038_00040,alt_scen_000038_00049,220.0,1,0,0,0,0,0,0,0,0.17,1,1
scen_000038,alt_scen_000038_00041,alt_scen_000038_00042,10.0,1,0,0,0,0,0,0,0,0.48,1,1
scen_000038,alt_scen_000038_00041,alt_scen_000038_00043,30.0,1,0,0,1,1,0,0,0,0.89,1,1
scen_000038,alt_scen_000038_00041,alt_scen_000038_00044,60.0,1,0,0,0,0,0,0,0,0.26,1,1
scen_000038,alt_scen_000038_00041,alt_scen_000038_00045,70.0,1,0,0,0,0,0,0,0,0.5,1,1
scen_000038,alt_scen_000038_00041,alt_scen_000038_00046,80.0,1,0,0,0,0,0,0,0,0.29,1,1
scen_000038,alt_scen_000038_00041,alt_scen_000038_00047,130.0,1,0,0,1,1,0,0,0,0.12,1,1
scen_000038,alt_scen_000038_00041,alt_scen_000038_00048,140.0,1,0,0,1,1,0,0,0,0.81,1,1
scen_000038,alt_scen_000038_00041,alt_scen_000038_00049,170.0,1,0,0,0,0,0,0,0,0.3,1,1
scen_000038,alt_scen_000038_00041,alt_scen_000038_00050,180.0,1,0,0,0,0,0,0,0,0.7,1,1
scen_000038,alt_scen_000038_00042,alt_scen_000038_00043,20.0,1,0,0,0,0,0,0,0,0.77,1,1
scen_000038,alt_scen_000038_00042,alt_scen_000038_00044,50.0,1,0,0,1,1,0,0,0,0.65,1,1
scen_000038,alt_scen_000038_00042,alt_scen_000038_00045,60.0,1,0,0,1,1,0,0,0,0.7,1,1
scen_000038,alt_scen_000038_00042,alt_scen_000038_00046,70.0,1,0,0,1,1,0,0,0,0.3,1,1
scen_000038,alt_scen_000038_00042,alt_scen_000038_00047,120.0,1,0,0,0,0,0,0,0,0.48,1,1
scen_000038,alt_scen_000038_00042,alt_scen_000038_00048,130.0,1,0,0,0,0,0,0,0,0.21,1,1
scen_000038,alt_scen_000038_00042,alt_scen_000038_00049,160.0,1,0,0,1,1,0,0,0,0.11,1,1
scen_000038,alt_scen_000038_00042,alt_scen_000038_00050,170.0,1,0,0,1,1,0,0,0,0.12,1,1
scen_000038,alt_scen_000038_00042,alt_scen_000038_00051,220.0,1,0,0,0,0,0,0,0,0.56,1,1
scen_000038,alt_scen_000038_00043,alt_scen_000038_00044,30.0,1,0,0,0,0,0,0,0,0.34,1,1
scen_000038,alt_scen_000038_00043,alt_scen_000038_00045,40.0,1,0,0,0,0,0,0,0,0.27,1,1
scen_000038,alt_scen_000038_00043,alt_scen_000038_00046,50.0,1,0,0,0,0,0,0,0,0.51,1,1
scen_000038,alt_scen_000038_00043,alt_scen_000038_00047,100.0,1,0,0,1,1,0,0,0,0.74,1,1
scen_000038,alt_scen_000038_00043,alt_scen_000038_00048,110.0,1,0,0,1,1,0,0,0,0.29,1,1
scen_000038,alt_scen_000038_00043,alt_scen_000038_00049,140.0,1,0,0,0,0,0,0,0,0.81,1,1
scen_000038,alt_scen_000038_00043,alt_scen_000038_00050,150.0,1,0,0,0,0,0,0,0,0.77,1,1
scen_000038,alt_scen_000038_00043,alt_scen_000038_00051,200.0,1,0,0,1,1,0,0,0,0.43,1,1
scen_000038,alt_scen_000038_00044,alt_scen_000038_00045,10.0,1,0,0,1,1,0,0,0,0.67,1,1
scen_000038,alt_scen_000038_00044,alt_scen_000038_00046,20.0,1,0,0,1,1,0,0,0,0.71,1,1
scen_000038,alt_scen_000038_00044,alt_scen_000038_00047,70.0,1,0,0,0,0,0,0,0,0.57,1,1
scen_000038,alt_scen_000038_00044,alt_scen_000038_00048,80.0,1,0,0,0,0,0,0,0,0.56,1,1
scen_000038,alt_scen_000038_00044,alt_scen_000038_00049,110.0,1,0,0,1,1,0,0,0,0.38,1,1
scen_000038,alt_scen_000038_00044,alt_scen_000038_00050,120.0,1,0,0,1,1,0,0,0,0.89,1,1
scen_000038,alt_scen_000038_00044,alt_scen_000038_00051,170.0,1,0,0,0,0,0,0,0,0.76,1,1
scen_000038,alt_scen_000038_00045,alt_scen_000038_00046,10.0,1,0,0,1,1,0,0,0,0.3,1,1
scen_000038,alt_scen_000038_00045,alt_scen_000038_00047,60.0,1,0,0,0,0,0,0,0,0.69,1,1
scen_000038,alt_scen_000038_00045,alt_scen_000038_00048,70.0,1,0,0,0,0,0,0,0,0.87,1,1
scen_000038,alt_scen_000038_00045,alt_scen_000038_00049,100.0,1,0,0,1,1,0,0,0,0.58,1,1
scen_000038,alt_scen_000038_00045,alt_scen_000038_00050,110.0,1,0,0,1,1,0,0,0,0.24,1,1
scen_000038,alt_scen_000038_00045,alt_scen_000038_00051,160.0,1,0,0,0,0,0,0,0,0.35,1,1
scen_000038,alt_scen_000038_00046,alt_scen_000038_00047,50.0,1,0,0,0,0,0,0,0,0.26,1,1
scen_000038,alt_scen_000038_00046,alt_scen_000038_00048,60.0,1,0,0,0,0,0,0,0,0.59,1,1
scen_000038,alt_scen_000038_00046,alt_scen_000038_00049,90.0,1,0,0,1,1,0,0,0,0.18,1,1
scen_000038,alt_scen_000038_00046,alt_scen_000038_00050,100.0,1,0,0,1,1,0,0,0,0.54,1,1
scen_000038,alt_scen_000038_00046,alt_scen_000038_00051,150.0,1,0,0,0,0,0,0,0,0.31,1,1
scen_000038,alt_scen_000038_00047,alt_scen_000038_00048,10.0,1,0,0,1,1,0,0,0,0.73,1,1
scen_000038,alt_scen_000038_00047,alt_scen_000038_00049,40.0,1,0,0,0,0,0,0,0,0.13,1,1
scen_000038,alt_scen_000038_00047,alt_scen_000038_00050,50.0,1,0,0,0,0,0,0,0,0.29,1,1
scen_000038,alt_scen_000038_00047,alt_scen_000038_00051,100.0,1,0,0,1,1,0,0,0,0.83,1,1
scen_000038,alt_scen_000038_00048,alt_scen_000038_00049,30.0,1,0,0,0,0,0,0,0,0.76,1,1
scen_000038,alt_scen_000038_00048,alt_scen_000038_00050,40.0,1,0,0,0,0,0,0,0,0.46,1,1
scen_000038,alt_scen_000038_00048,alt_scen_000038_00051,90.0,1,0,0,1,1,0,0,0,0.86,1,1
scen_000038,alt_scen_000038_00049,alt_scen_000038_00050,10.0,1,0,0,1,1,0,0,0,0.49,1,1
scen_000038,alt_scen_000038_00049,alt_scen_000038_00051,60.0,1,0,0,0,0,0,0,0,0.77,1,1
scen_000038,alt_scen_000038_00050,alt_scen_000038_00051,50.0,1,0,0,0,0,0,0,0,0.54,1,1
scen_000039,alt_scen_000039_00001,alt_scen_000039_00004,27.0,0,0,0,1,1,0,2,0,0.29,1,0
scen_000039,alt_scen_000039_00001,alt_scen_000039_00003,213.0,0,0,0,1,1,0,2,0,0.7,1,0
scen_000039,alt_scen_000039_00001,alt_scen_000039_00002,748.0,0,0,0,1,1,0,3,0,0.78,0,0
scen_000039,alt_scen_000039_00004,alt_scen_000039_00003,186.0,0,0,0,1,1,0,2,0,0.9,1,0
scen_000039,alt_scen_000039_00004,alt_scen_000039_00002,721.0,0,0,0,1,1,0,3,0,0.11,0,0
scen_000039,alt_scen_000039_00003,alt_scen_000039_00002,535.0,0,0,0,1,1,0,3,0,0.11,0,0
scen_000040,alt_scen_000040_00001,alt_scen_000040_00003,62.0,0,0,0,1,1,0,2,0,0.28,1,0
scen_000040,alt_scen_000040_00001,alt_scen_000040_00002,224.0,0,0,0,1,1,0,2,0,0.15,1,0
scen_000040,alt_scen_000040_00003,alt_scen_000040_00002,162.0,0,0,0,1,1,0,2,0,0.85,1,0
scen_000041,alt_scen_000041_00067,alt_scen_000041_00001,131.0,0,0,0,0,1,0,2,0,0.67,1,0
scen_000041,alt_scen_000041_00067,alt_scen_000041_00002,151.0,0,0,0,0,0,0,2,0,0.5,1,0
scen_000041,alt_scen_000041_00067,alt_scen_000041_00069,196.0,0,0,0,1,1,0,3,0,0.6,1,0
scen_000041,alt_scen_000041_00067,alt_scen_000041_00003,241.0,0,0,0,0,1,0,2,0,0.8,1,0
scen_000041,alt_scen_000041_00067,alt_scen_000041_00004,243.97,0,0,0,0,1,0,2,0,0.19,1,0
scen_000041,alt_scen_000041_00067,alt_scen_000041_00005,251.0,0,0,0,0,0,0,2,0,0.57,1,0
scen_000041,alt_scen_000041_00067,alt_scen_000041_00006,301.0,0,0,0,0,1,0,2,0,0.6,0,0
scen_000041,alt_scen_000041_00067,alt_scen_000041_00007,311.0,0,0,0,0,1,0,2,0,0.12,0,0
scen_000041,alt_scen_000041_00067,alt_scen_000041_00009,317.06,0,0,0,0,0,0,2,0,0.54,0,0
scen_000041,alt_scen_000041_00001,alt_scen_000041_00002,20.0,1,0,0,0,0,0,0,0,0.71,1,1
scen_000041,alt_scen_000041_00001,alt_scen_000041_00069,65.0,0,0,0,0,1,0,3,0,0.57,1,0
scen_000041,alt_scen_000041_00001,alt_scen_000041_00003,110.0,1,0,0,1,1,0,0,0,0.43,1,1
scen_000041,alt_scen_000041_00001,alt_scen_000041_00004,112.97,1,0,0,1,1,0,0,0,0.6,1,1
scen_000041,alt_scen_000041_00001,alt_scen_000041_00005,120.0,1,0,0,0,0,0,0,0,0.66,1,1
scen_000041,alt_scen_000041_00001,alt_scen_000041_00006,170.0,1,0,0,1,1,0,0,0,0.79,1,1
scen_000041,alt_scen_000041_00001,alt_scen_000041_00007,180.0,1,0,0,1,1,0,0,0,0.26,1,1
scen_000041,alt_scen_000041_00001,alt_scen_000041_00009,186.06,1,0,0,0,0,0,0,0,0.22,1,1
scen_000041,alt_scen_000041_00001,alt_scen_000041_00008,190.0,1,0,0,0,0,0,0,0,0.89,1,1
scen_000041,alt_scen_000041_00002,alt_scen_000041_00069,45.0,0,0,0,0,0,0,3,0,0.42,1,0
scen_000041,alt_scen_000041_00002,alt_scen_000041_00003,90.0,1,0,0,0,0,0,0,0,0.8,1,1
scen_000041,alt_scen_000041_00002,alt_scen_000041_00004,92.97,1,0,0,0,0,0,0,0,0.1,1,1
scen_000041,alt_scen_000041_00002,alt_scen_000041_00005,100.0,1,0,0,1,1,0,0,0,0.89,1,1
scen_000041,alt_scen_000041_00002,alt_scen_000041_00006,150.0,1,0,0,0,0,0,0,0,0.29,1,1
scen_000041,alt_scen_000041_00002,alt_scen_000041_00007,160.0,1,0,0,0,0,0,0,0,0.44,1,1
scen_000041,alt_scen_000041_00002,alt_scen_000041_00009,166.06,1,0,0,1,1,0,0,0,0.28,1,1
scen_000041,alt_scen_000041_00002,alt_scen_000041_00008,170.0,1,0,0,1,1,0,0,0,0.4,1,1
scen_000041,alt_scen_000041_00002,alt_scen_000041_00010,180.0,1,0,0,0,0,0,0,0,0.5,1,1
scen_000041,alt_scen_000041_00069,alt_scen_000041_00003,45.0,0,0,0,0,1,0,3,0,0.31,1,0
scen_000041,alt_scen_000041_00069,alt_scen_000041_00004,47.97,0,0,0,0,1,0,3,0,0.77,1,0
scen_000041,alt_scen_000041_00069,alt_scen_000041_00005,55.0,0,0,0,0,0,0,3,0,0.56,1,0
scen_000041,alt_scen_000041_00069,alt_scen_000041_00006,105.0,0,0,0,0,1,0,3,0,0.71,1,0
scen_000041,alt_scen_000041_00069,alt_scen_000041_00007,115.0,0,0,0,0,1,0,3,0,0.52,1,0
scen_000041,alt_scen_000041_00069,alt_scen_000041_00009,121.06,0,0,0,0,0,0,3,0,0.71,1,0
scen_000041,alt_scen_000041_00069,alt_scen_000041_00008,125.0,0,0,0,0,0,0,3,0,0.77,1,0
scen_000041,alt_scen_000041_00069,alt_scen_000041_00010,135.0,0,0,0,0,1,0,3,0,0.74,1,0
scen_000041,alt_scen_000041_00069,alt_scen_000041_00011,155.0,0,0,0,0,0,0,3,0,0.39,1,0
scen_000041,alt_scen_000041_00003,alt_scen_000041_00004,2.97,1,0,0,1,1,0,0,0,0.36,1,1
scen_000041,alt_scen_000041_00003,alt_scen_000041_00005,10.0,1,0,0,0,0,0,0,0,0.17,1,1
scen_000041,alt_scen_000041_00003,alt_scen_000041_00006,60.0,1,0,0,1,1,0,0,0,0.63,1,1
scen_000041,alt_scen_000041_00003,alt_scen_000041_00007,70.0,1,0,0,1,1,0,0,0,0.15,1,1
scen_000041,alt_scen_000041_00003,alt_scen_000041_00009,76.06,1,0,0,0,0,0,0,0,0.24,1,1
scen_000041,alt_scen_000041_00003,alt_scen_000041_00008,80.0,1,0,0,0,0,0,0,0,0.47,1,1
scen_000041,alt_scen_000041_00003,alt_scen_000041_00010,90.0,1,0,0,1,1,0,0,0,0.61,1,1
scen_000041,alt_scen_000041_00003,alt_scen_000041_00011,110.0,1,0,0,0,0,0,0,0,0.22,1,1
scen_000041,alt_scen_000041_00003,alt_scen_000041_00012,110.0,1,0,0,1,1,0,0,0,0.83,1,1
scen_000041,alt_scen_000041_00004,alt_scen_000041_00005,7.03,1,0,0,0,0,0,0,0,0.71,1,1
scen_000041,alt_scen_000041_00004,alt_scen_000041_00006,57.03,1,0,0,1,1,0,0,0,0.11,1,1
scen_000041,alt_scen_000041_00004,alt_scen_000041_00007,67.03,1,0,0,1,1,0,0,0,0.14,1,1
scen_000041,alt_scen_000041_00004,alt_scen_000041_00009,73.09,1,0,0,0,0,0,0,0,0.7,1,1
scen_000041,alt_scen_000041_00004,alt_scen_000041_00008,77.03,1,0,0,0,0,0,0,0,0.73,1,1
scen_000041,alt_scen_000041_00004,alt_scen_000041_00010,87.03,1,0,0,1,1,0,0,0,0.57,1,1
scen_000041,alt_scen_000041_00004,alt_scen_000041_00011,107.03,1,0,0,0,0,0,0,0,0.64,1,1
scen_000041,alt_scen_000041_00004,alt_scen_000041_00012,107.03,1,0,0,1,1,0,0,0,0.61,1,1
scen_000041,alt_scen_000041_00004,alt_scen_000041_00068,137.03,0,0,0,0,1,0,2,0,0.28,1,0
scen_000041,alt_scen_000041_00005,alt_scen_000041_00006,50.0,1,0,0,0,0,0,0,0,0.64,1,1
scen_000041,alt_scen_000041_00005,alt_scen_000041_00007,60.0,1,0,0,0,0,0,0,0,0.88,1,1
scen_000041,alt_scen_000041_00005,alt_scen_000041_00009,66.06,1,0,0,1,1,0,0,0,0.77,1,1
scen_000041,alt_scen_000041_00005,alt_scen_000041_00008,70.0,1,0,0,1,1,0,0,0,0.71,1,1
scen_000041,alt_scen_000041_00005,alt_scen_000041_00010,80.0,1,0,0,0,0,0,0,0,0.53,1,1
scen_000041,alt_scen_000041_00005,alt_scen_000041_00011,100.0,1,0,0,1,1,0,0,0,0.33,1,1
scen_000041,alt_scen_000041_00005,alt_scen_000041_00012,100.0,1,0,0,0,0,0,0,0,0.26,1,1
scen_000041,alt_scen_000041_00005,alt_scen_000041_00068,130.0,0,0,0,0,0,0,2,0,0.19,1,0
scen_000041,alt_scen_000041_00005,alt_scen_000041_00013,160.0,1,0,0,1,1,0,0,0,0.66,1,1
scen_000041,alt_scen_000041_00006,alt_scen_000041_00007,10.0,1,0,0,1,1,0,0,0,0.26,1,1
scen_000041,alt_scen_000041_00006,alt_scen_000041_00009,16.06,1,0,0,0,0,0,0,0,0.82,1,1
scen_000041,alt_scen_000041_00006,alt_scen_000041_00008,20.0,1,0,0,0,0,0,0,0,0.55,1,1
scen_000041,alt_scen_000041_00006,alt_scen_000041_00010,30.0,1,0,0,1,1,0,0,0,0.71,1,1
scen_000041,alt_scen_000041_00006,alt_scen_000041_00011,50.0,1,0,0,0,0,0,0,0,0.67,1,1
scen_000041,alt_scen_000041_00006,alt_scen_000041_00012,50.0,1,0,0,1,1,0,0,0,0.19,1,1
scen_000041,alt_scen_000041_00006,alt_scen_000041_00068,80.0,0,0,0,0,1,0,2,0,0.14,1,0
scen_000041,alt_scen_000041_00006,alt_scen_000041_00013,110.0,1,0,0,0,0,0,0,0,0.83,1,1
scen_000041,alt_scen_000041_00006,alt_scen_000041_00014,130.0,1,0,0,0,0,0,0,0,0.18,1,1
scen_000041,alt_scen_000041_00007,alt_scen_000041_00009,6.06,1,0,0,0,0,0,0,0,0.7,1,1
scen_000041,alt_scen_000041_00007,alt_scen_000041_00008,10.0,1,0,0,0,0,0,0,0,0.11,1,1
scen_000041,alt_scen_000041_00007,alt_scen_000041_00010,20.0,1,0,0,1,1,0,0,0,0.18,1,1
scen_000041,alt_scen_000041_00007,alt_scen_000041_00011,40.0,1,0,0,0,0,0,0,0,0.62,1,1
scen_000041,alt_scen_000041_00007,alt_scen_000041_00012,40.0,1,0,0,1,1,0,0,0,0.36,1,1
scen_000041,alt_scen_000041_00007,alt_scen_000041_00068,70.0,0,0,0,0,1,0,2,0,0.62,1,0
scen_000041,alt_scen_000041_00007,alt_scen_000041_00013,100.0,1,0,0,0,0,0,0,0,0.65,1,1
scen_000041,alt_scen_000041_00007,alt_scen_000041_00014,120.0,1,0,0,0,0,0,0,0,0.47,1,1
scen_000041,alt_scen_000041_00007,alt_scen_000041_00015,130.0,1,0,0,1,1,0,0,0,0.25,1,1
scen_000041,alt_scen_000041_00009,alt_scen_000041_00008,3.94,1,0,0,1,1,0,0,0,0.22,1,1
scen_000041,alt_scen_000041_00009,alt_scen_000041_00010,13.94,1,0,0,0,0,0,0,0,0.67,1,1
scen_000041,alt_scen_000041_00009,alt_scen_000041_00011,33.94,1,0,0,1,1,0,0,0,0.5,1,1
scen_000041,alt_scen_000041_00009,alt_scen_000041_00012,33.94,1,0,0,0,0,0,0,0,0.84,1,1
scen_000041,alt_scen_000041_00009,alt_scen_000041_00068,63.94,0,0,0,0,0,0,2,0,0.74,1,0
scen_000041,alt_scen_000041_00009,alt_scen_000041_00013,93.94,1,0,0,1,1,0,0,0,0.66,1,1
scen_000041,alt_scen_000041_00009,alt_scen_000041_00014,113.94,1,0,0,1,1,0,0,0,0.26,1,1
scen_000041,alt_scen_000041_00009,alt_scen_000041_00015,123.94,1,0,0,0,0,0,0,0,0.59,1,1
scen_000041,alt_scen_000041_00009,alt_scen_000041_00016,173.94,1,0,0,1,1,0,0,0,0.82,1,1
scen_000041,alt_scen_000041_00008,alt_scen_000041_00010,10.0,1,0,0,0,0,0,0,0,0.59,1,1
scen_000041,alt_scen_000041_00008,alt_scen_000041_00011,30.0,1,0,0,1,1,0,0,0,0.12,1,1
scen_000041,alt_scen_000041_00008,alt_scen_000041_00012,30.0,1,0,0,0,0,0,0,0,0.31,1,1
scen_000041,alt_scen_000041_00008,alt_scen_000041_00068,60.0,0,0,0,0,0,0,2,0,0.23,1,0
scen_000041,alt_scen_000041_00008,alt_scen_000041_00013,90.0,1,0,0,1,1,0,0,0,0.4,1,1
scen_000041,alt_scen_000041_00008,alt_scen_000041_00014,110.0,1,0,0,1,1,0,0,0,0.3,1,1
scen_000041,alt_scen_000041_00008,alt_scen_000041_00015,120.0,1,0,0,0,0,0,0,0,0.57,1,1
scen_000041,alt_scen_000041_00008,alt_scen_000041_00016,170.0,1,0,0,1,1,0,0,0,0.38,1,1
scen_000041,alt_scen_000041_00008,alt_scen_000041_00017,180.0,1,0,0,0,0,0,0,0,0.33,1,1
scen_000041,alt_scen_000041_00010,alt_scen_000041_00011,20.0,1,0,0,0,0,0,0,0,0.25,1,1
scen_000041,alt_scen_000041_00010,alt_scen_000041_00012,20.0,1,0,0,1,1,0,0,0,0.31,1,1
scen_000041,alt_scen_000041_00010,alt_scen_000041_00068,50.0,0,0,0,0,1,0,2,0,0.45,1,0
scen_000041,alt_scen_000041_00010,alt_scen_000041_00013,80.0,1,0,0,0,0,0,0,0,0.77,1,1
scen_000041,alt_scen_000041_00010,alt_scen_000041_00014,100.0,1,0,0,0,0,0,0,0,0.82,1,1
scen_000041,alt_scen_000041_00010,alt_scen_000041_00015,110.0,1,0,0,1,1,0,0,0,0.36,1,1
scen_000041,alt_scen_000041_00010,alt_scen_000041_00016,160.0,1,0,0,0,0,0,0,0,0.17,1,1
scen_000041,alt_scen_000041_00010,alt_scen_000041_00017,170.0,1,0,0,1,1,0,0,0,0.84,1,1
scen_000041,alt_scen_000041_00010,alt_scen_000041_00018,180.0,1,0,0,0,0,0,0,0,0.87,1,1
scen_000041,alt_scen_000041_00011,alt_scen_000041_00012,0.0,1,0,0,0,0,0,0,0,0.88,1,1
scen_000041,alt_scen_000041_00011,alt_scen_000041_00068,30.0,0,0,0,0,0,0,2,0,0.56,1,0
scen_000041,alt_scen_000041_00011,alt_scen_000041_00013,60.0,1,0,0,1,1,0,0,0,0.12,1,1
scen_000041,alt_scen_000041_00011,alt_scen_000041_00014,80.0,1,0,0,1,1,0,0,0,0.71,1,1
scen_000041,alt_scen_000041_00011,alt_scen_000041_00015,90.0,1,0,0,0,0,0,0,0,0.36,1,1
scen_000041,alt_scen_000041_00011,alt_scen_000041_00016,140.0,1,0,0,1,1,0,0,0,0.49,1,1
scen_000041,alt_scen_000041_00011,alt_scen_000041_00017,150.0,1,0,0,0,0,0,0,0,0.68,1,1
scen_000041,alt_scen_000041_00011,alt_scen_000041_00018,160.0,1,0,0,1,1,0,0,0,0.23,1,1
scen_000041,alt_scen_000041_00011,alt_scen_000041_00019,170.0,1,0,0,0,0,0,0,0,0.86,1,1
scen_000041,alt_scen_000041_00012,alt_scen_000041_00068,30.0,0,0,0,0,1,0,2,0,0.6,1,0
scen_000041,alt_scen_000041_00012,alt_scen_000041_00013,60.0,1,0,0,0,0,0,0,0,0.51,1,1
scen_000041,alt_scen_000041_00012,alt_scen_000041_00014,80.0,1,0,0,0,0,0,0,0,0.69,1,1
scen_000041,alt_scen_000041_00012,alt_scen_000041_00015,90.0,1,0,0,1,1,0,0,0,0.72,1,1
scen_000041,alt_scen_000041_00012,alt_scen_000041_00016,140.0,1,0,0,0,0,0,0,0,0.64,1,1
scen_000041,alt_scen_000041_00012,alt_scen_000041_00017,150.0,1,0,0,1,1,0,0,0,0.55,1,1
scen_000041,alt_scen_000041_00012,alt_scen_000041_00018,160.0,1,0,0,0,0,0,0,0,0.43,1,1
scen_000041,alt_scen_000041_00012,alt_scen_000041_00019,170.0,1,0,0,1,1,0,0,0,0.66,1,1
scen_000041,alt_scen_000041_00012,alt_scen_000041_00020,180.0,1,0,0,1,1,0,0,0,0.22,1,1
scen_000041,alt_scen_000041_00068,alt_scen_000041_00013,30.0,0,0,0,0,0,0,2,0,0.39,1,0
scen_000041,alt_scen_000041_00068,alt_scen_000041_00014,50.0,0,0,0,0,0,0,2,0,0.69,1,0
scen_000041,alt_scen_000041_00068,alt_scen_000041_00015,60.0,0,0,0,0,1,0,2,0,0.55,1,0
scen_000041,alt_scen_000041_00068,alt_scen_000041_00016,110.0,0,0,0,0,0,0,2,0,0.84,1,0
scen_000041,alt_scen_000041_00068,alt_scen_000041_00017,120.0,0,0,0,0,1,0,2,0,0.51,1,0
scen_000041,alt_scen_000041_00068,alt_scen_000041_00018,130.0,0,0,0,0,0,0,2,0,0.43,1,0
scen_000041,alt_scen_000041_00068,alt_scen_000041_00019,140.0,0,0,0,0,1,0,2,0,0.87,1,0
scen_000041,alt_scen_000041_00068,alt_scen_000041_00020,150.0,0,0,0,0,1,0,2,0,0.51,1,0
scen_000041,alt_scen_000041_00068,alt_scen_000041_00021,160.0,0,0,0,0,1,0,2,0,0.16,1,0
scen_000041,alt_scen_000041_00013,alt_scen_000041_00014,20.0,1,0,0,1,1,0,0,0,0.44,1,1
scen_000041,alt_scen_000041_00013,alt_scen_000041_00015,30.0,1,0,0,0,0,0,0,0,0.51,1,1
scen_000041,alt_scen_000041_00013,alt_scen_000041_00016,80.0,1,0,0,1,1,0,0,0,0.42,1,1
scen_000041,alt_scen_000041_00013,alt_scen_000041_00017,90.0,1,0,0,0,0,0,0,0,0.11,1,1
scen_000041,alt_scen_000041_00013,alt_scen_000041_00018,100.0,1,0,0,1,1,0,0,0,0.34,1,1
scen_000041,alt_scen_000041_00013,alt_scen_000041_00019,110.0,1,0,0,0,0,0,0,0,0.4,1,1
scen_000041,alt_scen_000041_00013,alt_scen_000041_00020,120.0,1,0,0,0,0,0,0,0,0.73,1,1
scen_000041,alt_scen_000041_00013,alt_scen_000041_00021,130.0,1,0,0,0,0,0,0,0,0.37,1,1
scen_000041,alt_scen_000041_00013,alt_scen_000041_00022,134.28,1,0,0,0,0,0,0,0,0.28,1,1
scen_000041,alt_scen_000041_00014,alt_scen_000041_00015,10.0,1,0,0,0,0,0,0,0,0.59,1,1
scen_000041,alt_scen_000041_00014,alt_scen_000041_00016,60.0,1,0,0,1,1,0,0,0,0.87,1,1
scen_000041,alt_scen_000041_00014,alt_scen_000041_00017,70.0,1,0,0,0,0,0,0,0,0.57,1,1
scen_000041,alt_scen_000041_00014,alt_scen_000041_00018,80.0,1,0,0,1,1,0,0,0,0.63,1,1
scen_000041,alt_scen_000041_00014,alt_scen_000041_00019,90.0,1,0,0,0,0,0,0,0,0.49,1,1
scen_000041,alt_scen_000041_00014,alt_scen_000041_00020,100.0,1,0,0,0,0,0,0,0,0.69,1,1
scen_000041,alt_scen_000041_00014,alt_scen_000041_00021,110.0,1,0,0,0,0,0,0,0,0.24,1,1
scen_000041,alt_scen_000041_00014,alt_scen_000041_00022,114.28,1,0,0,0,0,0,0,0,0.56,1,1
scen_000041,alt_scen_000041_00014,alt_scen_000041_00023,120.0,1,0,0,0,0,0,0,0,0.11,1,1
scen_000041,alt_scen_000041_00015,alt_scen_000041_00016,50.0,1,0,0,0,0,0,0,0,0.5,1,1
scen_000041,alt_scen_000041_00015,alt_scen_000041_00017,60.0,1,0,0,1,1,0,0,0,0.26,1,1
scen_000041,alt_scen_000041_00015,alt_scen_000041_00018,70.0,1,0,0,0,0,0,0,0,0.1,1,1
scen_000041,alt_scen_000041_00015,alt_scen_000041_00019,80.0,1,0,0,1,1,0,0,0,0.51,1,1
scen_000041,alt_scen_000041_00015,alt_scen_000041_00020,90.0,1,0,0,1,1,0,0,0,0.78,1,1
scen_000041,alt_scen_000041_00015,alt_scen_000041_00021,100.0,1,0,0,1,1,0,0,0,0.28,1,1
scen_000041,alt_scen_000041_00015,alt_scen_000041_00022,104.28,1,0,0,1,1,0,0,0,0.45,1,1
scen_000041,alt_scen_000041_00015,alt_scen_000041_00023,110.0,1,0,0,1,1,0,0,0,0.2,1,1
scen_000041,alt_scen_000041_00015,alt_scen_000041_00024,140.0,1,0,0,0,0,0,0,0,0.68,1,1
scen_000041,alt_scen_000041_00016,alt_scen_000041_00017,10.0,1,0,0,0,0,0,0,0,0.15,1,1
scen_000041,alt_scen_000041_00016,alt_scen_000041_00018,20.0,1,0,0,1,1,0,0,0,0.49,1,1
scen_000041,alt_scen_000041_00016,alt_scen_000041_00019,30.0,1,0,0,0,0,0,0,0,0.13,1,1
scen_000041,alt_scen_000041_00016,alt_scen_000041_00020,40.0,1,0,0,0,0,0,0,0,0.75,1,1
scen_000041,alt_scen_000041_00016,alt_scen_000041_00021,50.0,1,0,0,0,0,0,0,0,0.41,1,1
scen_000041,alt_scen_000041_00016,alt_scen_000041_00022,54.28,1,0,0,0,0,0,0,0,0.41,1,1
scen_000041,alt_scen_000041_00016,alt_scen_000041_00023,60.0,1,0,0,0,0,0,0,0,0.2,1,1
scen_000041,alt_scen_000041_00016,alt_scen_000041_00024,90.0,1,0,0,1,1,0,0,0,0.41,1,1
scen_000041,alt_scen_000041_00016,alt_scen_000041_00025,90.0,1,0,0,0,0,0,0,0,0.61,1,1
scen_000041,alt_scen_000041_00017,alt_scen_000041_00018,10.0,1,0,0,0,0,0,0,0,0.76,1,1
scen_000041,alt_scen_000041_00017,alt_scen_000041_00019,20.0,1,0,0,1,1,0,0,0,0.3,1,1
scen_000041,alt_scen_000041_00017,alt_scen_000041_00020,30.0,1,0,0,1,1,0,0,0,0.11,1,1
scen_000041,alt_scen_000041_00017,alt_scen_000041_00021,40.0,1,0,0,1,1,0,0,0,0.86,1,1
scen_000041,alt_scen_000041_00017,alt_scen_000041_00022,44.28,1,0,0,1,1,0,0,0,0.45,1,1
scen_000041,alt_scen_000041_00017,alt_scen_000041_00023,50.0,1,0,0,1,1,0,0,0,0.26,1,1
scen_000041,alt_scen_000041_00017,alt_scen_000041_00024,80.0,1,0,0,0,0,0,0,0,0.49,1,1
scen_000041,alt_scen_000041_00017,alt_scen_000041_00025,80.0,1,0,0,1,1,0,0,0,0.39,1,1
scen_000041,alt_scen_000041_00017,alt_scen_000041_00026,120.0,1,0,0,0,0,0,0,0,0.42,1,1
scen_000041,alt_scen_000041_00018,alt_scen_000041_00019,10.0,1,0,0,0,0,0,0,0,0.46,1,1
scen_000041,alt_scen_000041_00018,alt_scen_000041_00020,20.0,1,0,0,0,0,0,0,0,0.43,1,1
scen_000041,alt_scen_000041_00018,alt_scen_000041_00021,30.0,1,0,0,0,0,0,0,0,0.27,1,1
scen_000041,alt_scen_000041_00018,alt_scen_000041_00022,34.28,1,0,0,0,0,0,0,0,0.55,1,1
scen_000041,alt_scen_000041_00018,alt_scen_000041_00023,40.0,1,0,0,0,0,0,0,0,0.85,1,1
scen_000041,alt_scen_000041_00018,alt_scen_000041_00024,70.0,1,0,0,1,1,0,0,0,0.72,1,1
scen_000041,alt_scen_000041_00018,alt_scen_000041_00025,70.0,1,0,0,0,0,0,0,0,0.81,1,1
scen_000041,alt_scen_000041_00018,alt_scen_000041_00026,110.0,1,0,0,1,1,0,0,0,0.62,1,1
scen_000041,alt_scen_000041_00018,alt_scen_000041_00027,120.0,1,0,0,0,0,0,0,0,0.14,1,1
scen_000041,alt_scen_000041_00019,alt_scen_000041_00020,10.0,1,0,0,1,1,0,0,0,0.7,1,1
scen_000041,alt_scen_000041_00019,alt_scen_000041_00021,20.0,1,0,0,1,1,0,0,0,0.38,1,1
scen_000041,alt_scen_000041_00019,alt_scen_000041_00022,24.28,1,0,0,1,1,0,0,0,0.7,1,1
scen_000041,alt_scen_000041_00019,alt_scen_000041_00023,30.0,1,0,0,1,1,0,0,0,0.34,1,1
scen_000041,alt_scen_000041_00019,alt_scen_000041_00024,60.0,1,0,0,0,0,0,0,0,0.8,1,1
scen_000041,alt_scen_000041_00019,alt_scen_000041_00025,60.0,1,0,0,1,1,0,0,0,0.1,1,1
scen_000041,alt_scen_000041_00019,alt_scen_000041_00026,100.0,1,0,0,0,0,0,0,0,0.56,1,1
scen_000041,alt_scen_000041_00019,alt_scen_000041_00027,110.0,1,0,0,1,1,0,0,0,0.15,1,1
scen_000041,alt_scen_000041_00019,alt_scen_000041_00028,150.0,1,0,0,0,0,0,0,0,0.26,1,1
scen_000041,alt_scen_000041_00020,alt_scen_000041_00021,10.0,1,0,0,1,1,0,0,0,0.77,1,1
scen_000041,alt_scen_000041_00020,alt_scen_000041_00022,14.28,1,0,0,1,1,0,0,0,0.84,1,1
scen_000041,alt_scen_000041_00020,alt_scen_000041_00023,20.0,1,0,0,1,1,0,0,0,0.34,1,1
scen_000041,alt_scen_000041_00020,alt_scen_000041_00024,50.0,1,0,0,0,0,0,0,0,0.26,1,1
scen_000041,alt_scen_000041_00020,alt_scen_000041_00025,50.0,1,0,0,1,1,0,0,0,0.48,1,1
scen_000041,alt_scen_000041_00020,alt_scen_000041_00026,90.0,1,0,0,0,0,0,0,0,0.64,1,1
scen_000041,alt_scen_000041_00020,alt_scen_000041_00027,100.0,1,0,0,1,1,0,0,0,0.62,1,1
scen_000041,alt_scen_000041_00020,alt_scen_000041_00028,140.0,1,0,0,0,0,0,0,0,0.66,1,1
scen_000041,alt_scen_000041_00020,alt_scen_000041_00029,150.0,1,0,0,1,1,0,0,0,0.48,1,1
scen_000041,alt_scen_000041_00021,alt_scen_000041_00022,4.28,1,0,0,1,1,0,0,0,0.73,1,1
scen_000041,alt_scen_000041_00021,alt_scen_000041_00023,10.0,1,0,0,1,1,0,0,0,0.89,1,1
scen_000041,alt_scen_000041_00021,alt_scen_000041_00024,40.0,1,0,0,0,0,0,0,0,0.75,1,1
scen_000041,alt_scen_000041_00021,alt_scen_000041_00025,40.0,1,0,0,1,1,0,0,0,0.54,1,1
scen_000041,alt_scen_000041_00021,alt_scen_000041_00026,80.0,1,0,0,0,0,0,0,0,0.37,1,1
scen_000041,alt_scen_000041_00021,alt_scen_000041_00027,90.0,1,0,0,1,1,0,0,0,0.67,1,1
scen_000041,alt_scen_000041_00021,alt_scen_000041_00028,130.0,1,0,0,0,0,0,0,0,0.73,1,1
scen_000041,alt_scen_000041_00021,alt_scen_000041_00029,140.0,1,0,0,1,1,0,0,0,0.77,1,1
scen_000041,alt_scen_000041_00021,alt_scen_000041_00030,160.0,1,0,0,0,0,0,0,0,0.49,1,1
scen_000041,alt_scen_000041_00022,alt_scen_000041_00023,5.72,1,0,0,1,1,0,0,0,0.75,1,1
scen_000041,alt_scen_000041_00022,alt_scen_000041_00024,35.72,1,0,0,0,0,0,0,0,0.41,1,1
scen_000041,alt_scen_000041_00022,alt_scen_000041_00025,35.72,1,0,0,1,1,0,0,0,0.72,1,1
scen_000041,alt_scen_000041_00022,alt_scen_000041_00026,75.72,1,0,0,0,0,0,0,0,0.42,1,1
scen_000041,alt_scen_000041_00022,alt_scen_000041_00027,85.72,1,0,0,1,1,0,0,0,0.78,1,1
scen_000041,alt_scen_000041_00022,alt_scen_000041_00028,125.72,1,0,0,0,0,0,0,0,0.34,1,1
scen_000041,alt_scen_000041_00022,alt_scen_000041_00029,135.72,1,0,0,1,1,0,0,0,0.42,1,1
scen_000041,alt_scen_000041_00022,alt_scen_000041_00030,155.72,1,0,0,0,0,0,0,0,0.8,1,1
scen_000041,alt_scen_000041_00022,alt_scen_000041_00031,165.72,1,0,0,1,1,0,0,0,0.87,1,1
scen_000041,alt_scen_000041_00023,alt_scen_000041_00024,30.0,1,0,0,0,0,0,0,0,0.49,1,1
scen_000041,alt_scen_000041_00023,alt_scen_000041_00025,30.0,1,0,0,1,1,0,0,0,0.49,1,1
scen_000041,alt_scen_000041_00023,alt_scen_000041_00026,70.0,1,0,0,0,0,0,0,0,0.65,1,1
scen_000041,alt_scen_000041_00023,alt_scen_000041_00027,80.0,1,0,0,1,1,0,0,0,0.6,1,1
scen_000041,alt_scen_000041_00023,alt_scen_000041_00028,120.0,1,0,0,0,0,0,0,0,0.39,1,1
scen_000041,alt_scen_000041_00023,alt_scen_000041_00029,130.0,1,0,0,1,1,0,0,0,0.85,1,1
scen_000041,alt_scen_000041_00023,alt_scen_000041_00030,150.0,1,0,0,0,0,0,0,0,0.7,1,1
scen_000041,alt_scen_000041_00023,alt_scen_000041_00031,160.0,1,0,0,1,1,0,0,0,0.22,1,1
scen_000041,alt_scen_000041_00023,alt_scen_000041_00032,170.0,1,0,0,1,1,0,0,0,0.73,1,1
scen_000041,alt_scen_000041_00024,alt_scen_000041_00025,0.0,1,0,0,0,0,0,0,0,0.77,1,1
scen_000041,alt_scen_000041_00024,alt_scen_000041_00026,40.0,1,0,0,1,1,0,0,0,0.2,1,1
scen_000041,alt_scen_000041_00024,alt_scen_000041_00027,50.0,1,0,0,0,0,0,0,0,0.65,1,1
scen_000041,alt_scen_000041_00024,alt_scen_000041_00028,90.0,1,0,0,1,1,0,0,0,0.62,1,1
scen_000041,alt_scen_000041_00024,alt_scen_000041_00029,100.0,1,0,0,0,0,0,0,0,0.79,1,1
scen_000041,alt_scen_000041_00024,alt_scen_000041_00030,120.0,1,0,0,1,1,0,0,0,0.82,1,1
scen_000041,alt_scen_000041_00024,alt_scen_000041_00031,130.0,1,0,0,0,0,0,0,0,0.22,1,1
scen_000041,alt_scen_000041_00024,alt_scen_000041_00032,140.0,1,0,0,0,0,0,0,0,0.81,1,1
scen_000041,alt_scen_000041_00024,alt_scen_000041_00033,150.0,1,0,0,0,0,0,0,0,0.81,1,1
scen_000041,alt_scen_000041_00025,alt_scen_000041_00026,40.0,1,0,0,0,0,0,0,0,0.78,1,1
scen_000041,alt_scen_000041_00025,alt_scen_000041_00027,50.0,1,0,0,1,1,0,0,0,0.12,1,1
scen_000041,alt_scen_000041_00025,alt_scen_000041_00028,90.0,1,0,0,0,0,0,0,0,0.63,1,1
scen_000041,alt_scen_000041_00025,alt_scen_000041_00029,100.0,1,0,0,1,1,0,0,0,0.11,1,1
scen_000041,alt_scen_000041_00025,alt_scen_000041_00030,120.0,1,0,0,0,0,0,0,0,0.16,1,1
scen_000041,alt_scen_000041_00025,alt_scen_000041_00031,130.0,1,0,0,1,1,0,0,0,0.29,1,1
scen_000041,alt_scen_000041_00025,alt_scen_000041_00032,140.0,1,0,0,1,1,0,0,0,0.87,1,1
scen_000041,alt_scen_000041_00025,alt_scen_000041_00033,150.0,1,0,0,1,1,0,0,0,0.45,1,1
scen_000041,alt_scen_000041_00025,alt_scen_000041_00034,160.0,1,0,0,0,0,0,0,0,0.15,1,1
scen_000041,alt_scen_000041_00026,alt_scen_000041_00027,10.0,1,0,0,0,0,0,0,0,0.67,1,1
scen_000041,alt_scen_000041_00026,alt_scen_000041_00028,50.0,1,0,0,1,1,0,0,0,0.31,1,1
scen_000041,alt_scen_000041_00026,alt_scen_000041_00029,60.0,1,0,0,0,0,0,0,0,0.83,1,1
scen_000041,alt_scen_000041_00026,alt_scen_000041_00030,80.0,1,0,0,1,1,0,0,0,0.32,1,1
scen_000041,alt_scen_000041_00026,alt_scen_000041_00031,90.0,1,0,0,0,0,0,0,0,0.8,1,1
scen_000041,alt_scen_000041_00026,alt_scen_000041_00032,100.0,1,0,0,0,0,0,0,0,0.69,1,1
scen_000041,alt_scen_000041_00026,alt_scen_000041_00033,110.0,1,0,0,0,0,0,0,0,0.69,1,1
scen_000041,alt_scen_000041_00026,alt_scen_000041_00034,120.0,1,0,0,1,1,0,0,0,0.22,1,1
scen_000041,alt_scen_000041_00026,alt_scen_000041_00035,124.01,1,0,0,1,1,0,0,0,0.6,1,1
scen_000041,alt_scen_000041_00027,alt_scen_000041_00028,40.0,1,0,0,0,0,0,0,0,0.72,1,1
scen_000041,alt_scen_000041_00027,alt_scen_000041_00029,50.0,1,0,0,1,1,0,0,0,0.7,1,1
scen_000041,alt_scen_000041_00027,alt_scen_000041_00030,70.0,1,0,0,0,0,0,0,0,0.68,1,1
scen_000041,alt_scen_000041_00027,alt_scen_000041_00031,80.0,1,0,0,1,1,0,0,0,0.87,1,1
scen_000041,alt_scen_000041_00027,alt_scen_000041_00032,90.0,1,0,0,1,1,0,0,0,0.52,1,1
scen_000041,alt_scen_000041_00027,alt_scen_000041_00033,100.0,1,0,0,1,1,0,0,0,0.52,1,1
scen_000041,alt_scen_000041_00027,alt_scen_000041_00034,110.0,1,0,0,0,0,0,0,0,0.51,1,1
scen_000041,alt_scen_000041_00027,alt_scen_000041_00035,114.01,1,0,0,0,0,0,0,0,0.47,1,1
scen_000041,alt_scen_000041_00027,alt_scen_000041_00070,129.0,0,0,0,0,1,0,3,0,0.59,1,0
scen_000041,alt_scen_000041_00028,alt_scen_000041_00029,10.0,1,0,0,0,0,0,0,0,0.66,1,1
scen_000041,alt_scen_000041_00028,alt_scen_000041_00030,30.0,1,0,0,1,1,0,0,0,0.89,1,1
scen_000041,alt_scen_000041_00028,alt_scen_000041_00031,40.0,1,0,0,0,0,0,0,0,0.18,1,1
scen_000041,alt_scen_000041_00028,alt_scen_000041_00032,50.0,1,0,0,0,0,0,0,0,0.12,1,1
scen_000041,alt_scen_000041_00028,alt_scen_000041_00033,60.0,1,0,0,0,0,0,0,0,0.7,1,1
scen_000041,alt_scen_000041_00028,alt_scen_000041_00034,70.0,1,0,0,1,1,0,0,0,0.4,1,1
scen_000041,alt_scen_000041_00028,alt_scen_000041_00035,74.01,1,0,0,1,1,0,0,0,0.32,1,1
scen_000041,alt_scen_000041_00028,alt_scen_000041_00070,89.0,0,0,0,0,0,0,3,0,0.88,1,0
scen_000041,alt_scen_000041_00028,alt_scen_000041_00036,90.0,1,0,0,1,1,0,0,0,0.31,1,1
scen_000041,alt_scen_000041_00029,alt_scen_000041_00030,20.0,1,0,0,0,0,0,0,0,0.8,1,1
scen_000041,alt_scen_000041_00029,alt_scen_000041_00031,30.0,1,0,0,1,1,0,0,0,0.45,1,1
scen_000041,alt_scen_000041_00029,alt_scen_000041_00032,40.0,1,0,0,1,1,0,0,0,0.8,1,1
scen_000041,alt_scen_000041_00029,alt_scen_000041_00033,50.0,1,0,0,1,1,0,0,0,0.43,1,1
scen_000041,alt_scen_000041_00029,alt_scen_000041_00034,60.0,1,0,0,0,0,0,0,0,0.71,1,1
scen_000041,alt_scen_000041_00029,alt_scen_000041_00035,64.01,1,0,0,0,0,0,0,0,0.65,1,1
scen_000041,alt_scen_000041_00029,alt_scen_000041_00070,79.0,0,0,0,0,1,0,3,0,0.19,1,0
scen_000041,alt_scen_000041_00029,alt_scen_000041_00036,80.0,1,0,0,0,0,0,0,0,0.12,1,1
scen_000041,alt_scen_000041_00029,alt_scen_000041_00037,90.0,1,0,0,0,0,0,0,0,0.39,1,1
scen_000041,alt_scen_000041_00030,alt_scen_000041_00031,10.0,1,0,0,0,0,0,0,0,0.58,1,1
scen_000041,alt_scen_000041_00030,alt_scen_000041_00032,20.0,1,0,0,0,0,0,0,0,0.7,1,1
scen_000041,alt_scen_000041_00030,alt_scen_000041_00033,30.0,1,0,0,0,0,0,0,0,0.63,1,1
scen_000041,alt_scen_000041_00030,alt_scen_000041_00034,40.0,1,0,0,1,1,0,0,0,0.63,1,1
scen_000041,alt_scen_000041_00030,alt_scen_000041_00035,44.01,1,0,0,1,1,0,0,0,0.82,1,1
scen_000041,alt_scen_000041_00030,alt_scen_000041_00070,59.0,0,0,0,0,0,0,3,0,0.77,1,0
scen_000041,alt_scen_000041_00030,alt_scen_000041_00036,60.0,1,0,0,1,1,0,0,0,0.47,1,1
scen_000041,alt_scen_000041_00030,alt_scen_000041_00037,70.0,1,0,0,1,1,0,0,0,0.83,1,1
scen_000041,alt_scen_000041_00030,alt_scen_000041_00038,90.0,1,0,0,0,0,0,0,0,0.87,1,1
scen_000041,alt_scen_000041_00031,alt_scen_000041_00032,10.0,1,0,0,1,1,0,0,0,0.56,1,1
scen_000041,alt_scen_000041_00031,alt_scen_000041_00033,20.0,1,0,0,1,1,0,0,0,0.23,1,1
scen_000041,alt_scen_000041_00031,alt_scen_000041_00034,30.0,1,0,0,0,0,0,0,0,0.48,1,1
scen_000041,alt_scen_000041_00031,alt_scen_000041_00035,34.01,1,0,0,0,0,0,0,0,0.44,1,1
scen_000041,alt_scen_000041_00031,alt_scen_000041_00070,49.0,0,0,0,0,1,0,3,0,0.78,1,0
scen_000041,alt_scen_000041_00031,alt_scen_000041_00036,50.0,1,0,0,0,0,0,0,0,0.67,1,1
scen_000041,alt_scen_000041_00031,alt_scen_000041_00037,60.0,1,0,0,0,0,0,0,0,0.11,1,1
scen_000041,alt_scen_000041_00031,alt_scen_000041_00038,80.0,1,0,0,1,1,0,0,0,0.44,1,1
scen_000041,alt_scen_000041_00031,alt_scen_000041_00039,83.59,1,0,0,1,1,0,0,0,0.53,1,1
scen_000041,alt_scen_000041_00032,alt_scen_000041_00033,10.0,1,0,0,1,1,0,0,0,0.36,1,1
scen_000041,alt_scen_000041_00032,alt_scen_000041_00034,20.0,1,0,0,0,0,0,0,0,0.22,1,1
scen_000041,alt_scen_000041_00032,alt_scen_000041_00035,24.01,1,0,0,0,0,0,0,0,0.21,1,1
scen_000041,alt_scen_000041_00032,alt_scen_000041_00070,39.0,0,0,0,0,1,0,3,0,0.43,1,0
scen_000041,alt_scen_000041_00032,alt_scen_000041_00036,40.0,1,0,0,0,0,0,0,0,0.25,1,1
scen_000041,alt_scen_000041_00032,alt_scen_000041_00037,50.0,1,0,0,0,0,0,0,0,0.77,1,1
scen_000041,alt_scen_000041_00032,alt_scen_000041_00038,70.0,1,0,0,1,1,0,0,0,0.47,1,1
scen_000041,alt_scen_000041_00032,alt_scen_000041_00039,73.59,1,0,0,1,1,0,0,0,0.5,1,1
scen_000041,alt_scen_000041_00032,alt_scen_000041_00040,80.0,1,0,0,1,1,0,0,0,0.79,1,1
scen_000041,alt_scen_000041_00033,alt_scen_000041_00034,10.0,1,0,0,0,0,0,0,0,0.88,1,1
scen_000041,alt_scen_000041_00033,alt_scen_000041_00035,14.01,1,0,0,0,0,0,0,0,0.83,1,1
scen_000041,alt_scen_000041_00033,alt_scen_000041_00070,29.0,0,0,0,0,1,0,3,0,0.57,1,0
scen_000041,alt_scen_000041_00033,alt_scen_000041_00036,30.0,1,0,0,0,0,0,0,0,0.87,1,1
scen_000041,alt_scen_000041_00033,alt_scen_000041_00037,40.0,1,0,0,0,0,0,0,0,0.12,1,1
scen_000041,alt_scen_000041_00033,alt_scen_000041_00038,60.0,1,0,0,1,1,0,0,0,0.6,1,1
scen_000041,alt_scen_000041_00033,alt_scen_000041_00039,63.59,1,0,0,1,1,0,0,0,0.58,1,1
scen_000041,alt_scen_000041_00033,alt_scen_000041_00040,70.0,1,0,0,1,1,0,0,0,0.63,1,1
scen_000041,alt_scen_000041_00033,alt_scen_000041_00041,90.0,1,0,0,1,1,0,0,0,0.3,1,1
scen_000041,alt_scen_000041_00034,alt_scen_000041_00035,4.01,1,0,0,1,1,0,0,0,0.7,1,1
scen_000041,alt_scen_000041_00034,alt_scen_000041_00070,19.0,0,0,0,0,0,0,3,0,0.86,1,0
scen_000041,alt_scen_000041_00034,alt_scen_000041_00036,20.0,1,0,0,1,1,0,0,0,0.43,1,1
scen_000041,alt_scen_000041_00034,alt_scen_000041_00037,30.0,1,0,0,1,1,0,0,0,0.78,1,1
scen_000041,alt_scen_000041_00034,alt_scen_000041_00038,50.0,1,0,0,0,0,0,0,0,0.55,1,1
scen_000041,alt_scen_000041_00034,alt_scen_000041_00039,53.59,1,0,0,0,0,0,0,0,0.61,1,1
scen_000041,alt_scen_000041_00034,alt_scen_000041_00040,60.0,1,0,0,0,0,0,0,0,0.25,1,1
scen_000041,alt_scen_000041_00034,alt_scen_000041_00041,80.0,1,0,0,0,0,0,0,0,0.56,1,1
scen_000041,alt_scen_000041_00034,alt_scen_000041_00042,110.0,1,0,0,1,1,0,0,0,0.5,1,1
scen_000041,alt_scen_000041_00035,alt_scen_000041_00070,14.99,0,0,0,0,0,0,3,0,0.79,1,0
scen_000041,alt_scen_000041_00035,alt_scen_000041_00036,15.99,1,0,0,1,1,0,0,0,0.79,1,1
scen_000041,alt_scen_000041_00035,alt_scen_000041_00037,25.99,1,0,0,1,1,0,0,0,0.28,1,1
scen_000041,alt_scen_000041_00035,alt_scen_000041_00038,45.99,1,0,0,0,0,0,0,0,0.57,1,1
scen_000041,alt_scen_000041_00035,alt_scen_000041_00039,49.58,1,0,0,0,0,0,0,0,0.11,1,1
scen_000041,alt_scen_000041_00035,alt_scen_000041_00040,55.99,1,0,0,0,0,0,0,0,0.79,1,1
scen_000041,alt_scen_000041_00035,alt_scen_000041_00041,75.99,1,0,0,0,0,0,0,0,0.55,1,1
scen_000041,alt_scen_000041_00035,alt_scen_000041_00042,105.99,1,0,0,1,1,0,0,0,0.34,1,1
scen_000041,alt_scen_000041_00035,alt_scen_000041_00043,105.99,1,0,0,0,0,0,0,0,0.62,1,1
scen_000041,alt_scen_000041_00070,alt_scen_000041_00036,1.0,0,0,0,0,0,0,3,0,0.75,1,0
scen_000041,alt_scen_000041_00070,alt_scen_000041_00037,11.0,0,0,0,0,0,0,3,0,0.31,1,0
scen_000041,alt_scen_000041_00070,alt_scen_000041_00038,31.0,0,0,0,0,1,0,3,0,0.14,1,0
scen_000041,alt_scen_000041_00070,alt_scen_000041_00039,34.59,0,0,0,0,1,0,3,0,0.8,1,0
scen_000041,alt_scen_000041_00070,alt_scen_000041_00040,41.0,0,0,0,0,1,0,3,0,0.45,1,0
scen_000041,alt_scen_000041_00070,alt_scen_000041_00041,61.0,0,0,0,0,1,0,3,0,0.66,1,0
scen_000041,alt_scen_000041_00070,alt_scen_000041_00042,91.0,0,0,0,0,0,0,3,0,0.68,1,0
scen_000041,alt_scen_000041_00070,alt_scen_000041_00043,91.0,0,0,0,0,1,0,3,0,0.56,1,0
scen_000041,alt_scen_000041_00070,alt_scen_000041_00044,111.0,0,0,0,0,0,0,3,0,0.11,1,0
scen_000041,alt_scen_000041_00036,alt_scen_000041_00037,10.0,1,0,0,1,1,0,0,0,0.74,1,1
scen_000041,alt_scen_000041_00036,alt_scen_000041_00038,30.0,1,0,0,0,0,0,0,0,0.17,1,1
scen_000041,alt_scen_000041_00036,alt_scen_000041_00039,33.59,1,0,0,0,0,0,0,0,0.64,1,1
scen_000041,alt_scen_000041_00036,alt_scen_000041_00040,40.0,1,0,0,0,0,0,0,0,0.58,1,1
scen_000041,alt_scen_000041_00036,alt_scen_000041_00041,60.0,1,0,0,0,0,0,0,0,0.87,1,1
scen_000041,alt_scen_000041_00036,alt_scen_000041_00042,90.0,1,0,0,1,1,0,0,0,0.79,1,1
scen_000041,alt_scen_000041_00036,alt_scen_000041_00043,90.0,1,0,0,0,0,0,0,0,0.51,1,1
scen_000041,alt_scen_000041_00036,alt_scen_000041_00044,110.0,1,0,0,1,1,0,0,0,0.29,1,1
scen_000041,alt_scen_000041_00036,alt_scen_000041_00045,110.0,1,0,0,0,0,0,0,0,0.67,1,1
scen_000041,alt_scen_000041_00037,alt_scen_000041_00038,20.0,1,0,0,0,0,0,0,0,0.66,1,1
scen_000041,alt_scen_000041_00037,alt_scen_000041_00039,23.59,1,0,0,0,0,0,0,0,0.79,1,1
scen_000041,alt_scen_000041_00037,alt_scen_000041_00040,30.0,1,0,0,0,0,0,0,0,0.57,1,1
scen_000041,alt_scen_000041_00037,alt_scen_000041_00041,50.0,1,0,0,0,0,0,0,0,0.61,1,1
scen_000041,alt_scen_000041_00037,alt_scen_000041_00042,80.0,1,0,0,1,1,0,0,0,0.45,1,1
scen_000041,alt_scen_000041_00037,alt_scen_000041_00043,80.0,1,0,0,0,0,0,0,0,0.58,1,1
scen_000041,alt_scen_000041_00037,alt_scen_000041_00044,100.0,1,0,0,1,1,0,0,0,0.15,1,1
scen_000041,alt_scen_000041_00037,alt_scen_000041_00045,100.0,1,0,0,0,0,0,0,0,0.2,1,1
scen_000041,alt_scen_000041_00037,alt_scen_000041_00047,116.0,1,0,0,0,0,0,0,0,0.56,1,1
scen_000041,alt_scen_000041_00038,alt_scen_000041_00039,3.59,1,0,0,1,1,0,0,0,0.59,1,1
scen_000041,alt_scen_000041_00038,alt_scen_000041_00040,10.0,1,0,0,1,1,0,0,0,0.62,1,1
scen_000041,alt_scen_000041_00038,alt_scen_000041_00041,30.0,1,0,0,1,1,0,0,0,0.5,1,1
scen_000041,alt_scen_000041_00038,alt_scen_000041_00042,60.0,1,0,0,0,0,0,0,0,0.82,1,1
scen_000041,alt_scen_000041_00038,alt_scen_000041_00043,60.0,1,0,0,1,1,0,0,0,0.26,1,1
scen_000041,alt_scen_000041_00038,alt_scen_000041_00044,80.0,1,0,0,0,0,0,0,0,0.33,1,1
scen_000041,alt_scen_000041_00038,alt_scen_000041_00045,80.0,1,0,0,1,1,0,0,0,0.85,1,1
scen_000041,alt_scen_000041_00038,alt_scen_000041_00047,96.0,1,0,0,1,1,0,0,0,0.12,1,1
scen_000041,alt_scen_000041_00038,alt_scen_000041_00046,100.0,1,0,0,1,1,0,0,0,0.35,1,1
scen_000041,alt_scen_000041_00039,alt_scen_000041_00040,6.41,1,0,0,1,1,0,0,0,0.73,1,1
scen_000041,alt_scen_000041_00039,alt_scen_000041_00041,26.41,1,0,0,1,1,0,0,0,0.3,1,1
scen_000041,alt_scen_000041_00039,alt_scen_000041_00042,56.41,1,0,0,0,0,0,0,0,0.87,1,1
scen_000041,alt_scen_000041_00039,alt_scen_000041_00043,56.41,1,0,0,1,1,0,0,0,0.17,1,1
scen_000041,alt_scen_000041_00039,alt_scen_000041_00044,76.41,1,0,0,0,0,0,0,0,0.78,1,1
scen_000041,alt_scen_000041_00039,alt_scen_000041_00045,76.41,1,0,0,1,1,0,0,0,0.46,1,1
scen_000041,alt_scen_000041_00039,alt_scen_000041_00047,92.41,1,0,0,1,1,0,0,0,0.35,1,1
scen_000041,alt_scen_000041_00039,alt_scen_000041_00046,96.41,1,0,0,1,1,0,0,0,0.29,1,1
scen_000041,alt_scen_000041_00039,alt_scen_000041_00048,126.41,1,0,0,0,0,0,0,0,0.49,1,1
scen_000041,alt_scen_000041_00040,alt_scen_000041_00041,20.0,1,0,0,1,1,0,0,0,0.86,1,1
scen_000041,alt_scen_000041_00040,alt_scen_000041_00042,50.0,1,0,0,0,0,0,0,0,0.68,1,1
scen_000041,alt_scen_000041_00040,alt_scen_000041_00043,50.0,1,0,0,1,1,0,0,0,0.28,1,1
scen_000041,alt_scen_000041_00040,alt_scen_000041_00044,70.0,1,0,0,0,0,0,0,0,0.81,1,1
scen_000041,alt_scen_000041_00040,alt_scen_000041_00045,70.0,1,0,0,1,1,0,0,0,0.87,1,1
scen_000041,alt_scen_000041_00040,alt_scen_000041_00047,86.0,1,0,0,1,1,0,0,0,0.78,1,1
scen_000041,alt_scen_000041_00040,alt_scen_000041_00046,90.0,1,0,0,1,1,0,0,0,0.63,1,1
scen_000041,alt_scen_000041_00040,alt_scen_000041_00048,120.0,1,0,0,0,0,0,0,0,0.23,1,1
scen_000041,alt_scen_000041_00040,alt_scen_000041_00049,120.0,1,0,0,1,1,0,0,0,0.25,1,1
scen_000041,alt_scen_000041_00041,alt_scen_000041_00042,30.0,1,0,0,0,0,0,0,0,0.29,1,1
scen_000041,alt_scen_000041_00041,alt_scen_000041_00043,30.0,1,0,0,1,1,0,0,0,0.4,1,1
scen_000041,alt_scen_000041_00041,alt_scen_000041_00044,50.0,1,0,0,0,0,0,0,0,0.15,1,1
scen_000041,alt_scen_000041_00041,alt_scen_000041_00045,50.0,1,0,0,1,1,0,0,0,0.83,1,1
scen_000041,alt_scen_000041_00041,alt_scen_000041_00047,66.0,1,0,0,1,1,0,0,0,0.48,1,1
scen_000041,alt_scen_000041_00041,alt_scen_000041_00046,70.0,1,0,0,1,1,0,0,0,0.72,1,1
scen_000041,alt_scen_000041_00041,alt_scen_000041_00048,100.0,1,0,0,0,0,0,0,0,0.5,1,1
scen_000041,alt_scen_000041_00041,alt_scen_000041_00049,100.0,1,0,0,1,1,0,0,0,0.81,1,1
scen_000041,alt_scen_000041_00041,alt_scen_000041_00050,110.0,1,0,0,1,1,0,0,0,0.82,1,1
scen_000041,alt_scen_000041_00042,alt_scen_000041_00043,0.0,1,0,0,0,0,0,0,0,0.66,1,1
scen_000041,alt_scen_000041_00042,alt_scen_000041_00044,20.0,1,0,0,1,1,0,0,0,0.18,1,1
scen_000041,alt_scen_000041_00042,alt_scen_000041_00045,20.0,1,0,0,0,0,0,0,0,0.48,1,1
scen_000041,alt_scen_000041_00042,alt_scen_000041_00047,36.0,1,0,0,0,0,0,0,0,0.18,1,1
scen_000041,alt_scen_000041_00042,alt_scen_000041_00046,40.0,1,0,0,0,0,0,0,0,0.3,1,1
scen_000041,alt_scen_000041_00042,alt_scen_000041_00048,70.0,1,0,0,1,1,0,0,0,0.41,1,1
scen_000041,alt_scen_000041_00042,alt_scen_000041_00049,70.0,1,0,0,0,0,0,0,0,0.85,1,1
scen_000041,alt_scen_000041_00042,alt_scen_000041_00050,80.0,1,0,0,0,0,0,0,0,0.48,1,1
scen_000041,alt_scen_000041_00042,alt_scen_000041_00051,90.0,1,0,0,0,0,0,0,0,0.38,1,1
scen_000041,alt_scen_000041_00043,alt_scen_000041_00044,20.0,1,0,0,0,0,0,0,0,0.62,1,1
scen_000041,alt_scen_000041_00043,alt_scen_000041_00045,20.0,1,0,0,1,1,0,0,0,0.47,1,1
scen_000041,alt_scen_000041_00043,alt_scen_000041_00047,36.0,1,0,0,1,1,0,0,0,0.35,1,1
scen_000041,alt_scen_000041_00043,alt_scen_000041_00046,40.0,1,0,0,1,1,0,0,0,0.74,1,1
scen_000041,alt_scen_000041_00043,alt_scen_000041_00048,70.0,1,0,0,0,0,0,0,0,0.73,1,1
scen_000041,alt_scen_000041_00043,alt_scen_000041_00049,70.0,1,0,0,1,1,0,0,0,0.15,1,1
scen_000041,alt_scen_000041_00043,alt_scen_000041_00050,80.0,1,0,0,1,1,0,0,0,0.2,1,1
scen_000041,alt_scen_000041_00043,alt_scen_000041_00051,90.0,1,0,0,1,1,0,0,0,0.34,1,1
scen_000041,alt_scen_000041_00043,alt_scen_000041_00052,100.0,1,0,0,1,1,0,0,0,0.72,1,1
scen_000041,alt_scen_000041_00044,alt_scen_000041_00045,0.0,1,0,0,0,0,0,0,0,0.24,1,1
scen_000041,alt_scen_000041_00044,alt_scen_000041_00047,16.0,1,0,0,0,0,0,0,0,0.81,1,1
scen_000041,alt_scen_000041_00044,alt_scen_000041_00046,20.0,1,0,0,0,0,0,0,0,0.76,1,1
scen_000041,alt_scen_000041_00044,alt_scen_000041_00048,50.0,1,0,0,1,1,0,0,0,0.86,1,1
scen_000041,alt_scen_000041_00044,alt_scen_000041_00049,50.0,1,0,0,0,0,0,0,0,0.66,1,1
scen_000041,alt_scen_000041_00044,alt_scen_000041_00050,60.0,1,0,0,0,0,0,0,0,0.67,1,1
scen_000041,alt_scen_000041_00044,alt_scen_000041_00051,70.0,1,0,0,0,0,0,0,0,0.26,1,1
scen_000041,alt_scen_000041_00044,alt_scen_000041_00052,80.0,1,0,0,0,0,0,0,0,0.88,1,1
scen_000041,alt_scen_000041_00044,alt_scen_000041_00053,110.0,1,0,0,1,1,0,0,0,0.45,1,1
scen_000041,alt_scen_000041_00045,alt_scen_000041_00047,16.0,1,0,0,1,1,0,0,0,0.37,1,1
scen_000041,alt_scen_000041_00045,alt_scen_000041_00046,20.0,1,0,0,1,1,0,0,0,0.38,1,1
scen_000041,alt_scen_000041_00045,alt_scen_000041_00048,50.0,1,0,0,0,0,0,0,0,0.86,1,1
scen_000041,alt_scen_000041_00045,alt_scen_000041_00049,50.0,1,0,0,1,1,0,0,0,0.66,1,1
scen_000041,alt_scen_000041_00045,alt_scen_000041_00050,60.0,1,0,0,1,1,0,0,0,0.15,1,1
scen_000041,alt_scen_000041_00045,alt_scen_000041_00051,70.0,1,0,0,1,1,0,0,0,0.29,1,1
scen_000041,alt_scen_000041_00045,alt_scen_000041_00052,80.0,1,0,0,1,1,0,0,0,0.72,1,1
scen_000041,alt_scen_000041_00045,alt_scen_000041_00053,110.0,1,0,0,0,0,0,0,0,0.41,1,1
scen_000041,alt_scen_000041_00045,alt_scen_000041_00054,120.0,1,0,0,1,1,0,0,0,0.87,1,1
scen_000041,alt_scen_000041_00047,alt_scen_000041_00046,4.0,1,0,0,1,1,0,0,0,0.43,1,1
scen_000041,alt_scen_000041_00047,alt_scen_000041_00048,34.0,1,0,0,0,0,0,0,0,0.63,1,1
scen_000041,alt_scen_000041_00047,alt_scen_000041_00049,34.0,1,0,0,1,1,0,0,0,0.52,1,1
scen_000041,alt_scen_000041_00047,alt_scen_000041_00050,44.0,1,0,0,1,1,0,0,0,0.36,1,1
scen_000041,alt_scen_000041_00047,alt_scen_000041_00051,54.0,1,0,0,1,1,0,0,0,0.14,1,1
scen_000041,alt_scen_000041_00047,alt_scen_000041_00052,64.0,1,0,0,1,1,0,0,0,0.68,1,1
scen_000041,alt_scen_000041_00047,alt_scen_000041_00053,94.0,1,0,0,0,0,0,0,0,0.18,1,1
scen_000041,alt_scen_000041_00047,alt_scen_000041_00054,104.0,1,0,0,1,1,0,0,0,0.71,1,1
scen_000041,alt_scen_000041_00047,alt_scen_000041_00055,134.0,1,0,0,1,1,0,0,0,0.58,1,1
scen_000041,alt_scen_000041_00046,alt_scen_000041_00048,30.0,1,0,0,0,0,0,0,0,0.42,1,1
scen_000041,alt_scen_000041_00046,alt_scen_000041_00049,30.0,1,0,0,1,1,0,0,0,0.66,1,1
scen_000041,alt_scen_000041_00046,alt_scen_000041_00050,40.0,1,0,0,1,1,0,0,0,0.8,1,1
scen_000041,alt_scen_000041_00046,alt_scen_000041_00051,50.0,1,0,0,1,1,0,0,0,0.74,1,1
scen_000041,alt_scen_000041_00046,alt_scen_000041_00052,60.0,1,0,0,1,1,0,0,0,0.19,1,1
scen_000041,alt_scen_000041_00046,alt_scen_000041_00053,90.0,1,0,0,0,0,0,0,0,0.89,1,1
scen_000041,alt_scen_000041_00046,alt_scen_000041_00054,100.0,1,0,0,1,1,0,0,0,0.59,1,1
scen_000041,alt_scen_000041_00046,alt_scen_000041_00055,130.0,1,0,0,1,1,0,0,0,0.55,1,1
scen_000041,alt_scen_000041_00046,alt_scen_000041_00056,140.0,1,0,0,0,0,0,0,0,0.4,1,1
scen_000041,alt_scen_000041_00048,alt_scen_000041_00049,0.0,1,0,0,0,0,0,0,0,0.66,1,1
scen_000041,alt_scen_000041_00048,alt_scen_000041_00050,10.0,1,0,0,0,0,0,0,0,0.84,1,1
scen_000041,alt_scen_000041_00048,alt_scen_000041_00051,20.0,1,0,0,0,0,0,0,0,0.33,1,1
scen_000041,alt_scen_000041_00048,alt_scen_000041_00052,30.0,1,0,0,0,0,0,0,0,0.32,1,1
scen_000041,alt_scen_000041_00048,alt_scen_000041_00053,60.0,1,0,0,1,1,0,0,0,0.64,1,1
scen_000041,alt_scen_000041_00048,alt_scen_000041_00054,70.0,1,0,0,0,0,0,0,0,0.46,1,1
scen_000041,alt_scen_000041_00048,alt_scen_000041_00055,100.0,1,0,0,0,0,0,0,0,0.47,1,1
scen_000041,alt_scen_000041_00048,alt_scen_000041_00056,110.0,1,0,0,1,1,0,0,0,0.62,1,1
scen_000041,alt_scen_000041_00048,alt_scen_000041_00057,110.0,1,0,0,0,0,0,0,0,0.38,1,1
scen_000041,alt_scen_000041_00049,alt_scen_000041_00050,10.0,1,0,0,1,1,0,0,0,0.12,1,1
scen_000041,alt_scen_000041_00049,alt_scen_000041_00051,20.0,1,0,0,1,1,0,0,0,0.6,1,1
scen_000041,alt_scen_000041_00049,alt_scen_000041_00052,30.0,1,0,0,1,1,0,0,0,0.83,1,1
scen_000041,alt_scen_000041_00049,alt_scen_000041_00053,60.0,1,0,0,0,0,0,0,0,0.53,1,1
scen_000041,alt_scen_000041_00049,alt_scen_000041_00054,70.0,1,0,0,1,1,0,0,0,0.56,1,1
scen_000041,alt_scen_000041_00049,alt_scen_000041_00055,100.0,1,0,0,1,1,0,0,0,0.45,1,1
scen_000041,alt_scen_000041_00049,alt_scen_000041_00056,110.0,1,0,0,0,0,0,0,0,0.14,1,1
scen_000041,alt_scen_000041_00049,alt_scen_000041_00057,110.0,1,0,0,1,1,0,0,0,0.24,1,1
scen_000041,alt_scen_000041_00049,alt_scen_000041_00058,160.0,1,0,0,0,0,0,0,0,0.17,1,1
scen_000041,alt_scen_000041_00050,alt_scen_000041_00051,10.0,1,0,0,1,1,0,0,0,0.55,1,1
scen_000041,alt_scen_000041_00050,alt_scen_000041_00052,20.0,1,0,0,1,1,0,0,0,0.48,1,1
scen_000041,alt_scen_000041_00050,alt_scen_000041_00053,50.0,1,0,0,0,0,0,0,0,0.24,1,1
scen_000041,alt_scen_000041_00050,alt_scen_000041_00054,60.0,1,0,0,1,1,0,0,0,0.63,1,1
scen_000041,alt_scen_000041_00050,alt_scen_000041_00055,90.0,1,0,0,1,1,0,0,0,0.36,1,1
scen_000041,alt_scen_000041_00050,alt_scen_000041_00056,100.0,1,0,0,0,0,0,0,0,0.86,1,1
scen_000041,alt_scen_000041_00050,alt_scen_000041_00057,100.0,1,0,0,1,1,0,0,0,0.78,1,1
scen_000041,alt_scen_000041_00050,alt_scen_000041_00058,150.0,1,0,0,0,0,0,0,0,0.13,1,1
scen_000041,alt_scen_000041_00050,alt_scen_000041_00059,160.0,1,0,0,1,1,0,0,0,0.74,1,1
scen_000041,alt_scen_000041_00051,alt_scen_000041_00052,10.0,1,0,0,1,1,0,0,0,0.54,1,1
scen_000041,alt_scen_000041_00051,alt_scen_000041_00053,40.0,1,0,0,0,0,0,0,0,0.31,1,1
scen_000041,alt_scen_000041_00051,alt_scen_000041_00054,50.0,1,0,0,1,1,0,0,0,0.83,1,1
scen_000041,alt_scen_000041_00051,alt_scen_000041_00055,80.0,1,0,0,1,1,0,0,0,0.49,1,1
scen_000041,alt_scen_000041_00051,alt_scen_000041_00056,90.0,1,0,0,0,0,0,0,0,0.72,1,1
scen_000041,alt_scen_000041_00051,alt_scen_000041_00057,90.0,1,0,0,1,1,0,0,0,0.11,1,1
scen_000041,alt_scen_000041_00051,alt_scen_000041_00058,140.0,1,0,0,0,0,0,0,0,0.35,1,1
scen_000041,alt_scen_000041_00051,alt_scen_000041_00059,150.0,1,0,0,1,1,0,0,0,0.76,1,1
scen_000041,alt_scen_000041_00051,alt_scen_000041_00060,180.0,1,0,0,1,1,0,0,0,0.65,1,1
scen_000041,alt_scen_000041_00052,alt_scen_000041_00053,30.0,1,0,0,0,0,0,0,0,0.34,1,1
scen_000041,alt_scen_000041_00052,alt_scen_000041_00054,40.0,1,0,0,1,1,0,0,0,0.53,1,1
scen_000041,alt_scen_000041_00052,alt_scen_000041_00055,70.0,1,0,0,1,1,0,0,0,0.26,1,1
scen_000041,alt_scen_000041_00052,alt_scen_000041_00056,80.0,1,0,0,0,0,0,0,0,0.69,1,1
scen_000041,alt_scen_000041_00052,alt_scen_000041_00057,80.0,1,0,0,1,1,0,0,0,0.19,1,1
scen_000041,alt_scen_000041_00052,alt_scen_000041_00058,130.0,1,0,0,0,0,0,0,0,0.88,1,1
scen_000041,alt_scen_000041_00052,alt_scen_000041_00059,140.0,1,0,0,1,1,0,0,0,0.55,1,1
scen_000041,alt_scen_000041_00052,alt_scen_000041_00060,170.0,1,0,0,1,1,0,0,0,0.37,1,1
scen_000041,alt_scen_000041_00052,alt_scen_000041_00061,200.0,1,0,0,1,1,0,0,0,0.56,1,1
scen_000041,alt_scen_000041_00053,alt_scen_000041_00054,10.0,1,0,0,0,0,0,0,0,0.68,1,1
scen_000041,alt_scen_000041_00053,alt_scen_000041_00055,40.0,1,0,0,0,0,0,0,0,0.34,1,1
scen_000041,alt_scen_000041_00053,alt_scen_000041_00056,50.0,1,0,0,1,1,0,0,0,0.46,1,1
scen_000041,alt_scen_000041_00053,alt_scen_000041_00057,50.0,1,0,0,0,0,0,0,0,0.52,1,1
scen_000041,alt_scen_000041_00053,alt_scen_000041_00058,100.0,1,0,0,1,1,0,0,0,0.58,1,1
scen_000041,alt_scen_000041_00053,alt_scen_000041_00059,110.0,1,0,0,0,0,0,0,0,0.88,1,1
scen_000041,alt_scen_000041_00053,alt_scen_000041_00060,140.0,1,0,0,0,0,0,0,0,0.72,1,1
scen_000041,alt_scen_000041_00053,alt_scen_000041_00061,170.0,1,0,0,0,0,0,0,0,0.58,1,1
scen_000041,alt_scen_000041_00053,alt_scen_000041_00062,200.0,1,0,0,0,0,0,0,0,0.73,1,1
scen_000041,alt_scen_000041_00054,alt_scen_000041_00055,30.0,1,0,0,1,1,0,0,0,0.82,1,1
scen_000041,alt_scen_000041_00054,alt_scen_000041_00056,40.0,1,0,0,0,0,0,0,0,0.26,1,1
scen_000041,alt_scen_000041_00054,alt_scen_000041_00057,40.0,1,0,0,1,1,0,0,0,0.72,1,1
scen_000041,alt_scen_000041_00054,alt_scen_000041_00058,90.0,1,0,0,0,0,0,0,0,0.75,1,1
scen_000041,alt_scen_000041_00054,alt_scen_000041_00059,100.0,1,0,0,1,1,0,0,0,0.59,1,1
scen_000041,alt_scen_000041_00054,alt_scen_000041_00060,130.0,1,0,0,1,1,0,0,0,0.29,1,1
scen_000041,alt_scen_000041_00054,alt_scen_000041_00061,160.0,1,0,0,1,1,0,0,0,0.85,1,1
scen_000041,alt_scen_000041_00054,alt_scen_000041_00062,190.0,1,0,0,1,1,0,0,0,0.88,1,1
scen_000041,alt_scen_000041_00054,alt_scen_000041_00063,210.0,1,0,0,0,0,0,0,0,0.6,1,1
scen_000041,alt_scen_000041_00055,alt_scen_000041_00056,10.0,1,0,0,0,0,0,0,0,0.56,1,1
scen_000041,alt_scen_000041_00055,alt_scen_000041_00057,10.0,1,0,0,1,1,0,0,0,0.18,1,1
scen_000041,alt_scen_000041_00055,alt_scen_000041_00058,60.0,1,0,0,0,0,0,0,0,0.53,1,1
scen_000041,alt_scen_000041_00055,alt_scen_000041_00059,70.0,1,0,0,1,1,0,0,0,0.69,1,1
scen_000041,alt_scen_000041_00055,alt_scen_000041_00060,100.0,1,0,0,1,1,0,0,0,0.28,1,1
scen_000041,alt_scen_000041_00055,alt_scen_000041_00061,130.0,1,0,0,1,1,0,0,0,0.58,1,1
scen_000041,alt_scen_000041_00055,alt_scen_000041_00062,160.0,1,0,0,1,1,0,0,0,0.27,1,1
scen_000041,alt_scen_000041_00055,alt_scen_000041_00063,180.0,1,0,0,0,0,0,0,0,0.73,1,1
scen_000041,alt_scen_000041_00055,alt_scen_000041_00064,190.0,1,0,0,0,0,0,0,0,0.17,1,1
scen_000041,alt_scen_000041_00056,alt_scen_000041_00057,0.0,1,0,0,0,0,0,0,0,0.54,1,1
scen_000041,alt_scen_000041_00056,alt_scen_000041_00058,50.0,1,0,0,1,1,0,0,0,0.58,1,1
scen_000041,alt_scen_000041_00056,alt_scen_000041_00059,60.0,1,0,0,0,0,0,0,0,0.18,1,1
scen_000041,alt_scen_000041_00056,alt_scen_000041_00060,90.0,1,0,0,0,0,0,0,0,0.86,1,1
scen_000041,alt_scen_000041_00056,alt_scen_000041_00061,120.0,1,0,0,0,0,0,0,0,0.47,1,1
scen_000041,alt_scen_000041_00056,alt_scen_000041_00062,150.0,1,0,0,0,0,0,0,0,0.48,1,1
scen_000041,alt_scen_000041_00056,alt_scen_000041_00063,170.0,1,0,0,1,1,0,0,0,0.84,1,1
scen_000041,alt_scen_000041_00056,alt_scen_000041_00064,180.0,1,0,0,1,1,0,0,0,0.89,1,1
scen_000041,alt_scen_000041_00056,alt_scen_000041_00065,220.0,1,0,0,1,1,0,0,0,0.47,1,1
scen_000041,alt_scen_000041_00057,alt_scen_000041_00058,50.0,1,0,0,0,0,0,0,0,0.52,1,1
scen_000041,alt_scen_000041_00057,alt_scen_000041_00059,60.0,1,0,0,1,1,0,0,0,0.27,1,1
scen_000041,alt_scen_000041_00057,alt_scen_000041_00060,90.0,1,0,0,1,1,0,0,0,0.33,1,1
scen_000041,alt_scen_000041_00057,alt_scen_000041_00061,120.0,1,0,0,1,1,0,0,0,0.54,1,1
scen_000041,alt_scen_000041_00057,alt_scen_000041_00062,150.0,1,0,0,1,1,0,0,0,0.77,1,1
scen_000041,alt_scen_000041_00057,alt_scen_000041_00063,170.0,1,0,0,0,0,0,0,0,0.81,1,1
scen_000041,alt_scen_000041_00057,alt_scen_000041_00064,180.0,1,0,0,0,0,0,0,0,0.26,1,1
scen_000041,alt_scen_000041_00057,alt_scen_000041_00065,220.0,1,0,0,0,0,0,0,0,0.26,1,1
scen_000041,alt_scen_000041_00057,alt_scen_000041_00066,230.0,1,0,0,1,1,0,0,0,0.87,1,1
scen_000041,alt_scen_000041_00058,alt_scen_000041_00059,10.0,1,0,0,0,0,0,0,0,0.11,1,1
scen_000041,alt_scen_000041_00058,alt_scen_000041_00060,40.0,1,0,0,0,0,0,0,0,0.29,1,1
scen_000041,alt_scen_000041_00058,alt_scen_000041_00061,70.0,1,0,0,0,0,0,0,0,0.12,1,1
scen_000041,alt_scen_000041_00058,alt_scen_000041_00062,100.0,1,0,0,0,0,0,0,0,0.22,1,1
scen_000041,alt_scen_000041_00058,alt_scen_000041_00063,120.0,1,0,0,1,1,0,0,0,0.28,1,1
scen_000041,alt_scen_000041_00058,alt_scen_000041_00064,130.0,1,0,0,1,1,0,0,0,0.75,1,1
scen_000041,alt_scen_000041_00058,alt_scen_000041_00065,170.0,1,0,0,1,1,0,0,0,0.57,1,1
scen_000041,alt_scen_000041_00058,alt_scen_000041_00066,180.0,1,0,0,0,0,0,0,0,0.15,1,1
scen_000041,alt_scen_000041_00059,alt_scen_000041_00060,30.0,1,0,0,1,1,0,0,0,0.18,1,1
scen_000041,alt_scen_000041_00059,alt_scen_000041_00061,60.0,1,0,0,1,1,0,0,0,0.44,1,1
scen_000041,alt_scen_000041_00059,alt_scen_000041_00062,90.0,1,0,0,1,1,0,0,0,0.84,1,1
scen_000041,alt_scen_000041_00059,alt_scen_000041_00063,110.0,1,0,0,0,0,0,0,0,0.19,1,1
scen_000041,alt_scen_000041_00059,alt_scen_000041_00064,120.0,1,0,0,0,0,0,0,0,0.68,1,1
scen_000041,alt_scen_000041_00059,alt_scen_000041_00065,160.0,1,0,0,0,0,0,0,0,0.55,1,1
scen_000041,alt_scen_000041_00059,alt_scen_000041_00066,170.0,1,0,0,1,1,0,0,0,0.13,1,1
scen_000041,alt_scen_000041_00060,alt_scen_000041_00061,30.0,1,0,0,1,1,0,0,0,0.73,1,1
scen_000041,alt_scen_000041_00060,alt_scen_000041_00062,60.0,1,0,0,1,1,0,0,0,0.11,1,1
scen_000041,alt_scen_000041_00060,alt_scen_000041_00063,80.0,1,0,0,0,0,0,0,0,0.18,1,1
scen_000041,alt_scen_000041_00060,alt_scen_000041_00064,90.0,1,0,0,0,0,0,0,0,0.74,1,1
scen_000041,alt_scen_000041_00060,alt_scen_000041_00065,130.0,1,0,0,0,0,0,0,0,0.2,1,1
scen_000041,alt_scen_000041_00060,alt_scen_000041_00066,140.0,1,0,0,1,1,0,0,0,0.27,1,1
scen_000041,alt_scen_000041_00061,alt_scen_000041_00062,30.0,1,0,0,1,1,0,0,0,0.57,1,1
scen_000041,alt_scen_000041_00061,alt_scen_000041_00063,50.0,1,0,0,0,0,0,0,0,0.82,1,1
scen_000041,alt_scen_000041_00061,alt_scen_000041_00064,60.0,1,0,0,0,0,0,0,0,0.71,1,1
scen_000041,alt_scen_000041_00061,alt_scen_000041_00065,100.0,1,0,0,0,0,0,0,0,0.8,1,1
scen_000041,alt_scen_000041_00061,alt_scen_000041_00066,110.0,1,0,0,1,1,0,0,0,0.47,1,1
scen_000041,alt_scen_000041_00062,alt_scen_000041_00063,20.0,1,0,0,0,0,0,0,0,0.72,1,1
scen_000041,alt_scen_000041_00062,alt_scen_000041_00064,30.0,1,0,0,0,0,0,0,0,0.52,1,1
scen_000041,alt_scen_000041_00062,alt_scen_000041_00065,70.0,1,0,0,0,0,0,0,0,0.85,1,1
scen_000041,alt_scen_000041_00062,alt_scen_000041_00066,80.0,1,0,0,1,1,0,0,0,0.1,1,1
scen_000041,alt_scen_000041_00063,alt_scen_000041_00064,10.0,1,0,0,1,1,0,0,0,0.54,1,1
scen_000041,alt_scen_000041_00063,alt_scen_000041_00065,50.0,1,0,0,1,1,0,0,0,0.48,1,1
scen_000041,alt_scen_000041_00063,alt_scen_000041_00066,60.0,1,0,0,0,0,0,0,0,0.7,1,1
scen_000041,alt_scen_000041_00064,alt_scen_000041_00065,40.0,1,0,0,1,1,0,0,0,0.66,1,1
scen_000041,alt_scen_000041_00064,alt_scen_000041_00066,50.0,1,0,0,0,0,0,0,0,0.25,1,1
scen_000041,alt_scen_000041_00065,alt_scen_000041_00066,10.0,1,0,0,0,0,0,0,0,0.16,1,1
scen_000042,alt_scen_000042_00002,alt_scen_000042_00001,283.0,0,0,0,1,1,0,2,0,0.57,1,0
scen_000043,alt_scen_000043_00001,alt_scen_000043_00003,50.0,0,0,0,1,1,0,2,0,0.36,1,0
scen_000043,alt_scen_000043_00001,alt_scen_000043_00002,236.0,0,0,0,1,1,0,2,0,0.49,1,0
scen_000043,alt_scen_000043_00003,alt_scen_000043_00002,186.0,0,0,0,1,1,0,2,0,0.83,1,0
scen_000044,alt_scen_000044_00002,alt_scen_000044_00004,323.0,0,0,0,1,1,1,1,-1,0.82,0,0
scen_000044,alt_scen_000044_00002,alt_scen_000044_00001,608.0,0,0,0,1,1,0,2,0,0.22,0,0
scen_000044,alt_scen_000044_00002,alt_scen_000044_00003,677.0,0,0,0,1,1,0,2,0,0.19,0,0
scen_000044,alt_scen_000044_00004,alt_scen_000044_00001,285.0,0,0,0,1,1,0,2,0,0.39,1,0
scen_000044,alt_scen_000044_00004,alt_scen_000044_00003,354.0,0,0,0,1,1,1,1,-1,0.33,0,0
scen_000044,alt_scen_000044_00001,alt_scen_000044_00003,69.0,0,0,0,1,1,1,1,1,0.45,1,0
scen_000045,alt_scen_000045_00002,alt_scen_000045_00001,216.0,0,0,0,1,1,0,2,0,0.29,1,0
scen_000046,alt_scen_000046_00001,alt_scen_000046_00003,436.0,0,0,0,1,1,0,3,0,0.19,0,0
scen_000046,alt_scen_000046_00001,alt_scen_000046_00004,494.0,0,0,0,1,1,0,2,0,0.25,0,0
scen_000046,alt_scen_000046_00001,alt_scen_000046_00002,627.0,0,0,0,1,1,0,2,0,0.4,0,0
scen_000046,alt_scen_000046_00001,alt_scen_000046_00005,796.0,0,0,0,1,1,0,3,0,0.24,0,0
scen_000046,alt_scen_000046_00003,alt_scen_000046_00004,58.0,0,0,0,1,1,1,1,-1,0.5,1,0
scen_000046,alt_scen_000046_00003,alt_scen_000046_00002,191.0,0,0,0,1,1,0,3,0,0.28,1,0
scen_000046,alt_scen_000046_00003,alt_scen_000046_00005,360.0,0,0,0,1,1,0,2,0,0.67,0,0
scen_000046,alt_scen_000046_00004,alt_scen_000046_00002,133.0,0,0,0,1,1,0,2,0,0.27,1,0
scen_000046,alt_scen_000046_00004,alt_scen_000046_00005,302.0,0,0,0,1,1,1,1,1,0.77,0,0
scen_000046,alt_scen_000046_00002,alt_scen_000046_00005,169.0,0,0,0,1,1,0,3,0,0.15,1,0
scen_000047,alt_scen_000047_00044,alt_scen_000047_00001,33.0,0,0,0,0,0,1,1,-1,0.22,1,0
scen_000047,alt_scen_000047_00044,alt_scen_000047_00002,33.0,0,0,0,0,1,1,1,-1,0.35,1,0
scen_000047,alt_scen_000047_00044,alt_scen_000047_00003,53.0,0,0,0,0,0,1,1,-1,0.28,1,0
scen_000047,alt_scen_000047_00044,alt_scen_000047_00004,63.0,0,0,0,0,1,1,1,-1,0.5,1,0
scen_000047,alt_scen_000047_00044,alt_scen_000047_00005,73.0,0,0,0,0,0,1,1,-1,0.15,1,0
scen_000047,alt_scen_000047_00044,alt_scen_000047_00006,83.0,0,0,0,0,1,1,1,-1,0.18,1,0
scen_000047,alt_scen_000047_00044,alt_scen_000047_00007,103.0,0,0,0,0,0,1,1,-1,0.27,1,0
scen_000047,alt_scen_000047_00044,alt_scen_000047_00046,110.0,1,0,0,1,1,0,0,0,0.23,1,0
scen_000047,alt_scen_000047_00044,alt_scen_000047_00008,123.0,0,0,0,0,1,1,1,-1,0.31,1,0
scen_000047,alt_scen_000047_00001,alt_scen_000047_00002,0.0,1,0,0,0,0,0,0,0,0.25,1,1
scen_000047,alt_scen_000047_00001,alt_scen_000047_00003,20.0,1,0,0,1,1,0,0,0,0.68,1,1
scen_000047,alt_scen_000047_00001,alt_scen_000047_00004,30.0,1,0,0,0,0,0,0,0,0.49,1,1
scen_000047,alt_scen_000047_00001,alt_scen_000047_00005,40.0,1,0,0,1,1,0,0,0,0.33,1,1
scen_000047,alt_scen_000047_00001,alt_scen_000047_00006,50.0,1,0,0,0,0,0,0,0,0.12,1,1
scen_000047,alt_scen_000047_00001,alt_scen_000047_00007,70.0,1,0,0,1,1,0,0,0,0.21,1,1
scen_000047,alt_scen_000047_00001,alt_scen_000047_00046,77.0,0,0,0,0,0,1,1,1,0.3,1,0
scen_000047,alt_scen_000047_00001,alt_scen_000047_00008,90.0,1,0,0,0,0,0,0,0,0.18,1,1
scen_000047,alt_scen_000047_00001,alt_scen_000047_00009,91.53,1,0,0,0,0,0,0,0,0.89,1,1
scen_000047,alt_scen_000047_00002,alt_scen_000047_00003,20.0,1,0,0,0,0,0,0,0,0.5,1,1
scen_000047,alt_scen_000047_00002,alt_scen_000047_00004,30.0,1,0,0,1,1,0,0,0,0.84,1,1
scen_000047,alt_scen_000047_00002,alt_scen_000047_00005,40.0,1,0,0,0,0,0,0,0,0.58,1,1
scen_000047,alt_scen_000047_00002,alt_scen_000047_00006,50.0,1,0,0,1,1,0,0,0,0.7,1,1
scen_000047,alt_scen_000047_00002,alt_scen_000047_00007,70.0,1,0,0,0,0,0,0,0,0.84,1,1
scen_000047,alt_scen_000047_00002,alt_scen_000047_00046,77.0,0,0,0,0,1,1,1,1,0.87,1,0
scen_000047,alt_scen_000047_00002,alt_scen_000047_00008,90.0,1,0,0,1,1,0,0,0,0.17,1,1
scen_000047,alt_scen_000047_00002,alt_scen_000047_00009,91.53,1,0,0,1,1,0,0,0,0.51,1,1
scen_000047,alt_scen_000047_00002,alt_scen_000047_00010,110.0,1,0,0,0,0,0,0,0,0.41,1,1
scen_000047,alt_scen_000047_00003,alt_scen_000047_00004,10.0,1,0,0,0,0,0,0,0,0.73,1,1
scen_000047,alt_scen_000047_00003,alt_scen_000047_00005,20.0,1,0,0,1,1,0,0,0,0.28,1,1
scen_000047,alt_scen_000047_00003,alt_scen_000047_00006,30.0,1,0,0,0,0,0,0,0,0.61,1,1
scen_000047,alt_scen_000047_00003,alt_scen_000047_00007,50.0,1,0,0,1,1,0,0,0,0.82,1,1
scen_000047,alt_scen_000047_00003,alt_scen_000047_00046,57.0,0,0,0,0,0,1,1,1,0.64,1,0
scen_000047,alt_scen_000047_00003,alt_scen_000047_00008,70.0,1,0,0,0,0,0,0,0,0.41,1,1
scen_000047,alt_scen_000047_00003,alt_scen_000047_00009,71.53,1,0,0,0,0,0,0,0,0.59,1,1
scen_000047,alt_scen_000047_00003,alt_scen_000047_00010,90.0,1,0,0,1,1,0,0,0,0.48,1,1
scen_000047,alt_scen_000047_00003,alt_scen_000047_00011,90.0,1,0,0,0,0,0,0,0,0.14,1,1
scen_000047,alt_scen_000047_00004,alt_scen_000047_00005,10.0,1,0,0,0,0,0,0,0,0.57,1,1
scen_000047,alt_scen_000047_00004,alt_scen_000047_00006,20.0,1,0,0,1,1,0,0,0,0.46,1,1
scen_000047,alt_scen_000047_00004,alt_scen_000047_00007,40.0,1,0,0,0,0,0,0,0,0.23,1,1
scen_000047,alt_scen_000047_00004,alt_scen_000047_00046,47.0,0,0,0,0,1,1,1,1,0.36,1,0
scen_000047,alt_scen_000047_00004,alt_scen_000047_00008,60.0,1,0,0,1,1,0,0,0,0.78,1,1
scen_000047,alt_scen_000047_00004,alt_scen_000047_00009,61.53,1,0,0,1,1,0,0,0,0.16,1,1
scen_000047,alt_scen_000047_00004,alt_scen_000047_00010,80.0,1,0,0,0,0,0,0,0,0.37,1,1
scen_000047,alt_scen_000047_00004,alt_scen_000047_00011,80.0,1,0,0,1,1,0,0,0,0.36,1,1
scen_000047,alt_scen_000047_00004,alt_scen_000047_00012,130.0,1,0,0,0,0,0,0,0,0.65,1,1
scen_000047,alt_scen_000047_00005,alt_scen_000047_00006,10.0,1,0,0,0,0,0,0,0,0.6,1,1
scen_000047,alt_scen_000047_00005,alt_scen_000047_00007,30.0,1,0,0,1,1,0,0,0,0.41,1,1
scen_000047,alt_scen_000047_00005,alt_scen_000047_00046,37.0,0,0,0,0,0,1,1,1,0.31,1,0
scen_000047,alt_scen_000047_00005,alt_scen_000047_00008,50.0,1,0,0,0,0,0,0,0,0.87,1,1
scen_000047,alt_scen_000047_00005,alt_scen_000047_00009,51.53,1,0,0,0,0,0,0,0,0.8,1,1
scen_000047,alt_scen_000047_00005,alt_scen_000047_00010,70.0,1,0,0,1,1,0,0,0,0.31,1,1
scen_000047,alt_scen_000047_00005,alt_scen_000047_00011,70.0,1,0,0,0,0,0,0,0,0.26,1,1
scen_000047,alt_scen_000047_00005,alt_scen_000047_00012,120.0,1,0,0,1,1,0,0,0,0.27,1,1
scen_000047,alt_scen_000047_00005,alt_scen_000047_00013,170.0,1,0,0,1,1,0,0,0,0.2,1,1
scen_000047,alt_scen_000047_00006,alt_scen_000047_00007,20.0,1,0,0,0,0,0,0,0,0.44,1,1
scen_000047,alt_scen_000047_00006,alt_scen_000047_00046,27.0,0,0,0,0,1,1,1,1,0.14,1,0
scen_000047,alt_scen_000047_00006,alt_scen_000047_00008,40.0,1,0,0,1,1,0,0,0,0.56,1,1
scen_000047,alt_scen_000047_00006,alt_scen_000047_00009,41.53,1,0,0,1,1,0,0,0,0.47,1,1
scen_000047,alt_scen_000047_00006,alt_scen_000047_00010,60.0,1,0,0,0,0,0,0,0,0.44,1,1
scen_000047,alt_scen_000047_00006,alt_scen_000047_00011,60.0,1,0,0,1,1,0,0,0,0.76,1,1
scen_000047,alt_scen_000047_00006,alt_scen_000047_00012,110.0,1,0,0,0,0,0,0,0,0.78,1,1
scen_000047,alt_scen_000047_00006,alt_scen_000047_00013,160.0,1,0,0,0,0,0,0,0,0.57,1,1
scen_000047,alt_scen_000047_00006,alt_scen_000047_00014,163.17,1,0,0,0,0,0,0,0,0.42,1,1
scen_000047,alt_scen_000047_00007,alt_scen_000047_00046,7.0,0,0,0,0,0,1,1,1,0.7,1,0
scen_000047,alt_scen_000047_00007,alt_scen_000047_00008,20.0,1,0,0,0,0,0,0,0,0.68,1,1
scen_000047,alt_scen_000047_00007,alt_scen_000047_00009,21.53,1,0,0,0,0,0,0,0,0.14,1,1
scen_000047,alt_scen_000047_00007,alt_scen_000047_00010,40.0,1,0,0,1,1,0,0,0,0.47,1,1
scen_000047,alt_scen_000047_00007,alt_scen_000047_00011,40.0,1,0,0,0,0,0,0,0,0.88,1,1
scen_000047,alt_scen_000047_00007,alt_scen_000047_00012,90.0,1,0,0,1,1,0,0,0,0.16,1,1
scen_000047,alt_scen_000047_00007,alt_scen_000047_00013,140.0,1,0,0,1,1,0,0,0,0.83,1,1
scen_000047,alt_scen_000047_00007,alt_scen_000047_00014,143.17,1,0,0,1,1,0,0,0,0.7,1,1
scen_000047,alt_scen_000047_00007,alt_scen_000047_00015,160.0,1,0,0,0,0,0,0,0,0.12,1,1
scen_000047,alt_scen_000047_00046,alt_scen_000047_00008,13.0,0,0,0,0,1,1,1,-1,0.89,1,0
scen_000047,alt_scen_000047_00046,alt_scen_000047_00009,14.53,0,0,0,0,1,1,1,-1,0.56,1,0
scen_000047,alt_scen_000047_00046,alt_scen_000047_00010,33.0,0,0,0,0,0,1,1,-1,0.31,1,0
scen_000047,alt_scen_000047_00046,alt_scen_000047_00011,33.0,0,0,0,0,1,1,1,-1,0.56,1,0
scen_000047,alt_scen_000047_00046,alt_scen_000047_00012,83.0,0,0,0,0,0,1,1,-1,0.49,1,0
scen_000047,alt_scen_000047_00046,alt_scen_000047_00013,133.0,0,0,0,0,0,1,1,-1,0.82,1,0
scen_000047,alt_scen_000047_00046,alt_scen_000047_00014,136.17,0,0,0,0,0,1,1,-1,0.1,1,0
scen_000047,alt_scen_000047_00046,alt_scen_000047_00015,153.0,0,0,0,0,1,1,1,-1,0.21,1,0
scen_000047,alt_scen_000047_00046,alt_scen_000047_00016,183.0,0,0,0,0,0,1,1,-1,0.17,1,0
scen_000047,alt_scen_000047_00008,alt_scen_000047_00009,1.53,1,0,0,1,1,0,0,0,0.76,1,1
scen_000047,alt_scen_000047_00008,alt_scen_000047_00010,20.0,1,0,0,0,0,0,0,0,0.34,1,1
scen_000047,alt_scen_000047_00008,alt_scen_000047_00011,20.0,1,0,0,1,1,0,0,0,0.31,1,1
scen_000047,alt_scen_000047_00008,alt_scen_000047_00012,70.0,1,0,0,0,0,0,0,0,0.55,1,1
scen_000047,alt_scen_000047_00008,alt_scen_000047_00013,120.0,1,0,0,0,0,0,0,0,0.49,1,1
scen_000047,alt_scen_000047_00008,alt_scen_000047_00014,123.17,1,0,0,0,0,0,0,0,0.67,1,1
scen_000047,alt_scen_000047_00008,alt_scen_000047_00015,140.0,1,0,0,1,1,0,0,0,0.45,1,1
scen_000047,alt_scen_000047_00008,alt_scen_000047_00016,170.0,1,0,0,0,0,0,0,0,0.15,1,1
scen_000047,alt_scen_000047_00008,alt_scen_000047_00018,187.77,1,0,0,1,1,0,0,0,0.25,1,1
scen_000047,alt_scen_000047_00009,alt_scen_000047_00010,18.47,1,0,0,0,0,0,0,0,0.74,1,1
scen_000047,alt_scen_000047_00009,alt_scen_000047_00011,18.47,1,0,0,1,1,0,0,0,0.51,1,1
scen_000047,alt_scen_000047_00009,alt_scen_000047_00012,68.47,1,0,0,0,0,0,0,0,0.23,1,1
scen_000047,alt_scen_000047_00009,alt_scen_000047_00013,118.47,1,0,0,0,0,0,0,0,0.1,1,1
scen_000047,alt_scen_000047_00009,alt_scen_000047_00014,121.64,1,0,0,0,0,0,0,0,0.42,1,1
scen_000047,alt_scen_000047_00009,alt_scen_000047_00015,138.47,1,0,0,1,1,0,0,0,0.3,1,1
scen_000047,alt_scen_000047_00009,alt_scen_000047_00016,168.47,1,0,0,0,0,0,0,0,0.41,1,1
scen_000047,alt_scen_000047_00009,alt_scen_000047_00018,186.24,1,0,0,1,1,0,0,0,0.55,1,1
scen_000047,alt_scen_000047_00009,alt_scen_000047_00017,188.47,1,0,0,1,1,0,0,0,0.85,1,1
scen_000047,alt_scen_000047_00010,alt_scen_000047_00011,0.0,1,0,0,0,0,0,0,0,0.3,1,1
scen_000047,alt_scen_000047_00010,alt_scen_000047_00012,50.0,1,0,0,1,1,0,0,0,0.77,1,1
scen_000047,alt_scen_000047_00010,alt_scen_000047_00013,100.0,1,0,0,1,1,0,0,0,0.59,1,1
scen_000047,alt_scen_000047_00010,alt_scen_000047_00014,103.17,1,0,0,1,1,0,0,0,0.68,1,1
scen_000047,alt_scen_000047_00010,alt_scen_000047_00015,120.0,1,0,0,0,0,0,0,0,0.75,1,1
scen_000047,alt_scen_000047_00010,alt_scen_000047_00016,150.0,1,0,0,1,1,0,0,0,0.61,1,1
scen_000047,alt_scen_000047_00010,alt_scen_000047_00018,167.77,1,0,0,0,0,0,0,0,0.34,1,1
scen_000047,alt_scen_000047_00010,alt_scen_000047_00017,170.0,1,0,0,0,0,0,0,0,0.63,1,1
scen_000047,alt_scen_000047_00010,alt_scen_000047_00019,180.0,1,0,0,0,0,0,0,0,0.89,1,1
scen_000047,alt_scen_000047_00011,alt_scen_000047_00012,50.0,1,0,0,0,0,0,0,0,0.41,1,1
scen_000047,alt_scen_000047_00011,alt_scen_000047_00013,100.0,1,0,0,0,0,0,0,0,0.22,1,1
scen_000047,alt_scen_000047_00011,alt_scen_000047_00014,103.17,1,0,0,0,0,0,0,0,0.73,1,1
scen_000047,alt_scen_000047_00011,alt_scen_000047_00015,120.0,1,0,0,1,1,0,0,0,0.62,1,1
scen_000047,alt_scen_000047_00011,alt_scen_000047_00016,150.0,1,0,0,0,0,0,0,0,0.86,1,1
scen_000047,alt_scen_000047_00011,alt_scen_000047_00018,167.77,1,0,0,1,1,0,0,0,0.34,1,1
scen_000047,alt_scen_000047_00011,alt_scen_000047_00017,170.0,1,0,0,1,1,0,0,0,0.18,1,1
scen_000047,alt_scen_000047_00011,alt_scen_000047_00019,180.0,1,0,0,1,1,0,0,0,0.2,1,1
scen_000047,alt_scen_000047_00011,alt_scen_000047_00045,192.0,0,0,0,0,1,0,2,0,0.81,1,0
scen_000047,alt_scen_000047_00012,alt_scen_000047_00013,50.0,1,0,0,1,1,0,0,0,0.31,1,1
scen_000047,alt_scen_000047_00012,alt_scen_000047_00014,53.17,1,0,0,1,1,0,0,0,0.31,1,1
scen_000047,alt_scen_000047_00012,alt_scen_000047_00015,70.0,1,0,0,0,0,0,0,0,0.75,1,1
scen_000047,alt_scen_000047_00012,alt_scen_000047_00016,100.0,1,0,0,1,1,0,0,0,0.44,1,1
scen_000047,alt_scen_000047_00012,alt_scen_000047_00018,117.77,1,0,0,0,0,0,0,0,0.8,1,1
scen_000047,alt_scen_000047_00012,alt_scen_000047_00017,120.0,1,0,0,0,0,0,0,0,0.12,1,1
scen_000047,alt_scen_000047_00012,alt_scen_000047_00019,130.0,1,0,0,0,0,0,0,0,0.67,1,1
scen_000047,alt_scen_000047_00012,alt_scen_000047_00045,142.0,0,0,0,0,0,0,2,0,0.36,1,0
scen_000047,alt_scen_000047_00012,alt_scen_000047_00020,150.0,1,0,0,0,0,0,0,0,0.47,1,1
scen_000047,alt_scen_000047_00013,alt_scen_000047_00014,3.17,1,0,0,1,1,0,0,0,0.68,1,1
scen_000047,alt_scen_000047_00013,alt_scen_000047_00015,20.0,1,0,0,0,0,0,0,0,0.62,1,1
scen_000047,alt_scen_000047_00013,alt_scen_000047_00016,50.0,1,0,0,1,1,0,0,0,0.71,1,1
scen_000047,alt_scen_000047_00013,alt_scen_000047_00018,67.77,1,0,0,0,0,0,0,0,0.18,1,1
scen_000047,alt_scen_000047_00013,alt_scen_000047_00017,70.0,1,0,0,0,0,0,0,0,0.82,1,1
scen_000047,alt_scen_000047_00013,alt_scen_000047_00019,80.0,1,0,0,0,0,0,0,0,0.5,1,1
scen_000047,alt_scen_000047_00013,alt_scen_000047_00045,92.0,0,0,0,0,0,0,2,0,0.24,1,0
scen_000047,alt_scen_000047_00013,alt_scen_000047_00020,100.0,1,0,0,0,0,0,0,0,0.17,1,1
scen_000047,alt_scen_000047_00013,alt_scen_000047_00043,115.0,0,0,0,0,0,0,2,0,0.28,1,0
scen_000047,alt_scen_000047_00014,alt_scen_000047_00015,16.83,1,0,0,0,0,0,0,0,0.77,1,1
scen_000047,alt_scen_000047_00014,alt_scen_000047_00016,46.83,1,0,0,1,1,0,0,0,0.38,1,1
scen_000047,alt_scen_000047_00014,alt_scen_000047_00018,64.6,1,0,0,0,0,0,0,0,0.62,1,1
scen_000047,alt_scen_000047_00014,alt_scen_000047_00017,66.83,1,0,0,0,0,0,0,0,0.68,1,1
scen_000047,alt_scen_000047_00014,alt_scen_000047_00019,76.83,1,0,0,0,0,0,0,0,0.52,1,1
scen_000047,alt_scen_000047_00014,alt_scen_000047_00045,88.83,0,0,0,0,0,0,2,0,0.86,1,0
scen_000047,alt_scen_000047_00014,alt_scen_000047_00020,96.83,1,0,0,0,0,0,0,0,0.56,1,1
scen_000047,alt_scen_000047_00014,alt_scen_000047_00043,111.83,0,0,0,0,0,0,2,0,0.14,1,0
scen_000047,alt_scen_000047_00014,alt_scen_000047_00021,116.83,1,0,0,0,0,0,0,0,0.22,1,1
scen_000047,alt_scen_000047_00015,alt_scen_000047_00016,30.0,1,0,0,0,0,0,0,0,0.43,1,1
scen_000047,alt_scen_000047_00015,alt_scen_000047_00018,47.77,1,0,0,1,1,0,0,0,0.1,1,1
scen_000047,alt_scen_000047_00015,alt_scen_000047_00017,50.0,1,0,0,1,1,0,0,0,0.82,1,1
scen_000047,alt_scen_000047_00015,alt_scen_000047_00019,60.0,1,0,0,1,1,0,0,0,0.21,1,1
scen_000047,alt_scen_000047_00015,alt_scen_000047_00045,72.0,0,0,0,0,1,0,2,0,0.66,1,0
scen_000047,alt_scen_000047_00015,alt_scen_000047_00020,80.0,1,0,0,1,1,0,0,0,0.51,1,1
scen_000047,alt_scen_000047_00015,alt_scen_000047_00043,95.0,0,0,0,0,1,0,2,0,0.32,1,0
scen_000047,alt_scen_000047_00015,alt_scen_000047_00021,100.0,1,0,0,1,1,0,0,0,0.29,1,1
scen_000047,alt_scen_000047_00015,alt_scen_000047_00022,110.0,1,0,0,0,0,0,0,0,0.17,1,1
scen_000047,alt_scen_000047_00016,alt_scen_000047_00018,17.77,1,0,0,0,0,0,0,0,0.87,1,1
scen_000047,alt_scen_000047_00016,alt_scen_000047_00017,20.0,1,0,0,0,0,0,0,0,0.14,1,1
scen_000047,alt_scen_000047_00016,alt_scen_000047_00019,30.0,1,0,0,0,0,0,0,0,0.76,1,1
scen_000047,alt_scen_000047_00016,alt_scen_000047_00045,42.0,0,0,0,0,0,0,2,0,0.39,1,0
scen_000047,alt_scen_000047_00016,alt_scen_000047_00020,50.0,1,0,0,0,0,0,0,0,0.74,1,1
scen_000047,alt_scen_000047_00016,alt_scen_000047_00043,65.0,0,0,0,0,0,0,2,0,0.12,1,0
scen_000047,alt_scen_000047_00016,alt_scen_000047_00021,70.0,1,0,0,0,0,0,0,0,0.84,1,1
scen_000047,alt_scen_000047_00016,alt_scen_000047_00022,80.0,1,0,0,1,1,0,0,0,0.78,1,1
scen_000047,alt_scen_000047_00016,alt_scen_000047_00024,97.78,1,0,0,0,0,0,0,0,0.49,1,1
scen_000047,alt_scen_000047_00018,alt_scen_000047_00017,2.23,1,0,0,1,1,0,0,0,0.75,1,1
scen_000047,alt_scen_000047_00018,alt_scen_000047_00019,12.23,1,0,0,1,1,0,0,0,0.43,1,1
scen_000047,alt_scen_000047_00018,alt_scen_000047_00045,24.23,0,0,0,0,1,0,2,0,0.86,1,0
scen_000047,alt_scen_000047_00018,alt_scen_000047_00020,32.23,1,0,0,1,1,0,0,0,0.85,1,1
scen_000047,alt_scen_000047_00018,alt_scen_000047_00043,47.23,0,0,0,0,1,0,2,0,0.54,1,0
scen_000047,alt_scen_000047_00018,alt_scen_000047_00021,52.23,1,0,0,1,1,0,0,0,0.15,1,1
scen_000047,alt_scen_000047_00018,alt_scen_000047_00022,62.23,1,0,0,0,0,0,0,0,0.65,1,1
scen_000047,alt_scen_000047_00018,alt_scen_000047_00024,80.01,1,0,0,1,1,0,0,0,0.62,1,1
scen_000047,alt_scen_000047_00018,alt_scen_000047_00023,82.23,1,0,0,1,1,0,0,0,0.48,1,1
scen_000047,alt_scen_000047_00017,alt_scen_000047_00019,10.0,1,0,0,1,1,0,0,0,0.6,1,1
scen_000047,alt_scen_000047_00017,alt_scen_000047_00045,22.0,0,0,0,0,1,0,2,0,0.39,1,0
scen_000047,alt_scen_000047_00017,alt_scen_000047_00020,30.0,1,0,0,1,1,0,0,0,0.88,1,1
scen_000047,alt_scen_000047_00017,alt_scen_000047_00043,45.0,0,0,0,0,1,0,2,0,0.48,1,0
scen_000047,alt_scen_000047_00017,alt_scen_000047_00021,50.0,1,0,0,1,1,0,0,0,0.89,1,1
scen_000047,alt_scen_000047_00017,alt_scen_000047_00022,60.0,1,0,0,0,0,0,0,0,0.41,1,1
scen_000047,alt_scen_000047_00017,alt_scen_000047_00024,77.78,1,0,0,1,1,0,0,0,0.41,1,1
scen_000047,alt_scen_000047_00017,alt_scen_000047_00023,80.0,1,0,0,1,1,0,0,0,0.47,1,1
scen_000047,alt_scen_000047_00017,alt_scen_000047_00025,100.0,1,0,0,0,0,0,0,0,0.8,1,1
scen_000047,alt_scen_000047_00019,alt_scen_000047_00045,12.0,0,0,0,0,1,0,2,0,0.41,1,0
scen_000047,alt_scen_000047_00019,alt_scen_000047_00020,20.0,1,0,0,1,1,0,0,0,0.77,1,1
scen_000047,alt_scen_000047_00019,alt_scen_000047_00043,35.0,0,0,0,0,1,0,2,0,0.6,1,0
scen_000047,alt_scen_000047_00019,alt_scen_000047_00021,40.0,1,0,0,1,1,0,0,0,0.14,1,1
scen_000047,alt_scen_000047_00019,alt_scen_000047_00022,50.0,1,0,0,0,0,0,0,0,0.75,1,1
scen_000047,alt_scen_000047_00019,alt_scen_000047_00024,67.78,1,0,0,1,1,0,0,0,0.24,1,1
scen_000047,alt_scen_000047_00019,alt_scen_000047_00023,70.0,1,0,0,1,1,0,0,0,0.32,1,1
scen_000047,alt_scen_000047_00019,alt_scen_000047_00025,90.0,1,0,0,0,0,0,0,0,0.63,1,1
scen_000047,alt_scen_000047_00019,alt_scen_000047_00026,90.0,1,0,0,1,1,0,0,0,0.39,1,1
scen_000047,alt_scen_000047_00045,alt_scen_000047_00020,8.0,0,0,0,0,1,0,2,0,0.71,1,0
scen_000047,alt_scen_000047_00045,alt_scen_000047_00043,23.0,0,0,0,1,1,0,2,0,0.86,1,0
scen_000047,alt_scen_000047_00045,alt_scen_000047_00021,28.0,0,0,0,0,1,0,2,0,0.82,1,0
scen_000047,alt_scen_000047_00045,alt_scen_000047_00022,38.0,0,0,0,0,0,0,2,0,0.18,1,0
scen_000047,alt_scen_000047_00045,alt_scen_000047_00024,55.78,0,0,0,0,1,0,2,0,0.76,1,0
scen_000047,alt_scen_000047_00045,alt_scen_000047_00023,58.0,0,0,0,0,1,0,2,0,0.77,1,0
scen_000047,alt_scen_000047_00045,alt_scen_000047_00025,78.0,0,0,0,0,0,0,2,0,0.51,1,0
scen_000047,alt_scen_000047_00045,alt_scen_000047_00026,78.0,0,0,0,0,1,0,2,0,0.88,1,0
scen_000047,alt_scen_000047_00045,alt_scen_000047_00028,87.22,0,0,0,0,1,0,2,0,0.28,1,0
scen_000047,alt_scen_000047_00020,alt_scen_000047_00043,15.0,0,0,0,0,1,0,2,0,0.11,1,0
scen_000047,alt_scen_000047_00020,alt_scen_000047_00021,20.0,1,0,0,1,1,0,0,0,0.44,1,1
scen_000047,alt_scen_000047_00020,alt_scen_000047_00022,30.0,1,0,0,0,0,0,0,0,0.43,1,1
scen_000047,alt_scen_000047_00020,alt_scen_000047_00024,47.78,1,0,0,1,1,0,0,0,0.66,1,1
scen_000047,alt_scen_000047_00020,alt_scen_000047_00023,50.0,1,0,0,1,1,0,0,0,0.69,1,1
scen_000047,alt_scen_000047_00020,alt_scen_000047_00025,70.0,1,0,0,0,0,0,0,0,0.76,1,1
scen_000047,alt_scen_000047_00020,alt_scen_000047_00026,70.0,1,0,0,1,1,0,0,0,0.87,1,1
scen_000047,alt_scen_000047_00020,alt_scen_000047_00028,79.22,1,0,0,1,1,0,0,0,0.88,1,1
scen_000047,alt_scen_000047_00020,alt_scen_000047_00027,80.0,1,0,0,1,1,0,0,0,0.12,1,1
scen_000047,alt_scen_000047_00043,alt_scen_000047_00021,5.0,0,0,0,0,1,0,2,0,0.79,1,0
scen_000047,alt_scen_000047_00043,alt_scen_000047_00022,15.0,0,0,0,0,0,0,2,0,0.8,1,0
scen_000047,alt_scen_000047_00043,alt_scen_000047_00024,32.78,0,0,0,0,1,0,2,0,0.52,1,0
scen_000047,alt_scen_000047_00043,alt_scen_000047_00023,35.0,0,0,0,0,1,0,2,0,0.16,1,0
scen_000047,alt_scen_000047_00043,alt_scen_000047_00025,55.0,0,0,0,0,0,0,2,0,0.26,1,0
scen_000047,alt_scen_000047_00043,alt_scen_000047_00026,55.0,0,0,0,0,1,0,2,0,0.47,1,0
scen_000047,alt_scen_000047_00043,alt_scen_000047_00028,64.22,0,0,0,0,1,0,2,0,0.41,1,0
scen_000047,alt_scen_000047_00043,alt_scen_000047_00027,65.0,0,0,0,0,1,0,2,0,0.84,1,0
scen_000047,alt_scen_000047_00043,alt_scen_000047_00029,85.0,0,0,0,0,0,0,2,0,0.37,1,0
scen_000047,alt_scen_000047_00021,alt_scen_000047_00022,10.0,1,0,0,0,0,0,0,0,0.26,1,1
scen_000047,alt_scen_000047_00021,alt_scen_000047_00024,27.78,1,0,0,1,1,0,0,0,0.32,1,1
scen_000047,alt_scen_000047_00021,alt_scen_000047_00023,30.0,1,0,0,1,1,0,0,0,0.87,1,1
scen_000047,alt_scen_000047_00021,alt_scen_000047_00025,50.0,1,0,0,0,0,0,0,0,0.85,1,1
scen_000047,alt_scen_000047_00021,alt_scen_000047_00026,50.0,1,0,0,1,1,0,0,0,0.17,1,1
scen_000047,alt_scen_000047_00021,alt_scen_000047_00028,59.22,1,0,0,1,1,0,0,0,0.25,1,1
scen_000047,alt_scen_000047_00021,alt_scen_000047_00027,60.0,1,0,0,1,1,0,0,0,0.81,1,1
scen_000047,alt_scen_000047_00021,alt_scen_000047_00029,80.0,1,0,0,0,0,0,0,0,0.75,1,1
scen_000047,alt_scen_000047_00021,alt_scen_000047_00047,85.0,0,0,0,0,1,0,3,0,0.26,1,0
scen_000047,alt_scen_000047_00022,alt_scen_000047_00024,17.78,1,0,0,0,0,0,0,0,0.4,1,1
scen_000047,alt_scen_000047_00022,alt_scen_000047_00023,20.0,1,0,0,0,0,0,0,0,0.71,1,1
scen_000047,alt_scen_000047_00022,alt_scen_000047_00025,40.0,1,0,0,1,1,0,0,0,0.52,1,1
scen_000047,alt_scen_000047_00022,alt_scen_000047_00026,40.0,1,0,0,0,0,0,0,0,0.54,1,1
scen_000047,alt_scen_000047_00022,alt_scen_000047_00028,49.22,1,0,0,0,0,0,0,0,0.14,1,1
scen_000047,alt_scen_000047_00022,alt_scen_000047_00027,50.0,1,0,0,0,0,0,0,0,0.66,1,1
scen_000047,alt_scen_000047_00022,alt_scen_000047_00029,70.0,1,0,0,1,1,0,0,0,0.4,1,1
scen_000047,alt_scen_000047_00022,alt_scen_000047_00047,75.0,0,0,0,0,0,0,3,0,0.11,1,0
scen_000047,alt_scen_000047_00022,alt_scen_000047_00030,90.0,1,0,0,1,1,0,0,0,0.5,1,1
scen_000047,alt_scen_000047_00024,alt_scen_000047_00023,2.22,1,0,0,1,1,0,0,0,0.45,1,1
scen_000047,alt_scen_000047_00024,alt_scen_000047_00025,22.22,1,0,0,0,0,0,0,0,0.16,1,1
scen_000047,alt_scen_000047_00024,alt_scen_000047_00026,22.22,1,0,0,1,1,0,0,0,0.64,1,1
scen_000047,alt_scen_000047_00024,alt_scen_000047_00028,31.45,1,0,0,1,1,0,0,0,0.39,1,1
scen_000047,alt_scen_000047_00024,alt_scen_000047_00027,32.22,1,0,0,1,1,0,0,0,0.26,1,1
scen_000047,alt_scen_000047_00024,alt_scen_000047_00029,52.22,1,0,0,0,0,0,0,0,0.41,1,1
scen_000047,alt_scen_000047_00024,alt_scen_000047_00047,57.22,0,0,0,0,1,0,3,0,0.52,1,0
scen_000047,alt_scen_000047_00024,alt_scen_000047_00030,72.22,1,0,0,0,0,0,0,0,0.4,1,1
scen_000047,alt_scen_000047_00024,alt_scen_000047_00031,82.22,1,0,0,1,1,0,0,0,0.61,1,1
scen_000047,alt_scen_000047_00023,alt_scen_000047_00025,20.0,1,0,0,0,0,0,0,0,0.54,1,1
scen_000047,alt_scen_000047_00023,alt_scen_000047_00026,20.0,1,0,0,1,1,0,0,0,0.73,1,1
scen_000047,alt_scen_000047_00023,alt_scen_000047_00028,29.22,1,0,0,1,1,0,0,0,0.83,1,1
scen_000047,alt_scen_000047_00023,alt_scen_000047_00027,30.0,1,0,0,1,1,0,0,0,0.89,1,1
scen_000047,alt_scen_000047_00023,alt_scen_000047_00029,50.0,1,0,0,0,0,0,0,0,0.14,1,1
scen_000047,alt_scen_000047_00023,alt_scen_000047_00047,55.0,0,0,0,0,1,0,3,0,0.62,1,0
scen_000047,alt_scen_000047_00023,alt_scen_000047_00030,70.0,1,0,0,0,0,0,0,0,0.7,1,1
scen_000047,alt_scen_000047_00023,alt_scen_000047_00031,80.0,1,0,0,1,1,0,0,0,0.13,1,1
scen_000047,alt_scen_000047_00023,alt_scen_000047_00033,99.38,1,0,0,1,1,0,0,0,0.62,1,1
scen_000047,alt_scen_000047_00025,alt_scen_000047_00026,0.0,1,0,0,0,0,0,0,0,0.12,1,1
scen_000047,alt_scen_000047_00025,alt_scen_000047_00028,9.22,1,0,0,0,0,0,0,0,0.23,1,1
scen_000047,alt_scen_000047_00025,alt_scen_000047_00027,10.0,1,0,0,0,0,0,0,0,0.56,1,1
scen_000047,alt_scen_000047_00025,alt_scen_000047_00029,30.0,1,0,0,1,1,0,0,0,0.33,1,1
scen_000047,alt_scen_000047_00025,alt_scen_000047_00047,35.0,0,0,0,0,0,0,3,0,0.27,1,0
scen_000047,alt_scen_000047_00025,alt_scen_000047_00030,50.0,1,0,0,1,1,0,0,0,0.25,1,1
scen_000047,alt_scen_000047_00025,alt_scen_000047_00031,60.0,1,0,0,0,0,0,0,0,0.22,1,1
scen_000047,alt_scen_000047_00025,alt_scen_000047_00033,79.38,1,0,0,0,0,0,0,0,0.19,1,1
scen_000047,alt_scen_000047_00025,alt_scen_000047_00032,80.0,1,0,0,0,0,0,0,0,0.52,1,1
scen_000047,alt_scen_000047_00026,alt_scen_000047_00028,9.22,1,0,0,1,1,0,0,0,0.53,1,1
scen_000047,alt_scen_000047_00026,alt_scen_000047_00027,10.0,1,0,0,1,1,0,0,0,0.84,1,1
scen_000047,alt_scen_000047_00026,alt_scen_000047_00029,30.0,1,0,0,0,0,0,0,0,0.82,1,1
scen_000047,alt_scen_000047_00026,alt_scen_000047_00047,35.0,0,0,0,0,1,0,3,0,0.7,1,0
scen_000047,alt_scen_000047_00026,alt_scen_000047_00030,50.0,1,0,0,0,0,0,0,0,0.54,1,1
scen_000047,alt_scen_000047_00026,alt_scen_000047_00031,60.0,1,0,0,1,1,0,0,0,0.66,1,1
scen_000047,alt_scen_000047_00026,alt_scen_000047_00033,79.38,1,0,0,1,1,0,0,0,0.14,1,1
scen_000047,alt_scen_000047_00026,alt_scen_000047_00032,80.0,1,0,0,1,1,0,0,0,0.67,1,1
scen_000047,alt_scen_000047_00026,alt_scen_000047_00034,110.0,1,0,0,1,1,0,0,0,0.67,1,1
scen_000047,alt_scen_000047_00028,alt_scen_000047_00027,0.78,1,0,0,1,1,0,0,0,0.63,1,1
scen_000047,alt_scen_000047_00028,alt_scen_000047_00029,20.78,1,0,0,0,0,0,0,0,0.53,1,1
scen_000047,alt_scen_000047_00028,alt_scen_000047_00047,25.78,0,0,0,0,1,0,3,0,0.32,1,0
scen_000047,alt_scen_000047_00028,alt_scen_000047_00030,40.78,1,0,0,0,0,0,0,0,0.17,1,1
scen_000047,alt_scen_000047_00028,alt_scen_000047_00031,50.78,1,0,0,1,1,0,0,0,0.38,1,1
scen_000047,alt_scen_000047_00028,alt_scen_000047_00033,70.15,1,0,0,1,1,0,0,0,0.5,1,1
scen_000047,alt_scen_000047_00028,alt_scen_000047_00032,70.78,1,0,0,1,1,0,0,0,0.55,1,1
scen_000047,alt_scen_000047_00028,alt_scen_000047_00034,100.78,1,0,0,1,1,0,0,0,0.34,1,1
scen_000047,alt_scen_000047_00028,alt_scen_000047_00035,110.78,1,0,0,0,0,0,0,0,0.42,1,1
scen_000047,alt_scen_000047_00027,alt_scen_000047_00029,20.0,1,0,0,0,0,0,0,0,0.53,1,1
scen_000047,alt_scen_000047_00027,alt_scen_000047_00047,25.0,0,0,0,0,1,0,3,0,0.77,1,0
scen_000047,alt_scen_000047_00027,alt_scen_000047_00030,40.0,1,0,0,0,0,0,0,0,0.4,1,1
scen_000047,alt_scen_000047_00027,alt_scen_000047_00031,50.0,1,0,0,1,1,0,0,0,0.84,1,1
scen_000047,alt_scen_000047_00027,alt_scen_000047_00033,69.38,1,0,0,1,1,0,0,0,0.2,1,1
scen_000047,alt_scen_000047_00027,alt_scen_000047_00032,70.0,1,0,0,1,1,0,0,0,0.7,1,1
scen_000047,alt_scen_000047_00027,alt_scen_000047_00034,100.0,1,0,0,1,1,0,0,0,0.14,1,1
scen_000047,alt_scen_000047_00027,alt_scen_000047_00035,110.0,1,0,0,0,0,0,0,0,0.44,1,1
scen_000047,alt_scen_000047_00027,alt_scen_000047_00036,120.0,1,0,0,0,0,0,0,0,0.63,1,1
scen_000047,alt_scen_000047_00029,alt_scen_000047_00047,5.0,0,0,0,0,0,0,3,0,0.58,1,0
scen_000047,alt_scen_000047_00029,alt_scen_000047_00030,20.0,1,0,0,1,1,0,0,0,0.75,1,1
scen_000047,alt_scen_000047_00029,alt_scen_000047_00031,30.0,1,0,0,0,0,0,0,0,0.66,1,1
scen_000047,alt_scen_000047_00029,alt_scen_000047_00033,49.38,1,0,0,0,0,0,0,0,0.84,1,1
scen_000047,alt_scen_000047_00029,alt_scen_000047_00032,50.0,1,0,0,0,0,0,0,0,0.49,1,1
scen_000047,alt_scen_000047_00029,alt_scen_000047_00034,80.0,1,0,0,0,0,0,0,0,0.27,1,1
scen_000047,alt_scen_000047_00029,alt_scen_000047_00035,90.0,1,0,0,1,1,0,0,0,0.74,1,1
scen_000047,alt_scen_000047_00029,alt_scen_000047_00036,100.0,1,0,0,1,1,0,0,0,0.81,1,1
scen_000047,alt_scen_000047_00029,alt_scen_000047_00038,106.04,1,0,0,0,0,0,0,0,0.41,1,1
scen_000047,alt_scen_000047_00047,alt_scen_000047_00030,15.0,0,0,0,0,0,0,3,0,0.12,1,0
scen_000047,alt_scen_000047_00047,alt_scen_000047_00031,25.0,0,0,0,0,1,0,3,0,0.61,1,0
scen_000047,alt_scen_000047_00047,alt_scen_000047_00033,44.38,0,0,0,0,1,0,3,0,0.7,1,0
scen_000047,alt_scen_000047_00047,alt_scen_000047_00032,45.0,0,0,0,0,1,0,3,0,0.41,1,0
scen_000047,alt_scen_000047_00047,alt_scen_000047_00034,75.0,0,0,0,0,1,0,3,0,0.63,1,0
scen_000047,alt_scen_000047_00047,alt_scen_000047_00035,85.0,0,0,0,0,0,0,3,0,0.83,1,0
scen_000047,alt_scen_000047_00047,alt_scen_000047_00036,95.0,0,0,0,0,0,0,3,0,0.66,1,0
scen_000047,alt_scen_000047_00047,alt_scen_000047_00038,101.04,0,0,0,0,1,0,3,0,0.13,1,0
scen_000047,alt_scen_000047_00047,alt_scen_000047_00037,105.0,0,0,0,0,1,0,3,0,0.13,1,0
scen_000047,alt_scen_000047_00030,alt_scen_000047_00031,10.0,1,0,0,0,0,0,0,0,0.16,1,1
scen_000047,alt_scen_000047_00030,alt_scen_000047_00033,29.38,1,0,0,0,0,0,0,0,0.21,1,1
scen_000047,alt_scen_000047_00030,alt_scen_000047_00032,30.0,1,0,0,0,0,0,0,0,0.53,1,1
scen_000047,alt_scen_000047_00030,alt_scen_000047_00034,60.0,1,0,0,0,0,0,0,0,0.54,1,1
scen_000047,alt_scen_000047_00030,alt_scen_000047_00035,70.0,1,0,0,1,1,0,0,0,0.27,1,1
scen_000047,alt_scen_000047_00030,alt_scen_000047_00036,80.0,1,0,0,1,1,0,0,0,0.75,1,1
scen_000047,alt_scen_000047_00030,alt_scen_000047_00038,86.04,1,0,0,0,0,0,0,0,0.66,1,1
scen_000047,alt_scen_000047_00030,alt_scen_000047_00037,90.0,1,0,0,0,0,0,0,0,0.76,1,1
scen_000047,alt_scen_000047_00030,alt_scen_000047_00039,140.0,1,0,0,1,1,0,0,0,0.45,1,1
scen_000047,alt_scen_000047_00031,alt_scen_000047_00033,19.38,1,0,0,1,1,0,0,0,0.67,1,1
scen_000047,alt_scen_000047_00031,alt_scen_000047_00032,20.0,1,0,0,1,1,0,0,0,0.4,1,1
scen_000047,alt_scen_000047_00031,alt_scen_000047_00034,50.0,1,0,0,1,1,0,0,0,0.61,1,1
scen_000047,alt_scen_000047_00031,alt_scen_000047_00035,60.0,1,0,0,0,0,0,0,0,0.21,1,1
scen_000047,alt_scen_000047_00031,alt_scen_000047_00036,70.0,1,0,0,0,0,0,0,0,0.13,1,1
scen_000047,alt_scen_000047_00031,alt_scen_000047_00038,76.04,1,0,0,1,1,0,0,0,0.21,1,1
scen_000047,alt_scen_000047_00031,alt_scen_000047_00037,80.0,1,0,0,1,1,0,0,0,0.51,1,1
scen_000047,alt_scen_000047_00031,alt_scen_000047_00039,130.0,1,0,0,0,0,0,0,0,0.4,1,1
scen_000047,alt_scen_000047_00031,alt_scen_000047_00040,150.0,1,0,0,0,0,0,0,0,0.47,1,1
scen_000047,alt_scen_000047_00033,alt_scen_000047_00032,0.62,1,0,0,1,1,0,0,0,0.16,1,1
scen_000047,alt_scen_000047_00033,alt_scen_000047_00034,30.62,1,0,0,1,1,0,0,0,0.6,1,1
scen_000047,alt_scen_000047_00033,alt_scen_000047_00035,40.62,1,0,0,0,0,0,0,0,0.65,1,1
scen_000047,alt_scen_000047_00033,alt_scen_000047_00036,50.62,1,0,0,0,0,0,0,0,0.38,1,1
scen_000047,alt_scen_000047_00033,alt_scen_000047_00038,56.66,1,0,0,1,1,0,0,0,0.54,1,1
scen_000047,alt_scen_000047_00033,alt_scen_000047_00037,60.62,1,0,0,1,1,0,0,0,0.6,1,1
scen_000047,alt_scen_000047_00033,alt_scen_000047_00039,110.62,1,0,0,0,0,0,0,0,0.16,1,1
scen_000047,alt_scen_000047_00033,alt_scen_000047_00040,130.62,1,0,0,0,0,0,0,0,0.88,1,1
scen_000047,alt_scen_000047_00033,alt_scen_000047_00041,140.62,1,0,0,0,0,0,0,0,0.56,1,1
scen_000047,alt_scen_000047_00032,alt_scen_000047_00034,30.0,1,0,0,1,1,0,0,0,0.24,1,1
scen_000047,alt_scen_000047_00032,alt_scen_000047_00035,40.0,1,0,0,0,0,0,0,0,0.39,1,1
scen_000047,alt_scen_000047_00032,alt_scen_000047_00036,50.0,1,0,0,0,0,0,0,0,0.67,1,1
scen_000047,alt_scen_000047_00032,alt_scen_000047_00038,56.04,1,0,0,1,1,0,0,0,0.4,1,1
scen_000047,alt_scen_000047_00032,alt_scen_000047_00037,60.0,1,0,0,1,1,0,0,0,0.27,1,1
scen_000047,alt_scen_000047_00032,alt_scen_000047_00039,110.0,1,0,0,0,0,0,0,0,0.84,1,1
scen_000047,alt_scen_000047_00032,alt_scen_000047_00040,130.0,1,0,0,0,0,0,0,0,0.16,1,1
scen_000047,alt_scen_000047_00032,alt_scen_000047_00041,140.0,1,0,0,0,0,0,0,0,0.54,1,1
scen_000047,alt_scen_000047_00032,alt_scen_000047_00042,162.0,0,0,0,0,1,0,2,0,0.4,1,0
scen_000047,alt_scen_000047_00034,alt_scen_000047_00035,10.0,1,0,0,0,0,0,0,0,0.2,1,1
scen_000047,alt_scen_000047_00034,alt_scen_000047_00036,20.0,1,0,0,0,0,0,0,0,0.25,1,1
scen_000047,alt_scen_000047_00034,alt_scen_000047_00038,26.04,1,0,0,1,1,0,0,0,0.39,1,1
scen_000047,alt_scen_000047_00034,alt_scen_000047_00037,30.0,1,0,0,1,1,0,0,0,0.26,1,1
scen_000047,alt_scen_000047_00034,alt_scen_000047_00039,80.0,1,0,0,0,0,0,0,0,0.38,1,1
scen_000047,alt_scen_000047_00034,alt_scen_000047_00040,100.0,1,0,0,0,0,0,0,0,0.11,1,1
scen_000047,alt_scen_000047_00034,alt_scen_000047_00041,110.0,1,0,0,0,0,0,0,0,0.46,1,1
scen_000047,alt_scen_000047_00034,alt_scen_000047_00042,132.0,0,0,0,0,1,0,2,0,0.79,1,0
scen_000047,alt_scen_000047_00035,alt_scen_000047_00036,10.0,1,0,0,1,1,0,0,0,0.66,1,1
scen_000047,alt_scen_000047_00035,alt_scen_000047_00038,16.04,1,0,0,0,0,0,0,0,0.14,1,1
scen_000047,alt_scen_000047_00035,alt_scen_000047_00037,20.0,1,0,0,0,0,0,0,0,0.73,1,1
scen_000047,alt_scen_000047_00035,alt_scen_000047_00039,70.0,1,0,0,1,1,0,0,0,0.5,1,1
scen_000047,alt_scen_000047_00035,alt_scen_000047_00040,90.0,1,0,0,1,1,0,0,0,0.82,1,1
scen_000047,alt_scen_000047_00035,alt_scen_000047_00041,100.0,1,0,0,1,1,0,0,0,0.58,1,1
scen_000047,alt_scen_000047_00035,alt_scen_000047_00042,122.0,0,0,0,0,0,0,2,0,0.73,1,0
scen_000047,alt_scen_000047_00036,alt_scen_000047_00038,6.04,1,0,0,0,0,0,0,0,0.19,1,1
scen_000047,alt_scen_000047_00036,alt_scen_000047_00037,10.0,1,0,0,0,0,0,0,0,0.73,1,1
scen_000047,alt_scen_000047_00036,alt_scen_000047_00039,60.0,1,0,0,1,1,0,0,0,0.81,1,1
scen_000047,alt_scen_000047_00036,alt_scen_000047_00040,80.0,1,0,0,1,1,0,0,0,0.11,1,1
scen_000047,alt_scen_000047_00036,alt_scen_000047_00041,90.0,1,0,0,1,1,0,0,0,0.28,1,1
scen_000047,alt_scen_000047_00036,alt_scen_000047_00042,112.0,0,0,0,0,0,0,2,0,0.2,1,0
scen_000047,alt_scen_000047_00038,alt_scen_000047_00037,3.96,1,0,0,1,1,0,0,0,0.11,1,1
scen_000047,alt_scen_000047_00038,alt_scen_000047_00039,53.96,1,0,0,0,0,0,0,0,0.24,1,1
scen_000047,alt_scen_000047_00038,alt_scen_000047_00040,73.96,1,0,0,0,0,0,0,0,0.6,1,1
scen_000047,alt_scen_000047_00038,alt_scen_000047_00041,83.96,1,0,0,0,0,0,0,0,0.69,1,1
scen_000047,alt_scen_000047_00038,alt_scen_000047_00042,105.96,0,0,0,0,1,0,2,0,0.11,1,0
scen_000047,alt_scen_000047_00037,alt_scen_000047_00039,50.0,1,0,0,0,0,0,0,0,0.87,1,1
scen_000047,alt_scen_000047_00037,alt_scen_000047_00040,70.0,1,0,0,0,0,0,0,0,0.56,1,1
scen_000047,alt_scen_000047_00037,alt_scen_000047_00041,80.0,1,0,0,0,0,0,0,0,0.27,1,1
scen_000047,alt_scen_000047_00037,alt_scen_000047_00042,102.0,0,0,0,0,1,0,2,0,0.42,1,0
scen_000047,alt_scen_000047_00039,alt_scen_000047_00040,20.0,1,0,0,1,1,0,0,0,0.6,1,1
scen_000047,alt_scen_000047_00039,alt_scen_000047_00041,30.0,1,0,0,1,1,0,0,0,0.11,1,1
scen_000047,alt_scen_000047_00039,alt_scen_000047_00042,52.0,0,0,0,0,0,0,2,0,0.48,1,0
scen_000047,alt_scen_000047_00040,alt_scen_000047_00041,10.0,1,0,0,1,1,0,0,0,0.46,1,1
scen_000047,alt_scen_000047_00040,alt_scen_000047_00042,32.0,0,0,0,0,0,0,2,0,0.21,1,0
scen_000047,alt_scen_000047_00041,alt_scen_000047_00042,22.0,0,0,0,0,0,0,2,0,0.57,1,0
scen_000048,alt_scen_000048_00004,alt_scen_000048_00003,222.0,0,0,0,1,1,0,2,0,0.15,1,0
scen_000048,alt_scen_000048_00004,alt_scen_000048_00001,532.0,0,0,0,1,1,0,2,0,0.44,0,0
scen_000048,alt_scen_000048_00004,alt_scen_000048_00002,719.0,0,0,0,1,1,0,2,0,0.14,0,0
scen_000048,alt_scen_000048_00003,alt_scen_000048_00001,310.0,0,0,0,1,1,0,2,0,0.16,0,0
scen_000048,alt_scen_000048_00003,alt_scen_000048_00002,497.0,0,0,0,1,1,0,2,0,0.76,0,0
scen_000048,alt_scen_000048_00001,alt_scen_000048_00002,187.0,0,0,0,1,1,0,2,0,0.21,1,0
scen_000049,alt_scen_000049_00003,alt_scen_000049_00001,82.0,0,0,0,1,1,0,2,0,0.33,1,0
scen_000049,alt_scen_000049_00003,alt_scen_000049_00002,132.0,0,0,0,1,1,0,2,0,0.8,1,0
scen_000049,alt_scen_000049_00001,alt_scen_000049_00002,50.0,0,0,0,1,1,0,2,0,0.52,1,0
scen_000050,alt_scen_000050_00060,alt_scen_000050_00061,205.0,0,0,0,1,1,0,3,0,0.65,1,0
scen_000050,alt_scen_000050_00060,alt_scen_000050_00062,313.0,0,0,0,1,1,0,2,0,0.83,0,0
scen_000050,alt_scen_000050_00060,alt_scen_000050_00001,318.0,0,0,0,0,1,1,1,-1,0.27,0,0
scen_000050,alt_scen_000050_00060,alt_scen_000050_00002,319.06,0,0,0,0,1,1,1,-1,0.25,0,0
scen_000050,alt_scen_000050_00060,alt_scen_000050_00004,325.03,0,0,0,0,0,1,1,-1,0.64,0,0
scen_000050,alt_scen_000050_00060,alt_scen_000050_00003,328.0,0,0,0,0,0,1,1,-1,0.85,0,0
scen_000050,alt_scen_000050_00060,alt_scen_000050_00005,328.0,0,0,0,0,1,1,1,-1,0.56,0,0
scen_000050,alt_scen_000050_00060,alt_scen_000050_00006,338.0,0,0,0,0,0,1,1,-1,0.33,0,0
scen_000050,alt_scen_000050_00060,alt_scen_000050_00007,368.0,0,0,0,0,0,1,1,-1,0.1,0,0
scen_000050,alt_scen_000050_00061,alt_scen_000050_00062,108.0,0,0,0,1,1,1,1,-1,0.78,1,0
scen_000050,alt_scen_000050_00061,alt_scen_000050_00001,113.0,0,0,0,0,1,0,2,0,0.25,1,0
scen_000050,alt_scen_000050_00061,alt_scen_000050_00002,114.06,0,0,0,0,1,0,2,0,0.88,1,0
scen_000050,alt_scen_000050_00061,alt_scen_000050_00004,120.03,0,0,0,0,0,0,2,0,0.16,1,0
scen_000050,alt_scen_000050_00061,alt_scen_000050_00003,123.0,0,0,0,0,0,0,2,0,0.79,1,0
scen_000050,alt_scen_000050_00061,alt_scen_000050_00005,123.0,0,0,0,0,1,0,2,0,0.82,1,0
scen_000050,alt_scen_000050_00061,alt_scen_000050_00006,133.0,0,0,0,0,0,0,2,0,0.9,1,0
scen_000050,alt_scen_000050_00061,alt_scen_000050_00007,163.0,0,0,0,0,0,0,2,0,0.53,1,0
scen_000050,alt_scen_000050_00061,alt_scen_000050_00008,173.0,0,0,0,0,1,0,2,0,0.51,1,0
scen_000050,alt_scen_000050_00062,alt_scen_000050_00001,5.0,0,0,0,0,1,1,1,-1,0.18,1,0
scen_000050,alt_scen_000050_00062,alt_scen_000050_00002,6.06,0,0,0,0,1,1,1,-1,0.34,1,0
scen_000050,alt_scen_000050_00062,alt_scen_000050_00004,12.03,0,0,0,0,0,1,1,-1,0.53,1,0
scen_000050,alt_scen_000050_00062,alt_scen_000050_00003,15.0,0,0,0,0,0,1,1,-1,0.74,1,0
scen_000050,alt_scen_000050_00062,alt_scen_000050_00005,15.0,0,0,0,0,1,1,1,-1,0.72,1,0
scen_000050,alt_scen_000050_00062,alt_scen_000050_00006,25.0,0,0,0,0,0,1,1,-1,0.72,1,0
scen_000050,alt_scen_000050_00062,alt_scen_000050_00007,55.0,0,0,0,0,0,1,1,-1,0.37,1,0
scen_000050,alt_scen_000050_00062,alt_scen_000050_00008,65.0,0,0,0,0,1,1,1,-1,0.85,1,0
scen_000050,alt_scen_000050_00062,alt_scen_000050_00009,75.0,0,0,0,0,1,1,1,-1,0.41,1,0
scen_000050,alt_scen_000050_00001,alt_scen_000050_00002,1.06,1,0,0,1,1,0,0,0,0.73,1,1
scen_000050,alt_scen_000050_00001,alt_scen_000050_00004,7.03,1,0,0,0,0,0,0,0,0.22,1,1
scen_000050,alt_scen_000050_00001,alt_scen_000050_00003,10.0,1,0,0,0,0,0,0,0,0.74,1,1
scen_000050,alt_scen_000050_00001,alt_scen_000050_00005,10.0,1,0,0,1,1,0,0,0,0.88,1,1
scen_000050,alt_scen_000050_00001,alt_scen_000050_00006,20.0,1,0,0,0,0,0,0,0,0.66,1,1
scen_000050,alt_scen_000050_00001,alt_scen_000050_00007,50.0,1,0,0,0,0,0,0,0,0.21,1,1
scen_000050,alt_scen_000050_00001,alt_scen_000050_00008,60.0,1,0,0,1,1,0,0,0,0.37,1,1
scen_000050,alt_scen_000050_00001,alt_scen_000050_00009,70.0,1,0,0,1,1,0,0,0,0.46,1,1
scen_000050,alt_scen_000050_00001,alt_scen_000050_00010,80.0,1,0,0,0,0,0,0,0,0.26,1,1
scen_000050,alt_scen_000050_00002,alt_scen_000050_00004,5.98,1,0,0,0,0,0,0,0,0.76,1,1
scen_000050,alt_scen_000050_00002,alt_scen_000050_00003,8.94,1,0,0,0,0,0,0,0,0.58,1,1
scen_000050,alt_scen_000050_00002,alt_scen_000050_00005,8.94,1,0,0,1,1,0,0,0,0.39,1,1
scen_000050,alt_scen_000050_00002,alt_scen_000050_00006,18.94,1,0,0,0,0,0,0,0,0.59,1,1
scen_000050,alt_scen_000050_00002,alt_scen_000050_00007,48.94,1,0,0,0,0,0,0,0,0.57,1,1
scen_000050,alt_scen_000050_00002,alt_scen_000050_00008,58.94,1,0,0,1,1,0,0,0,0.62,1,1
scen_000050,alt_scen_000050_00002,alt_scen_000050_00009,68.94,1,0,0,1,1,0,0,0,0.83,1,1
scen_000050,alt_scen_000050_00002,alt_scen_000050_00010,78.94,1,0,0,0,0,0,0,0,0.13,1,1
scen_000050,alt_scen_000050_00002,alt_scen_000050_00011,98.94,1,0,0,0,0,0,0,0,0.66,1,1
scen_000050,alt_scen_000050_00004,alt_scen_000050_00003,2.97,1,0,0,1,1,0,0,0,0.65,1,1
scen_000050,alt_scen_000050_00004,alt_scen_000050_00005,2.97,1,0,0,0,0,0,0,0,0.75,1,1
scen_000050,alt_scen_000050_00004,alt_scen_000050_00006,12.97,1,0,0,1,1,0,0,0,0.19,1,1
scen_000050,alt_scen_000050_00004,alt_scen_000050_00007,42.97,1,0,0,1,1,0,0,0,0.62,1,1
scen_000050,alt_scen_000050_00004,alt_scen_000050_00008,52.97,1,0,0,0,0,0,0,0,0.2,1,1
scen_000050,alt_scen_000050_00004,alt_scen_000050_00009,62.97,1,0,0,0,0,0,0,0,0.43,1,1
scen_000050,alt_scen_000050_00004,alt_scen_000050_00010,72.97,1,0,0,1,1,0,0,0,0.59,1,1
scen_000050,alt_scen_000050_00004,alt_scen_000050_00011,92.97,1,0,0,1,1,0,0,0,0.78,1,1
scen_000050,alt_scen_000050_00004,alt_scen_000050_00012,92.97,1,0,0,0,0,0,0,0,0.16,1,1
scen_000050,alt_scen_000050_00003,alt_scen_000050_00005,0.0,1,0,0,0,0,0,0,0,0.76,1,1
scen_000050,alt_scen_000050_00003,alt_scen_000050_00006,10.0,1,0,0,1,1,0,0,0,0.27,1,1
scen_000050,alt_scen_000050_00003,alt_scen_000050_00007,40.0,1,0,0,1,1,0,0,0,0.25,1,1
scen_000050,alt_scen_000050_00003,alt_scen_000050_00008,50.0,1,0,0,0,0,0,0,0,0.15,1,1
scen_000050,alt_scen_000050_00003,alt_scen_000050_00009,60.0,1,0,0,0,0,0,0,0,0.87,1,1
scen_000050,alt_scen_000050_00003,alt_scen_000050_00010,70.0,1,0,0,1,1,0,0,0,0.21,1,1
scen_000050,alt_scen_000050_00003,alt_scen_000050_00011,90.0,1,0,0,1,1,0,0,0,0.17,1,1
scen_000050,alt_scen_000050_00003,alt_scen_000050_00012,90.0,1,0,0,0,0,0,0,0,0.38,1,1
scen_000050,alt_scen_000050_00003,alt_scen_000050_00013,110.0,1,0,0,1,1,0,0,0,0.67,1,1
scen_000050,alt_scen_000050_00005,alt_scen_000050_00006,10.0,1,0,0,0,0,0,0,0,0.3,1,1
scen_000050,alt_scen_000050_00005,alt_scen_000050_00007,40.0,1,0,0,0,0,0,0,0,0.17,1,1
scen_000050,alt_scen_000050_00005,alt_scen_000050_00008,50.0,1,0,0,1,1,0,0,0,0.88,1,1
scen_000050,alt_scen_000050_00005,alt_scen_000050_00009,60.0,1,0,0,1,1,0,0,0,0.51,1,1
scen_000050,alt_scen_000050_00005,alt_scen_000050_00010,70.0,1,0,0,0,0,0,0,0,0.11,1,1
scen_000050,alt_scen_000050_00005,alt_scen_000050_00011,90.0,1,0,0,0,0,0,0,0,0.79,1,1
scen_000050,alt_scen_000050_00005,alt_scen_000050_00012,90.0,1,0,0,1,1,0,0,0,0.71,1,1
scen_000050,alt_scen_000050_00005,alt_scen_000050_00013,110.0,1,0,0,0,0,0,0,0,0.46,1,1
scen_000050,alt_scen_000050_00005,alt_scen_000050_00014,120.0,1,0,0,1,1,0,0,0,0.26,1,1
scen_000050,alt_scen_000050_00006,alt_scen_000050_00007,30.0,1,0,0,1,1,0,0,0,0.44,1,1
scen_000050,alt_scen_000050_00006,alt_scen_000050_00008,40.0,1,0,0,0,0,0,0,0,0.37,1,1
scen_000050,alt_scen_000050_00006,alt_scen_000050_00009,50.0,1,0,0,0,0,0,0,0,0.72,1,1
scen_000050,alt_scen_000050_00006,alt_scen_000050_00010,60.0,1,0,0,1,1,0,0,0,0.61,1,1
scen_000050,alt_scen_000050_00006,alt_scen_000050_00011,80.0,1,0,0,1,1,0,0,0,0.31,1,1
scen_000050,alt_scen_000050_00006,alt_scen_000050_00012,80.0,1,0,0,0,0,0,0,0,0.62,1,1
scen_000050,alt_scen_000050_00006,alt_scen_000050_00013,100.0,1,0,0,1,1,0,0,0,0.66,1,1
scen_000050,alt_scen_000050_00006,alt_scen_000050_00014,110.0,1,0,0,0,0,0,0,0,0.16,1,1
scen_000050,alt_scen_000050_00006,alt_scen_000050_00015,170.0,1,0,0,1,1,0,0,0,0.2,1,1
scen_000050,alt_scen_000050_00007,alt_scen_000050_00008,10.0,1,0,0,0,0,0,0,0,0.25,1,1
scen_000050,alt_scen_000050_00007,alt_scen_000050_00009,20.0,1,0,0,0,0,0,0,0,0.22,1,1
scen_000050,alt_scen_000050_00007,alt_scen_000050_00010,30.0,1,0,0,1,1,0,0,0,0.75,1,1
scen_000050,alt_scen_000050_00007,alt_scen_000050_00011,50.0,1,0,0,1,1,0,0,0,0.27,1,1
scen_000050,alt_scen_000050_00007,alt_scen_000050_00012,50.0,1,0,0,0,0,0,0,0,0.71,1,1
scen_000050,alt_scen_000050_00007,alt_scen_000050_00013,70.0,1,0,0,1,1,0,0,0,0.11,1,1
scen_000050,alt_scen_000050_00007,alt_scen_000050_00014,80.0,1,0,0,0,0,0,0,0,0.1,1,1
scen_000050,alt_scen_000050_00007,alt_scen_000050_00015,140.0,1,0,0,1,1,0,0,0,0.4,1,1
scen_000050,alt_scen_000050_00007,alt_scen_000050_00016,150.0,1,0,0,0,0,0,0,0,0.65,1,1
scen_000050,alt_scen_000050_00008,alt_scen_000050_00009,10.0,1,0,0,1,1,0,0,0,0.18,1,1
scen_000050,alt_scen_000050_00008,alt_scen_000050_00010,20.0,1,0,0,0,0,0,0,0,0.32,1,1
scen_000050,alt_scen_000050_00008,alt_scen_000050_00011,40.0,1,0,0,0,0,0,0,0,0.28,1,1
scen_000050,alt_scen_000050_00008,alt_scen_000050_00012,40.0,1,0,0,1,1,0,0,0,0.83,1,1
scen_000050,alt_scen_000050_00008,alt_scen_000050_00013,60.0,1,0,0,0,0,0,0,0,0.64,1,1
scen_000050,alt_scen_000050_00008,alt_scen_000050_00014,70.0,1,0,0,1,1,0,0,0,0.52,1,1
scen_000050,alt_scen_000050_00008,alt_scen_000050_00015,130.0,1,0,0,0,0,0,0,0,0.21,1,1
scen_000050,alt_scen_000050_00008,alt_scen_000050_00016,140.0,1,0,0,1,1,0,0,0,0.45,1,1
scen_000050,alt_scen_000050_00008,alt_scen_000050_00064,150.0,0,0,0,0,1,0,2,0,0.22,1,0
scen_000050,alt_scen_000050_00009,alt_scen_000050_00010,10.0,1,0,0,0,0,0,0,0,0.75,1,1
scen_000050,alt_scen_000050_00009,alt_scen_000050_00011,30.0,1,0,0,0,0,0,0,0,0.27,1,1
scen_000050,alt_scen_000050_00009,alt_scen_000050_00012,30.0,1,0,0,1,1,0,0,0,0.6,1,1
scen_000050,alt_scen_000050_00009,alt_scen_000050_00013,50.0,1,0,0,0,0,0,0,0,0.83,1,1
scen_000050,alt_scen_000050_00009,alt_scen_000050_00014,60.0,1,0,0,1,1,0,0,0,0.53,1,1
scen_000050,alt_scen_000050_00009,alt_scen_000050_00015,120.0,1,0,0,0,0,0,0,0,0.18,1,1
scen_000050,alt_scen_000050_00009,alt_scen_000050_00016,130.0,1,0,0,1,1,0,0,0,0.73,1,1
scen_000050,alt_scen_000050_00009,alt_scen_000050_00064,140.0,0,0,0,0,1,0,2,0,0.14,1,0
scen_000050,alt_scen_000050_00009,alt_scen_000050_00017,170.0,1,0,0,0,0,0,0,0,0.56,1,1
scen_000050,alt_scen_000050_00010,alt_scen_000050_00011,20.0,1,0,0,1,1,0,0,0,0.65,1,1
scen_000050,alt_scen_000050_00010,alt_scen_000050_00012,20.0,1,0,0,0,0,0,0,0,0.13,1,1
scen_000050,alt_scen_000050_00010,alt_scen_000050_00013,40.0,1,0,0,1,1,0,0,0,0.13,1,1
scen_000050,alt_scen_000050_00010,alt_scen_000050_00014,50.0,1,0,0,0,0,0,0,0,0.14,1,1
scen_000050,alt_scen_000050_00010,alt_scen_000050_00015,110.0,1,0,0,1,1,0,0,0,0.6,1,1
scen_000050,alt_scen_000050_00010,alt_scen_000050_00016,120.0,1,0,0,0,0,0,0,0,0.18,1,1
scen_000050,alt_scen_000050_00010,alt_scen_000050_00064,130.0,0,0,0,0,0,0,2,0,0.39,1,0
scen_000050,alt_scen_000050_00010,alt_scen_000050_00017,160.0,1,0,0,1,1,0,0,0,0.31,1,1
scen_000050,alt_scen_000050_00010,alt_scen_000050_00018,200.0,1,0,0,0,0,0,0,0,0.52,1,1
scen_000050,alt_scen_000050_00011,alt_scen_000050_00012,0.0,1,0,0,0,0,0,0,0,0.53,1,1
scen_000050,alt_scen_000050_00011,alt_scen_000050_00013,20.0,1,0,0,1,1,0,0,0,0.42,1,1
scen_000050,alt_scen_000050_00011,alt_scen_000050_00014,30.0,1,0,0,0,0,0,0,0,0.52,1,1
scen_000050,alt_scen_000050_00011,alt_scen_000050_00015,90.0,1,0,0,1,1,0,0,0,0.67,1,1
scen_000050,alt_scen_000050_00011,alt_scen_000050_00016,100.0,1,0,0,0,0,0,0,0,0.62,1,1
scen_000050,alt_scen_000050_00011,alt_scen_000050_00064,110.0,0,0,0,0,0,0,2,0,0.32,1,0
scen_000050,alt_scen_000050_00011,alt_scen_000050_00017,140.0,1,0,0,1,1,0,0,0,0.78,1,1
scen_000050,alt_scen_000050_00011,alt_scen_000050_00018,180.0,1,0,0,0,0,0,0,0,0.53,1,1
scen_000050,alt_scen_000050_00011,alt_scen_000050_00020,198.92,1,0,0,0,0,0,0,0,0.66,1,1
scen_000050,alt_scen_000050_00012,alt_scen_000050_00013,20.0,1,0,0,0,0,0,0,0,0.55,1,1
scen_000050,alt_scen_000050_00012,alt_scen_000050_00014,30.0,1,0,0,1,1,0,0,0,0.57,1,1
scen_000050,alt_scen_000050_00012,alt_scen_000050_00015,90.0,1,0,0,0,0,0,0,0,0.17,1,1
scen_000050,alt_scen_000050_00012,alt_scen_000050_00016,100.0,1,0,0,1,1,0,0,0,0.33,1,1
scen_000050,alt_scen_000050_00012,alt_scen_000050_00064,110.0,0,0,0,0,1,0,2,0,0.87,1,0
scen_000050,alt_scen_000050_00012,alt_scen_000050_00017,140.0,1,0,0,0,0,0,0,0,0.87,1,1
scen_000050,alt_scen_000050_00012,alt_scen_000050_00018,180.0,1,0,0,1,1,0,0,0,0.37,1,1
scen_000050,alt_scen_000050_00012,alt_scen_000050_00020,198.92,1,0,0,1,1,0,0,0,0.44,1,1
scen_000050,alt_scen_000050_00012,alt_scen_000050_00019,200.0,1,0,0,1,1,0,0,0,0.32,1,1
scen_000050,alt_scen_000050_00013,alt_scen_000050_00014,10.0,1,0,0,0,0,0,0,0,0.18,1,1
scen_000050,alt_scen_000050_00013,alt_scen_000050_00015,70.0,1,0,0,1,1,0,0,0,0.25,1,1
scen_000050,alt_scen_000050_00013,alt_scen_000050_00016,80.0,1,0,0,0,0,0,0,0,0.2,1,1
scen_000050,alt_scen_000050_00013,alt_scen_000050_00064,90.0,0,0,0,0,0,0,2,0,0.38,1,0
scen_000050,alt_scen_000050_00013,alt_scen_000050_00017,120.0,1,0,0,1,1,0,0,0,0.32,1,1
scen_000050,alt_scen_000050_00013,alt_scen_000050_00018,160.0,1,0,0,0,0,0,0,0,0.6,1,1
scen_000050,alt_scen_000050_00013,alt_scen_000050_00020,178.92,1,0,0,0,0,0,0,0,0.26,1,1
scen_000050,alt_scen_000050_00013,alt_scen_000050_00019,180.0,1,0,0,0,0,0,0,0,0.86,1,1
scen_000050,alt_scen_000050_00013,alt_scen_000050_00021,190.0,1,0,0,1,1,0,0,0,0.29,1,1
scen_000050,alt_scen_000050_00014,alt_scen_000050_00015,60.0,1,0,0,0,0,0,0,0,0.88,1,1
scen_000050,alt_scen_000050_00014,alt_scen_000050_00016,70.0,1,0,0,1,1,0,0,0,0.48,1,1
scen_000050,alt_scen_000050_00014,alt_scen_000050_00064,80.0,0,0,0,0,1,0,2,0,0.47,1,0
scen_000050,alt_scen_000050_00014,alt_scen_000050_00017,110.0,1,0,0,0,0,0,0,0,0.36,1,1
scen_000050,alt_scen_000050_00014,alt_scen_000050_00018,150.0,1,0,0,1,1,0,0,0,0.3,1,1
scen_000050,alt_scen_000050_00014,alt_scen_000050_00020,168.92,1,0,0,1,1,0,0,0,0.36,1,1
scen_000050,alt_scen_000050_00014,alt_scen_000050_00019,170.0,1,0,0,1,1,0,0,0,0.62,1,1
scen_000050,alt_scen_000050_00014,alt_scen_000050_00021,180.0,1,0,0,0,0,0,0,0,0.24,1,1
scen_000050,alt_scen_000050_00014,alt_scen_000050_00022,180.0,1,0,0,1,1,0,0,0,0.7,1,1
scen_000050,alt_scen_000050_00015,alt_scen_000050_00016,10.0,1,0,0,0,0,0,0,0,0.79,1,1
scen_000050,alt_scen_000050_00015,alt_scen_000050_00064,20.0,0,0,0,0,0,0,2,0,0.8,1,0
scen_000050,alt_scen_000050_00015,alt_scen_000050_00017,50.0,1,0,0,1,1,0,0,0,0.41,1,1
scen_000050,alt_scen_000050_00015,alt_scen_000050_00018,90.0,1,0,0,0,0,0,0,0,0.32,1,1
scen_000050,alt_scen_000050_00015,alt_scen_000050_00020,108.92,1,0,0,0,0,0,0,0,0.12,1,1
scen_000050,alt_scen_000050_00015,alt_scen_000050_00019,110.0,1,0,0,0,0,0,0,0,0.9,1,1
scen_000050,alt_scen_000050_00015,alt_scen_000050_00021,120.0,1,0,0,1,1,0,0,0,0.9,1,1
scen_000050,alt_scen_000050_00015,alt_scen_000050_00022,120.0,1,0,0,0,0,0,0,0,0.12,1,1
scen_000050,alt_scen_000050_00015,alt_scen_000050_00023,124.7,1,0,0,0,0,0,0,0,0.36,1,1
scen_000050,alt_scen_000050_00016,alt_scen_000050_00064,10.0,0,0,0,0,1,0,2,0,0.68,1,0
scen_000050,alt_scen_000050_00016,alt_scen_000050_00017,40.0,1,0,0,0,0,0,0,0,0.25,1,1
scen_000050,alt_scen_000050_00016,alt_scen_000050_00018,80.0,1,0,0,1,1,0,0,0,0.88,1,1
scen_000050,alt_scen_000050_00016,alt_scen_000050_00020,98.92,1,0,0,1,1,0,0,0,0.69,1,1
scen_000050,alt_scen_000050_00016,alt_scen_000050_00019,100.0,1,0,0,1,1,0,0,0,0.37,1,1
scen_000050,alt_scen_000050_00016,alt_scen_000050_00021,110.0,1,0,0,0,0,0,0,0,0.59,1,1
scen_000050,alt_scen_000050_00016,alt_scen_000050_00022,110.0,1,0,0,1,1,0,0,0,0.23,1,1
scen_000050,alt_scen_000050_00016,alt_scen_000050_00023,114.7,1,0,0,1,1,0,0,0,0.41,1,1
scen_000050,alt_scen_000050_00016,alt_scen_000050_00024,140.0,1,0,0,1,1,0,0,0,0.89,1,1
scen_000050,alt_scen_000050_00064,alt_scen_000050_00017,30.0,0,0,0,0,0,0,2,0,0.25,1,0
scen_000050,alt_scen_000050_00064,alt_scen_000050_00018,70.0,0,0,0,0,1,0,2,0,0.17,1,0
scen_000050,alt_scen_000050_00064,alt_scen_000050_00020,88.92,0,0,0,0,1,0,2,0,0.76,1,0
scen_000050,alt_scen_000050_00064,alt_scen_000050_00019,90.0,0,0,0,0,1,0,2,0,0.63,1,0
scen_000050,alt_scen_000050_00064,alt_scen_000050_00021,100.0,0,0,0,0,0,0,2,0,0.64,1,0
scen_000050,alt_scen_000050_00064,alt_scen_000050_00022,100.0,0,0,0,0,1,0,2,0,0.24,1,0
scen_000050,alt_scen_000050_00064,alt_scen_000050_00023,104.7,0,0,0,0,1,0,2,0,0.15,1,0
scen_000050,alt_scen_000050_00064,alt_scen_000050_00024,130.0,0,0,0,0,1,0,2,0,0.47,1,0
scen_000050,alt_scen_000050_00064,alt_scen_000050_00027,160.09,0,0,0,0,1,0,2,0,0.6,1,0
scen_000050,alt_scen_000050_00017,alt_scen_000050_00018,40.0,1,0,0,0,0,0,0,0,0.63,1,1
scen_000050,alt_scen_000050_00017,alt_scen_000050_00020,58.92,1,0,0,0,0,0,0,0,0.32,1,1
scen_000050,alt_scen_000050_00017,alt_scen_000050_00019,60.0,1,0,0,0,0,0,0,0,0.47,1,1
scen_000050,alt_scen_000050_00017,alt_scen_000050_00021,70.0,1,0,0,1,1,0,0,0,0.43,1,1
scen_000050,alt_scen_000050_00017,alt_scen_000050_00022,70.0,1,0,0,0,0,0,0,0,0.54,1,1
scen_000050,alt_scen_000050_00017,alt_scen_000050_00023,74.7,1,0,0,0,0,0,0,0,0.14,1,1
scen_000050,alt_scen_000050_00017,alt_scen_000050_00024,100.0,1,0,0,0,0,0,0,0,0.31,1,1
scen_000050,alt_scen_000050_00017,alt_scen_000050_00027,130.09,1,0,0,0,0,0,0,0,0.89,1,1
scen_000050,alt_scen_000050_00017,alt_scen_000050_00025,130.0,1,0,0,1,1,0,0,0,0.21,1,1
scen_000050,alt_scen_000050_00018,alt_scen_000050_00020,18.92,1,0,0,1,1,0,0,0,0.84,1,1
scen_000050,alt_scen_000050_00018,alt_scen_000050_00019,20.0,1,0,0,1,1,0,0,0,0.18,1,1
scen_000050,alt_scen_000050_00018,alt_scen_000050_00021,30.0,1,0,0,0,0,0,0,0,0.4,1,1
scen_000050,alt_scen_000050_00018,alt_scen_000050_00022,30.0,1,0,0,1,1,0,0,0,0.65,1,1
scen_000050,alt_scen_000050_00018,alt_scen_000050_00023,34.7,1,0,0,1,1,0,0,0,0.18,1,1
scen_000050,alt_scen_000050_00018,alt_scen_000050_00024,60.0,1,0,0,1,1,0,0,0,0.22,1,1
scen_000050,alt_scen_000050_00018,alt_scen_000050_00027,90.09,1,0,0,1,1,0,0,0,0.62,1,1
scen_000050,alt_scen_000050_00018,alt_scen_000050_00025,90.0,1,0,0,0,0,0,0,0,0.34,1,1
scen_000050,alt_scen_000050_00018,alt_scen_000050_00026,90.0,1,0,0,1,1,0,0,0,0.25,1,1
scen_000050,alt_scen_000050_00020,alt_scen_000050_00019,1.08,1,0,0,1,1,0,0,0,0.15,1,1
scen_000050,alt_scen_000050_00020,alt_scen_000050_00021,11.08,1,0,0,0,0,0,0,0,0.48,1,1
scen_000050,alt_scen_000050_00020,alt_scen_000050_00022,11.08,1,0,0,1,1,0,0,0,0.28,1,1
scen_000050,alt_scen_000050_00020,alt_scen_000050_00023,15.78,1,0,0,1,1,0,0,0,0.21,1,1
scen_000050,alt_scen_000050_00020,alt_scen_000050_00024,41.08,1,0,0,1,1,0,0,0,0.36,1,1
scen_000050,alt_scen_000050_00020,alt_scen_000050_00027,71.17,1,0,0,1,1,0,0,0,0.26,1,1
scen_000050,alt_scen_000050_00020,alt_scen_000050_00025,71.08,1,0,0,0,0,0,0,0,0.28,1,1
scen_000050,alt_scen_000050_00020,alt_scen_000050_00026,71.08,1,0,0,1,1,0,0,0,0.64,1,1
scen_000050,alt_scen_000050_00020,alt_scen_000050_00028,111.08,1,0,0,1,1,0,0,0,0.46,1,1
scen_000050,alt_scen_000050_00019,alt_scen_000050_00021,10.0,1,0,0,0,0,0,0,0,0.13,1,1
scen_000050,alt_scen_000050_00019,alt_scen_000050_00022,10.0,1,0,0,1,1,0,0,0,0.6,1,1
scen_000050,alt_scen_000050_00019,alt_scen_000050_00023,14.7,1,0,0,1,1,0,0,0,0.59,1,1
scen_000050,alt_scen_000050_00019,alt_scen_000050_00024,40.0,1,0,0,1,1,0,0,0,0.59,1,1
scen_000050,alt_scen_000050_00019,alt_scen_000050_00027,70.09,1,0,0,1,1,0,0,0,0.15,1,1
scen_000050,alt_scen_000050_00019,alt_scen_000050_00025,70.0,1,0,0,0,0,0,0,0,0.53,1,1
scen_000050,alt_scen_000050_00019,alt_scen_000050_00026,70.0,1,0,0,1,1,0,0,0,0.43,1,1
scen_000050,alt_scen_000050_00019,alt_scen_000050_00028,110.0,1,0,0,1,1,0,0,0,0.65,1,1
scen_000050,alt_scen_000050_00019,alt_scen_000050_00030,115.13,1,0,0,1,1,0,0,0,0.15,1,1
scen_000050,alt_scen_000050_00021,alt_scen_000050_00022,0.0,1,0,0,0,0,0,0,0,0.29,1,1
scen_000050,alt_scen_000050_00021,alt_scen_000050_00023,4.7,1,0,0,0,0,0,0,0,0.87,1,1
scen_000050,alt_scen_000050_00021,alt_scen_000050_00024,30.0,1,0,0,0,0,0,0,0,0.51,1,1
scen_000050,alt_scen_000050_00021,alt_scen_000050_00027,60.09,1,0,0,0,0,0,0,0,0.89,1,1
scen_000050,alt_scen_000050_00021,alt_scen_000050_00025,60.0,1,0,0,1,1,0,0,0,0.37,1,1
scen_000050,alt_scen_000050_00021,alt_scen_000050_00026,60.0,1,0,0,0,0,0,0,0,0.47,1,1
scen_000050,alt_scen_000050_00021,alt_scen_000050_00028,100.0,1,0,0,0,0,0,0,0,0.19,1,1
scen_000050,alt_scen_000050_00021,alt_scen_000050_00030,105.13,1,0,0,0,0,0,0,0,0.83,1,1
scen_000050,alt_scen_000050_00021,alt_scen_000050_00029,110.0,1,0,0,0,0,0,0,0,0.25,1,1
scen_000050,alt_scen_000050_00022,alt_scen_000050_00023,4.7,1,0,0,1,1,0,0,0,0.18,1,1
scen_000050,alt_scen_000050_00022,alt_scen_000050_00024,30.0,1,0,0,1,1,0,0,0,0.69,1,1
scen_000050,alt_scen_000050_00022,alt_scen_000050_00027,60.09,1,0,0,1,1,0,0,0,0.65,1,1
scen_000050,alt_scen_000050_00022,alt_scen_000050_00025,60.0,1,0,0,0,0,0,0,0,0.19,1,1
scen_000050,alt_scen_000050_00022,alt_scen_000050_00026,60.0,1,0,0,1,1,0,0,0,0.11,1,1
scen_000050,alt_scen_000050_00022,alt_scen_000050_00028,100.0,1,0,0,1,1,0,0,0,0.49,1,1
scen_000050,alt_scen_000050_00022,alt_scen_000050_00030,105.13,1,0,0,1,1,0,0,0,0.24,1,1
scen_000050,alt_scen_000050_00022,alt_scen_000050_00029,110.0,1,0,0,1,1,0,0,0,0.53,1,1
scen_000050,alt_scen_000050_00022,alt_scen_000050_00032,115.62,1,0,0,1,1,0,0,0,0.2,1,1
scen_000050,alt_scen_000050_00023,alt_scen_000050_00024,25.3,1,0,0,1,1,0,0,0,0.62,1,1
scen_000050,alt_scen_000050_00023,alt_scen_000050_00027,55.39,1,0,0,1,1,0,0,0,0.32,1,1
scen_000050,alt_scen_000050_00023,alt_scen_000050_00025,55.3,1,0,0,0,0,0,0,0,0.78,1,1
scen_000050,alt_scen_000050_00023,alt_scen_000050_00026,55.3,1,0,0,1,1,0,0,0,0.53,1,1
scen_000050,alt_scen_000050_00023,alt_scen_000050_00028,95.3,1,0,0,1,1,0,0,0,0.42,1,1
scen_000050,alt_scen_000050_00023,alt_scen_000050_00030,100.42,1,0,0,1,1,0,0,0,0.79,1,1
scen_000050,alt_scen_000050_00023,alt_scen_000050_00029,105.3,1,0,0,1,1,0,0,0,0.51,1,1
scen_000050,alt_scen_000050_00023,alt_scen_000050_00032,110.91,1,0,0,1,1,0,0,0,0.21,1,1
scen_000050,alt_scen_000050_00023,alt_scen_000050_00063,113.3,1,0,0,0,1,0,0,0,0.54,1,0
scen_000050,alt_scen_000050_00024,alt_scen_000050_00027,30.09,1,0,0,1,1,0,0,0,0.61,1,1
scen_000050,alt_scen_000050_00024,alt_scen_000050_00025,30.0,1,0,0,0,0,0,0,0,0.26,1,1
scen_000050,alt_scen_000050_00024,alt_scen_000050_00026,30.0,1,0,0,1,1,0,0,0,0.42,1,1
scen_000050,alt_scen_000050_00024,alt_scen_000050_00028,70.0,1,0,0,1,1,0,0,0,0.37,1,1
scen_000050,alt_scen_000050_00024,alt_scen_000050_00030,75.13,1,0,0,1,1,0,0,0,0.29,1,1
scen_000050,alt_scen_000050_00024,alt_scen_000050_00029,80.0,1,0,0,1,1,0,0,0,0.33,1,1
scen_000050,alt_scen_000050_00024,alt_scen_000050_00032,85.62,1,0,0,1,1,0,0,0,0.78,1,1
scen_000050,alt_scen_000050_00024,alt_scen_000050_00063,88.0,1,0,0,0,1,0,0,0,0.7,1,0
scen_000050,alt_scen_000050_00024,alt_scen_000050_00031,90.0,1,0,0,1,1,0,0,0,0.25,1,1
scen_000050,alt_scen_000050_00027,alt_scen_000050_00025,0.09,1,0,0,0,0,0,0,0,0.39,1,1
scen_000050,alt_scen_000050_00027,alt_scen_000050_00026,0.09,1,0,0,1,1,0,0,0,0.44,1,1
scen_000050,alt_scen_000050_00027,alt_scen_000050_00028,39.91,1,0,0,1,1,0,0,0,0.23,1,1
scen_000050,alt_scen_000050_00027,alt_scen_000050_00030,45.04,1,0,0,1,1,0,0,0,0.28,1,1
scen_000050,alt_scen_000050_00027,alt_scen_000050_00029,49.91,1,0,0,1,1,0,0,0,0.11,1,1
scen_000050,alt_scen_000050_00027,alt_scen_000050_00032,55.53,1,0,0,1,1,0,0,0,0.34,1,1
scen_000050,alt_scen_000050_00027,alt_scen_000050_00063,57.91,1,0,0,0,1,0,0,0,0.41,1,0
scen_000050,alt_scen_000050_00027,alt_scen_000050_00031,59.91,1,0,0,1,1,0,0,0,0.64,1,1
scen_000050,alt_scen_000050_00027,alt_scen_000050_00033,69.91,1,0,0,0,0,0,0,0,0.42,1,1
scen_000050,alt_scen_000050_00025,alt_scen_000050_00026,0.0,1,0,0,0,0,0,0,0,0.81,1,1
scen_000050,alt_scen_000050_00025,alt_scen_000050_00028,40.0,1,0,0,0,0,0,0,0,0.51,1,1
scen_000050,alt_scen_000050_00025,alt_scen_000050_00030,45.13,1,0,0,0,0,0,0,0,0.21,1,1
scen_000050,alt_scen_000050_00025,alt_scen_000050_00029,50.0,1,0,0,0,0,0,0,0,0.62,1,1
scen_000050,alt_scen_000050_00025,alt_scen_000050_00032,55.62,1,0,0,0,0,0,0,0,0.65,1,1
scen_000050,alt_scen_000050_00025,alt_scen_000050_00063,58.0,1,0,0,0,0,0,0,0,0.64,1,0
scen_000050,alt_scen_000050_00025,alt_scen_000050_00031,60.0,1,0,0,0,0,0,0,0,0.68,1,1
scen_000050,alt_scen_000050_00025,alt_scen_000050_00033,70.0,1,0,0,1,1,0,0,0,0.77,1,1
scen_000050,alt_scen_000050_00025,alt_scen_000050_00034,80.0,1,0,0,1,1,0,0,0,0.87,1,1
scen_000050,alt_scen_000050_00026,alt_scen_000050_00028,40.0,1,0,0,1,1,0,0,0,0.56,1,1
scen_000050,alt_scen_000050_00026,alt_scen_000050_00030,45.13,1,0,0,1,1,0,0,0,0.78,1,1
scen_000050,alt_scen_000050_00026,alt_scen_000050_00029,50.0,1,0,0,1,1,0,0,0,0.74,1,1
scen_000050,alt_scen_000050_00026,alt_scen_000050_00032,55.62,1,0,0,1,1,0,0,0,0.28,1,1
scen_000050,alt_scen_000050_00026,alt_scen_000050_00063,58.0,1,0,0,0,1,0,0,0,0.82,1,0
scen_000050,alt_scen_000050_00026,alt_scen_000050_00031,60.0,1,0,0,1,1,0,0,0,0.44,1,1
scen_000050,alt_scen_000050_00026,alt_scen_000050_00033,70.0,1,0,0,0,0,0,0,0,0.18,1,1
scen_000050,alt_scen_000050_00026,alt_scen_000050_00034,80.0,1,0,0,0,0,0,0,0,0.71,1,1
scen_000050,alt_scen_000050_00026,alt_scen_000050_00035,110.0,1,0,0,0,0,0,0,0,0.59,1,1
scen_000050,alt_scen_000050_00028,alt_scen_000050_00030,5.13,1,0,0,1,1,0,0,0,0.78,1,1
scen_000050,alt_scen_000050_00028,alt_scen_000050_00029,10.0,1,0,0,1,1,0,0,0,0.1,1,1
scen_000050,alt_scen_000050_00028,alt_scen_000050_00032,15.62,1,0,0,1,1,0,0,0,0.67,1,1
scen_000050,alt_scen_000050_00028,alt_scen_000050_00063,18.0,1,0,0,0,1,0,0,0,0.55,1,0
scen_000050,alt_scen_000050_00028,alt_scen_000050_00031,20.0,1,0,0,1,1,0,0,0,0.53,1,1
scen_000050,alt_scen_000050_00028,alt_scen_000050_00033,30.0,1,0,0,0,0,0,0,0,0.2,1,1
scen_000050,alt_scen_000050_00028,alt_scen_000050_00034,40.0,1,0,0,0,0,0,0,0,0.78,1,1
scen_000050,alt_scen_000050_00028,alt_scen_000050_00035,70.0,1,0,0,0,0,0,0,0,0.83,1,1
scen_000050,alt_scen_000050_00028,alt_scen_000050_00036,80.0,1,0,0,0,0,0,0,0,0.69,1,1
scen_000050,alt_scen_000050_00030,alt_scen_000050_00029,4.87,1,0,0,1,1,0,0,0,0.49,1,1
scen_000050,alt_scen_000050_00030,alt_scen_000050_00032,10.49,1,0,0,1,1,0,0,0,0.55,1,1
scen_000050,alt_scen_000050_00030,alt_scen_000050_00063,12.87,1,0,0,0,1,0,0,0,0.26,1,0
scen_000050,alt_scen_000050_00030,alt_scen_000050_00031,14.87,1,0,0,1,1,0,0,0,0.84,1,1
scen_000050,alt_scen_000050_00030,alt_scen_000050_00033,24.87,1,0,0,0,0,0,0,0,0.72,1,1
scen_000050,alt_scen_000050_00030,alt_scen_000050_00034,34.87,1,0,0,0,0,0,0,0,0.4,1,1
scen_000050,alt_scen_000050_00030,alt_scen_000050_00035,64.87,1,0,0,0,0,0,0,0,0.3,1,1
scen_000050,alt_scen_000050_00030,alt_scen_000050_00036,74.87,1,0,0,0,0,0,0,0,0.37,1,1
scen_000050,alt_scen_000050_00030,alt_scen_000050_00037,74.87,1,0,0,1,1,0,0,0,0.6,1,1
scen_000050,alt_scen_000050_00029,alt_scen_000050_00032,5.62,1,0,0,1,1,0,0,0,0.77,1,1
scen_000050,alt_scen_000050_00029,alt_scen_000050_00063,8.0,1,0,0,0,1,0,0,0,0.43,1,0
scen_000050,alt_scen_000050_00029,alt_scen_000050_00031,10.0,1,0,0,1,1,0,0,0,0.49,1,1
scen_000050,alt_scen_000050_00029,alt_scen_000050_00033,20.0,1,0,0,0,0,0,0,0,0.68,1,1
scen_000050,alt_scen_000050_00029,alt_scen_000050_00034,30.0,1,0,0,0,0,0,0,0,0.62,1,1
scen_000050,alt_scen_000050_00029,alt_scen_000050_00035,60.0,1,0,0,0,0,0,0,0,0.29,1,1
scen_000050,alt_scen_000050_00029,alt_scen_000050_00036,70.0,1,0,0,0,0,0,0,0,0.6,1,1
scen_000050,alt_scen_000050_00029,alt_scen_000050_00037,70.0,1,0,0,1,1,0,0,0,0.23,1,1
scen_000050,alt_scen_000050_00029,alt_scen_000050_00038,90.0,1,0,0,0,0,0,0,0,0.18,1,1
scen_000050,alt_scen_000050_00032,alt_scen_000050_00063,2.38,1,0,0,0,1,0,0,0,0.45,1,0
scen_000050,alt_scen_000050_00032,alt_scen_000050_00031,4.38,1,0,0,1,1,0,0,0,0.26,1,1
scen_000050,alt_scen_000050_00032,alt_scen_000050_00033,14.38,1,0,0,0,0,0,0,0,0.65,1,1
scen_000050,alt_scen_000050_00032,alt_scen_000050_00034,24.38,1,0,0,0,0,0,0,0,0.84,1,1
scen_000050,alt_scen_000050_00032,alt_scen_000050_00035,54.38,1,0,0,0,0,0,0,0,0.83,1,1
scen_000050,alt_scen_000050_00032,alt_scen_000050_00036,64.38,1,0,0,0,0,0,0,0,0.4,1,1
scen_000050,alt_scen_000050_00032,alt_scen_000050_00037,64.38,1,0,0,1,1,0,0,0,0.46,1,1
scen_000050,alt_scen_000050_00032,alt_scen_000050_00038,84.38,1,0,0,0,0,0,0,0,0.56,1,1
scen_000050,alt_scen_000050_00032,alt_scen_000050_00040,102.45,1,0,0,0,0,0,0,0,0.19,1,1
scen_000050,alt_scen_000050_00063,alt_scen_000050_00031,2.0,1,0,0,0,1,0,0,0,0.28,1,0
scen_000050,alt_scen_000050_00063,alt_scen_000050_00033,12.0,1,0,0,0,0,0,0,0,0.71,1,0
scen_000050,alt_scen_000050_00063,alt_scen_000050_00034,22.0,1,0,0,0,0,0,0,0,0.85,1,0
scen_000050,alt_scen_000050_00063,alt_scen_000050_00035,52.0,1,0,0,0,0,0,0,0,0.88,1,0
scen_000050,alt_scen_000050_00063,alt_scen_000050_00036,62.0,1,0,0,0,0,0,0,0,0.53,1,0
scen_000050,alt_scen_000050_00063,alt_scen_000050_00037,62.0,1,0,0,0,1,0,0,0,0.41,1,0
scen_000050,alt_scen_000050_00063,alt_scen_000050_00038,82.0,1,0,0,0,0,0,0,0,0.89,1,0
scen_000050,alt_scen_000050_00063,alt_scen_000050_00040,100.07,1,0,0,0,0,0,0,0,0.88,1,0
scen_000050,alt_scen_000050_00063,alt_scen_000050_00039,102.0,1,0,0,0,0,0,0,0,0.34,1,0
scen_000050,alt_scen_000050_00031,alt_scen_000050_00033,10.0,1,0,0,0,0,0,0,0,0.75,1,1
scen_000050,alt_scen_000050_00031,alt_scen_000050_00034,20.0,1,0,0,0,0,0,0,0,0.57,1,1
scen_000050,alt_scen_000050_00031,alt_scen_000050_00035,50.0,1,0,0,0,0,0,0,0,0.71,1,1
scen_000050,alt_scen_000050_00031,alt_scen_000050_00036,60.0,1,0,0,0,0,0,0,0,0.34,1,1
scen_000050,alt_scen_000050_00031,alt_scen_000050_00037,60.0,1,0,0,1,1,0,0,0,0.51,1,1
scen_000050,alt_scen_000050_00031,alt_scen_000050_00038,80.0,1,0,0,0,0,0,0,0,0.16,1,1
scen_000050,alt_scen_000050_00031,alt_scen_000050_00040,98.07,1,0,0,0,0,0,0,0,0.57,1,1
scen_000050,alt_scen_000050_00031,alt_scen_000050_00039,100.0,1,0,0,0,0,0,0,0,0.85,1,1
scen_000050,alt_scen_000050_00031,alt_scen_000050_00041,110.0,1,0,0,1,1,0,0,0,0.17,1,1
scen_000050,alt_scen_000050_00033,alt_scen_000050_00034,10.0,1,0,0,1,1,0,0,0,0.44,1,1
scen_000050,alt_scen_000050_00033,alt_scen_000050_00035,40.0,1,0,0,1,1,0,0,0,0.15,1,1
scen_000050,alt_scen_000050_00033,alt_scen_000050_00036,50.0,1,0,0,1,1,0,0,0,0.23,1,1
scen_000050,alt_scen_000050_00033,alt_scen_000050_00037,50.0,1,0,0,0,0,0,0,0,0.38,1,1
scen_000050,alt_scen_000050_00033,alt_scen_000050_00038,70.0,1,0,0,1,1,0,0,0,0.48,1,1
scen_000050,alt_scen_000050_00033,alt_scen_000050_00040,88.07,1,0,0,1,1,0,0,0,0.9,1,1
scen_000050,alt_scen_000050_00033,alt_scen_000050_00039,90.0,1,0,0,1,1,0,0,0,0.38,1,1
scen_000050,alt_scen_000050_00033,alt_scen_000050_00041,100.0,1,0,0,0,0,0,0,0,0.52,1,1
scen_000050,alt_scen_000050_00033,alt_scen_000050_00042,110.0,1,0,0,0,0,0,0,0,0.8,1,1
scen_000050,alt_scen_000050_00034,alt_scen_000050_00035,30.0,1,0,0,1,1,0,0,0,0.32,1,1
scen_000050,alt_scen_000050_00034,alt_scen_000050_00036,40.0,1,0,0,1,1,0,0,0,0.74,1,1
scen_000050,alt_scen_000050_00034,alt_scen_000050_00037,40.0,1,0,0,0,0,0,0,0,0.18,1,1
scen_000050,alt_scen_000050_00034,alt_scen_000050_00038,60.0,1,0,0,1,1,0,0,0,0.23,1,1
scen_000050,alt_scen_000050_00034,alt_scen_000050_00040,78.07,1,0,0,1,1,0,0,0,0.29,1,1
scen_000050,alt_scen_000050_00034,alt_scen_000050_00039,80.0,1,0,0,1,1,0,0,0,0.57,1,1
scen_000050,alt_scen_000050_00034,alt_scen_000050_00041,90.0,1,0,0,0,0,0,0,0,0.8,1,1
scen_000050,alt_scen_000050_00034,alt_scen_000050_00042,100.0,1,0,0,0,0,0,0,0,0.85,1,1
scen_000050,alt_scen_000050_00034,alt_scen_000050_00065,104.0,0,0,0,0,0,1,1,1,0.13,1,0
scen_000050,alt_scen_000050_00035,alt_scen_000050_00036,10.0,1,0,0,1,1,0,0,0,0.69,1,1
scen_000050,alt_scen_000050_00035,alt_scen_000050_00037,10.0,1,0,0,0,0,0,0,0,0.53,1,1
scen_000050,alt_scen_000050_00035,alt_scen_000050_00038,30.0,1,0,0,1,1,0,0,0,0.66,1,1
scen_000050,alt_scen_000050_00035,alt_scen_000050_00040,48.07,1,0,0,1,1,0,0,0,0.89,1,1
scen_000050,alt_scen_000050_00035,alt_scen_000050_00039,50.0,1,0,0,1,1,0,0,0,0.59,1,1
scen_000050,alt_scen_000050_00035,alt_scen_000050_00041,60.0,1,0,0,0,0,0,0,0,0.22,1,1
scen_000050,alt_scen_000050_00035,alt_scen_000050_00042,70.0,1,0,0,0,0,0,0,0,0.7,1,1
scen_000050,alt_scen_000050_00035,alt_scen_000050_00065,74.0,0,0,0,0,0,1,1,1,0.69,1,0
scen_000050,alt_scen_000050_00035,alt_scen_000050_00043,80.0,1,0,0,0,0,0,0,0,0.49,1,1
scen_000050,alt_scen_000050_00036,alt_scen_000050_00037,0.0,1,0,0,0,0,0,0,0,0.43,1,1
scen_000050,alt_scen_000050_00036,alt_scen_000050_00038,20.0,1,0,0,1,1,0,0,0,0.1,1,1
scen_000050,alt_scen_000050_00036,alt_scen_000050_00040,38.07,1,0,0,1,1,0,0,0,0.83,1,1
scen_000050,alt_scen_000050_00036,alt_scen_000050_00039,40.0,1,0,0,1,1,0,0,0,0.8,1,1
scen_000050,alt_scen_000050_00036,alt_scen_000050_00041,50.0,1,0,0,0,0,0,0,0,0.84,1,1
scen_000050,alt_scen_000050_00036,alt_scen_000050_00042,60.0,1,0,0,0,0,0,0,0,0.72,1,1
scen_000050,alt_scen_000050_00036,alt_scen_000050_00065,64.0,0,0,0,0,0,1,1,1,0.89,1,0
scen_000050,alt_scen_000050_00036,alt_scen_000050_00043,70.0,1,0,0,0,0,0,0,0,0.63,1,1
scen_000050,alt_scen_000050_00036,alt_scen_000050_00044,71.49,1,0,0,0,0,0,0,0,0.18,1,1
scen_000050,alt_scen_000050_00037,alt_scen_000050_00038,20.0,1,0,0,0,0,0,0,0,0.21,1,1
scen_000050,alt_scen_000050_00037,alt_scen_000050_00040,38.07,1,0,0,0,0,0,0,0,0.56,1,1
scen_000050,alt_scen_000050_00037,alt_scen_000050_00039,40.0,1,0,0,0,0,0,0,0,0.16,1,1
scen_000050,alt_scen_000050_00037,alt_scen_000050_00041,50.0,1,0,0,1,1,0,0,0,0.81,1,1
scen_000050,alt_scen_000050_00037,alt_scen_000050_00042,60.0,1,0,0,1,1,0,0,0,0.84,1,1
scen_000050,alt_scen_000050_00037,alt_scen_000050_00065,64.0,0,0,0,0,1,1,1,1,0.52,1,0
scen_000050,alt_scen_000050_00037,alt_scen_000050_00043,70.0,1,0,0,1,1,0,0,0,0.62,1,1
scen_000050,alt_scen_000050_00037,alt_scen_000050_00044,71.49,1,0,0,1,1,0,0,0,0.52,1,1
scen_000050,alt_scen_000050_00037,alt_scen_000050_00045,80.0,1,0,0,0,0,0,0,0,0.86,1,1
scen_000050,alt_scen_000050_00038,alt_scen_000050_00040,18.07,1,0,0,1,1,0,0,0,0.9,1,1
scen_000050,alt_scen_000050_00038,alt_scen_000050_00039,20.0,1,0,0,1,1,0,0,0,0.82,1,1
scen_000050,alt_scen_000050_00038,alt_scen_000050_00041,30.0,1,0,0,0,0,0,0,0,0.62,1,1
scen_000050,alt_scen_000050_00038,alt_scen_000050_00042,40.0,1,0,0,0,0,0,0,0,0.44,1,1
scen_000050,alt_scen_000050_00038,alt_scen_000050_00065,44.0,0,0,0,0,0,1,1,1,0.25,1,0
scen_000050,alt_scen_000050_00038,alt_scen_000050_00043,50.0,1,0,0,0,0,0,0,0,0.26,1,1
scen_000050,alt_scen_000050_00038,alt_scen_000050_00044,51.49,1,0,0,0,0,0,0,0,0.6,1,1
scen_000050,alt_scen_000050_00038,alt_scen_000050_00045,60.0,1,0,0,1,1,0,0,0,0.88,1,1
scen_000050,alt_scen_000050_00038,alt_scen_000050_00046,80.0,1,0,0,0,0,0,0,0,0.8,1,1
scen_000050,alt_scen_000050_00040,alt_scen_000050_00039,1.93,1,0,0,1,1,0,0,0,0.17,1,1
scen_000050,alt_scen_000050_00040,alt_scen_000050_00041,11.93,1,0,0,0,0,0,0,0,0.27,1,1
scen_000050,alt_scen_000050_00040,alt_scen_000050_00042,21.93,1,0,0,0,0,0,0,0,0.56,1,1
scen_000050,alt_scen_000050_00040,alt_scen_000050_00065,25.93,0,0,0,0,0,1,1,1,0.73,1,0
scen_000050,alt_scen_000050_00040,alt_scen_000050_00043,31.93,1,0,0,0,0,0,0,0,0.35,1,1
scen_000050,alt_scen_000050_00040,alt_scen_000050_00044,33.43,1,0,0,0,0,0,0,0,0.71,1,1
scen_000050,alt_scen_000050_00040,alt_scen_000050_00045,41.93,1,0,0,1,1,0,0,0,0.82,1,1
scen_000050,alt_scen_000050_00040,alt_scen_000050_00046,61.93,1,0,0,0,0,0,0,0,0.35,1,1
scen_000050,alt_scen_000050_00040,alt_scen_000050_00047,71.93,1,0,0,0,0,0,0,0,0.4,1,1
scen_000050,alt_scen_000050_00039,alt_scen_000050_00041,10.0,1,0,0,0,0,0,0,0,0.37,1,1
scen_000050,alt_scen_000050_00039,alt_scen_000050_00042,20.0,1,0,0,0,0,0,0,0,0.78,1,1
scen_000050,alt_scen_000050_00039,alt_scen_000050_00065,24.0,0,0,0,0,0,1,1,1,0.43,1,0
scen_000050,alt_scen_000050_00039,alt_scen_000050_00043,30.0,1,0,0,0,0,0,0,0,0.74,1,1
scen_000050,alt_scen_000050_00039,alt_scen_000050_00044,31.49,1,0,0,0,0,0,0,0,0.46,1,1
scen_000050,alt_scen_000050_00039,alt_scen_000050_00045,40.0,1,0,0,1,1,0,0,0,0.74,1,1
scen_000050,alt_scen_000050_00039,alt_scen_000050_00046,60.0,1,0,0,0,0,0,0,0,0.73,1,1
scen_000050,alt_scen_000050_00039,alt_scen_000050_00047,70.0,1,0,0,0,0,0,0,0,0.88,1,1
scen_000050,alt_scen_000050_00039,alt_scen_000050_00049,85.88,1,0,0,0,0,0,0,0,0.22,1,1
scen_000050,alt_scen_000050_00041,alt_scen_000050_00042,10.0,1,0,0,1,1,0,0,0,0.45,1,1
scen_000050,alt_scen_000050_00041,alt_scen_000050_00065,14.0,0,0,0,0,1,1,1,1,0.85,1,0
scen_000050,alt_scen_000050_00041,alt_scen_000050_00043,20.0,1,0,0,1,1,0,0,0,0.55,1,1
scen_000050,alt_scen_000050_00041,alt_scen_000050_00044,21.49,1,0,0,1,1,0,0,0,0.55,1,1
scen_000050,alt_scen_000050_00041,alt_scen_000050_00045,30.0,1,0,0,0,0,0,0,0,0.26,1,1
scen_000050,alt_scen_000050_00041,alt_scen_000050_00046,50.0,1,0,0,1,1,0,0,0,0.17,1,1
scen_000050,alt_scen_000050_00041,alt_scen_000050_00047,60.0,1,0,0,1,1,0,0,0,0.19,1,1
scen_000050,alt_scen_000050_00041,alt_scen_000050_00049,75.88,1,0,0,1,1,0,0,0,0.86,1,1
scen_000050,alt_scen_000050_00041,alt_scen_000050_00048,80.0,1,0,0,1,1,0,0,0,0.23,1,1
scen_000050,alt_scen_000050_00042,alt_scen_000050_00065,4.0,0,0,0,0,1,1,1,1,0.89,1,0
scen_000050,alt_scen_000050_00042,alt_scen_000050_00043,10.0,1,0,0,1,1,0,0,0,0.25,1,1
scen_000050,alt_scen_000050_00042,alt_scen_000050_00044,11.49,1,0,0,1,1,0,0,0,0.82,1,1
scen_000050,alt_scen_000050_00042,alt_scen_000050_00045,20.0,1,0,0,0,0,0,0,0,0.59,1,1
scen_000050,alt_scen_000050_00042,alt_scen_000050_00046,40.0,1,0,0,1,1,0,0,0,0.53,1,1
scen_000050,alt_scen_000050_00042,alt_scen_000050_00047,50.0,1,0,0,1,1,0,0,0,0.38,1,1
scen_000050,alt_scen_000050_00042,alt_scen_000050_00049,65.88,1,0,0,1,1,0,0,0,0.6,1,1
scen_000050,alt_scen_000050_00042,alt_scen_000050_00048,70.0,1,0,0,1,1,0,0,0,0.84,1,1
scen_000050,alt_scen_000050_00042,alt_scen_000050_00050,100.0,1,0,0,1,1,0,0,0,0.33,1,1
scen_000050,alt_scen_000050_00065,alt_scen_000050_00043,6.0,0,0,0,0,1,1,1,-1,0.2,1,0
scen_000050,alt_scen_000050_00065,alt_scen_000050_00044,7.49,0,0,0,0,1,1,1,-1,0.5,1,0
scen_000050,alt_scen_000050_00065,alt_scen_000050_00045,16.0,0,0,0,0,0,1,1,-1,0.47,1,0
scen_000050,alt_scen_000050_00065,alt_scen_000050_00046,36.0,0,0,0,0,1,1,1,-1,0.74,1,0
scen_000050,alt_scen_000050_00065,alt_scen_000050_00047,46.0,0,0,0,0,1,1,1,-1,0.14,1,0
scen_000050,alt_scen_000050_00065,alt_scen_000050_00049,61.88,0,0,0,0,1,1,1,-1,0.23,1,0
scen_000050,alt_scen_000050_00065,alt_scen_000050_00048,66.0,0,0,0,0,1,1,1,-1,0.34,1,0
scen_000050,alt_scen_000050_00065,alt_scen_000050_00050,96.0,0,0,0,0,1,1,1,-1,0.45,1,0
scen_000050,alt_scen_000050_00065,alt_scen_000050_00051,106.0,0,0,0,0,0,1,1,-1,0.61,1,0
scen_000050,alt_scen_000050_00043,alt_scen_000050_00044,1.49,1,0,0,1,1,0,0,0,0.37,1,1
scen_000050,alt_scen_000050_00043,alt_scen_000050_00045,10.0,1,0,0,0,0,0,0,0,0.88,1,1
scen_000050,alt_scen_000050_00043,alt_scen_000050_00046,30.0,1,0,0,1,1,0,0,0,0.38,1,1
scen_000050,alt_scen_000050_00043,alt_scen_000050_00047,40.0,1,0,0,1,1,0,0,0,0.9,1,1
scen_000050,alt_scen_000050_00043,alt_scen_000050_00049,55.88,1,0,0,1,1,0,0,0,0.78,1,1
scen_000050,alt_scen_000050_00043,alt_scen_000050_00048,60.0,1,0,0,1,1,0,0,0,0.65,1,1
scen_000050,alt_scen_000050_00043,alt_scen_000050_00050,90.0,1,0,0,1,1,0,0,0,0.65,1,1
scen_000050,alt_scen_000050_00043,alt_scen_000050_00051,100.0,1,0,0,0,0,0,0,0,0.72,1,1
scen_000050,alt_scen_000050_00043,alt_scen_000050_00052,130.0,1,0,0,0,0,0,0,0,0.46,1,1
scen_000050,alt_scen_000050_00044,alt_scen_000050_00045,8.51,1,0,0,0,0,0,0,0,0.53,1,1
scen_000050,alt_scen_000050_00044,alt_scen_000050_00046,28.51,1,0,0,1,1,0,0,0,0.78,1,1
scen_000050,alt_scen_000050_00044,alt_scen_000050_00047,38.51,1,0,0,1,1,0,0,0,0.33,1,1
scen_000050,alt_scen_000050_00044,alt_scen_000050_00049,54.39,1,0,0,1,1,0,0,0,0.76,1,1
scen_000050,alt_scen_000050_00044,alt_scen_000050_00048,58.51,1,0,0,1,1,0,0,0,0.27,1,1
scen_000050,alt_scen_000050_00044,alt_scen_000050_00050,88.51,1,0,0,1,1,0,0,0,0.81,1,1
scen_000050,alt_scen_000050_00044,alt_scen_000050_00051,98.51,1,0,0,0,0,0,0,0,0.13,1,1
scen_000050,alt_scen_000050_00044,alt_scen_000050_00052,128.51,1,0,0,0,0,0,0,0,0.28,1,1
scen_000050,alt_scen_000050_00044,alt_scen_000050_00054,136.78,1,0,0,1,1,0,0,0,0.46,1,1
scen_000050,alt_scen_000050_00045,alt_scen_000050_00046,20.0,1,0,0,0,0,0,0,0,0.47,1,1
scen_000050,alt_scen_000050_00045,alt_scen_000050_00047,30.0,1,0,0,0,0,0,0,0,0.19,1,1
scen_000050,alt_scen_000050_00045,alt_scen_000050_00049,45.88,1,0,0,0,0,0,0,0,0.79,1,1
scen_000050,alt_scen_000050_00045,alt_scen_000050_00048,50.0,1,0,0,0,0,0,0,0,0.72,1,1
scen_000050,alt_scen_000050_00045,alt_scen_000050_00050,80.0,1,0,0,0,0,0,0,0,0.36,1,1
scen_000050,alt_scen_000050_00045,alt_scen_000050_00051,90.0,1,0,0,1,1,0,0,0,0.75,1,1
scen_000050,alt_scen_000050_00045,alt_scen_000050_00052,120.0,1,0,0,1,1,0,0,0,0.56,1,1
scen_000050,alt_scen_000050_00045,alt_scen_000050_00054,128.27,1,0,0,0,0,0,0,0,0.8,1,1
scen_000050,alt_scen_000050_00045,alt_scen_000050_00053,130.0,1,0,0,0,0,0,0,0,0.85,1,1
scen_000050,alt_scen_000050_00046,alt_scen_000050_00047,10.0,1,0,0,1,1,0,0,0,0.31,1,1
scen_000050,alt_scen_000050_00046,alt_scen_000050_00049,25.88,1,0,0,1,1,0,0,0,0.72,1,1
scen_000050,alt_scen_000050_00046,alt_scen_000050_00048,30.0,1,0,0,1,1,0,0,0,0.53,1,1
scen_000050,alt_scen_000050_00046,alt_scen_000050_00050,60.0,1,0,0,1,1,0,0,0,0.77,1,1
scen_000050,alt_scen_000050_00046,alt_scen_000050_00051,70.0,1,0,0,0,0,0,0,0,0.1,1,1
scen_000050,alt_scen_000050_00046,alt_scen_000050_00052,100.0,1,0,0,0,0,0,0,0,0.89,1,1
scen_000050,alt_scen_000050_00046,alt_scen_000050_00054,108.27,1,0,0,1,1,0,0,0,0.12,1,1
scen_000050,alt_scen_000050_00046,alt_scen_000050_00053,110.0,1,0,0,1,1,0,0,0,0.51,1,1
scen_000050,alt_scen_000050_00046,alt_scen_000050_00056,115.88,1,0,0,0,0,0,0,0,0.1,1,1
scen_000050,alt_scen_000050_00047,alt_scen_000050_00049,15.88,1,0,0,1,1,0,0,0,0.4,1,1
scen_000050,alt_scen_000050_00047,alt_scen_000050_00048,20.0,1,0,0,1,1,0,0,0,0.3,1,1
scen_000050,alt_scen_000050_00047,alt_scen_000050_00050,50.0,1,0,0,1,1,0,0,0,0.55,1,1
scen_000050,alt_scen_000050_00047,alt_scen_000050_00051,60.0,1,0,0,0,0,0,0,0,0.36,1,1
scen_000050,alt_scen_000050_00047,alt_scen_000050_00052,90.0,1,0,0,0,0,0,0,0,0.12,1,1
scen_000050,alt_scen_000050_00047,alt_scen_000050_00054,98.27,1,0,0,1,1,0,0,0,0.17,1,1
scen_000050,alt_scen_000050_00047,alt_scen_000050_00053,100.0,1,0,0,1,1,0,0,0,0.2,1,1
scen_000050,alt_scen_000050_00047,alt_scen_000050_00056,105.88,1,0,0,0,0,0,0,0,0.23,1,1
scen_000050,alt_scen_000050_00047,alt_scen_000050_00055,110.0,1,0,0,0,0,0,0,0,0.3,1,1
scen_000050,alt_scen_000050_00049,alt_scen_000050_00048,4.12,1,0,0,1,1,0,0,0,0.69,1,1
scen_000050,alt_scen_000050_00049,alt_scen_000050_00050,34.12,1,0,0,1,1,0,0,0,0.82,1,1
scen_000050,alt_scen_000050_00049,alt_scen_000050_00051,44.12,1,0,0,0,0,0,0,0,0.19,1,1
scen_000050,alt_scen_000050_00049,alt_scen_000050_00052,74.12,1,0,0,0,0,0,0,0,0.36,1,1
scen_000050,alt_scen_000050_00049,alt_scen_000050_00054,82.39,1,0,0,1,1,0,0,0,0.13,1,1
scen_000050,alt_scen_000050_00049,alt_scen_000050_00053,84.12,1,0,0,1,1,0,0,0,0.58,1,1
scen_000050,alt_scen_000050_00049,alt_scen_000050_00056,90.0,1,0,0,0,0,0,0,0,0.2,1,1
scen_000050,alt_scen_000050_00049,alt_scen_000050_00055,94.12,1,0,0,0,0,0,0,0,0.59,1,1
scen_000050,alt_scen_000050_00049,alt_scen_000050_00059,111.44,1,0,0,1,1,0,0,0,0.15,1,1
scen_000050,alt_scen_000050_00048,alt_scen_000050_00050,30.0,1,0,0,1,1,0,0,0,0.37,1,1
scen_000050,alt_scen_000050_00048,alt_scen_000050_00051,40.0,1,0,0,0,0,0,0,0,0.33,1,1
scen_000050,alt_scen_000050_00048,alt_scen_000050_00052,70.0,1,0,0,0,0,0,0,0,0.85,1,1
scen_000050,alt_scen_000050_00048,alt_scen_000050_00054,78.27,1,0,0,1,1,0,0,0,0.25,1,1
scen_000050,alt_scen_000050_00048,alt_scen_000050_00053,80.0,1,0,0,1,1,0,0,0,0.48,1,1
scen_000050,alt_scen_000050_00048,alt_scen_000050_00056,85.88,1,0,0,0,0,0,0,0,0.27,1,1
scen_000050,alt_scen_000050_00048,alt_scen_000050_00055,90.0,1,0,0,0,0,0,0,0,0.17,1,1
scen_000050,alt_scen_000050_00048,alt_scen_000050_00059,107.33,1,0,0,1,1,0,0,0,0.52,1,1
scen_000050,alt_scen_000050_00048,alt_scen_000050_00057,110.0,1,0,0,0,0,0,0,0,0.54,1,1
scen_000050,alt_scen_000050_00050,alt_scen_000050_00051,10.0,1,0,0,0,0,0,0,0,0.37,1,1
scen_000050,alt_scen_000050_00050,alt_scen_000050_00052,40.0,1,0,0,0,0,0,0,0,0.62,1,1
scen_000050,alt_scen_000050_00050,alt_scen_000050_00054,48.27,1,0,0,1,1,0,0,0,0.67,1,1
scen_000050,alt_scen_000050_00050,alt_scen_000050_00053,50.0,1,0,0,1,1,0,0,0,0.79,1,1
scen_000050,alt_scen_000050_00050,alt_scen_000050_00056,55.88,1,0,0,0,0,0,0,0,0.32,1,1
scen_000050,alt_scen_000050_00050,alt_scen_000050_00055,60.0,1,0,0,0,0,0,0,0,0.52,1,1
scen_000050,alt_scen_000050_00050,alt_scen_000050_00059,77.33,1,0,0,1,1,0,0,0,0.51,1,1
scen_000050,alt_scen_000050_00050,alt_scen_000050_00057,80.0,1,0,0,0,0,0,0,0,0.36,1,1
scen_000050,alt_scen_000050_00050,alt_scen_000050_00058,80.0,1,0,0,1,1,0,0,0,0.27,1,1
scen_000050,alt_scen_000050_00051,alt_scen_000050_00052,30.0,1,0,0,1,1,0,0,0,0.12,1,1
scen_000050,alt_scen_000050_00051,alt_scen_000050_00054,38.27,1,0,0,0,0,0,0,0,0.8,1,1
scen_000050,alt_scen_000050_00051,alt_scen_000050_00053,40.0,1,0,0,0,0,0,0,0,0.73,1,1
scen_000050,alt_scen_000050_00051,alt_scen_000050_00056,45.88,1,0,0,1,1,0,0,0,0.6,1,1
scen_000050,alt_scen_000050_00051,alt_scen_000050_00055,50.0,1,0,0,1,1,0,0,0,0.52,1,1
scen_000050,alt_scen_000050_00051,alt_scen_000050_00059,67.33,1,0,0,0,0,0,0,0,0.6,1,1
scen_000050,alt_scen_000050_00051,alt_scen_000050_00057,70.0,1,0,0,1,1,0,0,0,0.55,1,1
scen_000050,alt_scen_000050_00051,alt_scen_000050_00058,70.0,1,0,0,0,0,0,0,0,0.81,1,1
scen_000050,alt_scen_000050_00052,alt_scen_000050_00054,8.27,1,0,0,0,0,0,0,0,0.64,1,1
scen_000050,alt_scen_000050_00052,alt_scen_000050_00053,10.0,1,0,0,0,0,0,0,0,0.26,1,1
scen_000050,alt_scen_000050_00052,alt_scen_000050_00056,15.88,1,0,0,1,1,0,0,0,0.34,1,1
scen_000050,alt_scen_000050_00052,alt_scen_000050_00055,20.0,1,0,0,1,1,0,0,0,0.13,1,1
scen_000050,alt_scen_000050_00052,alt_scen_000050_00059,37.33,1,0,0,0,0,0,0,0,0.75,1,1
scen_000050,alt_scen_000050_00052,alt_scen_000050_00057,40.0,1,0,0,1,1,0,0,0,0.61,1,1
scen_000050,alt_scen_000050_00052,alt_scen_000050_00058,40.0,1,0,0,0,0,0,0,0,0.3,1,1
scen_000050,alt_scen_000050_00054,alt_scen_000050_00053,1.73,1,0,0,1,1,0,0,0,0.57,1,1
scen_000050,alt_scen_000050_00054,alt_scen_000050_00056,7.61,1,0,0,0,0,0,0,0,0.19,1,1
scen_000050,alt_scen_000050_00054,alt_scen_000050_00055,11.73,1,0,0,0,0,0,0,0,0.36,1,1
scen_000050,alt_scen_000050_00054,alt_scen_000050_00059,29.05,1,0,0,1,1,0,0,0,0.5,1,1
scen_000050,alt_scen_000050_00054,alt_scen_000050_00057,31.73,1,0,0,0,0,0,0,0,0.62,1,1
scen_000050,alt_scen_000050_00054,alt_scen_000050_00058,31.73,1,0,0,1,1,0,0,0,0.22,1,1
scen_000050,alt_scen_000050_00053,alt_scen_000050_00056,5.88,1,0,0,0,0,0,0,0,0.21,1,1
scen_000050,alt_scen_000050_00053,alt_scen_000050_00055,10.0,1,0,0,0,0,0,0,0,0.13,1,1
scen_000050,alt_scen_000050_00053,alt_scen_000050_00059,27.33,1,0,0,1,1,0,0,0,0.76,1,1
scen_000050,alt_scen_000050_00053,alt_scen_000050_00057,30.0,1,0,0,0,0,0,0,0,0.19,1,1
scen_000050,alt_scen_000050_00053,alt_scen_000050_00058,30.0,1,0,0,1,1,0,0,0,0.56,1,1
scen_000050,alt_scen_000050_00056,alt_scen_000050_00055,4.12,1,0,0,1,1,0,0,0,0.28,1,1
scen_000050,alt_scen_000050_00056,alt_scen_000050_00059,21.44,1,0,0,0,0,0,0,0,0.5,1,1
scen_000050,alt_scen_000050_00056,alt_scen_000050_00057,24.12,1,0,0,1,1,0,0,0,0.79,1,1
scen_000050,alt_scen_000050_00056,alt_scen_000050_00058,24.12,1,0,0,0,0,0,0,0,0.22,1,1
scen_000050,alt_scen_000050_00055,alt_scen_000050_00059,17.33,1,0,0,0,0,0,0,0,0.4,1,1
scen_000050,alt_scen_000050_00055,alt_scen_000050_00057,20.0,1,0,0,1,1,0,0,0,0.27,1,1
scen_000050,alt_scen_000050_00055,alt_scen_000050_00058,20.0,1,0,0,0,0,0,0,0,0.42,1,1
scen_000050,alt_scen_000050_00059,alt_scen_000050_00057,2.67,1,0,0,0,0,0,0,0,0.33,1,1
scen_000050,alt_scen_000050_00059,alt_scen_000050_00058,2.67,1,0,0,1,1,0,0,0,0.56,1,1
scen_000050,alt_scen_000050_00057,alt_scen_000050_00058,0.0,1,0,0,0,0,0,0,0,0.35,1,1
scen_000051,alt_scen_000051_00002,alt_scen_000051_00005,28.0,0,0,0,1,1,0,3,0,0.25,1,0
scen_000051,alt_scen_000051_00002,alt_scen_000051_00006,504.0,0,0,0,1,1,0,3,0,0.32,0,0
scen_000051,alt_scen_000051_00002,alt_scen_000051_00003,627.0,0,0,0,1,1,0,2,0,0.14,0,0
scen_000051,alt_scen_000051_00002,alt_scen_000051_00001,714.0,0,0,0,1,1,0,2,0,0.82,0,0
scen_000051,alt_scen_000051_00002,alt_scen_000051_00004,729.0,0,0,0,1,1,0,3,0,0.75,0,0
scen_000051,alt_scen_000051_00005,alt_scen_000051_00006,476.0,0,0,0,1,1,0,2,0,0.64,0,0
scen_000051,alt_scen_000051_00005,alt_scen_000051_00003,599.0,0,0,0,1,1,1,1,-1,0.53,0,0
scen_000051,alt_scen_000051_00005,alt_scen_000051_00001,686.0,0,0,0,1,1,0,3,0,0.33,0,0
scen_000051,alt_scen_000051_00005,alt_scen_000051_00004,701.0,0,0,0,1,1,0,3,0,0.73,0,0
scen_000051,alt_scen_000051_00006,alt_scen_000051_00003,123.0,0,0,0,1,1,0,2,0,0.6,1,0
scen_000051,alt_scen_000051_00006,alt_scen_000051_00001,210.0,0,0,0,1,1,0,3,0,0.48,1,0
scen_000051,alt_scen_000051_00006,alt_scen_000051_00004,225.0,0,0,0,1,1,0,4,0,0.45,1,0
scen_000051,alt_scen_000051_00003,alt_scen_000051_00001,87.0,0,0,0,1,1,0,2,0,0.65,1,0
scen_000051,alt_scen_000051_00003,alt_scen_000051_00004,102.0,0,0,0,1,1,0,2,0,0.57,1,0
scen_000051,alt_scen_000051_00001,alt_scen_000051_00004,15.0,0,0,0,1,1,0,2,0,0.44,1,0
scen_000052,alt_scen_000052_00004,alt_scen_000052_00001,101.0,0,0,0,1,1,0,2,0,0.83,1,0
scen_000052,alt_scen_000052_00004,alt_scen_000052_00003,254.0,0,0,0,1,1,0,2,0,0.5,1,0
scen_000052,alt_scen_000052_00004,alt_scen_000052_00002,969.0,0,0,0,1,1,0,2,0,0.45,0,0
scen_000052,alt_scen_000052_00001,alt_scen_000052_00003,153.0,0,0,0,1,1,0,2,0,0.22,1,0
scen_000052,alt_scen_000052_00001,alt_scen_000052_00002,868.0,0,0,0,1,1,0,2,0,0.34,0,0
scen_000052,alt_scen_000052_00003,alt_scen_000052_00002,715.0,0,0,0,1,1,0,2,0,0.52,0,0
scen_000053,alt_scen_000053_00001,alt_scen_000053_00002,336.0,0,0,0,1,1,1,1,1,0.66,0,0
scen_000053,alt_scen_000053_00001,alt_scen_000053_00005,357.0,0,0,0,1,1,0,2,0,0.44,0,0
scen_000053,alt_scen_000053_00001,alt_scen_000053_00006,377.0,0,0,0,1,1,0,2,0,0.71,0,0
scen_000053,alt_scen_000053_00001,alt_scen_000053_00003,583.0,0,0,0,1,1,0,2,0,0.83,0,0
scen_000053,alt_scen_000053_00001,alt_scen_000053_00004,746.0,0,0,0,1,1,0,3,0,0.15,0,0
scen_000053,alt_scen_000053_00002,alt_scen_000053_00005,21.0,0,0,0,1,1,1,1,-1,0.68,1,0
scen_000053,alt_scen_000053_00002,alt_scen_000053_00006,41.0,0,0,0,1,1,1,1,-1,0.8,1,0
scen_000053,alt_scen_000053_00002,alt_scen_000053_00003,247.0,0,0,0,1,1,1,1,-1,0.35,1,0
scen_000053,alt_scen_000053_00002,alt_scen_000053_00004,410.0,0,0,0,1,1,0,3,0,0.89,0,0
scen_000053,alt_scen_000053_00005,alt_scen_000053_00006,20.0,0,0,0,1,1,0,2,0,0.46,1,0
scen_000053,alt_scen_000053_00005,alt_scen_000053_00003,226.0,0,0,0,1,1,0,2,0,0.65,1,0
scen_000053,alt_scen_000053_00005,alt_scen_000053_00004,389.0,0,0,0,1,1,0,3,0,0.13,0,0
scen_000053,alt_scen_000053_00006,alt_scen_000053_00003,206.0,0,0,0,1,1,0,2,0,0.1,1,0
scen_000053,alt_scen_000053_00006,alt_scen_000053_00004,369.0,0,0,0,1,1,0,3,0,0.7,0,0
scen_000053,alt_scen_000053_00003,alt_scen_000053_00004,163.0,0,0,0,1,1,0,3,0,0.58,1,0
scen_000054,alt_scen_000054_00001,alt_scen_000054_00004,159.0,0,0,0,1,1,1,1,1,0.8,1,0
scen_000054,alt_scen_000054_00001,alt_scen_000054_00002,547.0,0,0,0,1,1,0,2,0,0.44,0,0
scen_000054,alt_scen_000054_00001,alt_scen_000054_00003,668.0,0,0,0,1,1,0,2,0,0.78,0,0
scen_000054,alt_scen_000054_00004,alt_scen_000054_00002,388.0,0,0,0,1,1,1,1,-1,0.32,0,0
scen_000054,alt_scen_000054_00004,alt_scen_000054_00003,509.0,0,0,0,1,1,1,1,-1,0.69,0,0
scen_000054,alt_scen_000054_00002,alt_scen_000054_00003,121.0,0,0,0,1,1,0,2,0,0.58,1,0
scen_000055,alt_scen_000055_00002,alt_scen_000055_00001,731.0,0,0,0,1,1,0,3,0,0.23,0,0
scen_000056,alt_scen_000056_00001,alt_scen_000056_00002,192.0,1,0,0,1,1,0,0,0,0.38,1,0
scen_000057,alt_scen_000057_00044,alt_scen_000057_00043,49.0,0,0,0,1,1,0,2,0,0.5,1,0
scen_000057,alt_scen_000057_00044,alt_scen_000057_00001,217.0,0,0,0,0,0,0,2,0,0.62,1,0
scen_000057,alt_scen_000057_00044,alt_scen_000057_00002,227.0,0,0,0,0,0,0,2,0,0.9,1,0
scen_000057,alt_scen_000057_00044,alt_scen_000057_00003,257.0,0,0,0,0,0,0,2,0,0.36,1,0
scen_000057,alt_scen_000057_00044,alt_scen_000057_00004,277.0,0,0,0,0,0,0,2,0,0.17,1,0
scen_000057,alt_scen_000057_00044,alt_scen_000057_00005,277.0,0,0,0,0,1,0,2,0,0.82,1,0
scen_000057,alt_scen_000057_00044,alt_scen_000057_00007,297.12,0,0,0,0,0,0,2,0,0.31,1,0
scen_000057,alt_scen_000057_00044,alt_scen_000057_00006,297.0,0,0,0,0,0,0,2,0,0.34,1,0
scen_000057,alt_scen_000057_00044,alt_scen_000057_00008,317.0,0,0,0,0,0,0,2,0,0.72,0,0
scen_000057,alt_scen_000057_00043,alt_scen_000057_00001,168.0,0,0,0,0,0,0,2,0,0.83,1,0
scen_000057,alt_scen_000057_00043,alt_scen_000057_00002,178.0,0,0,0,0,0,0,2,0,0.48,1,0
scen_000057,alt_scen_000057_00043,alt_scen_000057_00003,208.0,0,0,0,0,0,0,2,0,0.73,1,0
scen_000057,alt_scen_000057_00043,alt_scen_000057_00004,228.0,0,0,0,0,0,0,2,0,0.78,1,0
scen_000057,alt_scen_000057_00043,alt_scen_000057_00005,228.0,0,0,0,0,1,0,2,0,0.26,1,0
scen_000057,alt_scen_000057_00043,alt_scen_000057_00007,248.12,0,0,0,0,0,0,2,0,0.76,1,0
scen_000057,alt_scen_000057_00043,alt_scen_000057_00006,248.0,0,0,0,0,0,0,2,0,0.27,1,0
scen_000057,alt_scen_000057_00043,alt_scen_000057_00008,268.0,0,0,0,0,0,0,2,0,0.69,1,0
scen_000057,alt_scen_000057_00043,alt_scen_000057_00009,288.0,0,0,0,0,0,0,2,0,0.61,1,0
scen_000057,alt_scen_000057_00001,alt_scen_000057_00002,10.0,1,0,0,1,1,0,0,0,0.34,1,1
scen_000057,alt_scen_000057_00001,alt_scen_000057_00003,40.0,1,0,0,1,1,0,0,0,0.3,1,1
scen_000057,alt_scen_000057_00001,alt_scen_000057_00004,60.0,1,0,0,1,1,0,0,0,0.33,1,1
scen_000057,alt_scen_000057_00001,alt_scen_000057_00005,60.0,1,0,0,0,0,0,0,0,0.32,1,1
scen_000057,alt_scen_000057_00001,alt_scen_000057_00007,80.12,1,0,0,1,1,0,0,0,0.82,1,1
scen_000057,alt_scen_000057_00001,alt_scen_000057_00006,80.0,1,0,0,1,1,0,0,0,0.38,1,1
scen_000057,alt_scen_000057_00001,alt_scen_000057_00008,100.0,1,0,0,1,1,0,0,0,0.4,1,1
scen_000057,alt_scen_000057_00001,alt_scen_000057_00009,120.0,1,0,0,1,1,0,0,0,0.63,1,1
scen_000057,alt_scen_000057_00001,alt_scen_000057_00010,150.0,1,0,0,1,1,0,0,0,0.82,1,1
scen_000057,alt_scen_000057_00002,alt_scen_000057_00003,30.0,1,0,0,1,1,0,0,0,0.55,1,1
scen_000057,alt_scen_000057_00002,alt_scen_000057_00004,50.0,1,0,0,1,1,0,0,0,0.62,1,1
scen_000057,alt_scen_000057_00002,alt_scen_000057_00005,50.0,1,0,0,0,0,0,0,0,0.27,1,1
scen_000057,alt_scen_000057_00002,alt_scen_000057_00007,70.12,1,0,0,1,1,0,0,0,0.52,1,1
scen_000057,alt_scen_000057_00002,alt_scen_000057_00006,70.0,1,0,0,1,1,0,0,0,0.43,1,1
scen_000057,alt_scen_000057_00002,alt_scen_000057_00008,90.0,1,0,0,1,1,0,0,0,0.2,1,1
scen_000057,alt_scen_000057_00002,alt_scen_000057_00009,110.0,1,0,0,1,1,0,0,0,0.31,1,1
scen_000057,alt_scen_000057_00002,alt_scen_000057_00010,140.0,1,0,0,1,1,0,0,0,0.73,1,1
scen_000057,alt_scen_000057_00002,alt_scen_000057_00011,143.59,1,0,0,1,1,0,0,0,0.61,1,1
scen_000057,alt_scen_000057_00003,alt_scen_000057_00004,20.0,1,0,0,1,1,0,0,0,0.29,1,1
scen_000057,alt_scen_000057_00003,alt_scen_000057_00005,20.0,1,0,0,0,0,0,0,0,0.49,1,1
scen_000057,alt_scen_000057_00003,alt_scen_000057_00007,40.12,1,0,0,1,1,0,0,0,0.18,1,1
scen_000057,alt_scen_000057_00003,alt_scen_000057_00006,40.0,1,0,0,1,1,0,0,0,0.31,1,1
scen_000057,alt_scen_000057_00003,alt_scen_000057_00008,60.0,1,0,0,1,1,0,0,0,0.6,1,1
scen_000057,alt_scen_000057_00003,alt_scen_000057_00009,80.0,1,0,0,1,1,0,0,0,0.83,1,1
scen_000057,alt_scen_000057_00003,alt_scen_000057_00010,110.0,1,0,0,1,1,0,0,0,0.16,1,1
scen_000057,alt_scen_000057_00003,alt_scen_000057_00011,113.59,1,0,0,1,1,0,0,0,0.54,1,1
scen_000057,alt_scen_000057_00003,alt_scen_000057_00012,130.0,1,0,0,0,0,0,0,0,0.7,1,1
scen_000057,alt_scen_000057_00004,alt_scen_000057_00005,0.0,1,0,0,0,0,0,0,0,0.85,1,1
scen_000057,alt_scen_000057_00004,alt_scen_000057_00007,20.12,1,0,0,1,1,0,0,0,0.73,1,1
scen_000057,alt_scen_000057_00004,alt_scen_000057_00006,20.0,1,0,0,1,1,0,0,0,0.34,1,1
scen_000057,alt_scen_000057_00004,alt_scen_000057_00008,40.0,1,0,0,1,1,0,0,0,0.38,1,1
scen_000057,alt_scen_000057_00004,alt_scen_000057_00009,60.0,1,0,0,1,1,0,0,0,0.86,1,1
scen_000057,alt_scen_000057_00004,alt_scen_000057_00010,90.0,1,0,0,1,1,0,0,0,0.49,1,1
scen_000057,alt_scen_000057_00004,alt_scen_000057_00011,93.59,1,0,0,1,1,0,0,0,0.78,1,1
scen_000057,alt_scen_000057_00004,alt_scen_000057_00012,110.0,1,0,0,0,0,0,0,0,0.61,1,1
scen_000057,alt_scen_000057_00004,alt_scen_000057_00013,150.0,1,0,0,1,1,0,0,0,0.72,1,1
scen_000057,alt_scen_000057_00005,alt_scen_000057_00007,20.12,1,0,0,0,0,0,0,0,0.28,1,1
scen_000057,alt_scen_000057_00005,alt_scen_000057_00006,20.0,1,0,0,0,0,0,0,0,0.64,1,1
scen_000057,alt_scen_000057_00005,alt_scen_000057_00008,40.0,1,0,0,0,0,0,0,0,0.21,1,1
scen_000057,alt_scen_000057_00005,alt_scen_000057_00009,60.0,1,0,0,0,0,0,0,0,0.49,1,1
scen_000057,alt_scen_000057_00005,alt_scen_000057_00010,90.0,1,0,0,0,0,0,0,0,0.73,1,1
scen_000057,alt_scen_000057_00005,alt_scen_000057_00011,93.59,1,0,0,0,0,0,0,0,0.5,1,1
scen_000057,alt_scen_000057_00005,alt_scen_000057_00012,110.0,1,0,0,1,1,0,0,0,0.42,1,1
scen_000057,alt_scen_000057_00005,alt_scen_000057_00013,150.0,1,0,0,0,0,0,0,0,0.32,1,1
scen_000057,alt_scen_000057_00005,alt_scen_000057_00042,174.0,0,0,0,0,1,1,1,-1,0.8,1,0
scen_000057,alt_scen_000057_00007,alt_scen_000057_00006,0.12,1,0,0,1,1,0,0,0,0.57,1,1
scen_000057,alt_scen_000057_00007,alt_scen_000057_00008,19.88,1,0,0,1,1,0,0,0,0.34,1,1
scen_000057,alt_scen_000057_00007,alt_scen_000057_00009,39.88,1,0,0,1,1,0,0,0,0.66,1,1
scen_000057,alt_scen_000057_00007,alt_scen_000057_00010,69.88,1,0,0,1,1,0,0,0,0.64,1,1
scen_000057,alt_scen_000057_00007,alt_scen_000057_00011,73.46,1,0,0,1,1,0,0,0,0.15,1,1
scen_000057,alt_scen_000057_00007,alt_scen_000057_00012,89.88,1,0,0,0,0,0,0,0,0.54,1,1
scen_000057,alt_scen_000057_00007,alt_scen_000057_00013,129.88,1,0,0,1,1,0,0,0,0.67,1,1
scen_000057,alt_scen_000057_00007,alt_scen_000057_00042,153.88,0,0,0,0,0,1,1,-1,0.89,1,0
scen_000057,alt_scen_000057_00007,alt_scen_000057_00014,159.88,1,0,0,1,1,0,0,0,0.44,1,1
scen_000057,alt_scen_000057_00006,alt_scen_000057_00008,20.0,1,0,0,1,1,0,0,0,0.77,1,1
scen_000057,alt_scen_000057_00006,alt_scen_000057_00009,40.0,1,0,0,1,1,0,0,0,0.16,1,1
scen_000057,alt_scen_000057_00006,alt_scen_000057_00010,70.0,1,0,0,1,1,0,0,0,0.26,1,1
scen_000057,alt_scen_000057_00006,alt_scen_000057_00011,73.59,1,0,0,1,1,0,0,0,0.12,1,1
scen_000057,alt_scen_000057_00006,alt_scen_000057_00012,90.0,1,0,0,0,0,0,0,0,0.37,1,1
scen_000057,alt_scen_000057_00006,alt_scen_000057_00013,130.0,1,0,0,1,1,0,0,0,0.17,1,1
scen_000057,alt_scen_000057_00006,alt_scen_000057_00042,154.0,0,0,0,0,0,1,1,-1,0.51,1,0
scen_000057,alt_scen_000057_00006,alt_scen_000057_00014,160.0,1,0,0,1,1,0,0,0,0.65,1,1
scen_000057,alt_scen_000057_00006,alt_scen_000057_00015,160.0,1,0,0,0,0,0,0,0,0.45,1,1
scen_000057,alt_scen_000057_00008,alt_scen_000057_00009,20.0,1,0,0,1,1,0,0,0,0.68,1,1
scen_000057,alt_scen_000057_00008,alt_scen_000057_00010,50.0,1,0,0,1,1,0,0,0,0.44,1,1
scen_000057,alt_scen_000057_00008,alt_scen_000057_00011,53.59,1,0,0,1,1,0,0,0,0.55,1,1
scen_000057,alt_scen_000057_00008,alt_scen_000057_00012,70.0,1,0,0,0,0,0,0,0,0.54,1,1
scen_000057,alt_scen_000057_00008,alt_scen_000057_00013,110.0,1,0,0,1,1,0,0,0,0.37,1,1
scen_000057,alt_scen_000057_00008,alt_scen_000057_00042,134.0,0,0,0,0,0,1,1,-1,0.59,1,0
scen_000057,alt_scen_000057_00008,alt_scen_000057_00014,140.0,1,0,0,1,1,0,0,0,0.74,1,1
scen_000057,alt_scen_000057_00008,alt_scen_000057_00015,140.0,1,0,0,0,0,0,0,0,0.87,1,1
scen_000057,alt_scen_000057_00008,alt_scen_000057_00016,160.0,1,0,0,0,0,0,0,0,0.39,1,1
scen_000057,alt_scen_000057_00009,alt_scen_000057_00010,30.0,1,0,0,1,1,0,0,0,0.52,1,1
scen_000057,alt_scen_000057_00009,alt_scen_000057_00011,33.59,1,0,0,1,1,0,0,0,0.39,1,1
scen_000057,alt_scen_000057_00009,alt_scen_000057_00012,50.0,1,0,0,0,0,0,0,0,0.26,1,1
scen_000057,alt_scen_000057_00009,alt_scen_000057_00013,90.0,1,0,0,1,1,0,0,0,0.12,1,1
scen_000057,alt_scen_000057_00009,alt_scen_000057_00042,114.0,0,0,0,0,0,1,1,-1,0.26,1,0
scen_000057,alt_scen_000057_00009,alt_scen_000057_00014,120.0,1,0,0,1,1,0,0,0,0.37,1,1
scen_000057,alt_scen_000057_00009,alt_scen_000057_00015,120.0,1,0,0,0,0,0,0,0,0.35,1,1
scen_000057,alt_scen_000057_00009,alt_scen_000057_00016,140.0,1,0,0,0,0,0,0,0,0.26,1,1
scen_000057,alt_scen_000057_00009,alt_scen_000057_00017,150.0,1,0,0,1,1,0,0,0,0.77,1,1
scen_000057,alt_scen_000057_00010,alt_scen_000057_00011,3.59,1,0,0,1,1,0,0,0,0.88,1,1
scen_000057,alt_scen_000057_00010,alt_scen_000057_00012,20.0,1,0,0,0,0,0,0,0,0.28,1,1
scen_000057,alt_scen_000057_00010,alt_scen_000057_00013,60.0,1,0,0,1,1,0,0,0,0.64,1,1
scen_000057,alt_scen_000057_00010,alt_scen_000057_00042,84.0,0,0,0,0,0,1,1,-1,0.18,1,0
scen_000057,alt_scen_000057_00010,alt_scen_000057_00014,90.0,1,0,0,1,1,0,0,0,0.76,1,1
scen_000057,alt_scen_000057_00010,alt_scen_000057_00015,90.0,1,0,0,0,0,0,0,0,0.71,1,1
scen_000057,alt_scen_000057_00010,alt_scen_000057_00016,110.0,1,0,0,0,0,0,0,0,0.21,1,1
scen_000057,alt_scen_000057_00010,alt_scen_000057_00017,120.0,1,0,0,1,1,0,0,0,0.61,1,1
scen_000057,alt_scen_000057_00010,alt_scen_000057_00018,130.0,1,0,0,1,1,0,0,0,0.69,1,1
scen_000057,alt_scen_000057_00011,alt_scen_000057_00012,16.41,1,0,0,0,0,0,0,0,0.23,1,1
scen_000057,alt_scen_000057_00011,alt_scen_000057_00013,56.41,1,0,0,1,1,0,0,0,0.26,1,1
scen_000057,alt_scen_000057_00011,alt_scen_000057_00042,80.41,0,0,0,0,0,1,1,-1,0.37,1,0
scen_000057,alt_scen_000057_00011,alt_scen_000057_00014,86.41,1,0,0,1,1,0,0,0,0.64,1,1
scen_000057,alt_scen_000057_00011,alt_scen_000057_00015,86.41,1,0,0,0,0,0,0,0,0.53,1,1
scen_000057,alt_scen_000057_00011,alt_scen_000057_00016,106.41,1,0,0,0,0,0,0,0,0.17,1,1
scen_000057,alt_scen_000057_00011,alt_scen_000057_00017,116.41,1,0,0,1,1,0,0,0,0.52,1,1
scen_000057,alt_scen_000057_00011,alt_scen_000057_00018,126.41,1,0,0,1,1,0,0,0,0.45,1,1
scen_000057,alt_scen_000057_00011,alt_scen_000057_00019,136.41,1,0,0,0,0,0,0,0,0.74,1,1
scen_000057,alt_scen_000057_00012,alt_scen_000057_00013,40.0,1,0,0,0,0,0,0,0,0.25,1,1
scen_000057,alt_scen_000057_00012,alt_scen_000057_00042,64.0,0,0,0,0,1,1,1,-1,0.23,1,0
scen_000057,alt_scen_000057_00012,alt_scen_000057_00014,70.0,1,0,0,0,0,0,0,0,0.67,1,1
scen_000057,alt_scen_000057_00012,alt_scen_000057_00015,70.0,1,0,0,1,1,0,0,0,0.85,1,1
scen_000057,alt_scen_000057_00012,alt_scen_000057_00016,90.0,1,0,0,1,1,0,0,0,0.82,1,1
scen_000057,alt_scen_000057_00012,alt_scen_000057_00017,100.0,1,0,0,0,0,0,0,0,0.69,1,1
scen_000057,alt_scen_000057_00012,alt_scen_000057_00018,110.0,1,0,0,0,0,0,0,0,0.67,1,1
scen_000057,alt_scen_000057_00012,alt_scen_000057_00019,120.0,1,0,0,1,1,0,0,0,0.43,1,1
scen_000057,alt_scen_000057_00012,alt_scen_000057_00020,170.0,1,0,0,1,1,0,0,0,0.7,1,1
scen_000057,alt_scen_000057_00013,alt_scen_000057_00042,24.0,0,0,0,0,0,1,1,-1,0.83,1,0
scen_000057,alt_scen_000057_00013,alt_scen_000057_00014,30.0,1,0,0,1,1,0,0,0,0.33,1,1
scen_000057,alt_scen_000057_00013,alt_scen_000057_00015,30.0,1,0,0,0,0,0,0,0,0.46,1,1
scen_000057,alt_scen_000057_00013,alt_scen_000057_00016,50.0,1,0,0,0,0,0,0,0,0.11,1,1
scen_000057,alt_scen_000057_00013,alt_scen_000057_00017,60.0,1,0,0,1,1,0,0,0,0.13,1,1
scen_000057,alt_scen_000057_00013,alt_scen_000057_00018,70.0,1,0,0,1,1,0,0,0,0.43,1,1
scen_000057,alt_scen_000057_00013,alt_scen_000057_00019,80.0,1,0,0,0,0,0,0,0,0.47,1,1
scen_000057,alt_scen_000057_00013,alt_scen_000057_00020,130.0,1,0,0,0,0,0,0,0,0.68,1,1
scen_000057,alt_scen_000057_00013,alt_scen_000057_00021,150.0,1,0,0,1,1,0,0,0,0.26,1,1
scen_000057,alt_scen_000057_00042,alt_scen_000057_00014,6.0,0,0,0,0,0,1,1,1,0.36,1,0
scen_000057,alt_scen_000057_00042,alt_scen_000057_00015,6.0,0,0,0,0,1,1,1,1,0.9,1,0
scen_000057,alt_scen_000057_00042,alt_scen_000057_00016,26.0,0,0,0,0,1,1,1,1,0.48,1,0
scen_000057,alt_scen_000057_00042,alt_scen_000057_00017,36.0,0,0,0,0,0,1,1,1,0.55,1,0
scen_000057,alt_scen_000057_00042,alt_scen_000057_00018,46.0,0,0,0,0,0,1,1,1,0.89,1,0
scen_000057,alt_scen_000057_00042,alt_scen_000057_00019,56.0,0,0,0,0,1,1,1,1,0.81,1,0
scen_000057,alt_scen_000057_00042,alt_scen_000057_00020,106.0,0,0,0,0,1,1,1,1,0.82,1,0
scen_000057,alt_scen_000057_00042,alt_scen_000057_00021,126.0,0,0,0,0,0,1,1,1,0.42,1,0
scen_000057,alt_scen_000057_00042,alt_scen_000057_00022,146.0,0,0,0,0,0,1,1,1,0.32,1,0
scen_000057,alt_scen_000057_00014,alt_scen_000057_00015,0.0,1,0,0,0,0,0,0,0,0.34,1,1
scen_000057,alt_scen_000057_00014,alt_scen_000057_00016,20.0,1,0,0,0,0,0,0,0,0.5,1,1
scen_000057,alt_scen_000057_00014,alt_scen_000057_00017,30.0,1,0,0,1,1,0,0,0,0.85,1,1
scen_000057,alt_scen_000057_00014,alt_scen_000057_00018,40.0,1,0,0,1,1,0,0,0,0.2,1,1
scen_000057,alt_scen_000057_00014,alt_scen_000057_00019,50.0,1,0,0,0,0,0,0,0,0.59,1,1
scen_000057,alt_scen_000057_00014,alt_scen_000057_00020,100.0,1,0,0,0,0,0,0,0,0.67,1,1
scen_000057,alt_scen_000057_00014,alt_scen_000057_00021,120.0,1,0,0,1,1,0,0,0,0.77,1,1
scen_000057,alt_scen_000057_00014,alt_scen_000057_00022,140.0,1,0,0,1,1,0,0,0,0.34,1,1
scen_000057,alt_scen_000057_00014,alt_scen_000057_00023,140.0,1,0,0,0,0,0,0,0,0.63,1,1
scen_000057,alt_scen_000057_00015,alt_scen_000057_00016,20.0,1,0,0,1,1,0,0,0,0.74,1,1
scen_000057,alt_scen_000057_00015,alt_scen_000057_00017,30.0,1,0,0,0,0,0,0,0,0.18,1,1
scen_000057,alt_scen_000057_00015,alt_scen_000057_00018,40.0,1,0,0,0,0,0,0,0,0.6,1,1
scen_000057,alt_scen_000057_00015,alt_scen_000057_00019,50.0,1,0,0,1,1,0,0,0,0.5,1,1
scen_000057,alt_scen_000057_00015,alt_scen_000057_00020,100.0,1,0,0,1,1,0,0,0,0.64,1,1
scen_000057,alt_scen_000057_00015,alt_scen_000057_00021,120.0,1,0,0,0,0,0,0,0,0.7,1,1
scen_000057,alt_scen_000057_00015,alt_scen_000057_00022,140.0,1,0,0,0,0,0,0,0,0.76,1,1
scen_000057,alt_scen_000057_00015,alt_scen_000057_00023,140.0,1,0,0,1,1,0,0,0,0.17,1,1
scen_000057,alt_scen_000057_00015,alt_scen_000057_00024,160.0,1,0,0,0,0,0,0,0,0.53,1,1
scen_000057,alt_scen_000057_00016,alt_scen_000057_00017,10.0,1,0,0,0,0,0,0,0,0.79,1,1
scen_000057,alt_scen_000057_00016,alt_scen_000057_00018,20.0,1,0,0,0,0,0,0,0,0.59,1,1
scen_000057,alt_scen_000057_00016,alt_scen_000057_00019,30.0,1,0,0,1,1,0,0,0,0.58,1,1
scen_000057,alt_scen_000057_00016,alt_scen_000057_00020,80.0,1,0,0,1,1,0,0,0,0.68,1,1
scen_000057,alt_scen_000057_00016,alt_scen_000057_00021,100.0,1,0,0,0,0,0,0,0,0.25,1,1
scen_000057,alt_scen_000057_00016,alt_scen_000057_00022,120.0,1,0,0,0,0,0,0,0,0.58,1,1
scen_000057,alt_scen_000057_00016,alt_scen_000057_00023,120.0,1,0,0,1,1,0,0,0,0.59,1,1
scen_000057,alt_scen_000057_00016,alt_scen_000057_00024,140.0,1,0,0,0,0,0,0,0,0.56,1,1
scen_000057,alt_scen_000057_00016,alt_scen_000057_00025,150.0,1,0,0,0,0,0,0,0,0.34,1,1
scen_000057,alt_scen_000057_00017,alt_scen_000057_00018,10.0,1,0,0,1,1,0,0,0,0.68,1,1
scen_000057,alt_scen_000057_00017,alt_scen_000057_00019,20.0,1,0,0,0,0,0,0,0,0.74,1,1
scen_000057,alt_scen_000057_00017,alt_scen_000057_00020,70.0,1,0,0,0,0,0,0,0,0.17,1,1
scen_000057,alt_scen_000057_00017,alt_scen_000057_00021,90.0,1,0,0,1,1,0,0,0,0.45,1,1
scen_000057,alt_scen_000057_00017,alt_scen_000057_00022,110.0,1,0,0,1,1,0,0,0,0.49,1,1
scen_000057,alt_scen_000057_00017,alt_scen_000057_00023,110.0,1,0,0,0,0,0,0,0,0.67,1,1
scen_000057,alt_scen_000057_00017,alt_scen_000057_00024,130.0,1,0,0,1,1,0,0,0,0.88,1,1
scen_000057,alt_scen_000057_00017,alt_scen_000057_00025,140.0,1,0,0,1,1,0,0,0,0.35,1,1
scen_000057,alt_scen_000057_00017,alt_scen_000057_00026,140.0,1,0,0,0,0,0,0,0,0.56,1,1
scen_000057,alt_scen_000057_00018,alt_scen_000057_00019,10.0,1,0,0,0,0,0,0,0,0.47,1,1
scen_000057,alt_scen_000057_00018,alt_scen_000057_00020,60.0,1,0,0,0,0,0,0,0,0.45,1,1
scen_000057,alt_scen_000057_00018,alt_scen_000057_00021,80.0,1,0,0,1,1,0,0,0,0.87,1,1
scen_000057,alt_scen_000057_00018,alt_scen_000057_00022,100.0,1,0,0,1,1,0,0,0,0.42,1,1
scen_000057,alt_scen_000057_00018,alt_scen_000057_00023,100.0,1,0,0,0,0,0,0,0,0.73,1,1
scen_000057,alt_scen_000057_00018,alt_scen_000057_00024,120.0,1,0,0,1,1,0,0,0,0.77,1,1
scen_000057,alt_scen_000057_00018,alt_scen_000057_00025,130.0,1,0,0,1,1,0,0,0,0.48,1,1
scen_000057,alt_scen_000057_00018,alt_scen_000057_00026,130.0,1,0,0,0,0,0,0,0,0.13,1,1
scen_000057,alt_scen_000057_00018,alt_scen_000057_00027,150.0,1,0,0,1,1,0,0,0,0.17,1,1
scen_000057,alt_scen_000057_00019,alt_scen_000057_00020,50.0,1,0,0,1,1,0,0,0,0.29,1,1
scen_000057,alt_scen_000057_00019,alt_scen_000057_00021,70.0,1,0,0,0,0,0,0,0,0.19,1,1
scen_000057,alt_scen_000057_00019,alt_scen_000057_00022,90.0,1,0,0,0,0,0,0,0,0.48,1,1
scen_000057,alt_scen_000057_00019,alt_scen_000057_00023,90.0,1,0,0,1,1,0,0,0,0.4,1,1
scen_000057,alt_scen_000057_00019,alt_scen_000057_00024,110.0,1,0,0,0,0,0,0,0,0.46,1,1
scen_000057,alt_scen_000057_00019,alt_scen_000057_00025,120.0,1,0,0,0,0,0,0,0,0.6,1,1
scen_000057,alt_scen_000057_00019,alt_scen_000057_00026,120.0,1,0,0,1,1,0,0,0,0.27,1,1
scen_000057,alt_scen_000057_00019,alt_scen_000057_00027,140.0,1,0,0,0,0,0,0,0,0.22,1,1
scen_000057,alt_scen_000057_00019,alt_scen_000057_00028,140.0,1,0,0,1,1,0,0,0,0.14,1,1
scen_000057,alt_scen_000057_00020,alt_scen_000057_00021,20.0,1,0,0,0,0,0,0,0,0.34,1,1
scen_000057,alt_scen_000057_00020,alt_scen_000057_00022,40.0,1,0,0,0,0,0,0,0,0.5,1,1
scen_000057,alt_scen_000057_00020,alt_scen_000057_00023,40.0,1,0,0,1,1,0,0,0,0.71,1,1
scen_000057,alt_scen_000057_00020,alt_scen_000057_00024,60.0,1,0,0,0,0,0,0,0,0.4,1,1
scen_000057,alt_scen_000057_00020,alt_scen_000057_00025,70.0,1,0,0,0,0,0,0,0,0.15,1,1
scen_000057,alt_scen_000057_00020,alt_scen_000057_00026,70.0,1,0,0,1,1,0,0,0,0.5,1,1
scen_000057,alt_scen_000057_00020,alt_scen_000057_00027,90.0,1,0,0,0,0,0,0,0,0.22,1,1
scen_000057,alt_scen_000057_00020,alt_scen_000057_00028,90.0,1,0,0,1,1,0,0,0,0.14,1,1
scen_000057,alt_scen_000057_00020,alt_scen_000057_00029,120.0,1,0,0,0,0,0,0,0,0.29,1,1
scen_000057,alt_scen_000057_00021,alt_scen_000057_00022,20.0,1,0,0,1,1,0,0,0,0.37,1,1
scen_000057,alt_scen_000057_00021,alt_scen_000057_00023,20.0,1,0,0,0,0,0,0,0,0.33,1,1
scen_000057,alt_scen_000057_00021,alt_scen_000057_00024,40.0,1,0,0,1,1,0,0,0,0.38,1,1
scen_000057,alt_scen_000057_00021,alt_scen_000057_00025,50.0,1,0,0,1,1,0,0,0,0.89,1,1
scen_000057,alt_scen_000057_00021,alt_scen_000057_00026,50.0,1,0,0,0,0,0,0,0,0.58,1,1
scen_000057,alt_scen_000057_00021,alt_scen_000057_00027,70.0,1,0,0,1,1,0,0,0,0.53,1,1
scen_000057,alt_scen_000057_00021,alt_scen_000057_00028,70.0,1,0,0,0,0,0,0,0,0.15,1,1
scen_000057,alt_scen_000057_00021,alt_scen_000057_00029,100.0,1,0,0,1,1,0,0,0,0.37,1,1
scen_000057,alt_scen_000057_00021,alt_scen_000057_00030,100.0,1,0,0,0,0,0,0,0,0.43,1,1
scen_000057,alt_scen_000057_00022,alt_scen_000057_00023,0.0,1,0,0,0,0,0,0,0,0.34,1,1
scen_000057,alt_scen_000057_00022,alt_scen_000057_00024,20.0,1,0,0,1,1,0,0,0,0.27,1,1
scen_000057,alt_scen_000057_00022,alt_scen_000057_00025,30.0,1,0,0,1,1,0,0,0,0.32,1,1
scen_000057,alt_scen_000057_00022,alt_scen_000057_00026,30.0,1,0,0,0,0,0,0,0,0.24,1,1
scen_000057,alt_scen_000057_00022,alt_scen_000057_00027,50.0,1,0,0,1,1,0,0,0,0.21,1,1
scen_000057,alt_scen_000057_00022,alt_scen_000057_00028,50.0,1,0,0,0,0,0,0,0,0.29,1,1
scen_000057,alt_scen_000057_00022,alt_scen_000057_00029,80.0,1,0,0,1,1,0,0,0,0.4,1,1
scen_000057,alt_scen_000057_00022,alt_scen_000057_00030,80.0,1,0,0,0,0,0,0,0,0.1,1,1
scen_000057,alt_scen_000057_00022,alt_scen_000057_00031,100.0,1,0,0,0,0,0,0,0,0.32,1,1
scen_000057,alt_scen_000057_00023,alt_scen_000057_00024,20.0,1,0,0,0,0,0,0,0,0.49,1,1
scen_000057,alt_scen_000057_00023,alt_scen_000057_00025,30.0,1,0,0,0,0,0,0,0,0.36,1,1
scen_000057,alt_scen_000057_00023,alt_scen_000057_00026,30.0,1,0,0,1,1,0,0,0,0.86,1,1
scen_000057,alt_scen_000057_00023,alt_scen_000057_00027,50.0,1,0,0,0,0,0,0,0,0.34,1,1
scen_000057,alt_scen_000057_00023,alt_scen_000057_00028,50.0,1,0,0,1,1,0,0,0,0.63,1,1
scen_000057,alt_scen_000057_00023,alt_scen_000057_00029,80.0,1,0,0,0,0,0,0,0,0.34,1,1
scen_000057,alt_scen_000057_00023,alt_scen_000057_00030,80.0,1,0,0,1,1,0,0,0,0.48,1,1
scen_000057,alt_scen_000057_00023,alt_scen_000057_00031,100.0,1,0,0,1,1,0,0,0,0.42,1,1
scen_000057,alt_scen_000057_00023,alt_scen_000057_00032,120.0,1,0,0,0,0,0,0,0,0.33,1,1
scen_000057,alt_scen_000057_00024,alt_scen_000057_00025,10.0,1,0,0,1,1,0,0,0,0.4,1,1
scen_000057,alt_scen_000057_00024,alt_scen_000057_00026,10.0,1,0,0,0,0,0,0,0,0.41,1,1
scen_000057,alt_scen_000057_00024,alt_scen_000057_00027,30.0,1,0,0,1,1,0,0,0,0.71,1,1
scen_000057,alt_scen_000057_00024,alt_scen_000057_00028,30.0,1,0,0,0,0,0,0,0,0.89,1,1
scen_000057,alt_scen_000057_00024,alt_scen_000057_00029,60.0,1,0,0,1,1,0,0,0,0.66,1,1
scen_000057,alt_scen_000057_00024,alt_scen_000057_00030,60.0,1,0,0,0,0,0,0,0,0.25,1,1
scen_000057,alt_scen_000057_00024,alt_scen_000057_00031,80.0,1,0,0,0,0,0,0,0,0.43,1,1
scen_000057,alt_scen_000057_00024,alt_scen_000057_00032,100.0,1,0,0,1,1,0,0,0,0.25,1,1
scen_000057,alt_scen_000057_00024,alt_scen_000057_00033,110.0,1,0,0,1,1,0,0,0,0.77,1,1
scen_000057,alt_scen_000057_00025,alt_scen_000057_00026,0.0,1,0,0,0,0,0,0,0,0.16,1,1
scen_000057,alt_scen_000057_00025,alt_scen_000057_00027,20.0,1,0,0,1,1,0,0,0,0.88,1,1
scen_000057,alt_scen_000057_00025,alt_scen_000057_00028,20.0,1,0,0,0,0,0,0,0,0.47,1,1
scen_000057,alt_scen_000057_00025,alt_scen_000057_00029,50.0,1,0,0,1,1,0,0,0,0.13,1,1
scen_000057,alt_scen_000057_00025,alt_scen_000057_00030,50.0,1,0,0,0,0,0,0,0,0.68,1,1
scen_000057,alt_scen_000057_00025,alt_scen_000057_00031,70.0,1,0,0,0,0,0,0,0,0.4,1,1
scen_000057,alt_scen_000057_00025,alt_scen_000057_00032,90.0,1,0,0,1,1,0,0,0,0.22,1,1
scen_000057,alt_scen_000057_00025,alt_scen_000057_00033,100.0,1,0,0,1,1,0,0,0,0.67,1,1
scen_000057,alt_scen_000057_00025,alt_scen_000057_00034,130.0,1,0,0,0,0,0,0,0,0.54,1,1
scen_000057,alt_scen_000057_00026,alt_scen_000057_00027,20.0,1,0,0,0,0,0,0,0,0.87,1,1
scen_000057,alt_scen_000057_00026,alt_scen_000057_00028,20.0,1,0,0,1,1,0,0,0,0.19,1,1
scen_000057,alt_scen_000057_00026,alt_scen_000057_00029,50.0,1,0,0,0,0,0,0,0,0.86,1,1
scen_000057,alt_scen_000057_00026,alt_scen_000057_00030,50.0,1,0,0,1,1,0,0,0,0.26,1,1
scen_000057,alt_scen_000057_00026,alt_scen_000057_00031,70.0,1,0,0,1,1,0,0,0,0.61,1,1
scen_000057,alt_scen_000057_00026,alt_scen_000057_00032,90.0,1,0,0,0,0,0,0,0,0.85,1,1
scen_000057,alt_scen_000057_00026,alt_scen_000057_00033,100.0,1,0,0,0,0,0,0,0,0.37,1,1
scen_000057,alt_scen_000057_00026,alt_scen_000057_00034,130.0,1,0,0,1,1,0,0,0,0.22,1,1
scen_000057,alt_scen_000057_00026,alt_scen_000057_00035,160.0,1,0,0,0,0,0,0,0,0.62,1,1
scen_000057,alt_scen_000057_00027,alt_scen_000057_00028,0.0,1,0,0,0,0,0,0,0,0.33,1,1
scen_000057,alt_scen_000057_00027,alt_scen_000057_00029,30.0,1,0,0,1,1,0,0,0,0.16,1,1
scen_000057,alt_scen_000057_00027,alt_scen_000057_00030,30.0,1,0,0,0,0,0,0,0,0.79,1,1
scen_000057,alt_scen_000057_00027,alt_scen_000057_00031,50.0,1,0,0,0,0,0,0,0,0.11,1,1
scen_000057,alt_scen_000057_00027,alt_scen_000057_00032,70.0,1,0,0,1,1,0,0,0,0.56,1,1
scen_000057,alt_scen_000057_00027,alt_scen_000057_00033,80.0,1,0,0,1,1,0,0,0,0.87,1,1
scen_000057,alt_scen_000057_00027,alt_scen_000057_00034,110.0,1,0,0,0,0,0,0,0,0.37,1,1
scen_000057,alt_scen_000057_00027,alt_scen_000057_00035,140.0,1,0,0,1,1,0,0,0,0.52,1,1
scen_000057,alt_scen_000057_00027,alt_scen_000057_00036,140.0,1,0,0,0,0,0,0,0,0.12,1,1
scen_000057,alt_scen_000057_00028,alt_scen_000057_00029,30.0,1,0,0,0,0,0,0,0,0.53,1,1
scen_000057,alt_scen_000057_00028,alt_scen_000057_00030,30.0,1,0,0,1,1,0,0,0,0.2,1,1
scen_000057,alt_scen_000057_00028,alt_scen_000057_00031,50.0,1,0,0,1,1,0,0,0,0.45,1,1
scen_000057,alt_scen_000057_00028,alt_scen_000057_00032,70.0,1,0,0,0,0,0,0,0,0.55,1,1
scen_000057,alt_scen_000057_00028,alt_scen_000057_00033,80.0,1,0,0,0,0,0,0,0,0.31,1,1
scen_000057,alt_scen_000057_00028,alt_scen_000057_00034,110.0,1,0,0,1,1,0,0,0,0.66,1,1
scen_000057,alt_scen_000057_00028,alt_scen_000057_00035,140.0,1,0,0,0,0,0,0,0,0.86,1,1
scen_000057,alt_scen_000057_00028,alt_scen_000057_00036,140.0,1,0,0,1,1,0,0,0,0.73,1,1
scen_000057,alt_scen_000057_00028,alt_scen_000057_00037,210.0,1,0,0,0,0,0,0,0,0.82,1,1
scen_000057,alt_scen_000057_00029,alt_scen_000057_00030,0.0,1,0,0,0,0,0,0,0,0.54,1,1
scen_000057,alt_scen_000057_00029,alt_scen_000057_00031,20.0,1,0,0,0,0,0,0,0,0.39,1,1
scen_000057,alt_scen_000057_00029,alt_scen_000057_00032,40.0,1,0,0,1,1,0,0,0,0.54,1,1
scen_000057,alt_scen_000057_00029,alt_scen_000057_00033,50.0,1,0,0,1,1,0,0,0,0.25,1,1
scen_000057,alt_scen_000057_00029,alt_scen_000057_00034,80.0,1,0,0,0,0,0,0,0,0.73,1,1
scen_000057,alt_scen_000057_00029,alt_scen_000057_00035,110.0,1,0,0,1,1,0,0,0,0.2,1,1
scen_000057,alt_scen_000057_00029,alt_scen_000057_00036,110.0,1,0,0,0,0,0,0,0,0.8,1,1
scen_000057,alt_scen_000057_00029,alt_scen_000057_00037,180.0,1,0,0,1,1,0,0,0,0.3,1,1
scen_000057,alt_scen_000057_00029,alt_scen_000057_00038,180.0,1,0,0,0,0,0,0,0,0.46,1,1
scen_000057,alt_scen_000057_00030,alt_scen_000057_00031,20.0,1,0,0,1,1,0,0,0,0.78,1,1
scen_000057,alt_scen_000057_00030,alt_scen_000057_00032,40.0,1,0,0,0,0,0,0,0,0.72,1,1
scen_000057,alt_scen_000057_00030,alt_scen_000057_00033,50.0,1,0,0,0,0,0,0,0,0.55,1,1
scen_000057,alt_scen_000057_00030,alt_scen_000057_00034,80.0,1,0,0,1,1,0,0,0,0.57,1,1
scen_000057,alt_scen_000057_00030,alt_scen_000057_00035,110.0,1,0,0,0,0,0,0,0,0.56,1,1
scen_000057,alt_scen_000057_00030,alt_scen_000057_00036,110.0,1,0,0,1,1,0,0,0,0.57,1,1
scen_000057,alt_scen_000057_00030,alt_scen_000057_00037,180.0,1,0,0,0,0,0,0,0,0.16,1,1
scen_000057,alt_scen_000057_00030,alt_scen_000057_00038,180.0,1,0,0,1,1,0,0,0,0.6,1,1
scen_000057,alt_scen_000057_00030,alt_scen_000057_00039,200.0,1,0,0,0,0,0,0,0,0.82,1,1
scen_000057,alt_scen_000057_00031,alt_scen_000057_00032,20.0,1,0,0,0,0,0,0,0,0.15,1,1
scen_000057,alt_scen_000057_00031,alt_scen_000057_00033,30.0,1,0,0,0,0,0,0,0,0.32,1,1
scen_000057,alt_scen_000057_00031,alt_scen_000057_00034,60.0,1,0,0,1,1,0,0,0,0.52,1,1
scen_000057,alt_scen_000057_00031,alt_scen_000057_00035,90.0,1,0,0,0,0,0,0,0,0.85,1,1
scen_000057,alt_scen_000057_00031,alt_scen_000057_00036,90.0,1,0,0,1,1,0,0,0,0.45,1,1
scen_000057,alt_scen_000057_00031,alt_scen_000057_00037,160.0,1,0,0,0,0,0,0,0,0.4,1,1
scen_000057,alt_scen_000057_00031,alt_scen_000057_00038,160.0,1,0,0,1,1,0,0,0,0.67,1,1
scen_000057,alt_scen_000057_00031,alt_scen_000057_00039,180.0,1,0,0,0,0,0,0,0,0.29,1,1
scen_000057,alt_scen_000057_00031,alt_scen_000057_00040,220.0,1,0,0,0,0,0,0,0,0.27,1,1
scen_000057,alt_scen_000057_00032,alt_scen_000057_00033,10.0,1,0,0,1,1,0,0,0,0.26,1,1
scen_000057,alt_scen_000057_00032,alt_scen_000057_00034,40.0,1,0,0,0,0,0,0,0,0.89,1,1
scen_000057,alt_scen_000057_00032,alt_scen_000057_00035,70.0,1,0,0,1,1,0,0,0,0.54,1,1
scen_000057,alt_scen_000057_00032,alt_scen_000057_00036,70.0,1,0,0,0,0,0,0,0,0.26,1,1
scen_000057,alt_scen_000057_00032,alt_scen_000057_00037,140.0,1,0,0,1,1,0,0,0,0.88,1,1
scen_000057,alt_scen_000057_00032,alt_scen_000057_00038,140.0,1,0,0,0,0,0,0,0,0.27,1,1
scen_000057,alt_scen_000057_00032,alt_scen_000057_00039,160.0,1,0,0,1,1,0,0,0,0.14,1,1
scen_000057,alt_scen_000057_00032,alt_scen_000057_00040,200.0,1,0,0,1,1,0,0,0,0.46,1,1
scen_000057,alt_scen_000057_00032,alt_scen_000057_00041,210.0,1,0,0,0,0,0,0,0,0.45,1,1
scen_000057,alt_scen_000057_00033,alt_scen_000057_00034,30.0,1,0,0,0,0,0,0,0,0.89,1,1
scen_000057,alt_scen_000057_00033,alt_scen_000057_00035,60.0,1,0,0,1,1,0,0,0,0.22,1,1
scen_000057,alt_scen_000057_00033,alt_scen_000057_00036,60.0,1,0,0,0,0,0,0,0,0.48,1,1
scen_000057,alt_scen_000057_00033,alt_scen_000057_00037,130.0,1,0,0,1,1,0,0,0,0.43,1,1
scen_000057,alt_scen_000057_00033,alt_scen_000057_00038,130.0,1,0,0,0,0,0,0,0,0.55,1,1
scen_000057,alt_scen_000057_00033,alt_scen_000057_00039,150.0,1,0,0,1,1,0,0,0,0.77,1,1
scen_000057,alt_scen_000057_00033,alt_scen_000057_00040,190.0,1,0,0,1,1,0,0,0,0.18,1,1
scen_000057,alt_scen_000057_00033,alt_scen_000057_00041,200.0,1,0,0,0,0,0,0,0,0.75,1,1
scen_000057,alt_scen_000057_00034,alt_scen_000057_00035,30.0,1,0,0,0,0,0,0,0,0.87,1,1
scen_000057,alt_scen_000057_00034,alt_scen_000057_00036,30.0,1,0,0,1,1,0,0,0,0.46,1,1
scen_000057,alt_scen_000057_00034,alt_scen_000057_00037,100.0,1,0,0,0,0,0,0,0,0.36,1,1
scen_000057,alt_scen_000057_00034,alt_scen_000057_00038,100.0,1,0,0,1,1,0,0,0,0.79,1,1
scen_000057,alt_scen_000057_00034,alt_scen_000057_00039,120.0,1,0,0,0,0,0,0,0,0.49,1,1
scen_000057,alt_scen_000057_00034,alt_scen_000057_00040,160.0,1,0,0,0,0,0,0,0,0.65,1,1
scen_000057,alt_scen_000057_00034,alt_scen_000057_00041,170.0,1,0,0,1,1,0,0,0,0.56,1,1
scen_000057,alt_scen_000057_00035,alt_scen_000057_00036,0.0,1,0,0,0,0,0,0,0,0.24,1,1
scen_000057,alt_scen_000057_00035,alt_scen_000057_00037,70.0,1,0,0,1,1,0,0,0,0.32,1,1
scen_000057,alt_scen_000057_00035,alt_scen_000057_00038,70.0,1,0,0,0,0,0,0,0,0.64,1,1
scen_000057,alt_scen_000057_00035,alt_scen_000057_00039,90.0,1,0,0,1,1,0,0,0,0.39,1,1
scen_000057,alt_scen_000057_00035,alt_scen_000057_00040,130.0,1,0,0,1,1,0,0,0,0.36,1,1
scen_000057,alt_scen_000057_00035,alt_scen_000057_00041,140.0,1,0,0,0,0,0,0,0,0.44,1,1
scen_000057,alt_scen_000057_00036,alt_scen_000057_00037,70.0,1,0,0,0,0,0,0,0,0.6,1,1
scen_000057,alt_scen_000057_00036,alt_scen_000057_00038,70.0,1,0,0,1,1,0,0,0,0.8,1,1
scen_000057,alt_scen_000057_00036,alt_scen_000057_00039,90.0,1,0,0,0,0,0,0,0,0.25,1,1
scen_000057,alt_scen_000057_00036,alt_scen_000057_00040,130.0,1,0,0,0,0,0,0,0,0.21,1,1
scen_000057,alt_scen_000057_00036,alt_scen_000057_00041,140.0,1,0,0,1,1,0,0,0,0.31,1,1
scen_000057,alt_scen_000057_00037,alt_scen_000057_00038,0.0,1,0,0,0,0,0,0,0,0.65,1,1
scen_000057,alt_scen_000057_00037,alt_scen_000057_00039,20.0,1,0,0,1,1,0,0,0,0.17,1,1
scen_000057,alt_scen_000057_00037,alt_scen_000057_00040,60.0,1,0,0,1,1,0,0,0,0.63,1,1
scen_000057,alt_scen_000057_00037,alt_scen_000057_00041,70.0,1,0,0,0,0,0,0,0,0.44,1,1
scen_000057,alt_scen_000057_00038,alt_scen_000057_00039,20.0,1,0,0,0,0,0,0,0,0.21,1,1
scen_000057,alt_scen_000057_00038,alt_scen_000057_00040,60.0,1,0,0,0,0,0,0,0,0.27,1,1
scen_000057,alt_scen_000057_00038,alt_scen_000057_00041,70.0,1,0,0,1,1,0,0,0,0.89,1,1
scen_000057,alt_scen_000057_00039,alt_scen_000057_00040,40.0,1,0,0,1,1,0,0,0,0.63,1,1
scen_000057,alt_scen_000057_00039,alt_scen_000057_00041,50.0,1,0,0,0,0,0,0,0,0.15,1,1
scen_000057,alt_scen_000057_00040,alt_scen_000057_00041,10.0,1,0,0,0,0,0,0,0,0.11,1,1
scen_000058,alt_scen_000058_00002,alt_scen_000058_00001,189.0,0,0,0,1,1,0,2,0,0.13,1,0
scen_000059,alt_scen_000059_00002,alt_scen_000059_00004,353.0,0,0,0,1,1,0,2,0,0.45,0,0
scen_000059,alt_scen_000059_00002,alt_scen_000059_00003,616.0,0,0,0,1,1,0,4,0,0.52,0,0
scen_000059,alt_scen_000059_00002,alt_scen_000059_00001,830.0,1,0,0,1,1,0,0,0,0.29,0,0
scen_000059,alt_scen_000059_00004,alt_scen_000059_00003,263.0,0,0,0,1,1,0,2,0,0.26,1,0
scen_000059,alt_scen_000059_00004,alt_scen_000059_00001,477.0,0,0,0,1,1,0,2,0,0.2,0,0
scen_000059,alt_scen_000059_00003,alt_scen_000059_00001,214.0,0,0,0,1,1,0,4,0,0.39,1,0
scen_000060,alt_scen_000060_00088,alt_scen_000060_00058,267.0,0,0,0,1,1,0,2,0,0.86,1,0
scen_000060,alt_scen_000060_00088,alt_scen_000060_00059,277.0,0,0,0,1,1,0,2,0,0.52,1,0
scen_000060,alt_scen_000060_00088,alt_scen_000060_00060,347.0,0,0,0,1,1,0,2,0,0.31,0,0
scen_000060,alt_scen_000060_00088,alt_scen_000060_00086,370.0,0,0,0,1,1,0,2,0,0.83,0,0
scen_000060,alt_scen_000060_00088,alt_scen_000060_00061,427.0,0,0,0,1,1,0,2,0,0.58,0,0
scen_000060,alt_scen_000060_00088,alt_scen_000060_00062,457.0,0,0,0,1,1,0,2,0,0.23,0,0
scen_000060,alt_scen_000060_00088,alt_scen_000060_00063,467.0,0,0,0,1,1,0,2,0,0.78,0,0
scen_000060,alt_scen_000060_00088,alt_scen_000060_00064,477.0,0,0,0,1,1,0,2,0,0.7,0,0
scen_000060,alt_scen_000060_00088,alt_scen_000060_00087,482.0,0,0,0,1,1,0,2,0,0.19,0,0
scen_000060,alt_scen_000060_00058,alt_scen_000060_00059,10.0,1,0,0,1,1,0,0,0,0.27,1,1
scen_000060,alt_scen_000060_00058,alt_scen_000060_00060,80.0,1,0,0,1,1,0,0,0,0.56,1,1
scen_000060,alt_scen_000060_00058,alt_scen_000060_00086,103.0,0,0,0,1,1,0,2,0,0.53,1,0
scen_000060,alt_scen_000060_00058,alt_scen_000060_00061,160.0,1,0,0,1,1,0,0,0,0.8,1,1
scen_000060,alt_scen_000060_00058,alt_scen_000060_00062,190.0,1,0,0,1,1,0,0,0,0.7,1,1
scen_000060,alt_scen_000060_00058,alt_scen_000060_00063,200.0,1,0,0,1,1,0,0,0,0.16,1,1
scen_000060,alt_scen_000060_00058,alt_scen_000060_00064,210.0,1,0,0,1,1,0,0,0,0.63,1,1
scen_000060,alt_scen_000060_00058,alt_scen_000060_00087,215.0,0,0,0,1,1,0,2,0,0.1,1,0
scen_000060,alt_scen_000060_00058,alt_scen_000060_00002,220.43,0,0,0,0,0,0,2,0,0.69,1,0
scen_000060,alt_scen_000060_00059,alt_scen_000060_00060,70.0,1,0,0,1,1,0,0,0,0.9,1,1
scen_000060,alt_scen_000060_00059,alt_scen_000060_00086,93.0,0,0,0,1,1,0,2,0,0.72,1,0
scen_000060,alt_scen_000060_00059,alt_scen_000060_00061,150.0,1,0,0,1,1,0,0,0,0.83,1,1
scen_000060,alt_scen_000060_00059,alt_scen_000060_00062,180.0,1,0,0,1,1,0,0,0,0.78,1,1
scen_000060,alt_scen_000060_00059,alt_scen_000060_00063,190.0,1,0,0,1,1,0,0,0,0.59,1,1
scen_000060,alt_scen_000060_00059,alt_scen_000060_00064,200.0,1,0,0,1,1,0,0,0,0.52,1,1
scen_000060,alt_scen_000060_00059,alt_scen_000060_00087,205.0,0,0,0,1,1,0,2,0,0.16,1,0
scen_000060,alt_scen_000060_00059,alt_scen_000060_00002,210.43,0,0,0,0,0,0,2,0,0.25,1,0
scen_000060,alt_scen_000060_00059,alt_scen_000060_00001,210.0,0,0,0,0,0,0,2,0,0.69,1,0
scen_000060,alt_scen_000060_00060,alt_scen_000060_00086,23.0,0,0,0,1,1,0,2,0,0.9,1,0
scen_000060,alt_scen_000060_00060,alt_scen_000060_00061,80.0,1,0,0,1,1,0,0,0,0.24,1,1
scen_000060,alt_scen_000060_00060,alt_scen_000060_00062,110.0,1,0,0,1,1,0,0,0,0.8,1,1
scen_000060,alt_scen_000060_00060,alt_scen_000060_00063,120.0,1,0,0,1,1,0,0,0,0.78,1,1
scen_000060,alt_scen_000060_00060,alt_scen_000060_00064,130.0,1,0,0,1,1,0,0,0,0.88,1,1
scen_000060,alt_scen_000060_00060,alt_scen_000060_00087,135.0,0,0,0,1,1,0,2,0,0.21,1,0
scen_000060,alt_scen_000060_00060,alt_scen_000060_00002,140.43,0,0,0,0,0,0,2,0,0.83,1,0
scen_000060,alt_scen_000060_00060,alt_scen_000060_00001,140.0,0,0,0,0,0,0,2,0,0.49,1,0
scen_000060,alt_scen_000060_00060,alt_scen_000060_00003,150.0,0,0,0,0,0,0,2,0,0.28,1,0
scen_000060,alt_scen_000060_00086,alt_scen_000060_00061,57.0,0,0,0,1,1,0,2,0,0.67,1,0
scen_000060,alt_scen_000060_00086,alt_scen_000060_00062,87.0,0,0,0,1,1,0,2,0,0.43,1,0
scen_000060,alt_scen_000060_00086,alt_scen_000060_00063,97.0,0,0,0,1,1,0,2,0,0.56,1,0
scen_000060,alt_scen_000060_00086,alt_scen_000060_00064,107.0,0,0,0,1,1,0,2,0,0.59,1,0
scen_000060,alt_scen_000060_00086,alt_scen_000060_00087,112.0,0,0,0,1,1,0,2,0,0.56,1,0
scen_000060,alt_scen_000060_00086,alt_scen_000060_00002,117.43,0,0,0,0,0,0,2,0,0.89,1,0
scen_000060,alt_scen_000060_00086,alt_scen_000060_00001,117.0,0,0,0,0,0,0,2,0,0.58,1,0
scen_000060,alt_scen_000060_00086,alt_scen_000060_00003,127.0,0,0,0,0,0,0,2,0,0.2,1,0
scen_000060,alt_scen_000060_00086,alt_scen_000060_00066,136.76,0,0,0,1,1,0,2,0,0.12,1,0
scen_000060,alt_scen_000060_00061,alt_scen_000060_00062,30.0,1,0,0,1,1,0,0,0,0.78,1,1
scen_000060,alt_scen_000060_00061,alt_scen_000060_00063,40.0,1,0,0,1,1,0,0,0,0.72,1,1
scen_000060,alt_scen_000060_00061,alt_scen_000060_00064,50.0,1,0,0,1,1,0,0,0,0.15,1,1
scen_000060,alt_scen_000060_00061,alt_scen_000060_00087,55.0,0,0,0,1,1,0,2,0,0.21,1,0
scen_000060,alt_scen_000060_00061,alt_scen_000060_00002,60.43,0,0,0,0,0,0,2,0,0.84,1,0
scen_000060,alt_scen_000060_00061,alt_scen_000060_00001,60.0,0,0,0,0,0,0,2,0,0.33,1,0
scen_000060,alt_scen_000060_00061,alt_scen_000060_00003,70.0,0,0,0,0,0,0,2,0,0.88,1,0
scen_000060,alt_scen_000060_00061,alt_scen_000060_00066,79.76,1,0,0,1,1,0,0,0,0.37,1,1
scen_000060,alt_scen_000060_00061,alt_scen_000060_00065,80.0,1,0,0,1,1,0,0,0,0.28,1,1
scen_000060,alt_scen_000060_00062,alt_scen_000060_00063,10.0,1,0,0,1,1,0,0,0,0.72,1,1
scen_000060,alt_scen_000060_00062,alt_scen_000060_00064,20.0,1,0,0,1,1,0,0,0,0.29,1,1
scen_000060,alt_scen_000060_00062,alt_scen_000060_00087,25.0,0,0,0,1,1,0,2,0,0.36,1,0
scen_000060,alt_scen_000060_00062,alt_scen_000060_00002,30.43,0,0,0,0,0,0,2,0,0.45,1,0
scen_000060,alt_scen_000060_00062,alt_scen_000060_00001,30.0,0,0,0,0,0,0,2,0,0.53,1,0
scen_000060,alt_scen_000060_00062,alt_scen_000060_00003,40.0,0,0,0,0,0,0,2,0,0.7,1,0
scen_000060,alt_scen_000060_00062,alt_scen_000060_00066,49.76,1,0,0,1,1,0,0,0,0.51,1,1
scen_000060,alt_scen_000060_00062,alt_scen_000060_00065,50.0,1,0,0,1,1,0,0,0,0.46,1,1
scen_000060,alt_scen_000060_00062,alt_scen_000060_00083,57.0,0,0,0,1,1,0,2,0,0.75,1,0
scen_000060,alt_scen_000060_00063,alt_scen_000060_00064,10.0,1,0,0,1,1,0,0,0,0.48,1,1
scen_000060,alt_scen_000060_00063,alt_scen_000060_00087,15.0,0,0,0,1,1,0,2,0,0.56,1,0
scen_000060,alt_scen_000060_00063,alt_scen_000060_00002,20.43,0,0,0,0,0,0,2,0,0.13,1,0
scen_000060,alt_scen_000060_00063,alt_scen_000060_00001,20.0,0,0,0,0,0,0,2,0,0.48,1,0
scen_000060,alt_scen_000060_00063,alt_scen_000060_00003,30.0,0,0,0,0,0,0,2,0,0.21,1,0
scen_000060,alt_scen_000060_00063,alt_scen_000060_00066,39.76,1,0,0,1,1,0,0,0,0.79,1,1
scen_000060,alt_scen_000060_00063,alt_scen_000060_00065,40.0,1,0,0,1,1,0,0,0,0.67,1,1
scen_000060,alt_scen_000060_00063,alt_scen_000060_00083,47.0,0,0,0,1,1,0,2,0,0.18,1,0
scen_000060,alt_scen_000060_00063,alt_scen_000060_00004,60.0,0,0,0,0,1,0,2,0,0.49,1,0
scen_000060,alt_scen_000060_00064,alt_scen_000060_00087,5.0,0,0,0,1,1,0,2,0,0.14,1,0
scen_000060,alt_scen_000060_00064,alt_scen_000060_00002,10.43,0,0,0,0,0,0,2,0,0.45,1,0
scen_000060,alt_scen_000060_00064,alt_scen_000060_00001,10.0,0,0,0,0,0,0,2,0,0.62,1,0
scen_000060,alt_scen_000060_00064,alt_scen_000060_00003,20.0,0,0,0,0,0,0,2,0,0.18,1,0
scen_000060,alt_scen_000060_00064,alt_scen_000060_00066,29.76,1,0,0,1,1,0,0,0,0.48,1,1
scen_000060,alt_scen_000060_00064,alt_scen_000060_00065,30.0,1,0,0,1,1,0,0,0,0.25,1,1
scen_000060,alt_scen_000060_00064,alt_scen_000060_00083,37.0,0,0,0,1,1,0,2,0,0.26,1,0
scen_000060,alt_scen_000060_00064,alt_scen_000060_00004,50.0,0,0,0,0,1,0,2,0,0.24,1,0
scen_000060,alt_scen_000060_00064,alt_scen_000060_00067,50.0,1,0,0,1,1,0,0,0,0.66,1,1
scen_000060,alt_scen_000060_00087,alt_scen_000060_00002,5.43,0,0,0,0,0,0,2,0,0.14,1,0
scen_000060,alt_scen_000060_00087,alt_scen_000060_00001,5.0,0,0,0,0,0,0,2,0,0.54,1,0
scen_000060,alt_scen_000060_00087,alt_scen_000060_00003,15.0,0,0,0,0,0,0,2,0,0.82,1,0
scen_000060,alt_scen_000060_00087,alt_scen_000060_00066,24.76,0,0,0,1,1,0,2,0,0.87,1,0
scen_000060,alt_scen_000060_00087,alt_scen_000060_00065,25.0,0,0,0,1,1,0,2,0,0.35,1,0
scen_000060,alt_scen_000060_00087,alt_scen_000060_00083,32.0,0,0,0,1,1,0,2,0,0.77,1,0
scen_000060,alt_scen_000060_00087,alt_scen_000060_00004,45.0,0,0,0,0,1,0,2,0,0.42,1,0
scen_000060,alt_scen_000060_00087,alt_scen_000060_00067,45.0,0,0,0,1,1,0,2,0,0.32,1,0
scen_000060,alt_scen_000060_00087,alt_scen_000060_00005,48.61,0,0,0,0,1,0,2,0,0.44,1,0
scen_000060,alt_scen_000060_00002,alt_scen_000060_00001,0.43,1,0,0,1,1,0,0,0,0.18,1,1
scen_000060,alt_scen_000060_00002,alt_scen_000060_00003,9.57,1,0,0,1,1,0,0,0,0.89,1,1
scen_000060,alt_scen_000060_00002,alt_scen_000060_00066,19.33,0,0,0,0,0,0,2,0,0.56,1,0
scen_000060,alt_scen_000060_00002,alt_scen_000060_00065,19.57,0,0,0,0,0,0,2,0,0.89,1,0
scen_000060,alt_scen_000060_00002,alt_scen_000060_00083,26.57,0,0,0,0,0,0,2,0,0.75,1,0
scen_000060,alt_scen_000060_00002,alt_scen_000060_00004,39.57,1,0,0,0,0,0,0,0,0.78,1,1
scen_000060,alt_scen_000060_00002,alt_scen_000060_00067,39.57,0,0,0,0,0,0,2,0,0.33,1,0
scen_000060,alt_scen_000060_00002,alt_scen_000060_00005,43.17,1,0,0,0,0,0,0,0,0.57,1,1
scen_000060,alt_scen_000060_00002,alt_scen_000060_00068,59.57,0,0,0,0,0,0,2,0,0.37,1,0
scen_000060,alt_scen_000060_00001,alt_scen_000060_00003,10.0,1,0,0,1,1,0,0,0,0.78,1,1
scen_000060,alt_scen_000060_00001,alt_scen_000060_00066,19.76,0,0,0,0,0,0,2,0,0.72,1,0
scen_000060,alt_scen_000060_00001,alt_scen_000060_00065,20.0,0,0,0,0,0,0,2,0,0.25,1,0
scen_000060,alt_scen_000060_00001,alt_scen_000060_00083,27.0,0,0,0,0,0,0,2,0,0.16,1,0
scen_000060,alt_scen_000060_00001,alt_scen_000060_00004,40.0,1,0,0,0,0,0,0,0,0.2,1,1
scen_000060,alt_scen_000060_00001,alt_scen_000060_00067,40.0,0,0,0,0,0,0,2,0,0.11,1,0
scen_000060,alt_scen_000060_00001,alt_scen_000060_00005,43.61,1,0,0,0,0,0,0,0,0.53,1,1
scen_000060,alt_scen_000060_00001,alt_scen_000060_00068,60.0,0,0,0,0,0,0,2,0,0.86,1,0
scen_000060,alt_scen_000060_00001,alt_scen_000060_00006,80.0,1,0,0,0,0,0,0,0,0.9,1,1
scen_000060,alt_scen_000060_00003,alt_scen_000060_00066,9.76,0,0,0,0,0,0,2,0,0.1,1,0
scen_000060,alt_scen_000060_00003,alt_scen_000060_00065,10.0,0,0,0,0,0,0,2,0,0.62,1,0
scen_000060,alt_scen_000060_00003,alt_scen_000060_00083,17.0,0,0,0,0,0,0,2,0,0.43,1,0
scen_000060,alt_scen_000060_00003,alt_scen_000060_00004,30.0,1,0,0,0,0,0,0,0,0.12,1,1
scen_000060,alt_scen_000060_00003,alt_scen_000060_00067,30.0,0,0,0,0,0,0,2,0,0.52,1,0
scen_000060,alt_scen_000060_00003,alt_scen_000060_00005,33.61,1,0,0,0,0,0,0,0,0.57,1,1
scen_000060,alt_scen_000060_00003,alt_scen_000060_00068,50.0,0,0,0,0,0,0,2,0,0.11,1,0
scen_000060,alt_scen_000060_00003,alt_scen_000060_00006,70.0,1,0,0,0,0,0,0,0,0.55,1,1
scen_000060,alt_scen_000060_00003,alt_scen_000060_00069,100.0,0,0,0,0,0,0,2,0,0.28,1,0
scen_000060,alt_scen_000060_00066,alt_scen_000060_00065,0.24,1,0,0,1,1,0,0,0,0.38,1,1
scen_000060,alt_scen_000060_00066,alt_scen_000060_00083,7.24,0,0,0,1,1,0,2,0,0.11,1,0
scen_000060,alt_scen_000060_00066,alt_scen_000060_00004,20.24,0,0,0,0,1,0,2,0,0.85,1,0
scen_000060,alt_scen_000060_00066,alt_scen_000060_00067,20.24,1,0,0,1,1,0,0,0,0.56,1,1
scen_000060,alt_scen_000060_00066,alt_scen_000060_00005,23.85,0,0,0,0,1,0,2,0,0.16,1,0
scen_000060,alt_scen_000060_00066,alt_scen_000060_00068,40.24,1,0,0,1,1,0,0,0,0.89,1,1
scen_000060,alt_scen_000060_00066,alt_scen_000060_00006,60.24,0,0,0,0,1,0,2,0,0.77,1,0
scen_000060,alt_scen_000060_00066,alt_scen_000060_00069,90.24,1,0,0,1,1,0,0,0,0.17,1,1
scen_000060,alt_scen_000060_00066,alt_scen_000060_00007,100.24,0,0,0,0,0,0,2,0,0.15,1,0
scen_000060,alt_scen_000060_00065,alt_scen_000060_00083,7.0,0,0,0,1,1,0,2,0,0.58,1,0
scen_000060,alt_scen_000060_00065,alt_scen_000060_00004,20.0,0,0,0,0,1,0,2,0,0.58,1,0
scen_000060,alt_scen_000060_00065,alt_scen_000060_00067,20.0,1,0,0,1,1,0,0,0,0.64,1,1
scen_000060,alt_scen_000060_00065,alt_scen_000060_00005,23.61,0,0,0,0,1,0,2,0,0.37,1,0
scen_000060,alt_scen_000060_00065,alt_scen_000060_00068,40.0,1,0,0,1,1,0,0,0,0.52,1,1
scen_000060,alt_scen_000060_00065,alt_scen_000060_00006,60.0,0,0,0,0,1,0,2,0,0.58,1,0
scen_000060,alt_scen_000060_00065,alt_scen_000060_00069,90.0,1,0,0,1,1,0,0,0,0.84,1,1
scen_000060,alt_scen_000060_00065,alt_scen_000060_00007,100.0,0,0,0,0,0,0,2,0,0.58,1,0
scen_000060,alt_scen_000060_00065,alt_scen_000060_00070,100.0,1,0,0,1,1,0,0,0,0.68,1,1
scen_000060,alt_scen_000060_00083,alt_scen_000060_00004,13.0,0,0,0,0,1,0,2,0,0.62,1,0
scen_000060,alt_scen_000060_00083,alt_scen_000060_00067,13.0,0,0,0,1,1,0,2,0,0.87,1,0
scen_000060,alt_scen_000060_00083,alt_scen_000060_00005,16.61,0,0,0,0,1,0,2,0,0.57,1,0
scen_000060,alt_scen_000060_00083,alt_scen_000060_00068,33.0,0,0,0,1,1,0,2,0,0.52,1,0
scen_000060,alt_scen_000060_00083,alt_scen_000060_00006,53.0,0,0,0,0,1,0,2,0,0.79,1,0
scen_000060,alt_scen_000060_00083,alt_scen_000060_00069,83.0,0,0,0,1,1,0,2,0,0.85,1,0
scen_000060,alt_scen_000060_00083,alt_scen_000060_00007,93.0,0,0,0,0,0,0,2,0,0.88,1,0
scen_000060,alt_scen_000060_00083,alt_scen_000060_00070,93.0,0,0,0,1,1,0,2,0,0.18,1,0
scen_000060,alt_scen_000060_00083,alt_scen_000060_00084,102.0,0,0,0,1,1,0,2,0,0.13,1,0
scen_000060,alt_scen_000060_00004,alt_scen_000060_00067,0.0,0,0,0,0,1,0,2,0,0.88,1,0
scen_000060,alt_scen_000060_00004,alt_scen_000060_00005,3.61,1,0,0,1,1,0,0,0,0.1,1,1
scen_000060,alt_scen_000060_00004,alt_scen_000060_00068,20.0,0,0,0,0,1,0,2,0,0.29,1,0
scen_000060,alt_scen_000060_00004,alt_scen_000060_00006,40.0,1,0,0,1,1,0,0,0,0.24,1,1
scen_000060,alt_scen_000060_00004,alt_scen_000060_00069,70.0,0,0,0,0,1,0,2,0,0.54,1,0
scen_000060,alt_scen_000060_00004,alt_scen_000060_00007,80.0,1,0,0,0,0,0,0,0,0.76,1,1
scen_000060,alt_scen_000060_00004,alt_scen_000060_00070,80.0,0,0,0,0,1,0,2,0,0.48,1,0
scen_000060,alt_scen_000060_00004,alt_scen_000060_00084,89.0,0,0,0,0,1,0,2,0,0.47,1,0
scen_000060,alt_scen_000060_00004,alt_scen_000060_00008,110.0,1,0,0,1,1,0,0,0,0.63,1,1
scen_000060,alt_scen_000060_00067,alt_scen_000060_00005,3.61,0,0,0,0,1,0,2,0,0.81,1,0
scen_000060,alt_scen_000060_00067,alt_scen_000060_00068,20.0,1,0,0,1,1,0,0,0,0.47,1,1
scen_000060,alt_scen_000060_00067,alt_scen_000060_00006,40.0,0,0,0,0,1,0,2,0,0.35,1,0
scen_000060,alt_scen_000060_00067,alt_scen_000060_00069,70.0,1,0,0,1,1,0,0,0,0.55,1,1
scen_000060,alt_scen_000060_00067,alt_scen_000060_00007,80.0,0,0,0,0,0,0,2,0,0.71,1,0
scen_000060,alt_scen_000060_00067,alt_scen_000060_00070,80.0,1,0,0,1,1,0,0,0,0.57,1,1
scen_000060,alt_scen_000060_00067,alt_scen_000060_00084,89.0,0,0,0,1,1,0,2,0,0.48,1,0
scen_000060,alt_scen_000060_00067,alt_scen_000060_00008,110.0,0,0,0,0,1,0,2,0,0.66,1,0
scen_000060,alt_scen_000060_00067,alt_scen_000060_00071,110.0,1,0,0,1,1,0,0,0,0.51,1,1
scen_000060,alt_scen_000060_00005,alt_scen_000060_00068,16.39,0,0,0,0,1,0,2,0,0.31,1,0
scen_000060,alt_scen_000060_00005,alt_scen_000060_00006,36.39,1,0,0,1,1,0,0,0,0.47,1,1
scen_000060,alt_scen_000060_00005,alt_scen_000060_00069,66.39,0,0,0,0,1,0,2,0,0.12,1,0
scen_000060,alt_scen_000060_00005,alt_scen_000060_00007,76.39,1,0,0,0,0,0,0,0,0.78,1,1
scen_000060,alt_scen_000060_00005,alt_scen_000060_00070,76.39,0,0,0,0,1,0,2,0,0.72,1,0
scen_000060,alt_scen_000060_00005,alt_scen_000060_00084,85.39,0,0,0,0,1,0,2,0,0.53,1,0
scen_000060,alt_scen_000060_00005,alt_scen_000060_00008,106.39,1,0,0,1,1,0,0,0,0.67,1,1
scen_000060,alt_scen_000060_00005,alt_scen_000060_00071,106.39,0,0,0,0,1,0,2,0,0.81,1,0
scen_000060,alt_scen_000060_00005,alt_scen_000060_00072,116.39,0,0,0,0,1,0,2,0,0.24,1,0
scen_000060,alt_scen_000060_00068,alt_scen_000060_00006,20.0,0,0,0,0,1,0,2,0,0.59,1,0
scen_000060,alt_scen_000060_00068,alt_scen_000060_00069,50.0,1,0,0,1,1,0,0,0,0.46,1,1
scen_000060,alt_scen_000060_00068,alt_scen_000060_00007,60.0,0,0,0,0,0,0,2,0,0.45,1,0
scen_000060,alt_scen_000060_00068,alt_scen_000060_00070,60.0,1,0,0,1,1,0,0,0,0.61,1,1
scen_000060,alt_scen_000060_00068,alt_scen_000060_00084,69.0,0,0,0,1,1,0,2,0,0.7,1,0
scen_000060,alt_scen_000060_00068,alt_scen_000060_00008,90.0,0,0,0,0,1,0,2,0,0.68,1,0
scen_000060,alt_scen_000060_00068,alt_scen_000060_00071,90.0,1,0,0,1,1,0,0,0,0.31,1,1
scen_000060,alt_scen_000060_00068,alt_scen_000060_00072,100.0,1,0,0,1,1,0,0,0,0.54,1,1
scen_000060,alt_scen_000060_00068,alt_scen_000060_00074,106.2,1,0,0,1,1,0,0,0,0.51,1,1
scen_000060,alt_scen_000060_00006,alt_scen_000060_00069,30.0,0,0,0,0,1,0,2,0,0.6,1,0
scen_000060,alt_scen_000060_00006,alt_scen_000060_00007,40.0,1,0,0,0,0,0,0,0,0.23,1,1
scen_000060,alt_scen_000060_00006,alt_scen_000060_00070,40.0,0,0,0,0,1,0,2,0,0.26,1,0
scen_000060,alt_scen_000060_00006,alt_scen_000060_00084,49.0,0,0,0,0,1,0,2,0,0.41,1,0
scen_000060,alt_scen_000060_00006,alt_scen_000060_00008,70.0,1,0,0,1,1,0,0,0,0.48,1,1
scen_000060,alt_scen_000060_00006,alt_scen_000060_00071,70.0,0,0,0,0,1,0,2,0,0.7,1,0
scen_000060,alt_scen_000060_00006,alt_scen_000060_00072,80.0,0,0,0,0,1,0,2,0,0.63,1,0
scen_000060,alt_scen_000060_00006,alt_scen_000060_00074,86.2,0,0,0,0,1,0,2,0,0.69,1,0
scen_000060,alt_scen_000060_00006,alt_scen_000060_00009,90.0,1,0,0,1,1,0,0,0,0.75,1,1
scen_000060,alt_scen_000060_00069,alt_scen_000060_00007,10.0,0,0,0,0,0,0,2,0,0.82,1,0
scen_000060,alt_scen_000060_00069,alt_scen_000060_00070,10.0,1,0,0,1,1,0,0,0,0.84,1,1
scen_000060,alt_scen_000060_00069,alt_scen_000060_00084,19.0,0,0,0,1,1,0,2,0,0.38,1,0
scen_000060,alt_scen_000060_00069,alt_scen_000060_00008,40.0,0,0,0,0,1,0,2,0,0.39,1,0
scen_000060,alt_scen_000060_00069,alt_scen_000060_00071,40.0,1,0,0,1,1,0,0,0,0.62,1,1
scen_000060,alt_scen_000060_00069,alt_scen_000060_00072,50.0,1,0,0,1,1,0,0,0,0.12,1,1
scen_000060,alt_scen_000060_00069,alt_scen_000060_00074,56.2,1,0,0,1,1,0,0,0,0.52,1,1
scen_000060,alt_scen_000060_00069,alt_scen_000060_00009,60.0,0,0,0,0,1,0,2,0,0.32,1,0
scen_000060,alt_scen_000060_00069,alt_scen_000060_00073,60.0,1,0,0,1,1,0,0,0,0.2,1,1
scen_000060,alt_scen_000060_00007,alt_scen_000060_00070,0.0,0,0,0,0,0,0,2,0,0.53,1,0
scen_000060,alt_scen_000060_00007,alt_scen_000060_00084,9.0,0,0,0,0,0,0,2,0,0.75,1,0
scen_000060,alt_scen_000060_00007,alt_scen_000060_00008,30.0,1,0,0,0,0,0,0,0,0.4,1,1
scen_000060,alt_scen_000060_00007,alt_scen_000060_00071,30.0,0,0,0,0,0,0,2,0,0.48,1,0
scen_000060,alt_scen_000060_00007,alt_scen_000060_00072,40.0,0,0,0,0,0,0,2,0,0.64,1,0
scen_000060,alt_scen_000060_00007,alt_scen_000060_00074,46.2,0,0,0,0,0,0,2,0,0.86,1,0
scen_000060,alt_scen_000060_00007,alt_scen_000060_00009,50.0,1,0,0,0,0,0,0,0,0.35,1,1
scen_000060,alt_scen_000060_00007,alt_scen_000060_00073,50.0,0,0,0,0,0,0,2,0,0.49,1,0
scen_000060,alt_scen_000060_00007,alt_scen_000060_00010,60.0,1,0,0,0,0,0,0,0,0.38,1,1
scen_000060,alt_scen_000060_00070,alt_scen_000060_00084,9.0,0,0,0,1,1,0,2,0,0.78,1,0
scen_000060,alt_scen_000060_00070,alt_scen_000060_00008,30.0,0,0,0,0,1,0,2,0,0.77,1,0
scen_000060,alt_scen_000060_00070,alt_scen_000060_00071,30.0,1,0,0,1,1,0,0,0,0.75,1,1
scen_000060,alt_scen_000060_00070,alt_scen_000060_00072,40.0,1,0,0,1,1,0,0,0,0.27,1,1
scen_000060,alt_scen_000060_00070,alt_scen_000060_00074,46.2,1,0,0,1,1,0,0,0,0.61,1,1
scen_000060,alt_scen_000060_00070,alt_scen_000060_00009,50.0,0,0,0,0,1,0,2,0,0.62,1,0
scen_000060,alt_scen_000060_00070,alt_scen_000060_00073,50.0,1,0,0,1,1,0,0,0,0.5,1,1
scen_000060,alt_scen_000060_00070,alt_scen_000060_00010,60.0,0,0,0,0,1,0,2,0,0.13,1,0
scen_000060,alt_scen_000060_00070,alt_scen_000060_00075,70.0,1,0,0,1,1,0,0,0,0.76,1,1
scen_000060,alt_scen_000060_00084,alt_scen_000060_00008,21.0,0,0,0,0,1,0,2,0,0.9,1,0
scen_000060,alt_scen_000060_00084,alt_scen_000060_00071,21.0,0,0,0,1,1,0,2,0,0.87,1,0
scen_000060,alt_scen_000060_00084,alt_scen_000060_00072,31.0,0,0,0,1,1,0,2,0,0.82,1,0
scen_000060,alt_scen_000060_00084,alt_scen_000060_00074,37.2,0,0,0,1,1,0,2,0,0.63,1,0
scen_000060,alt_scen_000060_00084,alt_scen_000060_00009,41.0,0,0,0,0,1,0,2,0,0.43,1,0
scen_000060,alt_scen_000060_00084,alt_scen_000060_00073,41.0,0,0,0,1,1,0,2,0,0.36,1,0
scen_000060,alt_scen_000060_00084,alt_scen_000060_00010,51.0,0,0,0,0,1,0,2,0,0.37,1,0
scen_000060,alt_scen_000060_00084,alt_scen_000060_00075,61.0,0,0,0,1,1,0,2,0,0.62,1,0
scen_000060,alt_scen_000060_00084,alt_scen_000060_00076,91.0,0,0,0,1,1,0,2,0,0.83,1,0
scen_000060,alt_scen_000060_00008,alt_scen_000060_00071,0.0,0,0,0,0,1,0,2,0,0.88,1,0
scen_000060,alt_scen_000060_00008,alt_scen_000060_00072,10.0,0,0,0,0,1,0,2,0,0.29,1,0
scen_000060,alt_scen_000060_00008,alt_scen_000060_00074,16.2,0,0,0,0,1,0,2,0,0.16,1,0
scen_000060,alt_scen_000060_00008,alt_scen_000060_00009,20.0,1,0,0,1,1,0,0,0,0.76,1,1
scen_000060,alt_scen_000060_00008,alt_scen_000060_00073,20.0,0,0,0,0,1,0,2,0,0.1,1,0
scen_000060,alt_scen_000060_00008,alt_scen_000060_00010,30.0,1,0,0,1,1,0,0,0,0.43,1,1
scen_000060,alt_scen_000060_00008,alt_scen_000060_00075,40.0,0,0,0,0,1,0,2,0,0.2,1,0
scen_000060,alt_scen_000060_00008,alt_scen_000060_00076,70.0,0,0,0,0,1,0,2,0,0.55,1,0
scen_000060,alt_scen_000060_00008,alt_scen_000060_00011,80.0,1,0,0,1,1,0,0,0,0.88,1,1
scen_000060,alt_scen_000060_00071,alt_scen_000060_00072,10.0,1,0,0,1,1,0,0,0,0.75,1,1
scen_000060,alt_scen_000060_00071,alt_scen_000060_00074,16.2,1,0,0,1,1,0,0,0,0.3,1,1
scen_000060,alt_scen_000060_00071,alt_scen_000060_00009,20.0,0,0,0,0,1,0,2,0,0.34,1,0
scen_000060,alt_scen_000060_00071,alt_scen_000060_00073,20.0,1,0,0,1,1,0,0,0,0.14,1,1
scen_000060,alt_scen_000060_00071,alt_scen_000060_00010,30.0,0,0,0,0,1,0,2,0,0.71,1,0
scen_000060,alt_scen_000060_00071,alt_scen_000060_00075,40.0,1,0,0,1,1,0,0,0,0.83,1,1
scen_000060,alt_scen_000060_00071,alt_scen_000060_00076,70.0,1,0,0,1,1,0,0,0,0.73,1,1
scen_000060,alt_scen_000060_00071,alt_scen_000060_00011,80.0,0,0,0,0,1,0,2,0,0.78,1,0
scen_000060,alt_scen_000060_00071,alt_scen_000060_00077,90.0,1,0,0,1,1,0,0,0,0.8,1,1
scen_000060,alt_scen_000060_00072,alt_scen_000060_00074,6.2,1,0,0,1,1,0,0,0,0.41,1,1
scen_000060,alt_scen_000060_00072,alt_scen_000060_00009,10.0,0,0,0,0,1,0,2,0,0.33,1,0
scen_000060,alt_scen_000060_00072,alt_scen_000060_00073,10.0,1,0,0,1,1,0,0,0,0.8,1,1
scen_000060,alt_scen_000060_00072,alt_scen_000060_00010,20.0,0,0,0,0,1,0,2,0,0.68,1,0
scen_000060,alt_scen_000060_00072,alt_scen_000060_00075,30.0,1,0,0,1,1,0,0,0,0.57,1,1
scen_000060,alt_scen_000060_00072,alt_scen_000060_00076,60.0,1,0,0,1,1,0,0,0,0.21,1,1
scen_000060,alt_scen_000060_00072,alt_scen_000060_00011,70.0,0,0,0,0,1,0,2,0,0.38,1,0
scen_000060,alt_scen_000060_00072,alt_scen_000060_00077,80.0,1,0,0,1,1,0,0,0,0.71,1,1
scen_000060,alt_scen_000060_00072,alt_scen_000060_00012,100.0,0,0,0,0,0,0,2,0,0.89,1,0
scen_000060,alt_scen_000060_00074,alt_scen_000060_00009,3.8,0,0,0,0,1,0,2,0,0.72,1,0
scen_000060,alt_scen_000060_00074,alt_scen_000060_00073,3.8,1,0,0,1,1,0,0,0,0.7,1,1
scen_000060,alt_scen_000060_00074,alt_scen_000060_00010,13.8,0,0,0,0,1,0,2,0,0.59,1,0
scen_000060,alt_scen_000060_00074,alt_scen_000060_00075,23.8,1,0,0,1,1,0,0,0,0.14,1,1
scen_000060,alt_scen_000060_00074,alt_scen_000060_00076,53.8,1,0,0,1,1,0,0,0,0.32,1,1
scen_000060,alt_scen_000060_00074,alt_scen_000060_00011,63.8,0,0,0,0,1,0,2,0,0.68,1,0
scen_000060,alt_scen_000060_00074,alt_scen_000060_00077,73.8,1,0,0,1,1,0,0,0,0.75,1,1
scen_000060,alt_scen_000060_00074,alt_scen_000060_00012,93.8,0,0,0,0,0,0,2,0,0.36,1,0
scen_000060,alt_scen_000060_00074,alt_scen_000060_00015,150.18,0,0,0,0,1,0,2,0,0.37,1,0
scen_000060,alt_scen_000060_00009,alt_scen_000060_00073,0.0,0,0,0,0,1,0,2,0,0.67,1,0
scen_000060,alt_scen_000060_00009,alt_scen_000060_00010,10.0,1,0,0,1,1,0,0,0,0.81,1,1
scen_000060,alt_scen_000060_00009,alt_scen_000060_00075,20.0,0,0,0,0,1,0,2,0,0.43,1,0
scen_000060,alt_scen_000060_00009,alt_scen_000060_00076,50.0,0,0,0,0,1,0,2,0,0.19,1,0
scen_000060,alt_scen_000060_00009,alt_scen_000060_00011,60.0,1,0,0,1,1,0,0,0,0.55,1,1
scen_000060,alt_scen_000060_00009,alt_scen_000060_00077,70.0,0,0,0,0,1,0,2,0,0.7,1,0
scen_000060,alt_scen_000060_00009,alt_scen_000060_00012,90.0,1,0,0,0,0,0,0,0,0.69,1,1
scen_000060,alt_scen_000060_00009,alt_scen_000060_00015,146.39,1,0,0,1,1,0,0,0,0.58,1,1
scen_000060,alt_scen_000060_00009,alt_scen_000060_00013,150.0,1,0,0,0,0,0,0,0,0.56,1,1
scen_000060,alt_scen_000060_00073,alt_scen_000060_00010,10.0,0,0,0,0,1,0,2,0,0.77,1,0
scen_000060,alt_scen_000060_00073,alt_scen_000060_00075,20.0,1,0,0,1,1,0,0,0,0.32,1,1
scen_000060,alt_scen_000060_00073,alt_scen_000060_00076,50.0,1,0,0,1,1,0,0,0,0.46,1,1
scen_000060,alt_scen_000060_00073,alt_scen_000060_00011,60.0,0,0,0,0,1,0,2,0,0.47,1,0
scen_000060,alt_scen_000060_00073,alt_scen_000060_00077,70.0,1,0,0,1,1,0,0,0,0.78,1,1
scen_000060,alt_scen_000060_00073,alt_scen_000060_00012,90.0,0,0,0,0,0,0,2,0,0.79,1,0
scen_000060,alt_scen_000060_00073,alt_scen_000060_00015,146.39,0,0,0,0,1,0,2,0,0.56,1,0
scen_000060,alt_scen_000060_00073,alt_scen_000060_00013,150.0,0,0,0,0,0,0,2,0,0.57,1,0
scen_000060,alt_scen_000060_00073,alt_scen_000060_00014,150.0,0,0,0,0,1,0,2,0,0.87,1,0
scen_000060,alt_scen_000060_00010,alt_scen_000060_00075,10.0,0,0,0,0,1,0,2,0,0.5,1,0
scen_000060,alt_scen_000060_00010,alt_scen_000060_00076,40.0,0,0,0,0,1,0,2,0,0.21,1,0
scen_000060,alt_scen_000060_00010,alt_scen_000060_00011,50.0,1,0,0,1,1,0,0,0,0.85,1,1
scen_000060,alt_scen_000060_00010,alt_scen_000060_00077,60.0,0,0,0,0,1,0,2,0,0.52,1,0
scen_000060,alt_scen_000060_00010,alt_scen_000060_00012,80.0,1,0,0,0,0,0,0,0,0.82,1,1
scen_000060,alt_scen_000060_00010,alt_scen_000060_00015,136.39,1,0,0,1,1,0,0,0,0.12,1,1
scen_000060,alt_scen_000060_00010,alt_scen_000060_00013,140.0,1,0,0,0,0,0,0,0,0.27,1,1
scen_000060,alt_scen_000060_00010,alt_scen_000060_00014,140.0,1,0,0,1,1,0,0,0,0.38,1,1
scen_000060,alt_scen_000060_00010,alt_scen_000060_00085,163.0,0,0,0,0,1,0,2,0,0.66,1,0
scen_000060,alt_scen_000060_00075,alt_scen_000060_00076,30.0,1,0,0,1,1,0,0,0,0.9,1,1
scen_000060,alt_scen_000060_00075,alt_scen_000060_00011,40.0,0,0,0,0,1,0,2,0,0.64,1,0
scen_000060,alt_scen_000060_00075,alt_scen_000060_00077,50.0,1,0,0,1,1,0,0,0,0.34,1,1
scen_000060,alt_scen_000060_00075,alt_scen_000060_00012,70.0,0,0,0,0,0,0,2,0,0.72,1,0
scen_000060,alt_scen_000060_00075,alt_scen_000060_00015,126.39,0,0,0,0,1,0,2,0,0.61,1,0
scen_000060,alt_scen_000060_00075,alt_scen_000060_00013,130.0,0,0,0,0,0,0,2,0,0.72,1,0
scen_000060,alt_scen_000060_00075,alt_scen_000060_00014,130.0,0,0,0,0,1,0,2,0,0.64,1,0
scen_000060,alt_scen_000060_00075,alt_scen_000060_00085,153.0,0,0,0,1,1,0,2,0,0.43,1,0
scen_000060,alt_scen_000060_00075,alt_scen_000060_00016,170.0,0,0,0,0,1,0,2,0,0.33,1,0
scen_000060,alt_scen_000060_00076,alt_scen_000060_00011,10.0,0,0,0,0,1,0,2,0,0.33,1,0
scen_000060,alt_scen_000060_00076,alt_scen_000060_00077,20.0,1,0,0,1,1,0,0,0,0.48,1,1
scen_000060,alt_scen_000060_00076,alt_scen_000060_00012,40.0,0,0,0,0,0,0,2,0,0.18,1,0
scen_000060,alt_scen_000060_00076,alt_scen_000060_00015,96.39,0,0,0,0,1,0,2,0,0.3,1,0
scen_000060,alt_scen_000060_00076,alt_scen_000060_00013,100.0,0,0,0,0,0,0,2,0,0.28,1,0
scen_000060,alt_scen_000060_00076,alt_scen_000060_00014,100.0,0,0,0,0,1,0,2,0,0.5,1,0
scen_000060,alt_scen_000060_00076,alt_scen_000060_00085,123.0,0,0,0,1,1,0,2,0,0.74,1,0
scen_000060,alt_scen_000060_00076,alt_scen_000060_00016,140.0,0,0,0,0,1,0,2,0,0.2,1,0
scen_000060,alt_scen_000060_00076,alt_scen_000060_00017,150.0,0,0,0,0,0,0,2,0,0.2,1,0
scen_000060,alt_scen_000060_00011,alt_scen_000060_00077,10.0,0,0,0,0,1,0,2,0,0.49,1,0
scen_000060,alt_scen_000060_00011,alt_scen_000060_00012,30.0,1,0,0,0,0,0,0,0,0.86,1,1
scen_000060,alt_scen_000060_00011,alt_scen_000060_00015,86.39,1,0,0,1,1,0,0,0,0.26,1,1
scen_000060,alt_scen_000060_00011,alt_scen_000060_00013,90.0,1,0,0,0,0,0,0,0,0.54,1,1
scen_000060,alt_scen_000060_00011,alt_scen_000060_00014,90.0,1,0,0,1,1,0,0,0,0.66,1,1
scen_000060,alt_scen_000060_00011,alt_scen_000060_00085,113.0,0,0,0,0,1,0,2,0,0.67,1,0
scen_000060,alt_scen_000060_00011,alt_scen_000060_00016,130.0,1,0,0,1,1,0,0,0,0.69,1,1
scen_000060,alt_scen_000060_00011,alt_scen_000060_00017,140.0,1,0,0,0,0,0,0,0,0.49,1,1
scen_000060,alt_scen_000060_00011,alt_scen_000060_00078,140.0,0,0,0,0,1,0,2,0,0.57,1,0
scen_000060,alt_scen_000060_00077,alt_scen_000060_00012,20.0,0,0,0,0,0,0,2,0,0.53,1,0
scen_000060,alt_scen_000060_00077,alt_scen_000060_00015,76.39,0,0,0,0,1,0,2,0,0.38,1,0
scen_000060,alt_scen_000060_00077,alt_scen_000060_00013,80.0,0,0,0,0,0,0,2,0,0.44,1,0
scen_000060,alt_scen_000060_00077,alt_scen_000060_00014,80.0,0,0,0,0,1,0,2,0,0.54,1,0
scen_000060,alt_scen_000060_00077,alt_scen_000060_00085,103.0,0,0,0,1,1,0,2,0,0.3,1,0
scen_000060,alt_scen_000060_00077,alt_scen_000060_00016,120.0,0,0,0,0,1,0,2,0,0.17,1,0
scen_000060,alt_scen_000060_00077,alt_scen_000060_00017,130.0,0,0,0,0,0,0,2,0,0.5,1,0
scen_000060,alt_scen_000060_00077,alt_scen_000060_00078,130.0,1,0,0,1,1,0,0,0,0.22,1,1
scen_000060,alt_scen_000060_00077,alt_scen_000060_00018,150.0,0,0,0,0,0,0,2,0,0.45,1,0
scen_000060,alt_scen_000060_00012,alt_scen_000060_00015,56.39,1,0,0,0,0,0,0,0,0.35,1,1
scen_000060,alt_scen_000060_00012,alt_scen_000060_00013,60.0,1,0,0,1,1,0,0,0,0.71,1,1
scen_000060,alt_scen_000060_00012,alt_scen_000060_00014,60.0,1,0,0,0,0,0,0,0,0.37,1,1
scen_000060,alt_scen_000060_00012,alt_scen_000060_00085,83.0,0,0,0,0,0,0,2,0,0.45,1,0
scen_000060,alt_scen_000060_00012,alt_scen_000060_00016,100.0,1,0,0,0,0,0,0,0,0.31,1,1
scen_000060,alt_scen_000060_00012,alt_scen_000060_00017,110.0,1,0,0,1,1,0,0,0,0.29,1,1
scen_000060,alt_scen_000060_00012,alt_scen_000060_00078,110.0,0,0,0,0,0,0,2,0,0.72,1,0
scen_000060,alt_scen_000060_00012,alt_scen_000060_00018,130.0,1,0,0,1,1,0,0,0,0.42,1,1
scen_000060,alt_scen_000060_00012,alt_scen_000060_00019,130.0,1,0,0,0,0,0,0,0,0.8,1,1
scen_000060,alt_scen_000060_00015,alt_scen_000060_00013,3.61,1,0,0,0,0,0,0,0,0.48,1,1
scen_000060,alt_scen_000060_00015,alt_scen_000060_00014,3.61,1,0,0,1,1,0,0,0,0.47,1,1
scen_000060,alt_scen_000060_00015,alt_scen_000060_00085,26.61,0,0,0,0,1,0,2,0,0.43,1,0
scen_000060,alt_scen_000060_00015,alt_scen_000060_00016,43.61,1,0,0,1,1,0,0,0,0.68,1,1
scen_000060,alt_scen_000060_00015,alt_scen_000060_00017,53.61,1,0,0,0,0,0,0,0,0.22,1,1
scen_000060,alt_scen_000060_00015,alt_scen_000060_00078,53.61,0,0,0,0,1,0,2,0,0.53,1,0
scen_000060,alt_scen_000060_00015,alt_scen_000060_00018,73.61,1,0,0,0,0,0,0,0,0.77,1,1
scen_000060,alt_scen_000060_00015,alt_scen_000060_00019,73.61,1,0,0,1,1,0,0,0,0.23,1,1
scen_000060,alt_scen_000060_00015,alt_scen_000060_00079,83.61,0,0,0,0,1,0,2,0,0.13,1,0
scen_000060,alt_scen_000060_00013,alt_scen_000060_00014,0.0,1,0,0,0,0,0,0,0,0.18,1,1
scen_000060,alt_scen_000060_00013,alt_scen_000060_00085,23.0,0,0,0,0,0,0,2,0,0.61,1,0
scen_000060,alt_scen_000060_00013,alt_scen_000060_00016,40.0,1,0,0,0,0,0,0,0,0.11,1,1
scen_000060,alt_scen_000060_00013,alt_scen_000060_00017,50.0,1,0,0,1,1,0,0,0,0.87,1,1
scen_000060,alt_scen_000060_00013,alt_scen_000060_00078,50.0,0,0,0,0,0,0,2,0,0.9,1,0
scen_000060,alt_scen_000060_00013,alt_scen_000060_00018,70.0,1,0,0,1,1,0,0,0,0.43,1,1
scen_000060,alt_scen_000060_00013,alt_scen_000060_00019,70.0,1,0,0,0,0,0,0,0,0.34,1,1
scen_000060,alt_scen_000060_00013,alt_scen_000060_00079,80.0,0,0,0,0,0,0,2,0,0.13,1,0
scen_000060,alt_scen_000060_00013,alt_scen_000060_00020,90.0,1,0,0,0,0,0,0,0,0.79,1,1
scen_000060,alt_scen_000060_00014,alt_scen_000060_00085,23.0,0,0,0,0,1,0,2,0,0.47,1,0
scen_000060,alt_scen_000060_00014,alt_scen_000060_00016,40.0,1,0,0,1,1,0,0,0,0.86,1,1
scen_000060,alt_scen_000060_00014,alt_scen_000060_00017,50.0,1,0,0,0,0,0,0,0,0.31,1,1
scen_000060,alt_scen_000060_00014,alt_scen_000060_00078,50.0,0,0,0,0,1,0,2,0,0.33,1,0
scen_000060,alt_scen_000060_00014,alt_scen_000060_00018,70.0,1,0,0,0,0,0,0,0,0.73,1,1
scen_000060,alt_scen_000060_00014,alt_scen_000060_00019,70.0,1,0,0,1,1,0,0,0,0.14,1,1
scen_000060,alt_scen_000060_00014,alt_scen_000060_00079,80.0,0,0,0,0,1,0,2,0,0.89,1,0
scen_000060,alt_scen_000060_00014,alt_scen_000060_00020,90.0,1,0,0,1,1,0,0,0,0.64,1,1
scen_000060,alt_scen_000060_00014,alt_scen_000060_00021,93.61,1,0,0,1,1,0,0,0,0.29,1,1
scen_000060,alt_scen_000060_00085,alt_scen_000060_00016,17.0,0,0,0,0,1,0,2,0,0.68,1,0
scen_000060,alt_scen_000060_00085,alt_scen_000060_00017,27.0,0,0,0,0,0,0,2,0,0.39,1,0
scen_000060,alt_scen_000060_00085,alt_scen_000060_00078,27.0,0,0,0,1,1,0,2,0,0.84,1,0
scen_000060,alt_scen_000060_00085,alt_scen_000060_00018,47.0,0,0,0,0,0,0,2,0,0.85,1,0
scen_000060,alt_scen_000060_00085,alt_scen_000060_00019,47.0,0,0,0,0,1,0,2,0,0.64,1,0
scen_000060,alt_scen_000060_00085,alt_scen_000060_00079,57.0,0,0,0,1,1,0,2,0,0.28,1,0
scen_000060,alt_scen_000060_00085,alt_scen_000060_00020,67.0,0,0,0,0,1,0,2,0,0.29,1,0
scen_000060,alt_scen_000060_00085,alt_scen_000060_00021,70.61,0,0,0,0,1,0,2,0,0.75,1,0
scen_000060,alt_scen_000060_00085,alt_scen_000060_00022,77.0,0,0,0,0,1,0,2,0,0.27,1,0
scen_000060,alt_scen_000060_00016,alt_scen_000060_00017,10.0,1,0,0,0,0,0,0,0,0.71,1,1
scen_000060,alt_scen_000060_00016,alt_scen_000060_00078,10.0,0,0,0,0,1,0,2,0,0.68,1,0
scen_000060,alt_scen_000060_00016,alt_scen_000060_00018,30.0,1,0,0,0,0,0,0,0,0.43,1,1
scen_000060,alt_scen_000060_00016,alt_scen_000060_00019,30.0,1,0,0,1,1,0,0,0,0.31,1,1
scen_000060,alt_scen_000060_00016,alt_scen_000060_00079,40.0,0,0,0,0,1,0,2,0,0.8,1,0
scen_000060,alt_scen_000060_00016,alt_scen_000060_00020,50.0,1,0,0,1,1,0,0,0,0.67,1,1
scen_000060,alt_scen_000060_00016,alt_scen_000060_00021,53.61,1,0,0,1,1,0,0,0,0.81,1,1
scen_000060,alt_scen_000060_00016,alt_scen_000060_00022,60.0,1,0,0,1,1,0,0,0,0.65,1,1
scen_000060,alt_scen_000060_00016,alt_scen_000060_00023,80.0,1,0,0,0,0,0,0,0,0.33,1,1
scen_000060,alt_scen_000060_00017,alt_scen_000060_00078,0.0,0,0,0,0,0,0,2,0,0.15,1,0
scen_000060,alt_scen_000060_00017,alt_scen_000060_00018,20.0,1,0,0,1,1,0,0,0,0.75,1,1
scen_000060,alt_scen_000060_00017,alt_scen_000060_00019,20.0,1,0,0,0,0,0,0,0,0.45,1,1
scen_000060,alt_scen_000060_00017,alt_scen_000060_00079,30.0,0,0,0,0,0,0,2,0,0.3,1,0
scen_000060,alt_scen_000060_00017,alt_scen_000060_00020,40.0,1,0,0,0,0,0,0,0,0.83,1,1
scen_000060,alt_scen_000060_00017,alt_scen_000060_00021,43.61,1,0,0,0,0,0,0,0,0.42,1,1
scen_000060,alt_scen_000060_00017,alt_scen_000060_00022,50.0,1,0,0,0,0,0,0,0,0.29,1,1
scen_000060,alt_scen_000060_00017,alt_scen_000060_00023,70.0,1,0,0,1,1,0,0,0,0.61,1,1
scen_000060,alt_scen_000060_00017,alt_scen_000060_00024,70.0,1,0,0,0,0,0,0,0,0.86,1,1
scen_000060,alt_scen_000060_00078,alt_scen_000060_00018,20.0,0,0,0,0,0,0,2,0,0.57,1,0
scen_000060,alt_scen_000060_00078,alt_scen_000060_00019,20.0,0,0,0,0,1,0,2,0,0.87,1,0
scen_000060,alt_scen_000060_00078,alt_scen_000060_00079,30.0,1,0,0,1,1,0,0,0,0.36,1,1
scen_000060,alt_scen_000060_00078,alt_scen_000060_00020,40.0,0,0,0,0,1,0,2,0,0.37,1,0
scen_000060,alt_scen_000060_00078,alt_scen_000060_00021,43.61,0,0,0,0,1,0,2,0,0.47,1,0
scen_000060,alt_scen_000060_00078,alt_scen_000060_00022,50.0,0,0,0,0,1,0,2,0,0.73,1,0
scen_000060,alt_scen_000060_00078,alt_scen_000060_00023,70.0,0,0,0,0,0,0,2,0,0.61,1,0
scen_000060,alt_scen_000060_00078,alt_scen_000060_00024,70.0,0,0,0,0,1,0,2,0,0.28,1,0
scen_000060,alt_scen_000060_00078,alt_scen_000060_00026,75.52,0,0,0,0,0,0,2,0,0.59,1,0
scen_000060,alt_scen_000060_00018,alt_scen_000060_00019,0.0,1,0,0,0,0,0,0,0,0.13,1,1
scen_000060,alt_scen_000060_00018,alt_scen_000060_00079,10.0,0,0,0,0,0,0,2,0,0.37,1,0
scen_000060,alt_scen_000060_00018,alt_scen_000060_00020,20.0,1,0,0,0,0,0,0,0,0.2,1,1
scen_000060,alt_scen_000060_00018,alt_scen_000060_00021,23.61,1,0,0,0,0,0,0,0,0.38,1,1
scen_000060,alt_scen_000060_00018,alt_scen_000060_00022,30.0,1,0,0,0,0,0,0,0,0.36,1,1
scen_000060,alt_scen_000060_00018,alt_scen_000060_00023,50.0,1,0,0,1,1,0,0,0,0.27,1,1
scen_000060,alt_scen_000060_00018,alt_scen_000060_00024,50.0,1,0,0,0,0,0,0,0,0.55,1,1
scen_000060,alt_scen_000060_00018,alt_scen_000060_00026,55.52,1,0,0,1,1,0,0,0,0.11,1,1
scen_000060,alt_scen_000060_00018,alt_scen_000060_00025,60.0,1,0,0,1,1,0,0,0,0.31,1,1
scen_000060,alt_scen_000060_00019,alt_scen_000060_00079,10.0,0,0,0,0,1,0,2,0,0.31,1,0
scen_000060,alt_scen_000060_00019,alt_scen_000060_00020,20.0,1,0,0,1,1,0,0,0,0.6,1,1
scen_000060,alt_scen_000060_00019,alt_scen_000060_00021,23.61,1,0,0,1,1,0,0,0,0.73,1,1
scen_000060,alt_scen_000060_00019,alt_scen_000060_00022,30.0,1,0,0,1,1,0,0,0,0.65,1,1
scen_000060,alt_scen_000060_00019,alt_scen_000060_00023,50.0,1,0,0,0,0,0,0,0,0.26,1,1
scen_000060,alt_scen_000060_00019,alt_scen_000060_00024,50.0,1,0,0,1,1,0,0,0,0.36,1,1
scen_000060,alt_scen_000060_00019,alt_scen_000060_00026,55.52,1,0,0,0,0,0,0,0,0.85,1,1
scen_000060,alt_scen_000060_00019,alt_scen_000060_00025,60.0,1,0,0,0,0,0,0,0,0.24,1,1
scen_000060,alt_scen_000060_00019,alt_scen_000060_00080,60.0,0,0,0,0,1,0,2,0,0.23,1,0
scen_000060,alt_scen_000060_00079,alt_scen_000060_00020,10.0,0,0,0,0,1,0,2,0,0.72,1,0
scen_000060,alt_scen_000060_00079,alt_scen_000060_00021,13.61,0,0,0,0,1,0,2,0,0.69,1,0
scen_000060,alt_scen_000060_00079,alt_scen_000060_00022,20.0,0,0,0,0,1,0,2,0,0.14,1,0
scen_000060,alt_scen_000060_00079,alt_scen_000060_00023,40.0,0,0,0,0,0,0,2,0,0.32,1,0
scen_000060,alt_scen_000060_00079,alt_scen_000060_00024,40.0,0,0,0,0,1,0,2,0,0.42,1,0
scen_000060,alt_scen_000060_00079,alt_scen_000060_00026,45.52,0,0,0,0,0,0,2,0,0.15,1,0
scen_000060,alt_scen_000060_00079,alt_scen_000060_00025,50.0,0,0,0,0,0,0,2,0,0.89,1,0
scen_000060,alt_scen_000060_00079,alt_scen_000060_00080,50.0,1,0,0,1,1,0,0,0,0.53,1,1
scen_000060,alt_scen_000060_00079,alt_scen_000060_00027,60.0,0,0,0,0,0,0,2,0,0.68,1,0
scen_000060,alt_scen_000060_00020,alt_scen_000060_00021,3.61,1,0,0,1,1,0,0,0,0.64,1,1
scen_000060,alt_scen_000060_00020,alt_scen_000060_00022,10.0,1,0,0,1,1,0,0,0,0.72,1,1
scen_000060,alt_scen_000060_00020,alt_scen_000060_00023,30.0,1,0,0,0,0,0,0,0,0.31,1,1
scen_000060,alt_scen_000060_00020,alt_scen_000060_00024,30.0,1,0,0,1,1,0,0,0,0.85,1,1
scen_000060,alt_scen_000060_00020,alt_scen_000060_00026,35.52,1,0,0,0,0,0,0,0,0.55,1,1
scen_000060,alt_scen_000060_00020,alt_scen_000060_00025,40.0,1,0,0,0,0,0,0,0,0.14,1,1
scen_000060,alt_scen_000060_00020,alt_scen_000060_00080,40.0,0,0,0,0,1,0,2,0,0.88,1,0
scen_000060,alt_scen_000060_00020,alt_scen_000060_00027,50.0,1,0,0,0,0,0,0,0,0.42,1,1
scen_000060,alt_scen_000060_00020,alt_scen_000060_00028,70.0,1,0,0,0,0,0,0,0,0.55,1,1
scen_000060,alt_scen_000060_00021,alt_scen_000060_00022,6.39,1,0,0,1,1,0,0,0,0.69,1,1
scen_000060,alt_scen_000060_00021,alt_scen_000060_00023,26.39,1,0,0,0,0,0,0,0,0.62,1,1
scen_000060,alt_scen_000060_00021,alt_scen_000060_00024,26.39,1,0,0,1,1,0,0,0,0.69,1,1
scen_000060,alt_scen_000060_00021,alt_scen_000060_00026,31.9,1,0,0,0,0,0,0,0,0.77,1,1
scen_000060,alt_scen_000060_00021,alt_scen_000060_00025,36.39,1,0,0,0,0,0,0,0,0.68,1,1
scen_000060,alt_scen_000060_00021,alt_scen_000060_00080,36.39,0,0,0,0,1,0,2,0,0.18,1,0
scen_000060,alt_scen_000060_00021,alt_scen_000060_00027,46.39,1,0,0,0,0,0,0,0,0.58,1,1
scen_000060,alt_scen_000060_00021,alt_scen_000060_00028,66.39,1,0,0,0,0,0,0,0,0.73,1,1
scen_000060,alt_scen_000060_00021,alt_scen_000060_00030,66.39,1,0,0,1,1,0,0,0,0.24,1,1
scen_000060,alt_scen_000060_00022,alt_scen_000060_00023,20.0,1,0,0,0,0,0,0,0,0.3,1,1
scen_000060,alt_scen_000060_00022,alt_scen_000060_00024,20.0,1,0,0,1,1,0,0,0,0.86,1,1
scen_000060,alt_scen_000060_00022,alt_scen_000060_00026,25.52,1,0,0,0,0,0,0,0,0.4,1,1
scen_000060,alt_scen_000060_00022,alt_scen_000060_00025,30.0,1,0,0,0,0,0,0,0,0.38,1,1
scen_000060,alt_scen_000060_00022,alt_scen_000060_00080,30.0,0,0,0,0,1,0,2,0,0.77,1,0
scen_000060,alt_scen_000060_00022,alt_scen_000060_00027,40.0,1,0,0,0,0,0,0,0,0.6,1,1
scen_000060,alt_scen_000060_00022,alt_scen_000060_00028,60.0,1,0,0,0,0,0,0,0,0.32,1,1
scen_000060,alt_scen_000060_00022,alt_scen_000060_00030,60.0,1,0,0,1,1,0,0,0,0.7,1,1
scen_000060,alt_scen_000060_00022,alt_scen_000060_00081,60.0,0,0,0,0,1,0,2,0,0.1,1,0
scen_000060,alt_scen_000060_00023,alt_scen_000060_00024,0.0,1,0,0,0,0,0,0,0,0.23,1,1
scen_000060,alt_scen_000060_00023,alt_scen_000060_00026,5.52,1,0,0,1,1,0,0,0,0.87,1,1
scen_000060,alt_scen_000060_00023,alt_scen_000060_00025,10.0,1,0,0,1,1,0,0,0,0.68,1,1
scen_000060,alt_scen_000060_00023,alt_scen_000060_00080,10.0,0,0,0,0,0,0,2,0,0.26,1,0
scen_000060,alt_scen_000060_00023,alt_scen_000060_00027,20.0,1,0,0,1,1,0,0,0,0.11,1,1
scen_000060,alt_scen_000060_00023,alt_scen_000060_00028,40.0,1,0,0,1,1,0,0,0,0.83,1,1
scen_000060,alt_scen_000060_00023,alt_scen_000060_00030,40.0,1,0,0,0,0,0,0,0,0.67,1,1
scen_000060,alt_scen_000060_00023,alt_scen_000060_00081,40.0,0,0,0,0,0,0,2,0,0.23,1,0
scen_000060,alt_scen_000060_00023,alt_scen_000060_00029,44.15,1,0,0,1,1,0,0,0,0.45,1,1
scen_000060,alt_scen_000060_00024,alt_scen_000060_00026,5.52,1,0,0,0,0,0,0,0,0.83,1,1
scen_000060,alt_scen_000060_00024,alt_scen_000060_00025,10.0,1,0,0,0,0,0,0,0,0.11,1,1
scen_000060,alt_scen_000060_00024,alt_scen_000060_00080,10.0,0,0,0,0,1,0,2,0,0.83,1,0
scen_000060,alt_scen_000060_00024,alt_scen_000060_00027,20.0,1,0,0,0,0,0,0,0,0.61,1,1
scen_000060,alt_scen_000060_00024,alt_scen_000060_00028,40.0,1,0,0,0,0,0,0,0,0.62,1,1
scen_000060,alt_scen_000060_00024,alt_scen_000060_00030,40.0,1,0,0,1,1,0,0,0,0.23,1,1
scen_000060,alt_scen_000060_00024,alt_scen_000060_00081,40.0,0,0,0,0,1,0,2,0,0.87,1,0
scen_000060,alt_scen_000060_00024,alt_scen_000060_00029,44.15,1,0,0,0,0,0,0,0,0.55,1,1
scen_000060,alt_scen_000060_00024,alt_scen_000060_00082,70.0,0,0,0,0,1,0,2,0,0.44,1,0
scen_000060,alt_scen_000060_00026,alt_scen_000060_00025,4.48,1,0,0,1,1,0,0,0,0.86,1,1
scen_000060,alt_scen_000060_00026,alt_scen_000060_00080,4.48,0,0,0,0,0,0,2,0,0.7,1,0
scen_000060,alt_scen_000060_00026,alt_scen_000060_00027,14.48,1,0,0,1,1,0,0,0,0.5,1,1
scen_000060,alt_scen_000060_00026,alt_scen_000060_00028,34.48,1,0,0,1,1,0,0,0,0.89,1,1
scen_000060,alt_scen_000060_00026,alt_scen_000060_00030,34.48,1,0,0,0,0,0,0,0,0.47,1,1
scen_000060,alt_scen_000060_00026,alt_scen_000060_00081,34.48,0,0,0,0,0,0,2,0,0.83,1,0
scen_000060,alt_scen_000060_00026,alt_scen_000060_00029,38.64,1,0,0,1,1,0,0,0,0.32,1,1
scen_000060,alt_scen_000060_00026,alt_scen_000060_00082,64.48,0,0,0,0,0,0,2,0,0.15,1,0
scen_000060,alt_scen_000060_00026,alt_scen_000060_00031,74.48,1,0,0,0,0,0,0,0,0.44,1,1
scen_000060,alt_scen_000060_00025,alt_scen_000060_00080,0.0,0,0,0,0,0,0,2,0,0.47,1,0
scen_000060,alt_scen_000060_00025,alt_scen_000060_00027,10.0,1,0,0,1,1,0,0,0,0.59,1,1
scen_000060,alt_scen_000060_00025,alt_scen_000060_00028,30.0,1,0,0,1,1,0,0,0,0.11,1,1
scen_000060,alt_scen_000060_00025,alt_scen_000060_00030,30.0,1,0,0,0,0,0,0,0,0.68,1,1
scen_000060,alt_scen_000060_00025,alt_scen_000060_00081,30.0,0,0,0,0,0,0,2,0,0.62,1,0
scen_000060,alt_scen_000060_00025,alt_scen_000060_00029,34.15,1,0,0,1,1,0,0,0,0.41,1,1
scen_000060,alt_scen_000060_00025,alt_scen_000060_00082,60.0,0,0,0,0,0,0,2,0,0.24,1,0
scen_000060,alt_scen_000060_00025,alt_scen_000060_00031,70.0,1,0,0,0,0,0,0,0,0.17,1,1
scen_000060,alt_scen_000060_00025,alt_scen_000060_00032,80.0,1,0,0,1,1,0,0,0,0.51,1,1
scen_000060,alt_scen_000060_00080,alt_scen_000060_00027,10.0,0,0,0,0,0,0,2,0,0.85,1,0
scen_000060,alt_scen_000060_00080,alt_scen_000060_00028,30.0,0,0,0,0,0,0,2,0,0.47,1,0
scen_000060,alt_scen_000060_00080,alt_scen_000060_00030,30.0,0,0,0,0,1,0,2,0,0.41,1,0
scen_000060,alt_scen_000060_00080,alt_scen_000060_00081,30.0,1,0,0,1,1,0,0,0,0.24,1,1
scen_000060,alt_scen_000060_00080,alt_scen_000060_00029,34.15,0,0,0,0,0,0,2,0,0.1,1,0
scen_000060,alt_scen_000060_00080,alt_scen_000060_00082,60.0,1,0,0,1,1,0,0,0,0.64,1,1
scen_000060,alt_scen_000060_00080,alt_scen_000060_00031,70.0,0,0,0,0,1,0,2,0,0.18,1,0
scen_000060,alt_scen_000060_00080,alt_scen_000060_00032,80.0,0,0,0,0,0,0,2,0,0.62,1,0
scen_000060,alt_scen_000060_00080,alt_scen_000060_00033,80.0,0,0,0,0,1,0,2,0,0.13,1,0
scen_000060,alt_scen_000060_00027,alt_scen_000060_00028,20.0,1,0,0,1,1,0,0,0,0.81,1,1
scen_000060,alt_scen_000060_00027,alt_scen_000060_00030,20.0,1,0,0,0,0,0,0,0,0.38,1,1
scen_000060,alt_scen_000060_00027,alt_scen_000060_00081,20.0,0,0,0,0,0,0,2,0,0.4,1,0
scen_000060,alt_scen_000060_00027,alt_scen_000060_00029,24.15,1,0,0,1,1,0,0,0,0.28,1,1
scen_000060,alt_scen_000060_00027,alt_scen_000060_00082,50.0,0,0,0,0,0,0,2,0,0.11,1,0
scen_000060,alt_scen_000060_00027,alt_scen_000060_00031,60.0,1,0,0,0,0,0,0,0,0.62,1,1
scen_000060,alt_scen_000060_00027,alt_scen_000060_00032,70.0,1,0,0,1,1,0,0,0,0.52,1,1
scen_000060,alt_scen_000060_00027,alt_scen_000060_00033,70.0,1,0,0,0,0,0,0,0,0.53,1,1
scen_000060,alt_scen_000060_00027,alt_scen_000060_00034,100.0,1,0,0,0,0,0,0,0,0.23,1,1
scen_000060,alt_scen_000060_00028,alt_scen_000060_00030,0.0,1,0,0,0,0,0,0,0,0.66,1,1
scen_000060,alt_scen_000060_00028,alt_scen_000060_00081,0.0,0,0,0,0,0,0,2,0,0.55,1,0
scen_000060,alt_scen_000060_00028,alt_scen_000060_00029,4.15,1,0,0,1,1,0,0,0,0.29,1,1
scen_000060,alt_scen_000060_00028,alt_scen_000060_00082,30.0,0,0,0,0,0,0,2,0,0.6,1,0
scen_000060,alt_scen_000060_00028,alt_scen_000060_00031,40.0,1,0,0,0,0,0,0,0,0.66,1,1
scen_000060,alt_scen_000060_00028,alt_scen_000060_00032,50.0,1,0,0,1,1,0,0,0,0.34,1,1
scen_000060,alt_scen_000060_00028,alt_scen_000060_00033,50.0,1,0,0,0,0,0,0,0,0.21,1,1
scen_000060,alt_scen_000060_00028,alt_scen_000060_00034,80.0,1,0,0,0,0,0,0,0,0.33,1,1
scen_000060,alt_scen_000060_00028,alt_scen_000060_00035,120.0,1,0,0,1,1,0,0,0,0.31,1,1
scen_000060,alt_scen_000060_00030,alt_scen_000060_00081,0.0,0,0,0,0,1,0,2,0,0.49,1,0
scen_000060,alt_scen_000060_00030,alt_scen_000060_00029,4.15,1,0,0,0,0,0,0,0,0.86,1,1
scen_000060,alt_scen_000060_00030,alt_scen_000060_00082,30.0,0,0,0,0,1,0,2,0,0.44,1,0
scen_000060,alt_scen_000060_00030,alt_scen_000060_00031,40.0,1,0,0,1,1,0,0,0,0.33,1,1
scen_000060,alt_scen_000060_00030,alt_scen_000060_00032,50.0,1,0,0,0,0,0,0,0,0.61,1,1
scen_000060,alt_scen_000060_00030,alt_scen_000060_00033,50.0,1,0,0,1,1,0,0,0,0.48,1,1
scen_000060,alt_scen_000060_00030,alt_scen_000060_00034,80.0,1,0,0,1,1,0,0,0,0.46,1,1
scen_000060,alt_scen_000060_00030,alt_scen_000060_00035,120.0,1,0,0,0,0,0,0,0,0.2,1,1
scen_000060,alt_scen_000060_00030,alt_scen_000060_00036,140.0,1,0,0,1,1,0,0,0,0.43,1,1
scen_000060,alt_scen_000060_00081,alt_scen_000060_00029,4.15,0,0,0,0,0,0,2,0,0.45,1,0
scen_000060,alt_scen_000060_00081,alt_scen_000060_00082,30.0,1,0,0,1,1,0,0,0,0.74,1,1
scen_000060,alt_scen_000060_00081,alt_scen_000060_00031,40.0,0,0,0,0,1,0,2,0,0.78,1,0
scen_000060,alt_scen_000060_00081,alt_scen_000060_00032,50.0,0,0,0,0,0,0,2,0,0.74,1,0
scen_000060,alt_scen_000060_00081,alt_scen_000060_00033,50.0,0,0,0,0,1,0,2,0,0.52,1,0
scen_000060,alt_scen_000060_00081,alt_scen_000060_00034,80.0,0,0,0,0,1,0,2,0,0.23,1,0
scen_000060,alt_scen_000060_00081,alt_scen_000060_00035,120.0,0,0,0,0,0,0,2,0,0.58,1,0
scen_000060,alt_scen_000060_00081,alt_scen_000060_00036,140.0,0,0,0,0,1,0,2,0,0.66,1,0
scen_000060,alt_scen_000060_00081,alt_scen_000060_00037,150.0,0,0,0,0,1,0,2,0,0.46,1,0
scen_000060,alt_scen_000060_00029,alt_scen_000060_00082,25.85,0,0,0,0,0,0,2,0,0.49,1,0
scen_000060,alt_scen_000060_00029,alt_scen_000060_00031,35.85,1,0,0,0,0,0,0,0,0.72,1,1
scen_000060,alt_scen_000060_00029,alt_scen_000060_00032,45.85,1,0,0,1,1,0,0,0,0.75,1,1
scen_000060,alt_scen_000060_00029,alt_scen_000060_00033,45.85,1,0,0,0,0,0,0,0,0.31,1,1
scen_000060,alt_scen_000060_00029,alt_scen_000060_00034,75.85,1,0,0,0,0,0,0,0,0.23,1,1
scen_000060,alt_scen_000060_00029,alt_scen_000060_00035,115.85,1,0,0,1,1,0,0,0,0.69,1,1
scen_000060,alt_scen_000060_00029,alt_scen_000060_00036,135.85,1,0,0,0,0,0,0,0,0.61,1,1
scen_000060,alt_scen_000060_00029,alt_scen_000060_00037,145.85,1,0,0,0,0,0,0,0,0.86,1,1
scen_000060,alt_scen_000060_00029,alt_scen_000060_00038,175.85,1,0,0,0,0,0,0,0,0.57,1,1
scen_000060,alt_scen_000060_00082,alt_scen_000060_00031,10.0,0,0,0,0,1,0,2,0,0.58,1,0
scen_000060,alt_scen_000060_00082,alt_scen_000060_00032,20.0,0,0,0,0,0,0,2,0,0.55,1,0
scen_000060,alt_scen_000060_00082,alt_scen_000060_00033,20.0,0,0,0,0,1,0,2,0,0.16,1,0
scen_000060,alt_scen_000060_00082,alt_scen_000060_00034,50.0,0,0,0,0,1,0,2,0,0.76,1,0
scen_000060,alt_scen_000060_00082,alt_scen_000060_00035,90.0,0,0,0,0,0,0,2,0,0.34,1,0
scen_000060,alt_scen_000060_00082,alt_scen_000060_00036,110.0,0,0,0,0,1,0,2,0,0.75,1,0
scen_000060,alt_scen_000060_00082,alt_scen_000060_00037,120.0,0,0,0,0,1,0,2,0,0.54,1,0
scen_000060,alt_scen_000060_00082,alt_scen_000060_00038,150.0,0,0,0,0,1,0,2,0,0.15,1,0
scen_000060,alt_scen_000060_00082,alt_scen_000060_00039,180.0,0,0,0,0,1,0,2,0,0.47,1,0
scen_000060,alt_scen_000060_00031,alt_scen_000060_00032,10.0,1,0,0,0,0,0,0,0,0.18,1,1
scen_000060,alt_scen_000060_00031,alt_scen_000060_00033,10.0,1,0,0,1,1,0,0,0,0.72,1,1
scen_000060,alt_scen_000060_00031,alt_scen_000060_00034,40.0,1,0,0,1,1,0,0,0,0.45,1,1
scen_000060,alt_scen_000060_00031,alt_scen_000060_00035,80.0,1,0,0,0,0,0,0,0,0.26,1,1
scen_000060,alt_scen_000060_00031,alt_scen_000060_00036,100.0,1,0,0,1,1,0,0,0,0.38,1,1
scen_000060,alt_scen_000060_00031,alt_scen_000060_00037,110.0,1,0,0,1,1,0,0,0,0.18,1,1
scen_000060,alt_scen_000060_00031,alt_scen_000060_00038,140.0,1,0,0,1,1,0,0,0,0.71,1,1
scen_000060,alt_scen_000060_00031,alt_scen_000060_00039,170.0,1,0,0,1,1,0,0,0,0.56,1,1
scen_000060,alt_scen_000060_00031,alt_scen_000060_00040,180.0,1,0,0,0,0,0,0,0,0.44,1,1
scen_000060,alt_scen_000060_00032,alt_scen_000060_00033,0.0,1,0,0,0,0,0,0,0,0.85,1,1
scen_000060,alt_scen_000060_00032,alt_scen_000060_00034,30.0,1,0,0,0,0,0,0,0,0.67,1,1
scen_000060,alt_scen_000060_00032,alt_scen_000060_00035,70.0,1,0,0,1,1,0,0,0,0.9,1,1
scen_000060,alt_scen_000060_00032,alt_scen_000060_00036,90.0,1,0,0,0,0,0,0,0,0.17,1,1
scen_000060,alt_scen_000060_00032,alt_scen_000060_00037,100.0,1,0,0,0,0,0,0,0,0.73,1,1
scen_000060,alt_scen_000060_00032,alt_scen_000060_00038,130.0,1,0,0,0,0,0,0,0,0.83,1,1
scen_000060,alt_scen_000060_00032,alt_scen_000060_00039,160.0,1,0,0,0,0,0,0,0,0.83,1,1
scen_000060,alt_scen_000060_00032,alt_scen_000060_00040,170.0,1,0,0,1,1,0,0,0,0.62,1,1
scen_000060,alt_scen_000060_00032,alt_scen_000060_00042,175.58,1,0,0,0,0,0,0,0,0.21,1,1
scen_000060,alt_scen_000060_00033,alt_scen_000060_00034,30.0,1,0,0,1,1,0,0,0,0.43,1,1
scen_000060,alt_scen_000060_00033,alt_scen_000060_00035,70.0,1,0,0,0,0,0,0,0,0.22,1,1
scen_000060,alt_scen_000060_00033,alt_scen_000060_00036,90.0,1,0,0,1,1,0,0,0,0.71,1,1
scen_000060,alt_scen_000060_00033,alt_scen_000060_00037,100.0,1,0,0,1,1,0,0,0,0.87,1,1
scen_000060,alt_scen_000060_00033,alt_scen_000060_00038,130.0,1,0,0,1,1,0,0,0,0.75,1,1
scen_000060,alt_scen_000060_00033,alt_scen_000060_00039,160.0,1,0,0,1,1,0,0,0,0.6,1,1
scen_000060,alt_scen_000060_00033,alt_scen_000060_00040,170.0,1,0,0,0,0,0,0,0,0.81,1,1
scen_000060,alt_scen_000060_00033,alt_scen_000060_00042,175.58,1,0,0,1,1,0,0,0,0.33,1,1
scen_000060,alt_scen_000060_00033,alt_scen_000060_00041,180.0,1,0,0,1,1,0,0,0,0.23,1,1
scen_000060,alt_scen_000060_00034,alt_scen_000060_00035,40.0,1,0,0,0,0,0,0,0,0.46,1,1
scen_000060,alt_scen_000060_00034,alt_scen_000060_00036,60.0,1,0,0,1,1,0,0,0,0.88,1,1
scen_000060,alt_scen_000060_00034,alt_scen_000060_00037,70.0,1,0,0,1,1,0,0,0,0.36,1,1
scen_000060,alt_scen_000060_00034,alt_scen_000060_00038,100.0,1,0,0,1,1,0,0,0,0.78,1,1
scen_000060,alt_scen_000060_00034,alt_scen_000060_00039,130.0,1,0,0,1,1,0,0,0,0.54,1,1
scen_000060,alt_scen_000060_00034,alt_scen_000060_00040,140.0,1,0,0,0,0,0,0,0,0.36,1,1
scen_000060,alt_scen_000060_00034,alt_scen_000060_00042,145.58,1,0,0,1,1,0,0,0,0.23,1,1
scen_000060,alt_scen_000060_00034,alt_scen_000060_00041,150.0,1,0,0,1,1,0,0,0,0.34,1,1
scen_000060,alt_scen_000060_00034,alt_scen_000060_00043,160.0,1,0,0,1,1,0,0,0,0.16,1,1
scen_000060,alt_scen_000060_00035,alt_scen_000060_00036,20.0,1,0,0,0,0,0,0,0,0.34,1,1
scen_000060,alt_scen_000060_00035,alt_scen_000060_00037,30.0,1,0,0,0,0,0,0,0,0.56,1,1
scen_000060,alt_scen_000060_00035,alt_scen_000060_00038,60.0,1,0,0,0,0,0,0,0,0.79,1,1
scen_000060,alt_scen_000060_00035,alt_scen_000060_00039,90.0,1,0,0,0,0,0,0,0,0.87,1,1
scen_000060,alt_scen_000060_00035,alt_scen_000060_00040,100.0,1,0,0,1,1,0,0,0,0.61,1,1
scen_000060,alt_scen_000060_00035,alt_scen_000060_00042,105.58,1,0,0,0,0,0,0,0,0.2,1,1
scen_000060,alt_scen_000060_00035,alt_scen_000060_00041,110.0,1,0,0,0,0,0,0,0,0.57,1,1
scen_000060,alt_scen_000060_00035,alt_scen_000060_00043,120.0,1,0,0,0,0,0,0,0,0.2,1,1
scen_000060,alt_scen_000060_00035,alt_scen_000060_00044,140.0,1,0,0,0,0,0,0,0,0.68,1,1
scen_000060,alt_scen_000060_00036,alt_scen_000060_00037,10.0,1,0,0,1,1,0,0,0,0.71,1,1
scen_000060,alt_scen_000060_00036,alt_scen_000060_00038,40.0,1,0,0,1,1,0,0,0,0.32,1,1
scen_000060,alt_scen_000060_00036,alt_scen_000060_00039,70.0,1,0,0,1,1,0,0,0,0.46,1,1
scen_000060,alt_scen_000060_00036,alt_scen_000060_00040,80.0,1,0,0,0,0,0,0,0,0.23,1,1
scen_000060,alt_scen_000060_00036,alt_scen_000060_00042,85.58,1,0,0,1,1,0,0,0,0.41,1,1
scen_000060,alt_scen_000060_00036,alt_scen_000060_00041,90.0,1,0,0,1,1,0,0,0,0.76,1,1
scen_000060,alt_scen_000060_00036,alt_scen_000060_00043,100.0,1,0,0,1,1,0,0,0,0.29,1,1
scen_000060,alt_scen_000060_00036,alt_scen_000060_00044,120.0,1,0,0,1,1,0,0,0,0.25,1,1
scen_000060,alt_scen_000060_00036,alt_scen_000060_00046,139.62,1,0,0,0,0,0,0,0,0.26,1,1
scen_000060,alt_scen_000060_00037,alt_scen_000060_00038,30.0,1,0,0,1,1,0,0,0,0.5,1,1
scen_000060,alt_scen_000060_00037,alt_scen_000060_00039,60.0,1,0,0,1,1,0,0,0,0.8,1,1
scen_000060,alt_scen_000060_00037,alt_scen_000060_00040,70.0,1,0,0,0,0,0,0,0,0.22,1,1
scen_000060,alt_scen_000060_00037,alt_scen_000060_00042,75.58,1,0,0,1,1,0,0,0,0.88,1,1
scen_000060,alt_scen_000060_00037,alt_scen_000060_00041,80.0,1,0,0,1,1,0,0,0,0.57,1,1
scen_000060,alt_scen_000060_00037,alt_scen_000060_00043,90.0,1,0,0,1,1,0,0,0,0.3,1,1
scen_000060,alt_scen_000060_00037,alt_scen_000060_00044,110.0,1,0,0,1,1,0,0,0,0.45,1,1
scen_000060,alt_scen_000060_00037,alt_scen_000060_00046,129.62,1,0,0,0,0,0,0,0,0.21,1,1
scen_000060,alt_scen_000060_00037,alt_scen_000060_00045,130.0,1,0,0,0,0,0,0,0,0.43,1,1
scen_000060,alt_scen_000060_00038,alt_scen_000060_00039,30.0,1,0,0,1,1,0,0,0,0.12,1,1
scen_000060,alt_scen_000060_00038,alt_scen_000060_00040,40.0,1,0,0,0,0,0,0,0,0.39,1,1
scen_000060,alt_scen_000060_00038,alt_scen_000060_00042,45.58,1,0,0,1,1,0,0,0,0.25,1,1
scen_000060,alt_scen_000060_00038,alt_scen_000060_00041,50.0,1,0,0,1,1,0,0,0,0.63,1,1
scen_000060,alt_scen_000060_00038,alt_scen_000060_00043,60.0,1,0,0,1,1,0,0,0,0.45,1,1
scen_000060,alt_scen_000060_00038,alt_scen_000060_00044,80.0,1,0,0,1,1,0,0,0,0.87,1,1
scen_000060,alt_scen_000060_00038,alt_scen_000060_00046,99.62,1,0,0,0,0,0,0,0,0.6,1,1
scen_000060,alt_scen_000060_00038,alt_scen_000060_00045,100.0,1,0,0,0,0,0,0,0,0.27,1,1
scen_000060,alt_scen_000060_00038,alt_scen_000060_00048,107.15,1,0,0,0,0,0,0,0,0.59,1,1
scen_000060,alt_scen_000060_00039,alt_scen_000060_00040,10.0,1,0,0,0,0,0,0,0,0.47,1,1
scen_000060,alt_scen_000060_00039,alt_scen_000060_00042,15.58,1,0,0,1,1,0,0,0,0.12,1,1
scen_000060,alt_scen_000060_00039,alt_scen_000060_00041,20.0,1,0,0,1,1,0,0,0,0.77,1,1
scen_000060,alt_scen_000060_00039,alt_scen_000060_00043,30.0,1,0,0,1,1,0,0,0,0.25,1,1
scen_000060,alt_scen_000060_00039,alt_scen_000060_00044,50.0,1,0,0,1,1,0,0,0,0.59,1,1
scen_000060,alt_scen_000060_00039,alt_scen_000060_00046,69.62,1,0,0,0,0,0,0,0,0.74,1,1
scen_000060,alt_scen_000060_00039,alt_scen_000060_00045,70.0,1,0,0,0,0,0,0,0,0.89,1,1
scen_000060,alt_scen_000060_00039,alt_scen_000060_00048,77.15,1,0,0,0,0,0,0,0,0.8,1,1
scen_000060,alt_scen_000060_00039,alt_scen_000060_00047,80.0,1,0,0,0,0,0,0,0,0.59,1,1
scen_000060,alt_scen_000060_00040,alt_scen_000060_00042,5.58,1,0,0,0,0,0,0,0,0.89,1,1
scen_000060,alt_scen_000060_00040,alt_scen_000060_00041,10.0,1,0,0,0,0,0,0,0,0.48,1,1
scen_000060,alt_scen_000060_00040,alt_scen_000060_00043,20.0,1,0,0,0,0,0,0,0,0.13,1,1
scen_000060,alt_scen_000060_00040,alt_scen_000060_00044,40.0,1,0,0,0,0,0,0,0,0.42,1,1
scen_000060,alt_scen_000060_00040,alt_scen_000060_00046,59.62,1,0,0,1,1,0,0,0,0.26,1,1
scen_000060,alt_scen_000060_00040,alt_scen_000060_00045,60.0,1,0,0,1,1,0,0,0,0.79,1,1
scen_000060,alt_scen_000060_00040,alt_scen_000060_00048,67.15,1,0,0,1,1,0,0,0,0.3,1,1
scen_000060,alt_scen_000060_00040,alt_scen_000060_00047,70.0,1,0,0,1,1,0,0,0,0.7,1,1
scen_000060,alt_scen_000060_00040,alt_scen_000060_00049,80.0,1,0,0,0,0,0,0,0,0.32,1,1
scen_000060,alt_scen_000060_00042,alt_scen_000060_00041,4.42,1,0,0,1,1,0,0,0,0.1,1,1
scen_000060,alt_scen_000060_00042,alt_scen_000060_00043,14.42,1,0,0,1,1,0,0,0,0.28,1,1
scen_000060,alt_scen_000060_00042,alt_scen_000060_00044,34.42,1,0,0,1,1,0,0,0,0.27,1,1
scen_000060,alt_scen_000060_00042,alt_scen_000060_00046,54.05,1,0,0,0,0,0,0,0,0.65,1,1
scen_000060,alt_scen_000060_00042,alt_scen_000060_00045,54.42,1,0,0,0,0,0,0,0,0.49,1,1
scen_000060,alt_scen_000060_00042,alt_scen_000060_00048,61.57,1,0,0,0,0,0,0,0,0.12,1,1
scen_000060,alt_scen_000060_00042,alt_scen_000060_00047,64.42,1,0,0,0,0,0,0,0,0.15,1,1
scen_000060,alt_scen_000060_00042,alt_scen_000060_00049,74.42,1,0,0,1,1,0,0,0,0.22,1,1
scen_000060,alt_scen_000060_00042,alt_scen_000060_00050,84.42,1,0,0,0,0,0,0,0,0.77,1,1
scen_000060,alt_scen_000060_00041,alt_scen_000060_00043,10.0,1,0,0,1,1,0,0,0,0.8,1,1
scen_000060,alt_scen_000060_00041,alt_scen_000060_00044,30.0,1,0,0,1,1,0,0,0,0.15,1,1
scen_000060,alt_scen_000060_00041,alt_scen_000060_00046,49.62,1,0,0,0,0,0,0,0,0.3,1,1
scen_000060,alt_scen_000060_00041,alt_scen_000060_00045,50.0,1,0,0,0,0,0,0,0,0.83,1,1
scen_000060,alt_scen_000060_00041,alt_scen_000060_00048,57.15,1,0,0,0,0,0,0,0,0.27,1,1
scen_000060,alt_scen_000060_00041,alt_scen_000060_00047,60.0,1,0,0,0,0,0,0,0,0.43,1,1
scen_000060,alt_scen_000060_00041,alt_scen_000060_00049,70.0,1,0,0,1,1,0,0,0,0.18,1,1
scen_000060,alt_scen_000060_00041,alt_scen_000060_00050,80.0,1,0,0,0,0,0,0,0,0.54,1,1
scen_000060,alt_scen_000060_00041,alt_scen_000060_00051,90.0,1,0,0,0,0,0,0,0,0.62,1,1
scen_000060,alt_scen_000060_00043,alt_scen_000060_00044,20.0,1,0,0,1,1,0,0,0,0.86,1,1
scen_000060,alt_scen_000060_00043,alt_scen_000060_00046,39.62,1,0,0,0,0,0,0,0,0.85,1,1
scen_000060,alt_scen_000060_00043,alt_scen_000060_00045,40.0,1,0,0,0,0,0,0,0,0.39,1,1
scen_000060,alt_scen_000060_00043,alt_scen_000060_00048,47.15,1,0,0,0,0,0,0,0,0.32,1,1
scen_000060,alt_scen_000060_00043,alt_scen_000060_00047,50.0,1,0,0,0,0,0,0,0,0.26,1,1
scen_000060,alt_scen_000060_00043,alt_scen_000060_00049,60.0,1,0,0,1,1,0,0,0,0.62,1,1
scen_000060,alt_scen_000060_00043,alt_scen_000060_00050,70.0,1,0,0,0,0,0,0,0,0.43,1,1
scen_000060,alt_scen_000060_00043,alt_scen_000060_00051,80.0,1,0,0,0,0,0,0,0,0.61,1,1
scen_000060,alt_scen_000060_00043,alt_scen_000060_00052,81.89,1,0,0,0,0,0,0,0,0.55,1,1
scen_000060,alt_scen_000060_00044,alt_scen_000060_00046,19.62,1,0,0,0,0,0,0,0,0.54,1,1
scen_000060,alt_scen_000060_00044,alt_scen_000060_00045,20.0,1,0,0,0,0,0,0,0,0.75,1,1
scen_000060,alt_scen_000060_00044,alt_scen_000060_00048,27.15,1,0,0,0,0,0,0,0,0.29,1,1
scen_000060,alt_scen_000060_00044,alt_scen_000060_00047,30.0,1,0,0,0,0,0,0,0,0.82,1,1
scen_000060,alt_scen_000060_00044,alt_scen_000060_00049,40.0,1,0,0,1,1,0,0,0,0.85,1,1
scen_000060,alt_scen_000060_00044,alt_scen_000060_00050,50.0,1,0,0,0,0,0,0,0,0.47,1,1
scen_000060,alt_scen_000060_00044,alt_scen_000060_00051,60.0,1,0,0,0,0,0,0,0,0.48,1,1
scen_000060,alt_scen_000060_00044,alt_scen_000060_00052,61.89,1,0,0,0,0,0,0,0,0.82,1,1
scen_000060,alt_scen_000060_00044,alt_scen_000060_00053,150.0,1,0,0,1,1,0,0,0,0.16,1,1
scen_000060,alt_scen_000060_00046,alt_scen_000060_00045,0.38,1,0,0,1,1,0,0,0,0.48,1,1
scen_000060,alt_scen_000060_00046,alt_scen_000060_00048,7.52,1,0,0,1,1,0,0,0,0.43,1,1
scen_000060,alt_scen_000060_00046,alt_scen_000060_00047,10.38,1,0,0,1,1,0,0,0,0.83,1,1
scen_000060,alt_scen_000060_00046,alt_scen_000060_00049,20.38,1,0,0,0,0,0,0,0,0.29,1,1
scen_000060,alt_scen_000060_00046,alt_scen_000060_00050,30.38,1,0,0,1,1,0,0,0,0.16,1,1
scen_000060,alt_scen_000060_00046,alt_scen_000060_00051,40.38,1,0,0,1,1,0,0,0,0.81,1,1
scen_000060,alt_scen_000060_00046,alt_scen_000060_00052,42.27,1,0,0,1,1,0,0,0,0.6,1,1
scen_000060,alt_scen_000060_00046,alt_scen_000060_00053,130.38,1,0,0,0,0,0,0,0,0.87,1,1
scen_000060,alt_scen_000060_00046,alt_scen_000060_00054,200.38,1,0,0,1,1,0,0,0,0.2,1,1
scen_000060,alt_scen_000060_00045,alt_scen_000060_00048,7.15,1,0,0,1,1,0,0,0,0.65,1,1
scen_000060,alt_scen_000060_00045,alt_scen_000060_00047,10.0,1,0,0,1,1,0,0,0,0.21,1,1
scen_000060,alt_scen_000060_00045,alt_scen_000060_00049,20.0,1,0,0,0,0,0,0,0,0.24,1,1
scen_000060,alt_scen_000060_00045,alt_scen_000060_00050,30.0,1,0,0,1,1,0,0,0,0.86,1,1
scen_000060,alt_scen_000060_00045,alt_scen_000060_00051,40.0,1,0,0,1,1,0,0,0,0.86,1,1
scen_000060,alt_scen_000060_00045,alt_scen_000060_00052,41.89,1,0,0,1,1,0,0,0,0.11,1,1
scen_000060,alt_scen_000060_00045,alt_scen_000060_00053,130.0,1,0,0,0,0,0,0,0,0.59,1,1
scen_000060,alt_scen_000060_00045,alt_scen_000060_00054,200.0,1,0,0,1,1,0,0,0,0.49,1,1
scen_000060,alt_scen_000060_00045,alt_scen_000060_00055,270.0,1,0,0,0,0,0,0,0,0.28,1,1
scen_000060,alt_scen_000060_00048,alt_scen_000060_00047,2.85,1,0,0,1,1,0,0,0,0.76,1,1
scen_000060,alt_scen_000060_00048,alt_scen_000060_00049,12.85,1,0,0,0,0,0,0,0,0.83,1,1
scen_000060,alt_scen_000060_00048,alt_scen_000060_00050,22.85,1,0,0,1,1,0,0,0,0.74,1,1
scen_000060,alt_scen_000060_00048,alt_scen_000060_00051,32.85,1,0,0,1,1,0,0,0,0.25,1,1
scen_000060,alt_scen_000060_00048,alt_scen_000060_00052,34.75,1,0,0,1,1,0,0,0,0.38,1,1
scen_000060,alt_scen_000060_00048,alt_scen_000060_00053,122.85,1,0,0,0,0,0,0,0,0.12,1,1
scen_000060,alt_scen_000060_00048,alt_scen_000060_00054,192.85,1,0,0,1,1,0,0,0,0.84,1,1
scen_000060,alt_scen_000060_00048,alt_scen_000060_00055,262.85,1,0,0,0,0,0,0,0,0.69,1,1
scen_000060,alt_scen_000060_00048,alt_scen_000060_00056,272.85,1,0,0,0,0,0,0,0,0.13,1,1
scen_000060,alt_scen_000060_00047,alt_scen_000060_00049,10.0,1,0,0,0,0,0,0,0,0.5,1,1
scen_000060,alt_scen_000060_00047,alt_scen_000060_00050,20.0,1,0,0,1,1,0,0,0,0.46,1,1
scen_000060,alt_scen_000060_00047,alt_scen_000060_00051,30.0,1,0,0,1,1,0,0,0,0.38,1,1
scen_000060,alt_scen_000060_00047,alt_scen_000060_00052,31.89,1,0,0,1,1,0,0,0,0.89,1,1
scen_000060,alt_scen_000060_00047,alt_scen_000060_00053,120.0,1,0,0,0,0,0,0,0,0.16,1,1
scen_000060,alt_scen_000060_00047,alt_scen_000060_00054,190.0,1,0,0,1,1,0,0,0,0.6,1,1
scen_000060,alt_scen_000060_00047,alt_scen_000060_00055,260.0,1,0,0,0,0,0,0,0,0.71,1,1
scen_000060,alt_scen_000060_00047,alt_scen_000060_00056,270.0,1,0,0,0,0,0,0,0,0.5,1,1
scen_000060,alt_scen_000060_00047,alt_scen_000060_00057,271.73,1,0,0,0,0,0,0,0,0.87,1,1
scen_000060,alt_scen_000060_00049,alt_scen_000060_00050,10.0,1,0,0,0,0,0,0,0,0.49,1,1
scen_000060,alt_scen_000060_00049,alt_scen_000060_00051,20.0,1,0,0,0,0,0,0,0,0.51,1,1
scen_000060,alt_scen_000060_00049,alt_scen_000060_00052,21.89,1,0,0,0,0,0,0,0,0.64,1,1
scen_000060,alt_scen_000060_00049,alt_scen_000060_00053,110.0,1,0,0,1,1,0,0,0,0.61,1,1
scen_000060,alt_scen_000060_00049,alt_scen_000060_00054,180.0,1,0,0,0,0,0,0,0,0.2,1,1
scen_000060,alt_scen_000060_00049,alt_scen_000060_00055,250.0,1,0,0,1,1,0,0,0,0.18,1,1
scen_000060,alt_scen_000060_00049,alt_scen_000060_00056,260.0,1,0,0,1,1,0,0,0,0.15,1,1
scen_000060,alt_scen_000060_00049,alt_scen_000060_00057,261.73,1,0,0,1,1,0,0,0,0.58,1,1
scen_000060,alt_scen_000060_00050,alt_scen_000060_00051,10.0,1,0,0,1,1,0,0,0,0.51,1,1
scen_000060,alt_scen_000060_00050,alt_scen_000060_00052,11.89,1,0,0,1,1,0,0,0,0.89,1,1
scen_000060,alt_scen_000060_00050,alt_scen_000060_00053,100.0,1,0,0,0,0,0,0,0,0.24,1,1
scen_000060,alt_scen_000060_00050,alt_scen_000060_00054,170.0,1,0,0,1,1,0,0,0,0.57,1,1
scen_000060,alt_scen_000060_00050,alt_scen_000060_00055,240.0,1,0,0,0,0,0,0,0,0.76,1,1
scen_000060,alt_scen_000060_00050,alt_scen_000060_00056,250.0,1,0,0,0,0,0,0,0,0.51,1,1
scen_000060,alt_scen_000060_00050,alt_scen_000060_00057,251.73,1,0,0,0,0,0,0,0,0.39,1,1
scen_000060,alt_scen_000060_00051,alt_scen_000060_00052,1.89,1,0,0,1,1,0,0,0,0.32,1,1
scen_000060,alt_scen_000060_00051,alt_scen_000060_00053,90.0,1,0,0,0,0,0,0,0,0.41,1,1
scen_000060,alt_scen_000060_00051,alt_scen_000060_00054,160.0,1,0,0,1,1,0,0,0,0.46,1,1
scen_000060,alt_scen_000060_00051,alt_scen_000060_00055,230.0,1,0,0,0,0,0,0,0,0.2,1,1
scen_000060,alt_scen_000060_00051,alt_scen_000060_00056,240.0,1,0,0,0,0,0,0,0,0.74,1,1
scen_000060,alt_scen_000060_00051,alt_scen_000060_00057,241.73,1,0,0,0,0,0,0,0,0.29,1,1
scen_000060,alt_scen_000060_00052,alt_scen_000060_00053,88.11,1,0,0,0,0,0,0,0,0.14,1,1
scen_000060,alt_scen_000060_00052,alt_scen_000060_00054,158.11,1,0,0,1,1,0,0,0,0.19,1,1
scen_000060,alt_scen_000060_00052,alt_scen_000060_00055,228.11,1,0,0,0,0,0,0,0,0.47,1,1
scen_000060,alt_scen_000060_00052,alt_scen_000060_00056,238.11,1,0,0,0,0,0,0,0,0.48,1,1
scen_000060,alt_scen_000060_00052,alt_scen_000060_00057,239.84,1,0,0,0,0,0,0,0,0.79,1,1
scen_000060,alt_scen_000060_00053,alt_scen_000060_00054,70.0,1,0,0,0,0,0,0,0,0.23,1,1
scen_000060,alt_scen_000060_00053,alt_scen_000060_00055,140.0,1,0,0,1,1,0,0,0,0.45,1,1
scen_000060,alt_scen_000060_00053,alt_scen_000060_00056,150.0,1,0,0,1,1,0,0,0,0.74,1,1
scen_000060,alt_scen_000060_00053,alt_scen_000060_00057,151.73,1,0,0,1,1,0,0,0,0.2,1,1
scen_000060,alt_scen_000060_00054,alt_scen_000060_00055,70.0,1,0,0,0,0,0,0,0,0.72,1,1
scen_000060,alt_scen_000060_00054,alt_scen_000060_00056,80.0,1,0,0,0,0,0,0,0,0.58,1,1
scen_000060,alt_scen_000060_00054,alt_scen_000060_00057,81.73,1,0,0,0,0,0,0,0,0.33,1,1
scen_000060,alt_scen_000060_00055,alt_scen_000060_00056,10.0,1,0,0,1,1,0,0,0,0.34,1,1
scen_000060,alt_scen_000060_00055,alt_scen_000060_00057,11.73,1,0,0,1,1,0,0,0,0.31,1,1
scen_000060,alt_scen_000060_00056,alt_scen_000060_00057,1.73,1,0,0,1,1,0,0,0,0.27,1,1
scen_000061,alt_scen_000061_00020,alt_scen_000061_00001,14.0,0,0,0,1,1,0,2,0,0.63,1,0
scen_000061,alt_scen_000061_00020,alt_scen_000061_00003,99.37,0,0,0,1,1,0,2,0,0.45,1,0
scen_000061,alt_scen_000061_00020,alt_scen_000061_00002,104.0,0,0,0,1,1,0,2,0,0.37,1,0
scen_000061,alt_scen_000061_00020,alt_scen_000061_00017,187.0,0,0,0,1,1,0,2,0,0.48,1,0
scen_000061,alt_scen_000061_00020,alt_scen_000061_00004,304.0,0,0,0,1,1,0,2,0,0.88,0,0
scen_000061,alt_scen_000061_00020,alt_scen_000061_00005,324.0,0,0,0,1,1,0,2,0,0.8,0,0
scen_000061,alt_scen_000061_00020,alt_scen_000061_00007,342.17,0,0,0,1,1,0,2,0,0.27,0,0
scen_000061,alt_scen_000061_00020,alt_scen_000061_00006,344.0,0,0,0,1,1,0,2,0,0.47,0,0
scen_000061,alt_scen_000061_00020,alt_scen_000061_00008,354.0,0,0,0,1,1,0,2,0,0.36,0,0
scen_000061,alt_scen_000061_00001,alt_scen_000061_00003,85.37,1,0,0,1,1,0,0,0,0.79,1,1
scen_000061,alt_scen_000061_00001,alt_scen_000061_00002,90.0,1,0,0,1,1,0,0,0,0.23,1,1
scen_000061,alt_scen_000061_00001,alt_scen_000061_00017,173.0,0,0,0,1,1,0,2,0,0.77,1,0
scen_000061,alt_scen_000061_00001,alt_scen_000061_00004,290.0,1,0,0,1,1,0,0,0,0.17,1,1
scen_000061,alt_scen_000061_00001,alt_scen_000061_00005,310.0,1,0,0,1,1,0,0,0,0.73,0,1
scen_000061,alt_scen_000061_00001,alt_scen_000061_00007,328.17,1,0,0,1,1,0,0,0,0.87,0,1
scen_000061,alt_scen_000061_00001,alt_scen_000061_00006,330.0,1,0,0,1,1,0,0,0,0.1,0,1
scen_000061,alt_scen_000061_00001,alt_scen_000061_00008,340.0,1,0,0,1,1,0,0,0,0.3,0,1
scen_000061,alt_scen_000061_00001,alt_scen_000061_00018,421.0,0,0,0,1,1,0,2,0,0.47,0,0
scen_000061,alt_scen_000061_00003,alt_scen_000061_00002,4.63,1,0,0,1,1,0,0,0,0.67,1,1
scen_000061,alt_scen_000061_00003,alt_scen_000061_00017,87.63,0,0,0,1,1,0,2,0,0.6,1,0
scen_000061,alt_scen_000061_00003,alt_scen_000061_00004,204.63,1,0,0,1,1,0,0,0,0.62,1,1
scen_000061,alt_scen_000061_00003,alt_scen_000061_00005,224.63,1,0,0,1,1,0,0,0,0.48,1,1
scen_000061,alt_scen_000061_00003,alt_scen_000061_00007,242.8,1,0,0,1,1,0,0,0,0.84,1,1
scen_000061,alt_scen_000061_00003,alt_scen_000061_00006,244.63,1,0,0,1,1,0,0,0,0.46,1,1
scen_000061,alt_scen_000061_00003,alt_scen_000061_00008,254.63,1,0,0,1,1,0,0,0,0.34,1,1
scen_000061,alt_scen_000061_00003,alt_scen_000061_00018,335.63,0,0,0,1,1,0,2,0,0.83,0,0
scen_000061,alt_scen_000061_00003,alt_scen_000061_00010,343.96,1,0,0,1,1,0,0,0,0.59,0,1
scen_000061,alt_scen_000061_00002,alt_scen_000061_00017,83.0,0,0,0,1,1,0,2,0,0.34,1,0
scen_000061,alt_scen_000061_00002,alt_scen_000061_00004,200.0,1,0,0,1,1,0,0,0,0.53,1,1
scen_000061,alt_scen_000061_00002,alt_scen_000061_00005,220.0,1,0,0,1,1,0,0,0,0.65,1,1
scen_000061,alt_scen_000061_00002,alt_scen_000061_00007,238.17,1,0,0,1,1,0,0,0,0.8,1,1
scen_000061,alt_scen_000061_00002,alt_scen_000061_00006,240.0,1,0,0,1,1,0,0,0,0.1,1,1
scen_000061,alt_scen_000061_00002,alt_scen_000061_00008,250.0,1,0,0,1,1,0,0,0,0.34,1,1
scen_000061,alt_scen_000061_00002,alt_scen_000061_00018,331.0,0,0,0,1,1,0,2,0,0.76,0,0
scen_000061,alt_scen_000061_00002,alt_scen_000061_00010,339.33,1,0,0,1,1,0,0,0,0.46,0,1
scen_000061,alt_scen_000061_00002,alt_scen_000061_00009,340.0,1,0,0,1,1,0,0,0,0.81,0,1
scen_000061,alt_scen_000061_00017,alt_scen_000061_00004,117.0,0,0,0,1,1,0,2,0,0.27,1,0
scen_000061,alt_scen_000061_00017,alt_scen_000061_00005,137.0,0,0,0,1,1,0,2,0,0.32,1,0
scen_000061,alt_scen_000061_00017,alt_scen_000061_00007,155.17,0,0,0,1,1,0,2,0,0.75,1,0
scen_000061,alt_scen_000061_00017,alt_scen_000061_00006,157.0,0,0,0,1,1,0,2,0,0.77,1,0
scen_000061,alt_scen_000061_00017,alt_scen_000061_00008,167.0,0,0,0,1,1,0,2,0,0.23,1,0
scen_000061,alt_scen_000061_00017,alt_scen_000061_00018,248.0,0,0,0,1,1,0,2,0,0.34,1,0
scen_000061,alt_scen_000061_00017,alt_scen_000061_00010,256.33,0,0,0,1,1,0,2,0,0.68,1,0
scen_000061,alt_scen_000061_00017,alt_scen_000061_00009,257.0,0,0,0,1,1,0,2,0,0.49,1,0
scen_000061,alt_scen_000061_00017,alt_scen_000061_00011,287.0,0,0,0,1,1,0,2,0,0.11,1,0
scen_000061,alt_scen_000061_00004,alt_scen_000061_00005,20.0,1,0,0,1,1,0,0,0,0.67,1,1
scen_000061,alt_scen_000061_00004,alt_scen_000061_00007,38.17,1,0,0,1,1,0,0,0,0.46,1,1
scen_000061,alt_scen_000061_00004,alt_scen_000061_00006,40.0,1,0,0,1,1,0,0,0,0.79,1,1
scen_000061,alt_scen_000061_00004,alt_scen_000061_00008,50.0,1,0,0,1,1,0,0,0,0.2,1,1
scen_000061,alt_scen_000061_00004,alt_scen_000061_00018,131.0,0,0,0,1,1,0,2,0,0.16,1,0
scen_000061,alt_scen_000061_00004,alt_scen_000061_00010,139.33,1,0,0,1,1,0,0,0,0.82,1,1
scen_000061,alt_scen_000061_00004,alt_scen_000061_00009,140.0,1,0,0,1,1,0,0,0,0.6,1,1
scen_000061,alt_scen_000061_00004,alt_scen_000061_00011,170.0,1,0,0,1,1,0,0,0,0.7,1,1
scen_000061,alt_scen_000061_00004,alt_scen_000061_00012,190.0,1,0,0,1,1,0,0,0,0.47,1,1
scen_000061,alt_scen_000061_00005,alt_scen_000061_00007,18.17,1,0,0,1,1,0,0,0,0.5,1,1
scen_000061,alt_scen_000061_00005,alt_scen_000061_00006,20.0,1,0,0,1,1,0,0,0,0.23,1,1
scen_000061,alt_scen_000061_00005,alt_scen_000061_00008,30.0,1,0,0,1,1,0,0,0,0.81,1,1
scen_000061,alt_scen_000061_00005,alt_scen_000061_00018,111.0,0,0,0,1,1,0,2,0,0.32,1,0
scen_000061,alt_scen_000061_00005,alt_scen_000061_00010,119.33,1,0,0,1,1,0,0,0,0.89,1,1
scen_000061,alt_scen_000061_00005,alt_scen_000061_00009,120.0,1,0,0,1,1,0,0,0,0.81,1,1
scen_000061,alt_scen_000061_00005,alt_scen_000061_00011,150.0,1,0,0,1,1,0,0,0,0.44,1,1
scen_000061,alt_scen_000061_00005,alt_scen_000061_00012,170.0,1,0,0,1,1,0,0,0,0.61,1,1
scen_000061,alt_scen_000061_00005,alt_scen_000061_00013,180.0,1,0,0,1,1,0,0,0,0.78,1,1
scen_000061,alt_scen_000061_00007,alt_scen_000061_00006,1.83,1,0,0,1,1,0,0,0,0.4,1,1
scen_000061,alt_scen_000061_00007,alt_scen_000061_00008,11.83,1,0,0,1,1,0,0,0,0.18,1,1
scen_000061,alt_scen_000061_00007,alt_scen_000061_00018,92.83,0,0,0,1,1,0,2,0,0.28,1,0
scen_000061,alt_scen_000061_00007,alt_scen_000061_00010,101.16,1,0,0,1,1,0,0,0,0.74,1,1
scen_000061,alt_scen_000061_00007,alt_scen_000061_00009,101.83,1,0,0,1,1,0,0,0,0.29,1,1
scen_000061,alt_scen_000061_00007,alt_scen_000061_00011,131.83,1,0,0,1,1,0,0,0,0.3,1,1
scen_000061,alt_scen_000061_00007,alt_scen_000061_00012,151.83,1,0,0,1,1,0,0,0,0.42,1,1
scen_000061,alt_scen_000061_00007,alt_scen_000061_00013,161.83,1,0,0,1,1,0,0,0,0.35,1,1
scen_000061,alt_scen_000061_00007,alt_scen_000061_00014,171.83,1,0,0,1,1,0,0,0,0.4,1,1
scen_000061,alt_scen_000061_00006,alt_scen_000061_00008,10.0,1,0,0,1,1,0,0,0,0.61,1,1
scen_000061,alt_scen_000061_00006,alt_scen_000061_00018,91.0,0,0,0,1,1,0,2,0,0.11,1,0
scen_000061,alt_scen_000061_00006,alt_scen_000061_00010,99.33,1,0,0,1,1,0,0,0,0.33,1,1
scen_000061,alt_scen_000061_00006,alt_scen_000061_00009,100.0,1,0,0,1,1,0,0,0,0.79,1,1
scen_000061,alt_scen_000061_00006,alt_scen_000061_00011,130.0,1,0,0,1,1,0,0,0,0.22,1,1
scen_000061,alt_scen_000061_00006,alt_scen_000061_00012,150.0,1,0,0,1,1,0,0,0,0.13,1,1
scen_000061,alt_scen_000061_00006,alt_scen_000061_00013,160.0,1,0,0,1,1,0,0,0,0.64,1,1
scen_000061,alt_scen_000061_00006,alt_scen_000061_00014,170.0,1,0,0,1,1,0,0,0,0.18,1,1
scen_000061,alt_scen_000061_00006,alt_scen_000061_00015,230.0,1,0,0,1,1,0,0,0,0.24,1,1
scen_000061,alt_scen_000061_00008,alt_scen_000061_00018,81.0,0,0,0,1,1,0,2,0,0.8,1,0
scen_000061,alt_scen_000061_00008,alt_scen_000061_00010,89.33,1,0,0,1,1,0,0,0,0.84,1,1
scen_000061,alt_scen_000061_00008,alt_scen_000061_00009,90.0,1,0,0,1,1,0,0,0,0.78,1,1
scen_000061,alt_scen_000061_00008,alt_scen_000061_00011,120.0,1,0,0,1,1,0,0,0,0.17,1,1
scen_000061,alt_scen_000061_00008,alt_scen_000061_00012,140.0,1,0,0,1,1,0,0,0,0.42,1,1
scen_000061,alt_scen_000061_00008,alt_scen_000061_00013,150.0,1,0,0,1,1,0,0,0,0.6,1,1
scen_000061,alt_scen_000061_00008,alt_scen_000061_00014,160.0,1,0,0,1,1,0,0,0,0.7,1,1
scen_000061,alt_scen_000061_00008,alt_scen_000061_00015,220.0,1,0,0,1,1,0,0,0,0.31,1,1
scen_000061,alt_scen_000061_00008,alt_scen_000061_00016,240.0,1,0,0,1,1,0,0,0,0.12,1,1
scen_000061,alt_scen_000061_00018,alt_scen_000061_00010,8.33,0,0,0,1,1,0,2,0,0.82,1,0
scen_000061,alt_scen_000061_00018,alt_scen_000061_00009,9.0,0,0,0,1,1,0,2,0,0.44,1,0
scen_000061,alt_scen_000061_00018,alt_scen_000061_00011,39.0,0,0,0,1,1,0,2,0,0.78,1,0
scen_000061,alt_scen_000061_00018,alt_scen_000061_00012,59.0,0,0,0,1,1,0,2,0,0.29,1,0
scen_000061,alt_scen_000061_00018,alt_scen_000061_00013,69.0,0,0,0,1,1,0,2,0,0.37,1,0
scen_000061,alt_scen_000061_00018,alt_scen_000061_00014,79.0,0,0,0,1,1,0,2,0,0.38,1,0
scen_000061,alt_scen_000061_00018,alt_scen_000061_00015,139.0,0,0,0,1,1,0,2,0,0.23,1,0
scen_000061,alt_scen_000061_00018,alt_scen_000061_00016,159.0,0,0,0,1,1,0,2,0,0.81,1,0
scen_000061,alt_scen_000061_00018,alt_scen_000061_00019,268.0,0,0,0,1,1,1,1,-1,0.16,1,0
scen_000061,alt_scen_000061_00010,alt_scen_000061_00009,0.67,1,0,0,1,1,0,0,0,0.21,1,1
scen_000061,alt_scen_000061_00010,alt_scen_000061_00011,30.67,1,0,0,1,1,0,0,0,0.54,1,1
scen_000061,alt_scen_000061_00010,alt_scen_000061_00012,50.67,1,0,0,1,1,0,0,0,0.19,1,1
scen_000061,alt_scen_000061_00010,alt_scen_000061_00013,60.67,1,0,0,1,1,0,0,0,0.85,1,1
scen_000061,alt_scen_000061_00010,alt_scen_000061_00014,70.67,1,0,0,1,1,0,0,0,0.16,1,1
scen_000061,alt_scen_000061_00010,alt_scen_000061_00015,130.67,1,0,0,1,1,0,0,0,0.18,1,1
scen_000061,alt_scen_000061_00010,alt_scen_000061_00016,150.67,1,0,0,1,1,0,0,0,0.68,1,1
scen_000061,alt_scen_000061_00010,alt_scen_000061_00019,259.67,0,0,0,1,1,1,1,-1,0.58,1,0
scen_000061,alt_scen_000061_00009,alt_scen_000061_00011,30.0,1,0,0,1,1,0,0,0,0.3,1,1
scen_000061,alt_scen_000061_00009,alt_scen_000061_00012,50.0,1,0,0,1,1,0,0,0,0.78,1,1
scen_000061,alt_scen_000061_00009,alt_scen_000061_00013,60.0,1,0,0,1,1,0,0,0,0.24,1,1
scen_000061,alt_scen_000061_00009,alt_scen_000061_00014,70.0,1,0,0,1,1,0,0,0,0.42,1,1
scen_000061,alt_scen_000061_00009,alt_scen_000061_00015,130.0,1,0,0,1,1,0,0,0,0.87,1,1
scen_000061,alt_scen_000061_00009,alt_scen_000061_00016,150.0,1,0,0,1,1,0,0,0,0.33,1,1
scen_000061,alt_scen_000061_00009,alt_scen_000061_00019,259.0,0,0,0,1,1,1,1,-1,0.1,1,0
scen_000061,alt_scen_000061_00011,alt_scen_000061_00012,20.0,1,0,0,1,1,0,0,0,0.73,1,1
scen_000061,alt_scen_000061_00011,alt_scen_000061_00013,30.0,1,0,0,1,1,0,0,0,0.27,1,1
scen_000061,alt_scen_000061_00011,alt_scen_000061_00014,40.0,1,0,0,1,1,0,0,0,0.19,1,1
scen_000061,alt_scen_000061_00011,alt_scen_000061_00015,100.0,1,0,0,1,1,0,0,0,0.19,1,1
scen_000061,alt_scen_000061_00011,alt_scen_000061_00016,120.0,1,0,0,1,1,0,0,0,0.9,1,1
scen_000061,alt_scen_000061_00011,alt_scen_000061_00019,229.0,0,0,0,1,1,1,1,-1,0.48,1,0
scen_000061,alt_scen_000061_00012,alt_scen_000061_00013,10.0,1,0,0,1,1,0,0,0,0.87,1,1
scen_000061,alt_scen_000061_00012,alt_scen_000061_00014,20.0,1,0,0,1,1,0,0,0,0.42,1,1
scen_000061,alt_scen_000061_00012,alt_scen_000061_00015,80.0,1,0,0,1,1,0,0,0,0.37,1,1
scen_000061,alt_scen_000061_00012,alt_scen_000061_00016,100.0,1,0,0,1,1,0,0,0,0.67,1,1
scen_000061,alt_scen_000061_00012,alt_scen_000061_00019,209.0,0,0,0,1,1,1,1,-1,0.16,1,0
scen_000061,alt_scen_000061_00013,alt_scen_000061_00014,10.0,1,0,0,1,1,0,0,0,0.71,1,1
scen_000061,alt_scen_000061_00013,alt_scen_000061_00015,70.0,1,0,0,1,1,0,0,0,0.88,1,1
scen_000061,alt_scen_000061_00013,alt_scen_000061_00016,90.0,1,0,0,1,1,0,0,0,0.57,1,1
scen_000061,alt_scen_000061_00013,alt_scen_000061_00019,199.0,0,0,0,1,1,1,1,-1,0.46,1,0
scen_000061,alt_scen_000061_00014,alt_scen_000061_00015,60.0,1,0,0,1,1,0,0,0,0.63,1,1
scen_000061,alt_scen_000061_00014,alt_scen_000061_00016,80.0,1,0,0,1,1,0,0,0,0.69,1,1
scen_000061,alt_scen_000061_00014,alt_scen_000061_00019,189.0,0,0,0,1,1,1,1,-1,0.3,1,0
scen_000061,alt_scen_000061_00015,alt_scen_000061_00016,20.0,1,0,0,1,1,0,0,0,0.66,1,1
scen_000061,alt_scen_000061_00015,alt_scen_000061_00019,129.0,0,0,0,1,1,1,1,-1,0.81,1,0
scen_000061,alt_scen_000061_00016,alt_scen_000061_00019,109.0,0,0,0,1,1,1,1,-1,0.55,1,0
scen_000062,alt_scen_000062_00001,alt_scen_000062_00004,39.0,0,0,0,1,1,1,1,-1,0.55,1,0
scen_000062,alt_scen_000062_00001,alt_scen_000062_00002,315.0,0,0,0,1,1,0,2,0,0.41,0,0
scen_000062,alt_scen_000062_00001,alt_scen_000062_00003,495.0,1,0,0,1,1,0,0,0,0.76,0,0
scen_000062,alt_scen_000062_00004,alt_scen_000062_00002,276.0,0,0,0,1,1,1,1,-1,0.8,1,0
scen_000062,alt_scen_000062_00004,alt_scen_000062_00003,456.0,0,0,0,1,1,1,1,1,0.3,0,0
scen_000062,alt_scen_000062_00002,alt_scen_000062_00003,180.0,0,0,0,1,1,0,2,0,0.89,1,0
scen_000063,alt_scen_000063_00002,alt_scen_000063_00001,237.0,0,0,0,1,1,0,2,0,0.27,1,0
scen_000064,alt_scen_000064_00001,alt_scen_000064_00002,343.0,0,0,0,1,1,0,3,0,0.84,0,0
scen_000064,alt_scen_000064_00001,alt_scen_000064_00003,475.0,0,0,0,1,1,0,2,0,0.81,0,0
scen_000064,alt_scen_000064_00002,alt_scen_000064_00003,132.0,0,0,0,1,1,0,3,0,0.7,1,0
scen_000065,alt_scen_000065_00001,alt_scen_000065_00002,153.0,0,0,0,1,1,0,2,0,0.54,1,0
scen_000066,alt_scen_000066_00001,alt_scen_000066_00002,606.0,0,0,0,1,1,0,2,0,0.15,0,0
scen_000067,alt_scen_000067_00076,alt_scen_000067_00075,51.0,0,0,0,1,1,0,2,0,0.36,1,0
scen_000067,alt_scen_000067_00076,alt_scen_000067_00001,242.0,0,0,0,0,0,1,1,1,0.58,1,0
scen_000067,alt_scen_000067_00076,alt_scen_000067_00002,242.0,0,0,0,0,1,1,1,1,0.59,1,0
scen_000067,alt_scen_000067_00076,alt_scen_000067_00003,292.0,0,0,0,0,0,1,1,1,0.28,1,0
scen_000067,alt_scen_000067_00076,alt_scen_000067_00004,302.0,0,0,0,0,1,1,1,1,0.69,0,0
scen_000067,alt_scen_000067_00076,alt_scen_000067_00077,306.0,0,0,0,1,1,0,2,0,0.84,0,0
scen_000067,alt_scen_000067_00076,alt_scen_000067_00005,312.0,0,0,0,0,0,1,1,1,0.49,0,0
scen_000067,alt_scen_000067_00076,alt_scen_000067_00006,312.0,0,0,0,0,1,1,1,1,0.49,0,0
scen_000067,alt_scen_000067_00076,alt_scen_000067_00008,322.27,0,0,0,0,0,1,1,1,0.66,0,0
scen_000067,alt_scen_000067_00075,alt_scen_000067_00001,191.0,0,0,0,0,0,1,1,1,0.39,1,0
scen_000067,alt_scen_000067_00075,alt_scen_000067_00002,191.0,0,0,0,0,1,1,1,1,0.2,1,0
scen_000067,alt_scen_000067_00075,alt_scen_000067_00003,241.0,0,0,0,0,0,1,1,1,0.85,1,0
scen_000067,alt_scen_000067_00075,alt_scen_000067_00004,251.0,0,0,0,0,1,1,1,1,0.51,1,0
scen_000067,alt_scen_000067_00075,alt_scen_000067_00077,255.0,0,0,0,1,1,0,2,0,0.12,1,0
scen_000067,alt_scen_000067_00075,alt_scen_000067_00005,261.0,0,0,0,0,0,1,1,1,0.24,1,0
scen_000067,alt_scen_000067_00075,alt_scen_000067_00006,261.0,0,0,0,0,1,1,1,1,0.37,1,0
scen_000067,alt_scen_000067_00075,alt_scen_000067_00008,271.27,0,0,0,0,0,1,1,1,0.29,1,0
scen_000067,alt_scen_000067_00075,alt_scen_000067_00007,271.0,0,0,0,0,0,1,1,1,0.1,1,0
scen_000067,alt_scen_000067_00001,alt_scen_000067_00002,0.0,1,0,0,0,0,0,0,0,0.2,1,1
scen_000067,alt_scen_000067_00001,alt_scen_000067_00003,50.0,1,0,0,1,1,0,0,0,0.38,1,1
scen_000067,alt_scen_000067_00001,alt_scen_000067_00004,60.0,1,0,0,0,0,0,0,0,0.56,1,1
scen_000067,alt_scen_000067_00001,alt_scen_000067_00077,64.0,0,0,0,0,0,1,1,-1,0.8,1,0
scen_000067,alt_scen_000067_00001,alt_scen_000067_00005,70.0,1,0,0,1,1,0,0,0,0.86,1,1
scen_000067,alt_scen_000067_00001,alt_scen_000067_00006,70.0,1,0,0,0,0,0,0,0,0.59,1,1
scen_000067,alt_scen_000067_00001,alt_scen_000067_00008,80.27,1,0,0,1,1,0,0,0,0.25,1,1
scen_000067,alt_scen_000067_00001,alt_scen_000067_00007,80.0,1,0,0,1,1,0,0,0,0.22,1,1
scen_000067,alt_scen_000067_00001,alt_scen_000067_00009,100.0,1,0,0,0,0,0,0,0,0.57,1,1
scen_000067,alt_scen_000067_00002,alt_scen_000067_00003,50.0,1,0,0,0,0,0,0,0,0.86,1,1
scen_000067,alt_scen_000067_00002,alt_scen_000067_00004,60.0,1,0,0,1,1,0,0,0,0.45,1,1
scen_000067,alt_scen_000067_00002,alt_scen_000067_00077,64.0,0,0,0,0,1,1,1,-1,0.46,1,0
scen_000067,alt_scen_000067_00002,alt_scen_000067_00005,70.0,1,0,0,0,0,0,0,0,0.53,1,1
scen_000067,alt_scen_000067_00002,alt_scen_000067_00006,70.0,1,0,0,1,1,0,0,0,0.7,1,1
scen_000067,alt_scen_000067_00002,alt_scen_000067_00008,80.27,1,0,0,0,0,0,0,0,0.54,1,1
scen_000067,alt_scen_000067_00002,alt_scen_000067_00007,80.0,1,0,0,0,0,0,0,0,0.35,1,1
scen_000067,alt_scen_000067_00002,alt_scen_000067_00009,100.0,1,0,0,1,1,0,0,0,0.77,1,1
scen_000067,alt_scen_000067_00002,alt_scen_000067_00010,102.37,1,0,0,1,1,0,0,0,0.36,1,1
scen_000067,alt_scen_000067_00003,alt_scen_000067_00004,10.0,1,0,0,0,0,0,0,0,0.9,1,1
scen_000067,alt_scen_000067_00003,alt_scen_000067_00077,14.0,0,0,0,0,0,1,1,-1,0.85,1,0
scen_000067,alt_scen_000067_00003,alt_scen_000067_00005,20.0,1,0,0,1,1,0,0,0,0.72,1,1
scen_000067,alt_scen_000067_00003,alt_scen_000067_00006,20.0,1,0,0,0,0,0,0,0,0.45,1,1
scen_000067,alt_scen_000067_00003,alt_scen_000067_00008,30.27,1,0,0,1,1,0,0,0,0.18,1,1
scen_000067,alt_scen_000067_00003,alt_scen_000067_00007,30.0,1,0,0,1,1,0,0,0,0.24,1,1
scen_000067,alt_scen_000067_00003,alt_scen_000067_00009,50.0,1,0,0,0,0,0,0,0,0.53,1,1
scen_000067,alt_scen_000067_00003,alt_scen_000067_00010,52.37,1,0,0,0,0,0,0,0,0.75,1,1
scen_000067,alt_scen_000067_00003,alt_scen_000067_00011,60.0,1,0,0,1,1,0,0,0,0.38,1,1
scen_000067,alt_scen_000067_00004,alt_scen_000067_00077,4.0,0,0,0,0,1,1,1,-1,0.3,1,0
scen_000067,alt_scen_000067_00004,alt_scen_000067_00005,10.0,1,0,0,0,0,0,0,0,0.88,1,1
scen_000067,alt_scen_000067_00004,alt_scen_000067_00006,10.0,1,0,0,1,1,0,0,0,0.24,1,1
scen_000067,alt_scen_000067_00004,alt_scen_000067_00008,20.27,1,0,0,0,0,0,0,0,0.2,1,1
scen_000067,alt_scen_000067_00004,alt_scen_000067_00007,20.0,1,0,0,0,0,0,0,0,0.71,1,1
scen_000067,alt_scen_000067_00004,alt_scen_000067_00009,40.0,1,0,0,1,1,0,0,0,0.35,1,1
scen_000067,alt_scen_000067_00004,alt_scen_000067_00010,42.37,1,0,0,1,1,0,0,0,0.25,1,1
scen_000067,alt_scen_000067_00004,alt_scen_000067_00011,50.0,1,0,0,0,0,0,0,0,0.42,1,1
scen_000067,alt_scen_000067_00004,alt_scen_000067_00012,70.0,1,0,0,0,0,0,0,0,0.42,1,1
scen_000067,alt_scen_000067_00077,alt_scen_000067_00005,6.0,0,0,0,0,0,1,1,1,0.13,1,0
scen_000067,alt_scen_000067_00077,alt_scen_000067_00006,6.0,0,0,0,0,1,1,1,1,0.13,1,0
scen_000067,alt_scen_000067_00077,alt_scen_000067_00008,16.27,0,0,0,0,0,1,1,1,0.55,1,0
scen_000067,alt_scen_000067_00077,alt_scen_000067_00007,16.0,0,0,0,0,0,1,1,1,0.57,1,0
scen_000067,alt_scen_000067_00077,alt_scen_000067_00009,36.0,0,0,0,0,1,1,1,1,0.41,1,0
scen_000067,alt_scen_000067_00077,alt_scen_000067_00010,38.37,0,0,0,0,1,1,1,1,0.42,1,0
scen_000067,alt_scen_000067_00077,alt_scen_000067_00011,46.0,0,0,0,0,0,1,1,1,0.3,1,0
scen_000067,alt_scen_000067_00077,alt_scen_000067_00012,66.0,0,0,0,0,0,1,1,1,0.75,1,0
scen_000067,alt_scen_000067_00077,alt_scen_000067_00013,96.0,0,0,0,0,1,1,1,1,0.31,1,0
scen_000067,alt_scen_000067_00005,alt_scen_000067_00006,0.0,1,0,0,0,0,0,0,0,0.71,1,1
scen_000067,alt_scen_000067_00005,alt_scen_000067_00008,10.27,1,0,0,1,1,0,0,0,0.19,1,1
scen_000067,alt_scen_000067_00005,alt_scen_000067_00007,10.0,1,0,0,1,1,0,0,0,0.32,1,1
scen_000067,alt_scen_000067_00005,alt_scen_000067_00009,30.0,1,0,0,0,0,0,0,0,0.53,1,1
scen_000067,alt_scen_000067_00005,alt_scen_000067_00010,32.37,1,0,0,0,0,0,0,0,0.11,1,1
scen_000067,alt_scen_000067_00005,alt_scen_000067_00011,40.0,1,0,0,1,1,0,0,0,0.2,1,1
scen_000067,alt_scen_000067_00005,alt_scen_000067_00012,60.0,1,0,0,1,1,0,0,0,0.47,1,1
scen_000067,alt_scen_000067_00005,alt_scen_000067_00013,90.0,1,0,0,0,0,0,0,0,0.45,1,1
scen_000067,alt_scen_000067_00005,alt_scen_000067_00014,100.0,1,0,0,1,1,0,0,0,0.4,1,1
scen_000067,alt_scen_000067_00006,alt_scen_000067_00008,10.27,1,0,0,0,0,0,0,0,0.73,1,1
scen_000067,alt_scen_000067_00006,alt_scen_000067_00007,10.0,1,0,0,0,0,0,0,0,0.18,1,1
scen_000067,alt_scen_000067_00006,alt_scen_000067_00009,30.0,1,0,0,1,1,0,0,0,0.34,1,1
scen_000067,alt_scen_000067_00006,alt_scen_000067_00010,32.37,1,0,0,1,1,0,0,0,0.76,1,1
scen_000067,alt_scen_000067_00006,alt_scen_000067_00011,40.0,1,0,0,0,0,0,0,0,0.2,1,1
scen_000067,alt_scen_000067_00006,alt_scen_000067_00012,60.0,1,0,0,0,0,0,0,0,0.56,1,1
scen_000067,alt_scen_000067_00006,alt_scen_000067_00013,90.0,1,0,0,1,1,0,0,0,0.73,1,1
scen_000067,alt_scen_000067_00006,alt_scen_000067_00014,100.0,1,0,0,0,0,0,0,0,0.74,1,1
scen_000067,alt_scen_000067_00006,alt_scen_000067_00016,110.68,1,0,0,1,1,0,0,0,0.74,1,1
scen_000067,alt_scen_000067_00008,alt_scen_000067_00007,0.27,1,0,0,1,1,0,0,0,0.84,1,1
scen_000067,alt_scen_000067_00008,alt_scen_000067_00009,19.73,1,0,0,0,0,0,0,0,0.57,1,1
scen_000067,alt_scen_000067_00008,alt_scen_000067_00010,22.1,1,0,0,0,0,0,0,0,0.4,1,1
scen_000067,alt_scen_000067_00008,alt_scen_000067_00011,29.73,1,0,0,1,1,0,0,0,0.81,1,1
scen_000067,alt_scen_000067_00008,alt_scen_000067_00012,49.73,1,0,0,1,1,0,0,0,0.78,1,1
scen_000067,alt_scen_000067_00008,alt_scen_000067_00013,79.73,1,0,0,0,0,0,0,0,0.58,1,1
scen_000067,alt_scen_000067_00008,alt_scen_000067_00014,89.73,1,0,0,1,1,0,0,0,0.25,1,1
scen_000067,alt_scen_000067_00008,alt_scen_000067_00016,100.4,1,0,0,0,0,0,0,0,0.1,1,1
scen_000067,alt_scen_000067_00008,alt_scen_000067_00015,99.73,1,0,0,0,0,0,0,0,0.61,1,1
scen_000067,alt_scen_000067_00007,alt_scen_000067_00009,20.0,1,0,0,0,0,0,0,0,0.7,1,1
scen_000067,alt_scen_000067_00007,alt_scen_000067_00010,22.37,1,0,0,0,0,0,0,0,0.73,1,1
scen_000067,alt_scen_000067_00007,alt_scen_000067_00011,30.0,1,0,0,1,1,0,0,0,0.36,1,1
scen_000067,alt_scen_000067_00007,alt_scen_000067_00012,50.0,1,0,0,1,1,0,0,0,0.19,1,1
scen_000067,alt_scen_000067_00007,alt_scen_000067_00013,80.0,1,0,0,0,0,0,0,0,0.75,1,1
scen_000067,alt_scen_000067_00007,alt_scen_000067_00014,90.0,1,0,0,1,1,0,0,0,0.41,1,1
scen_000067,alt_scen_000067_00007,alt_scen_000067_00016,100.68,1,0,0,0,0,0,0,0,0.87,1,1
scen_000067,alt_scen_000067_00007,alt_scen_000067_00015,100.0,1,0,0,0,0,0,0,0,0.18,1,1
scen_000067,alt_scen_000067_00007,alt_scen_000067_00017,120.0,1,0,0,0,0,0,0,0,0.81,1,1
scen_000067,alt_scen_000067_00009,alt_scen_000067_00010,2.37,1,0,0,1,1,0,0,0,0.34,1,1
scen_000067,alt_scen_000067_00009,alt_scen_000067_00011,10.0,1,0,0,0,0,0,0,0,0.34,1,1
scen_000067,alt_scen_000067_00009,alt_scen_000067_00012,30.0,1,0,0,0,0,0,0,0,0.27,1,1
scen_000067,alt_scen_000067_00009,alt_scen_000067_00013,60.0,1,0,0,1,1,0,0,0,0.68,1,1
scen_000067,alt_scen_000067_00009,alt_scen_000067_00014,70.0,1,0,0,0,0,0,0,0,0.33,1,1
scen_000067,alt_scen_000067_00009,alt_scen_000067_00016,80.68,1,0,0,1,1,0,0,0,0.48,1,1
scen_000067,alt_scen_000067_00009,alt_scen_000067_00015,80.0,1,0,0,1,1,0,0,0,0.27,1,1
scen_000067,alt_scen_000067_00009,alt_scen_000067_00017,100.0,1,0,0,1,1,0,0,0,0.82,1,1
scen_000067,alt_scen_000067_00009,alt_scen_000067_00018,120.0,1,0,0,0,0,0,0,0,0.35,1,1
scen_000067,alt_scen_000067_00010,alt_scen_000067_00011,7.63,1,0,0,0,0,0,0,0,0.26,1,1
scen_000067,alt_scen_000067_00010,alt_scen_000067_00012,27.63,1,0,0,0,0,0,0,0,0.39,1,1
scen_000067,alt_scen_000067_00010,alt_scen_000067_00013,57.63,1,0,0,1,1,0,0,0,0.13,1,1
scen_000067,alt_scen_000067_00010,alt_scen_000067_00014,67.63,1,0,0,0,0,0,0,0,0.78,1,1
scen_000067,alt_scen_000067_00010,alt_scen_000067_00016,78.31,1,0,0,1,1,0,0,0,0.74,1,1
scen_000067,alt_scen_000067_00010,alt_scen_000067_00015,77.63,1,0,0,1,1,0,0,0,0.28,1,1
scen_000067,alt_scen_000067_00010,alt_scen_000067_00017,97.63,1,0,0,1,1,0,0,0,0.44,1,1
scen_000067,alt_scen_000067_00010,alt_scen_000067_00018,117.63,1,0,0,0,0,0,0,0,0.34,1,1
scen_000067,alt_scen_000067_00010,alt_scen_000067_00079,121.63,0,0,0,0,1,1,1,-1,0.17,1,0
scen_000067,alt_scen_000067_00011,alt_scen_000067_00012,20.0,1,0,0,1,1,0,0,0,0.28,1,1
scen_000067,alt_scen_000067_00011,alt_scen_000067_00013,50.0,1,0,0,0,0,0,0,0,0.16,1,1
scen_000067,alt_scen_000067_00011,alt_scen_000067_00014,60.0,1,0,0,1,1,0,0,0,0.3,1,1
scen_000067,alt_scen_000067_00011,alt_scen_000067_00016,70.68,1,0,0,0,0,0,0,0,0.47,1,1
scen_000067,alt_scen_000067_00011,alt_scen_000067_00015,70.0,1,0,0,0,0,0,0,0,0.24,1,1
scen_000067,alt_scen_000067_00011,alt_scen_000067_00017,90.0,1,0,0,0,0,0,0,0,0.55,1,1
scen_000067,alt_scen_000067_00011,alt_scen_000067_00018,110.0,1,0,0,1,1,0,0,0,0.23,1,1
scen_000067,alt_scen_000067_00011,alt_scen_000067_00079,114.0,0,0,0,0,0,1,1,-1,0.17,1,0
scen_000067,alt_scen_000067_00011,alt_scen_000067_00019,140.0,1,0,0,1,1,0,0,0,0.3,1,1
scen_000067,alt_scen_000067_00012,alt_scen_000067_00013,30.0,1,0,0,0,0,0,0,0,0.52,1,1
scen_000067,alt_scen_000067_00012,alt_scen_000067_00014,40.0,1,0,0,1,1,0,0,0,0.24,1,1
scen_000067,alt_scen_000067_00012,alt_scen_000067_00016,50.68,1,0,0,0,0,0,0,0,0.28,1,1
scen_000067,alt_scen_000067_00012,alt_scen_000067_00015,50.0,1,0,0,0,0,0,0,0,0.8,1,1
scen_000067,alt_scen_000067_00012,alt_scen_000067_00017,70.0,1,0,0,0,0,0,0,0,0.24,1,1
scen_000067,alt_scen_000067_00012,alt_scen_000067_00018,90.0,1,0,0,1,1,0,0,0,0.64,1,1
scen_000067,alt_scen_000067_00012,alt_scen_000067_00079,94.0,0,0,0,0,0,1,1,-1,0.29,1,0
scen_000067,alt_scen_000067_00012,alt_scen_000067_00019,120.0,1,0,0,1,1,0,0,0,0.55,1,1
scen_000067,alt_scen_000067_00012,alt_scen_000067_00020,140.0,1,0,0,1,1,0,0,0,0.9,1,1
scen_000067,alt_scen_000067_00013,alt_scen_000067_00014,10.0,1,0,0,0,0,0,0,0,0.72,1,1
scen_000067,alt_scen_000067_00013,alt_scen_000067_00016,20.68,1,0,0,1,1,0,0,0,0.8,1,1
scen_000067,alt_scen_000067_00013,alt_scen_000067_00015,20.0,1,0,0,1,1,0,0,0,0.2,1,1
scen_000067,alt_scen_000067_00013,alt_scen_000067_00017,40.0,1,0,0,1,1,0,0,0,0.64,1,1
scen_000067,alt_scen_000067_00013,alt_scen_000067_00018,60.0,1,0,0,0,0,0,0,0,0.21,1,1
scen_000067,alt_scen_000067_00013,alt_scen_000067_00079,64.0,0,0,0,0,1,1,1,-1,0.41,1,0
scen_000067,alt_scen_000067_00013,alt_scen_000067_00019,90.0,1,0,0,0,0,0,0,0,0.72,1,1
scen_000067,alt_scen_000067_00013,alt_scen_000067_00020,110.0,1,0,0,0,0,0,0,0,0.6,1,1
scen_000067,alt_scen_000067_00013,alt_scen_000067_00022,110.0,1,0,0,1,1,0,0,0,0.59,1,1
scen_000067,alt_scen_000067_00014,alt_scen_000067_00016,10.68,1,0,0,0,0,0,0,0,0.71,1,1
scen_000067,alt_scen_000067_00014,alt_scen_000067_00015,10.0,1,0,0,0,0,0,0,0,0.76,1,1
scen_000067,alt_scen_000067_00014,alt_scen_000067_00017,30.0,1,0,0,0,0,0,0,0,0.27,1,1
scen_000067,alt_scen_000067_00014,alt_scen_000067_00018,50.0,1,0,0,1,1,0,0,0,0.11,1,1
scen_000067,alt_scen_000067_00014,alt_scen_000067_00079,54.0,0,0,0,0,0,1,1,-1,0.25,1,0
scen_000067,alt_scen_000067_00014,alt_scen_000067_00019,80.0,1,0,0,1,1,0,0,0,0.16,1,1
scen_000067,alt_scen_000067_00014,alt_scen_000067_00020,100.0,1,0,0,1,1,0,0,0,0.79,1,1
scen_000067,alt_scen_000067_00014,alt_scen_000067_00022,100.0,1,0,0,0,0,0,0,0,0.25,1,1
scen_000067,alt_scen_000067_00014,alt_scen_000067_00021,103.51,1,0,0,1,1,0,0,0,0.53,1,1
scen_000067,alt_scen_000067_00016,alt_scen_000067_00015,0.68,1,0,0,1,1,0,0,0,0.6,1,1
scen_000067,alt_scen_000067_00016,alt_scen_000067_00017,19.32,1,0,0,1,1,0,0,0,0.4,1,1
scen_000067,alt_scen_000067_00016,alt_scen_000067_00018,39.32,1,0,0,0,0,0,0,0,0.66,1,1
scen_000067,alt_scen_000067_00016,alt_scen_000067_00079,43.32,0,0,0,0,1,1,1,-1,0.7,1,0
scen_000067,alt_scen_000067_00016,alt_scen_000067_00019,69.32,1,0,0,0,0,0,0,0,0.33,1,1
scen_000067,alt_scen_000067_00016,alt_scen_000067_00020,89.32,1,0,0,0,0,0,0,0,0.74,1,1
scen_000067,alt_scen_000067_00016,alt_scen_000067_00022,89.32,1,0,0,1,1,0,0,0,0.29,1,1
scen_000067,alt_scen_000067_00016,alt_scen_000067_00021,92.83,1,0,0,0,0,0,0,0,0.14,1,1
scen_000067,alt_scen_000067_00016,alt_scen_000067_00024,114.53,1,0,0,1,1,0,0,0,0.69,1,1
scen_000067,alt_scen_000067_00015,alt_scen_000067_00017,20.0,1,0,0,1,1,0,0,0,0.28,1,1
scen_000067,alt_scen_000067_00015,alt_scen_000067_00018,40.0,1,0,0,0,0,0,0,0,0.61,1,1
scen_000067,alt_scen_000067_00015,alt_scen_000067_00079,44.0,0,0,0,0,1,1,1,-1,0.72,1,0
scen_000067,alt_scen_000067_00015,alt_scen_000067_00019,70.0,1,0,0,0,0,0,0,0,0.8,1,1
scen_000067,alt_scen_000067_00015,alt_scen_000067_00020,90.0,1,0,0,0,0,0,0,0,0.73,1,1
scen_000067,alt_scen_000067_00015,alt_scen_000067_00022,90.0,1,0,0,1,1,0,0,0,0.58,1,1
scen_000067,alt_scen_000067_00015,alt_scen_000067_00021,93.51,1,0,0,0,0,0,0,0,0.45,1,1
scen_000067,alt_scen_000067_00015,alt_scen_000067_00024,115.2,1,0,0,1,1,0,0,0,0.65,1,1
scen_000067,alt_scen_000067_00015,alt_scen_000067_00023,120.0,1,0,0,1,1,0,0,0,0.15,1,1
scen_000067,alt_scen_000067_00017,alt_scen_000067_00018,20.0,1,0,0,0,0,0,0,0,0.57,1,1
scen_000067,alt_scen_000067_00017,alt_scen_000067_00079,24.0,0,0,0,0,1,1,1,-1,0.57,1,0
scen_000067,alt_scen_000067_00017,alt_scen_000067_00019,50.0,1,0,0,0,0,0,0,0,0.82,1,1
scen_000067,alt_scen_000067_00017,alt_scen_000067_00020,70.0,1,0,0,0,0,0,0,0,0.13,1,1
scen_000067,alt_scen_000067_00017,alt_scen_000067_00022,70.0,1,0,0,1,1,0,0,0,0.62,1,1
scen_000067,alt_scen_000067_00017,alt_scen_000067_00021,73.51,1,0,0,0,0,0,0,0,0.86,1,1
scen_000067,alt_scen_000067_00017,alt_scen_000067_00024,95.2,1,0,0,1,1,0,0,0,0.29,1,1
scen_000067,alt_scen_000067_00017,alt_scen_000067_00023,100.0,1,0,0,1,1,0,0,0,0.17,1,1
scen_000067,alt_scen_000067_00017,alt_scen_000067_00078,166.0,0,0,0,0,1,1,1,-1,0.63,1,0
scen_000067,alt_scen_000067_00018,alt_scen_000067_00079,4.0,0,0,0,0,0,1,1,-1,0.7,1,0
scen_000067,alt_scen_000067_00018,alt_scen_000067_00019,30.0,1,0,0,1,1,0,0,0,0.54,1,1
scen_000067,alt_scen_000067_00018,alt_scen_000067_00020,50.0,1,0,0,1,1,0,0,0,0.26,1,1
scen_000067,alt_scen_000067_00018,alt_scen_000067_00022,50.0,1,0,0,0,0,0,0,0,0.72,1,1
scen_000067,alt_scen_000067_00018,alt_scen_000067_00021,53.51,1,0,0,1,1,0,0,0,0.88,1,1
scen_000067,alt_scen_000067_00018,alt_scen_000067_00024,75.2,1,0,0,0,0,0,0,0,0.31,1,1
scen_000067,alt_scen_000067_00018,alt_scen_000067_00023,80.0,1,0,0,0,0,0,0,0,0.72,1,1
scen_000067,alt_scen_000067_00018,alt_scen_000067_00078,146.0,0,0,0,0,0,1,1,-1,0.71,1,0
scen_000067,alt_scen_000067_00018,alt_scen_000067_00025,160.0,1,0,0,1,1,0,0,0,0.29,1,1
scen_000067,alt_scen_000067_00079,alt_scen_000067_00019,26.0,0,0,0,0,0,1,1,1,0.2,1,0
scen_000067,alt_scen_000067_00079,alt_scen_000067_00020,46.0,0,0,0,0,0,1,1,1,0.61,1,0
scen_000067,alt_scen_000067_00079,alt_scen_000067_00022,46.0,0,0,0,0,1,1,1,1,0.89,1,0
scen_000067,alt_scen_000067_00079,alt_scen_000067_00021,49.51,0,0,0,0,0,1,1,1,0.46,1,0
scen_000067,alt_scen_000067_00079,alt_scen_000067_00024,71.2,0,0,0,0,1,1,1,1,0.85,1,0
scen_000067,alt_scen_000067_00079,alt_scen_000067_00023,76.0,0,0,0,0,1,1,1,1,0.15,1,0
scen_000067,alt_scen_000067_00079,alt_scen_000067_00078,142.0,0,0,0,1,1,0,2,0,0.63,1,0
scen_000067,alt_scen_000067_00079,alt_scen_000067_00025,156.0,0,0,0,0,0,1,1,1,0.1,1,0
scen_000067,alt_scen_000067_00079,alt_scen_000067_00026,176.0,0,0,0,0,0,1,1,1,0.22,1,0
scen_000067,alt_scen_000067_00019,alt_scen_000067_00020,20.0,1,0,0,1,1,0,0,0,0.7,1,1
scen_000067,alt_scen_000067_00019,alt_scen_000067_00022,20.0,1,0,0,0,0,0,0,0,0.53,1,1
scen_000067,alt_scen_000067_00019,alt_scen_000067_00021,23.51,1,0,0,1,1,0,0,0,0.3,1,1
scen_000067,alt_scen_000067_00019,alt_scen_000067_00024,45.2,1,0,0,0,0,0,0,0,0.48,1,1
scen_000067,alt_scen_000067_00019,alt_scen_000067_00023,50.0,1,0,0,0,0,0,0,0,0.83,1,1
scen_000067,alt_scen_000067_00019,alt_scen_000067_00078,116.0,0,0,0,0,0,1,1,-1,0.67,1,0
scen_000067,alt_scen_000067_00019,alt_scen_000067_00025,130.0,1,0,0,1,1,0,0,0,0.64,1,1
scen_000067,alt_scen_000067_00019,alt_scen_000067_00026,150.0,1,0,0,1,1,0,0,0,0.62,1,1
scen_000067,alt_scen_000067_00019,alt_scen_000067_00027,170.0,1,0,0,1,1,0,0,0,0.38,1,1
scen_000067,alt_scen_000067_00020,alt_scen_000067_00022,0.0,1,0,0,0,0,0,0,0,0.8,1,1
scen_000067,alt_scen_000067_00020,alt_scen_000067_00021,3.51,1,0,0,1,1,0,0,0,0.85,1,1
scen_000067,alt_scen_000067_00020,alt_scen_000067_00024,25.2,1,0,0,0,0,0,0,0,0.8,1,1
scen_000067,alt_scen_000067_00020,alt_scen_000067_00023,30.0,1,0,0,0,0,0,0,0,0.73,1,1
scen_000067,alt_scen_000067_00020,alt_scen_000067_00078,96.0,0,0,0,0,0,1,1,-1,0.58,1,0
scen_000067,alt_scen_000067_00020,alt_scen_000067_00025,110.0,1,0,0,1,1,0,0,0,0.16,1,1
scen_000067,alt_scen_000067_00020,alt_scen_000067_00026,130.0,1,0,0,1,1,0,0,0,0.49,1,1
scen_000067,alt_scen_000067_00020,alt_scen_000067_00027,150.0,1,0,0,1,1,0,0,0,0.44,1,1
scen_000067,alt_scen_000067_00020,alt_scen_000067_00028,150.0,1,0,0,0,0,0,0,0,0.38,1,1
scen_000067,alt_scen_000067_00022,alt_scen_000067_00021,3.51,1,0,0,0,0,0,0,0,0.71,1,1
scen_000067,alt_scen_000067_00022,alt_scen_000067_00024,25.2,1,0,0,1,1,0,0,0,0.21,1,1
scen_000067,alt_scen_000067_00022,alt_scen_000067_00023,30.0,1,0,0,1,1,0,0,0,0.16,1,1
scen_000067,alt_scen_000067_00022,alt_scen_000067_00078,96.0,0,0,0,0,1,1,1,-1,0.12,1,0
scen_000067,alt_scen_000067_00022,alt_scen_000067_00025,110.0,1,0,0,0,0,0,0,0,0.55,1,1
scen_000067,alt_scen_000067_00022,alt_scen_000067_00026,130.0,1,0,0,0,0,0,0,0,0.41,1,1
scen_000067,alt_scen_000067_00022,alt_scen_000067_00027,150.0,1,0,0,0,0,0,0,0,0.81,1,1
scen_000067,alt_scen_000067_00022,alt_scen_000067_00028,150.0,1,0,0,1,1,0,0,0,0.32,1,1
scen_000067,alt_scen_000067_00022,alt_scen_000067_00029,160.0,1,0,0,1,1,0,0,0,0.62,1,1
scen_000067,alt_scen_000067_00021,alt_scen_000067_00024,21.69,1,0,0,0,0,0,0,0,0.76,1,1
scen_000067,alt_scen_000067_00021,alt_scen_000067_00023,26.49,1,0,0,0,0,0,0,0,0.24,1,1
scen_000067,alt_scen_000067_00021,alt_scen_000067_00078,92.49,0,0,0,0,0,1,1,-1,0.56,1,0
scen_000067,alt_scen_000067_00021,alt_scen_000067_00025,106.49,1,0,0,1,1,0,0,0,0.32,1,1
scen_000067,alt_scen_000067_00021,alt_scen_000067_00026,126.49,1,0,0,1,1,0,0,0,0.39,1,1
scen_000067,alt_scen_000067_00021,alt_scen_000067_00027,146.49,1,0,0,1,1,0,0,0,0.2,1,1
scen_000067,alt_scen_000067_00021,alt_scen_000067_00028,146.49,1,0,0,0,0,0,0,0,0.6,1,1
scen_000067,alt_scen_000067_00021,alt_scen_000067_00029,156.49,1,0,0,0,0,0,0,0,0.55,1,1
scen_000067,alt_scen_000067_00021,alt_scen_000067_00030,176.49,1,0,0,0,0,0,0,0,0.86,1,1
scen_000067,alt_scen_000067_00024,alt_scen_000067_00023,4.8,1,0,0,1,1,0,0,0,0.85,1,1
scen_000067,alt_scen_000067_00024,alt_scen_000067_00078,70.8,0,0,0,0,1,1,1,-1,0.14,1,0
scen_000067,alt_scen_000067_00024,alt_scen_000067_00025,84.8,1,0,0,0,0,0,0,0,0.82,1,1
scen_000067,alt_scen_000067_00024,alt_scen_000067_00026,104.8,1,0,0,0,0,0,0,0,0.48,1,1
scen_000067,alt_scen_000067_00024,alt_scen_000067_00027,124.8,1,0,0,0,0,0,0,0,0.41,1,1
scen_000067,alt_scen_000067_00024,alt_scen_000067_00028,124.8,1,0,0,1,1,0,0,0,0.89,1,1
scen_000067,alt_scen_000067_00024,alt_scen_000067_00029,134.8,1,0,0,1,1,0,0,0,0.58,1,1
scen_000067,alt_scen_000067_00024,alt_scen_000067_00030,154.8,1,0,0,1,1,0,0,0,0.36,1,1
scen_000067,alt_scen_000067_00024,alt_scen_000067_00031,174.8,1,0,0,1,1,0,0,0,0.77,1,1
scen_000067,alt_scen_000067_00023,alt_scen_000067_00078,66.0,0,0,0,0,1,1,1,-1,0.8,1,0
scen_000067,alt_scen_000067_00023,alt_scen_000067_00025,80.0,1,0,0,0,0,0,0,0,0.61,1,1
scen_000067,alt_scen_000067_00023,alt_scen_000067_00026,100.0,1,0,0,0,0,0,0,0,0.54,1,1
scen_000067,alt_scen_000067_00023,alt_scen_000067_00027,120.0,1,0,0,0,0,0,0,0,0.76,1,1
scen_000067,alt_scen_000067_00023,alt_scen_000067_00028,120.0,1,0,0,1,1,0,0,0,0.78,1,1
scen_000067,alt_scen_000067_00023,alt_scen_000067_00029,130.0,1,0,0,1,1,0,0,0,0.67,1,1
scen_000067,alt_scen_000067_00023,alt_scen_000067_00030,150.0,1,0,0,1,1,0,0,0,0.19,1,1
scen_000067,alt_scen_000067_00023,alt_scen_000067_00031,170.0,1,0,0,1,1,0,0,0,0.7,1,1
scen_000067,alt_scen_000067_00023,alt_scen_000067_00032,220.0,1,0,0,0,0,0,0,0,0.5,1,1
scen_000067,alt_scen_000067_00078,alt_scen_000067_00025,14.0,0,0,0,0,0,1,1,1,0.13,1,0
scen_000067,alt_scen_000067_00078,alt_scen_000067_00026,34.0,0,0,0,0,0,1,1,1,0.12,1,0
scen_000067,alt_scen_000067_00078,alt_scen_000067_00027,54.0,0,0,0,0,0,1,1,1,0.18,1,0
scen_000067,alt_scen_000067_00078,alt_scen_000067_00028,54.0,0,0,0,0,1,1,1,1,0.83,1,0
scen_000067,alt_scen_000067_00078,alt_scen_000067_00029,64.0,0,0,0,0,1,1,1,1,0.25,1,0
scen_000067,alt_scen_000067_00078,alt_scen_000067_00030,84.0,0,0,0,0,1,1,1,1,0.73,1,0
scen_000067,alt_scen_000067_00078,alt_scen_000067_00031,104.0,0,0,0,0,1,1,1,1,0.23,1,0
scen_000067,alt_scen_000067_00078,alt_scen_000067_00032,154.0,0,0,0,0,0,1,1,1,0.17,1,0
scen_000067,alt_scen_000067_00078,alt_scen_000067_00033,154.0,0,0,0,0,1,1,1,1,0.52,1,0
scen_000067,alt_scen_000067_00025,alt_scen_000067_00026,20.0,1,0,0,1,1,0,0,0,0.41,1,1
scen_000067,alt_scen_000067_00025,alt_scen_000067_00027,40.0,1,0,0,1,1,0,0,0,0.69,1,1
scen_000067,alt_scen_000067_00025,alt_scen_000067_00028,40.0,1,0,0,0,0,0,0,0,0.45,1,1
scen_000067,alt_scen_000067_00025,alt_scen_000067_00029,50.0,1,0,0,0,0,0,0,0,0.87,1,1
scen_000067,alt_scen_000067_00025,alt_scen_000067_00030,70.0,1,0,0,0,0,0,0,0,0.47,1,1
scen_000067,alt_scen_000067_00025,alt_scen_000067_00031,90.0,1,0,0,0,0,0,0,0,0.38,1,1
scen_000067,alt_scen_000067_00025,alt_scen_000067_00032,140.0,1,0,0,1,1,0,0,0,0.87,1,1
scen_000067,alt_scen_000067_00025,alt_scen_000067_00033,140.0,1,0,0,0,0,0,0,0,0.79,1,1
scen_000067,alt_scen_000067_00025,alt_scen_000067_00034,160.0,1,0,0,1,1,0,0,0,0.1,1,1
scen_000067,alt_scen_000067_00026,alt_scen_000067_00027,20.0,1,0,0,1,1,0,0,0,0.24,1,1
scen_000067,alt_scen_000067_00026,alt_scen_000067_00028,20.0,1,0,0,0,0,0,0,0,0.53,1,1
scen_000067,alt_scen_000067_00026,alt_scen_000067_00029,30.0,1,0,0,0,0,0,0,0,0.2,1,1
scen_000067,alt_scen_000067_00026,alt_scen_000067_00030,50.0,1,0,0,0,0,0,0,0,0.48,1,1
scen_000067,alt_scen_000067_00026,alt_scen_000067_00031,70.0,1,0,0,0,0,0,0,0,0.34,1,1
scen_000067,alt_scen_000067_00026,alt_scen_000067_00032,120.0,1,0,0,1,1,0,0,0,0.78,1,1
scen_000067,alt_scen_000067_00026,alt_scen_000067_00033,120.0,1,0,0,0,0,0,0,0,0.68,1,1
scen_000067,alt_scen_000067_00026,alt_scen_000067_00034,140.0,1,0,0,1,1,0,0,0,0.78,1,1
scen_000067,alt_scen_000067_00026,alt_scen_000067_00035,170.0,1,0,0,0,0,0,0,0,0.34,1,1
scen_000067,alt_scen_000067_00027,alt_scen_000067_00028,0.0,1,0,0,0,0,0,0,0,0.71,1,1
scen_000067,alt_scen_000067_00027,alt_scen_000067_00029,10.0,1,0,0,0,0,0,0,0,0.61,1,1
scen_000067,alt_scen_000067_00027,alt_scen_000067_00030,30.0,1,0,0,0,0,0,0,0,0.38,1,1
scen_000067,alt_scen_000067_00027,alt_scen_000067_00031,50.0,1,0,0,0,0,0,0,0,0.14,1,1
scen_000067,alt_scen_000067_00027,alt_scen_000067_00032,100.0,1,0,0,1,1,0,0,0,0.9,1,1
scen_000067,alt_scen_000067_00027,alt_scen_000067_00033,100.0,1,0,0,0,0,0,0,0,0.49,1,1
scen_000067,alt_scen_000067_00027,alt_scen_000067_00034,120.0,1,0,0,1,1,0,0,0,0.31,1,1
scen_000067,alt_scen_000067_00027,alt_scen_000067_00035,150.0,1,0,0,0,0,0,0,0,0.11,1,1
scen_000067,alt_scen_000067_00027,alt_scen_000067_00036,160.0,1,0,0,1,1,0,0,0,0.7,1,1
scen_000067,alt_scen_000067_00028,alt_scen_000067_00029,10.0,1,0,0,1,1,0,0,0,0.67,1,1
scen_000067,alt_scen_000067_00028,alt_scen_000067_00030,30.0,1,0,0,1,1,0,0,0,0.32,1,1
scen_000067,alt_scen_000067_00028,alt_scen_000067_00031,50.0,1,0,0,1,1,0,0,0,0.34,1,1
scen_000067,alt_scen_000067_00028,alt_scen_000067_00032,100.0,1,0,0,0,0,0,0,0,0.45,1,1
scen_000067,alt_scen_000067_00028,alt_scen_000067_00033,100.0,1,0,0,1,1,0,0,0,0.9,1,1
scen_000067,alt_scen_000067_00028,alt_scen_000067_00034,120.0,1,0,0,0,0,0,0,0,0.69,1,1
scen_000067,alt_scen_000067_00028,alt_scen_000067_00035,150.0,1,0,0,1,1,0,0,0,0.74,1,1
scen_000067,alt_scen_000067_00028,alt_scen_000067_00036,160.0,1,0,0,0,0,0,0,0,0.75,1,1
scen_000067,alt_scen_000067_00028,alt_scen_000067_00037,160.0,1,0,0,1,1,0,0,0,0.67,1,1
scen_000067,alt_scen_000067_00029,alt_scen_000067_00030,20.0,1,0,0,1,1,0,0,0,0.21,1,1
scen_000067,alt_scen_000067_00029,alt_scen_000067_00031,40.0,1,0,0,1,1,0,0,0,0.48,1,1
scen_000067,alt_scen_000067_00029,alt_scen_000067_00032,90.0,1,0,0,0,0,0,0,0,0.73,1,1
scen_000067,alt_scen_000067_00029,alt_scen_000067_00033,90.0,1,0,0,1,1,0,0,0,0.72,1,1
scen_000067,alt_scen_000067_00029,alt_scen_000067_00034,110.0,1,0,0,0,0,0,0,0,0.64,1,1
scen_000067,alt_scen_000067_00029,alt_scen_000067_00035,140.0,1,0,0,1,1,0,0,0,0.25,1,1
scen_000067,alt_scen_000067_00029,alt_scen_000067_00036,150.0,1,0,0,0,0,0,0,0,0.39,1,1
scen_000067,alt_scen_000067_00029,alt_scen_000067_00037,150.0,1,0,0,1,1,0,0,0,0.18,1,1
scen_000067,alt_scen_000067_00029,alt_scen_000067_00038,190.0,1,0,0,0,0,0,0,0,0.3,1,1
scen_000067,alt_scen_000067_00030,alt_scen_000067_00031,20.0,1,0,0,1,1,0,0,0,0.65,1,1
scen_000067,alt_scen_000067_00030,alt_scen_000067_00032,70.0,1,0,0,0,0,0,0,0,0.46,1,1
scen_000067,alt_scen_000067_00030,alt_scen_000067_00033,70.0,1,0,0,1,1,0,0,0,0.59,1,1
scen_000067,alt_scen_000067_00030,alt_scen_000067_00034,90.0,1,0,0,0,0,0,0,0,0.63,1,1
scen_000067,alt_scen_000067_00030,alt_scen_000067_00035,120.0,1,0,0,1,1,0,0,0,0.48,1,1
scen_000067,alt_scen_000067_00030,alt_scen_000067_00036,130.0,1,0,0,0,0,0,0,0,0.29,1,1
scen_000067,alt_scen_000067_00030,alt_scen_000067_00037,130.0,1,0,0,1,1,0,0,0,0.54,1,1
scen_000067,alt_scen_000067_00030,alt_scen_000067_00038,170.0,1,0,0,0,0,0,0,0,0.77,1,1
scen_000067,alt_scen_000067_00030,alt_scen_000067_00039,190.0,1,0,0,0,0,0,0,0,0.71,1,1
scen_000067,alt_scen_000067_00031,alt_scen_000067_00032,50.0,1,0,0,0,0,0,0,0,0.15,1,1
scen_000067,alt_scen_000067_00031,alt_scen_000067_00033,50.0,1,0,0,1,1,0,0,0,0.18,1,1
scen_000067,alt_scen_000067_00031,alt_scen_000067_00034,70.0,1,0,0,0,0,0,0,0,0.27,1,1
scen_000067,alt_scen_000067_00031,alt_scen_000067_00035,100.0,1,0,0,1,1,0,0,0,0.45,1,1
scen_000067,alt_scen_000067_00031,alt_scen_000067_00036,110.0,1,0,0,0,0,0,0,0,0.59,1,1
scen_000067,alt_scen_000067_00031,alt_scen_000067_00037,110.0,1,0,0,1,1,0,0,0,0.86,1,1
scen_000067,alt_scen_000067_00031,alt_scen_000067_00038,150.0,1,0,0,0,0,0,0,0,0.69,1,1
scen_000067,alt_scen_000067_00031,alt_scen_000067_00039,170.0,1,0,0,0,0,0,0,0,0.29,1,1
scen_000067,alt_scen_000067_00031,alt_scen_000067_00040,170.0,1,0,0,1,1,0,0,0,0.24,1,1
scen_000067,alt_scen_000067_00032,alt_scen_000067_00033,0.0,1,0,0,0,0,0,0,0,0.1,1,1
scen_000067,alt_scen_000067_00032,alt_scen_000067_00034,20.0,1,0,0,1,1,0,0,0,0.37,1,1
scen_000067,alt_scen_000067_00032,alt_scen_000067_00035,50.0,1,0,0,0,0,0,0,0,0.27,1,1
scen_000067,alt_scen_000067_00032,alt_scen_000067_00036,60.0,1,0,0,1,1,0,0,0,0.48,1,1
scen_000067,alt_scen_000067_00032,alt_scen_000067_00037,60.0,1,0,0,0,0,0,0,0,0.37,1,1
scen_000067,alt_scen_000067_00032,alt_scen_000067_00038,100.0,1,0,0,1,1,0,0,0,0.86,1,1
scen_000067,alt_scen_000067_00032,alt_scen_000067_00039,120.0,1,0,0,1,1,0,0,0,0.57,1,1
scen_000067,alt_scen_000067_00032,alt_scen_000067_00040,120.0,1,0,0,0,0,0,0,0,0.74,1,1
scen_000067,alt_scen_000067_00032,alt_scen_000067_00041,140.0,1,0,0,1,1,0,0,0,0.81,1,1
scen_000067,alt_scen_000067_00033,alt_scen_000067_00034,20.0,1,0,0,0,0,0,0,0,0.68,1,1
scen_000067,alt_scen_000067_00033,alt_scen_000067_00035,50.0,1,0,0,1,1,0,0,0,0.14,1,1
scen_000067,alt_scen_000067_00033,alt_scen_000067_00036,60.0,1,0,0,0,0,0,0,0,0.14,1,1
scen_000067,alt_scen_000067_00033,alt_scen_000067_00037,60.0,1,0,0,1,1,0,0,0,0.26,1,1
scen_000067,alt_scen_000067_00033,alt_scen_000067_00038,100.0,1,0,0,0,0,0,0,0,0.27,1,1
scen_000067,alt_scen_000067_00033,alt_scen_000067_00039,120.0,1,0,0,0,0,0,0,0,0.74,1,1
scen_000067,alt_scen_000067_00033,alt_scen_000067_00040,120.0,1,0,0,1,1,0,0,0,0.3,1,1
scen_000067,alt_scen_000067_00033,alt_scen_000067_00041,140.0,1,0,0,0,0,0,0,0,0.11,1,1
scen_000067,alt_scen_000067_00033,alt_scen_000067_00042,140.0,1,0,0,1,1,0,0,0,0.62,1,1
scen_000067,alt_scen_000067_00034,alt_scen_000067_00035,30.0,1,0,0,0,0,0,0,0,0.77,1,1
scen_000067,alt_scen_000067_00034,alt_scen_000067_00036,40.0,1,0,0,1,1,0,0,0,0.88,1,1
scen_000067,alt_scen_000067_00034,alt_scen_000067_00037,40.0,1,0,0,0,0,0,0,0,0.45,1,1
scen_000067,alt_scen_000067_00034,alt_scen_000067_00038,80.0,1,0,0,1,1,0,0,0,0.18,1,1
scen_000067,alt_scen_000067_00034,alt_scen_000067_00039,100.0,1,0,0,1,1,0,0,0,0.13,1,1
scen_000067,alt_scen_000067_00034,alt_scen_000067_00040,100.0,1,0,0,0,0,0,0,0,0.69,1,1
scen_000067,alt_scen_000067_00034,alt_scen_000067_00041,120.0,1,0,0,1,1,0,0,0,0.9,1,1
scen_000067,alt_scen_000067_00034,alt_scen_000067_00042,120.0,1,0,0,0,0,0,0,0,0.51,1,1
scen_000067,alt_scen_000067_00034,alt_scen_000067_00043,130.0,1,0,0,0,0,0,0,0,0.59,1,1
scen_000067,alt_scen_000067_00035,alt_scen_000067_00036,10.0,1,0,0,0,0,0,0,0,0.57,1,1
scen_000067,alt_scen_000067_00035,alt_scen_000067_00037,10.0,1,0,0,1,1,0,0,0,0.31,1,1
scen_000067,alt_scen_000067_00035,alt_scen_000067_00038,50.0,1,0,0,0,0,0,0,0,0.33,1,1
scen_000067,alt_scen_000067_00035,alt_scen_000067_00039,70.0,1,0,0,0,0,0,0,0,0.65,1,1
scen_000067,alt_scen_000067_00035,alt_scen_000067_00040,70.0,1,0,0,1,1,0,0,0,0.41,1,1
scen_000067,alt_scen_000067_00035,alt_scen_000067_00041,90.0,1,0,0,0,0,0,0,0,0.12,1,1
scen_000067,alt_scen_000067_00035,alt_scen_000067_00042,90.0,1,0,0,1,1,0,0,0,0.79,1,1
scen_000067,alt_scen_000067_00035,alt_scen_000067_00043,100.0,1,0,0,1,1,0,0,0,0.55,1,1
scen_000067,alt_scen_000067_00035,alt_scen_000067_00044,110.0,1,0,0,0,0,0,0,0,0.25,1,1
scen_000067,alt_scen_000067_00036,alt_scen_000067_00037,0.0,1,0,0,0,0,0,0,0,0.74,1,1
scen_000067,alt_scen_000067_00036,alt_scen_000067_00038,40.0,1,0,0,1,1,0,0,0,0.6,1,1
scen_000067,alt_scen_000067_00036,alt_scen_000067_00039,60.0,1,0,0,1,1,0,0,0,0.37,1,1
scen_000067,alt_scen_000067_00036,alt_scen_000067_00040,60.0,1,0,0,0,0,0,0,0,0.37,1,1
scen_000067,alt_scen_000067_00036,alt_scen_000067_00041,80.0,1,0,0,1,1,0,0,0,0.72,1,1
scen_000067,alt_scen_000067_00036,alt_scen_000067_00042,80.0,1,0,0,0,0,0,0,0,0.83,1,1
scen_000067,alt_scen_000067_00036,alt_scen_000067_00043,90.0,1,0,0,0,0,0,0,0,0.13,1,1
scen_000067,alt_scen_000067_00036,alt_scen_000067_00044,100.0,1,0,0,1,1,0,0,0,0.71,1,1
scen_000067,alt_scen_000067_00036,alt_scen_000067_00046,125.54,1,0,0,0,0,0,0,0,0.29,1,1
scen_000067,alt_scen_000067_00037,alt_scen_000067_00038,40.0,1,0,0,0,0,0,0,0,0.58,1,1
scen_000067,alt_scen_000067_00037,alt_scen_000067_00039,60.0,1,0,0,0,0,0,0,0,0.5,1,1
scen_000067,alt_scen_000067_00037,alt_scen_000067_00040,60.0,1,0,0,1,1,0,0,0,0.27,1,1
scen_000067,alt_scen_000067_00037,alt_scen_000067_00041,80.0,1,0,0,0,0,0,0,0,0.44,1,1
scen_000067,alt_scen_000067_00037,alt_scen_000067_00042,80.0,1,0,0,1,1,0,0,0,0.18,1,1
scen_000067,alt_scen_000067_00037,alt_scen_000067_00043,90.0,1,0,0,1,1,0,0,0,0.11,1,1
scen_000067,alt_scen_000067_00037,alt_scen_000067_00044,100.0,1,0,0,0,0,0,0,0,0.55,1,1
scen_000067,alt_scen_000067_00037,alt_scen_000067_00046,125.54,1,0,0,1,1,0,0,0,0.1,1,1
scen_000067,alt_scen_000067_00037,alt_scen_000067_00045,130.0,1,0,0,1,1,0,0,0,0.42,1,1
scen_000067,alt_scen_000067_00038,alt_scen_000067_00039,20.0,1,0,0,1,1,0,0,0,0.76,1,1
scen_000067,alt_scen_000067_00038,alt_scen_000067_00040,20.0,1,0,0,0,0,0,0,0,0.78,1,1
scen_000067,alt_scen_000067_00038,alt_scen_000067_00041,40.0,1,0,0,1,1,0,0,0,0.61,1,1
scen_000067,alt_scen_000067_00038,alt_scen_000067_00042,40.0,1,0,0,0,0,0,0,0,0.79,1,1
scen_000067,alt_scen_000067_00038,alt_scen_000067_00043,50.0,1,0,0,0,0,0,0,0,0.16,1,1
scen_000067,alt_scen_000067_00038,alt_scen_000067_00044,60.0,1,0,0,1,1,0,0,0,0.81,1,1
scen_000067,alt_scen_000067_00038,alt_scen_000067_00046,85.54,1,0,0,0,0,0,0,0,0.75,1,1
scen_000067,alt_scen_000067_00038,alt_scen_000067_00045,90.0,1,0,0,0,0,0,0,0,0.5,1,1
scen_000067,alt_scen_000067_00038,alt_scen_000067_00047,110.0,1,0,0,1,1,0,0,0,0.15,1,1
scen_000067,alt_scen_000067_00039,alt_scen_000067_00040,0.0,1,0,0,0,0,0,0,0,0.25,1,1
scen_000067,alt_scen_000067_00039,alt_scen_000067_00041,20.0,1,0,0,1,1,0,0,0,0.23,1,1
scen_000067,alt_scen_000067_00039,alt_scen_000067_00042,20.0,1,0,0,0,0,0,0,0,0.16,1,1
scen_000067,alt_scen_000067_00039,alt_scen_000067_00043,30.0,1,0,0,0,0,0,0,0,0.68,1,1
scen_000067,alt_scen_000067_00039,alt_scen_000067_00044,40.0,1,0,0,1,1,0,0,0,0.28,1,1
scen_000067,alt_scen_000067_00039,alt_scen_000067_00046,65.54,1,0,0,0,0,0,0,0,0.61,1,1
scen_000067,alt_scen_000067_00039,alt_scen_000067_00045,70.0,1,0,0,0,0,0,0,0,0.33,1,1
scen_000067,alt_scen_000067_00039,alt_scen_000067_00047,90.0,1,0,0,1,1,0,0,0,0.64,1,1
scen_000067,alt_scen_000067_00039,alt_scen_000067_00048,90.0,1,0,0,0,0,0,0,0,0.8,1,1
scen_000067,alt_scen_000067_00040,alt_scen_000067_00041,20.0,1,0,0,0,0,0,0,0,0.57,1,1
scen_000067,alt_scen_000067_00040,alt_scen_000067_00042,20.0,1,0,0,1,1,0,0,0,0.16,1,1
scen_000067,alt_scen_000067_00040,alt_scen_000067_00043,30.0,1,0,0,1,1,0,0,0,0.72,1,1
scen_000067,alt_scen_000067_00040,alt_scen_000067_00044,40.0,1,0,0,0,0,0,0,0,0.2,1,1
scen_000067,alt_scen_000067_00040,alt_scen_000067_00046,65.54,1,0,0,1,1,0,0,0,0.25,1,1
scen_000067,alt_scen_000067_00040,alt_scen_000067_00045,70.0,1,0,0,1,1,0,0,0,0.45,1,1
scen_000067,alt_scen_000067_00040,alt_scen_000067_00047,90.0,1,0,0,0,0,0,0,0,0.69,1,1
scen_000067,alt_scen_000067_00040,alt_scen_000067_00048,90.0,1,0,0,1,1,0,0,0,0.42,1,1
scen_000067,alt_scen_000067_00040,alt_scen_000067_00049,100.0,1,0,0,1,1,0,0,0,0.64,1,1
scen_000067,alt_scen_000067_00041,alt_scen_000067_00042,0.0,1,0,0,0,0,0,0,0,0.32,1,1
scen_000067,alt_scen_000067_00041,alt_scen_000067_00043,10.0,1,0,0,0,0,0,0,0,0.83,1,1
scen_000067,alt_scen_000067_00041,alt_scen_000067_00044,20.0,1,0,0,1,1,0,0,0,0.2,1,1
scen_000067,alt_scen_000067_00041,alt_scen_000067_00046,45.54,1,0,0,0,0,0,0,0,0.35,1,1
scen_000067,alt_scen_000067_00041,alt_scen_000067_00045,50.0,1,0,0,0,0,0,0,0,0.75,1,1
scen_000067,alt_scen_000067_00041,alt_scen_000067_00047,70.0,1,0,0,1,1,0,0,0,0.62,1,1
scen_000067,alt_scen_000067_00041,alt_scen_000067_00048,70.0,1,0,0,0,0,0,0,0,0.3,1,1
scen_000067,alt_scen_000067_00041,alt_scen_000067_00049,80.0,1,0,0,0,0,0,0,0,0.57,1,1
scen_000067,alt_scen_000067_00041,alt_scen_000067_00050,90.0,1,0,0,0,0,0,0,0,0.83,1,1
scen_000067,alt_scen_000067_00042,alt_scen_000067_00043,10.0,1,0,0,1,1,0,0,0,0.52,1,1
scen_000067,alt_scen_000067_00042,alt_scen_000067_00044,20.0,1,0,0,0,0,0,0,0,0.76,1,1
scen_000067,alt_scen_000067_00042,alt_scen_000067_00046,45.54,1,0,0,1,1,0,0,0,0.84,1,1
scen_000067,alt_scen_000067_00042,alt_scen_000067_00045,50.0,1,0,0,1,1,0,0,0,0.26,1,1
scen_000067,alt_scen_000067_00042,alt_scen_000067_00047,70.0,1,0,0,0,0,0,0,0,0.23,1,1
scen_000067,alt_scen_000067_00042,alt_scen_000067_00048,70.0,1,0,0,1,1,0,0,0,0.63,1,1
scen_000067,alt_scen_000067_00042,alt_scen_000067_00049,80.0,1,0,0,1,1,0,0,0,0.4,1,1
scen_000067,alt_scen_000067_00042,alt_scen_000067_00050,90.0,1,0,0,1,1,0,0,0,0.17,1,1
scen_000067,alt_scen_000067_00042,alt_scen_000067_00051,92.36,1,0,0,1,1,0,0,0,0.1,1,1
scen_000067,alt_scen_000067_00043,alt_scen_000067_00044,10.0,1,0,0,0,0,0,0,0,0.45,1,1
scen_000067,alt_scen_000067_00043,alt_scen_000067_00046,35.54,1,0,0,1,1,0,0,0,0.71,1,1
scen_000067,alt_scen_000067_00043,alt_scen_000067_00045,40.0,1,0,0,1,1,0,0,0,0.67,1,1
scen_000067,alt_scen_000067_00043,alt_scen_000067_00047,60.0,1,0,0,0,0,0,0,0,0.49,1,1
scen_000067,alt_scen_000067_00043,alt_scen_000067_00048,60.0,1,0,0,1,1,0,0,0,0.23,1,1
scen_000067,alt_scen_000067_00043,alt_scen_000067_00049,70.0,1,0,0,1,1,0,0,0,0.8,1,1
scen_000067,alt_scen_000067_00043,alt_scen_000067_00050,80.0,1,0,0,1,1,0,0,0,0.77,1,1
scen_000067,alt_scen_000067_00043,alt_scen_000067_00051,82.36,1,0,0,1,1,0,0,0,0.39,1,1
scen_000067,alt_scen_000067_00043,alt_scen_000067_00054,86.92,1,0,0,1,1,0,0,0,0.24,1,1
scen_000067,alt_scen_000067_00044,alt_scen_000067_00046,25.54,1,0,0,0,0,0,0,0,0.18,1,1
scen_000067,alt_scen_000067_00044,alt_scen_000067_00045,30.0,1,0,0,0,0,0,0,0,0.36,1,1
scen_000067,alt_scen_000067_00044,alt_scen_000067_00047,50.0,1,0,0,1,1,0,0,0,0.53,1,1
scen_000067,alt_scen_000067_00044,alt_scen_000067_00048,50.0,1,0,0,0,0,0,0,0,0.46,1,1
scen_000067,alt_scen_000067_00044,alt_scen_000067_00049,60.0,1,0,0,0,0,0,0,0,0.6,1,1
scen_000067,alt_scen_000067_00044,alt_scen_000067_00050,70.0,1,0,0,0,0,0,0,0,0.31,1,1
scen_000067,alt_scen_000067_00044,alt_scen_000067_00051,72.36,1,0,0,0,0,0,0,0,0.71,1,1
scen_000067,alt_scen_000067_00044,alt_scen_000067_00054,76.92,1,0,0,0,0,0,0,0,0.64,1,1
scen_000067,alt_scen_000067_00044,alt_scen_000067_00052,80.0,1,0,0,1,1,0,0,0,0.61,1,1
scen_000067,alt_scen_000067_00046,alt_scen_000067_00045,4.46,1,0,0,1,1,0,0,0,0.25,1,1
scen_000067,alt_scen_000067_00046,alt_scen_000067_00047,24.46,1,0,0,0,0,0,0,0,0.81,1,1
scen_000067,alt_scen_000067_00046,alt_scen_000067_00048,24.46,1,0,0,1,1,0,0,0,0.75,1,1
scen_000067,alt_scen_000067_00046,alt_scen_000067_00049,34.46,1,0,0,1,1,0,0,0,0.55,1,1
scen_000067,alt_scen_000067_00046,alt_scen_000067_00050,44.46,1,0,0,1,1,0,0,0,0.5,1,1
scen_000067,alt_scen_000067_00046,alt_scen_000067_00051,46.82,1,0,0,1,1,0,0,0,0.22,1,1
scen_000067,alt_scen_000067_00046,alt_scen_000067_00054,51.38,1,0,0,1,1,0,0,0,0.78,1,1
scen_000067,alt_scen_000067_00046,alt_scen_000067_00052,54.46,1,0,0,0,0,0,0,0,0.82,1,1
scen_000067,alt_scen_000067_00046,alt_scen_000067_00053,54.46,1,0,0,1,1,0,0,0,0.77,1,1
scen_000067,alt_scen_000067_00045,alt_scen_000067_00047,20.0,1,0,0,0,0,0,0,0,0.53,1,1
scen_000067,alt_scen_000067_00045,alt_scen_000067_00048,20.0,1,0,0,1,1,0,0,0,0.12,1,1
scen_000067,alt_scen_000067_00045,alt_scen_000067_00049,30.0,1,0,0,1,1,0,0,0,0.47,1,1
scen_000067,alt_scen_000067_00045,alt_scen_000067_00050,40.0,1,0,0,1,1,0,0,0,0.86,1,1
scen_000067,alt_scen_000067_00045,alt_scen_000067_00051,42.36,1,0,0,1,1,0,0,0,0.74,1,1
scen_000067,alt_scen_000067_00045,alt_scen_000067_00054,46.92,1,0,0,1,1,0,0,0,0.4,1,1
scen_000067,alt_scen_000067_00045,alt_scen_000067_00052,50.0,1,0,0,0,0,0,0,0,0.42,1,1
scen_000067,alt_scen_000067_00045,alt_scen_000067_00053,50.0,1,0,0,1,1,0,0,0,0.49,1,1
scen_000067,alt_scen_000067_00045,alt_scen_000067_00055,90.0,1,0,0,0,0,0,0,0,0.55,1,1
scen_000067,alt_scen_000067_00047,alt_scen_000067_00048,0.0,1,0,0,0,0,0,0,0,0.89,1,1
scen_000067,alt_scen_000067_00047,alt_scen_000067_00049,10.0,1,0,0,0,0,0,0,0,0.58,1,1
scen_000067,alt_scen_000067_00047,alt_scen_000067_00050,20.0,1,0,0,0,0,0,0,0,0.78,1,1
scen_000067,alt_scen_000067_00047,alt_scen_000067_00051,22.36,1,0,0,0,0,0,0,0,0.18,1,1
scen_000067,alt_scen_000067_00047,alt_scen_000067_00054,26.92,1,0,0,0,0,0,0,0,0.77,1,1
scen_000067,alt_scen_000067_00047,alt_scen_000067_00052,30.0,1,0,0,1,1,0,0,0,0.73,1,1
scen_000067,alt_scen_000067_00047,alt_scen_000067_00053,30.0,1,0,0,0,0,0,0,0,0.86,1,1
scen_000067,alt_scen_000067_00047,alt_scen_000067_00055,70.0,1,0,0,1,1,0,0,0,0.33,1,1
scen_000067,alt_scen_000067_00047,alt_scen_000067_00056,90.0,1,0,0,1,1,0,0,0,0.58,1,1
scen_000067,alt_scen_000067_00048,alt_scen_000067_00049,10.0,1,0,0,1,1,0,0,0,0.57,1,1
scen_000067,alt_scen_000067_00048,alt_scen_000067_00050,20.0,1,0,0,1,1,0,0,0,0.38,1,1
scen_000067,alt_scen_000067_00048,alt_scen_000067_00051,22.36,1,0,0,1,1,0,0,0,0.56,1,1
scen_000067,alt_scen_000067_00048,alt_scen_000067_00054,26.92,1,0,0,1,1,0,0,0,0.74,1,1
scen_000067,alt_scen_000067_00048,alt_scen_000067_00052,30.0,1,0,0,0,0,0,0,0,0.21,1,1
scen_000067,alt_scen_000067_00048,alt_scen_000067_00053,30.0,1,0,0,1,1,0,0,0,0.29,1,1
scen_000067,alt_scen_000067_00048,alt_scen_000067_00055,70.0,1,0,0,0,0,0,0,0,0.23,1,1
scen_000067,alt_scen_000067_00048,alt_scen_000067_00056,90.0,1,0,0,0,0,0,0,0,0.66,1,1
scen_000067,alt_scen_000067_00048,alt_scen_000067_00057,120.0,1,0,0,1,1,0,0,0,0.36,1,1
scen_000067,alt_scen_000067_00049,alt_scen_000067_00050,10.0,1,0,0,1,1,0,0,0,0.34,1,1
scen_000067,alt_scen_000067_00049,alt_scen_000067_00051,12.36,1,0,0,1,1,0,0,0,0.38,1,1
scen_000067,alt_scen_000067_00049,alt_scen_000067_00054,16.92,1,0,0,1,1,0,0,0,0.54,1,1
scen_000067,alt_scen_000067_00049,alt_scen_000067_00052,20.0,1,0,0,0,0,0,0,0,0.67,1,1
scen_000067,alt_scen_000067_00049,alt_scen_000067_00053,20.0,1,0,0,1,1,0,0,0,0.57,1,1
scen_000067,alt_scen_000067_00049,alt_scen_000067_00055,60.0,1,0,0,0,0,0,0,0,0.82,1,1
scen_000067,alt_scen_000067_00049,alt_scen_000067_00056,80.0,1,0,0,0,0,0,0,0,0.21,1,1
scen_000067,alt_scen_000067_00049,alt_scen_000067_00057,110.0,1,0,0,1,1,0,0,0,0.71,1,1
scen_000067,alt_scen_000067_00049,alt_scen_000067_00058,120.0,1,0,0,1,1,0,0,0,0.69,1,1
scen_000067,alt_scen_000067_00050,alt_scen_000067_00051,2.36,1,0,0,1,1,0,0,0,0.67,1,1
scen_000067,alt_scen_000067_00050,alt_scen_000067_00054,6.92,1,0,0,1,1,0,0,0,0.35,1,1
scen_000067,alt_scen_000067_00050,alt_scen_000067_00052,10.0,1,0,0,0,0,0,0,0,0.2,1,1
scen_000067,alt_scen_000067_00050,alt_scen_000067_00053,10.0,1,0,0,1,1,0,0,0,0.39,1,1
scen_000067,alt_scen_000067_00050,alt_scen_000067_00055,50.0,1,0,0,0,0,0,0,0,0.21,1,1
scen_000067,alt_scen_000067_00050,alt_scen_000067_00056,70.0,1,0,0,0,0,0,0,0,0.46,1,1
scen_000067,alt_scen_000067_00050,alt_scen_000067_00057,100.0,1,0,0,1,1,0,0,0,0.71,1,1
scen_000067,alt_scen_000067_00050,alt_scen_000067_00058,110.0,1,0,0,1,1,0,0,0,0.56,1,1
scen_000067,alt_scen_000067_00050,alt_scen_000067_00059,130.0,1,0,0,1,1,0,0,0,0.58,1,1
scen_000067,alt_scen_000067_00051,alt_scen_000067_00054,4.56,1,0,0,1,1,0,0,0,0.1,1,1
scen_000067,alt_scen_000067_00051,alt_scen_000067_00052,7.64,1,0,0,0,0,0,0,0,0.64,1,1
scen_000067,alt_scen_000067_00051,alt_scen_000067_00053,7.64,1,0,0,1,1,0,0,0,0.84,1,1
scen_000067,alt_scen_000067_00051,alt_scen_000067_00055,47.64,1,0,0,0,0,0,0,0,0.65,1,1
scen_000067,alt_scen_000067_00051,alt_scen_000067_00056,67.64,1,0,0,0,0,0,0,0,0.63,1,1
scen_000067,alt_scen_000067_00051,alt_scen_000067_00057,97.64,1,0,0,1,1,0,0,0,0.59,1,1
scen_000067,alt_scen_000067_00051,alt_scen_000067_00058,107.64,1,0,0,1,1,0,0,0,0.61,1,1
scen_000067,alt_scen_000067_00051,alt_scen_000067_00059,127.64,1,0,0,1,1,0,0,0,0.82,1,1
scen_000067,alt_scen_000067_00051,alt_scen_000067_00060,187.64,1,0,0,1,1,0,0,0,0.63,1,1
scen_000067,alt_scen_000067_00054,alt_scen_000067_00052,3.08,1,0,0,0,0,0,0,0,0.63,1,1
scen_000067,alt_scen_000067_00054,alt_scen_000067_00053,3.08,1,0,0,1,1,0,0,0,0.89,1,1
scen_000067,alt_scen_000067_00054,alt_scen_000067_00055,43.08,1,0,0,0,0,0,0,0,0.18,1,1
scen_000067,alt_scen_000067_00054,alt_scen_000067_00056,63.08,1,0,0,0,0,0,0,0,0.45,1,1
scen_000067,alt_scen_000067_00054,alt_scen_000067_00057,93.08,1,0,0,1,1,0,0,0,0.24,1,1
scen_000067,alt_scen_000067_00054,alt_scen_000067_00058,103.08,1,0,0,1,1,0,0,0,0.6,1,1
scen_000067,alt_scen_000067_00054,alt_scen_000067_00059,123.08,1,0,0,1,1,0,0,0,0.34,1,1
scen_000067,alt_scen_000067_00054,alt_scen_000067_00060,183.08,1,0,0,1,1,0,0,0,0.33,1,1
scen_000067,alt_scen_000067_00054,alt_scen_000067_00061,203.08,1,0,0,1,1,0,0,0,0.35,1,1
scen_000067,alt_scen_000067_00052,alt_scen_000067_00053,0.0,1,0,0,0,0,0,0,0,0.19,1,1
scen_000067,alt_scen_000067_00052,alt_scen_000067_00055,40.0,1,0,0,1,1,0,0,0,0.16,1,1
scen_000067,alt_scen_000067_00052,alt_scen_000067_00056,60.0,1,0,0,1,1,0,0,0,0.88,1,1
scen_000067,alt_scen_000067_00052,alt_scen_000067_00057,90.0,1,0,0,0,0,0,0,0,0.78,1,1
scen_000067,alt_scen_000067_00052,alt_scen_000067_00058,100.0,1,0,0,0,0,0,0,0,0.21,1,1
scen_000067,alt_scen_000067_00052,alt_scen_000067_00059,120.0,1,0,0,0,0,0,0,0,0.88,1,1
scen_000067,alt_scen_000067_00052,alt_scen_000067_00060,180.0,1,0,0,0,0,0,0,0,0.53,1,1
scen_000067,alt_scen_000067_00052,alt_scen_000067_00061,200.0,1,0,0,0,0,0,0,0,0.73,1,1
scen_000067,alt_scen_000067_00052,alt_scen_000067_00063,250.46,1,0,0,1,1,0,0,0,0.62,1,1
scen_000067,alt_scen_000067_00053,alt_scen_000067_00055,40.0,1,0,0,0,0,0,0,0,0.56,1,1
scen_000067,alt_scen_000067_00053,alt_scen_000067_00056,60.0,1,0,0,0,0,0,0,0,0.18,1,1
scen_000067,alt_scen_000067_00053,alt_scen_000067_00057,90.0,1,0,0,1,1,0,0,0,0.62,1,1
scen_000067,alt_scen_000067_00053,alt_scen_000067_00058,100.0,1,0,0,1,1,0,0,0,0.27,1,1
scen_000067,alt_scen_000067_00053,alt_scen_000067_00059,120.0,1,0,0,1,1,0,0,0,0.31,1,1
scen_000067,alt_scen_000067_00053,alt_scen_000067_00060,180.0,1,0,0,1,1,0,0,0,0.28,1,1
scen_000067,alt_scen_000067_00053,alt_scen_000067_00061,200.0,1,0,0,1,1,0,0,0,0.69,1,1
scen_000067,alt_scen_000067_00053,alt_scen_000067_00063,250.46,1,0,0,0,0,0,0,0,0.46,1,1
scen_000067,alt_scen_000067_00053,alt_scen_000067_00062,250.0,1,0,0,0,0,0,0,0,0.58,1,1
scen_000067,alt_scen_000067_00055,alt_scen_000067_00056,20.0,1,0,0,1,1,0,0,0,0.22,1,1
scen_000067,alt_scen_000067_00055,alt_scen_000067_00057,50.0,1,0,0,0,0,0,0,0,0.2,1,1
scen_000067,alt_scen_000067_00055,alt_scen_000067_00058,60.0,1,0,0,0,0,0,0,0,0.26,1,1
scen_000067,alt_scen_000067_00055,alt_scen_000067_00059,80.0,1,0,0,0,0,0,0,0,0.58,1,1
scen_000067,alt_scen_000067_00055,alt_scen_000067_00060,140.0,1,0,0,0,0,0,0,0,0.19,1,1
scen_000067,alt_scen_000067_00055,alt_scen_000067_00061,160.0,1,0,0,0,0,0,0,0,0.13,1,1
scen_000067,alt_scen_000067_00055,alt_scen_000067_00063,210.46,1,0,0,1,1,0,0,0,0.19,1,1
scen_000067,alt_scen_000067_00055,alt_scen_000067_00062,210.0,1,0,0,1,1,0,0,0,0.42,1,1
scen_000067,alt_scen_000067_00055,alt_scen_000067_00064,220.0,1,0,0,1,1,0,0,0,0.58,1,1
scen_000067,alt_scen_000067_00056,alt_scen_000067_00057,30.0,1,0,0,0,0,0,0,0,0.46,1,1
scen_000067,alt_scen_000067_00056,alt_scen_000067_00058,40.0,1,0,0,0,0,0,0,0,0.74,1,1
scen_000067,alt_scen_000067_00056,alt_scen_000067_00059,60.0,1,0,0,0,0,0,0,0,0.27,1,1
scen_000067,alt_scen_000067_00056,alt_scen_000067_00060,120.0,1,0,0,0,0,0,0,0,0.76,1,1
scen_000067,alt_scen_000067_00056,alt_scen_000067_00061,140.0,1,0,0,0,0,0,0,0,0.83,1,1
scen_000067,alt_scen_000067_00056,alt_scen_000067_00063,190.46,1,0,0,1,1,0,0,0,0.75,1,1
scen_000067,alt_scen_000067_00056,alt_scen_000067_00062,190.0,1,0,0,1,1,0,0,0,0.12,1,1
scen_000067,alt_scen_000067_00056,alt_scen_000067_00064,200.0,1,0,0,1,1,0,0,0,0.45,1,1
scen_000067,alt_scen_000067_00056,alt_scen_000067_00065,200.0,1,0,0,0,0,0,0,0,0.44,1,1
scen_000067,alt_scen_000067_00057,alt_scen_000067_00058,10.0,1,0,0,1,1,0,0,0,0.23,1,1
scen_000067,alt_scen_000067_00057,alt_scen_000067_00059,30.0,1,0,0,1,1,0,0,0,0.57,1,1
scen_000067,alt_scen_000067_00057,alt_scen_000067_00060,90.0,1,0,0,1,1,0,0,0,0.77,1,1
scen_000067,alt_scen_000067_00057,alt_scen_000067_00061,110.0,1,0,0,1,1,0,0,0,0.33,1,1
scen_000067,alt_scen_000067_00057,alt_scen_000067_00063,160.46,1,0,0,0,0,0,0,0,0.44,1,1
scen_000067,alt_scen_000067_00057,alt_scen_000067_00062,160.0,1,0,0,0,0,0,0,0,0.74,1,1
scen_000067,alt_scen_000067_00057,alt_scen_000067_00064,170.0,1,0,0,0,0,0,0,0,0.29,1,1
scen_000067,alt_scen_000067_00057,alt_scen_000067_00065,170.0,1,0,0,1,1,0,0,0,0.54,1,1
scen_000067,alt_scen_000067_00057,alt_scen_000067_00066,190.0,1,0,0,0,0,0,0,0,0.18,1,1
scen_000067,alt_scen_000067_00058,alt_scen_000067_00059,20.0,1,0,0,1,1,0,0,0,0.71,1,1
scen_000067,alt_scen_000067_00058,alt_scen_000067_00060,80.0,1,0,0,1,1,0,0,0,0.33,1,1
scen_000067,alt_scen_000067_00058,alt_scen_000067_00061,100.0,1,0,0,1,1,0,0,0,0.75,1,1
scen_000067,alt_scen_000067_00058,alt_scen_000067_00063,150.46,1,0,0,0,0,0,0,0,0.64,1,1
scen_000067,alt_scen_000067_00058,alt_scen_000067_00062,150.0,1,0,0,0,0,0,0,0,0.14,1,1
scen_000067,alt_scen_000067_00058,alt_scen_000067_00064,160.0,1,0,0,0,0,0,0,0,0.32,1,1
scen_000067,alt_scen_000067_00058,alt_scen_000067_00065,160.0,1,0,0,1,1,0,0,0,0.16,1,1
scen_000067,alt_scen_000067_00058,alt_scen_000067_00066,180.0,1,0,0,0,0,0,0,0,0.27,1,1
scen_000067,alt_scen_000067_00058,alt_scen_000067_00067,200.0,1,0,0,1,1,0,0,0,0.21,1,1
scen_000067,alt_scen_000067_00059,alt_scen_000067_00060,60.0,1,0,0,1,1,0,0,0,0.47,1,1
scen_000067,alt_scen_000067_00059,alt_scen_000067_00061,80.0,1,0,0,1,1,0,0,0,0.4,1,1
scen_000067,alt_scen_000067_00059,alt_scen_000067_00063,130.46,1,0,0,0,0,0,0,0,0.46,1,1
scen_000067,alt_scen_000067_00059,alt_scen_000067_00062,130.0,1,0,0,0,0,0,0,0,0.29,1,1
scen_000067,alt_scen_000067_00059,alt_scen_000067_00064,140.0,1,0,0,0,0,0,0,0,0.42,1,1
scen_000067,alt_scen_000067_00059,alt_scen_000067_00065,140.0,1,0,0,1,1,0,0,0,0.3,1,1
scen_000067,alt_scen_000067_00059,alt_scen_000067_00066,160.0,1,0,0,0,0,0,0,0,0.66,1,1
scen_000067,alt_scen_000067_00059,alt_scen_000067_00067,180.0,1,0,0,1,1,0,0,0,0.67,1,1
scen_000067,alt_scen_000067_00059,alt_scen_000067_00068,220.0,1,0,0,0,0,0,0,0,0.31,1,1
scen_000067,alt_scen_000067_00060,alt_scen_000067_00061,20.0,1,0,0,1,1,0,0,0,0.22,1,1
scen_000067,alt_scen_000067_00060,alt_scen_000067_00063,70.46,1,0,0,0,0,0,0,0,0.74,1,1
scen_000067,alt_scen_000067_00060,alt_scen_000067_00062,70.0,1,0,0,0,0,0,0,0,0.35,1,1
scen_000067,alt_scen_000067_00060,alt_scen_000067_00064,80.0,1,0,0,0,0,0,0,0,0.31,1,1
scen_000067,alt_scen_000067_00060,alt_scen_000067_00065,80.0,1,0,0,1,1,0,0,0,0.68,1,1
scen_000067,alt_scen_000067_00060,alt_scen_000067_00066,100.0,1,0,0,0,0,0,0,0,0.59,1,1
scen_000067,alt_scen_000067_00060,alt_scen_000067_00067,120.0,1,0,0,1,1,0,0,0,0.49,1,1
scen_000067,alt_scen_000067_00060,alt_scen_000067_00068,160.0,1,0,0,0,0,0,0,0,0.53,1,1
scen_000067,alt_scen_000067_00060,alt_scen_000067_00069,180.0,1,0,0,0,0,0,0,0,0.54,1,1
scen_000067,alt_scen_000067_00061,alt_scen_000067_00063,50.46,1,0,0,0,0,0,0,0,0.86,1,1
scen_000067,alt_scen_000067_00061,alt_scen_000067_00062,50.0,1,0,0,0,0,0,0,0,0.66,1,1
scen_000067,alt_scen_000067_00061,alt_scen_000067_00064,60.0,1,0,0,0,0,0,0,0,0.44,1,1
scen_000067,alt_scen_000067_00061,alt_scen_000067_00065,60.0,1,0,0,1,1,0,0,0,0.57,1,1
scen_000067,alt_scen_000067_00061,alt_scen_000067_00066,80.0,1,0,0,0,0,0,0,0,0.76,1,1
scen_000067,alt_scen_000067_00061,alt_scen_000067_00067,100.0,1,0,0,1,1,0,0,0,0.59,1,1
scen_000067,alt_scen_000067_00061,alt_scen_000067_00068,140.0,1,0,0,0,0,0,0,0,0.25,1,1
scen_000067,alt_scen_000067_00061,alt_scen_000067_00069,160.0,1,0,0,0,0,0,0,0,0.17,1,1
scen_000067,alt_scen_000067_00061,alt_scen_000067_00070,190.0,1,0,0,0,0,0,0,0,0.69,1,1
scen_000067,alt_scen_000067_00063,alt_scen_000067_00062,0.46,1,0,0,1,1,0,0,0,0.67,1,1
scen_000067,alt_scen_000067_00063,alt_scen_000067_00064,9.54,1,0,0,1,1,0,0,0,0.22,1,1
scen_000067,alt_scen_000067_00063,alt_scen_000067_00065,9.54,1,0,0,0,0,0,0,0,0.34,1,1
scen_000067,alt_scen_000067_00063,alt_scen_000067_00066,29.54,1,0,0,1,1,0,0,0,0.12,1,1
scen_000067,alt_scen_000067_00063,alt_scen_000067_00067,49.54,1,0,0,0,0,0,0,0,0.57,1,1
scen_000067,alt_scen_000067_00063,alt_scen_000067_00068,89.54,1,0,0,1,1,0,0,0,0.81,1,1
scen_000067,alt_scen_000067_00063,alt_scen_000067_00069,109.54,1,0,0,1,1,0,0,0,0.81,1,1
scen_000067,alt_scen_000067_00063,alt_scen_000067_00070,139.54,1,0,0,1,1,0,0,0,0.23,1,1
scen_000067,alt_scen_000067_00063,alt_scen_000067_00071,159.54,1,0,0,0,0,0,0,0,0.87,1,1
scen_000067,alt_scen_000067_00062,alt_scen_000067_00064,10.0,1,0,0,1,1,0,0,0,0.53,1,1
scen_000067,alt_scen_000067_00062,alt_scen_000067_00065,10.0,1,0,0,0,0,0,0,0,0.31,1,1
scen_000067,alt_scen_000067_00062,alt_scen_000067_00066,30.0,1,0,0,1,1,0,0,0,0.17,1,1
scen_000067,alt_scen_000067_00062,alt_scen_000067_00067,50.0,1,0,0,0,0,0,0,0,0.43,1,1
scen_000067,alt_scen_000067_00062,alt_scen_000067_00068,90.0,1,0,0,1,1,0,0,0,0.37,1,1
scen_000067,alt_scen_000067_00062,alt_scen_000067_00069,110.0,1,0,0,1,1,0,0,0,0.87,1,1
scen_000067,alt_scen_000067_00062,alt_scen_000067_00070,140.0,1,0,0,1,1,0,0,0,0.48,1,1
scen_000067,alt_scen_000067_00062,alt_scen_000067_00071,160.0,1,0,0,0,0,0,0,0,0.81,1,1
scen_000067,alt_scen_000067_00062,alt_scen_000067_00072,170.0,1,0,0,0,0,0,0,0,0.9,1,1
scen_000067,alt_scen_000067_00064,alt_scen_000067_00065,0.0,1,0,0,0,0,0,0,0,0.74,1,1
scen_000067,alt_scen_000067_00064,alt_scen_000067_00066,20.0,1,0,0,1,1,0,0,0,0.7,1,1
scen_000067,alt_scen_000067_00064,alt_scen_000067_00067,40.0,1,0,0,0,0,0,0,0,0.4,1,1
scen_000067,alt_scen_000067_00064,alt_scen_000067_00068,80.0,1,0,0,1,1,0,0,0,0.79,1,1
scen_000067,alt_scen_000067_00064,alt_scen_000067_00069,100.0,1,0,0,1,1,0,0,0,0.8,1,1
scen_000067,alt_scen_000067_00064,alt_scen_000067_00070,130.0,1,0,0,1,1,0,0,0,0.86,1,1
scen_000067,alt_scen_000067_00064,alt_scen_000067_00071,150.0,1,0,0,0,0,0,0,0,0.33,1,1
scen_000067,alt_scen_000067_00064,alt_scen_000067_00072,160.0,1,0,0,0,0,0,0,0,0.79,1,1
scen_000067,alt_scen_000067_00064,alt_scen_000067_00073,164.82,1,0,0,0,0,0,0,0,0.24,1,1
scen_000067,alt_scen_000067_00065,alt_scen_000067_00066,20.0,1,0,0,0,0,0,0,0,0.72,1,1
scen_000067,alt_scen_000067_00065,alt_scen_000067_00067,40.0,1,0,0,1,1,0,0,0,0.53,1,1
scen_000067,alt_scen_000067_00065,alt_scen_000067_00068,80.0,1,0,0,0,0,0,0,0,0.17,1,1
scen_000067,alt_scen_000067_00065,alt_scen_000067_00069,100.0,1,0,0,0,0,0,0,0,0.34,1,1
scen_000067,alt_scen_000067_00065,alt_scen_000067_00070,130.0,1,0,0,0,0,0,0,0,0.24,1,1
scen_000067,alt_scen_000067_00065,alt_scen_000067_00071,150.0,1,0,0,1,1,0,0,0,0.75,1,1
scen_000067,alt_scen_000067_00065,alt_scen_000067_00072,160.0,1,0,0,1,1,0,0,0,0.83,1,1
scen_000067,alt_scen_000067_00065,alt_scen_000067_00073,164.82,1,0,0,1,1,0,0,0,0.43,1,1
scen_000067,alt_scen_000067_00065,alt_scen_000067_00074,170.0,1,0,0,0,0,0,0,0,0.48,1,1
scen_000067,alt_scen_000067_00066,alt_scen_000067_00067,20.0,1,0,0,0,0,0,0,0,0.55,1,1
scen_000067,alt_scen_000067_00066,alt_scen_000067_00068,60.0,1,0,0,1,1,0,0,0,0.55,1,1
scen_000067,alt_scen_000067_00066,alt_scen_000067_00069,80.0,1,0,0,1,1,0,0,0,0.27,1,1
scen_000067,alt_scen_000067_00066,alt_scen_000067_00070,110.0,1,0,0,1,1,0,0,0,0.32,1,1
scen_000067,alt_scen_000067_00066,alt_scen_000067_00071,130.0,1,0,0,0,0,0,0,0,0.28,1,1
scen_000067,alt_scen_000067_00066,alt_scen_000067_00072,140.0,1,0,0,0,0,0,0,0,0.63,1,1
scen_000067,alt_scen_000067_00066,alt_scen_000067_00073,144.82,1,0,0,0,0,0,0,0,0.39,1,1
scen_000067,alt_scen_000067_00066,alt_scen_000067_00074,150.0,1,0,0,1,1,0,0,0,0.63,1,1
scen_000067,alt_scen_000067_00067,alt_scen_000067_00068,40.0,1,0,0,0,0,0,0,0,0.23,1,1
scen_000067,alt_scen_000067_00067,alt_scen_000067_00069,60.0,1,0,0,0,0,0,0,0,0.67,1,1
scen_000067,alt_scen_000067_00067,alt_scen_000067_00070,90.0,1,0,0,0,0,0,0,0,0.46,1,1
scen_000067,alt_scen_000067_00067,alt_scen_000067_00071,110.0,1,0,0,1,1,0,0,0,0.73,1,1
scen_000067,alt_scen_000067_00067,alt_scen_000067_00072,120.0,1,0,0,1,1,0,0,0,0.83,1,1
scen_000067,alt_scen_000067_00067,alt_scen_000067_00073,124.82,1,0,0,1,1,0,0,0,0.83,1,1
scen_000067,alt_scen_000067_00067,alt_scen_000067_00074,130.0,1,0,0,0,0,0,0,0,0.28,1,1
scen_000067,alt_scen_000067_00068,alt_scen_000067_00069,20.0,1,0,0,1,1,0,0,0,0.26,1,1
scen_000067,alt_scen_000067_00068,alt_scen_000067_00070,50.0,1,0,0,1,1,0,0,0,0.45,1,1
scen_000067,alt_scen_000067_00068,alt_scen_000067_00071,70.0,1,0,0,0,0,0,0,0,0.83,1,1
scen_000067,alt_scen_000067_00068,alt_scen_000067_00072,80.0,1,0,0,0,0,0,0,0,0.14,1,1
scen_000067,alt_scen_000067_00068,alt_scen_000067_00073,84.82,1,0,0,0,0,0,0,0,0.64,1,1
scen_000067,alt_scen_000067_00068,alt_scen_000067_00074,90.0,1,0,0,1,1,0,0,0,0.63,1,1
scen_000067,alt_scen_000067_00069,alt_scen_000067_00070,30.0,1,0,0,1,1,0,0,0,0.35,1,1
scen_000067,alt_scen_000067_00069,alt_scen_000067_00071,50.0,1,0,0,0,0,0,0,0,0.23,1,1
scen_000067,alt_scen_000067_00069,alt_scen_000067_00072,60.0,1,0,0,0,0,0,0,0,0.69,1,1
scen_000067,alt_scen_000067_00069,alt_scen_000067_00073,64.82,1,0,0,0,0,0,0,0,0.38,1,1
scen_000067,alt_scen_000067_00069,alt_scen_000067_00074,70.0,1,0,0,1,1,0,0,0,0.49,1,1
scen_000067,alt_scen_000067_00070,alt_scen_000067_00071,20.0,1,0,0,0,0,0,0,0,0.62,1,1
scen_000067,alt_scen_000067_00070,alt_scen_000067_00072,30.0,1,0,0,0,0,0,0,0,0.18,1,1
scen_000067,alt_scen_000067_00070,alt_scen_000067_00073,34.82,1,0,0,0,0,0,0,0,0.44,1,1
scen_000067,alt_scen_000067_00070,alt_scen_000067_00074,40.0,1,0,0,1,1,0,0,0,0.72,1,1
scen_000067,alt_scen_000067_00071,alt_scen_000067_00072,10.0,1,0,0,1,1,0,0,0,0.31,1,1
scen_000067,alt_scen_000067_00071,alt_scen_000067_00073,14.82,1,0,0,1,1,0,0,0,0.82,1,1
scen_000067,alt_scen_000067_00071,alt_scen_000067_00074,20.0,1,0,0,0,0,0,0,0,0.5,1,1
scen_000067,alt_scen_000067_00072,alt_scen_000067_00073,4.82,1,0,0,1,1,0,0,0,0.68,1,1
scen_000067,alt_scen_000067_00072,alt_scen_000067_00074,10.0,1,0,0,0,0,0,0,0,0.82,1,1
scen_000067,alt_scen_000067_00073,alt_scen_000067_00074,5.18,1,0,0,0,0,0,0,0,0.22,1,1
scen_000068,alt_scen_000068_00002,alt_scen_000068_00001,14.0,0,0,0,1,1,0,2,0,0.43,1,0
scen_000069,alt_scen_000069_00002,alt_scen_000069_00004,505.0,0,0,0,1,1,0,2,0,0.44,0,0
scen_000069,alt_scen_000069_00002,alt_scen_000069_00001,641.0,0,0,0,1,1,0,2,0,0.55,0,0
scen_000069,alt_scen_000069_00002,alt_scen_000069_00005,790.0,0,0,0,1,1,0,2,0,0.3,0,0
scen_000069,alt_scen_000069_00002,alt_scen_000069_00003,865.0,1,0,0,1,1,0,0,0,0.79,0,0
scen_000069,alt_scen_000069_00004,alt_scen_000069_00001,136.0,0,0,0,1,1,0,2,0,0.68,1,0
scen_000069,alt_scen_000069_00004,alt_scen_000069_00005,285.0,0,0,0,1,1,0,2,0,0.37,1,0
scen_000069,alt_scen_000069_00004,alt_scen_000069_00003,360.0,0,0,0,1,1,0,2,0,0.8,0,0
scen_000069,alt_scen_000069_00001,alt_scen_000069_00005,149.0,0,0,0,1,1,0,2,0,0.56,1,0
scen_000069,alt_scen_000069_00001,alt_scen_000069_00003,224.0,0,0,0,1,1,0,2,0,0.42,1,0
scen_000069,alt_scen_000069_00005,alt_scen_000069_00003,75.0,0,0,0,1,1,0,2,0,0.24,1,0
scen_000070,alt_scen_000070_00001,alt_scen_000070_00002,462.0,0,0,0,1,1,0,3,0,0.39,0,0
scen_000071,alt_scen_000071_00001,alt_scen_000071_00002,30.0,1,0,0,1,1,0,0,0,0.78,1,1
scen_000071,alt_scen_000071_00001,alt_scen_000071_00003,70.0,1,0,0,1,1,0,0,0,0.3,1,1
scen_000071,alt_scen_000071_00001,alt_scen_000071_00006,88.62,1,0,0,1,1,0,0,0,0.78,1,1
scen_000071,alt_scen_000071_00001,alt_scen_000071_00004,90.0,1,0,0,0,0,0,0,0,0.36,1,1
scen_000071,alt_scen_000071_00001,alt_scen_000071_00005,90.0,1,0,0,1,1,0,0,0,0.12,1,1
scen_000071,alt_scen_000071_00001,alt_scen_000071_00008,116.27,1,0,0,0,0,0,0,0,0.44,1,1
scen_000071,alt_scen_000071_00001,alt_scen_000071_00007,120.0,1,0,0,0,0,0,0,0,0.74,1,1
scen_000071,alt_scen_000071_00001,alt_scen_000071_00009,140.0,1,0,0,1,1,0,0,0,0.77,1,1
scen_000071,alt_scen_000071_00001,alt_scen_000071_00065,147.0,0,0,0,0,1,0,2,0,0.48,1,0
scen_000071,alt_scen_000071_00002,alt_scen_000071_00003,40.0,1,0,0,1,1,0,0,0,0.23,1,1
scen_000071,alt_scen_000071_00002,alt_scen_000071_00006,58.62,1,0,0,1,1,0,0,0,0.28,1,1
scen_000071,alt_scen_000071_00002,alt_scen_000071_00004,60.0,1,0,0,0,0,0,0,0,0.8,1,1
scen_000071,alt_scen_000071_00002,alt_scen_000071_00005,60.0,1,0,0,1,1,0,0,0,0.59,1,1
scen_000071,alt_scen_000071_00002,alt_scen_000071_00008,86.27,1,0,0,0,0,0,0,0,0.89,1,1
scen_000071,alt_scen_000071_00002,alt_scen_000071_00007,90.0,1,0,0,0,0,0,0,0,0.56,1,1
scen_000071,alt_scen_000071_00002,alt_scen_000071_00009,110.0,1,0,0,1,1,0,0,0,0.74,1,1
scen_000071,alt_scen_000071_00002,alt_scen_000071_00065,117.0,0,0,0,0,1,0,2,0,0.77,1,0
scen_000071,alt_scen_000071_00002,alt_scen_000071_00010,120.0,1,0,0,1,1,0,0,0,0.4,1,1
scen_000071,alt_scen_000071_00003,alt_scen_000071_00006,18.62,1,0,0,1,1,0,0,0,0.82,1,1
scen_000071,alt_scen_000071_00003,alt_scen_000071_00004,20.0,1,0,0,0,0,0,0,0,0.86,1,1
scen_000071,alt_scen_000071_00003,alt_scen_000071_00005,20.0,1,0,0,1,1,0,0,0,0.21,1,1
scen_000071,alt_scen_000071_00003,alt_scen_000071_00008,46.27,1,0,0,0,0,0,0,0,0.34,1,1
scen_000071,alt_scen_000071_00003,alt_scen_000071_00007,50.0,1,0,0,0,0,0,0,0,0.45,1,1
scen_000071,alt_scen_000071_00003,alt_scen_000071_00009,70.0,1,0,0,1,1,0,0,0,0.31,1,1
scen_000071,alt_scen_000071_00003,alt_scen_000071_00065,77.0,0,0,0,0,1,0,2,0,0.33,1,0
scen_000071,alt_scen_000071_00003,alt_scen_000071_00010,80.0,1,0,0,1,1,0,0,0,0.33,1,1
scen_000071,alt_scen_000071_00003,alt_scen_000071_00011,90.0,1,0,0,1,1,0,0,0,0.52,1,1
scen_000071,alt_scen_000071_00006,alt_scen_000071_00004,1.38,1,0,0,0,0,0,0,0,0.73,1,1
scen_000071,alt_scen_000071_00006,alt_scen_000071_00005,1.38,1,0,0,1,1,0,0,0,0.85,1,1
scen_000071,alt_scen_000071_00006,alt_scen_000071_00008,27.65,1,0,0,0,0,0,0,0,0.64,1,1
scen_000071,alt_scen_000071_00006,alt_scen_000071_00007,31.38,1,0,0,0,0,0,0,0,0.86,1,1
scen_000071,alt_scen_000071_00006,alt_scen_000071_00009,51.38,1,0,0,1,1,0,0,0,0.46,1,1
scen_000071,alt_scen_000071_00006,alt_scen_000071_00065,58.38,0,0,0,0,1,0,2,0,0.86,1,0
scen_000071,alt_scen_000071_00006,alt_scen_000071_00010,61.38,1,0,0,1,1,0,0,0,0.43,1,1
scen_000071,alt_scen_000071_00006,alt_scen_000071_00011,71.38,1,0,0,1,1,0,0,0,0.6,1,1
scen_000071,alt_scen_000071_00006,alt_scen_000071_00012,81.38,1,0,0,0,0,0,0,0,0.31,1,1
scen_000071,alt_scen_000071_00004,alt_scen_000071_00005,0.0,1,0,0,0,0,0,0,0,0.22,1,1
scen_000071,alt_scen_000071_00004,alt_scen_000071_00008,26.27,1,0,0,1,1,0,0,0,0.51,1,1
scen_000071,alt_scen_000071_00004,alt_scen_000071_00007,30.0,1,0,0,1,1,0,0,0,0.87,1,1
scen_000071,alt_scen_000071_00004,alt_scen_000071_00009,50.0,1,0,0,0,0,0,0,0,0.59,1,1
scen_000071,alt_scen_000071_00004,alt_scen_000071_00065,57.0,0,0,0,0,0,0,2,0,0.26,1,0
scen_000071,alt_scen_000071_00004,alt_scen_000071_00010,60.0,1,0,0,0,0,0,0,0,0.51,1,1
scen_000071,alt_scen_000071_00004,alt_scen_000071_00011,70.0,1,0,0,0,0,0,0,0,0.7,1,1
scen_000071,alt_scen_000071_00004,alt_scen_000071_00012,80.0,1,0,0,1,1,0,0,0,0.51,1,1
scen_000071,alt_scen_000071_00004,alt_scen_000071_00013,100.0,1,0,0,1,1,0,0,0,0.33,1,1
scen_000071,alt_scen_000071_00005,alt_scen_000071_00008,26.27,1,0,0,0,0,0,0,0,0.6,1,1
scen_000071,alt_scen_000071_00005,alt_scen_000071_00007,30.0,1,0,0,0,0,0,0,0,0.82,1,1
scen_000071,alt_scen_000071_00005,alt_scen_000071_00009,50.0,1,0,0,1,1,0,0,0,0.65,1,1
scen_000071,alt_scen_000071_00005,alt_scen_000071_00065,57.0,0,0,0,0,1,0,2,0,0.53,1,0
scen_000071,alt_scen_000071_00005,alt_scen_000071_00010,60.0,1,0,0,1,1,0,0,0,0.45,1,1
scen_000071,alt_scen_000071_00005,alt_scen_000071_00011,70.0,1,0,0,1,1,0,0,0,0.12,1,1
scen_000071,alt_scen_000071_00005,alt_scen_000071_00012,80.0,1,0,0,0,0,0,0,0,0.7,1,1
scen_000071,alt_scen_000071_00005,alt_scen_000071_00013,100.0,1,0,0,0,0,0,0,0,0.58,1,1
scen_000071,alt_scen_000071_00005,alt_scen_000071_00014,110.0,1,0,0,1,1,0,0,0,0.46,1,1
scen_000071,alt_scen_000071_00008,alt_scen_000071_00007,3.73,1,0,0,1,1,0,0,0,0.32,1,1
scen_000071,alt_scen_000071_00008,alt_scen_000071_00009,23.73,1,0,0,0,0,0,0,0,0.46,1,1
scen_000071,alt_scen_000071_00008,alt_scen_000071_00065,30.73,0,0,0,0,0,0,2,0,0.71,1,0
scen_000071,alt_scen_000071_00008,alt_scen_000071_00010,33.73,1,0,0,0,0,0,0,0,0.19,1,1
scen_000071,alt_scen_000071_00008,alt_scen_000071_00011,43.73,1,0,0,0,0,0,0,0,0.79,1,1
scen_000071,alt_scen_000071_00008,alt_scen_000071_00012,53.73,1,0,0,1,1,0,0,0,0.71,1,1
scen_000071,alt_scen_000071_00008,alt_scen_000071_00013,73.73,1,0,0,1,1,0,0,0,0.31,1,1
scen_000071,alt_scen_000071_00008,alt_scen_000071_00014,83.73,1,0,0,0,0,0,0,0,0.56,1,1
scen_000071,alt_scen_000071_00008,alt_scen_000071_00016,90.93,1,0,0,1,1,0,0,0,0.23,1,1
scen_000071,alt_scen_000071_00007,alt_scen_000071_00009,20.0,1,0,0,0,0,0,0,0,0.31,1,1
scen_000071,alt_scen_000071_00007,alt_scen_000071_00065,27.0,0,0,0,0,0,0,2,0,0.55,1,0
scen_000071,alt_scen_000071_00007,alt_scen_000071_00010,30.0,1,0,0,0,0,0,0,0,0.31,1,1
scen_000071,alt_scen_000071_00007,alt_scen_000071_00011,40.0,1,0,0,0,0,0,0,0,0.87,1,1
scen_000071,alt_scen_000071_00007,alt_scen_000071_00012,50.0,1,0,0,1,1,0,0,0,0.22,1,1
scen_000071,alt_scen_000071_00007,alt_scen_000071_00013,70.0,1,0,0,1,1,0,0,0,0.84,1,1
scen_000071,alt_scen_000071_00007,alt_scen_000071_00014,80.0,1,0,0,0,0,0,0,0,0.43,1,1
scen_000071,alt_scen_000071_00007,alt_scen_000071_00016,87.2,1,0,0,1,1,0,0,0,0.72,1,1
scen_000071,alt_scen_000071_00007,alt_scen_000071_00015,90.0,1,0,0,1,1,0,0,0,0.75,1,1
scen_000071,alt_scen_000071_00009,alt_scen_000071_00065,7.0,0,0,0,0,1,0,2,0,0.18,1,0
scen_000071,alt_scen_000071_00009,alt_scen_000071_00010,10.0,1,0,0,1,1,0,0,0,0.73,1,1
scen_000071,alt_scen_000071_00009,alt_scen_000071_00011,20.0,1,0,0,1,1,0,0,0,0.86,1,1
scen_000071,alt_scen_000071_00009,alt_scen_000071_00012,30.0,1,0,0,0,0,0,0,0,0.41,1,1
scen_000071,alt_scen_000071_00009,alt_scen_000071_00013,50.0,1,0,0,0,0,0,0,0,0.31,1,1
scen_000071,alt_scen_000071_00009,alt_scen_000071_00014,60.0,1,0,0,1,1,0,0,0,0.44,1,1
scen_000071,alt_scen_000071_00009,alt_scen_000071_00016,67.2,1,0,0,0,0,0,0,0,0.87,1,1
scen_000071,alt_scen_000071_00009,alt_scen_000071_00015,70.0,1,0,0,0,0,0,0,0,0.18,1,1
scen_000071,alt_scen_000071_00009,alt_scen_000071_00017,140.0,1,0,0,1,1,0,0,0,0.36,1,1
scen_000071,alt_scen_000071_00065,alt_scen_000071_00010,3.0,0,0,0,0,1,0,2,0,0.72,1,0
scen_000071,alt_scen_000071_00065,alt_scen_000071_00011,13.0,0,0,0,0,1,0,2,0,0.61,1,0
scen_000071,alt_scen_000071_00065,alt_scen_000071_00012,23.0,0,0,0,0,0,0,2,0,0.44,1,0
scen_000071,alt_scen_000071_00065,alt_scen_000071_00013,43.0,0,0,0,0,0,0,2,0,0.36,1,0
scen_000071,alt_scen_000071_00065,alt_scen_000071_00014,53.0,0,0,0,0,1,0,2,0,0.12,1,0
scen_000071,alt_scen_000071_00065,alt_scen_000071_00016,60.2,0,0,0,0,0,0,2,0,0.83,1,0
scen_000071,alt_scen_000071_00065,alt_scen_000071_00015,63.0,0,0,0,0,0,0,2,0,0.74,1,0
scen_000071,alt_scen_000071_00065,alt_scen_000071_00017,133.0,0,0,0,0,1,0,2,0,0.79,1,0
scen_000071,alt_scen_000071_00065,alt_scen_000071_00018,193.0,0,0,0,0,1,0,2,0,0.69,1,0
scen_000071,alt_scen_000071_00010,alt_scen_000071_00011,10.0,1,0,0,1,1,0,0,0,0.71,1,1
scen_000071,alt_scen_000071_00010,alt_scen_000071_00012,20.0,1,0,0,0,0,0,0,0,0.2,1,1
scen_000071,alt_scen_000071_00010,alt_scen_000071_00013,40.0,1,0,0,0,0,0,0,0,0.18,1,1
scen_000071,alt_scen_000071_00010,alt_scen_000071_00014,50.0,1,0,0,1,1,0,0,0,0.67,1,1
scen_000071,alt_scen_000071_00010,alt_scen_000071_00016,57.2,1,0,0,0,0,0,0,0,0.84,1,1
scen_000071,alt_scen_000071_00010,alt_scen_000071_00015,60.0,1,0,0,0,0,0,0,0,0.49,1,1
scen_000071,alt_scen_000071_00010,alt_scen_000071_00017,130.0,1,0,0,1,1,0,0,0,0.61,1,1
scen_000071,alt_scen_000071_00010,alt_scen_000071_00018,190.0,1,0,0,1,1,0,0,0,0.16,1,1
scen_000071,alt_scen_000071_00010,alt_scen_000071_00020,197.57,1,0,0,1,1,0,0,0,0.66,1,1
scen_000071,alt_scen_000071_00011,alt_scen_000071_00012,10.0,1,0,0,0,0,0,0,0,0.61,1,1
scen_000071,alt_scen_000071_00011,alt_scen_000071_00013,30.0,1,0,0,0,0,0,0,0,0.54,1,1
scen_000071,alt_scen_000071_00011,alt_scen_000071_00014,40.0,1,0,0,1,1,0,0,0,0.63,1,1
scen_000071,alt_scen_000071_00011,alt_scen_000071_00016,47.2,1,0,0,0,0,0,0,0,0.2,1,1
scen_000071,alt_scen_000071_00011,alt_scen_000071_00015,50.0,1,0,0,0,0,0,0,0,0.57,1,1
scen_000071,alt_scen_000071_00011,alt_scen_000071_00017,120.0,1,0,0,1,1,0,0,0,0.26,1,1
scen_000071,alt_scen_000071_00011,alt_scen_000071_00018,180.0,1,0,0,1,1,0,0,0,0.6,1,1
scen_000071,alt_scen_000071_00011,alt_scen_000071_00020,187.57,1,0,0,1,1,0,0,0,0.35,1,1
scen_000071,alt_scen_000071_00011,alt_scen_000071_00019,190.0,1,0,0,1,1,0,0,0,0.68,1,1
scen_000071,alt_scen_000071_00012,alt_scen_000071_00013,20.0,1,0,0,1,1,0,0,0,0.18,1,1
scen_000071,alt_scen_000071_00012,alt_scen_000071_00014,30.0,1,0,0,0,0,0,0,0,0.64,1,1
scen_000071,alt_scen_000071_00012,alt_scen_000071_00016,37.2,1,0,0,1,1,0,0,0,0.54,1,1
scen_000071,alt_scen_000071_00012,alt_scen_000071_00015,40.0,1,0,0,1,1,0,0,0,0.45,1,1
scen_000071,alt_scen_000071_00012,alt_scen_000071_00017,110.0,1,0,0,0,0,0,0,0,0.56,1,1
scen_000071,alt_scen_000071_00012,alt_scen_000071_00018,170.0,1,0,0,0,0,0,0,0,0.47,1,1
scen_000071,alt_scen_000071_00012,alt_scen_000071_00020,177.57,1,0,0,0,0,0,0,0,0.23,1,1
scen_000071,alt_scen_000071_00012,alt_scen_000071_00019,180.0,1,0,0,0,0,0,0,0,0.54,1,1
scen_000071,alt_scen_000071_00012,alt_scen_000071_00021,190.0,1,0,0,1,1,0,0,0,0.41,1,1
scen_000071,alt_scen_000071_00013,alt_scen_000071_00014,10.0,1,0,0,0,0,0,0,0,0.87,1,1
scen_000071,alt_scen_000071_00013,alt_scen_000071_00016,17.2,1,0,0,1,1,0,0,0,0.61,1,1
scen_000071,alt_scen_000071_00013,alt_scen_000071_00015,20.0,1,0,0,1,1,0,0,0,0.64,1,1
scen_000071,alt_scen_000071_00013,alt_scen_000071_00017,90.0,1,0,0,0,0,0,0,0,0.48,1,1
scen_000071,alt_scen_000071_00013,alt_scen_000071_00018,150.0,1,0,0,0,0,0,0,0,0.82,1,1
scen_000071,alt_scen_000071_00013,alt_scen_000071_00020,157.57,1,0,0,0,0,0,0,0,0.35,1,1
scen_000071,alt_scen_000071_00013,alt_scen_000071_00019,160.0,1,0,0,0,0,0,0,0,0.21,1,1
scen_000071,alt_scen_000071_00013,alt_scen_000071_00021,170.0,1,0,0,1,1,0,0,0,0.8,1,1
scen_000071,alt_scen_000071_00013,alt_scen_000071_00022,170.0,1,0,0,0,0,0,0,0,0.72,1,1
scen_000071,alt_scen_000071_00014,alt_scen_000071_00016,7.2,1,0,0,0,0,0,0,0,0.27,1,1
scen_000071,alt_scen_000071_00014,alt_scen_000071_00015,10.0,1,0,0,0,0,0,0,0,0.21,1,1
scen_000071,alt_scen_000071_00014,alt_scen_000071_00017,80.0,1,0,0,1,1,0,0,0,0.52,1,1
scen_000071,alt_scen_000071_00014,alt_scen_000071_00018,140.0,1,0,0,1,1,0,0,0,0.14,1,1
scen_000071,alt_scen_000071_00014,alt_scen_000071_00020,147.57,1,0,0,1,1,0,0,0,0.23,1,1
scen_000071,alt_scen_000071_00014,alt_scen_000071_00019,150.0,1,0,0,1,1,0,0,0,0.82,1,1
scen_000071,alt_scen_000071_00014,alt_scen_000071_00021,160.0,1,0,0,0,0,0,0,0,0.44,1,1
scen_000071,alt_scen_000071_00014,alt_scen_000071_00022,160.0,1,0,0,1,1,0,0,0,0.73,1,1
scen_000071,alt_scen_000071_00014,alt_scen_000071_00023,180.0,1,0,0,0,0,0,0,0,0.69,1,1
scen_000071,alt_scen_000071_00016,alt_scen_000071_00015,2.8,1,0,0,1,1,0,0,0,0.59,1,1
scen_000071,alt_scen_000071_00016,alt_scen_000071_00017,72.8,1,0,0,0,0,0,0,0,0.38,1,1
scen_000071,alt_scen_000071_00016,alt_scen_000071_00018,132.8,1,0,0,0,0,0,0,0,0.44,1,1
scen_000071,alt_scen_000071_00016,alt_scen_000071_00020,140.37,1,0,0,0,0,0,0,0,0.45,1,1
scen_000071,alt_scen_000071_00016,alt_scen_000071_00019,142.8,1,0,0,0,0,0,0,0,0.49,1,1
scen_000071,alt_scen_000071_00016,alt_scen_000071_00021,152.8,1,0,0,1,1,0,0,0,0.51,1,1
scen_000071,alt_scen_000071_00016,alt_scen_000071_00022,152.8,1,0,0,0,0,0,0,0,0.11,1,1
scen_000071,alt_scen_000071_00016,alt_scen_000071_00023,172.8,1,0,0,1,1,0,0,0,0.39,1,1
scen_000071,alt_scen_000071_00016,alt_scen_000071_00064,187.8,0,0,0,0,0,0,2,0,0.41,1,0
scen_000071,alt_scen_000071_00015,alt_scen_000071_00017,70.0,1,0,0,0,0,0,0,0,0.26,1,1
scen_000071,alt_scen_000071_00015,alt_scen_000071_00018,130.0,1,0,0,0,0,0,0,0,0.81,1,1
scen_000071,alt_scen_000071_00015,alt_scen_000071_00020,137.57,1,0,0,0,0,0,0,0,0.73,1,1
scen_000071,alt_scen_000071_00015,alt_scen_000071_00019,140.0,1,0,0,0,0,0,0,0,0.73,1,1
scen_000071,alt_scen_000071_00015,alt_scen_000071_00021,150.0,1,0,0,1,1,0,0,0,0.64,1,1
scen_000071,alt_scen_000071_00015,alt_scen_000071_00022,150.0,1,0,0,0,0,0,0,0,0.83,1,1
scen_000071,alt_scen_000071_00015,alt_scen_000071_00023,170.0,1,0,0,1,1,0,0,0,0.14,1,1
scen_000071,alt_scen_000071_00015,alt_scen_000071_00064,185.0,0,0,0,0,0,0,2,0,0.16,1,0
scen_000071,alt_scen_000071_00015,alt_scen_000071_00024,190.0,1,0,0,0,0,0,0,0,0.45,1,1
scen_000071,alt_scen_000071_00017,alt_scen_000071_00018,60.0,1,0,0,1,1,0,0,0,0.74,1,1
scen_000071,alt_scen_000071_00017,alt_scen_000071_00020,67.57,1,0,0,1,1,0,0,0,0.68,1,1
scen_000071,alt_scen_000071_00017,alt_scen_000071_00019,70.0,1,0,0,1,1,0,0,0,0.46,1,1
scen_000071,alt_scen_000071_00017,alt_scen_000071_00021,80.0,1,0,0,0,0,0,0,0,0.13,1,1
scen_000071,alt_scen_000071_00017,alt_scen_000071_00022,80.0,1,0,0,1,1,0,0,0,0.88,1,1
scen_000071,alt_scen_000071_00017,alt_scen_000071_00023,100.0,1,0,0,0,0,0,0,0,0.8,1,1
scen_000071,alt_scen_000071_00017,alt_scen_000071_00064,115.0,0,0,0,0,1,0,2,0,0.54,1,0
scen_000071,alt_scen_000071_00017,alt_scen_000071_00024,120.0,1,0,0,1,1,0,0,0,0.11,1,1
scen_000071,alt_scen_000071_00017,alt_scen_000071_00025,130.0,1,0,0,0,0,0,0,0,0.42,1,1
scen_000071,alt_scen_000071_00018,alt_scen_000071_00020,7.57,1,0,0,1,1,0,0,0,0.26,1,1
scen_000071,alt_scen_000071_00018,alt_scen_000071_00019,10.0,1,0,0,1,1,0,0,0,0.48,1,1
scen_000071,alt_scen_000071_00018,alt_scen_000071_00021,20.0,1,0,0,0,0,0,0,0,0.43,1,1
scen_000071,alt_scen_000071_00018,alt_scen_000071_00022,20.0,1,0,0,1,1,0,0,0,0.7,1,1
scen_000071,alt_scen_000071_00018,alt_scen_000071_00023,40.0,1,0,0,0,0,0,0,0,0.69,1,1
scen_000071,alt_scen_000071_00018,alt_scen_000071_00064,55.0,0,0,0,0,1,0,2,0,0.43,1,0
scen_000071,alt_scen_000071_00018,alt_scen_000071_00024,60.0,1,0,0,1,1,0,0,0,0.22,1,1
scen_000071,alt_scen_000071_00018,alt_scen_000071_00025,70.0,1,0,0,0,0,0,0,0,0.65,1,1
scen_000071,alt_scen_000071_00018,alt_scen_000071_00026,70.0,1,0,0,1,1,0,0,0,0.37,1,1
scen_000071,alt_scen_000071_00020,alt_scen_000071_00019,2.43,1,0,0,1,1,0,0,0,0.3,1,1
scen_000071,alt_scen_000071_00020,alt_scen_000071_00021,12.43,1,0,0,0,0,0,0,0,0.22,1,1
scen_000071,alt_scen_000071_00020,alt_scen_000071_00022,12.43,1,0,0,1,1,0,0,0,0.46,1,1
scen_000071,alt_scen_000071_00020,alt_scen_000071_00023,32.43,1,0,0,0,0,0,0,0,0.46,1,1
scen_000071,alt_scen_000071_00020,alt_scen_000071_00064,47.43,0,0,0,0,1,0,2,0,0.83,1,0
scen_000071,alt_scen_000071_00020,alt_scen_000071_00024,52.43,1,0,0,1,1,0,0,0,0.78,1,1
scen_000071,alt_scen_000071_00020,alt_scen_000071_00025,62.43,1,0,0,0,0,0,0,0,0.43,1,1
scen_000071,alt_scen_000071_00020,alt_scen_000071_00026,62.43,1,0,0,1,1,0,0,0,0.43,1,1
scen_000071,alt_scen_000071_00020,alt_scen_000071_00028,68.55,1,0,0,1,1,0,0,0,0.62,1,1
scen_000071,alt_scen_000071_00019,alt_scen_000071_00021,10.0,1,0,0,0,0,0,0,0,0.87,1,1
scen_000071,alt_scen_000071_00019,alt_scen_000071_00022,10.0,1,0,0,1,1,0,0,0,0.87,1,1
scen_000071,alt_scen_000071_00019,alt_scen_000071_00023,30.0,1,0,0,0,0,0,0,0,0.76,1,1
scen_000071,alt_scen_000071_00019,alt_scen_000071_00064,45.0,0,0,0,0,1,0,2,0,0.29,1,0
scen_000071,alt_scen_000071_00019,alt_scen_000071_00024,50.0,1,0,0,1,1,0,0,0,0.32,1,1
scen_000071,alt_scen_000071_00019,alt_scen_000071_00025,60.0,1,0,0,0,0,0,0,0,0.4,1,1
scen_000071,alt_scen_000071_00019,alt_scen_000071_00026,60.0,1,0,0,1,1,0,0,0,0.37,1,1
scen_000071,alt_scen_000071_00019,alt_scen_000071_00028,66.12,1,0,0,1,1,0,0,0,0.82,1,1
scen_000071,alt_scen_000071_00019,alt_scen_000071_00027,70.0,1,0,0,1,1,0,0,0,0.15,1,1
scen_000071,alt_scen_000071_00021,alt_scen_000071_00022,0.0,1,0,0,0,0,0,0,0,0.23,1,1
scen_000071,alt_scen_000071_00021,alt_scen_000071_00023,20.0,1,0,0,1,1,0,0,0,0.27,1,1
scen_000071,alt_scen_000071_00021,alt_scen_000071_00064,35.0,0,0,0,0,0,0,2,0,0.47,1,0
scen_000071,alt_scen_000071_00021,alt_scen_000071_00024,40.0,1,0,0,0,0,0,0,0,0.86,1,1
scen_000071,alt_scen_000071_00021,alt_scen_000071_00025,50.0,1,0,0,1,1,0,0,0,0.64,1,1
scen_000071,alt_scen_000071_00021,alt_scen_000071_00026,50.0,1,0,0,0,0,0,0,0,0.16,1,1
scen_000071,alt_scen_000071_00021,alt_scen_000071_00028,56.12,1,0,0,0,0,0,0,0,0.44,1,1
scen_000071,alt_scen_000071_00021,alt_scen_000071_00027,60.0,1,0,0,0,0,0,0,0,0.14,1,1
scen_000071,alt_scen_000071_00021,alt_scen_000071_00029,80.0,1,0,0,0,0,0,0,0,0.8,1,1
scen_000071,alt_scen_000071_00022,alt_scen_000071_00023,20.0,1,0,0,0,0,0,0,0,0.79,1,1
scen_000071,alt_scen_000071_00022,alt_scen_000071_00064,35.0,0,0,0,0,1,0,2,0,0.42,1,0
scen_000071,alt_scen_000071_00022,alt_scen_000071_00024,40.0,1,0,0,1,1,0,0,0,0.31,1,1
scen_000071,alt_scen_000071_00022,alt_scen_000071_00025,50.0,1,0,0,0,0,0,0,0,0.69,1,1
scen_000071,alt_scen_000071_00022,alt_scen_000071_00026,50.0,1,0,0,1,1,0,0,0,0.36,1,1
scen_000071,alt_scen_000071_00022,alt_scen_000071_00028,56.12,1,0,0,1,1,0,0,0,0.82,1,1
scen_000071,alt_scen_000071_00022,alt_scen_000071_00027,60.0,1,0,0,1,1,0,0,0,0.26,1,1
scen_000071,alt_scen_000071_00022,alt_scen_000071_00029,80.0,1,0,0,1,1,0,0,0,0.27,1,1
scen_000071,alt_scen_000071_00022,alt_scen_000071_00030,100.0,1,0,0,0,0,0,0,0,0.26,1,1
scen_000071,alt_scen_000071_00023,alt_scen_000071_00064,15.0,0,0,0,0,0,0,2,0,0.67,1,0
scen_000071,alt_scen_000071_00023,alt_scen_000071_00024,20.0,1,0,0,0,0,0,0,0,0.11,1,1
scen_000071,alt_scen_000071_00023,alt_scen_000071_00025,30.0,1,0,0,1,1,0,0,0,0.73,1,1
scen_000071,alt_scen_000071_00023,alt_scen_000071_00026,30.0,1,0,0,0,0,0,0,0,0.13,1,1
scen_000071,alt_scen_000071_00023,alt_scen_000071_00028,36.12,1,0,0,0,0,0,0,0,0.78,1,1
scen_000071,alt_scen_000071_00023,alt_scen_000071_00027,40.0,1,0,0,0,0,0,0,0,0.16,1,1
scen_000071,alt_scen_000071_00023,alt_scen_000071_00029,60.0,1,0,0,0,0,0,0,0,0.26,1,1
scen_000071,alt_scen_000071_00023,alt_scen_000071_00030,80.0,1,0,0,1,1,0,0,0,0.16,1,1
scen_000071,alt_scen_000071_00023,alt_scen_000071_00031,80.0,1,0,0,0,0,0,0,0,0.1,1,1
scen_000071,alt_scen_000071_00064,alt_scen_000071_00024,5.0,0,0,0,0,1,0,2,0,0.57,1,0
scen_000071,alt_scen_000071_00064,alt_scen_000071_00025,15.0,0,0,0,0,0,0,2,0,0.88,1,0
scen_000071,alt_scen_000071_00064,alt_scen_000071_00026,15.0,0,0,0,0,1,0,2,0,0.32,1,0
scen_000071,alt_scen_000071_00064,alt_scen_000071_00028,21.12,0,0,0,0,1,0,2,0,0.28,1,0
scen_000071,alt_scen_000071_00064,alt_scen_000071_00027,25.0,0,0,0,0,1,0,2,0,0.64,1,0
scen_000071,alt_scen_000071_00064,alt_scen_000071_00029,45.0,0,0,0,0,1,0,2,0,0.2,1,0
scen_000071,alt_scen_000071_00064,alt_scen_000071_00030,65.0,0,0,0,0,0,0,2,0,0.45,1,0
scen_000071,alt_scen_000071_00064,alt_scen_000071_00031,65.0,0,0,0,0,1,0,2,0,0.39,1,0
scen_000071,alt_scen_000071_00064,alt_scen_000071_00032,68.28,0,0,0,0,1,0,2,0,0.56,1,0
scen_000071,alt_scen_000071_00024,alt_scen_000071_00025,10.0,1,0,0,0,0,0,0,0,0.71,1,1
scen_000071,alt_scen_000071_00024,alt_scen_000071_00026,10.0,1,0,0,1,1,0,0,0,0.11,1,1
scen_000071,alt_scen_000071_00024,alt_scen_000071_00028,16.12,1,0,0,1,1,0,0,0,0.38,1,1
scen_000071,alt_scen_000071_00024,alt_scen_000071_00027,20.0,1,0,0,1,1,0,0,0,0.86,1,1
scen_000071,alt_scen_000071_00024,alt_scen_000071_00029,40.0,1,0,0,1,1,0,0,0,0.63,1,1
scen_000071,alt_scen_000071_00024,alt_scen_000071_00030,60.0,1,0,0,0,0,0,0,0,0.53,1,1
scen_000071,alt_scen_000071_00024,alt_scen_000071_00031,60.0,1,0,0,1,1,0,0,0,0.42,1,1
scen_000071,alt_scen_000071_00024,alt_scen_000071_00032,63.28,1,0,0,1,1,0,0,0,0.65,1,1
scen_000071,alt_scen_000071_00024,alt_scen_000071_00035,97.63,1,0,0,1,1,0,0,0,0.85,1,1
scen_000071,alt_scen_000071_00025,alt_scen_000071_00026,0.0,1,0,0,0,0,0,0,0,0.36,1,1
scen_000071,alt_scen_000071_00025,alt_scen_000071_00028,6.12,1,0,0,0,0,0,0,0,0.23,1,1
scen_000071,alt_scen_000071_00025,alt_scen_000071_00027,10.0,1,0,0,0,0,0,0,0,0.44,1,1
scen_000071,alt_scen_000071_00025,alt_scen_000071_00029,30.0,1,0,0,0,0,0,0,0,0.79,1,1
scen_000071,alt_scen_000071_00025,alt_scen_000071_00030,50.0,1,0,0,1,1,0,0,0,0.11,1,1
scen_000071,alt_scen_000071_00025,alt_scen_000071_00031,50.0,1,0,0,0,0,0,0,0,0.22,1,1
scen_000071,alt_scen_000071_00025,alt_scen_000071_00032,53.28,1,0,0,0,0,0,0,0,0.74,1,1
scen_000071,alt_scen_000071_00025,alt_scen_000071_00035,87.63,1,0,0,0,0,0,0,0,0.16,1,1
scen_000071,alt_scen_000071_00025,alt_scen_000071_00033,90.0,1,0,0,1,1,0,0,0,0.32,1,1
scen_000071,alt_scen_000071_00026,alt_scen_000071_00028,6.12,1,0,0,1,1,0,0,0,0.52,1,1
scen_000071,alt_scen_000071_00026,alt_scen_000071_00027,10.0,1,0,0,1,1,0,0,0,0.55,1,1
scen_000071,alt_scen_000071_00026,alt_scen_000071_00029,30.0,1,0,0,1,1,0,0,0,0.81,1,1
scen_000071,alt_scen_000071_00026,alt_scen_000071_00030,50.0,1,0,0,0,0,0,0,0,0.39,1,1
scen_000071,alt_scen_000071_00026,alt_scen_000071_00031,50.0,1,0,0,1,1,0,0,0,0.67,1,1
scen_000071,alt_scen_000071_00026,alt_scen_000071_00032,53.28,1,0,0,1,1,0,0,0,0.83,1,1
scen_000071,alt_scen_000071_00026,alt_scen_000071_00035,87.63,1,0,0,1,1,0,0,0,0.42,1,1
scen_000071,alt_scen_000071_00026,alt_scen_000071_00033,90.0,1,0,0,0,0,0,0,0,0.25,1,1
scen_000071,alt_scen_000071_00026,alt_scen_000071_00034,90.0,1,0,0,1,1,0,0,0,0.28,1,1
scen_000071,alt_scen_000071_00028,alt_scen_000071_00027,3.88,1,0,0,1,1,0,0,0,0.4,1,1
scen_000071,alt_scen_000071_00028,alt_scen_000071_00029,23.88,1,0,0,1,1,0,0,0,0.19,1,1
scen_000071,alt_scen_000071_00028,alt_scen_000071_00030,43.88,1,0,0,0,0,0,0,0,0.79,1,1
scen_000071,alt_scen_000071_00028,alt_scen_000071_00031,43.88,1,0,0,1,1,0,0,0,0.74,1,1
scen_000071,alt_scen_000071_00028,alt_scen_000071_00032,47.16,1,0,0,1,1,0,0,0,0.12,1,1
scen_000071,alt_scen_000071_00028,alt_scen_000071_00035,81.52,1,0,0,1,1,0,0,0,0.17,1,1
scen_000071,alt_scen_000071_00028,alt_scen_000071_00033,83.88,1,0,0,0,0,0,0,0,0.8,1,1
scen_000071,alt_scen_000071_00028,alt_scen_000071_00034,83.88,1,0,0,1,1,0,0,0,0.13,1,1
scen_000071,alt_scen_000071_00028,alt_scen_000071_00036,123.88,1,0,0,1,1,0,0,0,0.66,1,1
scen_000071,alt_scen_000071_00027,alt_scen_000071_00029,20.0,1,0,0,1,1,0,0,0,0.57,1,1
scen_000071,alt_scen_000071_00027,alt_scen_000071_00030,40.0,1,0,0,0,0,0,0,0,0.44,1,1
scen_000071,alt_scen_000071_00027,alt_scen_000071_00031,40.0,1,0,0,1,1,0,0,0,0.28,1,1
scen_000071,alt_scen_000071_00027,alt_scen_000071_00032,43.28,1,0,0,1,1,0,0,0,0.46,1,1
scen_000071,alt_scen_000071_00027,alt_scen_000071_00035,77.63,1,0,0,1,1,0,0,0,0.19,1,1
scen_000071,alt_scen_000071_00027,alt_scen_000071_00033,80.0,1,0,0,0,0,0,0,0,0.18,1,1
scen_000071,alt_scen_000071_00027,alt_scen_000071_00034,80.0,1,0,0,1,1,0,0,0,0.57,1,1
scen_000071,alt_scen_000071_00027,alt_scen_000071_00036,120.0,1,0,0,1,1,0,0,0,0.17,1,1
scen_000071,alt_scen_000071_00027,alt_scen_000071_00038,128.99,1,0,0,1,1,0,0,0,0.71,1,1
scen_000071,alt_scen_000071_00029,alt_scen_000071_00030,20.0,1,0,0,0,0,0,0,0,0.16,1,1
scen_000071,alt_scen_000071_00029,alt_scen_000071_00031,20.0,1,0,0,1,1,0,0,0,0.43,1,1
scen_000071,alt_scen_000071_00029,alt_scen_000071_00032,23.28,1,0,0,1,1,0,0,0,0.64,1,1
scen_000071,alt_scen_000071_00029,alt_scen_000071_00035,57.63,1,0,0,1,1,0,0,0,0.44,1,1
scen_000071,alt_scen_000071_00029,alt_scen_000071_00033,60.0,1,0,0,0,0,0,0,0,0.42,1,1
scen_000071,alt_scen_000071_00029,alt_scen_000071_00034,60.0,1,0,0,1,1,0,0,0,0.33,1,1
scen_000071,alt_scen_000071_00029,alt_scen_000071_00036,100.0,1,0,0,1,1,0,0,0,0.22,1,1
scen_000071,alt_scen_000071_00029,alt_scen_000071_00038,108.99,1,0,0,1,1,0,0,0,0.28,1,1
scen_000071,alt_scen_000071_00029,alt_scen_000071_00037,110.0,1,0,0,1,1,0,0,0,0.3,1,1
scen_000071,alt_scen_000071_00030,alt_scen_000071_00031,0.0,1,0,0,0,0,0,0,0,0.54,1,1
scen_000071,alt_scen_000071_00030,alt_scen_000071_00032,3.28,1,0,0,0,0,0,0,0,0.63,1,1
scen_000071,alt_scen_000071_00030,alt_scen_000071_00035,37.63,1,0,0,0,0,0,0,0,0.7,1,1
scen_000071,alt_scen_000071_00030,alt_scen_000071_00033,40.0,1,0,0,1,1,0,0,0,0.8,1,1
scen_000071,alt_scen_000071_00030,alt_scen_000071_00034,40.0,1,0,0,0,0,0,0,0,0.4,1,1
scen_000071,alt_scen_000071_00030,alt_scen_000071_00036,80.0,1,0,0,0,0,0,0,0,0.39,1,1
scen_000071,alt_scen_000071_00030,alt_scen_000071_00038,88.99,1,0,0,0,0,0,0,0,0.83,1,1
scen_000071,alt_scen_000071_00030,alt_scen_000071_00037,90.0,1,0,0,0,0,0,0,0,0.84,1,1
scen_000071,alt_scen_000071_00030,alt_scen_000071_00039,100.0,1,0,0,0,0,0,0,0,0.85,1,1
scen_000071,alt_scen_000071_00031,alt_scen_000071_00032,3.28,1,0,0,1,1,0,0,0,0.28,1,1
scen_000071,alt_scen_000071_00031,alt_scen_000071_00035,37.63,1,0,0,1,1,0,0,0,0.7,1,1
scen_000071,alt_scen_000071_00031,alt_scen_000071_00033,40.0,1,0,0,0,0,0,0,0,0.36,1,1
scen_000071,alt_scen_000071_00031,alt_scen_000071_00034,40.0,1,0,0,1,1,0,0,0,0.57,1,1
scen_000071,alt_scen_000071_00031,alt_scen_000071_00036,80.0,1,0,0,1,1,0,0,0,0.81,1,1
scen_000071,alt_scen_000071_00031,alt_scen_000071_00038,88.99,1,0,0,1,1,0,0,0,0.59,1,1
scen_000071,alt_scen_000071_00031,alt_scen_000071_00037,90.0,1,0,0,1,1,0,0,0,0.43,1,1
scen_000071,alt_scen_000071_00031,alt_scen_000071_00039,100.0,1,0,0,1,1,0,0,0,0.34,1,1
scen_000071,alt_scen_000071_00031,alt_scen_000071_00040,110.0,1,0,0,1,1,0,0,0,0.57,1,1
scen_000071,alt_scen_000071_00032,alt_scen_000071_00035,34.36,1,0,0,1,1,0,0,0,0.3,1,1
scen_000071,alt_scen_000071_00032,alt_scen_000071_00033,36.72,1,0,0,0,0,0,0,0,0.16,1,1
scen_000071,alt_scen_000071_00032,alt_scen_000071_00034,36.72,1,0,0,1,1,0,0,0,0.61,1,1
scen_000071,alt_scen_000071_00032,alt_scen_000071_00036,76.72,1,0,0,1,1,0,0,0,0.12,1,1
scen_000071,alt_scen_000071_00032,alt_scen_000071_00038,85.71,1,0,0,1,1,0,0,0,0.11,1,1
scen_000071,alt_scen_000071_00032,alt_scen_000071_00037,86.72,1,0,0,1,1,0,0,0,0.55,1,1
scen_000071,alt_scen_000071_00032,alt_scen_000071_00039,96.72,1,0,0,1,1,0,0,0,0.47,1,1
scen_000071,alt_scen_000071_00032,alt_scen_000071_00040,106.72,1,0,0,1,1,0,0,0,0.5,1,1
scen_000071,alt_scen_000071_00032,alt_scen_000071_00041,136.72,1,0,0,1,1,0,0,0,0.71,1,1
scen_000071,alt_scen_000071_00035,alt_scen_000071_00033,2.37,1,0,0,0,0,0,0,0,0.79,1,1
scen_000071,alt_scen_000071_00035,alt_scen_000071_00034,2.37,1,0,0,1,1,0,0,0,0.8,1,1
scen_000071,alt_scen_000071_00035,alt_scen_000071_00036,42.37,1,0,0,1,1,0,0,0,0.83,1,1
scen_000071,alt_scen_000071_00035,alt_scen_000071_00038,51.35,1,0,0,1,1,0,0,0,0.61,1,1
scen_000071,alt_scen_000071_00035,alt_scen_000071_00037,52.37,1,0,0,1,1,0,0,0,0.71,1,1
scen_000071,alt_scen_000071_00035,alt_scen_000071_00039,62.37,1,0,0,1,1,0,0,0,0.16,1,1
scen_000071,alt_scen_000071_00035,alt_scen_000071_00040,72.37,1,0,0,1,1,0,0,0,0.27,1,1
scen_000071,alt_scen_000071_00035,alt_scen_000071_00041,102.37,1,0,0,1,1,0,0,0,0.73,1,1
scen_000071,alt_scen_000071_00035,alt_scen_000071_00043,121.65,1,0,0,1,1,0,0,0,0.29,1,1
scen_000071,alt_scen_000071_00033,alt_scen_000071_00034,0.0,1,0,0,0,0,0,0,0,0.17,1,1
scen_000071,alt_scen_000071_00033,alt_scen_000071_00036,40.0,1,0,0,0,0,0,0,0,0.28,1,1
scen_000071,alt_scen_000071_00033,alt_scen_000071_00038,48.99,1,0,0,0,0,0,0,0,0.49,1,1
scen_000071,alt_scen_000071_00033,alt_scen_000071_00037,50.0,1,0,0,0,0,0,0,0,0.87,1,1
scen_000071,alt_scen_000071_00033,alt_scen_000071_00039,60.0,1,0,0,0,0,0,0,0,0.52,1,1
scen_000071,alt_scen_000071_00033,alt_scen_000071_00040,70.0,1,0,0,0,0,0,0,0,0.75,1,1
scen_000071,alt_scen_000071_00033,alt_scen_000071_00041,100.0,1,0,0,0,0,0,0,0,0.21,1,1
scen_000071,alt_scen_000071_00033,alt_scen_000071_00043,119.28,1,0,0,0,0,0,0,0,0.14,1,1
scen_000071,alt_scen_000071_00033,alt_scen_000071_00042,120.0,1,0,0,0,0,0,0,0,0.59,1,1
scen_000071,alt_scen_000071_00034,alt_scen_000071_00036,40.0,1,0,0,1,1,0,0,0,0.34,1,1
scen_000071,alt_scen_000071_00034,alt_scen_000071_00038,48.99,1,0,0,1,1,0,0,0,0.14,1,1
scen_000071,alt_scen_000071_00034,alt_scen_000071_00037,50.0,1,0,0,1,1,0,0,0,0.83,1,1
scen_000071,alt_scen_000071_00034,alt_scen_000071_00039,60.0,1,0,0,1,1,0,0,0,0.18,1,1
scen_000071,alt_scen_000071_00034,alt_scen_000071_00040,70.0,1,0,0,1,1,0,0,0,0.62,1,1
scen_000071,alt_scen_000071_00034,alt_scen_000071_00041,100.0,1,0,0,1,1,0,0,0,0.29,1,1
scen_000071,alt_scen_000071_00034,alt_scen_000071_00043,119.28,1,0,0,1,1,0,0,0,0.73,1,1
scen_000071,alt_scen_000071_00034,alt_scen_000071_00042,120.0,1,0,0,1,1,0,0,0,0.62,1,1
scen_000071,alt_scen_000071_00034,alt_scen_000071_00045,166.77,1,0,0,0,0,0,0,0,0.82,1,1
scen_000071,alt_scen_000071_00036,alt_scen_000071_00038,8.99,1,0,0,1,1,0,0,0,0.71,1,1
scen_000071,alt_scen_000071_00036,alt_scen_000071_00037,10.0,1,0,0,1,1,0,0,0,0.73,1,1
scen_000071,alt_scen_000071_00036,alt_scen_000071_00039,20.0,1,0,0,1,1,0,0,0,0.84,1,1
scen_000071,alt_scen_000071_00036,alt_scen_000071_00040,30.0,1,0,0,1,1,0,0,0,0.24,1,1
scen_000071,alt_scen_000071_00036,alt_scen_000071_00041,60.0,1,0,0,1,1,0,0,0,0.78,1,1
scen_000071,alt_scen_000071_00036,alt_scen_000071_00043,79.28,1,0,0,1,1,0,0,0,0.29,1,1
scen_000071,alt_scen_000071_00036,alt_scen_000071_00042,80.0,1,0,0,1,1,0,0,0,0.73,1,1
scen_000071,alt_scen_000071_00036,alt_scen_000071_00045,126.77,1,0,0,0,0,0,0,0,0.21,1,1
scen_000071,alt_scen_000071_00036,alt_scen_000071_00044,130.0,1,0,0,0,0,0,0,0,0.28,1,1
scen_000071,alt_scen_000071_00038,alt_scen_000071_00037,1.01,1,0,0,1,1,0,0,0,0.71,1,1
scen_000071,alt_scen_000071_00038,alt_scen_000071_00039,11.01,1,0,0,1,1,0,0,0,0.34,1,1
scen_000071,alt_scen_000071_00038,alt_scen_000071_00040,21.01,1,0,0,1,1,0,0,0,0.49,1,1
scen_000071,alt_scen_000071_00038,alt_scen_000071_00041,51.01,1,0,0,1,1,0,0,0,0.82,1,1
scen_000071,alt_scen_000071_00038,alt_scen_000071_00043,70.29,1,0,0,1,1,0,0,0,0.13,1,1
scen_000071,alt_scen_000071_00038,alt_scen_000071_00042,71.01,1,0,0,1,1,0,0,0,0.34,1,1
scen_000071,alt_scen_000071_00038,alt_scen_000071_00045,117.79,1,0,0,0,0,0,0,0,0.28,1,1
scen_000071,alt_scen_000071_00038,alt_scen_000071_00044,121.01,1,0,0,0,0,0,0,0,0.22,1,1
scen_000071,alt_scen_000071_00038,alt_scen_000071_00046,151.01,1,0,0,0,0,0,0,0,0.19,1,1
scen_000071,alt_scen_000071_00037,alt_scen_000071_00039,10.0,1,0,0,1,1,0,0,0,0.45,1,1
scen_000071,alt_scen_000071_00037,alt_scen_000071_00040,20.0,1,0,0,1,1,0,0,0,0.49,1,1
scen_000071,alt_scen_000071_00037,alt_scen_000071_00041,50.0,1,0,0,1,1,0,0,0,0.84,1,1
scen_000071,alt_scen_000071_00037,alt_scen_000071_00043,69.28,1,0,0,1,1,0,0,0,0.26,1,1
scen_000071,alt_scen_000071_00037,alt_scen_000071_00042,70.0,1,0,0,1,1,0,0,0,0.32,1,1
scen_000071,alt_scen_000071_00037,alt_scen_000071_00045,116.77,1,0,0,0,0,0,0,0,0.66,1,1
scen_000071,alt_scen_000071_00037,alt_scen_000071_00044,120.0,1,0,0,0,0,0,0,0,0.61,1,1
scen_000071,alt_scen_000071_00037,alt_scen_000071_00046,150.0,1,0,0,0,0,0,0,0,0.4,1,1
scen_000071,alt_scen_000071_00037,alt_scen_000071_00048,158.4,1,0,0,0,0,0,0,0,0.54,1,1
scen_000071,alt_scen_000071_00039,alt_scen_000071_00040,10.0,1,0,0,1,1,0,0,0,0.17,1,1
scen_000071,alt_scen_000071_00039,alt_scen_000071_00041,40.0,1,0,0,1,1,0,0,0,0.45,1,1
scen_000071,alt_scen_000071_00039,alt_scen_000071_00043,59.28,1,0,0,1,1,0,0,0,0.25,1,1
scen_000071,alt_scen_000071_00039,alt_scen_000071_00042,60.0,1,0,0,1,1,0,0,0,0.21,1,1
scen_000071,alt_scen_000071_00039,alt_scen_000071_00045,106.77,1,0,0,0,0,0,0,0,0.34,1,1
scen_000071,alt_scen_000071_00039,alt_scen_000071_00044,110.0,1,0,0,0,0,0,0,0,0.58,1,1
scen_000071,alt_scen_000071_00039,alt_scen_000071_00046,140.0,1,0,0,0,0,0,0,0,0.62,1,1
scen_000071,alt_scen_000071_00039,alt_scen_000071_00048,148.4,1,0,0,0,0,0,0,0,0.77,1,1
scen_000071,alt_scen_000071_00039,alt_scen_000071_00047,150.0,1,0,0,0,0,0,0,0,0.89,1,1
scen_000071,alt_scen_000071_00040,alt_scen_000071_00041,30.0,1,0,0,1,1,0,0,0,0.15,1,1
scen_000071,alt_scen_000071_00040,alt_scen_000071_00043,49.28,1,0,0,1,1,0,0,0,0.43,1,1
scen_000071,alt_scen_000071_00040,alt_scen_000071_00042,50.0,1,0,0,1,1,0,0,0,0.87,1,1
scen_000071,alt_scen_000071_00040,alt_scen_000071_00045,96.77,1,0,0,0,0,0,0,0,0.42,1,1
scen_000071,alt_scen_000071_00040,alt_scen_000071_00044,100.0,1,0,0,0,0,0,0,0,0.31,1,1
scen_000071,alt_scen_000071_00040,alt_scen_000071_00046,130.0,1,0,0,0,0,0,0,0,0.43,1,1
scen_000071,alt_scen_000071_00040,alt_scen_000071_00048,138.4,1,0,0,0,0,0,0,0,0.46,1,1
scen_000071,alt_scen_000071_00040,alt_scen_000071_00047,140.0,1,0,0,0,0,0,0,0,0.19,1,1
scen_000071,alt_scen_000071_00040,alt_scen_000071_00049,140.0,1,0,0,1,1,0,0,0,0.66,1,1
scen_000071,alt_scen_000071_00041,alt_scen_000071_00043,19.28,1,0,0,1,1,0,0,0,0.64,1,1
scen_000071,alt_scen_000071_00041,alt_scen_000071_00042,20.0,1,0,0,1,1,0,0,0,0.25,1,1
scen_000071,alt_scen_000071_00041,alt_scen_000071_00045,66.77,1,0,0,0,0,0,0,0,0.2,1,1
scen_000071,alt_scen_000071_00041,alt_scen_000071_00044,70.0,1,0,0,0,0,0,0,0,0.81,1,1
scen_000071,alt_scen_000071_00041,alt_scen_000071_00046,100.0,1,0,0,0,0,0,0,0,0.12,1,1
scen_000071,alt_scen_000071_00041,alt_scen_000071_00048,108.4,1,0,0,0,0,0,0,0,0.51,1,1
scen_000071,alt_scen_000071_00041,alt_scen_000071_00047,110.0,1,0,0,0,0,0,0,0,0.75,1,1
scen_000071,alt_scen_000071_00041,alt_scen_000071_00049,110.0,1,0,0,1,1,0,0,0,0.88,1,1
scen_000071,alt_scen_000071_00041,alt_scen_000071_00050,170.0,1,0,0,0,0,0,0,0,0.8,1,1
scen_000071,alt_scen_000071_00043,alt_scen_000071_00042,0.72,1,0,0,1,1,0,0,0,0.31,1,1
scen_000071,alt_scen_000071_00043,alt_scen_000071_00045,47.49,1,0,0,0,0,0,0,0,0.62,1,1
scen_000071,alt_scen_000071_00043,alt_scen_000071_00044,50.72,1,0,0,0,0,0,0,0,0.5,1,1
scen_000071,alt_scen_000071_00043,alt_scen_000071_00046,80.72,1,0,0,0,0,0,0,0,0.72,1,1
scen_000071,alt_scen_000071_00043,alt_scen_000071_00048,89.12,1,0,0,0,0,0,0,0,0.79,1,1
scen_000071,alt_scen_000071_00043,alt_scen_000071_00047,90.72,1,0,0,0,0,0,0,0,0.65,1,1
scen_000071,alt_scen_000071_00043,alt_scen_000071_00049,90.72,1,0,0,1,1,0,0,0,0.84,1,1
scen_000071,alt_scen_000071_00043,alt_scen_000071_00050,150.72,1,0,0,0,0,0,0,0,0.17,1,1
scen_000071,alt_scen_000071_00043,alt_scen_000071_00051,150.72,1,0,0,1,1,0,0,0,0.29,1,1
scen_000071,alt_scen_000071_00042,alt_scen_000071_00045,46.77,1,0,0,0,0,0,0,0,0.53,1,1
scen_000071,alt_scen_000071_00042,alt_scen_000071_00044,50.0,1,0,0,0,0,0,0,0,0.39,1,1
scen_000071,alt_scen_000071_00042,alt_scen_000071_00046,80.0,1,0,0,0,0,0,0,0,0.19,1,1
scen_000071,alt_scen_000071_00042,alt_scen_000071_00048,88.4,1,0,0,0,0,0,0,0,0.46,1,1
scen_000071,alt_scen_000071_00042,alt_scen_000071_00047,90.0,1,0,0,0,0,0,0,0,0.15,1,1
scen_000071,alt_scen_000071_00042,alt_scen_000071_00049,90.0,1,0,0,1,1,0,0,0,0.86,1,1
scen_000071,alt_scen_000071_00042,alt_scen_000071_00050,150.0,1,0,0,0,0,0,0,0,0.44,1,1
scen_000071,alt_scen_000071_00042,alt_scen_000071_00051,150.0,1,0,0,1,1,0,0,0,0.38,1,1
scen_000071,alt_scen_000071_00042,alt_scen_000071_00052,180.0,1,0,0,0,0,0,0,0,0.76,1,1
scen_000071,alt_scen_000071_00045,alt_scen_000071_00044,3.23,1,0,0,1,1,0,0,0,0.57,1,1
scen_000071,alt_scen_000071_00045,alt_scen_000071_00046,33.23,1,0,0,1,1,0,0,0,0.63,1,1
scen_000071,alt_scen_000071_00045,alt_scen_000071_00048,41.63,1,0,0,1,1,0,0,0,0.55,1,1
scen_000071,alt_scen_000071_00045,alt_scen_000071_00047,43.23,1,0,0,1,1,0,0,0,0.56,1,1
scen_000071,alt_scen_000071_00045,alt_scen_000071_00049,43.23,1,0,0,0,0,0,0,0,0.29,1,1
scen_000071,alt_scen_000071_00045,alt_scen_000071_00050,103.23,1,0,0,1,1,0,0,0,0.85,1,1
scen_000071,alt_scen_000071_00045,alt_scen_000071_00051,103.23,1,0,0,0,0,0,0,0,0.53,1,1
scen_000071,alt_scen_000071_00045,alt_scen_000071_00052,133.23,1,0,0,1,1,0,0,0,0.81,1,1
scen_000071,alt_scen_000071_00045,alt_scen_000071_00053,133.23,1,0,0,0,0,0,0,0,0.32,1,1
scen_000071,alt_scen_000071_00044,alt_scen_000071_00046,30.0,1,0,0,1,1,0,0,0,0.4,1,1
scen_000071,alt_scen_000071_00044,alt_scen_000071_00048,38.4,1,0,0,1,1,0,0,0,0.44,1,1
scen_000071,alt_scen_000071_00044,alt_scen_000071_00047,40.0,1,0,0,1,1,0,0,0,0.13,1,1
scen_000071,alt_scen_000071_00044,alt_scen_000071_00049,40.0,1,0,0,0,0,0,0,0,0.37,1,1
scen_000071,alt_scen_000071_00044,alt_scen_000071_00050,100.0,1,0,0,1,1,0,0,0,0.11,1,1
scen_000071,alt_scen_000071_00044,alt_scen_000071_00051,100.0,1,0,0,0,0,0,0,0,0.25,1,1
scen_000071,alt_scen_000071_00044,alt_scen_000071_00052,130.0,1,0,0,1,1,0,0,0,0.65,1,1
scen_000071,alt_scen_000071_00044,alt_scen_000071_00053,130.0,1,0,0,0,0,0,0,0,0.73,1,1
scen_000071,alt_scen_000071_00044,alt_scen_000071_00054,160.0,1,0,0,1,1,0,0,0,0.51,1,1
scen_000071,alt_scen_000071_00046,alt_scen_000071_00048,8.4,1,0,0,1,1,0,0,0,0.29,1,1
scen_000071,alt_scen_000071_00046,alt_scen_000071_00047,10.0,1,0,0,1,1,0,0,0,0.63,1,1
scen_000071,alt_scen_000071_00046,alt_scen_000071_00049,10.0,1,0,0,0,0,0,0,0,0.37,1,1
scen_000071,alt_scen_000071_00046,alt_scen_000071_00050,70.0,1,0,0,1,1,0,0,0,0.77,1,1
scen_000071,alt_scen_000071_00046,alt_scen_000071_00051,70.0,1,0,0,0,0,0,0,0,0.72,1,1
scen_000071,alt_scen_000071_00046,alt_scen_000071_00052,100.0,1,0,0,1,1,0,0,0,0.37,1,1
scen_000071,alt_scen_000071_00046,alt_scen_000071_00053,100.0,1,0,0,0,0,0,0,0,0.13,1,1
scen_000071,alt_scen_000071_00046,alt_scen_000071_00054,130.0,1,0,0,1,1,0,0,0,0.12,1,1
scen_000071,alt_scen_000071_00046,alt_scen_000071_00056,190.82,1,0,0,0,0,0,0,0,0.33,1,1
scen_000071,alt_scen_000071_00048,alt_scen_000071_00047,1.6,1,0,0,1,1,0,0,0,0.68,1,1
scen_000071,alt_scen_000071_00048,alt_scen_000071_00049,1.6,1,0,0,0,0,0,0,0,0.87,1,1
scen_000071,alt_scen_000071_00048,alt_scen_000071_00050,61.6,1,0,0,1,1,0,0,0,0.28,1,1
scen_000071,alt_scen_000071_00048,alt_scen_000071_00051,61.6,1,0,0,0,0,0,0,0,0.43,1,1
scen_000071,alt_scen_000071_00048,alt_scen_000071_00052,91.6,1,0,0,1,1,0,0,0,0.37,1,1
scen_000071,alt_scen_000071_00048,alt_scen_000071_00053,91.6,1,0,0,0,0,0,0,0,0.36,1,1
scen_000071,alt_scen_000071_00048,alt_scen_000071_00054,121.6,1,0,0,1,1,0,0,0,0.71,1,1
scen_000071,alt_scen_000071_00048,alt_scen_000071_00056,182.42,1,0,0,0,0,0,0,0,0.67,1,1
scen_000071,alt_scen_000071_00048,alt_scen_000071_00055,181.6,1,0,0,0,0,0,0,0,0.51,1,1
scen_000071,alt_scen_000071_00047,alt_scen_000071_00049,0.0,1,0,0,0,0,0,0,0,0.85,1,1
scen_000071,alt_scen_000071_00047,alt_scen_000071_00050,60.0,1,0,0,1,1,0,0,0,0.51,1,1
scen_000071,alt_scen_000071_00047,alt_scen_000071_00051,60.0,1,0,0,0,0,0,0,0,0.26,1,1
scen_000071,alt_scen_000071_00047,alt_scen_000071_00052,90.0,1,0,0,1,1,0,0,0,0.61,1,1
scen_000071,alt_scen_000071_00047,alt_scen_000071_00053,90.0,1,0,0,0,0,0,0,0,0.42,1,1
scen_000071,alt_scen_000071_00047,alt_scen_000071_00054,120.0,1,0,0,1,1,0,0,0,0.2,1,1
scen_000071,alt_scen_000071_00047,alt_scen_000071_00056,180.82,1,0,0,0,0,0,0,0,0.12,1,1
scen_000071,alt_scen_000071_00047,alt_scen_000071_00055,180.0,1,0,0,0,0,0,0,0,0.45,1,1
scen_000071,alt_scen_000071_00047,alt_scen_000071_00057,190.0,1,0,0,1,1,0,0,0,0.49,1,1
scen_000071,alt_scen_000071_00049,alt_scen_000071_00050,60.0,1,0,0,0,0,0,0,0,0.41,1,1
scen_000071,alt_scen_000071_00049,alt_scen_000071_00051,60.0,1,0,0,1,1,0,0,0,0.65,1,1
scen_000071,alt_scen_000071_00049,alt_scen_000071_00052,90.0,1,0,0,0,0,0,0,0,0.79,1,1
scen_000071,alt_scen_000071_00049,alt_scen_000071_00053,90.0,1,0,0,1,1,0,0,0,0.53,1,1
scen_000071,alt_scen_000071_00049,alt_scen_000071_00054,120.0,1,0,0,0,0,0,0,0,0.14,1,1
scen_000071,alt_scen_000071_00049,alt_scen_000071_00056,180.82,1,0,0,1,1,0,0,0,0.72,1,1
scen_000071,alt_scen_000071_00049,alt_scen_000071_00055,180.0,1,0,0,1,1,0,0,0,0.49,1,1
scen_000071,alt_scen_000071_00049,alt_scen_000071_00057,190.0,1,0,0,0,0,0,0,0,0.64,1,1
scen_000071,alt_scen_000071_00049,alt_scen_000071_00059,199.01,1,0,0,1,1,0,0,0,0.43,1,1
scen_000071,alt_scen_000071_00050,alt_scen_000071_00051,0.0,1,0,0,0,0,0,0,0,0.41,1,1
scen_000071,alt_scen_000071_00050,alt_scen_000071_00052,30.0,1,0,0,1,1,0,0,0,0.7,1,1
scen_000071,alt_scen_000071_00050,alt_scen_000071_00053,30.0,1,0,0,0,0,0,0,0,0.4,1,1
scen_000071,alt_scen_000071_00050,alt_scen_000071_00054,60.0,1,0,0,1,1,0,0,0,0.24,1,1
scen_000071,alt_scen_000071_00050,alt_scen_000071_00056,120.82,1,0,0,0,0,0,0,0,0.54,1,1
scen_000071,alt_scen_000071_00050,alt_scen_000071_00055,120.0,1,0,0,0,0,0,0,0,0.35,1,1
scen_000071,alt_scen_000071_00050,alt_scen_000071_00057,130.0,1,0,0,1,1,0,0,0,0.64,1,1
scen_000071,alt_scen_000071_00050,alt_scen_000071_00059,139.01,1,0,0,0,0,0,0,0,0.67,1,1
scen_000071,alt_scen_000071_00050,alt_scen_000071_00058,140.0,1,0,0,0,0,0,0,0,0.38,1,1
scen_000071,alt_scen_000071_00051,alt_scen_000071_00052,30.0,1,0,0,0,0,0,0,0,0.82,1,1
scen_000071,alt_scen_000071_00051,alt_scen_000071_00053,30.0,1,0,0,1,1,0,0,0,0.51,1,1
scen_000071,alt_scen_000071_00051,alt_scen_000071_00054,60.0,1,0,0,0,0,0,0,0,0.73,1,1
scen_000071,alt_scen_000071_00051,alt_scen_000071_00056,120.82,1,0,0,1,1,0,0,0,0.21,1,1
scen_000071,alt_scen_000071_00051,alt_scen_000071_00055,120.0,1,0,0,1,1,0,0,0,0.7,1,1
scen_000071,alt_scen_000071_00051,alt_scen_000071_00057,130.0,1,0,0,0,0,0,0,0,0.36,1,1
scen_000071,alt_scen_000071_00051,alt_scen_000071_00059,139.01,1,0,0,1,1,0,0,0,0.12,1,1
scen_000071,alt_scen_000071_00051,alt_scen_000071_00058,140.0,1,0,0,1,1,0,0,0,0.14,1,1
scen_000071,alt_scen_000071_00051,alt_scen_000071_00060,150.0,1,0,0,1,1,0,0,0,0.88,1,1
scen_000071,alt_scen_000071_00052,alt_scen_000071_00053,0.0,1,0,0,0,0,0,0,0,0.77,1,1
scen_000071,alt_scen_000071_00052,alt_scen_000071_00054,30.0,1,0,0,1,1,0,0,0,0.14,1,1
scen_000071,alt_scen_000071_00052,alt_scen_000071_00056,90.82,1,0,0,0,0,0,0,0,0.16,1,1
scen_000071,alt_scen_000071_00052,alt_scen_000071_00055,90.0,1,0,0,0,0,0,0,0,0.2,1,1
scen_000071,alt_scen_000071_00052,alt_scen_000071_00057,100.0,1,0,0,1,1,0,0,0,0.77,1,1
scen_000071,alt_scen_000071_00052,alt_scen_000071_00059,109.01,1,0,0,0,0,0,0,0,0.72,1,1
scen_000071,alt_scen_000071_00052,alt_scen_000071_00058,110.0,1,0,0,0,0,0,0,0,0.13,1,1
scen_000071,alt_scen_000071_00052,alt_scen_000071_00060,120.0,1,0,0,0,0,0,0,0,0.17,1,1
scen_000071,alt_scen_000071_00052,alt_scen_000071_00061,150.0,1,0,0,1,1,0,0,0,0.85,1,1
scen_000071,alt_scen_000071_00053,alt_scen_000071_00054,30.0,1,0,0,0,0,0,0,0,0.31,1,1
scen_000071,alt_scen_000071_00053,alt_scen_000071_00056,90.82,1,0,0,1,1,0,0,0,0.58,1,1
scen_000071,alt_scen_000071_00053,alt_scen_000071_00055,90.0,1,0,0,1,1,0,0,0,0.14,1,1
scen_000071,alt_scen_000071_00053,alt_scen_000071_00057,100.0,1,0,0,0,0,0,0,0,0.41,1,1
scen_000071,alt_scen_000071_00053,alt_scen_000071_00059,109.01,1,0,0,1,1,0,0,0,0.14,1,1
scen_000071,alt_scen_000071_00053,alt_scen_000071_00058,110.0,1,0,0,1,1,0,0,0,0.6,1,1
scen_000071,alt_scen_000071_00053,alt_scen_000071_00060,120.0,1,0,0,1,1,0,0,0,0.59,1,1
scen_000071,alt_scen_000071_00053,alt_scen_000071_00061,150.0,1,0,0,0,0,0,0,0,0.51,1,1
scen_000071,alt_scen_000071_00053,alt_scen_000071_00062,160.0,1,0,0,1,1,0,0,0,0.36,1,1
scen_000071,alt_scen_000071_00054,alt_scen_000071_00056,60.82,1,0,0,0,0,0,0,0,0.77,1,1
scen_000071,alt_scen_000071_00054,alt_scen_000071_00055,60.0,1,0,0,0,0,0,0,0,0.61,1,1
scen_000071,alt_scen_000071_00054,alt_scen_000071_00057,70.0,1,0,0,1,1,0,0,0,0.22,1,1
scen_000071,alt_scen_000071_00054,alt_scen_000071_00059,79.01,1,0,0,0,0,0,0,0,0.8,1,1
scen_000071,alt_scen_000071_00054,alt_scen_000071_00058,80.0,1,0,0,0,0,0,0,0,0.72,1,1
scen_000071,alt_scen_000071_00054,alt_scen_000071_00060,90.0,1,0,0,0,0,0,0,0,0.12,1,1
scen_000071,alt_scen_000071_00054,alt_scen_000071_00061,120.0,1,0,0,1,1,0,0,0,0.14,1,1
scen_000071,alt_scen_000071_00054,alt_scen_000071_00062,130.0,1,0,0,0,0,0,0,0,0.23,1,1
scen_000071,alt_scen_000071_00054,alt_scen_000071_00063,150.0,1,0,0,0,0,0,0,0,0.89,1,1
scen_000071,alt_scen_000071_00056,alt_scen_000071_00055,0.82,1,0,0,1,1,0,0,0,0.69,1,1
scen_000071,alt_scen_000071_00056,alt_scen_000071_00057,9.18,1,0,0,0,0,0,0,0,0.53,1,1
scen_000071,alt_scen_000071_00056,alt_scen_000071_00059,18.19,1,0,0,1,1,0,0,0,0.74,1,1
scen_000071,alt_scen_000071_00056,alt_scen_000071_00058,19.18,1,0,0,1,1,0,0,0,0.79,1,1
scen_000071,alt_scen_000071_00056,alt_scen_000071_00060,29.18,1,0,0,1,1,0,0,0,0.72,1,1
scen_000071,alt_scen_000071_00056,alt_scen_000071_00061,59.18,1,0,0,0,0,0,0,0,0.6,1,1
scen_000071,alt_scen_000071_00056,alt_scen_000071_00062,69.18,1,0,0,1,1,0,0,0,0.48,1,1
scen_000071,alt_scen_000071_00056,alt_scen_000071_00063,89.18,1,0,0,1,1,0,0,0,0.65,1,1
scen_000071,alt_scen_000071_00055,alt_scen_000071_00057,10.0,1,0,0,0,0,0,0,0,0.28,1,1
scen_000071,alt_scen_000071_00055,alt_scen_000071_00059,19.01,1,0,0,1,1,0,0,0,0.27,1,1
scen_000071,alt_scen_000071_00055,alt_scen_000071_00058,20.0,1,0,0,1,1,0,0,0,0.31,1,1
scen_000071,alt_scen_000071_00055,alt_scen_000071_00060,30.0,1,0,0,1,1,0,0,0,0.34,1,1
scen_000071,alt_scen_000071_00055,alt_scen_000071_00061,60.0,1,0,0,0,0,0,0,0,0.63,1,1
scen_000071,alt_scen_000071_00055,alt_scen_000071_00062,70.0,1,0,0,1,1,0,0,0,0.16,1,1
scen_000071,alt_scen_000071_00055,alt_scen_000071_00063,90.0,1,0,0,1,1,0,0,0,0.41,1,1
scen_000071,alt_scen_000071_00057,alt_scen_000071_00059,9.01,1,0,0,0,0,0,0,0,0.36,1,1
scen_000071,alt_scen_000071_00057,alt_scen_000071_00058,10.0,1,0,0,0,0,0,0,0,0.55,1,1
scen_000071,alt_scen_000071_00057,alt_scen_000071_00060,20.0,1,0,0,0,0,0,0,0,0.7,1,1
scen_000071,alt_scen_000071_00057,alt_scen_000071_00061,50.0,1,0,0,1,1,0,0,0,0.46,1,1
scen_000071,alt_scen_000071_00057,alt_scen_000071_00062,60.0,1,0,0,0,0,0,0,0,0.38,1,1
scen_000071,alt_scen_000071_00057,alt_scen_000071_00063,80.0,1,0,0,0,0,0,0,0,0.67,1,1
scen_000071,alt_scen_000071_00059,alt_scen_000071_00058,0.99,1,0,0,1,1,0,0,0,0.15,1,1
scen_000071,alt_scen_000071_00059,alt_scen_000071_00060,10.99,1,0,0,1,1,0,0,0,0.31,1,1
scen_000071,alt_scen_000071_00059,alt_scen_000071_00061,40.99,1,0,0,0,0,0,0,0,0.38,1,1
scen_000071,alt_scen_000071_00059,alt_scen_000071_00062,50.99,1,0,0,1,1,0,0,0,0.73,1,1
scen_000071,alt_scen_000071_00059,alt_scen_000071_00063,70.99,1,0,0,1,1,0,0,0,0.72,1,1
scen_000071,alt_scen_000071_00058,alt_scen_000071_00060,10.0,1,0,0,1,1,0,0,0,0.5,1,1
scen_000071,alt_scen_000071_00058,alt_scen_000071_00061,40.0,1,0,0,0,0,0,0,0,0.32,1,1
scen_000071,alt_scen_000071_00058,alt_scen_000071_00062,50.0,1,0,0,1,1,0,0,0,0.78,1,1
scen_000071,alt_scen_000071_00058,alt_scen_000071_00063,70.0,1,0,0,1,1,0,0,0,0.52,1,1
scen_000071,alt_scen_000071_00060,alt_scen_000071_00061,30.0,1,0,0,0,0,0,0,0,0.16,1,1
scen_000071,alt_scen_000071_00060,alt_scen_000071_00062,40.0,1,0,0,1,1,0,0,0,0.5,1,1
scen_000071,alt_scen_000071_00060,alt_scen_000071_00063,60.0,1,0,0,1,1,0,0,0,0.11,1,1
scen_000071,alt_scen_000071_00061,alt_scen_000071_00062,10.0,1,0,0,0,0,0,0,0,0.7,1,1
scen_000071,alt_scen_000071_00061,alt_scen_000071_00063,30.0,1,0,0,0,0,0,0,0,0.68,1,1
scen_000071,alt_scen_000071_00062,alt_scen_000071_00063,20.0,1,0,0,1,1,0,0,0,0.27,1,1
scen_000072,alt_scen_000072_00003,alt_scen_000072_00001,69.0,0,0,0,1,1,0,2,0,0.7,1,0
scen_000072,alt_scen_000072_00003,alt_scen_000072_00005,131.0,0,0,0,1,1,0,2,0,0.22,1,0
scen_000072,alt_scen_000072_00003,alt_scen_000072_00004,697.0,0,0,0,1,1,0,2,0,0.67,0,0
scen_000072,alt_scen_000072_00003,alt_scen_000072_00002,836.0,0,0,0,1,1,0,2,0,0.73,0,0
scen_000072,alt_scen_000072_00001,alt_scen_000072_00005,62.0,0,0,0,1,1,0,2,0,0.42,1,0
scen_000072,alt_scen_000072_00001,alt_scen_000072_00004,628.0,0,0,0,1,1,0,2,0,0.4,0,0
scen_000072,alt_scen_000072_00001,alt_scen_000072_00002,767.0,0,0,0,1,1,0,2,0,0.12,0,0
scen_000072,alt_scen_000072_00005,alt_scen_000072_00004,566.0,0,0,0,1,1,0,2,0,0.12,0,0
scen_000072,alt_scen_000072_00005,alt_scen_000072_00002,705.0,0,0,0,1,1,0,2,0,0.64,0,0
scen_000072,alt_scen_000072_00004,alt_scen_000072_00002,139.0,0,0,0,1,1,0,2,0,0.48,1,0
scen_000073,alt_scen_000073_00003,alt_scen_000073_00004,49.0,0,0,0,1,1,0,2,0,0.73,1,0
scen_000073,alt_scen_000073_00003,alt_scen_000073_00001,80.0,0,0,0,1,1,0,2,0,0.64,1,0
scen_000073,alt_scen_000073_00003,alt_scen_000073_00002,256.0,0,0,0,1,1,0,2,0,0.71,1,0
scen_000073,alt_scen_000073_00004,alt_scen_000073_00001,31.0,1,0,0,1,1,0,0,0,0.71,1,0
scen_000073,alt_scen_000073_00004,alt_scen_000073_00002,207.0,0,0,0,1,1,0,2,0,0.63,1,0
scen_000073,alt_scen_000073_00001,alt_scen_000073_00002,176.0,0,0,0,1,1,0,2,0,0.65,1,0
scen_000074,alt_scen_000074_00004,alt_scen_000074_00001,134.0,0,0,0,1,1,0,2,0,0.53,1,0
scen_000074,alt_scen_000074_00004,alt_scen_000074_00002,604.0,0,0,0,1,1,0,2,0,0.18,0,0
scen_000074,alt_scen_000074_00004,alt_scen_000074_00003,699.0,0,0,0,1,1,0,2,0,0.17,0,0
scen_000074,alt_scen_000074_00001,alt_scen_000074_00002,470.0,0,0,0,1,1,0,2,0,0.81,0,0
scen_000074,alt_scen_000074_00001,alt_scen_000074_00003,565.0,0,0,0,1,1,0,2,0,0.73,0,0
scen_000074,alt_scen_000074_00002,alt_scen_000074_00003,95.0,0,0,0,1,1,0,2,0,0.14,1,0
scen_000075,alt_scen_000075_00001,alt_scen_000075_00003,254.0,0,0,0,1,1,0,2,0,0.12,1,0
scen_000075,alt_scen_000075_00001,alt_scen_000075_00002,279.0,0,0,0,1,1,0,2,0,0.14,1,0
scen_000075,alt_scen_000075_00001,alt_scen_000075_00005,473.0,0,0,0,1,1,0,2,0,0.56,0,0
scen_000075,alt_scen_000075_00001,alt_scen_000075_00004,485.0,0,0,0,1,1,0,2,0,0.74,0,0
scen_000075,alt_scen_000075_00001,alt_scen_000075_00006,543.0,0,0,0,1,1,0,2,0,0.11,0,0
scen_000075,alt_scen_000075_00003,alt_scen_000075_00002,25.0,0,0,0,1,1,0,2,0,0.89,1,0
scen_000075,alt_scen_000075_00003,alt_scen_000075_00005,219.0,0,0,0,1,1,0,2,0,0.3,1,0
scen_000075,alt_scen_000075_00003,alt_scen_000075_00004,231.0,0,0,0,1,1,0,2,0,0.23,1,0
scen_000075,alt_scen_000075_00003,alt_scen_000075_00006,289.0,0,0,0,1,1,0,2,0,0.82,1,0
scen_000075,alt_scen_000075_00002,alt_scen_000075_00005,194.0,0,0,0,1,1,0,2,0,0.65,1,0
scen_000075,alt_scen_000075_00002,alt_scen_000075_00004,206.0,0,0,0,1,1,0,2,0,0.37,1,0
scen_000075,alt_scen_000075_00002,alt_scen_000075_00006,264.0,0,0,0,1,1,0,2,0,0.33,1,0
scen_000075,alt_scen_000075_00005,alt_scen_000075_00004,12.0,0,0,0,1,1,0,2,0,0.58,1,0
scen_000075,alt_scen_000075_00005,alt_scen_000075_00006,70.0,0,0,0,1,1,0,2,0,0.43,1,0
scen_000075,alt_scen_000075_00004,alt_scen_000075_00006,58.0,0,0,0,1,1,0,2,0,0.16,1,0
scen_000076,alt_scen_000076_00002,alt_scen_000076_00004,2.0,0,0,0,1,1,0,2,0,0.63,1,0
scen_000076,alt_scen_000076_00002,alt_scen_000076_00003,223.0,0,0,0,1,1,0,2,0,0.23,1,0
scen_000076,alt_scen_000076_00002,alt_scen_000076_00001,233.0,1,0,0,1,1,0,0,0,0.54,1,0
scen_000076,alt_scen_000076_00002,alt_scen_000076_00006,502.0,0,0,0,1,1,0,2,0,0.34,0,0
scen_000076,alt_scen_000076_00002,alt_scen_000076_00005,660.0,0,0,0,1,1,0,2,0,0.76,0,0
scen_000076,alt_scen_000076_00004,alt_scen_000076_00003,221.0,0,0,0,1,1,0,2,0,0.16,1,0
scen_000076,alt_scen_000076_00004,alt_scen_000076_00001,231.0,0,0,0,1,1,0,2,0,0.49,1,0
scen_000076,alt_scen_000076_00004,alt_scen_000076_00006,500.0,0,0,0,1,1,0,2,0,0.18,0,0
scen_000076,alt_scen_000076_00004,alt_scen_000076_00005,658.0,0,0,0,1,1,0,2,0,0.29,0,0
scen_000076,alt_scen_000076_00003,alt_scen_000076_00001,10.0,0,0,0,1,1,0,2,0,0.56,1,0
scen_000076,alt_scen_000076_00003,alt_scen_000076_00006,279.0,0,0,0,1,1,0,2,0,0.61,1,0
scen_000076,alt_scen_000076_00003,alt_scen_000076_00005,437.0,0,0,0,1,1,0,2,0,0.24,0,0
scen_000076,alt_scen_000076_00001,alt_scen_000076_00006,269.0,0,0,0,1,1,0,2,0,0.82,1,0
scen_000076,alt_scen_000076_00001,alt_scen_000076_00005,427.0,0,0,0,1,1,0,2,0,0.48,0,0
scen_000076,alt_scen_000076_00006,alt_scen_000076_00005,158.0,0,0,0,1,1,0,2,0,0.33,1,0
scen_000077,alt_scen_000077_00003,alt_scen_000077_00002,213.0,0,0,0,1,1,1,1,-1,0.46,1,0
scen_000077,alt_scen_000077_00003,alt_scen_000077_00001,305.0,0,0,0,1,1,1,1,-1,0.72,0,0
scen_000077,alt_scen_000077_00002,alt_scen_000077_00001,92.0,1,0,0,1,1,0,0,0,0.15,1,0
scen_000078,alt_scen_000078_00003,alt_scen_000078_00002,373.0,0,0,0,1,1,0,2,0,0.35,0,0
scen_000078,alt_scen_000078_00003,alt_scen_000078_00001,707.0,0,0,0,1,1,0,2,0,0.11,0,0
scen_000078,alt_scen_000078_00002,alt_scen_000078_00001,334.0,0,0,0,1,1,0,2,0,0.49,0,0
scen_000079,alt_scen_000079_00001,alt_scen_000079_00002,97.0,0,0,0,1,1,1,1,-1,0.14,1,0
scen_000079,alt_scen_000079_00001,alt_scen_000079_00004,138.0,0,0,0,1,1,0,3,0,0.84,1,0
scen_000079,alt_scen_000079_00001,alt_scen_000079_00003,163.0,0,0,0,1,1,0,2,0,0.89,1,0
scen_000079,alt_scen_000079_00002,alt_scen_000079_00004,41.0,0,0,0,1,1,0,3,0,0.87,1,0
scen_000079,alt_scen_000079_00002,alt_scen_000079_00003,66.0,0,0,0,1,1,1,1,1,0.66,1,0
scen_000079,alt_scen_000079_00004,alt_scen_000079_00003,25.0,0,0,0,1,1,0,3,0,0.45,1,0
scen_000080,alt_scen_000080_00002,alt_scen_000080_00001,36.0,0,0,0,1,1,0,2,0,0.48,1,0
scen_000080,alt_scen_000080_00002,alt_scen_000080_00003,491.0,0,0,0,1,1,0,2,0,0.3,0,0
scen_000080,alt_scen_000080_00001,alt_scen_000080_00003,455.0,0,0,0,1,1,0,2,0,0.35,0,0
scen_000081,alt_scen_000081_00001,alt_scen_000081_00002,366.0,0,0,0,1,1,0,2,0,0.63,0,0
scen_000082,alt_scen_000082_00004,alt_scen_000082_00003,141.0,0,0,0,1,1,0,2,0,0.12,1,0
scen_000082,alt_scen_000082_00004,alt_scen_000082_00001,194.0,0,0,0,1,1,0,3,0,0.68,1,0
scen_000082,alt_scen_000082_00004,alt_scen_000082_00006,254.0,0,0,0,1,1,0,3,0,0.67,1,0
scen_000082,alt_scen_000082_00004,alt_scen_000082_00002,503.0,0,0,0,1,1,0,3,0,0.38,0,0
scen_000082,alt_scen_000082_00004,alt_scen_000082_00005,839.0,0,0,0,1,1,0,2,0,0.24,0,0
scen_000082,alt_scen_000082_00003,alt_scen_000082_00001,53.0,0,0,0,1,1,0,4,0,0.52,1,0
scen_000082,alt_scen_000082_00003,alt_scen_000082_00006,113.0,0,0,0,1,1,1,1,-1,0.11,1,0
scen_000082,alt_scen_000082_00003,alt_scen_000082_00002,362.0,0,0,0,1,1,0,4,0,0.7,0,0
scen_000082,alt_scen_000082_00003,alt_scen_000082_00005,698.0,0,0,0,1,1,0,2,0,0.16,0,0
scen_000082,alt_scen_000082_00001,alt_scen_000082_00006,60.0,0,0,0,1,1,0,4,0,0.65,1,0
scen_000082,alt_scen_000082_00001,alt_scen_000082_00002,309.0,1,0,0,1,1,0,0,0,0.13,0,0
scen_000082,alt_scen_000082_00001,alt_scen_000082_00005,645.0,0,0,0,1,1,0,2,0,0.45,0,0
scen_000082,alt_scen_000082_00006,alt_scen_000082_00002,249.0,0,0,0,1,1,0,4,0,0.24,1,0
scen_000082,alt_scen_000082_00006,alt_scen_000082_00005,585.0,0,0,0,1,1,0,3,0,0.2,0,0
scen_000082,alt_scen_000082_00002,alt_scen_000082_00005,336.0,0,0,0,1,1,0,2,0,0.63,0,0
scen_000083,alt_scen_000083_00025,alt_scen_000083_00001,41.0,0,0,0,1,1,0,2,0,0.16,1,0
scen_000083,alt_scen_000083_00025,alt_scen_000083_00024,90.0,0,0,0,1,1,0,2,0,0.23,1,0
scen_000083,alt_scen_000083_00025,alt_scen_000083_00002,131.0,0,0,0,1,1,0,2,0,0.72,1,0
scen_000083,alt_scen_000083_00025,alt_scen_000083_00003,151.0,0,0,0,1,1,0,2,0,0.21,1,0
scen_000083,alt_scen_000083_00025,alt_scen_000083_00005,170.88,0,0,0,1,1,0,2,0,0.77,1,0
scen_000083,alt_scen_000083_00025,alt_scen_000083_00004,171.0,0,0,0,1,1,0,2,0,0.11,1,0
scen_000083,alt_scen_000083_00025,alt_scen_000083_00023,303.0,0,0,0,1,1,0,2,0,0.61,0,0
scen_000083,alt_scen_000083_00025,alt_scen_000083_00006,411.0,0,0,0,1,1,0,2,0,0.75,0,0
scen_000083,alt_scen_000083_00025,alt_scen_000083_00007,431.0,0,0,0,1,1,0,2,0,0.78,0,0
scen_000083,alt_scen_000083_00001,alt_scen_000083_00024,49.0,0,0,0,1,1,0,2,0,0.71,1,0
scen_000083,alt_scen_000083_00001,alt_scen_000083_00002,90.0,1,0,0,1,1,0,0,0,0.75,1,1
scen_000083,alt_scen_000083_00001,alt_scen_000083_00003,110.0,1,0,0,1,1,0,0,0,0.44,1,1
scen_000083,alt_scen_000083_00001,alt_scen_000083_00005,129.88,1,0,0,1,1,0,0,0,0.3,1,1
scen_000083,alt_scen_000083_00001,alt_scen_000083_00004,130.0,1,0,0,1,1,0,0,0,0.51,1,1
scen_000083,alt_scen_000083_00001,alt_scen_000083_00023,262.0,0,0,0,1,1,0,2,0,0.6,1,0
scen_000083,alt_scen_000083_00001,alt_scen_000083_00006,370.0,1,0,0,1,1,0,0,0,0.6,0,1
scen_000083,alt_scen_000083_00001,alt_scen_000083_00007,390.0,1,0,0,1,1,0,0,0,0.26,0,1
scen_000083,alt_scen_000083_00001,alt_scen_000083_00008,450.0,1,0,0,1,1,0,0,0,0.71,0,1
scen_000083,alt_scen_000083_00024,alt_scen_000083_00002,41.0,0,0,0,1,1,0,2,0,0.67,1,0
scen_000083,alt_scen_000083_00024,alt_scen_000083_00003,61.0,0,0,0,1,1,0,2,0,0.77,1,0
scen_000083,alt_scen_000083_00024,alt_scen_000083_00005,80.88,0,0,0,1,1,0,2,0,0.46,1,0
scen_000083,alt_scen_000083_00024,alt_scen_000083_00004,81.0,0,0,0,1,1,0,2,0,0.47,1,0
scen_000083,alt_scen_000083_00024,alt_scen_000083_00023,213.0,0,0,0,1,1,0,2,0,0.33,1,0
scen_000083,alt_scen_000083_00024,alt_scen_000083_00006,321.0,0,0,0,1,1,0,2,0,0.8,0,0
scen_000083,alt_scen_000083_00024,alt_scen_000083_00007,341.0,0,0,0,1,1,0,2,0,0.58,0,0
scen_000083,alt_scen_000083_00024,alt_scen_000083_00008,401.0,0,0,0,1,1,0,2,0,0.55,0,0
scen_000083,alt_scen_000083_00024,alt_scen_000083_00009,411.0,0,0,0,1,1,0,2,0,0.12,0,0
scen_000083,alt_scen_000083_00002,alt_scen_000083_00003,20.0,1,0,0,1,1,0,0,0,0.32,1,1
scen_000083,alt_scen_000083_00002,alt_scen_000083_00005,39.88,1,0,0,1,1,0,0,0,0.44,1,1
scen_000083,alt_scen_000083_00002,alt_scen_000083_00004,40.0,1,0,0,1,1,0,0,0,0.67,1,1
scen_000083,alt_scen_000083_00002,alt_scen_000083_00023,172.0,0,0,0,1,1,0,2,0,0.41,1,0
scen_000083,alt_scen_000083_00002,alt_scen_000083_00006,280.0,1,0,0,1,1,0,0,0,0.26,1,1
scen_000083,alt_scen_000083_00002,alt_scen_000083_00007,300.0,1,0,0,1,1,0,0,0,0.71,1,1
scen_000083,alt_scen_000083_00002,alt_scen_000083_00008,360.0,1,0,0,1,1,0,0,0,0.32,0,1
scen_000083,alt_scen_000083_00002,alt_scen_000083_00009,370.0,1,0,0,1,1,0,0,0,0.22,0,1
scen_000083,alt_scen_000083_00002,alt_scen_000083_00010,410.0,1,0,0,1,1,0,0,0,0.31,0,1
scen_000083,alt_scen_000083_00003,alt_scen_000083_00005,19.88,1,0,0,1,1,0,0,0,0.34,1,1
scen_000083,alt_scen_000083_00003,alt_scen_000083_00004,20.0,1,0,0,1,1,0,0,0,0.34,1,1
scen_000083,alt_scen_000083_00003,alt_scen_000083_00023,152.0,0,0,0,1,1,0,2,0,0.4,1,0
scen_000083,alt_scen_000083_00003,alt_scen_000083_00006,260.0,1,0,0,1,1,0,0,0,0.3,1,1
scen_000083,alt_scen_000083_00003,alt_scen_000083_00007,280.0,1,0,0,1,1,0,0,0,0.36,1,1
scen_000083,alt_scen_000083_00003,alt_scen_000083_00008,340.0,1,0,0,1,1,0,0,0,0.39,0,1
scen_000083,alt_scen_000083_00003,alt_scen_000083_00009,350.0,1,0,0,1,1,0,0,0,0.7,0,1
scen_000083,alt_scen_000083_00003,alt_scen_000083_00010,390.0,1,0,0,1,1,0,0,0,0.16,0,1
scen_000083,alt_scen_000083_00003,alt_scen_000083_00011,400.0,1,0,0,1,1,0,0,0,0.89,0,1
scen_000083,alt_scen_000083_00005,alt_scen_000083_00004,0.12,1,0,0,1,1,0,0,0,0.61,1,1
scen_000083,alt_scen_000083_00005,alt_scen_000083_00023,132.12,0,0,0,1,1,0,2,0,0.68,1,0
scen_000083,alt_scen_000083_00005,alt_scen_000083_00006,240.12,1,0,0,1,1,0,0,0,0.65,1,1
scen_000083,alt_scen_000083_00005,alt_scen_000083_00007,260.12,1,0,0,1,1,0,0,0,0.68,1,1
scen_000083,alt_scen_000083_00005,alt_scen_000083_00008,320.12,1,0,0,1,1,0,0,0,0.63,0,1
scen_000083,alt_scen_000083_00005,alt_scen_000083_00009,330.12,1,0,0,1,1,0,0,0,0.23,0,1
scen_000083,alt_scen_000083_00005,alt_scen_000083_00010,370.12,1,0,0,1,1,0,0,0,0.38,0,1
scen_000083,alt_scen_000083_00005,alt_scen_000083_00011,380.12,1,0,0,1,1,0,0,0,0.19,0,1
scen_000083,alt_scen_000083_00005,alt_scen_000083_00012,430.12,1,0,0,1,1,0,0,0,0.44,0,1
scen_000083,alt_scen_000083_00004,alt_scen_000083_00023,132.0,0,0,0,1,1,0,2,0,0.86,1,0
scen_000083,alt_scen_000083_00004,alt_scen_000083_00006,240.0,1,0,0,1,1,0,0,0,0.44,1,1
scen_000083,alt_scen_000083_00004,alt_scen_000083_00007,260.0,1,0,0,1,1,0,0,0,0.42,1,1
scen_000083,alt_scen_000083_00004,alt_scen_000083_00008,320.0,1,0,0,1,1,0,0,0,0.12,0,1
scen_000083,alt_scen_000083_00004,alt_scen_000083_00009,330.0,1,0,0,1,1,0,0,0,0.9,0,1
scen_000083,alt_scen_000083_00004,alt_scen_000083_00010,370.0,1,0,0,1,1,0,0,0,0.2,0,1
scen_000083,alt_scen_000083_00004,alt_scen_000083_00011,380.0,1,0,0,1,1,0,0,0,0.18,0,1
scen_000083,alt_scen_000083_00004,alt_scen_000083_00012,430.0,1,0,0,1,1,0,0,0,0.11,0,1
scen_000083,alt_scen_000083_00004,alt_scen_000083_00013,440.0,1,0,0,1,1,0,0,0,0.39,0,1
scen_000083,alt_scen_000083_00023,alt_scen_000083_00006,108.0,0,0,0,1,1,0,2,0,0.74,1,0
scen_000083,alt_scen_000083_00023,alt_scen_000083_00007,128.0,0,0,0,1,1,0,2,0,0.53,1,0
scen_000083,alt_scen_000083_00023,alt_scen_000083_00008,188.0,0,0,0,1,1,0,2,0,0.24,1,0
scen_000083,alt_scen_000083_00023,alt_scen_000083_00009,198.0,0,0,0,1,1,0,2,0,0.78,1,0
scen_000083,alt_scen_000083_00023,alt_scen_000083_00010,238.0,0,0,0,1,1,0,2,0,0.2,1,0
scen_000083,alt_scen_000083_00023,alt_scen_000083_00011,248.0,0,0,0,1,1,0,2,0,0.76,1,0
scen_000083,alt_scen_000083_00023,alt_scen_000083_00012,298.0,0,0,0,1,1,0,2,0,0.78,1,0
scen_000083,alt_scen_000083_00023,alt_scen_000083_00013,308.0,0,0,0,1,1,0,2,0,0.43,0,0
scen_000083,alt_scen_000083_00023,alt_scen_000083_00014,318.0,0,0,0,1,1,0,2,0,0.1,0,0
scen_000083,alt_scen_000083_00006,alt_scen_000083_00007,20.0,1,0,0,1,1,0,0,0,0.89,1,1
scen_000083,alt_scen_000083_00006,alt_scen_000083_00008,80.0,1,0,0,1,1,0,0,0,0.89,1,1
scen_000083,alt_scen_000083_00006,alt_scen_000083_00009,90.0,1,0,0,1,1,0,0,0,0.78,1,1
scen_000083,alt_scen_000083_00006,alt_scen_000083_00010,130.0,1,0,0,1,1,0,0,0,0.72,1,1
scen_000083,alt_scen_000083_00006,alt_scen_000083_00011,140.0,1,0,0,1,1,0,0,0,0.86,1,1
scen_000083,alt_scen_000083_00006,alt_scen_000083_00012,190.0,1,0,0,1,1,0,0,0,0.46,1,1
scen_000083,alt_scen_000083_00006,alt_scen_000083_00013,200.0,1,0,0,1,1,0,0,0,0.53,1,1
scen_000083,alt_scen_000083_00006,alt_scen_000083_00014,210.0,1,0,0,1,1,0,0,0,0.65,1,1
scen_000083,alt_scen_000083_00006,alt_scen_000083_00026,232.0,0,0,0,1,1,0,2,0,0.19,1,0
scen_000083,alt_scen_000083_00007,alt_scen_000083_00008,60.0,1,0,0,1,1,0,0,0,0.9,1,1
scen_000083,alt_scen_000083_00007,alt_scen_000083_00009,70.0,1,0,0,1,1,0,0,0,0.23,1,1
scen_000083,alt_scen_000083_00007,alt_scen_000083_00010,110.0,1,0,0,1,1,0,0,0,0.56,1,1
scen_000083,alt_scen_000083_00007,alt_scen_000083_00011,120.0,1,0,0,1,1,0,0,0,0.52,1,1
scen_000083,alt_scen_000083_00007,alt_scen_000083_00012,170.0,1,0,0,1,1,0,0,0,0.14,1,1
scen_000083,alt_scen_000083_00007,alt_scen_000083_00013,180.0,1,0,0,1,1,0,0,0,0.21,1,1
scen_000083,alt_scen_000083_00007,alt_scen_000083_00014,190.0,1,0,0,1,1,0,0,0,0.87,1,1
scen_000083,alt_scen_000083_00007,alt_scen_000083_00026,212.0,0,0,0,1,1,0,2,0,0.26,1,0
scen_000083,alt_scen_000083_00007,alt_scen_000083_00015,230.0,1,0,0,1,1,0,0,0,0.16,1,1
scen_000083,alt_scen_000083_00008,alt_scen_000083_00009,10.0,1,0,0,1,1,0,0,0,0.68,1,1
scen_000083,alt_scen_000083_00008,alt_scen_000083_00010,50.0,1,0,0,1,1,0,0,0,0.5,1,1
scen_000083,alt_scen_000083_00008,alt_scen_000083_00011,60.0,1,0,0,1,1,0,0,0,0.48,1,1
scen_000083,alt_scen_000083_00008,alt_scen_000083_00012,110.0,1,0,0,1,1,0,0,0,0.65,1,1
scen_000083,alt_scen_000083_00008,alt_scen_000083_00013,120.0,1,0,0,1,1,0,0,0,0.31,1,1
scen_000083,alt_scen_000083_00008,alt_scen_000083_00014,130.0,1,0,0,1,1,0,0,0,0.5,1,1
scen_000083,alt_scen_000083_00008,alt_scen_000083_00026,152.0,0,0,0,1,1,0,2,0,0.61,1,0
scen_000083,alt_scen_000083_00008,alt_scen_000083_00015,170.0,1,0,0,1,1,0,0,0,0.28,1,1
scen_000083,alt_scen_000083_00008,alt_scen_000083_00016,240.0,1,0,0,1,1,0,0,0,0.17,1,1
scen_000083,alt_scen_000083_00009,alt_scen_000083_00010,40.0,1,0,0,1,1,0,0,0,0.36,1,1
scen_000083,alt_scen_000083_00009,alt_scen_000083_00011,50.0,1,0,0,1,1,0,0,0,0.81,1,1
scen_000083,alt_scen_000083_00009,alt_scen_000083_00012,100.0,1,0,0,1,1,0,0,0,0.25,1,1
scen_000083,alt_scen_000083_00009,alt_scen_000083_00013,110.0,1,0,0,1,1,0,0,0,0.47,1,1
scen_000083,alt_scen_000083_00009,alt_scen_000083_00014,120.0,1,0,0,1,1,0,0,0,0.64,1,1
scen_000083,alt_scen_000083_00009,alt_scen_000083_00026,142.0,0,0,0,1,1,0,2,0,0.28,1,0
scen_000083,alt_scen_000083_00009,alt_scen_000083_00015,160.0,1,0,0,1,1,0,0,0,0.46,1,1
scen_000083,alt_scen_000083_00009,alt_scen_000083_00016,230.0,1,0,0,1,1,0,0,0,0.1,1,1
scen_000083,alt_scen_000083_00009,alt_scen_000083_00017,270.0,1,0,0,1,1,0,0,0,0.31,1,1
scen_000083,alt_scen_000083_00010,alt_scen_000083_00011,10.0,1,0,0,1,1,0,0,0,0.5,1,1
scen_000083,alt_scen_000083_00010,alt_scen_000083_00012,60.0,1,0,0,1,1,0,0,0,0.16,1,1
scen_000083,alt_scen_000083_00010,alt_scen_000083_00013,70.0,1,0,0,1,1,0,0,0,0.59,1,1
scen_000083,alt_scen_000083_00010,alt_scen_000083_00014,80.0,1,0,0,1,1,0,0,0,0.55,1,1
scen_000083,alt_scen_000083_00010,alt_scen_000083_00026,102.0,0,0,0,1,1,0,2,0,0.28,1,0
scen_000083,alt_scen_000083_00010,alt_scen_000083_00015,120.0,1,0,0,1,1,0,0,0,0.22,1,1
scen_000083,alt_scen_000083_00010,alt_scen_000083_00016,190.0,1,0,0,1,1,0,0,0,0.61,1,1
scen_000083,alt_scen_000083_00010,alt_scen_000083_00017,230.0,1,0,0,1,1,0,0,0,0.25,1,1
scen_000083,alt_scen_000083_00010,alt_scen_000083_00018,290.0,1,0,0,1,1,0,0,0,0.25,1,1
scen_000083,alt_scen_000083_00011,alt_scen_000083_00012,50.0,1,0,0,1,1,0,0,0,0.23,1,1
scen_000083,alt_scen_000083_00011,alt_scen_000083_00013,60.0,1,0,0,1,1,0,0,0,0.22,1,1
scen_000083,alt_scen_000083_00011,alt_scen_000083_00014,70.0,1,0,0,1,1,0,0,0,0.36,1,1
scen_000083,alt_scen_000083_00011,alt_scen_000083_00026,92.0,0,0,0,1,1,0,2,0,0.54,1,0
scen_000083,alt_scen_000083_00011,alt_scen_000083_00015,110.0,1,0,0,1,1,0,0,0,0.74,1,1
scen_000083,alt_scen_000083_00011,alt_scen_000083_00016,180.0,1,0,0,1,1,0,0,0,0.11,1,1
scen_000083,alt_scen_000083_00011,alt_scen_000083_00017,220.0,1,0,0,1,1,0,0,0,0.3,1,1
scen_000083,alt_scen_000083_00011,alt_scen_000083_00018,280.0,1,0,0,1,1,0,0,0,0.81,1,1
scen_000083,alt_scen_000083_00011,alt_scen_000083_00019,360.0,1,0,0,1,1,0,0,0,0.41,0,1
scen_000083,alt_scen_000083_00012,alt_scen_000083_00013,10.0,1,0,0,1,1,0,0,0,0.43,1,1
scen_000083,alt_scen_000083_00012,alt_scen_000083_00014,20.0,1,0,0,1,1,0,0,0,0.12,1,1
scen_000083,alt_scen_000083_00012,alt_scen_000083_00026,42.0,0,0,0,1,1,0,2,0,0.67,1,0
scen_000083,alt_scen_000083_00012,alt_scen_000083_00015,60.0,1,0,0,1,1,0,0,0,0.69,1,1
scen_000083,alt_scen_000083_00012,alt_scen_000083_00016,130.0,1,0,0,1,1,0,0,0,0.86,1,1
scen_000083,alt_scen_000083_00012,alt_scen_000083_00017,170.0,1,0,0,1,1,0,0,0,0.67,1,1
scen_000083,alt_scen_000083_00012,alt_scen_000083_00018,230.0,1,0,0,1,1,0,0,0,0.85,1,1
scen_000083,alt_scen_000083_00012,alt_scen_000083_00019,310.0,1,0,0,1,1,0,0,0,0.48,0,1
scen_000083,alt_scen_000083_00012,alt_scen_000083_00021,439.33,1,0,0,1,1,0,0,0,0.28,0,1
scen_000083,alt_scen_000083_00013,alt_scen_000083_00014,10.0,1,0,0,1,1,0,0,0,0.26,1,1
scen_000083,alt_scen_000083_00013,alt_scen_000083_00026,32.0,0,0,0,1,1,0,2,0,0.12,1,0
scen_000083,alt_scen_000083_00013,alt_scen_000083_00015,50.0,1,0,0,1,1,0,0,0,0.52,1,1
scen_000083,alt_scen_000083_00013,alt_scen_000083_00016,120.0,1,0,0,1,1,0,0,0,0.48,1,1
scen_000083,alt_scen_000083_00013,alt_scen_000083_00017,160.0,1,0,0,1,1,0,0,0,0.36,1,1
scen_000083,alt_scen_000083_00013,alt_scen_000083_00018,220.0,1,0,0,1,1,0,0,0,0.56,1,1
scen_000083,alt_scen_000083_00013,alt_scen_000083_00019,300.0,1,0,0,1,1,0,0,0,0.85,1,1
scen_000083,alt_scen_000083_00013,alt_scen_000083_00021,429.33,1,0,0,1,1,0,0,0,0.48,0,1
scen_000083,alt_scen_000083_00013,alt_scen_000083_00020,430.0,1,0,0,1,1,0,0,0,0.24,0,1
scen_000083,alt_scen_000083_00014,alt_scen_000083_00026,22.0,0,0,0,1,1,0,2,0,0.42,1,0
scen_000083,alt_scen_000083_00014,alt_scen_000083_00015,40.0,1,0,0,1,1,0,0,0,0.56,1,1
scen_000083,alt_scen_000083_00014,alt_scen_000083_00016,110.0,1,0,0,1,1,0,0,0,0.88,1,1
scen_000083,alt_scen_000083_00014,alt_scen_000083_00017,150.0,1,0,0,1,1,0,0,0,0.36,1,1
scen_000083,alt_scen_000083_00014,alt_scen_000083_00018,210.0,1,0,0,1,1,0,0,0,0.77,1,1
scen_000083,alt_scen_000083_00014,alt_scen_000083_00019,290.0,1,0,0,1,1,0,0,0,0.75,1,1
scen_000083,alt_scen_000083_00014,alt_scen_000083_00021,419.33,1,0,0,1,1,0,0,0,0.55,0,1
scen_000083,alt_scen_000083_00014,alt_scen_000083_00020,420.0,1,0,0,1,1,0,0,0,0.43,0,1
scen_000083,alt_scen_000083_00014,alt_scen_000083_00022,570.0,1,0,0,1,1,0,0,0,0.26,0,1
scen_000083,alt_scen_000083_00026,alt_scen_000083_00015,18.0,0,0,0,1,1,0,2,0,0.34,1,0
scen_000083,alt_scen_000083_00026,alt_scen_000083_00016,88.0,0,0,0,1,1,0,2,0,0.7,1,0
scen_000083,alt_scen_000083_00026,alt_scen_000083_00017,128.0,0,0,0,1,1,0,2,0,0.15,1,0
scen_000083,alt_scen_000083_00026,alt_scen_000083_00018,188.0,0,0,0,1,1,0,2,0,0.85,1,0
scen_000083,alt_scen_000083_00026,alt_scen_000083_00019,268.0,0,0,0,1,1,0,2,0,0.89,1,0
scen_000083,alt_scen_000083_00026,alt_scen_000083_00021,397.33,0,0,0,1,1,0,2,0,0.14,0,0
scen_000083,alt_scen_000083_00026,alt_scen_000083_00020,398.0,0,0,0,1,1,0,2,0,0.51,0,0
scen_000083,alt_scen_000083_00026,alt_scen_000083_00022,548.0,0,0,0,1,1,0,2,0,0.74,0,0
scen_000083,alt_scen_000083_00015,alt_scen_000083_00016,70.0,1,0,0,1,1,0,0,0,0.79,1,1
scen_000083,alt_scen_000083_00015,alt_scen_000083_00017,110.0,1,0,0,1,1,0,0,0,0.83,1,1
scen_000083,alt_scen_000083_00015,alt_scen_000083_00018,170.0,1,0,0,1,1,0,0,0,0.5,1,1
scen_000083,alt_scen_000083_00015,alt_scen_000083_00019,250.0,1,0,0,1,1,0,0,0,0.8,1,1
scen_000083,alt_scen_000083_00015,alt_scen_000083_00021,379.33,1,0,0,1,1,0,0,0,0.49,0,1
scen_000083,alt_scen_000083_00015,alt_scen_000083_00020,380.0,1,0,0,1,1,0,0,0,0.64,0,1
scen_000083,alt_scen_000083_00015,alt_scen_000083_00022,530.0,1,0,0,1,1,0,0,0,0.85,0,1
scen_000083,alt_scen_000083_00016,alt_scen_000083_00017,40.0,1,0,0,1,1,0,0,0,0.76,1,1
scen_000083,alt_scen_000083_00016,alt_scen_000083_00018,100.0,1,0,0,1,1,0,0,0,0.72,1,1
scen_000083,alt_scen_000083_00016,alt_scen_000083_00019,180.0,1,0,0,1,1,0,0,0,0.66,1,1
scen_000083,alt_scen_000083_00016,alt_scen_000083_00021,309.33,1,0,0,1,1,0,0,0,0.46,0,1
scen_000083,alt_scen_000083_00016,alt_scen_000083_00020,310.0,1,0,0,1,1,0,0,0,0.55,0,1
scen_000083,alt_scen_000083_00016,alt_scen_000083_00022,460.0,1,0,0,1,1,0,0,0,0.48,0,1
scen_000083,alt_scen_000083_00017,alt_scen_000083_00018,60.0,1,0,0,1,1,0,0,0,0.28,1,1
scen_000083,alt_scen_000083_00017,alt_scen_000083_00019,140.0,1,0,0,1,1,0,0,0,0.74,1,1
scen_000083,alt_scen_000083_00017,alt_scen_000083_00021,269.33,1,0,0,1,1,0,0,0,0.67,1,1
scen_000083,alt_scen_000083_00017,alt_scen_000083_00020,270.0,1,0,0,1,1,0,0,0,0.72,1,1
scen_000083,alt_scen_000083_00017,alt_scen_000083_00022,420.0,1,0,0,1,1,0,0,0,0.24,0,1
scen_000083,alt_scen_000083_00018,alt_scen_000083_00019,80.0,1,0,0,1,1,0,0,0,0.79,1,1
scen_000083,alt_scen_000083_00018,alt_scen_000083_00021,209.33,1,0,0,1,1,0,0,0,0.27,1,1
scen_000083,alt_scen_000083_00018,alt_scen_000083_00020,210.0,1,0,0,1,1,0,0,0,0.18,1,1
scen_000083,alt_scen_000083_00018,alt_scen_000083_00022,360.0,1,0,0,1,1,0,0,0,0.11,0,1
scen_000083,alt_scen_000083_00019,alt_scen_000083_00021,129.33,1,0,0,1,1,0,0,0,0.55,1,1
scen_000083,alt_scen_000083_00019,alt_scen_000083_00020,130.0,1,0,0,1,1,0,0,0,0.37,1,1
scen_000083,alt_scen_000083_00019,alt_scen_000083_00022,280.0,1,0,0,1,1,0,0,0,0.63,1,1
scen_000083,alt_scen_000083_00021,alt_scen_000083_00020,0.67,1,0,0,1,1,0,0,0,0.24,1,1
scen_000083,alt_scen_000083_00021,alt_scen_000083_00022,150.67,1,0,0,1,1,0,0,0,0.3,1,1
scen_000083,alt_scen_000083_00020,alt_scen_000083_00022,150.0,1,0,0,1,1,0,0,0,0.66,1,1
scen_000084,alt_scen_000084_00042,alt_scen_000084_00043,192.0,0,0,0,1,1,0,2,0,0.71,1,0
scen_000084,alt_scen_000084_00042,alt_scen_000084_00001,239.0,1,0,0,0,0,0,0,0,0.65,1,0
scen_000084,alt_scen_000084_00042,alt_scen_000084_00002,243.12,1,0,0,0,0,0,0,0,0.36,1,0
scen_000084,alt_scen_000084_00042,alt_scen_000084_00004,317.13,1,0,0,0,0,0,0,0,0.18,0,0
scen_000084,alt_scen_000084_00042,alt_scen_000084_00003,319.0,1,0,0,0,0,0,0,0,0.48,0,0
scen_000084,alt_scen_000084_00042,alt_scen_000084_00040,327.0,0,0,0,1,1,0,2,0,0.58,0,0
scen_000084,alt_scen_000084_00042,alt_scen_000084_00005,329.0,1,0,0,0,0,0,0,0,0.38,0,0
scen_000084,alt_scen_000084_00042,alt_scen_000084_00006,339.0,1,0,0,0,0,0,0,0,0.83,0,0
scen_000084,alt_scen_000084_00042,alt_scen_000084_00039,384.0,0,0,0,1,1,0,2,0,0.57,0,0
scen_000084,alt_scen_000084_00043,alt_scen_000084_00001,47.0,0,0,0,0,0,0,2,0,0.29,1,0
scen_000084,alt_scen_000084_00043,alt_scen_000084_00002,51.12,0,0,0,0,0,0,2,0,0.88,1,0
scen_000084,alt_scen_000084_00043,alt_scen_000084_00004,125.13,0,0,0,0,0,0,2,0,0.35,1,0
scen_000084,alt_scen_000084_00043,alt_scen_000084_00003,127.0,0,0,0,0,0,0,2,0,0.56,1,0
scen_000084,alt_scen_000084_00043,alt_scen_000084_00040,135.0,0,0,0,1,1,0,2,0,0.11,1,0
scen_000084,alt_scen_000084_00043,alt_scen_000084_00005,137.0,0,0,0,0,0,0,2,0,0.66,1,0
scen_000084,alt_scen_000084_00043,alt_scen_000084_00006,147.0,0,0,0,0,0,0,2,0,0.51,1,0
scen_000084,alt_scen_000084_00043,alt_scen_000084_00039,192.0,0,0,0,1,1,0,2,0,0.45,1,0
scen_000084,alt_scen_000084_00043,alt_scen_000084_00044,236.0,1,0,0,1,1,0,0,0,0.49,1,0
scen_000084,alt_scen_000084_00001,alt_scen_000084_00002,4.12,1,0,0,1,1,0,0,0,0.36,1,1
scen_000084,alt_scen_000084_00001,alt_scen_000084_00004,78.13,1,0,0,1,1,0,0,0,0.15,1,1
scen_000084,alt_scen_000084_00001,alt_scen_000084_00003,80.0,1,0,0,1,1,0,0,0,0.33,1,1
scen_000084,alt_scen_000084_00001,alt_scen_000084_00040,88.0,0,0,0,0,0,0,2,0,0.56,1,0
scen_000084,alt_scen_000084_00001,alt_scen_000084_00005,90.0,1,0,0,1,1,0,0,0,0.58,1,1
scen_000084,alt_scen_000084_00001,alt_scen_000084_00006,100.0,1,0,0,1,1,0,0,0,0.66,1,1
scen_000084,alt_scen_000084_00001,alt_scen_000084_00039,145.0,0,0,0,0,0,0,2,0,0.26,1,0
scen_000084,alt_scen_000084_00001,alt_scen_000084_00044,189.0,0,0,0,0,0,0,2,0,0.75,1,0
scen_000084,alt_scen_000084_00001,alt_scen_000084_00007,210.0,1,0,0,1,1,0,0,0,0.47,1,1
scen_000084,alt_scen_000084_00002,alt_scen_000084_00004,74.01,1,0,0,1,1,0,0,0,0.14,1,1
scen_000084,alt_scen_000084_00002,alt_scen_000084_00003,75.88,1,0,0,1,1,0,0,0,0.89,1,1
scen_000084,alt_scen_000084_00002,alt_scen_000084_00040,83.88,0,0,0,0,0,0,2,0,0.31,1,0
scen_000084,alt_scen_000084_00002,alt_scen_000084_00005,85.88,1,0,0,1,1,0,0,0,0.83,1,1
scen_000084,alt_scen_000084_00002,alt_scen_000084_00006,95.88,1,0,0,1,1,0,0,0,0.89,1,1
scen_000084,alt_scen_000084_00002,alt_scen_000084_00039,140.88,0,0,0,0,0,0,2,0,0.76,1,0
scen_000084,alt_scen_000084_00002,alt_scen_000084_00044,184.88,0,0,0,0,0,0,2,0,0.62,1,0
scen_000084,alt_scen_000084_00002,alt_scen_000084_00007,205.88,1,0,0,1,1,0,0,0,0.47,1,1
scen_000084,alt_scen_000084_00002,alt_scen_000084_00008,245.88,1,0,0,1,1,0,0,0,0.26,1,1
scen_000084,alt_scen_000084_00004,alt_scen_000084_00003,1.87,1,0,0,1,1,0,0,0,0.1,1,1
scen_000084,alt_scen_000084_00004,alt_scen_000084_00040,9.87,0,0,0,0,0,0,2,0,0.29,1,0
scen_000084,alt_scen_000084_00004,alt_scen_000084_00005,11.87,1,0,0,1,1,0,0,0,0.59,1,1
scen_000084,alt_scen_000084_00004,alt_scen_000084_00006,21.87,1,0,0,1,1,0,0,0,0.46,1,1
scen_000084,alt_scen_000084_00004,alt_scen_000084_00039,66.87,0,0,0,0,0,0,2,0,0.73,1,0
scen_000084,alt_scen_000084_00004,alt_scen_000084_00044,110.87,0,0,0,0,0,0,2,0,0.89,1,0
scen_000084,alt_scen_000084_00004,alt_scen_000084_00007,131.87,1,0,0,1,1,0,0,0,0.83,1,1
scen_000084,alt_scen_000084_00004,alt_scen_000084_00008,171.87,1,0,0,1,1,0,0,0,0.28,1,1
scen_000084,alt_scen_000084_00004,alt_scen_000084_00009,211.87,1,0,0,1,1,0,0,0,0.55,1,1
scen_000084,alt_scen_000084_00003,alt_scen_000084_00040,8.0,0,0,0,0,0,0,2,0,0.3,1,0
scen_000084,alt_scen_000084_00003,alt_scen_000084_00005,10.0,1,0,0,1,1,0,0,0,0.35,1,1
scen_000084,alt_scen_000084_00003,alt_scen_000084_00006,20.0,1,0,0,1,1,0,0,0,0.1,1,1
scen_000084,alt_scen_000084_00003,alt_scen_000084_00039,65.0,0,0,0,0,0,0,2,0,0.2,1,0
scen_000084,alt_scen_000084_00003,alt_scen_000084_00044,109.0,0,0,0,0,0,0,2,0,0.67,1,0
scen_000084,alt_scen_000084_00003,alt_scen_000084_00007,130.0,1,0,0,1,1,0,0,0,0.29,1,1
scen_000084,alt_scen_000084_00003,alt_scen_000084_00008,170.0,1,0,0,1,1,0,0,0,0.5,1,1
scen_000084,alt_scen_000084_00003,alt_scen_000084_00009,210.0,1,0,0,1,1,0,0,0,0.77,1,1
scen_000084,alt_scen_000084_00003,alt_scen_000084_00010,240.0,1,0,0,1,1,0,0,0,0.67,1,1
scen_000084,alt_scen_000084_00040,alt_scen_000084_00005,2.0,0,0,0,0,0,0,2,0,0.38,1,0
scen_000084,alt_scen_000084_00040,alt_scen_000084_00006,12.0,0,0,0,0,0,0,2,0,0.5,1,0
scen_000084,alt_scen_000084_00040,alt_scen_000084_00039,57.0,0,0,0,1,1,0,2,0,0.37,1,0
scen_000084,alt_scen_000084_00040,alt_scen_000084_00044,101.0,0,0,0,1,1,0,2,0,0.68,1,0
scen_000084,alt_scen_000084_00040,alt_scen_000084_00007,122.0,0,0,0,0,0,0,2,0,0.72,1,0
scen_000084,alt_scen_000084_00040,alt_scen_000084_00008,162.0,0,0,0,0,0,0,2,0,0.35,1,0
scen_000084,alt_scen_000084_00040,alt_scen_000084_00009,202.0,0,0,0,0,0,0,2,0,0.8,1,0
scen_000084,alt_scen_000084_00040,alt_scen_000084_00010,232.0,0,0,0,0,0,0,2,0,0.22,1,0
scen_000084,alt_scen_000084_00040,alt_scen_000084_00011,242.0,0,0,0,0,0,0,2,0,0.4,1,0
scen_000084,alt_scen_000084_00005,alt_scen_000084_00006,10.0,1,0,0,1,1,0,0,0,0.23,1,1
scen_000084,alt_scen_000084_00005,alt_scen_000084_00039,55.0,0,0,0,0,0,0,2,0,0.17,1,0
scen_000084,alt_scen_000084_00005,alt_scen_000084_00044,99.0,0,0,0,0,0,0,2,0,0.73,1,0
scen_000084,alt_scen_000084_00005,alt_scen_000084_00007,120.0,1,0,0,1,1,0,0,0,0.42,1,1
scen_000084,alt_scen_000084_00005,alt_scen_000084_00008,160.0,1,0,0,1,1,0,0,0,0.37,1,1
scen_000084,alt_scen_000084_00005,alt_scen_000084_00009,200.0,1,0,0,1,1,0,0,0,0.16,1,1
scen_000084,alt_scen_000084_00005,alt_scen_000084_00010,230.0,1,0,0,1,1,0,0,0,0.67,1,1
scen_000084,alt_scen_000084_00005,alt_scen_000084_00011,240.0,1,0,0,1,1,0,0,0,0.15,1,1
scen_000084,alt_scen_000084_00005,alt_scen_000084_00013,266.44,1,0,0,1,1,0,0,0,0.86,1,1
scen_000084,alt_scen_000084_00006,alt_scen_000084_00039,45.0,0,0,0,0,0,0,2,0,0.64,1,0
scen_000084,alt_scen_000084_00006,alt_scen_000084_00044,89.0,0,0,0,0,0,0,2,0,0.26,1,0
scen_000084,alt_scen_000084_00006,alt_scen_000084_00007,110.0,1,0,0,1,1,0,0,0,0.9,1,1
scen_000084,alt_scen_000084_00006,alt_scen_000084_00008,150.0,1,0,0,1,1,0,0,0,0.44,1,1
scen_000084,alt_scen_000084_00006,alt_scen_000084_00009,190.0,1,0,0,1,1,0,0,0,0.83,1,1
scen_000084,alt_scen_000084_00006,alt_scen_000084_00010,220.0,1,0,0,1,1,0,0,0,0.12,1,1
scen_000084,alt_scen_000084_00006,alt_scen_000084_00011,230.0,1,0,0,1,1,0,0,0,0.29,1,1
scen_000084,alt_scen_000084_00006,alt_scen_000084_00013,256.44,1,0,0,1,1,0,0,0,0.1,1,1
scen_000084,alt_scen_000084_00006,alt_scen_000084_00012,260.0,1,0,0,1,1,0,0,0,0.86,1,1
scen_000084,alt_scen_000084_00039,alt_scen_000084_00044,44.0,0,0,0,1,1,0,2,0,0.5,1,0
scen_000084,alt_scen_000084_00039,alt_scen_000084_00007,65.0,0,0,0,0,0,0,2,0,0.84,1,0
scen_000084,alt_scen_000084_00039,alt_scen_000084_00008,105.0,0,0,0,0,0,0,2,0,0.81,1,0
scen_000084,alt_scen_000084_00039,alt_scen_000084_00009,145.0,0,0,0,0,0,0,2,0,0.24,1,0
scen_000084,alt_scen_000084_00039,alt_scen_000084_00010,175.0,0,0,0,0,0,0,2,0,0.65,1,0
scen_000084,alt_scen_000084_00039,alt_scen_000084_00011,185.0,0,0,0,0,0,0,2,0,0.76,1,0
scen_000084,alt_scen_000084_00039,alt_scen_000084_00013,211.44,0,0,0,0,0,0,2,0,0.29,1,0
scen_000084,alt_scen_000084_00039,alt_scen_000084_00012,215.0,0,0,0,0,0,0,2,0,0.45,1,0
scen_000084,alt_scen_000084_00039,alt_scen_000084_00014,225.0,0,0,0,0,0,0,2,0,0.13,1,0
scen_000084,alt_scen_000084_00044,alt_scen_000084_00007,21.0,0,0,0,0,0,0,2,0,0.56,1,0
scen_000084,alt_scen_000084_00044,alt_scen_000084_00008,61.0,0,0,0,0,0,0,2,0,0.72,1,0
scen_000084,alt_scen_000084_00044,alt_scen_000084_00009,101.0,0,0,0,0,0,0,2,0,0.26,1,0
scen_000084,alt_scen_000084_00044,alt_scen_000084_00010,131.0,0,0,0,0,0,0,2,0,0.53,1,0
scen_000084,alt_scen_000084_00044,alt_scen_000084_00011,141.0,0,0,0,0,0,0,2,0,0.87,1,0
scen_000084,alt_scen_000084_00044,alt_scen_000084_00013,167.44,0,0,0,0,0,0,2,0,0.44,1,0
scen_000084,alt_scen_000084_00044,alt_scen_000084_00012,171.0,0,0,0,0,0,0,2,0,0.37,1,0
scen_000084,alt_scen_000084_00044,alt_scen_000084_00014,181.0,0,0,0,0,0,0,2,0,0.76,1,0
scen_000084,alt_scen_000084_00044,alt_scen_000084_00015,211.0,0,0,0,0,0,0,2,0,0.56,1,0
scen_000084,alt_scen_000084_00007,alt_scen_000084_00008,40.0,1,0,0,1,1,0,0,0,0.68,1,1
scen_000084,alt_scen_000084_00007,alt_scen_000084_00009,80.0,1,0,0,1,1,0,0,0,0.61,1,1
scen_000084,alt_scen_000084_00007,alt_scen_000084_00010,110.0,1,0,0,1,1,0,0,0,0.47,1,1
scen_000084,alt_scen_000084_00007,alt_scen_000084_00011,120.0,1,0,0,1,1,0,0,0,0.18,1,1
scen_000084,alt_scen_000084_00007,alt_scen_000084_00013,146.44,1,0,0,1,1,0,0,0,0.8,1,1
scen_000084,alt_scen_000084_00007,alt_scen_000084_00012,150.0,1,0,0,1,1,0,0,0,0.85,1,1
scen_000084,alt_scen_000084_00007,alt_scen_000084_00014,160.0,1,0,0,1,1,0,0,0,0.41,1,1
scen_000084,alt_scen_000084_00007,alt_scen_000084_00015,190.0,1,0,0,1,1,0,0,0,0.82,1,1
scen_000084,alt_scen_000084_00007,alt_scen_000084_00016,210.0,1,0,0,1,1,0,0,0,0.17,1,1
scen_000084,alt_scen_000084_00008,alt_scen_000084_00009,40.0,1,0,0,1,1,0,0,0,0.46,1,1
scen_000084,alt_scen_000084_00008,alt_scen_000084_00010,70.0,1,0,0,1,1,0,0,0,0.83,1,1
scen_000084,alt_scen_000084_00008,alt_scen_000084_00011,80.0,1,0,0,1,1,0,0,0,0.53,1,1
scen_000084,alt_scen_000084_00008,alt_scen_000084_00013,106.44,1,0,0,1,1,0,0,0,0.32,1,1
scen_000084,alt_scen_000084_00008,alt_scen_000084_00012,110.0,1,0,0,1,1,0,0,0,0.8,1,1
scen_000084,alt_scen_000084_00008,alt_scen_000084_00014,120.0,1,0,0,1,1,0,0,0,0.31,1,1
scen_000084,alt_scen_000084_00008,alt_scen_000084_00015,150.0,1,0,0,1,1,0,0,0,0.32,1,1
scen_000084,alt_scen_000084_00008,alt_scen_000084_00016,170.0,1,0,0,1,1,0,0,0,0.31,1,1
scen_000084,alt_scen_000084_00008,alt_scen_000084_00017,180.0,1,0,0,1,1,0,0,0,0.81,1,1
scen_000084,alt_scen_000084_00009,alt_scen_000084_00010,30.0,1,0,0,1,1,0,0,0,0.86,1,1
scen_000084,alt_scen_000084_00009,alt_scen_000084_00011,40.0,1,0,0,1,1,0,0,0,0.26,1,1
scen_000084,alt_scen_000084_00009,alt_scen_000084_00013,66.44,1,0,0,1,1,0,0,0,0.17,1,1
scen_000084,alt_scen_000084_00009,alt_scen_000084_00012,70.0,1,0,0,1,1,0,0,0,0.22,1,1
scen_000084,alt_scen_000084_00009,alt_scen_000084_00014,80.0,1,0,0,1,1,0,0,0,0.54,1,1
scen_000084,alt_scen_000084_00009,alt_scen_000084_00015,110.0,1,0,0,1,1,0,0,0,0.22,1,1
scen_000084,alt_scen_000084_00009,alt_scen_000084_00016,130.0,1,0,0,1,1,0,0,0,0.33,1,1
scen_000084,alt_scen_000084_00009,alt_scen_000084_00017,140.0,1,0,0,1,1,0,0,0,0.65,1,1
scen_000084,alt_scen_000084_00009,alt_scen_000084_00041,151.0,0,0,0,0,0,0,2,0,0.16,1,0
scen_000084,alt_scen_000084_00010,alt_scen_000084_00011,10.0,1,0,0,1,1,0,0,0,0.6,1,1
scen_000084,alt_scen_000084_00010,alt_scen_000084_00013,36.44,1,0,0,1,1,0,0,0,0.41,1,1
scen_000084,alt_scen_000084_00010,alt_scen_000084_00012,40.0,1,0,0,1,1,0,0,0,0.1,1,1
scen_000084,alt_scen_000084_00010,alt_scen_000084_00014,50.0,1,0,0,1,1,0,0,0,0.49,1,1
scen_000084,alt_scen_000084_00010,alt_scen_000084_00015,80.0,1,0,0,1,1,0,0,0,0.14,1,1
scen_000084,alt_scen_000084_00010,alt_scen_000084_00016,100.0,1,0,0,1,1,0,0,0,0.57,1,1
scen_000084,alt_scen_000084_00010,alt_scen_000084_00017,110.0,1,0,0,1,1,0,0,0,0.61,1,1
scen_000084,alt_scen_000084_00010,alt_scen_000084_00041,121.0,0,0,0,0,0,0,2,0,0.44,1,0
scen_000084,alt_scen_000084_00010,alt_scen_000084_00018,150.0,1,0,0,1,1,0,0,0,0.16,1,1
scen_000084,alt_scen_000084_00011,alt_scen_000084_00013,26.44,1,0,0,1,1,0,0,0,0.52,1,1
scen_000084,alt_scen_000084_00011,alt_scen_000084_00012,30.0,1,0,0,1,1,0,0,0,0.2,1,1
scen_000084,alt_scen_000084_00011,alt_scen_000084_00014,40.0,1,0,0,1,1,0,0,0,0.55,1,1
scen_000084,alt_scen_000084_00011,alt_scen_000084_00015,70.0,1,0,0,1,1,0,0,0,0.11,1,1
scen_000084,alt_scen_000084_00011,alt_scen_000084_00016,90.0,1,0,0,1,1,0,0,0,0.83,1,1
scen_000084,alt_scen_000084_00011,alt_scen_000084_00017,100.0,1,0,0,1,1,0,0,0,0.59,1,1
scen_000084,alt_scen_000084_00011,alt_scen_000084_00041,111.0,0,0,0,0,0,0,2,0,0.55,1,0
scen_000084,alt_scen_000084_00011,alt_scen_000084_00018,140.0,1,0,0,1,1,0,0,0,0.66,1,1
scen_000084,alt_scen_000084_00011,alt_scen_000084_00019,150.0,1,0,0,1,1,0,0,0,0.37,1,1
scen_000084,alt_scen_000084_00013,alt_scen_000084_00012,3.56,1,0,0,1,1,0,0,0,0.7,1,1
scen_000084,alt_scen_000084_00013,alt_scen_000084_00014,13.56,1,0,0,1,1,0,0,0,0.72,1,1
scen_000084,alt_scen_000084_00013,alt_scen_000084_00015,43.56,1,0,0,1,1,0,0,0,0.43,1,1
scen_000084,alt_scen_000084_00013,alt_scen_000084_00016,63.56,1,0,0,1,1,0,0,0,0.7,1,1
scen_000084,alt_scen_000084_00013,alt_scen_000084_00017,73.56,1,0,0,1,1,0,0,0,0.24,1,1
scen_000084,alt_scen_000084_00013,alt_scen_000084_00041,84.56,0,0,0,0,0,0,2,0,0.25,1,0
scen_000084,alt_scen_000084_00013,alt_scen_000084_00018,113.56,1,0,0,1,1,0,0,0,0.52,1,1
scen_000084,alt_scen_000084_00013,alt_scen_000084_00019,123.56,1,0,0,1,1,0,0,0,0.41,1,1
scen_000084,alt_scen_000084_00013,alt_scen_000084_00020,133.56,1,0,0,1,1,0,0,0,0.21,1,1
scen_000084,alt_scen_000084_00012,alt_scen_000084_00014,10.0,1,0,0,1,1,0,0,0,0.22,1,1
scen_000084,alt_scen_000084_00012,alt_scen_000084_00015,40.0,1,0,0,1,1,0,0,0,0.52,1,1
scen_000084,alt_scen_000084_00012,alt_scen_000084_00016,60.0,1,0,0,1,1,0,0,0,0.64,1,1
scen_000084,alt_scen_000084_00012,alt_scen_000084_00017,70.0,1,0,0,1,1,0,0,0,0.42,1,1
scen_000084,alt_scen_000084_00012,alt_scen_000084_00041,81.0,0,0,0,0,0,0,2,0,0.64,1,0
scen_000084,alt_scen_000084_00012,alt_scen_000084_00018,110.0,1,0,0,1,1,0,0,0,0.76,1,1
scen_000084,alt_scen_000084_00012,alt_scen_000084_00019,120.0,1,0,0,1,1,0,0,0,0.82,1,1
scen_000084,alt_scen_000084_00012,alt_scen_000084_00020,130.0,1,0,0,1,1,0,0,0,0.75,1,1
scen_000084,alt_scen_000084_00012,alt_scen_000084_00021,150.0,1,0,0,1,1,0,0,0,0.18,1,1
scen_000084,alt_scen_000084_00014,alt_scen_000084_00015,30.0,1,0,0,1,1,0,0,0,0.13,1,1
scen_000084,alt_scen_000084_00014,alt_scen_000084_00016,50.0,1,0,0,1,1,0,0,0,0.47,1,1
scen_000084,alt_scen_000084_00014,alt_scen_000084_00017,60.0,1,0,0,1,1,0,0,0,0.78,1,1
scen_000084,alt_scen_000084_00014,alt_scen_000084_00041,71.0,0,0,0,0,0,0,2,0,0.64,1,0
scen_000084,alt_scen_000084_00014,alt_scen_000084_00018,100.0,1,0,0,1,1,0,0,0,0.62,1,1
scen_000084,alt_scen_000084_00014,alt_scen_000084_00019,110.0,1,0,0,1,1,0,0,0,0.59,1,1
scen_000084,alt_scen_000084_00014,alt_scen_000084_00020,120.0,1,0,0,1,1,0,0,0,0.16,1,1
scen_000084,alt_scen_000084_00014,alt_scen_000084_00021,140.0,1,0,0,1,1,0,0,0,0.18,1,1
scen_000084,alt_scen_000084_00014,alt_scen_000084_00023,165.02,1,0,0,1,1,0,0,0,0.19,1,1
scen_000084,alt_scen_000084_00015,alt_scen_000084_00016,20.0,1,0,0,1,1,0,0,0,0.3,1,1
scen_000084,alt_scen_000084_00015,alt_scen_000084_00017,30.0,1,0,0,1,1,0,0,0,0.38,1,1
scen_000084,alt_scen_000084_00015,alt_scen_000084_00041,41.0,0,0,0,0,0,0,2,0,0.52,1,0
scen_000084,alt_scen_000084_00015,alt_scen_000084_00018,70.0,1,0,0,1,1,0,0,0,0.57,1,1
scen_000084,alt_scen_000084_00015,alt_scen_000084_00019,80.0,1,0,0,1,1,0,0,0,0.33,1,1
scen_000084,alt_scen_000084_00015,alt_scen_000084_00020,90.0,1,0,0,1,1,0,0,0,0.14,1,1
scen_000084,alt_scen_000084_00015,alt_scen_000084_00021,110.0,1,0,0,1,1,0,0,0,0.7,1,1
scen_000084,alt_scen_000084_00015,alt_scen_000084_00023,135.02,1,0,0,1,1,0,0,0,0.71,1,1
scen_000084,alt_scen_000084_00015,alt_scen_000084_00022,140.0,1,0,0,1,1,0,0,0,0.84,1,1
scen_000084,alt_scen_000084_00016,alt_scen_000084_00017,10.0,1,0,0,1,1,0,0,0,0.44,1,1
scen_000084,alt_scen_000084_00016,alt_scen_000084_00041,21.0,0,0,0,0,0,0,2,0,0.88,1,0
scen_000084,alt_scen_000084_00016,alt_scen_000084_00018,50.0,1,0,0,1,1,0,0,0,0.4,1,1
scen_000084,alt_scen_000084_00016,alt_scen_000084_00019,60.0,1,0,0,1,1,0,0,0,0.63,1,1
scen_000084,alt_scen_000084_00016,alt_scen_000084_00020,70.0,1,0,0,1,1,0,0,0,0.47,1,1
scen_000084,alt_scen_000084_00016,alt_scen_000084_00021,90.0,1,0,0,1,1,0,0,0,0.88,1,1
scen_000084,alt_scen_000084_00016,alt_scen_000084_00023,115.02,1,0,0,1,1,0,0,0,0.21,1,1
scen_000084,alt_scen_000084_00016,alt_scen_000084_00022,120.0,1,0,0,1,1,0,0,0,0.34,1,1
scen_000084,alt_scen_000084_00016,alt_scen_000084_00024,130.0,1,0,0,1,1,0,0,0,0.81,1,1
scen_000084,alt_scen_000084_00017,alt_scen_000084_00041,11.0,0,0,0,0,0,0,2,0,0.14,1,0
scen_000084,alt_scen_000084_00017,alt_scen_000084_00018,40.0,1,0,0,1,1,0,0,0,0.89,1,1
scen_000084,alt_scen_000084_00017,alt_scen_000084_00019,50.0,1,0,0,1,1,0,0,0,0.83,1,1
scen_000084,alt_scen_000084_00017,alt_scen_000084_00020,60.0,1,0,0,1,1,0,0,0,0.37,1,1
scen_000084,alt_scen_000084_00017,alt_scen_000084_00021,80.0,1,0,0,1,1,0,0,0,0.47,1,1
scen_000084,alt_scen_000084_00017,alt_scen_000084_00023,105.02,1,0,0,1,1,0,0,0,0.26,1,1
scen_000084,alt_scen_000084_00017,alt_scen_000084_00022,110.0,1,0,0,1,1,0,0,0,0.35,1,1
scen_000084,alt_scen_000084_00017,alt_scen_000084_00024,120.0,1,0,0,1,1,0,0,0,0.69,1,1
scen_000084,alt_scen_000084_00017,alt_scen_000084_00025,200.0,1,0,0,1,1,0,0,0,0.53,1,1
scen_000084,alt_scen_000084_00041,alt_scen_000084_00018,29.0,0,0,0,0,0,0,2,0,0.85,1,0
scen_000084,alt_scen_000084_00041,alt_scen_000084_00019,39.0,0,0,0,0,0,0,2,0,0.67,1,0
scen_000084,alt_scen_000084_00041,alt_scen_000084_00020,49.0,0,0,0,0,0,0,2,0,0.64,1,0
scen_000084,alt_scen_000084_00041,alt_scen_000084_00021,69.0,0,0,0,0,0,0,2,0,0.7,1,0
scen_000084,alt_scen_000084_00041,alt_scen_000084_00023,94.02,0,0,0,0,0,0,2,0,0.34,1,0
scen_000084,alt_scen_000084_00041,alt_scen_000084_00022,99.0,0,0,0,0,0,0,2,0,0.76,1,0
scen_000084,alt_scen_000084_00041,alt_scen_000084_00024,109.0,0,0,0,0,0,0,2,0,0.71,1,0
scen_000084,alt_scen_000084_00041,alt_scen_000084_00025,189.0,0,0,0,0,0,0,2,0,0.15,1,0
scen_000084,alt_scen_000084_00041,alt_scen_000084_00026,289.0,0,0,0,0,0,0,2,0,0.12,1,0
scen_000084,alt_scen_000084_00018,alt_scen_000084_00019,10.0,1,0,0,1,1,0,0,0,0.67,1,1
scen_000084,alt_scen_000084_00018,alt_scen_000084_00020,20.0,1,0,0,1,1,0,0,0,0.1,1,1
scen_000084,alt_scen_000084_00018,alt_scen_000084_00021,40.0,1,0,0,1,1,0,0,0,0.71,1,1
scen_000084,alt_scen_000084_00018,alt_scen_000084_00023,65.02,1,0,0,1,1,0,0,0,0.38,1,1
scen_000084,alt_scen_000084_00018,alt_scen_000084_00022,70.0,1,0,0,1,1,0,0,0,0.5,1,1
scen_000084,alt_scen_000084_00018,alt_scen_000084_00024,80.0,1,0,0,1,1,0,0,0,0.43,1,1
scen_000084,alt_scen_000084_00018,alt_scen_000084_00025,160.0,1,0,0,1,1,0,0,0,0.17,1,1
scen_000084,alt_scen_000084_00018,alt_scen_000084_00026,260.0,1,0,0,1,1,0,0,0,0.83,1,1
scen_000084,alt_scen_000084_00018,alt_scen_000084_00027,300.0,1,0,0,1,1,0,0,0,0.83,1,1
scen_000084,alt_scen_000084_00019,alt_scen_000084_00020,10.0,1,0,0,1,1,0,0,0,0.78,1,1
scen_000084,alt_scen_000084_00019,alt_scen_000084_00021,30.0,1,0,0,1,1,0,0,0,0.82,1,1
scen_000084,alt_scen_000084_00019,alt_scen_000084_00023,55.02,1,0,0,1,1,0,0,0,0.58,1,1
scen_000084,alt_scen_000084_00019,alt_scen_000084_00022,60.0,1,0,0,1,1,0,0,0,0.74,1,1
scen_000084,alt_scen_000084_00019,alt_scen_000084_00024,70.0,1,0,0,1,1,0,0,0,0.74,1,1
scen_000084,alt_scen_000084_00019,alt_scen_000084_00025,150.0,1,0,0,1,1,0,0,0,0.63,1,1
scen_000084,alt_scen_000084_00019,alt_scen_000084_00026,250.0,1,0,0,1,1,0,0,0,0.32,1,1
scen_000084,alt_scen_000084_00019,alt_scen_000084_00027,290.0,1,0,0,1,1,0,0,0,0.82,1,1
scen_000084,alt_scen_000084_00019,alt_scen_000084_00029,295.65,1,0,0,1,1,0,0,0,0.31,1,1
scen_000084,alt_scen_000084_00020,alt_scen_000084_00021,20.0,1,0,0,1,1,0,0,0,0.85,1,1
scen_000084,alt_scen_000084_00020,alt_scen_000084_00023,45.02,1,0,0,1,1,0,0,0,0.25,1,1
scen_000084,alt_scen_000084_00020,alt_scen_000084_00022,50.0,1,0,0,1,1,0,0,0,0.84,1,1
scen_000084,alt_scen_000084_00020,alt_scen_000084_00024,60.0,1,0,0,1,1,0,0,0,0.15,1,1
scen_000084,alt_scen_000084_00020,alt_scen_000084_00025,140.0,1,0,0,1,1,0,0,0,0.53,1,1
scen_000084,alt_scen_000084_00020,alt_scen_000084_00026,240.0,1,0,0,1,1,0,0,0,0.19,1,1
scen_000084,alt_scen_000084_00020,alt_scen_000084_00027,280.0,1,0,0,1,1,0,0,0,0.52,1,1
scen_000084,alt_scen_000084_00020,alt_scen_000084_00029,285.65,1,0,0,1,1,0,0,0,0.11,1,1
scen_000084,alt_scen_000084_00020,alt_scen_000084_00028,290.0,1,0,0,1,1,0,0,0,0.54,1,1
scen_000084,alt_scen_000084_00021,alt_scen_000084_00023,25.02,1,0,0,1,1,0,0,0,0.78,1,1
scen_000084,alt_scen_000084_00021,alt_scen_000084_00022,30.0,1,0,0,1,1,0,0,0,0.11,1,1
scen_000084,alt_scen_000084_00021,alt_scen_000084_00024,40.0,1,0,0,1,1,0,0,0,0.78,1,1
scen_000084,alt_scen_000084_00021,alt_scen_000084_00025,120.0,1,0,0,1,1,0,0,0,0.45,1,1
scen_000084,alt_scen_000084_00021,alt_scen_000084_00026,220.0,1,0,0,1,1,0,0,0,0.45,1,1
scen_000084,alt_scen_000084_00021,alt_scen_000084_00027,260.0,1,0,0,1,1,0,0,0,0.42,1,1
scen_000084,alt_scen_000084_00021,alt_scen_000084_00029,265.65,1,0,0,1,1,0,0,0,0.84,1,1
scen_000084,alt_scen_000084_00021,alt_scen_000084_00028,270.0,1,0,0,1,1,0,0,0,0.27,1,1
scen_000084,alt_scen_000084_00021,alt_scen_000084_00030,400.0,1,0,0,1,1,0,0,0,0.51,0,1
scen_000084,alt_scen_000084_00023,alt_scen_000084_00022,4.98,1,0,0,1,1,0,0,0,0.86,1,1
scen_000084,alt_scen_000084_00023,alt_scen_000084_00024,14.98,1,0,0,1,1,0,0,0,0.14,1,1
scen_000084,alt_scen_000084_00023,alt_scen_000084_00025,94.98,1,0,0,1,1,0,0,0,0.73,1,1
scen_000084,alt_scen_000084_00023,alt_scen_000084_00026,194.98,1,0,0,1,1,0,0,0,0.83,1,1
scen_000084,alt_scen_000084_00023,alt_scen_000084_00027,234.98,1,0,0,1,1,0,0,0,0.35,1,1
scen_000084,alt_scen_000084_00023,alt_scen_000084_00029,240.63,1,0,0,1,1,0,0,0,0.48,1,1
scen_000084,alt_scen_000084_00023,alt_scen_000084_00028,244.98,1,0,0,1,1,0,0,0,0.21,1,1
scen_000084,alt_scen_000084_00023,alt_scen_000084_00030,374.98,1,0,0,1,1,0,0,0,0.75,0,1
scen_000084,alt_scen_000084_00023,alt_scen_000084_00031,434.98,1,0,0,1,1,0,0,0,0.13,0,1
scen_000084,alt_scen_000084_00022,alt_scen_000084_00024,10.0,1,0,0,1,1,0,0,0,0.35,1,1
scen_000084,alt_scen_000084_00022,alt_scen_000084_00025,90.0,1,0,0,1,1,0,0,0,0.88,1,1
scen_000084,alt_scen_000084_00022,alt_scen_000084_00026,190.0,1,0,0,1,1,0,0,0,0.86,1,1
scen_000084,alt_scen_000084_00022,alt_scen_000084_00027,230.0,1,0,0,1,1,0,0,0,0.45,1,1
scen_000084,alt_scen_000084_00022,alt_scen_000084_00029,235.65,1,0,0,1,1,0,0,0,0.66,1,1
scen_000084,alt_scen_000084_00022,alt_scen_000084_00028,240.0,1,0,0,1,1,0,0,0,0.38,1,1
scen_000084,alt_scen_000084_00022,alt_scen_000084_00030,370.0,1,0,0,1,1,0,0,0,0.78,0,1
scen_000084,alt_scen_000084_00022,alt_scen_000084_00031,430.0,1,0,0,1,1,0,0,0,0.48,0,1
scen_000084,alt_scen_000084_00022,alt_scen_000084_00032,440.0,1,0,0,1,1,0,0,0,0.6,0,1
scen_000084,alt_scen_000084_00024,alt_scen_000084_00025,80.0,1,0,0,1,1,0,0,0,0.12,1,1
scen_000084,alt_scen_000084_00024,alt_scen_000084_00026,180.0,1,0,0,1,1,0,0,0,0.32,1,1
scen_000084,alt_scen_000084_00024,alt_scen_000084_00027,220.0,1,0,0,1,1,0,0,0,0.6,1,1
scen_000084,alt_scen_000084_00024,alt_scen_000084_00029,225.65,1,0,0,1,1,0,0,0,0.4,1,1
scen_000084,alt_scen_000084_00024,alt_scen_000084_00028,230.0,1,0,0,1,1,0,0,0,0.3,1,1
scen_000084,alt_scen_000084_00024,alt_scen_000084_00030,360.0,1,0,0,1,1,0,0,0,0.22,0,1
scen_000084,alt_scen_000084_00024,alt_scen_000084_00031,420.0,1,0,0,1,1,0,0,0,0.22,0,1
scen_000084,alt_scen_000084_00024,alt_scen_000084_00032,430.0,1,0,0,1,1,0,0,0,0.85,0,1
scen_000084,alt_scen_000084_00024,alt_scen_000084_00033,520.0,1,0,0,1,1,0,0,0,0.66,0,1
scen_000084,alt_scen_000084_00025,alt_scen_000084_00026,100.0,1,0,0,1,1,0,0,0,0.76,1,1
scen_000084,alt_scen_000084_00025,alt_scen_000084_00027,140.0,1,0,0,1,1,0,0,0,0.63,1,1
scen_000084,alt_scen_000084_00025,alt_scen_000084_00029,145.65,1,0,0,1,1,0,0,0,0.76,1,1
scen_000084,alt_scen_000084_00025,alt_scen_000084_00028,150.0,1,0,0,1,1,0,0,0,0.9,1,1
scen_000084,alt_scen_000084_00025,alt_scen_000084_00030,280.0,1,0,0,1,1,0,0,0,0.28,1,1
scen_000084,alt_scen_000084_00025,alt_scen_000084_00031,340.0,1,0,0,1,1,0,0,0,0.57,0,1
scen_000084,alt_scen_000084_00025,alt_scen_000084_00032,350.0,1,0,0,1,1,0,0,0,0.45,0,1
scen_000084,alt_scen_000084_00025,alt_scen_000084_00033,440.0,1,0,0,1,1,0,0,0,0.7,0,1
scen_000084,alt_scen_000084_00025,alt_scen_000084_00034,442.25,1,0,0,1,1,0,0,0,0.27,0,1
scen_000084,alt_scen_000084_00026,alt_scen_000084_00027,40.0,1,0,0,1,1,0,0,0,0.24,1,1
scen_000084,alt_scen_000084_00026,alt_scen_000084_00029,45.65,1,0,0,1,1,0,0,0,0.18,1,1
scen_000084,alt_scen_000084_00026,alt_scen_000084_00028,50.0,1,0,0,1,1,0,0,0,0.44,1,1
scen_000084,alt_scen_000084_00026,alt_scen_000084_00030,180.0,1,0,0,1,1,0,0,0,0.68,1,1
scen_000084,alt_scen_000084_00026,alt_scen_000084_00031,240.0,1,0,0,1,1,0,0,0,0.41,1,1
scen_000084,alt_scen_000084_00026,alt_scen_000084_00032,250.0,1,0,0,1,1,0,0,0,0.17,1,1
scen_000084,alt_scen_000084_00026,alt_scen_000084_00033,340.0,1,0,0,1,1,0,0,0,0.12,0,1
scen_000084,alt_scen_000084_00026,alt_scen_000084_00034,342.25,1,0,0,1,1,0,0,0,0.23,0,1
scen_000084,alt_scen_000084_00026,alt_scen_000084_00035,390.0,1,0,0,1,1,0,0,0,0.24,0,1
scen_000084,alt_scen_000084_00027,alt_scen_000084_00029,5.65,1,0,0,1,1,0,0,0,0.51,1,1
scen_000084,alt_scen_000084_00027,alt_scen_000084_00028,10.0,1,0,0,1,1,0,0,0,0.83,1,1
scen_000084,alt_scen_000084_00027,alt_scen_000084_00030,140.0,1,0,0,1,1,0,0,0,0.67,1,1
scen_000084,alt_scen_000084_00027,alt_scen_000084_00031,200.0,1,0,0,1,1,0,0,0,0.24,1,1
scen_000084,alt_scen_000084_00027,alt_scen_000084_00032,210.0,1,0,0,1,1,0,0,0,0.43,1,1
scen_000084,alt_scen_000084_00027,alt_scen_000084_00033,300.0,1,0,0,1,1,0,0,0,0.56,1,1
scen_000084,alt_scen_000084_00027,alt_scen_000084_00034,302.25,1,0,0,1,1,0,0,0,0.42,0,1
scen_000084,alt_scen_000084_00027,alt_scen_000084_00035,350.0,1,0,0,1,1,0,0,0,0.29,0,1
scen_000084,alt_scen_000084_00027,alt_scen_000084_00036,354.85,1,0,0,1,1,0,0,0,0.46,0,1
scen_000084,alt_scen_000084_00029,alt_scen_000084_00028,4.35,1,0,0,1,1,0,0,0,0.12,1,1
scen_000084,alt_scen_000084_00029,alt_scen_000084_00030,134.35,1,0,0,1,1,0,0,0,0.62,1,1
scen_000084,alt_scen_000084_00029,alt_scen_000084_00031,194.35,1,0,0,1,1,0,0,0,0.59,1,1
scen_000084,alt_scen_000084_00029,alt_scen_000084_00032,204.35,1,0,0,1,1,0,0,0,0.26,1,1
scen_000084,alt_scen_000084_00029,alt_scen_000084_00033,294.35,1,0,0,1,1,0,0,0,0.65,1,1
scen_000084,alt_scen_000084_00029,alt_scen_000084_00034,296.6,1,0,0,1,1,0,0,0,0.11,1,1
scen_000084,alt_scen_000084_00029,alt_scen_000084_00035,344.35,1,0,0,1,1,0,0,0,0.48,0,1
scen_000084,alt_scen_000084_00029,alt_scen_000084_00036,349.2,1,0,0,1,1,0,0,0,0.25,0,1
scen_000084,alt_scen_000084_00029,alt_scen_000084_00037,374.35,1,0,0,1,1,0,0,0,0.74,0,1
scen_000084,alt_scen_000084_00028,alt_scen_000084_00030,130.0,1,0,0,1,1,0,0,0,0.15,1,1
scen_000084,alt_scen_000084_00028,alt_scen_000084_00031,190.0,1,0,0,1,1,0,0,0,0.87,1,1
scen_000084,alt_scen_000084_00028,alt_scen_000084_00032,200.0,1,0,0,1,1,0,0,0,0.72,1,1
scen_000084,alt_scen_000084_00028,alt_scen_000084_00033,290.0,1,0,0,1,1,0,0,0,0.57,1,1
scen_000084,alt_scen_000084_00028,alt_scen_000084_00034,292.25,1,0,0,1,1,0,0,0,0.77,1,1
scen_000084,alt_scen_000084_00028,alt_scen_000084_00035,340.0,1,0,0,1,1,0,0,0,0.68,0,1
scen_000084,alt_scen_000084_00028,alt_scen_000084_00036,344.85,1,0,0,1,1,0,0,0,0.36,0,1
scen_000084,alt_scen_000084_00028,alt_scen_000084_00037,370.0,1,0,0,1,1,0,0,0,0.82,0,1
scen_000084,alt_scen_000084_00028,alt_scen_000084_00038,380.0,1,0,0,1,1,0,0,0,0.11,0,1
scen_000084,alt_scen_000084_00030,alt_scen_000084_00031,60.0,1,0,0,1,1,0,0,0,0.78,1,1
scen_000084,alt_scen_000084_00030,alt_scen_000084_00032,70.0,1,0,0,1,1,0,0,0,0.88,1,1
scen_000084,alt_scen_000084_00030,alt_scen_000084_00033,160.0,1,0,0,1,1,0,0,0,0.82,1,1
scen_000084,alt_scen_000084_00030,alt_scen_000084_00034,162.25,1,0,0,1,1,0,0,0,0.24,1,1
scen_000084,alt_scen_000084_00030,alt_scen_000084_00035,210.0,1,0,0,1,1,0,0,0,0.51,1,1
scen_000084,alt_scen_000084_00030,alt_scen_000084_00036,214.85,1,0,0,1,1,0,0,0,0.62,1,1
scen_000084,alt_scen_000084_00030,alt_scen_000084_00037,240.0,1,0,0,1,1,0,0,0,0.9,1,1
scen_000084,alt_scen_000084_00030,alt_scen_000084_00038,250.0,1,0,0,1,1,0,0,0,0.75,1,1
scen_000084,alt_scen_000084_00031,alt_scen_000084_00032,10.0,1,0,0,1,1,0,0,0,0.25,1,1
scen_000084,alt_scen_000084_00031,alt_scen_000084_00033,100.0,1,0,0,1,1,0,0,0,0.46,1,1
scen_000084,alt_scen_000084_00031,alt_scen_000084_00034,102.25,1,0,0,1,1,0,0,0,0.13,1,1
scen_000084,alt_scen_000084_00031,alt_scen_000084_00035,150.0,1,0,0,1,1,0,0,0,0.6,1,1
scen_000084,alt_scen_000084_00031,alt_scen_000084_00036,154.85,1,0,0,1,1,0,0,0,0.14,1,1
scen_000084,alt_scen_000084_00031,alt_scen_000084_00037,180.0,1,0,0,1,1,0,0,0,0.66,1,1
scen_000084,alt_scen_000084_00031,alt_scen_000084_00038,190.0,1,0,0,1,1,0,0,0,0.72,1,1
scen_000084,alt_scen_000084_00032,alt_scen_000084_00033,90.0,1,0,0,1,1,0,0,0,0.3,1,1
scen_000084,alt_scen_000084_00032,alt_scen_000084_00034,92.25,1,0,0,1,1,0,0,0,0.58,1,1
scen_000084,alt_scen_000084_00032,alt_scen_000084_00035,140.0,1,0,0,1,1,0,0,0,0.38,1,1
scen_000084,alt_scen_000084_00032,alt_scen_000084_00036,144.85,1,0,0,1,1,0,0,0,0.49,1,1
scen_000084,alt_scen_000084_00032,alt_scen_000084_00037,170.0,1,0,0,1,1,0,0,0,0.81,1,1
scen_000084,alt_scen_000084_00032,alt_scen_000084_00038,180.0,1,0,0,1,1,0,0,0,0.59,1,1
scen_000084,alt_scen_000084_00033,alt_scen_000084_00034,2.25,1,0,0,1,1,0,0,0,0.15,1,1
scen_000084,alt_scen_000084_00033,alt_scen_000084_00035,50.0,1,0,0,1,1,0,0,0,0.47,1,1
scen_000084,alt_scen_000084_00033,alt_scen_000084_00036,54.85,1,0,0,1,1,0,0,0,0.38,1,1
scen_000084,alt_scen_000084_00033,alt_scen_000084_00037,80.0,1,0,0,1,1,0,0,0,0.41,1,1
scen_000084,alt_scen_000084_00033,alt_scen_000084_00038,90.0,1,0,0,1,1,0,0,0,0.84,1,1
scen_000084,alt_scen_000084_00034,alt_scen_000084_00035,47.75,1,0,0,1,1,0,0,0,0.43,1,1
scen_000084,alt_scen_000084_00034,alt_scen_000084_00036,52.59,1,0,0,1,1,0,0,0,0.68,1,1
scen_000084,alt_scen_000084_00034,alt_scen_000084_00037,77.75,1,0,0,1,1,0,0,0,0.19,1,1
scen_000084,alt_scen_000084_00034,alt_scen_000084_00038,87.75,1,0,0,1,1,0,0,0,0.4,1,1
scen_000084,alt_scen_000084_00035,alt_scen_000084_00036,4.85,1,0,0,1,1,0,0,0,0.48,1,1
scen_000084,alt_scen_000084_00035,alt_scen_000084_00037,30.0,1,0,0,1,1,0,0,0,0.88,1,1
scen_000084,alt_scen_000084_00035,alt_scen_000084_00038,40.0,1,0,0,1,1,0,0,0,0.73,1,1
scen_000084,alt_scen_000084_00036,alt_scen_000084_00037,25.15,1,0,0,1,1,0,0,0,0.57,1,1
scen_000084,alt_scen_000084_00036,alt_scen_000084_00038,35.15,1,0,0,1,1,0,0,0,0.48,1,1
scen_000084,alt_scen_000084_00037,alt_scen_000084_00038,10.0,1,0,0,1,1,0,0,0,0.17,1,1
scen_000085,alt_scen_000085_00036,alt_scen_000085_00032,124.0,0,0,0,1,1,1,1,1,0.81,1,0
scen_000085,alt_scen_000085_00036,alt_scen_000085_00034,133.0,0,0,0,1,1,0,2,0,0.84,1,0
scen_000085,alt_scen_000085_00036,alt_scen_000085_00001,181.0,0,0,0,0,0,0,2,0,0.36,1,0
scen_000085,alt_scen_000085_00036,alt_scen_000085_00002,191.0,0,0,0,0,0,0,2,0,0.75,1,0
scen_000085,alt_scen_000085_00036,alt_scen_000085_00003,211.0,0,0,0,0,0,0,2,0,0.52,1,0
scen_000085,alt_scen_000085_00036,alt_scen_000085_00004,281.0,0,0,0,0,0,0,2,0,0.53,1,0
scen_000085,alt_scen_000085_00036,alt_scen_000085_00005,301.0,0,0,0,0,0,0,2,0,0.12,0,0
scen_000085,alt_scen_000085_00036,alt_scen_000085_00006,311.0,0,0,0,0,0,0,2,0,0.77,0,0
scen_000085,alt_scen_000085_00036,alt_scen_000085_00007,321.0,0,0,0,0,0,0,2,0,0.39,0,0
scen_000085,alt_scen_000085_00032,alt_scen_000085_00034,9.0,0,0,0,1,1,1,1,-1,0.2,1,0
scen_000085,alt_scen_000085_00032,alt_scen_000085_00001,57.0,0,0,0,0,0,1,1,-1,0.73,1,0
scen_000085,alt_scen_000085_00032,alt_scen_000085_00002,67.0,0,0,0,0,0,1,1,-1,0.59,1,0
scen_000085,alt_scen_000085_00032,alt_scen_000085_00003,87.0,0,0,0,0,0,1,1,-1,0.39,1,0
scen_000085,alt_scen_000085_00032,alt_scen_000085_00004,157.0,0,0,0,0,0,1,1,-1,0.65,1,0
scen_000085,alt_scen_000085_00032,alt_scen_000085_00005,177.0,0,0,0,0,0,1,1,-1,0.69,1,0
scen_000085,alt_scen_000085_00032,alt_scen_000085_00006,187.0,0,0,0,0,0,1,1,-1,0.26,1,0
scen_000085,alt_scen_000085_00032,alt_scen_000085_00007,197.0,0,0,0,0,0,1,1,-1,0.69,1,0
scen_000085,alt_scen_000085_00032,alt_scen_000085_00031,250.0,0,0,0,1,1,1,1,-1,0.63,1,0
scen_000085,alt_scen_000085_00034,alt_scen_000085_00001,48.0,1,0,0,0,0,0,0,0,0.14,1,0
scen_000085,alt_scen_000085_00034,alt_scen_000085_00002,58.0,1,0,0,0,0,0,0,0,0.27,1,0
scen_000085,alt_scen_000085_00034,alt_scen_000085_00003,78.0,1,0,0,0,0,0,0,0,0.59,1,0
scen_000085,alt_scen_000085_00034,alt_scen_000085_00004,148.0,1,0,0,0,0,0,0,0,0.33,1,0
scen_000085,alt_scen_000085_00034,alt_scen_000085_00005,168.0,1,0,0,0,0,0,0,0,0.17,1,0
scen_000085,alt_scen_000085_00034,alt_scen_000085_00006,178.0,1,0,0,0,0,0,0,0,0.54,1,0
scen_000085,alt_scen_000085_00034,alt_scen_000085_00007,188.0,1,0,0,0,0,0,0,0,0.2,1,0
scen_000085,alt_scen_000085_00034,alt_scen_000085_00031,241.0,0,0,0,1,1,0,2,0,0.56,1,0
scen_000085,alt_scen_000085_00034,alt_scen_000085_00008,348.0,1,0,0,0,0,0,0,0,0.87,0,0
scen_000085,alt_scen_000085_00001,alt_scen_000085_00002,10.0,1,0,0,1,1,0,0,0,0.34,1,1
scen_000085,alt_scen_000085_00001,alt_scen_000085_00003,30.0,1,0,0,1,1,0,0,0,0.39,1,1
scen_000085,alt_scen_000085_00001,alt_scen_000085_00004,100.0,1,0,0,1,1,0,0,0,0.24,1,1
scen_000085,alt_scen_000085_00001,alt_scen_000085_00005,120.0,1,0,0,1,1,0,0,0,0.73,1,1
scen_000085,alt_scen_000085_00001,alt_scen_000085_00006,130.0,1,0,0,1,1,0,0,0,0.64,1,1
scen_000085,alt_scen_000085_00001,alt_scen_000085_00007,140.0,1,0,0,1,1,0,0,0,0.57,1,1
scen_000085,alt_scen_000085_00001,alt_scen_000085_00031,193.0,0,0,0,0,0,0,2,0,0.17,1,0
scen_000085,alt_scen_000085_00001,alt_scen_000085_00008,300.0,1,0,0,1,1,0,0,0,0.57,1,1
scen_000085,alt_scen_000085_00001,alt_scen_000085_00009,320.0,1,0,0,1,1,0,0,0,0.32,0,1
scen_000085,alt_scen_000085_00002,alt_scen_000085_00003,20.0,1,0,0,1,1,0,0,0,0.79,1,1
scen_000085,alt_scen_000085_00002,alt_scen_000085_00004,90.0,1,0,0,1,1,0,0,0,0.52,1,1
scen_000085,alt_scen_000085_00002,alt_scen_000085_00005,110.0,1,0,0,1,1,0,0,0,0.65,1,1
scen_000085,alt_scen_000085_00002,alt_scen_000085_00006,120.0,1,0,0,1,1,0,0,0,0.12,1,1
scen_000085,alt_scen_000085_00002,alt_scen_000085_00007,130.0,1,0,0,1,1,0,0,0,0.42,1,1
scen_000085,alt_scen_000085_00002,alt_scen_000085_00031,183.0,0,0,0,0,0,0,2,0,0.52,1,0
scen_000085,alt_scen_000085_00002,alt_scen_000085_00008,290.0,1,0,0,1,1,0,0,0,0.25,1,1
scen_000085,alt_scen_000085_00002,alt_scen_000085_00009,310.0,1,0,0,1,1,0,0,0,0.54,0,1
scen_000085,alt_scen_000085_00002,alt_scen_000085_00010,340.0,1,0,0,1,1,0,0,0,0.77,0,1
scen_000085,alt_scen_000085_00003,alt_scen_000085_00004,70.0,1,0,0,1,1,0,0,0,0.73,1,1
scen_000085,alt_scen_000085_00003,alt_scen_000085_00005,90.0,1,0,0,1,1,0,0,0,0.84,1,1
scen_000085,alt_scen_000085_00003,alt_scen_000085_00006,100.0,1,0,0,1,1,0,0,0,0.27,1,1
scen_000085,alt_scen_000085_00003,alt_scen_000085_00007,110.0,1,0,0,1,1,0,0,0,0.29,1,1
scen_000085,alt_scen_000085_00003,alt_scen_000085_00031,163.0,0,0,0,0,0,0,2,0,0.26,1,0
scen_000085,alt_scen_000085_00003,alt_scen_000085_00008,270.0,1,0,0,1,1,0,0,0,0.63,1,1
scen_000085,alt_scen_000085_00003,alt_scen_000085_00009,290.0,1,0,0,1,1,0,0,0,0.34,1,1
scen_000085,alt_scen_000085_00003,alt_scen_000085_00010,320.0,1,0,0,1,1,0,0,0,0.55,0,1
scen_000085,alt_scen_000085_00003,alt_scen_000085_00011,321.31,1,0,0,1,1,0,0,0,0.15,0,1
scen_000085,alt_scen_000085_00004,alt_scen_000085_00005,20.0,1,0,0,1,1,0,0,0,0.58,1,1
scen_000085,alt_scen_000085_00004,alt_scen_000085_00006,30.0,1,0,0,1,1,0,0,0,0.81,1,1
scen_000085,alt_scen_000085_00004,alt_scen_000085_00007,40.0,1,0,0,1,1,0,0,0,0.6,1,1
scen_000085,alt_scen_000085_00004,alt_scen_000085_00031,93.0,0,0,0,0,0,0,2,0,0.87,1,0
scen_000085,alt_scen_000085_00004,alt_scen_000085_00008,200.0,1,0,0,1,1,0,0,0,0.47,1,1
scen_000085,alt_scen_000085_00004,alt_scen_000085_00009,220.0,1,0,0,1,1,0,0,0,0.82,1,1
scen_000085,alt_scen_000085_00004,alt_scen_000085_00010,250.0,1,0,0,1,1,0,0,0,0.68,1,1
scen_000085,alt_scen_000085_00004,alt_scen_000085_00011,251.31,1,0,0,1,1,0,0,0,0.74,1,1
scen_000085,alt_scen_000085_00004,alt_scen_000085_00012,300.0,1,0,0,1,1,0,0,0,0.24,1,1
scen_000085,alt_scen_000085_00005,alt_scen_000085_00006,10.0,1,0,0,1,1,0,0,0,0.78,1,1
scen_000085,alt_scen_000085_00005,alt_scen_000085_00007,20.0,1,0,0,1,1,0,0,0,0.89,1,1
scen_000085,alt_scen_000085_00005,alt_scen_000085_00031,73.0,0,0,0,0,0,0,2,0,0.54,1,0
scen_000085,alt_scen_000085_00005,alt_scen_000085_00008,180.0,1,0,0,1,1,0,0,0,0.11,1,1
scen_000085,alt_scen_000085_00005,alt_scen_000085_00009,200.0,1,0,0,1,1,0,0,0,0.42,1,1
scen_000085,alt_scen_000085_00005,alt_scen_000085_00010,230.0,1,0,0,1,1,0,0,0,0.11,1,1
scen_000085,alt_scen_000085_00005,alt_scen_000085_00011,231.31,1,0,0,1,1,0,0,0,0.72,1,1
scen_000085,alt_scen_000085_00005,alt_scen_000085_00012,280.0,1,0,0,1,1,0,0,0,0.87,1,1
scen_000085,alt_scen_000085_00005,alt_scen_000085_00013,310.0,1,0,0,1,1,0,0,0,0.69,0,1
scen_000085,alt_scen_000085_00006,alt_scen_000085_00007,10.0,1,0,0,1,1,0,0,0,0.88,1,1
scen_000085,alt_scen_000085_00006,alt_scen_000085_00031,63.0,0,0,0,0,0,0,2,0,0.2,1,0
scen_000085,alt_scen_000085_00006,alt_scen_000085_00008,170.0,1,0,0,1,1,0,0,0,0.81,1,1
scen_000085,alt_scen_000085_00006,alt_scen_000085_00009,190.0,1,0,0,1,1,0,0,0,0.13,1,1
scen_000085,alt_scen_000085_00006,alt_scen_000085_00010,220.0,1,0,0,1,1,0,0,0,0.37,1,1
scen_000085,alt_scen_000085_00006,alt_scen_000085_00011,221.31,1,0,0,1,1,0,0,0,0.76,1,1
scen_000085,alt_scen_000085_00006,alt_scen_000085_00012,270.0,1,0,0,1,1,0,0,0,0.16,1,1
scen_000085,alt_scen_000085_00006,alt_scen_000085_00013,300.0,1,0,0,1,1,0,0,0,0.67,1,1
scen_000085,alt_scen_000085_00006,alt_scen_000085_00015,315.6,1,0,0,1,1,0,0,0,0.85,0,1
scen_000085,alt_scen_000085_00007,alt_scen_000085_00031,53.0,0,0,0,0,0,0,2,0,0.48,1,0
scen_000085,alt_scen_000085_00007,alt_scen_000085_00008,160.0,1,0,0,1,1,0,0,0,0.6,1,1
scen_000085,alt_scen_000085_00007,alt_scen_000085_00009,180.0,1,0,0,1,1,0,0,0,0.62,1,1
scen_000085,alt_scen_000085_00007,alt_scen_000085_00010,210.0,1,0,0,1,1,0,0,0,0.38,1,1
scen_000085,alt_scen_000085_00007,alt_scen_000085_00011,211.31,1,0,0,1,1,0,0,0,0.7,1,1
scen_000085,alt_scen_000085_00007,alt_scen_000085_00012,260.0,1,0,0,1,1,0,0,0,0.76,1,1
scen_000085,alt_scen_000085_00007,alt_scen_000085_00013,290.0,1,0,0,1,1,0,0,0,0.55,1,1
scen_000085,alt_scen_000085_00007,alt_scen_000085_00015,305.6,1,0,0,1,1,0,0,0,0.67,0,1
scen_000085,alt_scen_000085_00007,alt_scen_000085_00014,310.0,1,0,0,1,1,0,0,0,0.21,0,1
scen_000085,alt_scen_000085_00031,alt_scen_000085_00008,107.0,0,0,0,0,0,0,2,0,0.27,1,0
scen_000085,alt_scen_000085_00031,alt_scen_000085_00009,127.0,0,0,0,0,0,0,2,0,0.4,1,0
scen_000085,alt_scen_000085_00031,alt_scen_000085_00010,157.0,0,0,0,0,0,0,2,0,0.36,1,0
scen_000085,alt_scen_000085_00031,alt_scen_000085_00011,158.31,0,0,0,0,0,0,2,0,0.61,1,0
scen_000085,alt_scen_000085_00031,alt_scen_000085_00012,207.0,0,0,0,0,0,0,2,0,0.42,1,0
scen_000085,alt_scen_000085_00031,alt_scen_000085_00013,237.0,0,0,0,0,0,0,2,0,0.54,1,0
scen_000085,alt_scen_000085_00031,alt_scen_000085_00015,252.6,0,0,0,0,0,0,2,0,0.57,1,0
scen_000085,alt_scen_000085_00031,alt_scen_000085_00014,257.0,0,0,0,0,0,0,2,0,0.19,1,0
scen_000085,alt_scen_000085_00031,alt_scen_000085_00017,275.77,0,0,0,0,0,0,2,0,0.42,1,0
scen_000085,alt_scen_000085_00008,alt_scen_000085_00009,20.0,1,0,0,1,1,0,0,0,0.24,1,1
scen_000085,alt_scen_000085_00008,alt_scen_000085_00010,50.0,1,0,0,1,1,0,0,0,0.58,1,1
scen_000085,alt_scen_000085_00008,alt_scen_000085_00011,51.31,1,0,0,1,1,0,0,0,0.19,1,1
scen_000085,alt_scen_000085_00008,alt_scen_000085_00012,100.0,1,0,0,1,1,0,0,0,0.36,1,1
scen_000085,alt_scen_000085_00008,alt_scen_000085_00013,130.0,1,0,0,1,1,0,0,0,0.11,1,1
scen_000085,alt_scen_000085_00008,alt_scen_000085_00015,145.6,1,0,0,1,1,0,0,0,0.5,1,1
scen_000085,alt_scen_000085_00008,alt_scen_000085_00014,150.0,1,0,0,1,1,0,0,0,0.64,1,1
scen_000085,alt_scen_000085_00008,alt_scen_000085_00017,168.77,1,0,0,1,1,0,0,0,0.52,1,1
scen_000085,alt_scen_000085_00008,alt_scen_000085_00016,170.0,1,0,0,1,1,0,0,0,0.21,1,1
scen_000085,alt_scen_000085_00009,alt_scen_000085_00010,30.0,1,0,0,1,1,0,0,0,0.46,1,1
scen_000085,alt_scen_000085_00009,alt_scen_000085_00011,31.31,1,0,0,1,1,0,0,0,0.33,1,1
scen_000085,alt_scen_000085_00009,alt_scen_000085_00012,80.0,1,0,0,1,1,0,0,0,0.32,1,1
scen_000085,alt_scen_000085_00009,alt_scen_000085_00013,110.0,1,0,0,1,1,0,0,0,0.42,1,1
scen_000085,alt_scen_000085_00009,alt_scen_000085_00015,125.6,1,0,0,1,1,0,0,0,0.35,1,1
scen_000085,alt_scen_000085_00009,alt_scen_000085_00014,130.0,1,0,0,1,1,0,0,0,0.28,1,1
scen_000085,alt_scen_000085_00009,alt_scen_000085_00017,148.77,1,0,0,1,1,0,0,0,0.71,1,1
scen_000085,alt_scen_000085_00009,alt_scen_000085_00016,150.0,1,0,0,1,1,0,0,0,0.63,1,1
scen_000085,alt_scen_000085_00009,alt_scen_000085_00018,160.0,1,0,0,1,1,0,0,0,0.26,1,1
scen_000085,alt_scen_000085_00010,alt_scen_000085_00011,1.31,1,0,0,1,1,0,0,0,0.61,1,1
scen_000085,alt_scen_000085_00010,alt_scen_000085_00012,50.0,1,0,0,1,1,0,0,0,0.55,1,1
scen_000085,alt_scen_000085_00010,alt_scen_000085_00013,80.0,1,0,0,1,1,0,0,0,0.87,1,1
scen_000085,alt_scen_000085_00010,alt_scen_000085_00015,95.6,1,0,0,1,1,0,0,0,0.39,1,1
scen_000085,alt_scen_000085_00010,alt_scen_000085_00014,100.0,1,0,0,1,1,0,0,0,0.31,1,1
scen_000085,alt_scen_000085_00010,alt_scen_000085_00017,118.77,1,0,0,1,1,0,0,0,0.7,1,1
scen_000085,alt_scen_000085_00010,alt_scen_000085_00016,120.0,1,0,0,1,1,0,0,0,0.48,1,1
scen_000085,alt_scen_000085_00010,alt_scen_000085_00018,130.0,1,0,0,1,1,0,0,0,0.22,1,1
scen_000085,alt_scen_000085_00010,alt_scen_000085_00019,140.0,1,0,0,1,1,0,0,0,0.86,1,1
scen_000085,alt_scen_000085_00011,alt_scen_000085_00012,48.69,1,0,0,1,1,0,0,0,0.16,1,1
scen_000085,alt_scen_000085_00011,alt_scen_000085_00013,78.69,1,0,0,1,1,0,0,0,0.74,1,1
scen_000085,alt_scen_000085_00011,alt_scen_000085_00015,94.3,1,0,0,1,1,0,0,0,0.3,1,1
scen_000085,alt_scen_000085_00011,alt_scen_000085_00014,98.69,1,0,0,1,1,0,0,0,0.78,1,1
scen_000085,alt_scen_000085_00011,alt_scen_000085_00017,117.46,1,0,0,1,1,0,0,0,0.13,1,1
scen_000085,alt_scen_000085_00011,alt_scen_000085_00016,118.69,1,0,0,1,1,0,0,0,0.8,1,1
scen_000085,alt_scen_000085_00011,alt_scen_000085_00018,128.69,1,0,0,1,1,0,0,0,0.61,1,1
scen_000085,alt_scen_000085_00011,alt_scen_000085_00019,138.69,1,0,0,1,1,0,0,0,0.35,1,1
scen_000085,alt_scen_000085_00011,alt_scen_000085_00020,168.69,1,0,0,1,1,0,0,0,0.74,1,1
scen_000085,alt_scen_000085_00012,alt_scen_000085_00013,30.0,1,0,0,1,1,0,0,0,0.36,1,1
scen_000085,alt_scen_000085_00012,alt_scen_000085_00015,45.6,1,0,0,1,1,0,0,0,0.13,1,1
scen_000085,alt_scen_000085_00012,alt_scen_000085_00014,50.0,1,0,0,1,1,0,0,0,0.89,1,1
scen_000085,alt_scen_000085_00012,alt_scen_000085_00017,68.77,1,0,0,1,1,0,0,0,0.26,1,1
scen_000085,alt_scen_000085_00012,alt_scen_000085_00016,70.0,1,0,0,1,1,0,0,0,0.88,1,1
scen_000085,alt_scen_000085_00012,alt_scen_000085_00018,80.0,1,0,0,1,1,0,0,0,0.41,1,1
scen_000085,alt_scen_000085_00012,alt_scen_000085_00019,90.0,1,0,0,1,1,0,0,0,0.66,1,1
scen_000085,alt_scen_000085_00012,alt_scen_000085_00020,120.0,1,0,0,1,1,0,0,0,0.62,1,1
scen_000085,alt_scen_000085_00012,alt_scen_000085_00021,150.0,1,0,0,1,1,0,0,0,0.21,1,1
scen_000085,alt_scen_000085_00013,alt_scen_000085_00015,15.6,1,0,0,1,1,0,0,0,0.79,1,1
scen_000085,alt_scen_000085_00013,alt_scen_000085_00014,20.0,1,0,0,1,1,0,0,0,0.3,1,1
scen_000085,alt_scen_000085_00013,alt_scen_000085_00017,38.77,1,0,0,1,1,0,0,0,0.58,1,1
scen_000085,alt_scen_000085_00013,alt_scen_000085_00016,40.0,1,0,0,1,1,0,0,0,0.85,1,1
scen_000085,alt_scen_000085_00013,alt_scen_000085_00018,50.0,1,0,0,1,1,0,0,0,0.86,1,1
scen_000085,alt_scen_000085_00013,alt_scen_000085_00019,60.0,1,0,0,1,1,0,0,0,0.21,1,1
scen_000085,alt_scen_000085_00013,alt_scen_000085_00020,90.0,1,0,0,1,1,0,0,0,0.28,1,1
scen_000085,alt_scen_000085_00013,alt_scen_000085_00021,120.0,1,0,0,1,1,0,0,0,0.12,1,1
scen_000085,alt_scen_000085_00013,alt_scen_000085_00022,122.42,1,0,0,1,1,0,0,0,0.13,1,1
scen_000085,alt_scen_000085_00015,alt_scen_000085_00014,4.4,1,0,0,1,1,0,0,0,0.21,1,1
scen_000085,alt_scen_000085_00015,alt_scen_000085_00017,23.17,1,0,0,1,1,0,0,0,0.77,1,1
scen_000085,alt_scen_000085_00015,alt_scen_000085_00016,24.4,1,0,0,1,1,0,0,0,0.4,1,1
scen_000085,alt_scen_000085_00015,alt_scen_000085_00018,34.4,1,0,0,1,1,0,0,0,0.49,1,1
scen_000085,alt_scen_000085_00015,alt_scen_000085_00019,44.4,1,0,0,1,1,0,0,0,0.55,1,1
scen_000085,alt_scen_000085_00015,alt_scen_000085_00020,74.4,1,0,0,1,1,0,0,0,0.89,1,1
scen_000085,alt_scen_000085_00015,alt_scen_000085_00021,104.4,1,0,0,1,1,0,0,0,0.69,1,1
scen_000085,alt_scen_000085_00015,alt_scen_000085_00022,106.82,1,0,0,1,1,0,0,0,0.24,1,1
scen_000085,alt_scen_000085_00015,alt_scen_000085_00035,113.4,0,0,0,0,0,0,3,0,0.18,1,0
scen_000085,alt_scen_000085_00014,alt_scen_000085_00017,18.77,1,0,0,1,1,0,0,0,0.18,1,1
scen_000085,alt_scen_000085_00014,alt_scen_000085_00016,20.0,1,0,0,1,1,0,0,0,0.2,1,1
scen_000085,alt_scen_000085_00014,alt_scen_000085_00018,30.0,1,0,0,1,1,0,0,0,0.63,1,1
scen_000085,alt_scen_000085_00014,alt_scen_000085_00019,40.0,1,0,0,1,1,0,0,0,0.4,1,1
scen_000085,alt_scen_000085_00014,alt_scen_000085_00020,70.0,1,0,0,1,1,0,0,0,0.45,1,1
scen_000085,alt_scen_000085_00014,alt_scen_000085_00021,100.0,1,0,0,1,1,0,0,0,0.31,1,1
scen_000085,alt_scen_000085_00014,alt_scen_000085_00022,102.42,1,0,0,1,1,0,0,0,0.79,1,1
scen_000085,alt_scen_000085_00014,alt_scen_000085_00035,109.0,0,0,0,0,0,0,3,0,0.51,1,0
scen_000085,alt_scen_000085_00014,alt_scen_000085_00024,139.5,1,0,0,1,1,0,0,0,0.29,1,1
scen_000085,alt_scen_000085_00017,alt_scen_000085_00016,1.23,1,0,0,1,1,0,0,0,0.71,1,1
scen_000085,alt_scen_000085_00017,alt_scen_000085_00018,11.23,1,0,0,1,1,0,0,0,0.49,1,1
scen_000085,alt_scen_000085_00017,alt_scen_000085_00019,21.23,1,0,0,1,1,0,0,0,0.18,1,1
scen_000085,alt_scen_000085_00017,alt_scen_000085_00020,51.23,1,0,0,1,1,0,0,0,0.28,1,1
scen_000085,alt_scen_000085_00017,alt_scen_000085_00021,81.23,1,0,0,1,1,0,0,0,0.18,1,1
scen_000085,alt_scen_000085_00017,alt_scen_000085_00022,83.65,1,0,0,1,1,0,0,0,0.9,1,1
scen_000085,alt_scen_000085_00017,alt_scen_000085_00035,90.23,0,0,0,0,0,0,3,0,0.78,1,0
scen_000085,alt_scen_000085_00017,alt_scen_000085_00024,120.73,1,0,0,1,1,0,0,0,0.82,1,1
scen_000085,alt_scen_000085_00017,alt_scen_000085_00023,121.23,1,0,0,1,1,0,0,0,0.75,1,1
scen_000085,alt_scen_000085_00016,alt_scen_000085_00018,10.0,1,0,0,1,1,0,0,0,0.64,1,1
scen_000085,alt_scen_000085_00016,alt_scen_000085_00019,20.0,1,0,0,1,1,0,0,0,0.75,1,1
scen_000085,alt_scen_000085_00016,alt_scen_000085_00020,50.0,1,0,0,1,1,0,0,0,0.74,1,1
scen_000085,alt_scen_000085_00016,alt_scen_000085_00021,80.0,1,0,0,1,1,0,0,0,0.25,1,1
scen_000085,alt_scen_000085_00016,alt_scen_000085_00022,82.42,1,0,0,1,1,0,0,0,0.56,1,1
scen_000085,alt_scen_000085_00016,alt_scen_000085_00035,89.0,0,0,0,0,0,0,3,0,0.23,1,0
scen_000085,alt_scen_000085_00016,alt_scen_000085_00024,119.5,1,0,0,1,1,0,0,0,0.16,1,1
scen_000085,alt_scen_000085_00016,alt_scen_000085_00023,120.0,1,0,0,1,1,0,0,0,0.28,1,1
scen_000085,alt_scen_000085_00016,alt_scen_000085_00025,130.0,1,0,0,1,1,0,0,0,0.3,1,1
scen_000085,alt_scen_000085_00018,alt_scen_000085_00019,10.0,1,0,0,1,1,0,0,0,0.77,1,1
scen_000085,alt_scen_000085_00018,alt_scen_000085_00020,40.0,1,0,0,1,1,0,0,0,0.34,1,1
scen_000085,alt_scen_000085_00018,alt_scen_000085_00021,70.0,1,0,0,1,1,0,0,0,0.74,1,1
scen_000085,alt_scen_000085_00018,alt_scen_000085_00022,72.42,1,0,0,1,1,0,0,0,0.36,1,1
scen_000085,alt_scen_000085_00018,alt_scen_000085_00035,79.0,0,0,0,0,0,0,3,0,0.7,1,0
scen_000085,alt_scen_000085_00018,alt_scen_000085_00024,109.5,1,0,0,1,1,0,0,0,0.57,1,1
scen_000085,alt_scen_000085_00018,alt_scen_000085_00023,110.0,1,0,0,1,1,0,0,0,0.66,1,1
scen_000085,alt_scen_000085_00018,alt_scen_000085_00025,120.0,1,0,0,1,1,0,0,0,0.14,1,1
scen_000085,alt_scen_000085_00018,alt_scen_000085_00026,121.87,1,0,0,1,1,0,0,0,0.67,1,1
scen_000085,alt_scen_000085_00019,alt_scen_000085_00020,30.0,1,0,0,1,1,0,0,0,0.79,1,1
scen_000085,alt_scen_000085_00019,alt_scen_000085_00021,60.0,1,0,0,1,1,0,0,0,0.79,1,1
scen_000085,alt_scen_000085_00019,alt_scen_000085_00022,62.42,1,0,0,1,1,0,0,0,0.45,1,1
scen_000085,alt_scen_000085_00019,alt_scen_000085_00035,69.0,0,0,0,0,0,0,3,0,0.35,1,0
scen_000085,alt_scen_000085_00019,alt_scen_000085_00024,99.5,1,0,0,1,1,0,0,0,0.12,1,1
scen_000085,alt_scen_000085_00019,alt_scen_000085_00023,100.0,1,0,0,1,1,0,0,0,0.32,1,1
scen_000085,alt_scen_000085_00019,alt_scen_000085_00025,110.0,1,0,0,1,1,0,0,0,0.72,1,1
scen_000085,alt_scen_000085_00019,alt_scen_000085_00026,111.87,1,0,0,1,1,0,0,0,0.65,1,1
scen_000085,alt_scen_000085_00019,alt_scen_000085_00027,170.0,1,0,0,1,1,0,0,0,0.39,1,1
scen_000085,alt_scen_000085_00020,alt_scen_000085_00021,30.0,1,0,0,1,1,0,0,0,0.39,1,1
scen_000085,alt_scen_000085_00020,alt_scen_000085_00022,32.42,1,0,0,1,1,0,0,0,0.83,1,1
scen_000085,alt_scen_000085_00020,alt_scen_000085_00035,39.0,0,0,0,0,0,0,3,0,0.29,1,0
scen_000085,alt_scen_000085_00020,alt_scen_000085_00024,69.5,1,0,0,1,1,0,0,0,0.68,1,1
scen_000085,alt_scen_000085_00020,alt_scen_000085_00023,70.0,1,0,0,1,1,0,0,0,0.23,1,1
scen_000085,alt_scen_000085_00020,alt_scen_000085_00025,80.0,1,0,0,1,1,0,0,0,0.25,1,1
scen_000085,alt_scen_000085_00020,alt_scen_000085_00026,81.87,1,0,0,1,1,0,0,0,0.28,1,1
scen_000085,alt_scen_000085_00020,alt_scen_000085_00027,140.0,1,0,0,1,1,0,0,0,0.11,1,1
scen_000085,alt_scen_000085_00020,alt_scen_000085_00033,152.0,0,0,0,0,0,0,3,0,0.18,1,0
scen_000085,alt_scen_000085_00021,alt_scen_000085_00022,2.42,1,0,0,1,1,0,0,0,0.29,1,1
scen_000085,alt_scen_000085_00021,alt_scen_000085_00035,9.0,0,0,0,0,0,0,3,0,0.82,1,0
scen_000085,alt_scen_000085_00021,alt_scen_000085_00024,39.5,1,0,0,1,1,0,0,0,0.37,1,1
scen_000085,alt_scen_000085_00021,alt_scen_000085_00023,40.0,1,0,0,1,1,0,0,0,0.23,1,1
scen_000085,alt_scen_000085_00021,alt_scen_000085_00025,50.0,1,0,0,1,1,0,0,0,0.64,1,1
scen_000085,alt_scen_000085_00021,alt_scen_000085_00026,51.87,1,0,0,1,1,0,0,0,0.21,1,1
scen_000085,alt_scen_000085_00021,alt_scen_000085_00027,110.0,1,0,0,1,1,0,0,0,0.47,1,1
scen_000085,alt_scen_000085_00021,alt_scen_000085_00033,122.0,0,0,0,0,0,0,3,0,0.79,1,0
scen_000085,alt_scen_000085_00021,alt_scen_000085_00028,140.0,1,0,0,1,1,0,0,0,0.29,1,1
scen_000085,alt_scen_000085_00022,alt_scen_000085_00035,6.58,0,0,0,0,0,0,3,0,0.12,1,0
scen_000085,alt_scen_000085_00022,alt_scen_000085_00024,37.08,1,0,0,1,1,0,0,0,0.34,1,1
scen_000085,alt_scen_000085_00022,alt_scen_000085_00023,37.58,1,0,0,1,1,0,0,0,0.86,1,1
scen_000085,alt_scen_000085_00022,alt_scen_000085_00025,47.58,1,0,0,1,1,0,0,0,0.88,1,1
scen_000085,alt_scen_000085_00022,alt_scen_000085_00026,49.45,1,0,0,1,1,0,0,0,0.68,1,1
scen_000085,alt_scen_000085_00022,alt_scen_000085_00027,107.58,1,0,0,1,1,0,0,0,0.62,1,1
scen_000085,alt_scen_000085_00022,alt_scen_000085_00033,119.58,0,0,0,0,0,0,3,0,0.85,1,0
scen_000085,alt_scen_000085_00022,alt_scen_000085_00028,137.58,1,0,0,1,1,0,0,0,0.36,1,1
scen_000085,alt_scen_000085_00022,alt_scen_000085_00030,146.04,1,0,0,1,1,0,0,0,0.24,1,1
scen_000085,alt_scen_000085_00035,alt_scen_000085_00024,30.5,0,0,0,0,0,0,3,0,0.53,1,0
scen_000085,alt_scen_000085_00035,alt_scen_000085_00023,31.0,0,0,0,0,0,0,3,0,0.56,1,0
scen_000085,alt_scen_000085_00035,alt_scen_000085_00025,41.0,0,0,0,0,0,0,3,0,0.3,1,0
scen_000085,alt_scen_000085_00035,alt_scen_000085_00026,42.87,0,0,0,0,0,0,3,0,0.42,1,0
scen_000085,alt_scen_000085_00035,alt_scen_000085_00027,101.0,0,0,0,0,0,0,3,0,0.57,1,0
scen_000085,alt_scen_000085_00035,alt_scen_000085_00033,113.0,1,0,0,1,1,0,0,0,0.84,1,0
scen_000085,alt_scen_000085_00035,alt_scen_000085_00028,131.0,0,0,0,0,0,0,3,0,0.41,1,0
scen_000085,alt_scen_000085_00035,alt_scen_000085_00030,139.45,0,0,0,0,0,0,3,0,0.66,1,0
scen_000085,alt_scen_000085_00035,alt_scen_000085_00029,141.0,0,0,0,0,0,0,3,0,0.61,1,0
scen_000085,alt_scen_000085_00024,alt_scen_000085_00023,0.5,1,0,0,1,1,0,0,0,0.12,1,1
scen_000085,alt_scen_000085_00024,alt_scen_000085_00025,10.5,1,0,0,1,1,0,0,0,0.66,1,1
scen_000085,alt_scen_000085_00024,alt_scen_000085_00026,12.37,1,0,0,1,1,0,0,0,0.26,1,1
scen_000085,alt_scen_000085_00024,alt_scen_000085_00027,70.5,1,0,0,1,1,0,0,0,0.8,1,1
scen_000085,alt_scen_000085_00024,alt_scen_000085_00033,82.5,0,0,0,0,0,0,3,0,0.75,1,0
scen_000085,alt_scen_000085_00024,alt_scen_000085_00028,100.5,1,0,0,1,1,0,0,0,0.72,1,1
scen_000085,alt_scen_000085_00024,alt_scen_000085_00030,108.96,1,0,0,1,1,0,0,0,0.67,1,1
scen_000085,alt_scen_000085_00024,alt_scen_000085_00029,110.5,1,0,0,1,1,0,0,0,0.32,1,1
scen_000085,alt_scen_000085_00023,alt_scen_000085_00025,10.0,1,0,0,1,1,0,0,0,0.64,1,1
scen_000085,alt_scen_000085_00023,alt_scen_000085_00026,11.87,1,0,0,1,1,0,0,0,0.51,1,1
scen_000085,alt_scen_000085_00023,alt_scen_000085_00027,70.0,1,0,0,1,1,0,0,0,0.35,1,1
scen_000085,alt_scen_000085_00023,alt_scen_000085_00033,82.0,0,0,0,0,0,0,3,0,0.24,1,0
scen_000085,alt_scen_000085_00023,alt_scen_000085_00028,100.0,1,0,0,1,1,0,0,0,0.74,1,1
scen_000085,alt_scen_000085_00023,alt_scen_000085_00030,108.45,1,0,0,1,1,0,0,0,0.3,1,1
scen_000085,alt_scen_000085_00023,alt_scen_000085_00029,110.0,1,0,0,1,1,0,0,0,0.13,1,1
scen_000085,alt_scen_000085_00025,alt_scen_000085_00026,1.87,1,0,0,1,1,0,0,0,0.67,1,1
scen_000085,alt_scen_000085_00025,alt_scen_000085_00027,60.0,1,0,0,1,1,0,0,0,0.7,1,1
scen_000085,alt_scen_000085_00025,alt_scen_000085_00033,72.0,0,0,0,0,0,0,3,0,0.88,1,0
scen_000085,alt_scen_000085_00025,alt_scen_000085_00028,90.0,1,0,0,1,1,0,0,0,0.4,1,1
scen_000085,alt_scen_000085_00025,alt_scen_000085_00030,98.45,1,0,0,1,1,0,0,0,0.32,1,1
scen_000085,alt_scen_000085_00025,alt_scen_000085_00029,100.0,1,0,0,1,1,0,0,0,0.75,1,1
scen_000085,alt_scen_000085_00026,alt_scen_000085_00027,58.13,1,0,0,1,1,0,0,0,0.86,1,1
scen_000085,alt_scen_000085_00026,alt_scen_000085_00033,70.13,0,0,0,0,0,0,3,0,0.79,1,0
scen_000085,alt_scen_000085_00026,alt_scen_000085_00028,88.13,1,0,0,1,1,0,0,0,0.13,1,1
scen_000085,alt_scen_000085_00026,alt_scen_000085_00030,96.58,1,0,0,1,1,0,0,0,0.31,1,1
scen_000085,alt_scen_000085_00026,alt_scen_000085_00029,98.13,1,0,0,1,1,0,0,0,0.13,1,1
scen_000085,alt_scen_000085_00027,alt_scen_000085_00033,12.0,0,0,0,0,0,0,3,0,0.34,1,0
scen_000085,alt_scen_000085_00027,alt_scen_000085_00028,30.0,1,0,0,1,1,0,0,0,0.26,1,1
scen_000085,alt_scen_000085_00027,alt_scen_000085_00030,38.45,1,0,0,1,1,0,0,0,0.12,1,1
scen_000085,alt_scen_000085_00027,alt_scen_000085_00029,40.0,1,0,0,1,1,0,0,0,0.43,1,1
scen_000085,alt_scen_000085_00033,alt_scen_000085_00028,18.0,0,0,0,0,0,0,3,0,0.41,1,0
scen_000085,alt_scen_000085_00033,alt_scen_000085_00030,26.45,0,0,0,0,0,0,3,0,0.73,1,0
scen_000085,alt_scen_000085_00033,alt_scen_000085_00029,28.0,0,0,0,0,0,0,3,0,0.57,1,0
scen_000085,alt_scen_000085_00028,alt_scen_000085_00030,8.45,1,0,0,1,1,0,0,0,0.85,1,1
scen_000085,alt_scen_000085_00028,alt_scen_000085_00029,10.0,1,0,0,1,1,0,0,0,0.56,1,1
scen_000085,alt_scen_000085_00030,alt_scen_000085_00029,1.55,1,0,0,1,1,0,0,0,0.42,1,1
scen_000086,alt_scen_000086_00001,alt_scen_000086_00002,284.0,0,0,0,1,1,0,2,0,0.68,1,0
scen_000086,alt_scen_000086_00001,alt_scen_000086_00005,434.0,0,0,0,1,1,0,3,0,0.74,0,0
scen_000086,alt_scen_000086_00001,alt_scen_000086_00003,477.0,0,0,0,1,1,0,4,0,0.34,0,0
scen_000086,alt_scen_000086_00001,alt_scen_000086_00004,585.0,1,0,0,1,1,0,0,0,0.59,0,0
scen_000086,alt_scen_000086_00002,alt_scen_000086_00005,150.0,0,0,0,1,1,1,1,1,0.79,1,0
scen_000086,alt_scen_000086_00002,alt_scen_000086_00003,193.0,0,0,0,1,1,0,2,0,0.83,1,0
scen_000086,alt_scen_000086_00002,alt_scen_000086_00004,301.0,0,0,0,1,1,0,2,0,0.57,0,0
scen_000086,alt_scen_000086_00005,alt_scen_000086_00003,43.0,0,0,0,1,1,1,1,1,0.52,1,0
scen_000086,alt_scen_000086_00005,alt_scen_000086_00004,151.0,0,0,0,1,1,0,3,0,0.12,1,0
scen_000086,alt_scen_000086_00003,alt_scen_000086_00004,108.0,0,0,0,1,1,0,4,0,0.48,1,0
scen_000087,alt_scen_000087_00001,alt_scen_000087_00002,409.0,0,0,0,1,1,0,2,0,0.71,0,0
scen_000087,alt_scen_000087_00001,alt_scen_000087_00003,649.0,0,0,0,1,1,0,2,0,0.88,0,0
scen_000087,alt_scen_000087_00002,alt_scen_000087_00003,240.0,0,0,0,1,1,0,2,0,0.16,1,0
scen_000088,alt_scen_000088_00003,alt_scen_000088_00001,106.0,0,0,0,1,1,1,1,-1,0.41,1,0
scen_000088,alt_scen_000088_00003,alt_scen_000088_00006,331.0,0,0,0,1,1,0,2,0,0.88,0,0
scen_000088,alt_scen_000088_00003,alt_scen_000088_00005,401.0,0,0,0,1,1,0,2,0,0.6,0,0
scen_000088,alt_scen_000088_00003,alt_scen_000088_00004,695.0,0,0,0,1,1,0,2,0,0.8,0,0
scen_000088,alt_scen_000088_00003,alt_scen_000088_00002,810.0,0,0,0,1,1,0,2,0,0.61,0,0
scen_000088,alt_scen_000088_00001,alt_scen_000088_00006,225.0,0,0,0,1,1,1,1,1,0.53,1,0
scen_000088,alt_scen_000088_00001,alt_scen_000088_00005,295.0,0,0,0,1,1,1,1,1,0.89,1,0
scen_000088,alt_scen_000088_00001,alt_scen_000088_00004,589.0,0,0,0,1,1,1,1,1,0.3,0,0
scen_000088,alt_scen_000088_00001,alt_scen_000088_00002,704.0,0,0,0,1,1,1,1,1,0.89,0,0
scen_000088,alt_scen_000088_00006,alt_scen_000088_00005,70.0,0,0,0,1,1,0,2,0,0.59,1,0
scen_000088,alt_scen_000088_00006,alt_scen_000088_00004,364.0,0,0,0,1,1,0,2,0,0.79,0,0
scen_000088,alt_scen_000088_00006,alt_scen_000088_00002,479.0,0,0,0,1,1,0,2,0,0.49,0,0
scen_000088,alt_scen_000088_00005,alt_scen_000088_00004,294.0,0,0,0,1,1,0,2,0,0.49,1,0
scen_000088,alt_scen_000088_00005,alt_scen_000088_00002,409.0,0,0,0,1,1,0,2,0,0.36,0,0
scen_000088,alt_scen_000088_00004,alt_scen_000088_00002,115.0,0,0,0,1,1,0,2,0,0.87,1,0
scen_000089,alt_scen_000089_00076,alt_scen_000089_00078,142.0,0,0,0,1,1,1,1,-1,0.58,1,0
scen_000089,alt_scen_000089_00076,alt_scen_000089_00077,162.0,0,0,0,1,1,0,4,0,0.88,1,0
scen_000089,alt_scen_000089_00076,alt_scen_000089_00001,289.0,0,0,0,0,1,0,2,0,0.49,1,0
scen_000089,alt_scen_000089_00076,alt_scen_000089_00002,290.91,0,0,0,0,1,0,2,0,0.78,1,0
scen_000089,alt_scen_000089_00076,alt_scen_000089_00003,299.0,0,0,0,0,1,0,2,0,0.49,1,0
scen_000089,alt_scen_000089_00076,alt_scen_000089_00005,308.08,0,0,0,0,0,0,2,0,0.49,0,0
scen_000089,alt_scen_000089_00076,alt_scen_000089_00004,309.0,0,0,0,0,0,0,2,0,0.33,0,0
scen_000089,alt_scen_000089_00076,alt_scen_000089_00006,319.0,0,0,0,0,0,0,2,0,0.67,0,0
scen_000089,alt_scen_000089_00076,alt_scen_000089_00007,319.0,0,0,0,0,1,0,2,0,0.5,0,0
scen_000089,alt_scen_000089_00078,alt_scen_000089_00077,20.0,0,0,0,1,1,0,3,0,0.64,1,0
scen_000089,alt_scen_000089_00078,alt_scen_000089_00001,147.0,0,0,0,0,1,0,3,0,0.81,1,0
scen_000089,alt_scen_000089_00078,alt_scen_000089_00002,148.91,0,0,0,0,1,0,3,0,0.76,1,0
scen_000089,alt_scen_000089_00078,alt_scen_000089_00003,157.0,0,0,0,0,1,0,3,0,0.55,1,0
scen_000089,alt_scen_000089_00078,alt_scen_000089_00005,166.08,0,0,0,0,0,0,3,0,0.51,1,0
scen_000089,alt_scen_000089_00078,alt_scen_000089_00004,167.0,0,0,0,0,0,0,3,0,0.56,1,0
scen_000089,alt_scen_000089_00078,alt_scen_000089_00006,177.0,0,0,0,0,0,0,3,0,0.83,1,0
scen_000089,alt_scen_000089_00078,alt_scen_000089_00007,177.0,0,0,0,0,1,0,3,0,0.85,1,0
scen_000089,alt_scen_000089_00078,alt_scen_000089_00008,197.0,0,0,0,0,0,0,3,0,0.15,1,0
scen_000089,alt_scen_000089_00077,alt_scen_000089_00001,127.0,0,0,0,0,1,0,3,0,0.7,1,0
scen_000089,alt_scen_000089_00077,alt_scen_000089_00002,128.91,0,0,0,0,1,0,3,0,0.62,1,0
scen_000089,alt_scen_000089_00077,alt_scen_000089_00003,137.0,0,0,0,0,1,0,3,0,0.68,1,0
scen_000089,alt_scen_000089_00077,alt_scen_000089_00005,146.08,0,0,0,0,0,0,3,0,0.19,1,0
scen_000089,alt_scen_000089_00077,alt_scen_000089_00004,147.0,0,0,0,0,0,0,3,0,0.39,1,0
scen_000089,alt_scen_000089_00077,alt_scen_000089_00006,157.0,0,0,0,0,0,0,3,0,0.4,1,0
scen_000089,alt_scen_000089_00077,alt_scen_000089_00007,157.0,0,0,0,0,1,0,3,0,0.64,1,0
scen_000089,alt_scen_000089_00077,alt_scen_000089_00008,177.0,0,0,0,0,0,0,3,0,0.19,1,0
scen_000089,alt_scen_000089_00077,alt_scen_000089_00009,187.0,0,0,0,0,1,0,3,0,0.6,1,0
scen_000089,alt_scen_000089_00001,alt_scen_000089_00002,1.91,1,0,0,1,1,0,0,0,0.1,1,1
scen_000089,alt_scen_000089_00001,alt_scen_000089_00003,10.0,1,0,0,1,1,0,0,0,0.45,1,1
scen_000089,alt_scen_000089_00001,alt_scen_000089_00005,19.08,1,0,0,0,0,0,0,0,0.59,1,1
scen_000089,alt_scen_000089_00001,alt_scen_000089_00004,20.0,1,0,0,0,0,0,0,0,0.13,1,1
scen_000089,alt_scen_000089_00001,alt_scen_000089_00006,30.0,1,0,0,0,0,0,0,0,0.16,1,1
scen_000089,alt_scen_000089_00001,alt_scen_000089_00007,30.0,1,0,0,1,1,0,0,0,0.5,1,1
scen_000089,alt_scen_000089_00001,alt_scen_000089_00008,50.0,1,0,0,0,0,0,0,0,0.88,1,1
scen_000089,alt_scen_000089_00001,alt_scen_000089_00009,60.0,1,0,0,1,1,0,0,0,0.25,1,1
scen_000089,alt_scen_000089_00001,alt_scen_000089_00010,70.0,1,0,0,0,0,0,0,0,0.34,1,1
scen_000089,alt_scen_000089_00002,alt_scen_000089_00003,8.09,1,0,0,1,1,0,0,0,0.83,1,1
scen_000089,alt_scen_000089_00002,alt_scen_000089_00005,17.17,1,0,0,0,0,0,0,0,0.27,1,1
scen_000089,alt_scen_000089_00002,alt_scen_000089_00004,18.09,1,0,0,0,0,0,0,0,0.54,1,1
scen_000089,alt_scen_000089_00002,alt_scen_000089_00006,28.09,1,0,0,0,0,0,0,0,0.59,1,1
scen_000089,alt_scen_000089_00002,alt_scen_000089_00007,28.09,1,0,0,1,1,0,0,0,0.51,1,1
scen_000089,alt_scen_000089_00002,alt_scen_000089_00008,48.09,1,0,0,0,0,0,0,0,0.81,1,1
scen_000089,alt_scen_000089_00002,alt_scen_000089_00009,58.09,1,0,0,1,1,0,0,0,0.78,1,1
scen_000089,alt_scen_000089_00002,alt_scen_000089_00010,68.09,1,0,0,0,0,0,0,0,0.17,1,1
scen_000089,alt_scen_000089_00002,alt_scen_000089_00011,88.09,1,0,0,1,1,0,0,0,0.73,1,1
scen_000089,alt_scen_000089_00003,alt_scen_000089_00005,9.08,1,0,0,0,0,0,0,0,0.8,1,1
scen_000089,alt_scen_000089_00003,alt_scen_000089_00004,10.0,1,0,0,0,0,0,0,0,0.46,1,1
scen_000089,alt_scen_000089_00003,alt_scen_000089_00006,20.0,1,0,0,0,0,0,0,0,0.6,1,1
scen_000089,alt_scen_000089_00003,alt_scen_000089_00007,20.0,1,0,0,1,1,0,0,0,0.16,1,1
scen_000089,alt_scen_000089_00003,alt_scen_000089_00008,40.0,1,0,0,0,0,0,0,0,0.15,1,1
scen_000089,alt_scen_000089_00003,alt_scen_000089_00009,50.0,1,0,0,1,1,0,0,0,0.24,1,1
scen_000089,alt_scen_000089_00003,alt_scen_000089_00010,60.0,1,0,0,0,0,0,0,0,0.52,1,1
scen_000089,alt_scen_000089_00003,alt_scen_000089_00011,80.0,1,0,0,1,1,0,0,0,0.89,1,1
scen_000089,alt_scen_000089_00003,alt_scen_000089_00012,100.0,1,0,0,0,0,0,0,0,0.89,1,1
scen_000089,alt_scen_000089_00005,alt_scen_000089_00004,0.92,1,0,0,1,1,0,0,0,0.14,1,1
scen_000089,alt_scen_000089_00005,alt_scen_000089_00006,10.92,1,0,0,1,1,0,0,0,0.76,1,1
scen_000089,alt_scen_000089_00005,alt_scen_000089_00007,10.92,1,0,0,0,0,0,0,0,0.66,1,1
scen_000089,alt_scen_000089_00005,alt_scen_000089_00008,30.92,1,0,0,1,1,0,0,0,0.89,1,1
scen_000089,alt_scen_000089_00005,alt_scen_000089_00009,40.92,1,0,0,0,0,0,0,0,0.11,1,1
scen_000089,alt_scen_000089_00005,alt_scen_000089_00010,50.92,1,0,0,1,1,0,0,0,0.3,1,1
scen_000089,alt_scen_000089_00005,alt_scen_000089_00011,70.92,1,0,0,0,0,0,0,0,0.44,1,1
scen_000089,alt_scen_000089_00005,alt_scen_000089_00012,90.92,1,0,0,1,1,0,0,0,0.2,1,1
scen_000089,alt_scen_000089_00005,alt_scen_000089_00013,120.92,1,0,0,1,1,0,0,0,0.78,1,1
scen_000089,alt_scen_000089_00004,alt_scen_000089_00006,10.0,1,0,0,1,1,0,0,0,0.23,1,1
scen_000089,alt_scen_000089_00004,alt_scen_000089_00007,10.0,1,0,0,0,0,0,0,0,0.22,1,1
scen_000089,alt_scen_000089_00004,alt_scen_000089_00008,30.0,1,0,0,1,1,0,0,0,0.86,1,1
scen_000089,alt_scen_000089_00004,alt_scen_000089_00009,40.0,1,0,0,0,0,0,0,0,0.83,1,1
scen_000089,alt_scen_000089_00004,alt_scen_000089_00010,50.0,1,0,0,1,1,0,0,0,0.56,1,1
scen_000089,alt_scen_000089_00004,alt_scen_000089_00011,70.0,1,0,0,0,0,0,0,0,0.23,1,1
scen_000089,alt_scen_000089_00004,alt_scen_000089_00012,90.0,1,0,0,1,1,0,0,0,0.37,1,1
scen_000089,alt_scen_000089_00004,alt_scen_000089_00013,120.0,1,0,0,1,1,0,0,0,0.5,1,1
scen_000089,alt_scen_000089_00004,alt_scen_000089_00014,130.0,1,0,0,1,1,0,0,0,0.13,1,1
scen_000089,alt_scen_000089_00006,alt_scen_000089_00007,0.0,1,0,0,0,0,0,0,0,0.51,1,1
scen_000089,alt_scen_000089_00006,alt_scen_000089_00008,20.0,1,0,0,1,1,0,0,0,0.75,1,1
scen_000089,alt_scen_000089_00006,alt_scen_000089_00009,30.0,1,0,0,0,0,0,0,0,0.42,1,1
scen_000089,alt_scen_000089_00006,alt_scen_000089_00010,40.0,1,0,0,1,1,0,0,0,0.35,1,1
scen_000089,alt_scen_000089_00006,alt_scen_000089_00011,60.0,1,0,0,0,0,0,0,0,0.38,1,1
scen_000089,alt_scen_000089_00006,alt_scen_000089_00012,80.0,1,0,0,1,1,0,0,0,0.12,1,1
scen_000089,alt_scen_000089_00006,alt_scen_000089_00013,110.0,1,0,0,1,1,0,0,0,0.73,1,1
scen_000089,alt_scen_000089_00006,alt_scen_000089_00014,120.0,1,0,0,1,1,0,0,0,0.5,1,1
scen_000089,alt_scen_000089_00006,alt_scen_000089_00015,150.0,1,0,0,1,1,0,0,0,0.23,1,1
scen_000089,alt_scen_000089_00007,alt_scen_000089_00008,20.0,1,0,0,0,0,0,0,0,0.62,1,1
scen_000089,alt_scen_000089_00007,alt_scen_000089_00009,30.0,1,0,0,1,1,0,0,0,0.66,1,1
scen_000089,alt_scen_000089_00007,alt_scen_000089_00010,40.0,1,0,0,0,0,0,0,0,0.19,1,1
scen_000089,alt_scen_000089_00007,alt_scen_000089_00011,60.0,1,0,0,1,1,0,0,0,0.17,1,1
scen_000089,alt_scen_000089_00007,alt_scen_000089_00012,80.0,1,0,0,0,0,0,0,0,0.67,1,1
scen_000089,alt_scen_000089_00007,alt_scen_000089_00013,110.0,1,0,0,0,0,0,0,0,0.46,1,1
scen_000089,alt_scen_000089_00007,alt_scen_000089_00014,120.0,1,0,0,0,0,0,0,0,0.54,1,1
scen_000089,alt_scen_000089_00007,alt_scen_000089_00015,150.0,1,0,0,0,0,0,0,0,0.35,1,1
scen_000089,alt_scen_000089_00007,alt_scen_000089_00016,200.0,1,0,0,1,1,0,0,0,0.18,1,1
scen_000089,alt_scen_000089_00008,alt_scen_000089_00009,10.0,1,0,0,0,0,0,0,0,0.4,1,1
scen_000089,alt_scen_000089_00008,alt_scen_000089_00010,20.0,1,0,0,1,1,0,0,0,0.2,1,1
scen_000089,alt_scen_000089_00008,alt_scen_000089_00011,40.0,1,0,0,0,0,0,0,0,0.67,1,1
scen_000089,alt_scen_000089_00008,alt_scen_000089_00012,60.0,1,0,0,1,1,0,0,0,0.14,1,1
scen_000089,alt_scen_000089_00008,alt_scen_000089_00013,90.0,1,0,0,1,1,0,0,0,0.85,1,1
scen_000089,alt_scen_000089_00008,alt_scen_000089_00014,100.0,1,0,0,1,1,0,0,0,0.25,1,1
scen_000089,alt_scen_000089_00008,alt_scen_000089_00015,130.0,1,0,0,1,1,0,0,0,0.85,1,1
scen_000089,alt_scen_000089_00008,alt_scen_000089_00016,180.0,1,0,0,0,0,0,0,0,0.85,1,1
scen_000089,alt_scen_000089_00008,alt_scen_000089_00017,190.0,1,0,0,0,0,0,0,0,0.36,1,1
scen_000089,alt_scen_000089_00009,alt_scen_000089_00010,10.0,1,0,0,0,0,0,0,0,0.29,1,1
scen_000089,alt_scen_000089_00009,alt_scen_000089_00011,30.0,1,0,0,1,1,0,0,0,0.23,1,1
scen_000089,alt_scen_000089_00009,alt_scen_000089_00012,50.0,1,0,0,0,0,0,0,0,0.57,1,1
scen_000089,alt_scen_000089_00009,alt_scen_000089_00013,80.0,1,0,0,0,0,0,0,0,0.19,1,1
scen_000089,alt_scen_000089_00009,alt_scen_000089_00014,90.0,1,0,0,0,0,0,0,0,0.68,1,1
scen_000089,alt_scen_000089_00009,alt_scen_000089_00015,120.0,1,0,0,0,0,0,0,0,0.11,1,1
scen_000089,alt_scen_000089_00009,alt_scen_000089_00016,170.0,1,0,0,1,1,0,0,0,0.87,1,1
scen_000089,alt_scen_000089_00009,alt_scen_000089_00017,180.0,1,0,0,1,1,0,0,0,0.69,1,1
scen_000089,alt_scen_000089_00009,alt_scen_000089_00018,200.0,1,0,0,0,0,0,0,0,0.72,1,1
scen_000089,alt_scen_000089_00010,alt_scen_000089_00011,20.0,1,0,0,0,0,0,0,0,0.53,1,1
scen_000089,alt_scen_000089_00010,alt_scen_000089_00012,40.0,1,0,0,1,1,0,0,0,0.13,1,1
scen_000089,alt_scen_000089_00010,alt_scen_000089_00013,70.0,1,0,0,1,1,0,0,0,0.29,1,1
scen_000089,alt_scen_000089_00010,alt_scen_000089_00014,80.0,1,0,0,1,1,0,0,0,0.72,1,1
scen_000089,alt_scen_000089_00010,alt_scen_000089_00015,110.0,1,0,0,1,1,0,0,0,0.27,1,1
scen_000089,alt_scen_000089_00010,alt_scen_000089_00016,160.0,1,0,0,0,0,0,0,0,0.22,1,1
scen_000089,alt_scen_000089_00010,alt_scen_000089_00017,170.0,1,0,0,0,0,0,0,0,0.88,1,1
scen_000089,alt_scen_000089_00010,alt_scen_000089_00018,190.0,1,0,0,1,1,0,0,0,0.59,1,1
scen_000089,alt_scen_000089_00010,alt_scen_000089_00019,191.41,1,0,0,1,1,0,0,0,0.63,1,1
scen_000089,alt_scen_000089_00011,alt_scen_000089_00012,20.0,1,0,0,0,0,0,0,0,0.72,1,1
scen_000089,alt_scen_000089_00011,alt_scen_000089_00013,50.0,1,0,0,0,0,0,0,0,0.26,1,1
scen_000089,alt_scen_000089_00011,alt_scen_000089_00014,60.0,1,0,0,0,0,0,0,0,0.2,1,1
scen_000089,alt_scen_000089_00011,alt_scen_000089_00015,90.0,1,0,0,0,0,0,0,0,0.24,1,1
scen_000089,alt_scen_000089_00011,alt_scen_000089_00016,140.0,1,0,0,1,1,0,0,0,0.79,1,1
scen_000089,alt_scen_000089_00011,alt_scen_000089_00017,150.0,1,0,0,1,1,0,0,0,0.36,1,1
scen_000089,alt_scen_000089_00011,alt_scen_000089_00018,170.0,1,0,0,0,0,0,0,0,0.81,1,1
scen_000089,alt_scen_000089_00011,alt_scen_000089_00019,171.41,1,0,0,0,0,0,0,0,0.42,1,1
scen_000089,alt_scen_000089_00011,alt_scen_000089_00020,190.0,1,0,0,0,0,0,0,0,0.58,1,1
scen_000089,alt_scen_000089_00012,alt_scen_000089_00013,30.0,1,0,0,1,1,0,0,0,0.19,1,1
scen_000089,alt_scen_000089_00012,alt_scen_000089_00014,40.0,1,0,0,1,1,0,0,0,0.87,1,1
scen_000089,alt_scen_000089_00012,alt_scen_000089_00015,70.0,1,0,0,1,1,0,0,0,0.62,1,1
scen_000089,alt_scen_000089_00012,alt_scen_000089_00016,120.0,1,0,0,0,0,0,0,0,0.49,1,1
scen_000089,alt_scen_000089_00012,alt_scen_000089_00017,130.0,1,0,0,0,0,0,0,0,0.75,1,1
scen_000089,alt_scen_000089_00012,alt_scen_000089_00018,150.0,1,0,0,1,1,0,0,0,0.3,1,1
scen_000089,alt_scen_000089_00012,alt_scen_000089_00019,151.41,1,0,0,1,1,0,0,0,0.37,1,1
scen_000089,alt_scen_000089_00012,alt_scen_000089_00020,170.0,1,0,0,1,1,0,0,0,0.51,1,1
scen_000089,alt_scen_000089_00012,alt_scen_000089_00021,180.0,1,0,0,0,0,0,0,0,0.56,1,1
scen_000089,alt_scen_000089_00013,alt_scen_000089_00014,10.0,1,0,0,1,1,0,0,0,0.79,1,1
scen_000089,alt_scen_000089_00013,alt_scen_000089_00015,40.0,1,0,0,1,1,0,0,0,0.16,1,1
scen_000089,alt_scen_000089_00013,alt_scen_000089_00016,90.0,1,0,0,0,0,0,0,0,0.57,1,1
scen_000089,alt_scen_000089_00013,alt_scen_000089_00017,100.0,1,0,0,0,0,0,0,0,0.31,1,1
scen_000089,alt_scen_000089_00013,alt_scen_000089_00018,120.0,1,0,0,1,1,0,0,0,0.22,1,1
scen_000089,alt_scen_000089_00013,alt_scen_000089_00019,121.41,1,0,0,1,1,0,0,0,0.73,1,1
scen_000089,alt_scen_000089_00013,alt_scen_000089_00020,140.0,1,0,0,1,1,0,0,0,0.15,1,1
scen_000089,alt_scen_000089_00013,alt_scen_000089_00021,150.0,1,0,0,0,0,0,0,0,0.66,1,1
scen_000089,alt_scen_000089_00013,alt_scen_000089_00022,220.0,1,0,0,0,0,0,0,0,0.77,1,1
scen_000089,alt_scen_000089_00014,alt_scen_000089_00015,30.0,1,0,0,1,1,0,0,0,0.15,1,1
scen_000089,alt_scen_000089_00014,alt_scen_000089_00016,80.0,1,0,0,0,0,0,0,0,0.61,1,1
scen_000089,alt_scen_000089_00014,alt_scen_000089_00017,90.0,1,0,0,0,0,0,0,0,0.55,1,1
scen_000089,alt_scen_000089_00014,alt_scen_000089_00018,110.0,1,0,0,1,1,0,0,0,0.56,1,1
scen_000089,alt_scen_000089_00014,alt_scen_000089_00019,111.41,1,0,0,1,1,0,0,0,0.4,1,1
scen_000089,alt_scen_000089_00014,alt_scen_000089_00020,130.0,1,0,0,1,1,0,0,0,0.35,1,1
scen_000089,alt_scen_000089_00014,alt_scen_000089_00021,140.0,1,0,0,0,0,0,0,0,0.4,1,1
scen_000089,alt_scen_000089_00014,alt_scen_000089_00022,210.0,1,0,0,0,0,0,0,0,0.23,1,1
scen_000089,alt_scen_000089_00014,alt_scen_000089_00023,240.0,1,0,0,0,0,0,0,0,0.75,1,1
scen_000089,alt_scen_000089_00015,alt_scen_000089_00016,50.0,1,0,0,0,0,0,0,0,0.87,1,1
scen_000089,alt_scen_000089_00015,alt_scen_000089_00017,60.0,1,0,0,0,0,0,0,0,0.46,1,1
scen_000089,alt_scen_000089_00015,alt_scen_000089_00018,80.0,1,0,0,1,1,0,0,0,0.59,1,1
scen_000089,alt_scen_000089_00015,alt_scen_000089_00019,81.41,1,0,0,1,1,0,0,0,0.52,1,1
scen_000089,alt_scen_000089_00015,alt_scen_000089_00020,100.0,1,0,0,1,1,0,0,0,0.79,1,1
scen_000089,alt_scen_000089_00015,alt_scen_000089_00021,110.0,1,0,0,0,0,0,0,0,0.15,1,1
scen_000089,alt_scen_000089_00015,alt_scen_000089_00022,180.0,1,0,0,0,0,0,0,0,0.58,1,1
scen_000089,alt_scen_000089_00015,alt_scen_000089_00023,210.0,1,0,0,0,0,0,0,0,0.25,1,1
scen_000089,alt_scen_000089_00015,alt_scen_000089_00024,220.0,1,0,0,0,0,0,0,0,0.61,1,1
scen_000089,alt_scen_000089_00016,alt_scen_000089_00017,10.0,1,0,0,1,1,0,0,0,0.88,1,1
scen_000089,alt_scen_000089_00016,alt_scen_000089_00018,30.0,1,0,0,0,0,0,0,0,0.32,1,1
scen_000089,alt_scen_000089_00016,alt_scen_000089_00019,31.41,1,0,0,0,0,0,0,0,0.59,1,1
scen_000089,alt_scen_000089_00016,alt_scen_000089_00020,50.0,1,0,0,0,0,0,0,0,0.56,1,1
scen_000089,alt_scen_000089_00016,alt_scen_000089_00021,60.0,1,0,0,1,1,0,0,0,0.37,1,1
scen_000089,alt_scen_000089_00016,alt_scen_000089_00022,130.0,1,0,0,1,1,0,0,0,0.71,1,1
scen_000089,alt_scen_000089_00016,alt_scen_000089_00023,160.0,1,0,0,1,1,0,0,0,0.54,1,1
scen_000089,alt_scen_000089_00016,alt_scen_000089_00024,170.0,1,0,0,1,1,0,0,0,0.49,1,1
scen_000089,alt_scen_000089_00016,alt_scen_000089_00025,180.0,1,0,0,1,1,0,0,0,0.16,1,1
scen_000089,alt_scen_000089_00017,alt_scen_000089_00018,20.0,1,0,0,0,0,0,0,0,0.38,1,1
scen_000089,alt_scen_000089_00017,alt_scen_000089_00019,21.41,1,0,0,0,0,0,0,0,0.63,1,1
scen_000089,alt_scen_000089_00017,alt_scen_000089_00020,40.0,1,0,0,0,0,0,0,0,0.81,1,1
scen_000089,alt_scen_000089_00017,alt_scen_000089_00021,50.0,1,0,0,1,1,0,0,0,0.53,1,1
scen_000089,alt_scen_000089_00017,alt_scen_000089_00022,120.0,1,0,0,1,1,0,0,0,0.14,1,1
scen_000089,alt_scen_000089_00017,alt_scen_000089_00023,150.0,1,0,0,1,1,0,0,0,0.69,1,1
scen_000089,alt_scen_000089_00017,alt_scen_000089_00024,160.0,1,0,0,1,1,0,0,0,0.74,1,1
scen_000089,alt_scen_000089_00017,alt_scen_000089_00025,170.0,1,0,0,1,1,0,0,0,0.84,1,1
scen_000089,alt_scen_000089_00017,alt_scen_000089_00026,190.0,1,0,0,1,1,0,0,0,0.5,1,1
scen_000089,alt_scen_000089_00018,alt_scen_000089_00019,1.41,1,0,0,1,1,0,0,0,0.23,1,1
scen_000089,alt_scen_000089_00018,alt_scen_000089_00020,20.0,1,0,0,1,1,0,0,0,0.4,1,1
scen_000089,alt_scen_000089_00018,alt_scen_000089_00021,30.0,1,0,0,0,0,0,0,0,0.73,1,1
scen_000089,alt_scen_000089_00018,alt_scen_000089_00022,100.0,1,0,0,0,0,0,0,0,0.18,1,1
scen_000089,alt_scen_000089_00018,alt_scen_000089_00023,130.0,1,0,0,0,0,0,0,0,0.86,1,1
scen_000089,alt_scen_000089_00018,alt_scen_000089_00024,140.0,1,0,0,0,0,0,0,0,0.17,1,1
scen_000089,alt_scen_000089_00018,alt_scen_000089_00025,150.0,1,0,0,0,0,0,0,0,0.21,1,1
scen_000089,alt_scen_000089_00018,alt_scen_000089_00026,170.0,1,0,0,0,0,0,0,0,0.18,1,1
scen_000089,alt_scen_000089_00018,alt_scen_000089_00027,171.74,1,0,0,0,0,0,0,0,0.21,1,1
scen_000089,alt_scen_000089_00019,alt_scen_000089_00020,18.59,1,0,0,1,1,0,0,0,0.37,1,1
scen_000089,alt_scen_000089_00019,alt_scen_000089_00021,28.59,1,0,0,0,0,0,0,0,0.26,1,1
scen_000089,alt_scen_000089_00019,alt_scen_000089_00022,98.59,1,0,0,0,0,0,0,0,0.38,1,1
scen_000089,alt_scen_000089_00019,alt_scen_000089_00023,128.59,1,0,0,0,0,0,0,0,0.67,1,1
scen_000089,alt_scen_000089_00019,alt_scen_000089_00024,138.59,1,0,0,0,0,0,0,0,0.7,1,1
scen_000089,alt_scen_000089_00019,alt_scen_000089_00025,148.59,1,0,0,0,0,0,0,0,0.61,1,1
scen_000089,alt_scen_000089_00019,alt_scen_000089_00026,168.59,1,0,0,0,0,0,0,0,0.61,1,1
scen_000089,alt_scen_000089_00019,alt_scen_000089_00027,170.33,1,0,0,0,0,0,0,0,0.47,1,1
scen_000089,alt_scen_000089_00019,alt_scen_000089_00029,197.51,1,0,0,1,1,0,0,0,0.67,1,1
scen_000089,alt_scen_000089_00020,alt_scen_000089_00021,10.0,1,0,0,0,0,0,0,0,0.52,1,1
scen_000089,alt_scen_000089_00020,alt_scen_000089_00022,80.0,1,0,0,0,0,0,0,0,0.2,1,1
scen_000089,alt_scen_000089_00020,alt_scen_000089_00023,110.0,1,0,0,0,0,0,0,0,0.28,1,1
scen_000089,alt_scen_000089_00020,alt_scen_000089_00024,120.0,1,0,0,0,0,0,0,0,0.63,1,1
scen_000089,alt_scen_000089_00020,alt_scen_000089_00025,130.0,1,0,0,0,0,0,0,0,0.58,1,1
scen_000089,alt_scen_000089_00020,alt_scen_000089_00026,150.0,1,0,0,0,0,0,0,0,0.88,1,1
scen_000089,alt_scen_000089_00020,alt_scen_000089_00027,151.74,1,0,0,0,0,0,0,0,0.53,1,1
scen_000089,alt_scen_000089_00020,alt_scen_000089_00029,178.92,1,0,0,1,1,0,0,0,0.65,1,1
scen_000089,alt_scen_000089_00020,alt_scen_000089_00028,180.0,1,0,0,1,1,0,0,0,0.89,1,1
scen_000089,alt_scen_000089_00021,alt_scen_000089_00022,70.0,1,0,0,1,1,0,0,0,0.82,1,1
scen_000089,alt_scen_000089_00021,alt_scen_000089_00023,100.0,1,0,0,1,1,0,0,0,0.35,1,1
scen_000089,alt_scen_000089_00021,alt_scen_000089_00024,110.0,1,0,0,1,1,0,0,0,0.8,1,1
scen_000089,alt_scen_000089_00021,alt_scen_000089_00025,120.0,1,0,0,1,1,0,0,0,0.74,1,1
scen_000089,alt_scen_000089_00021,alt_scen_000089_00026,140.0,1,0,0,1,1,0,0,0,0.88,1,1
scen_000089,alt_scen_000089_00021,alt_scen_000089_00027,141.74,1,0,0,1,1,0,0,0,0.69,1,1
scen_000089,alt_scen_000089_00021,alt_scen_000089_00029,168.92,1,0,0,0,0,0,0,0,0.15,1,1
scen_000089,alt_scen_000089_00021,alt_scen_000089_00028,170.0,1,0,0,0,0,0,0,0,0.52,1,1
scen_000089,alt_scen_000089_00021,alt_scen_000089_00030,180.0,1,0,0,0,0,0,0,0,0.43,1,1
scen_000089,alt_scen_000089_00022,alt_scen_000089_00023,30.0,1,0,0,1,1,0,0,0,0.29,1,1
scen_000089,alt_scen_000089_00022,alt_scen_000089_00024,40.0,1,0,0,1,1,0,0,0,0.48,1,1
scen_000089,alt_scen_000089_00022,alt_scen_000089_00025,50.0,1,0,0,1,1,0,0,0,0.89,1,1
scen_000089,alt_scen_000089_00022,alt_scen_000089_00026,70.0,1,0,0,1,1,0,0,0,0.43,1,1
scen_000089,alt_scen_000089_00022,alt_scen_000089_00027,71.74,1,0,0,1,1,0,0,0,0.11,1,1
scen_000089,alt_scen_000089_00022,alt_scen_000089_00029,98.92,1,0,0,0,0,0,0,0,0.43,1,1
scen_000089,alt_scen_000089_00022,alt_scen_000089_00028,100.0,1,0,0,0,0,0,0,0,0.72,1,1
scen_000089,alt_scen_000089_00022,alt_scen_000089_00030,110.0,1,0,0,0,0,0,0,0,0.46,1,1
scen_000089,alt_scen_000089_00022,alt_scen_000089_00031,130.0,1,0,0,1,1,0,0,0,0.37,1,1
scen_000089,alt_scen_000089_00023,alt_scen_000089_00024,10.0,1,0,0,1,1,0,0,0,0.74,1,1
scen_000089,alt_scen_000089_00023,alt_scen_000089_00025,20.0,1,0,0,1,1,0,0,0,0.27,1,1
scen_000089,alt_scen_000089_00023,alt_scen_000089_00026,40.0,1,0,0,1,1,0,0,0,0.64,1,1
scen_000089,alt_scen_000089_00023,alt_scen_000089_00027,41.74,1,0,0,1,1,0,0,0,0.24,1,1
scen_000089,alt_scen_000089_00023,alt_scen_000089_00029,68.92,1,0,0,0,0,0,0,0,0.85,1,1
scen_000089,alt_scen_000089_00023,alt_scen_000089_00028,70.0,1,0,0,0,0,0,0,0,0.42,1,1
scen_000089,alt_scen_000089_00023,alt_scen_000089_00030,80.0,1,0,0,0,0,0,0,0,0.47,1,1
scen_000089,alt_scen_000089_00023,alt_scen_000089_00031,100.0,1,0,0,1,1,0,0,0,0.5,1,1
scen_000089,alt_scen_000089_00023,alt_scen_000089_00032,110.0,1,0,0,0,0,0,0,0,0.55,1,1
scen_000089,alt_scen_000089_00024,alt_scen_000089_00025,10.0,1,0,0,1,1,0,0,0,0.4,1,1
scen_000089,alt_scen_000089_00024,alt_scen_000089_00026,30.0,1,0,0,1,1,0,0,0,0.58,1,1
scen_000089,alt_scen_000089_00024,alt_scen_000089_00027,31.74,1,0,0,1,1,0,0,0,0.28,1,1
scen_000089,alt_scen_000089_00024,alt_scen_000089_00029,58.92,1,0,0,0,0,0,0,0,0.89,1,1
scen_000089,alt_scen_000089_00024,alt_scen_000089_00028,60.0,1,0,0,0,0,0,0,0,0.48,1,1
scen_000089,alt_scen_000089_00024,alt_scen_000089_00030,70.0,1,0,0,0,0,0,0,0,0.36,1,1
scen_000089,alt_scen_000089_00024,alt_scen_000089_00031,90.0,1,0,0,1,1,0,0,0,0.65,1,1
scen_000089,alt_scen_000089_00024,alt_scen_000089_00032,100.0,1,0,0,0,0,0,0,0,0.44,1,1
scen_000089,alt_scen_000089_00024,alt_scen_000089_00033,110.0,1,0,0,1,1,0,0,0,0.56,1,1
scen_000089,alt_scen_000089_00025,alt_scen_000089_00026,20.0,1,0,0,1,1,0,0,0,0.67,1,1
scen_000089,alt_scen_000089_00025,alt_scen_000089_00027,21.74,1,0,0,1,1,0,0,0,0.69,1,1
scen_000089,alt_scen_000089_00025,alt_scen_000089_00029,48.92,1,0,0,0,0,0,0,0,0.61,1,1
scen_000089,alt_scen_000089_00025,alt_scen_000089_00028,50.0,1,0,0,0,0,0,0,0,0.26,1,1
scen_000089,alt_scen_000089_00025,alt_scen_000089_00030,60.0,1,0,0,0,0,0,0,0,0.63,1,1
scen_000089,alt_scen_000089_00025,alt_scen_000089_00031,80.0,1,0,0,1,1,0,0,0,0.4,1,1
scen_000089,alt_scen_000089_00025,alt_scen_000089_00032,90.0,1,0,0,0,0,0,0,0,0.64,1,1
scen_000089,alt_scen_000089_00025,alt_scen_000089_00033,100.0,1,0,0,1,1,0,0,0,0.83,1,1
scen_000089,alt_scen_000089_00025,alt_scen_000089_00034,120.0,1,0,0,1,1,0,0,0,0.66,1,1
scen_000089,alt_scen_000089_00026,alt_scen_000089_00027,1.74,1,0,0,1,1,0,0,0,0.29,1,1
scen_000089,alt_scen_000089_00026,alt_scen_000089_00029,28.92,1,0,0,0,0,0,0,0,0.58,1,1
scen_000089,alt_scen_000089_00026,alt_scen_000089_00028,30.0,1,0,0,0,0,0,0,0,0.24,1,1
scen_000089,alt_scen_000089_00026,alt_scen_000089_00030,40.0,1,0,0,0,0,0,0,0,0.73,1,1
scen_000089,alt_scen_000089_00026,alt_scen_000089_00031,60.0,1,0,0,1,1,0,0,0,0.78,1,1
scen_000089,alt_scen_000089_00026,alt_scen_000089_00032,70.0,1,0,0,0,0,0,0,0,0.89,1,1
scen_000089,alt_scen_000089_00026,alt_scen_000089_00033,80.0,1,0,0,1,1,0,0,0,0.14,1,1
scen_000089,alt_scen_000089_00026,alt_scen_000089_00034,100.0,1,0,0,1,1,0,0,0,0.69,1,1
scen_000089,alt_scen_000089_00026,alt_scen_000089_00075,116.0,0,0,0,0,1,1,1,1,0.76,1,0
scen_000089,alt_scen_000089_00027,alt_scen_000089_00029,27.17,1,0,0,0,0,0,0,0,0.67,1,1
scen_000089,alt_scen_000089_00027,alt_scen_000089_00028,28.26,1,0,0,0,0,0,0,0,0.25,1,1
scen_000089,alt_scen_000089_00027,alt_scen_000089_00030,38.26,1,0,0,0,0,0,0,0,0.13,1,1
scen_000089,alt_scen_000089_00027,alt_scen_000089_00031,58.26,1,0,0,1,1,0,0,0,0.24,1,1
scen_000089,alt_scen_000089_00027,alt_scen_000089_00032,68.26,1,0,0,0,0,0,0,0,0.64,1,1
scen_000089,alt_scen_000089_00027,alt_scen_000089_00033,78.26,1,0,0,1,1,0,0,0,0.22,1,1
scen_000089,alt_scen_000089_00027,alt_scen_000089_00034,98.26,1,0,0,1,1,0,0,0,0.11,1,1
scen_000089,alt_scen_000089_00027,alt_scen_000089_00075,114.26,0,0,0,0,1,1,1,1,0.21,1,0
scen_000089,alt_scen_000089_00027,alt_scen_000089_00035,128.26,1,0,0,1,1,0,0,0,0.81,1,1
scen_000089,alt_scen_000089_00029,alt_scen_000089_00028,1.08,1,0,0,1,1,0,0,0,0.85,1,1
scen_000089,alt_scen_000089_00029,alt_scen_000089_00030,11.08,1,0,0,1,1,0,0,0,0.45,1,1
scen_000089,alt_scen_000089_00029,alt_scen_000089_00031,31.08,1,0,0,0,0,0,0,0,0.85,1,1
scen_000089,alt_scen_000089_00029,alt_scen_000089_00032,41.08,1,0,0,1,1,0,0,0,0.9,1,1
scen_000089,alt_scen_000089_00029,alt_scen_000089_00033,51.08,1,0,0,0,0,0,0,0,0.74,1,1
scen_000089,alt_scen_000089_00029,alt_scen_000089_00034,71.08,1,0,0,0,0,0,0,0,0.47,1,1
scen_000089,alt_scen_000089_00029,alt_scen_000089_00075,87.08,0,0,0,0,0,1,1,1,0.78,1,0
scen_000089,alt_scen_000089_00029,alt_scen_000089_00035,101.08,1,0,0,0,0,0,0,0,0.17,1,1
scen_000089,alt_scen_000089_00029,alt_scen_000089_00036,111.08,1,0,0,1,1,0,0,0,0.46,1,1
scen_000089,alt_scen_000089_00028,alt_scen_000089_00030,10.0,1,0,0,1,1,0,0,0,0.82,1,1
scen_000089,alt_scen_000089_00028,alt_scen_000089_00031,30.0,1,0,0,0,0,0,0,0,0.7,1,1
scen_000089,alt_scen_000089_00028,alt_scen_000089_00032,40.0,1,0,0,1,1,0,0,0,0.21,1,1
scen_000089,alt_scen_000089_00028,alt_scen_000089_00033,50.0,1,0,0,0,0,0,0,0,0.88,1,1
scen_000089,alt_scen_000089_00028,alt_scen_000089_00034,70.0,1,0,0,0,0,0,0,0,0.26,1,1
scen_000089,alt_scen_000089_00028,alt_scen_000089_00075,86.0,0,0,0,0,0,1,1,1,0.86,1,0
scen_000089,alt_scen_000089_00028,alt_scen_000089_00035,100.0,1,0,0,0,0,0,0,0,0.87,1,1
scen_000089,alt_scen_000089_00028,alt_scen_000089_00036,110.0,1,0,0,1,1,0,0,0,0.24,1,1
scen_000089,alt_scen_000089_00028,alt_scen_000089_00037,130.0,1,0,0,1,1,0,0,0,0.75,1,1
scen_000089,alt_scen_000089_00030,alt_scen_000089_00031,20.0,1,0,0,0,0,0,0,0,0.57,1,1
scen_000089,alt_scen_000089_00030,alt_scen_000089_00032,30.0,1,0,0,1,1,0,0,0,0.52,1,1
scen_000089,alt_scen_000089_00030,alt_scen_000089_00033,40.0,1,0,0,0,0,0,0,0,0.44,1,1
scen_000089,alt_scen_000089_00030,alt_scen_000089_00034,60.0,1,0,0,0,0,0,0,0,0.27,1,1
scen_000089,alt_scen_000089_00030,alt_scen_000089_00075,76.0,0,0,0,0,0,1,1,1,0.7,1,0
scen_000089,alt_scen_000089_00030,alt_scen_000089_00035,90.0,1,0,0,0,0,0,0,0,0.42,1,1
scen_000089,alt_scen_000089_00030,alt_scen_000089_00036,100.0,1,0,0,1,1,0,0,0,0.79,1,1
scen_000089,alt_scen_000089_00030,alt_scen_000089_00037,120.0,1,0,0,1,1,0,0,0,0.38,1,1
scen_000089,alt_scen_000089_00030,alt_scen_000089_00038,120.0,1,0,0,0,0,0,0,0,0.68,1,1
scen_000089,alt_scen_000089_00031,alt_scen_000089_00032,10.0,1,0,0,0,0,0,0,0,0.47,1,1
scen_000089,alt_scen_000089_00031,alt_scen_000089_00033,20.0,1,0,0,1,1,0,0,0,0.6,1,1
scen_000089,alt_scen_000089_00031,alt_scen_000089_00034,40.0,1,0,0,1,1,0,0,0,0.71,1,1
scen_000089,alt_scen_000089_00031,alt_scen_000089_00075,56.0,0,0,0,0,1,1,1,1,0.89,1,0
scen_000089,alt_scen_000089_00031,alt_scen_000089_00035,70.0,1,0,0,1,1,0,0,0,0.36,1,1
scen_000089,alt_scen_000089_00031,alt_scen_000089_00036,80.0,1,0,0,0,0,0,0,0,0.38,1,1
scen_000089,alt_scen_000089_00031,alt_scen_000089_00037,100.0,1,0,0,0,0,0,0,0,0.76,1,1
scen_000089,alt_scen_000089_00031,alt_scen_000089_00038,100.0,1,0,0,1,1,0,0,0,0.76,1,1
scen_000089,alt_scen_000089_00031,alt_scen_000089_00039,130.0,1,0,0,1,1,0,0,0,0.75,1,1
scen_000089,alt_scen_000089_00032,alt_scen_000089_00033,10.0,1,0,0,0,0,0,0,0,0.29,1,1
scen_000089,alt_scen_000089_00032,alt_scen_000089_00034,30.0,1,0,0,0,0,0,0,0,0.72,1,1
scen_000089,alt_scen_000089_00032,alt_scen_000089_00075,46.0,0,0,0,0,0,1,1,1,0.36,1,0
scen_000089,alt_scen_000089_00032,alt_scen_000089_00035,60.0,1,0,0,0,0,0,0,0,0.67,1,1
scen_000089,alt_scen_000089_00032,alt_scen_000089_00036,70.0,1,0,0,1,1,0,0,0,0.16,1,1
scen_000089,alt_scen_000089_00032,alt_scen_000089_00037,90.0,1,0,0,1,1,0,0,0,0.15,1,1
scen_000089,alt_scen_000089_00032,alt_scen_000089_00038,90.0,1,0,0,0,0,0,0,0,0.26,1,1
scen_000089,alt_scen_000089_00032,alt_scen_000089_00039,120.0,1,0,0,0,0,0,0,0,0.75,1,1
scen_000089,alt_scen_000089_00032,alt_scen_000089_00040,160.0,1,0,0,1,1,0,0,0,0.25,1,1
scen_000089,alt_scen_000089_00033,alt_scen_000089_00034,20.0,1,0,0,1,1,0,0,0,0.86,1,1
scen_000089,alt_scen_000089_00033,alt_scen_000089_00075,36.0,0,0,0,0,1,1,1,1,0.12,1,0
scen_000089,alt_scen_000089_00033,alt_scen_000089_00035,50.0,1,0,0,1,1,0,0,0,0.38,1,1
scen_000089,alt_scen_000089_00033,alt_scen_000089_00036,60.0,1,0,0,0,0,0,0,0,0.52,1,1
scen_000089,alt_scen_000089_00033,alt_scen_000089_00037,80.0,1,0,0,0,0,0,0,0,0.13,1,1
scen_000089,alt_scen_000089_00033,alt_scen_000089_00038,80.0,1,0,0,1,1,0,0,0,0.42,1,1
scen_000089,alt_scen_000089_00033,alt_scen_000089_00039,110.0,1,0,0,1,1,0,0,0,0.55,1,1
scen_000089,alt_scen_000089_00033,alt_scen_000089_00040,150.0,1,0,0,0,0,0,0,0,0.11,1,1
scen_000089,alt_scen_000089_00033,alt_scen_000089_00041,180.0,1,0,0,0,0,0,0,0,0.45,1,1
scen_000089,alt_scen_000089_00034,alt_scen_000089_00075,16.0,0,0,0,0,1,1,1,1,0.5,1,0
scen_000089,alt_scen_000089_00034,alt_scen_000089_00035,30.0,1,0,0,1,1,0,0,0,0.23,1,1
scen_000089,alt_scen_000089_00034,alt_scen_000089_00036,40.0,1,0,0,0,0,0,0,0,0.79,1,1
scen_000089,alt_scen_000089_00034,alt_scen_000089_00037,60.0,1,0,0,0,0,0,0,0,0.78,1,1
scen_000089,alt_scen_000089_00034,alt_scen_000089_00038,60.0,1,0,0,1,1,0,0,0,0.54,1,1
scen_000089,alt_scen_000089_00034,alt_scen_000089_00039,90.0,1,0,0,1,1,0,0,0,0.49,1,1
scen_000089,alt_scen_000089_00034,alt_scen_000089_00040,130.0,1,0,0,0,0,0,0,0,0.65,1,1
scen_000089,alt_scen_000089_00034,alt_scen_000089_00041,160.0,1,0,0,0,0,0,0,0,0.71,1,1
scen_000089,alt_scen_000089_00034,alt_scen_000089_00042,190.0,1,0,0,0,0,0,0,0,0.17,1,1
scen_000089,alt_scen_000089_00075,alt_scen_000089_00035,14.0,0,0,0,0,1,1,1,-1,0.86,1,0
scen_000089,alt_scen_000089_00075,alt_scen_000089_00036,24.0,0,0,0,0,0,1,1,-1,0.7,1,0
scen_000089,alt_scen_000089_00075,alt_scen_000089_00037,44.0,0,0,0,0,0,1,1,-1,0.28,1,0
scen_000089,alt_scen_000089_00075,alt_scen_000089_00038,44.0,0,0,0,0,1,1,1,-1,0.78,1,0
scen_000089,alt_scen_000089_00075,alt_scen_000089_00039,74.0,0,0,0,0,1,1,1,-1,0.61,1,0
scen_000089,alt_scen_000089_00075,alt_scen_000089_00040,114.0,0,0,0,0,0,1,1,-1,0.86,1,0
scen_000089,alt_scen_000089_00075,alt_scen_000089_00041,144.0,0,0,0,0,0,1,1,-1,0.21,1,0
scen_000089,alt_scen_000089_00075,alt_scen_000089_00042,174.0,0,0,0,0,0,1,1,-1,0.8,1,0
scen_000089,alt_scen_000089_00075,alt_scen_000089_00043,184.0,0,0,0,0,1,1,1,-1,0.52,1,0
scen_000089,alt_scen_000089_00035,alt_scen_000089_00036,10.0,1,0,0,0,0,0,0,0,0.49,1,1
scen_000089,alt_scen_000089_00035,alt_scen_000089_00037,30.0,1,0,0,0,0,0,0,0,0.4,1,1
scen_000089,alt_scen_000089_00035,alt_scen_000089_00038,30.0,1,0,0,1,1,0,0,0,0.48,1,1
scen_000089,alt_scen_000089_00035,alt_scen_000089_00039,60.0,1,0,0,1,1,0,0,0,0.58,1,1
scen_000089,alt_scen_000089_00035,alt_scen_000089_00040,100.0,1,0,0,0,0,0,0,0,0.4,1,1
scen_000089,alt_scen_000089_00035,alt_scen_000089_00041,130.0,1,0,0,0,0,0,0,0,0.72,1,1
scen_000089,alt_scen_000089_00035,alt_scen_000089_00042,160.0,1,0,0,0,0,0,0,0,0.54,1,1
scen_000089,alt_scen_000089_00035,alt_scen_000089_00043,170.0,1,0,0,1,1,0,0,0,0.22,1,1
scen_000089,alt_scen_000089_00035,alt_scen_000089_00045,199.3,1,0,0,1,1,0,0,0,0.83,1,1
scen_000089,alt_scen_000089_00036,alt_scen_000089_00037,20.0,1,0,0,1,1,0,0,0,0.83,1,1
scen_000089,alt_scen_000089_00036,alt_scen_000089_00038,20.0,1,0,0,0,0,0,0,0,0.21,1,1
scen_000089,alt_scen_000089_00036,alt_scen_000089_00039,50.0,1,0,0,0,0,0,0,0,0.28,1,1
scen_000089,alt_scen_000089_00036,alt_scen_000089_00040,90.0,1,0,0,1,1,0,0,0,0.6,1,1
scen_000089,alt_scen_000089_00036,alt_scen_000089_00041,120.0,1,0,0,1,1,0,0,0,0.67,1,1
scen_000089,alt_scen_000089_00036,alt_scen_000089_00042,150.0,1,0,0,1,1,0,0,0,0.71,1,1
scen_000089,alt_scen_000089_00036,alt_scen_000089_00043,160.0,1,0,0,0,0,0,0,0,0.72,1,1
scen_000089,alt_scen_000089_00036,alt_scen_000089_00045,189.3,1,0,0,0,0,0,0,0,0.79,1,1
scen_000089,alt_scen_000089_00036,alt_scen_000089_00044,190.0,1,0,0,0,0,0,0,0,0.81,1,1
scen_000089,alt_scen_000089_00037,alt_scen_000089_00038,0.0,1,0,0,0,0,0,0,0,0.73,1,1
scen_000089,alt_scen_000089_00037,alt_scen_000089_00039,30.0,1,0,0,0,0,0,0,0,0.56,1,1
scen_000089,alt_scen_000089_00037,alt_scen_000089_00040,70.0,1,0,0,1,1,0,0,0,0.81,1,1
scen_000089,alt_scen_000089_00037,alt_scen_000089_00041,100.0,1,0,0,1,1,0,0,0,0.81,1,1
scen_000089,alt_scen_000089_00037,alt_scen_000089_00042,130.0,1,0,0,1,1,0,0,0,0.7,1,1
scen_000089,alt_scen_000089_00037,alt_scen_000089_00043,140.0,1,0,0,0,0,0,0,0,0.32,1,1
scen_000089,alt_scen_000089_00037,alt_scen_000089_00045,169.3,1,0,0,0,0,0,0,0,0.81,1,1
scen_000089,alt_scen_000089_00037,alt_scen_000089_00044,170.0,1,0,0,0,0,0,0,0,0.4,1,1
scen_000089,alt_scen_000089_00037,alt_scen_000089_00046,180.0,1,0,0,0,0,0,0,0,0.41,1,1
scen_000089,alt_scen_000089_00038,alt_scen_000089_00039,30.0,1,0,0,1,1,0,0,0,0.4,1,1
scen_000089,alt_scen_000089_00038,alt_scen_000089_00040,70.0,1,0,0,0,0,0,0,0,0.86,1,1
scen_000089,alt_scen_000089_00038,alt_scen_000089_00041,100.0,1,0,0,0,0,0,0,0,0.3,1,1
scen_000089,alt_scen_000089_00038,alt_scen_000089_00042,130.0,1,0,0,0,0,0,0,0,0.87,1,1
scen_000089,alt_scen_000089_00038,alt_scen_000089_00043,140.0,1,0,0,1,1,0,0,0,0.56,1,1
scen_000089,alt_scen_000089_00038,alt_scen_000089_00045,169.3,1,0,0,1,1,0,0,0,0.76,1,1
scen_000089,alt_scen_000089_00038,alt_scen_000089_00044,170.0,1,0,0,1,1,0,0,0,0.19,1,1
scen_000089,alt_scen_000089_00038,alt_scen_000089_00046,180.0,1,0,0,1,1,0,0,0,0.76,1,1
scen_000089,alt_scen_000089_00038,alt_scen_000089_00047,210.0,1,0,0,0,0,0,0,0,0.16,1,1
scen_000089,alt_scen_000089_00039,alt_scen_000089_00040,40.0,1,0,0,0,0,0,0,0,0.85,1,1
scen_000089,alt_scen_000089_00039,alt_scen_000089_00041,70.0,1,0,0,0,0,0,0,0,0.75,1,1
scen_000089,alt_scen_000089_00039,alt_scen_000089_00042,100.0,1,0,0,0,0,0,0,0,0.57,1,1
scen_000089,alt_scen_000089_00039,alt_scen_000089_00043,110.0,1,0,0,1,1,0,0,0,0.54,1,1
scen_000089,alt_scen_000089_00039,alt_scen_000089_00045,139.3,1,0,0,1,1,0,0,0,0.79,1,1
scen_000089,alt_scen_000089_00039,alt_scen_000089_00044,140.0,1,0,0,1,1,0,0,0,0.14,1,1
scen_000089,alt_scen_000089_00039,alt_scen_000089_00046,150.0,1,0,0,1,1,0,0,0,0.62,1,1
scen_000089,alt_scen_000089_00039,alt_scen_000089_00047,180.0,1,0,0,0,0,0,0,0,0.11,1,1
scen_000089,alt_scen_000089_00039,alt_scen_000089_00048,180.0,1,0,0,1,1,0,0,0,0.27,1,1
scen_000089,alt_scen_000089_00040,alt_scen_000089_00041,30.0,1,0,0,1,1,0,0,0,0.77,1,1
scen_000089,alt_scen_000089_00040,alt_scen_000089_00042,60.0,1,0,0,1,1,0,0,0,0.7,1,1
scen_000089,alt_scen_000089_00040,alt_scen_000089_00043,70.0,1,0,0,0,0,0,0,0,0.82,1,1
scen_000089,alt_scen_000089_00040,alt_scen_000089_00045,99.3,1,0,0,0,0,0,0,0,0.28,1,1
scen_000089,alt_scen_000089_00040,alt_scen_000089_00044,100.0,1,0,0,0,0,0,0,0,0.29,1,1
scen_000089,alt_scen_000089_00040,alt_scen_000089_00046,110.0,1,0,0,0,0,0,0,0,0.32,1,1
scen_000089,alt_scen_000089_00040,alt_scen_000089_00047,140.0,1,0,0,1,1,0,0,0,0.45,1,1
scen_000089,alt_scen_000089_00040,alt_scen_000089_00048,140.0,1,0,0,0,0,0,0,0,0.34,1,1
scen_000089,alt_scen_000089_00040,alt_scen_000089_00049,170.0,1,0,0,0,0,0,0,0,0.28,1,1
scen_000089,alt_scen_000089_00041,alt_scen_000089_00042,30.0,1,0,0,1,1,0,0,0,0.65,1,1
scen_000089,alt_scen_000089_00041,alt_scen_000089_00043,40.0,1,0,0,0,0,0,0,0,0.61,1,1
scen_000089,alt_scen_000089_00041,alt_scen_000089_00045,69.3,1,0,0,0,0,0,0,0,0.12,1,1
scen_000089,alt_scen_000089_00041,alt_scen_000089_00044,70.0,1,0,0,0,0,0,0,0,0.65,1,1
scen_000089,alt_scen_000089_00041,alt_scen_000089_00046,80.0,1,0,0,0,0,0,0,0,0.86,1,1
scen_000089,alt_scen_000089_00041,alt_scen_000089_00047,110.0,1,0,0,1,1,0,0,0,0.44,1,1
scen_000089,alt_scen_000089_00041,alt_scen_000089_00048,110.0,1,0,0,0,0,0,0,0,0.61,1,1
scen_000089,alt_scen_000089_00041,alt_scen_000089_00049,140.0,1,0,0,0,0,0,0,0,0.53,1,1
scen_000089,alt_scen_000089_00041,alt_scen_000089_00050,150.0,1,0,0,1,1,0,0,0,0.83,1,1
scen_000089,alt_scen_000089_00042,alt_scen_000089_00043,10.0,1,0,0,0,0,0,0,0,0.28,1,1
scen_000089,alt_scen_000089_00042,alt_scen_000089_00045,39.3,1,0,0,0,0,0,0,0,0.72,1,1
scen_000089,alt_scen_000089_00042,alt_scen_000089_00044,40.0,1,0,0,0,0,0,0,0,0.49,1,1
scen_000089,alt_scen_000089_00042,alt_scen_000089_00046,50.0,1,0,0,0,0,0,0,0,0.48,1,1
scen_000089,alt_scen_000089_00042,alt_scen_000089_00047,80.0,1,0,0,1,1,0,0,0,0.76,1,1
scen_000089,alt_scen_000089_00042,alt_scen_000089_00048,80.0,1,0,0,0,0,0,0,0,0.43,1,1
scen_000089,alt_scen_000089_00042,alt_scen_000089_00049,110.0,1,0,0,0,0,0,0,0,0.19,1,1
scen_000089,alt_scen_000089_00042,alt_scen_000089_00050,120.0,1,0,0,1,1,0,0,0,0.54,1,1
scen_000089,alt_scen_000089_00042,alt_scen_000089_00051,130.0,1,0,0,0,0,0,0,0,0.6,1,1
scen_000089,alt_scen_000089_00043,alt_scen_000089_00045,29.3,1,0,0,1,1,0,0,0,0.54,1,1
scen_000089,alt_scen_000089_00043,alt_scen_000089_00044,30.0,1,0,0,1,1,0,0,0,0.1,1,1
scen_000089,alt_scen_000089_00043,alt_scen_000089_00046,40.0,1,0,0,1,1,0,0,0,0.28,1,1
scen_000089,alt_scen_000089_00043,alt_scen_000089_00047,70.0,1,0,0,0,0,0,0,0,0.32,1,1
scen_000089,alt_scen_000089_00043,alt_scen_000089_00048,70.0,1,0,0,1,1,0,0,0,0.58,1,1
scen_000089,alt_scen_000089_00043,alt_scen_000089_00049,100.0,1,0,0,1,1,0,0,0,0.21,1,1
scen_000089,alt_scen_000089_00043,alt_scen_000089_00050,110.0,1,0,0,0,0,0,0,0,0.54,1,1
scen_000089,alt_scen_000089_00043,alt_scen_000089_00051,120.0,1,0,0,1,1,0,0,0,0.55,1,1
scen_000089,alt_scen_000089_00043,alt_scen_000089_00052,160.0,1,0,0,0,0,0,0,0,0.78,1,1
scen_000089,alt_scen_000089_00045,alt_scen_000089_00044,0.7,1,0,0,1,1,0,0,0,0.26,1,1
scen_000089,alt_scen_000089_00045,alt_scen_000089_00046,10.7,1,0,0,1,1,0,0,0,0.12,1,1
scen_000089,alt_scen_000089_00045,alt_scen_000089_00047,40.7,1,0,0,0,0,0,0,0,0.67,1,1
scen_000089,alt_scen_000089_00045,alt_scen_000089_00048,40.7,1,0,0,1,1,0,0,0,0.26,1,1
scen_000089,alt_scen_000089_00045,alt_scen_000089_00049,70.7,1,0,0,1,1,0,0,0,0.17,1,1
scen_000089,alt_scen_000089_00045,alt_scen_000089_00050,80.7,1,0,0,0,0,0,0,0,0.88,1,1
scen_000089,alt_scen_000089_00045,alt_scen_000089_00051,90.7,1,0,0,1,1,0,0,0,0.16,1,1
scen_000089,alt_scen_000089_00045,alt_scen_000089_00052,130.7,1,0,0,0,0,0,0,0,0.37,1,1
scen_000089,alt_scen_000089_00045,alt_scen_000089_00053,150.7,1,0,0,1,1,0,0,0,0.48,1,1
scen_000089,alt_scen_000089_00044,alt_scen_000089_00046,10.0,1,0,0,1,1,0,0,0,0.52,1,1
scen_000089,alt_scen_000089_00044,alt_scen_000089_00047,40.0,1,0,0,0,0,0,0,0,0.89,1,1
scen_000089,alt_scen_000089_00044,alt_scen_000089_00048,40.0,1,0,0,1,1,0,0,0,0.34,1,1
scen_000089,alt_scen_000089_00044,alt_scen_000089_00049,70.0,1,0,0,1,1,0,0,0,0.44,1,1
scen_000089,alt_scen_000089_00044,alt_scen_000089_00050,80.0,1,0,0,0,0,0,0,0,0.6,1,1
scen_000089,alt_scen_000089_00044,alt_scen_000089_00051,90.0,1,0,0,1,1,0,0,0,0.52,1,1
scen_000089,alt_scen_000089_00044,alt_scen_000089_00052,130.0,1,0,0,0,0,0,0,0,0.3,1,1
scen_000089,alt_scen_000089_00044,alt_scen_000089_00053,150.0,1,0,0,1,1,0,0,0,0.71,1,1
scen_000089,alt_scen_000089_00044,alt_scen_000089_00054,153.08,1,0,0,1,1,0,0,0,0.31,1,1
scen_000089,alt_scen_000089_00046,alt_scen_000089_00047,30.0,1,0,0,0,0,0,0,0,0.47,1,1
scen_000089,alt_scen_000089_00046,alt_scen_000089_00048,30.0,1,0,0,1,1,0,0,0,0.38,1,1
scen_000089,alt_scen_000089_00046,alt_scen_000089_00049,60.0,1,0,0,1,1,0,0,0,0.14,1,1
scen_000089,alt_scen_000089_00046,alt_scen_000089_00050,70.0,1,0,0,0,0,0,0,0,0.22,1,1
scen_000089,alt_scen_000089_00046,alt_scen_000089_00051,80.0,1,0,0,1,1,0,0,0,0.39,1,1
scen_000089,alt_scen_000089_00046,alt_scen_000089_00052,120.0,1,0,0,0,0,0,0,0,0.78,1,1
scen_000089,alt_scen_000089_00046,alt_scen_000089_00053,140.0,1,0,0,1,1,0,0,0,0.7,1,1
scen_000089,alt_scen_000089_00046,alt_scen_000089_00054,143.08,1,0,0,1,1,0,0,0,0.82,1,1
scen_000089,alt_scen_000089_00046,alt_scen_000089_00055,150.0,1,0,0,1,1,0,0,0,0.47,1,1
scen_000089,alt_scen_000089_00047,alt_scen_000089_00048,0.0,1,0,0,0,0,0,0,0,0.21,1,1
scen_000089,alt_scen_000089_00047,alt_scen_000089_00049,30.0,1,0,0,0,0,0,0,0,0.83,1,1
scen_000089,alt_scen_000089_00047,alt_scen_000089_00050,40.0,1,0,0,1,1,0,0,0,0.59,1,1
scen_000089,alt_scen_000089_00047,alt_scen_000089_00051,50.0,1,0,0,0,0,0,0,0,0.11,1,1
scen_000089,alt_scen_000089_00047,alt_scen_000089_00052,90.0,1,0,0,1,1,0,0,0,0.2,1,1
scen_000089,alt_scen_000089_00047,alt_scen_000089_00053,110.0,1,0,0,0,0,0,0,0,0.22,1,1
scen_000089,alt_scen_000089_00047,alt_scen_000089_00054,113.08,1,0,0,0,0,0,0,0,0.6,1,1
scen_000089,alt_scen_000089_00047,alt_scen_000089_00055,120.0,1,0,0,0,0,0,0,0,0.6,1,1
scen_000089,alt_scen_000089_00047,alt_scen_000089_00056,130.0,1,0,0,0,0,0,0,0,0.31,1,1
scen_000089,alt_scen_000089_00048,alt_scen_000089_00049,30.0,1,0,0,1,1,0,0,0,0.85,1,1
scen_000089,alt_scen_000089_00048,alt_scen_000089_00050,40.0,1,0,0,0,0,0,0,0,0.12,1,1
scen_000089,alt_scen_000089_00048,alt_scen_000089_00051,50.0,1,0,0,1,1,0,0,0,0.28,1,1
scen_000089,alt_scen_000089_00048,alt_scen_000089_00052,90.0,1,0,0,0,0,0,0,0,0.6,1,1
scen_000089,alt_scen_000089_00048,alt_scen_000089_00053,110.0,1,0,0,1,1,0,0,0,0.5,1,1
scen_000089,alt_scen_000089_00048,alt_scen_000089_00054,113.08,1,0,0,1,1,0,0,0,0.47,1,1
scen_000089,alt_scen_000089_00048,alt_scen_000089_00055,120.0,1,0,0,1,1,0,0,0,0.32,1,1
scen_000089,alt_scen_000089_00048,alt_scen_000089_00056,130.0,1,0,0,1,1,0,0,0,0.43,1,1
scen_000089,alt_scen_000089_00048,alt_scen_000089_00057,131.99,1,0,0,1,1,0,0,0,0.15,1,1
scen_000089,alt_scen_000089_00049,alt_scen_000089_00050,10.0,1,0,0,0,0,0,0,0,0.43,1,1
scen_000089,alt_scen_000089_00049,alt_scen_000089_00051,20.0,1,0,0,1,1,0,0,0,0.18,1,1
scen_000089,alt_scen_000089_00049,alt_scen_000089_00052,60.0,1,0,0,0,0,0,0,0,0.62,1,1
scen_000089,alt_scen_000089_00049,alt_scen_000089_00053,80.0,1,0,0,1,1,0,0,0,0.35,1,1
scen_000089,alt_scen_000089_00049,alt_scen_000089_00054,83.08,1,0,0,1,1,0,0,0,0.85,1,1
scen_000089,alt_scen_000089_00049,alt_scen_000089_00055,90.0,1,0,0,1,1,0,0,0,0.4,1,1
scen_000089,alt_scen_000089_00049,alt_scen_000089_00056,100.0,1,0,0,1,1,0,0,0,0.54,1,1
scen_000089,alt_scen_000089_00049,alt_scen_000089_00057,101.99,1,0,0,1,1,0,0,0,0.7,1,1
scen_000089,alt_scen_000089_00049,alt_scen_000089_00058,110.0,1,0,0,0,0,0,0,0,0.33,1,1
scen_000089,alt_scen_000089_00050,alt_scen_000089_00051,10.0,1,0,0,0,0,0,0,0,0.17,1,1
scen_000089,alt_scen_000089_00050,alt_scen_000089_00052,50.0,1,0,0,1,1,0,0,0,0.49,1,1
scen_000089,alt_scen_000089_00050,alt_scen_000089_00053,70.0,1,0,0,0,0,0,0,0,0.51,1,1
scen_000089,alt_scen_000089_00050,alt_scen_000089_00054,73.08,1,0,0,0,0,0,0,0,0.51,1,1
scen_000089,alt_scen_000089_00050,alt_scen_000089_00055,80.0,1,0,0,0,0,0,0,0,0.3,1,1
scen_000089,alt_scen_000089_00050,alt_scen_000089_00056,90.0,1,0,0,0,0,0,0,0,0.23,1,1
scen_000089,alt_scen_000089_00050,alt_scen_000089_00057,91.99,1,0,0,0,0,0,0,0,0.7,1,1
scen_000089,alt_scen_000089_00050,alt_scen_000089_00058,100.0,1,0,0,1,1,0,0,0,0.87,1,1
scen_000089,alt_scen_000089_00050,alt_scen_000089_00059,140.0,1,0,0,0,0,0,0,0,0.43,1,1
scen_000089,alt_scen_000089_00051,alt_scen_000089_00052,40.0,1,0,0,0,0,0,0,0,0.22,1,1
scen_000089,alt_scen_000089_00051,alt_scen_000089_00053,60.0,1,0,0,1,1,0,0,0,0.8,1,1
scen_000089,alt_scen_000089_00051,alt_scen_000089_00054,63.08,1,0,0,1,1,0,0,0,0.63,1,1
scen_000089,alt_scen_000089_00051,alt_scen_000089_00055,70.0,1,0,0,1,1,0,0,0,0.16,1,1
scen_000089,alt_scen_000089_00051,alt_scen_000089_00056,80.0,1,0,0,1,1,0,0,0,0.4,1,1
scen_000089,alt_scen_000089_00051,alt_scen_000089_00057,81.99,1,0,0,1,1,0,0,0,0.1,1,1
scen_000089,alt_scen_000089_00051,alt_scen_000089_00058,90.0,1,0,0,0,0,0,0,0,0.9,1,1
scen_000089,alt_scen_000089_00051,alt_scen_000089_00059,130.0,1,0,0,1,1,0,0,0,0.19,1,1
scen_000089,alt_scen_000089_00051,alt_scen_000089_00060,170.0,1,0,0,1,1,0,0,0,0.87,1,1
scen_000089,alt_scen_000089_00052,alt_scen_000089_00053,20.0,1,0,0,0,0,0,0,0,0.83,1,1
scen_000089,alt_scen_000089_00052,alt_scen_000089_00054,23.08,1,0,0,0,0,0,0,0,0.7,1,1
scen_000089,alt_scen_000089_00052,alt_scen_000089_00055,30.0,1,0,0,0,0,0,0,0,0.27,1,1
scen_000089,alt_scen_000089_00052,alt_scen_000089_00056,40.0,1,0,0,0,0,0,0,0,0.69,1,1
scen_000089,alt_scen_000089_00052,alt_scen_000089_00057,41.99,1,0,0,0,0,0,0,0,0.75,1,1
scen_000089,alt_scen_000089_00052,alt_scen_000089_00058,50.0,1,0,0,1,1,0,0,0,0.4,1,1
scen_000089,alt_scen_000089_00052,alt_scen_000089_00059,90.0,1,0,0,0,0,0,0,0,0.37,1,1
scen_000089,alt_scen_000089_00052,alt_scen_000089_00060,130.0,1,0,0,0,0,0,0,0,0.25,1,1
scen_000089,alt_scen_000089_00052,alt_scen_000089_00061,160.0,1,0,0,1,1,0,0,0,0.46,1,1
scen_000089,alt_scen_000089_00053,alt_scen_000089_00054,3.08,1,0,0,1,1,0,0,0,0.43,1,1
scen_000089,alt_scen_000089_00053,alt_scen_000089_00055,10.0,1,0,0,1,1,0,0,0,0.48,1,1
scen_000089,alt_scen_000089_00053,alt_scen_000089_00056,20.0,1,0,0,1,1,0,0,0,0.85,1,1
scen_000089,alt_scen_000089_00053,alt_scen_000089_00057,21.99,1,0,0,1,1,0,0,0,0.34,1,1
scen_000089,alt_scen_000089_00053,alt_scen_000089_00058,30.0,1,0,0,0,0,0,0,0,0.39,1,1
scen_000089,alt_scen_000089_00053,alt_scen_000089_00059,70.0,1,0,0,1,1,0,0,0,0.8,1,1
scen_000089,alt_scen_000089_00053,alt_scen_000089_00060,110.0,1,0,0,1,1,0,0,0,0.68,1,1
scen_000089,alt_scen_000089_00053,alt_scen_000089_00061,140.0,1,0,0,0,0,0,0,0,0.28,1,1
scen_000089,alt_scen_000089_00053,alt_scen_000089_00062,170.0,1,0,0,1,1,0,0,0,0.75,1,1
scen_000089,alt_scen_000089_00054,alt_scen_000089_00055,6.92,1,0,0,1,1,0,0,0,0.76,1,1
scen_000089,alt_scen_000089_00054,alt_scen_000089_00056,16.92,1,0,0,1,1,0,0,0,0.35,1,1
scen_000089,alt_scen_000089_00054,alt_scen_000089_00057,18.91,1,0,0,1,1,0,0,0,0.87,1,1
scen_000089,alt_scen_000089_00054,alt_scen_000089_00058,26.92,1,0,0,0,0,0,0,0,0.3,1,1
scen_000089,alt_scen_000089_00054,alt_scen_000089_00059,66.92,1,0,0,1,1,0,0,0,0.54,1,1
scen_000089,alt_scen_000089_00054,alt_scen_000089_00060,106.92,1,0,0,1,1,0,0,0,0.2,1,1
scen_000089,alt_scen_000089_00054,alt_scen_000089_00061,136.92,1,0,0,0,0,0,0,0,0.24,1,1
scen_000089,alt_scen_000089_00054,alt_scen_000089_00062,166.92,1,0,0,1,1,0,0,0,0.43,1,1
scen_000089,alt_scen_000089_00054,alt_scen_000089_00063,176.92,1,0,0,1,1,0,0,0,0.42,1,1
scen_000089,alt_scen_000089_00055,alt_scen_000089_00056,10.0,1,0,0,1,1,0,0,0,0.46,1,1
scen_000089,alt_scen_000089_00055,alt_scen_000089_00057,11.99,1,0,0,1,1,0,0,0,0.47,1,1
scen_000089,alt_scen_000089_00055,alt_scen_000089_00058,20.0,1,0,0,0,0,0,0,0,0.24,1,1
scen_000089,alt_scen_000089_00055,alt_scen_000089_00059,60.0,1,0,0,1,1,0,0,0,0.82,1,1
scen_000089,alt_scen_000089_00055,alt_scen_000089_00060,100.0,1,0,0,1,1,0,0,0,0.5,1,1
scen_000089,alt_scen_000089_00055,alt_scen_000089_00061,130.0,1,0,0,0,0,0,0,0,0.25,1,1
scen_000089,alt_scen_000089_00055,alt_scen_000089_00062,160.0,1,0,0,1,1,0,0,0,0.44,1,1
scen_000089,alt_scen_000089_00055,alt_scen_000089_00063,170.0,1,0,0,1,1,0,0,0,0.22,1,1
scen_000089,alt_scen_000089_00055,alt_scen_000089_00065,179.73,1,0,0,1,1,0,0,0,0.18,1,1
scen_000089,alt_scen_000089_00056,alt_scen_000089_00057,1.99,1,0,0,1,1,0,0,0,0.29,1,1
scen_000089,alt_scen_000089_00056,alt_scen_000089_00058,10.0,1,0,0,0,0,0,0,0,0.71,1,1
scen_000089,alt_scen_000089_00056,alt_scen_000089_00059,50.0,1,0,0,1,1,0,0,0,0.32,1,1
scen_000089,alt_scen_000089_00056,alt_scen_000089_00060,90.0,1,0,0,1,1,0,0,0,0.71,1,1
scen_000089,alt_scen_000089_00056,alt_scen_000089_00061,120.0,1,0,0,0,0,0,0,0,0.24,1,1
scen_000089,alt_scen_000089_00056,alt_scen_000089_00062,150.0,1,0,0,1,1,0,0,0,0.35,1,1
scen_000089,alt_scen_000089_00056,alt_scen_000089_00063,160.0,1,0,0,1,1,0,0,0,0.8,1,1
scen_000089,alt_scen_000089_00056,alt_scen_000089_00065,169.73,1,0,0,1,1,0,0,0,0.74,1,1
scen_000089,alt_scen_000089_00056,alt_scen_000089_00064,170.0,1,0,0,1,1,0,0,0,0.77,1,1
scen_000089,alt_scen_000089_00057,alt_scen_000089_00058,8.01,1,0,0,0,0,0,0,0,0.75,1,1
scen_000089,alt_scen_000089_00057,alt_scen_000089_00059,48.01,1,0,0,1,1,0,0,0,0.83,1,1
scen_000089,alt_scen_000089_00057,alt_scen_000089_00060,88.01,1,0,0,1,1,0,0,0,0.88,1,1
scen_000089,alt_scen_000089_00057,alt_scen_000089_00061,118.01,1,0,0,0,0,0,0,0,0.15,1,1
scen_000089,alt_scen_000089_00057,alt_scen_000089_00062,148.01,1,0,0,1,1,0,0,0,0.87,1,1
scen_000089,alt_scen_000089_00057,alt_scen_000089_00063,158.01,1,0,0,1,1,0,0,0,0.78,1,1
scen_000089,alt_scen_000089_00057,alt_scen_000089_00065,167.74,1,0,0,1,1,0,0,0,0.34,1,1
scen_000089,alt_scen_000089_00057,alt_scen_000089_00064,168.01,1,0,0,1,1,0,0,0,0.49,1,1
scen_000089,alt_scen_000089_00057,alt_scen_000089_00066,178.01,1,0,0,0,0,0,0,0,0.11,1,1
scen_000089,alt_scen_000089_00058,alt_scen_000089_00059,40.0,1,0,0,0,0,0,0,0,0.11,1,1
scen_000089,alt_scen_000089_00058,alt_scen_000089_00060,80.0,1,0,0,0,0,0,0,0,0.39,1,1
scen_000089,alt_scen_000089_00058,alt_scen_000089_00061,110.0,1,0,0,1,1,0,0,0,0.77,1,1
scen_000089,alt_scen_000089_00058,alt_scen_000089_00062,140.0,1,0,0,0,0,0,0,0,0.34,1,1
scen_000089,alt_scen_000089_00058,alt_scen_000089_00063,150.0,1,0,0,0,0,0,0,0,0.77,1,1
scen_000089,alt_scen_000089_00058,alt_scen_000089_00065,159.73,1,0,0,0,0,0,0,0,0.77,1,1
scen_000089,alt_scen_000089_00058,alt_scen_000089_00064,160.0,1,0,0,0,0,0,0,0,0.36,1,1
scen_000089,alt_scen_000089_00058,alt_scen_000089_00066,170.0,1,0,0,1,1,0,0,0,0.74,1,1
scen_000089,alt_scen_000089_00058,alt_scen_000089_00067,170.0,1,0,0,0,0,0,0,0,0.25,1,1
scen_000089,alt_scen_000089_00059,alt_scen_000089_00060,40.0,1,0,0,1,1,0,0,0,0.42,1,1
scen_000089,alt_scen_000089_00059,alt_scen_000089_00061,70.0,1,0,0,0,0,0,0,0,0.21,1,1
scen_000089,alt_scen_000089_00059,alt_scen_000089_00062,100.0,1,0,0,1,1,0,0,0,0.86,1,1
scen_000089,alt_scen_000089_00059,alt_scen_000089_00063,110.0,1,0,0,1,1,0,0,0,0.17,1,1
scen_000089,alt_scen_000089_00059,alt_scen_000089_00065,119.73,1,0,0,1,1,0,0,0,0.24,1,1
scen_000089,alt_scen_000089_00059,alt_scen_000089_00064,120.0,1,0,0,1,1,0,0,0,0.63,1,1
scen_000089,alt_scen_000089_00059,alt_scen_000089_00066,130.0,1,0,0,0,0,0,0,0,0.51,1,1
scen_000089,alt_scen_000089_00059,alt_scen_000089_00067,130.0,1,0,0,1,1,0,0,0,0.21,1,1
scen_000089,alt_scen_000089_00059,alt_scen_000089_00068,150.0,1,0,0,1,1,0,0,0,0.59,1,1
scen_000089,alt_scen_000089_00060,alt_scen_000089_00061,30.0,1,0,0,0,0,0,0,0,0.61,1,1
scen_000089,alt_scen_000089_00060,alt_scen_000089_00062,60.0,1,0,0,1,1,0,0,0,0.54,1,1
scen_000089,alt_scen_000089_00060,alt_scen_000089_00063,70.0,1,0,0,1,1,0,0,0,0.8,1,1
scen_000089,alt_scen_000089_00060,alt_scen_000089_00065,79.73,1,0,0,1,1,0,0,0,0.73,1,1
scen_000089,alt_scen_000089_00060,alt_scen_000089_00064,80.0,1,0,0,1,1,0,0,0,0.44,1,1
scen_000089,alt_scen_000089_00060,alt_scen_000089_00066,90.0,1,0,0,0,0,0,0,0,0.61,1,1
scen_000089,alt_scen_000089_00060,alt_scen_000089_00067,90.0,1,0,0,1,1,0,0,0,0.39,1,1
scen_000089,alt_scen_000089_00060,alt_scen_000089_00068,110.0,1,0,0,1,1,0,0,0,0.84,1,1
scen_000089,alt_scen_000089_00060,alt_scen_000089_00069,130.0,1,0,0,0,0,0,0,0,0.32,1,1
scen_000089,alt_scen_000089_00061,alt_scen_000089_00062,30.0,1,0,0,0,0,0,0,0,0.83,1,1
scen_000089,alt_scen_000089_00061,alt_scen_000089_00063,40.0,1,0,0,0,0,0,0,0,0.11,1,1
scen_000089,alt_scen_000089_00061,alt_scen_000089_00065,49.73,1,0,0,0,0,0,0,0,0.36,1,1
scen_000089,alt_scen_000089_00061,alt_scen_000089_00064,50.0,1,0,0,0,0,0,0,0,0.78,1,1
scen_000089,alt_scen_000089_00061,alt_scen_000089_00066,60.0,1,0,0,1,1,0,0,0,0.84,1,1
scen_000089,alt_scen_000089_00061,alt_scen_000089_00067,60.0,1,0,0,0,0,0,0,0,0.81,1,1
scen_000089,alt_scen_000089_00061,alt_scen_000089_00068,80.0,1,0,0,0,0,0,0,0,0.61,1,1
scen_000089,alt_scen_000089_00061,alt_scen_000089_00069,100.0,1,0,0,1,1,0,0,0,0.54,1,1
scen_000089,alt_scen_000089_00061,alt_scen_000089_00070,100.0,1,0,0,0,0,0,0,0,0.15,1,1
scen_000089,alt_scen_000089_00062,alt_scen_000089_00063,10.0,1,0,0,1,1,0,0,0,0.49,1,1
scen_000089,alt_scen_000089_00062,alt_scen_000089_00065,19.73,1,0,0,1,1,0,0,0,0.15,1,1
scen_000089,alt_scen_000089_00062,alt_scen_000089_00064,20.0,1,0,0,1,1,0,0,0,0.71,1,1
scen_000089,alt_scen_000089_00062,alt_scen_000089_00066,30.0,1,0,0,0,0,0,0,0,0.7,1,1
scen_000089,alt_scen_000089_00062,alt_scen_000089_00067,30.0,1,0,0,1,1,0,0,0,0.4,1,1
scen_000089,alt_scen_000089_00062,alt_scen_000089_00068,50.0,1,0,0,1,1,0,0,0,0.38,1,1
scen_000089,alt_scen_000089_00062,alt_scen_000089_00069,70.0,1,0,0,0,0,0,0,0,0.61,1,1
scen_000089,alt_scen_000089_00062,alt_scen_000089_00070,70.0,1,0,0,1,1,0,0,0,0.65,1,1
scen_000089,alt_scen_000089_00062,alt_scen_000089_00071,90.0,1,0,0,0,0,0,0,0,0.81,1,1
scen_000089,alt_scen_000089_00063,alt_scen_000089_00065,9.73,1,0,0,1,1,0,0,0,0.68,1,1
scen_000089,alt_scen_000089_00063,alt_scen_000089_00064,10.0,1,0,0,1,1,0,0,0,0.8,1,1
scen_000089,alt_scen_000089_00063,alt_scen_000089_00066,20.0,1,0,0,0,0,0,0,0,0.7,1,1
scen_000089,alt_scen_000089_00063,alt_scen_000089_00067,20.0,1,0,0,1,1,0,0,0,0.59,1,1
scen_000089,alt_scen_000089_00063,alt_scen_000089_00068,40.0,1,0,0,1,1,0,0,0,0.76,1,1
scen_000089,alt_scen_000089_00063,alt_scen_000089_00069,60.0,1,0,0,0,0,0,0,0,0.37,1,1
scen_000089,alt_scen_000089_00063,alt_scen_000089_00070,60.0,1,0,0,1,1,0,0,0,0.89,1,1
scen_000089,alt_scen_000089_00063,alt_scen_000089_00071,80.0,1,0,0,0,0,0,0,0,0.44,1,1
scen_000089,alt_scen_000089_00063,alt_scen_000089_00072,90.0,1,0,0,0,0,0,0,0,0.27,1,1
scen_000089,alt_scen_000089_00065,alt_scen_000089_00064,0.27,1,0,0,1,1,0,0,0,0.56,1,1
scen_000089,alt_scen_000089_00065,alt_scen_000089_00066,10.27,1,0,0,0,0,0,0,0,0.67,1,1
scen_000089,alt_scen_000089_00065,alt_scen_000089_00067,10.27,1,0,0,1,1,0,0,0,0.37,1,1
scen_000089,alt_scen_000089_00065,alt_scen_000089_00068,30.27,1,0,0,1,1,0,0,0,0.13,1,1
scen_000089,alt_scen_000089_00065,alt_scen_000089_00069,50.27,1,0,0,0,0,0,0,0,0.83,1,1
scen_000089,alt_scen_000089_00065,alt_scen_000089_00070,50.27,1,0,0,1,1,0,0,0,0.84,1,1
scen_000089,alt_scen_000089_00065,alt_scen_000089_00071,70.27,1,0,0,0,0,0,0,0,0.45,1,1
scen_000089,alt_scen_000089_00065,alt_scen_000089_00072,80.27,1,0,0,0,0,0,0,0,0.41,1,1
scen_000089,alt_scen_000089_00065,alt_scen_000089_00073,80.27,1,0,0,1,1,0,0,0,0.8,1,1
scen_000089,alt_scen_000089_00064,alt_scen_000089_00066,10.0,1,0,0,0,0,0,0,0,0.47,1,1
scen_000089,alt_scen_000089_00064,alt_scen_000089_00067,10.0,1,0,0,1,1,0,0,0,0.48,1,1
scen_000089,alt_scen_000089_00064,alt_scen_000089_00068,30.0,1,0,0,1,1,0,0,0,0.24,1,1
scen_000089,alt_scen_000089_00064,alt_scen_000089_00069,50.0,1,0,0,0,0,0,0,0,0.53,1,1
scen_000089,alt_scen_000089_00064,alt_scen_000089_00070,50.0,1,0,0,1,1,0,0,0,0.87,1,1
scen_000089,alt_scen_000089_00064,alt_scen_000089_00071,70.0,1,0,0,0,0,0,0,0,0.11,1,1
scen_000089,alt_scen_000089_00064,alt_scen_000089_00072,80.0,1,0,0,0,0,0,0,0,0.12,1,1
scen_000089,alt_scen_000089_00064,alt_scen_000089_00073,80.0,1,0,0,1,1,0,0,0,0.86,1,1
scen_000089,alt_scen_000089_00064,alt_scen_000089_00074,90.0,1,0,0,0,0,0,0,0,0.75,1,1
scen_000089,alt_scen_000089_00066,alt_scen_000089_00067,0.0,1,0,0,0,0,0,0,0,0.26,1,1
scen_000089,alt_scen_000089_00066,alt_scen_000089_00068,20.0,1,0,0,0,0,0,0,0,0.35,1,1
scen_000089,alt_scen_000089_00066,alt_scen_000089_00069,40.0,1,0,0,1,1,0,0,0,0.43,1,1
scen_000089,alt_scen_000089_00066,alt_scen_000089_00070,40.0,1,0,0,0,0,0,0,0,0.63,1,1
scen_000089,alt_scen_000089_00066,alt_scen_000089_00071,60.0,1,0,0,1,1,0,0,0,0.49,1,1
scen_000089,alt_scen_000089_00066,alt_scen_000089_00072,70.0,1,0,0,1,1,0,0,0,0.28,1,1
scen_000089,alt_scen_000089_00066,alt_scen_000089_00073,70.0,1,0,0,0,0,0,0,0,0.66,1,1
scen_000089,alt_scen_000089_00066,alt_scen_000089_00074,80.0,1,0,0,1,1,0,0,0,0.64,1,1
scen_000089,alt_scen_000089_00067,alt_scen_000089_00068,20.0,1,0,0,1,1,0,0,0,0.11,1,1
scen_000089,alt_scen_000089_00067,alt_scen_000089_00069,40.0,1,0,0,0,0,0,0,0,0.17,1,1
scen_000089,alt_scen_000089_00067,alt_scen_000089_00070,40.0,1,0,0,1,1,0,0,0,0.44,1,1
scen_000089,alt_scen_000089_00067,alt_scen_000089_00071,60.0,1,0,0,0,0,0,0,0,0.57,1,1
scen_000089,alt_scen_000089_00067,alt_scen_000089_00072,70.0,1,0,0,0,0,0,0,0,0.82,1,1
scen_000089,alt_scen_000089_00067,alt_scen_000089_00073,70.0,1,0,0,1,1,0,0,0,0.47,1,1
scen_000089,alt_scen_000089_00067,alt_scen_000089_00074,80.0,1,0,0,0,0,0,0,0,0.72,1,1
scen_000089,alt_scen_000089_00068,alt_scen_000089_00069,20.0,1,0,0,0,0,0,0,0,0.49,1,1
scen_000089,alt_scen_000089_00068,alt_scen_000089_00070,20.0,1,0,0,1,1,0,0,0,0.19,1,1
scen_000089,alt_scen_000089_00068,alt_scen_000089_00071,40.0,1,0,0,0,0,0,0,0,0.3,1,1
scen_000089,alt_scen_000089_00068,alt_scen_000089_00072,50.0,1,0,0,0,0,0,0,0,0.2,1,1
scen_000089,alt_scen_000089_00068,alt_scen_000089_00073,50.0,1,0,0,1,1,0,0,0,0.76,1,1
scen_000089,alt_scen_000089_00068,alt_scen_000089_00074,60.0,1,0,0,0,0,0,0,0,0.65,1,1
scen_000089,alt_scen_000089_00069,alt_scen_000089_00070,0.0,1,0,0,0,0,0,0,0,0.89,1,1
scen_000089,alt_scen_000089_00069,alt_scen_000089_00071,20.0,1,0,0,1,1,0,0,0,0.17,1,1
scen_000089,alt_scen_000089_00069,alt_scen_000089_00072,30.0,1,0,0,1,1,0,0,0,0.77,1,1
scen_000089,alt_scen_000089_00069,alt_scen_000089_00073,30.0,1,0,0,0,0,0,0,0,0.84,1,1
scen_000089,alt_scen_000089_00069,alt_scen_000089_00074,40.0,1,0,0,1,1,0,0,0,0.83,1,1
scen_000089,alt_scen_000089_00070,alt_scen_000089_00071,20.0,1,0,0,0,0,0,0,0,0.27,1,1
scen_000089,alt_scen_000089_00070,alt_scen_000089_00072,30.0,1,0,0,0,0,0,0,0,0.19,1,1
scen_000089,alt_scen_000089_00070,alt_scen_000089_00073,30.0,1,0,0,1,1,0,0,0,0.29,1,1
scen_000089,alt_scen_000089_00070,alt_scen_000089_00074,40.0,1,0,0,0,0,0,0,0,0.18,1,1
scen_000089,alt_scen_000089_00071,alt_scen_000089_00072,10.0,1,0,0,1,1,0,0,0,0.24,1,1
scen_000089,alt_scen_000089_00071,alt_scen_000089_00073,10.0,1,0,0,0,0,0,0,0,0.75,1,1
scen_000089,alt_scen_000089_00071,alt_scen_000089_00074,20.0,1,0,0,1,1,0,0,0,0.14,1,1
scen_000089,alt_scen_000089_00072,alt_scen_000089_00073,0.0,1,0,0,0,0,0,0,0,0.52,1,1
scen_000089,alt_scen_000089_00072,alt_scen_000089_00074,10.0,1,0,0,1,1,0,0,0,0.67,1,1
scen_000089,alt_scen_000089_00073,alt_scen_000089_00074,10.0,1,0,0,0,0,0,0,0,0.56,1,1
scen_000090,alt_scen_000090_00002,alt_scen_000090_00003,297.0,0,0,0,1,1,1,1,1,0.74,1,0
scen_000090,alt_scen_000090_00002,alt_scen_000090_00005,437.0,0,0,0,1,1,0,2,0,0.54,0,0
scen_000090,alt_scen_000090_00002,alt_scen_000090_00006,440.0,0,0,0,1,1,0,2,0,0.87,0,0
scen_000090,alt_scen_000090_00002,alt_scen_000090_00001,537.0,0,0,0,1,1,0,2,0,0.76,0,0
scen_000090,alt_scen_000090_00002,alt_scen_000090_00004,623.0,0,0,0,1,1,0,2,0,0.75,0,0
scen_000090,alt_scen_000090_00003,alt_scen_000090_00005,140.0,0,0,0,1,1,1,1,-1,0.73,1,0
scen_000090,alt_scen_000090_00003,alt_scen_000090_00006,143.0,0,0,0,1,1,1,1,-1,0.16,1,0
scen_000090,alt_scen_000090_00003,alt_scen_000090_00001,240.0,0,0,0,1,1,1,1,-1,0.68,1,0
scen_000090,alt_scen_000090_00003,alt_scen_000090_00004,326.0,0,0,0,1,1,1,1,-1,0.17,0,0
scen_000090,alt_scen_000090_00005,alt_scen_000090_00006,3.0,0,0,0,1,1,0,2,0,0.22,1,0
scen_000090,alt_scen_000090_00005,alt_scen_000090_00001,100.0,0,0,0,1,1,0,2,0,0.75,1,0
scen_000090,alt_scen_000090_00005,alt_scen_000090_00004,186.0,0,0,0,1,1,0,2,0,0.49,1,0
scen_000090,alt_scen_000090_00006,alt_scen_000090_00001,97.0,0,0,0,1,1,0,2,0,0.13,1,0
scen_000090,alt_scen_000090_00006,alt_scen_000090_00004,183.0,0,0,0,1,1,0,2,0,0.63,1,0
scen_000090,alt_scen_000090_00001,alt_scen_000090_00004,86.0,0,0,0,1,1,0,2,0,0.69,1,0
scen_000091,alt_scen_000091_00003,alt_scen_000091_00001,184.0,0,0,0,1,1,0,2,0,0.12,1,0
scen_000091,alt_scen_000091_00003,alt_scen_000091_00004,199.0,0,0,0,1,1,0,2,0,0.27,1,0
scen_000091,alt_scen_000091_00003,alt_scen_000091_00002,490.0,0,0,0,1,1,1,1,-1,0.51,0,0
scen_000091,alt_scen_000091_00001,alt_scen_000091_00004,15.0,0,0,0,1,1,0,2,0,0.72,1,0
scen_000091,alt_scen_000091_00001,alt_scen_000091_00002,306.0,0,0,0,1,1,1,1,-1,0.55,0,0
scen_000091,alt_scen_000091_00004,alt_scen_000091_00002,291.0,0,0,0,1,1,1,1,-1,0.38,1,0
scen_000092,alt_scen_000092_00001,alt_scen_000092_00003,15.79,1,0,0,0,0,0,0,0,0.72,1,1
scen_000092,alt_scen_000092_00001,alt_scen_000092_00002,20.0,1,0,0,0,0,0,0,0,0.33,1,1
scen_000092,alt_scen_000092_00001,alt_scen_000092_00004,30.0,1,0,0,1,1,0,0,0,0.29,1,1
scen_000092,alt_scen_000092_00001,alt_scen_000092_00006,58.22,1,0,0,0,0,0,0,0,0.49,1,1
scen_000092,alt_scen_000092_00001,alt_scen_000092_00008,60.86,1,0,0,1,1,0,0,0,0.41,1,1
scen_000092,alt_scen_000092_00001,alt_scen_000092_00005,60.0,1,0,0,0,0,0,0,0,0.62,1,1
scen_000092,alt_scen_000092_00001,alt_scen_000092_00007,60.0,1,0,0,1,1,0,0,0,0.26,1,1
scen_000092,alt_scen_000092_00001,alt_scen_000092_00010,88.09,1,0,0,0,0,0,0,0,0.47,1,1
scen_000092,alt_scen_000092_00001,alt_scen_000092_00009,90.0,1,0,0,0,0,0,0,0,0.88,1,1
scen_000092,alt_scen_000092_00003,alt_scen_000092_00002,4.21,1,0,0,1,1,0,0,0,0.71,1,1
scen_000092,alt_scen_000092_00003,alt_scen_000092_00004,14.21,1,0,0,0,0,0,0,0,0.65,1,1
scen_000092,alt_scen_000092_00003,alt_scen_000092_00006,42.42,1,0,0,1,1,0,0,0,0.63,1,1
scen_000092,alt_scen_000092_00003,alt_scen_000092_00008,45.07,1,0,0,0,0,0,0,0,0.27,1,1
scen_000092,alt_scen_000092_00003,alt_scen_000092_00005,44.21,1,0,0,1,1,0,0,0,0.16,1,1
scen_000092,alt_scen_000092_00003,alt_scen_000092_00007,44.21,1,0,0,0,0,0,0,0,0.4,1,1
scen_000092,alt_scen_000092_00003,alt_scen_000092_00010,72.29,1,0,0,1,1,0,0,0,0.5,1,1
scen_000092,alt_scen_000092_00003,alt_scen_000092_00009,74.21,1,0,0,1,1,0,0,0,0.51,1,1
scen_000092,alt_scen_000092_00003,alt_scen_000092_00011,74.21,1,0,0,0,0,0,0,0,0.35,1,1
scen_000092,alt_scen_000092_00002,alt_scen_000092_00004,10.0,1,0,0,0,0,0,0,0,0.53,1,1
scen_000092,alt_scen_000092_00002,alt_scen_000092_00006,38.22,1,0,0,1,1,0,0,0,0.31,1,1
scen_000092,alt_scen_000092_00002,alt_scen_000092_00008,40.86,1,0,0,0,0,0,0,0,0.14,1,1
scen_000092,alt_scen_000092_00002,alt_scen_000092_00005,40.0,1,0,0,1,1,0,0,0,0.42,1,1
scen_000092,alt_scen_000092_00002,alt_scen_000092_00007,40.0,1,0,0,0,0,0,0,0,0.81,1,1
scen_000092,alt_scen_000092_00002,alt_scen_000092_00010,68.09,1,0,0,1,1,0,0,0,0.22,1,1
scen_000092,alt_scen_000092_00002,alt_scen_000092_00009,70.0,1,0,0,1,1,0,0,0,0.62,1,1
scen_000092,alt_scen_000092_00002,alt_scen_000092_00011,70.0,1,0,0,0,0,0,0,0,0.44,1,1
scen_000092,alt_scen_000092_00002,alt_scen_000092_00012,120.0,1,0,0,0,0,0,0,0,0.9,1,1
scen_000092,alt_scen_000092_00004,alt_scen_000092_00006,28.22,1,0,0,0,0,0,0,0,0.15,1,1
scen_000092,alt_scen_000092_00004,alt_scen_000092_00008,30.86,1,0,0,1,1,0,0,0,0.84,1,1
scen_000092,alt_scen_000092_00004,alt_scen_000092_00005,30.0,1,0,0,0,0,0,0,0,0.26,1,1
scen_000092,alt_scen_000092_00004,alt_scen_000092_00007,30.0,1,0,0,1,1,0,0,0,0.49,1,1
scen_000092,alt_scen_000092_00004,alt_scen_000092_00010,58.09,1,0,0,0,0,0,0,0,0.52,1,1
scen_000092,alt_scen_000092_00004,alt_scen_000092_00009,60.0,1,0,0,0,0,0,0,0,0.76,1,1
scen_000092,alt_scen_000092_00004,alt_scen_000092_00011,60.0,1,0,0,1,1,0,0,0,0.32,1,1
scen_000092,alt_scen_000092_00004,alt_scen_000092_00012,110.0,1,0,0,1,1,0,0,0,0.31,1,1
scen_000092,alt_scen_000092_00004,alt_scen_000092_00086,128.0,0,0,0,0,1,0,2,0,0.41,1,0
scen_000092,alt_scen_000092_00006,alt_scen_000092_00008,2.64,1,0,0,0,0,0,0,0,0.71,1,1
scen_000092,alt_scen_000092_00006,alt_scen_000092_00005,1.78,1,0,0,1,1,0,0,0,0.56,1,1
scen_000092,alt_scen_000092_00006,alt_scen_000092_00007,1.78,1,0,0,0,0,0,0,0,0.35,1,1
scen_000092,alt_scen_000092_00006,alt_scen_000092_00010,29.87,1,0,0,1,1,0,0,0,0.34,1,1
scen_000092,alt_scen_000092_00006,alt_scen_000092_00009,31.78,1,0,0,1,1,0,0,0,0.39,1,1
scen_000092,alt_scen_000092_00006,alt_scen_000092_00011,31.78,1,0,0,0,0,0,0,0,0.68,1,1
scen_000092,alt_scen_000092_00006,alt_scen_000092_00012,81.78,1,0,0,0,0,0,0,0,0.16,1,1
scen_000092,alt_scen_000092_00006,alt_scen_000092_00086,99.78,0,0,0,0,0,0,2,0,0.52,1,0
scen_000092,alt_scen_000092_00006,alt_scen_000092_00014,101.52,1,0,0,1,1,0,0,0,0.23,1,1
scen_000092,alt_scen_000092_00008,alt_scen_000092_00005,0.86,1,0,0,0,0,0,0,0,0.87,1,1
scen_000092,alt_scen_000092_00008,alt_scen_000092_00007,0.86,1,0,0,1,1,0,0,0,0.78,1,1
scen_000092,alt_scen_000092_00008,alt_scen_000092_00010,27.23,1,0,0,0,0,0,0,0,0.31,1,1
scen_000092,alt_scen_000092_00008,alt_scen_000092_00009,29.14,1,0,0,0,0,0,0,0,0.72,1,1
scen_000092,alt_scen_000092_00008,alt_scen_000092_00011,29.14,1,0,0,1,1,0,0,0,0.13,1,1
scen_000092,alt_scen_000092_00008,alt_scen_000092_00012,79.14,1,0,0,1,1,0,0,0,0.36,1,1
scen_000092,alt_scen_000092_00008,alt_scen_000092_00086,97.14,0,0,0,0,1,0,2,0,0.19,1,0
scen_000092,alt_scen_000092_00008,alt_scen_000092_00014,98.87,1,0,0,0,0,0,0,0,0.44,1,1
scen_000092,alt_scen_000092_00008,alt_scen_000092_00013,99.14,1,0,0,0,0,0,0,0,0.25,1,1
scen_000092,alt_scen_000092_00005,alt_scen_000092_00007,0.0,1,0,0,0,0,0,0,0,0.66,1,1
scen_000092,alt_scen_000092_00005,alt_scen_000092_00010,28.09,1,0,0,1,1,0,0,0,0.6,1,1
scen_000092,alt_scen_000092_00005,alt_scen_000092_00009,30.0,1,0,0,1,1,0,0,0,0.45,1,1
scen_000092,alt_scen_000092_00005,alt_scen_000092_00011,30.0,1,0,0,0,0,0,0,0,0.81,1,1
scen_000092,alt_scen_000092_00005,alt_scen_000092_00012,80.0,1,0,0,0,0,0,0,0,0.43,1,1
scen_000092,alt_scen_000092_00005,alt_scen_000092_00086,98.0,0,0,0,0,0,0,2,0,0.48,1,0
scen_000092,alt_scen_000092_00005,alt_scen_000092_00014,99.73,1,0,0,1,1,0,0,0,0.76,1,1
scen_000092,alt_scen_000092_00005,alt_scen_000092_00013,100.0,1,0,0,1,1,0,0,0,0.89,1,1
scen_000092,alt_scen_000092_00005,alt_scen_000092_00015,160.0,1,0,0,1,1,0,0,0,0.8,1,1
scen_000092,alt_scen_000092_00007,alt_scen_000092_00010,28.09,1,0,0,0,0,0,0,0,0.65,1,1
scen_000092,alt_scen_000092_00007,alt_scen_000092_00009,30.0,1,0,0,0,0,0,0,0,0.73,1,1
scen_000092,alt_scen_000092_00007,alt_scen_000092_00011,30.0,1,0,0,1,1,0,0,0,0.41,1,1
scen_000092,alt_scen_000092_00007,alt_scen_000092_00012,80.0,1,0,0,1,1,0,0,0,0.37,1,1
scen_000092,alt_scen_000092_00007,alt_scen_000092_00086,98.0,0,0,0,0,1,0,2,0,0.9,1,0
scen_000092,alt_scen_000092_00007,alt_scen_000092_00014,99.73,1,0,0,0,0,0,0,0,0.3,1,1
scen_000092,alt_scen_000092_00007,alt_scen_000092_00013,100.0,1,0,0,0,0,0,0,0,0.28,1,1
scen_000092,alt_scen_000092_00007,alt_scen_000092_00015,160.0,1,0,0,0,0,0,0,0,0.11,1,1
scen_000092,alt_scen_000092_00007,alt_scen_000092_00016,160.0,1,0,0,1,1,0,0,0,0.64,1,1
scen_000092,alt_scen_000092_00010,alt_scen_000092_00009,1.91,1,0,0,1,1,0,0,0,0.13,1,1
scen_000092,alt_scen_000092_00010,alt_scen_000092_00011,1.91,1,0,0,0,0,0,0,0,0.43,1,1
scen_000092,alt_scen_000092_00010,alt_scen_000092_00012,51.91,1,0,0,0,0,0,0,0,0.21,1,1
scen_000092,alt_scen_000092_00010,alt_scen_000092_00086,69.91,0,0,0,0,0,0,2,0,0.26,1,0
scen_000092,alt_scen_000092_00010,alt_scen_000092_00014,71.64,1,0,0,1,1,0,0,0,0.23,1,1
scen_000092,alt_scen_000092_00010,alt_scen_000092_00013,71.91,1,0,0,1,1,0,0,0,0.26,1,1
scen_000092,alt_scen_000092_00010,alt_scen_000092_00015,131.91,1,0,0,1,1,0,0,0,0.35,1,1
scen_000092,alt_scen_000092_00010,alt_scen_000092_00016,131.91,1,0,0,0,0,0,0,0,0.6,1,1
scen_000092,alt_scen_000092_00010,alt_scen_000092_00017,151.91,1,0,0,0,0,0,0,0,0.32,1,1
scen_000092,alt_scen_000092_00009,alt_scen_000092_00011,0.0,1,0,0,0,0,0,0,0,0.81,1,1
scen_000092,alt_scen_000092_00009,alt_scen_000092_00012,50.0,1,0,0,0,0,0,0,0,0.4,1,1
scen_000092,alt_scen_000092_00009,alt_scen_000092_00086,68.0,0,0,0,0,0,0,2,0,0.36,1,0
scen_000092,alt_scen_000092_00009,alt_scen_000092_00014,69.73,1,0,0,1,1,0,0,0,0.46,1,1
scen_000092,alt_scen_000092_00009,alt_scen_000092_00013,70.0,1,0,0,1,1,0,0,0,0.13,1,1
scen_000092,alt_scen_000092_00009,alt_scen_000092_00015,130.0,1,0,0,1,1,0,0,0,0.47,1,1
scen_000092,alt_scen_000092_00009,alt_scen_000092_00016,130.0,1,0,0,0,0,0,0,0,0.56,1,1
scen_000092,alt_scen_000092_00009,alt_scen_000092_00017,150.0,1,0,0,0,0,0,0,0,0.51,1,1
scen_000092,alt_scen_000092_00009,alt_scen_000092_00018,170.0,1,0,0,1,1,0,0,0,0.45,1,1
scen_000092,alt_scen_000092_00011,alt_scen_000092_00012,50.0,1,0,0,1,1,0,0,0,0.66,1,1
scen_000092,alt_scen_000092_00011,alt_scen_000092_00086,68.0,0,0,0,0,1,0,2,0,0.43,1,0
scen_000092,alt_scen_000092_00011,alt_scen_000092_00014,69.73,1,0,0,0,0,0,0,0,0.39,1,1
scen_000092,alt_scen_000092_00011,alt_scen_000092_00013,70.0,1,0,0,0,0,0,0,0,0.31,1,1
scen_000092,alt_scen_000092_00011,alt_scen_000092_00015,130.0,1,0,0,0,0,0,0,0,0.86,1,1
scen_000092,alt_scen_000092_00011,alt_scen_000092_00016,130.0,1,0,0,1,1,0,0,0,0.86,1,1
scen_000092,alt_scen_000092_00011,alt_scen_000092_00017,150.0,1,0,0,1,1,0,0,0,0.57,1,1
scen_000092,alt_scen_000092_00011,alt_scen_000092_00018,170.0,1,0,0,0,0,0,0,0,0.75,1,1
scen_000092,alt_scen_000092_00011,alt_scen_000092_00019,170.0,1,0,0,1,1,0,0,0,0.65,1,1
scen_000092,alt_scen_000092_00012,alt_scen_000092_00086,18.0,0,0,0,0,1,0,2,0,0.47,1,0
scen_000092,alt_scen_000092_00012,alt_scen_000092_00014,19.73,1,0,0,0,0,0,0,0,0.28,1,1
scen_000092,alt_scen_000092_00012,alt_scen_000092_00013,20.0,1,0,0,0,0,0,0,0,0.81,1,1
scen_000092,alt_scen_000092_00012,alt_scen_000092_00015,80.0,1,0,0,0,0,0,0,0,0.33,1,1
scen_000092,alt_scen_000092_00012,alt_scen_000092_00016,80.0,1,0,0,1,1,0,0,0,0.88,1,1
scen_000092,alt_scen_000092_00012,alt_scen_000092_00017,100.0,1,0,0,1,1,0,0,0,0.16,1,1
scen_000092,alt_scen_000092_00012,alt_scen_000092_00018,120.0,1,0,0,0,0,0,0,0,0.32,1,1
scen_000092,alt_scen_000092_00012,alt_scen_000092_00019,120.0,1,0,0,1,1,0,0,0,0.25,1,1
scen_000092,alt_scen_000092_00012,alt_scen_000092_00020,140.0,1,0,0,0,0,0,0,0,0.28,1,1
scen_000092,alt_scen_000092_00086,alt_scen_000092_00014,1.73,0,0,0,0,0,0,2,0,0.6,1,0
scen_000092,alt_scen_000092_00086,alt_scen_000092_00013,2.0,0,0,0,0,0,0,2,0,0.74,1,0
scen_000092,alt_scen_000092_00086,alt_scen_000092_00015,62.0,0,0,0,0,0,0,2,0,0.66,1,0
scen_000092,alt_scen_000092_00086,alt_scen_000092_00016,62.0,0,0,0,0,1,0,2,0,0.71,1,0
scen_000092,alt_scen_000092_00086,alt_scen_000092_00017,82.0,0,0,0,0,1,0,2,0,0.52,1,0
scen_000092,alt_scen_000092_00086,alt_scen_000092_00018,102.0,0,0,0,0,0,0,2,0,0.52,1,0
scen_000092,alt_scen_000092_00086,alt_scen_000092_00019,102.0,0,0,0,0,1,0,2,0,0.85,1,0
scen_000092,alt_scen_000092_00086,alt_scen_000092_00020,122.0,0,0,0,0,0,0,2,0,0.8,1,0
scen_000092,alt_scen_000092_00086,alt_scen_000092_00022,122.0,0,0,0,0,1,0,2,0,0.58,1,0
scen_000092,alt_scen_000092_00014,alt_scen_000092_00013,0.27,1,0,0,1,1,0,0,0,0.71,1,1
scen_000092,alt_scen_000092_00014,alt_scen_000092_00015,60.27,1,0,0,1,1,0,0,0,0.39,1,1
scen_000092,alt_scen_000092_00014,alt_scen_000092_00016,60.27,1,0,0,0,0,0,0,0,0.33,1,1
scen_000092,alt_scen_000092_00014,alt_scen_000092_00017,80.27,1,0,0,0,0,0,0,0,0.29,1,1
scen_000092,alt_scen_000092_00014,alt_scen_000092_00018,100.27,1,0,0,1,1,0,0,0,0.58,1,1
scen_000092,alt_scen_000092_00014,alt_scen_000092_00019,100.27,1,0,0,0,0,0,0,0,0.49,1,1
scen_000092,alt_scen_000092_00014,alt_scen_000092_00020,120.27,1,0,0,1,1,0,0,0,0.34,1,1
scen_000092,alt_scen_000092_00014,alt_scen_000092_00022,120.27,1,0,0,0,0,0,0,0,0.39,1,1
scen_000092,alt_scen_000092_00014,alt_scen_000092_00021,124.41,1,0,0,1,1,0,0,0,0.33,1,1
scen_000092,alt_scen_000092_00013,alt_scen_000092_00015,60.0,1,0,0,1,1,0,0,0,0.41,1,1
scen_000092,alt_scen_000092_00013,alt_scen_000092_00016,60.0,1,0,0,0,0,0,0,0,0.11,1,1
scen_000092,alt_scen_000092_00013,alt_scen_000092_00017,80.0,1,0,0,0,0,0,0,0,0.89,1,1
scen_000092,alt_scen_000092_00013,alt_scen_000092_00018,100.0,1,0,0,1,1,0,0,0,0.51,1,1
scen_000092,alt_scen_000092_00013,alt_scen_000092_00019,100.0,1,0,0,0,0,0,0,0,0.18,1,1
scen_000092,alt_scen_000092_00013,alt_scen_000092_00020,120.0,1,0,0,1,1,0,0,0,0.36,1,1
scen_000092,alt_scen_000092_00013,alt_scen_000092_00022,120.0,1,0,0,0,0,0,0,0,0.46,1,1
scen_000092,alt_scen_000092_00013,alt_scen_000092_00021,124.14,1,0,0,1,1,0,0,0,0.54,1,1
scen_000092,alt_scen_000092_00013,alt_scen_000092_00023,124.44,1,0,0,0,0,0,0,0,0.52,1,1
scen_000092,alt_scen_000092_00015,alt_scen_000092_00016,0.0,1,0,0,0,0,0,0,0,0.7,1,1
scen_000092,alt_scen_000092_00015,alt_scen_000092_00017,20.0,1,0,0,0,0,0,0,0,0.4,1,1
scen_000092,alt_scen_000092_00015,alt_scen_000092_00018,40.0,1,0,0,1,1,0,0,0,0.64,1,1
scen_000092,alt_scen_000092_00015,alt_scen_000092_00019,40.0,1,0,0,0,0,0,0,0,0.83,1,1
scen_000092,alt_scen_000092_00015,alt_scen_000092_00020,60.0,1,0,0,1,1,0,0,0,0.29,1,1
scen_000092,alt_scen_000092_00015,alt_scen_000092_00022,60.0,1,0,0,0,0,0,0,0,0.2,1,1
scen_000092,alt_scen_000092_00015,alt_scen_000092_00021,64.14,1,0,0,1,1,0,0,0,0.43,1,1
scen_000092,alt_scen_000092_00015,alt_scen_000092_00023,64.44,1,0,0,0,0,0,0,0,0.89,1,1
scen_000092,alt_scen_000092_00015,alt_scen_000092_00024,80.0,1,0,0,1,1,0,0,0,0.84,1,1
scen_000092,alt_scen_000092_00016,alt_scen_000092_00017,20.0,1,0,0,1,1,0,0,0,0.69,1,1
scen_000092,alt_scen_000092_00016,alt_scen_000092_00018,40.0,1,0,0,0,0,0,0,0,0.1,1,1
scen_000092,alt_scen_000092_00016,alt_scen_000092_00019,40.0,1,0,0,1,1,0,0,0,0.62,1,1
scen_000092,alt_scen_000092_00016,alt_scen_000092_00020,60.0,1,0,0,0,0,0,0,0,0.65,1,1
scen_000092,alt_scen_000092_00016,alt_scen_000092_00022,60.0,1,0,0,1,1,0,0,0,0.86,1,1
scen_000092,alt_scen_000092_00016,alt_scen_000092_00021,64.14,1,0,0,0,0,0,0,0,0.46,1,1
scen_000092,alt_scen_000092_00016,alt_scen_000092_00023,64.44,1,0,0,1,1,0,0,0,0.67,1,1
scen_000092,alt_scen_000092_00016,alt_scen_000092_00024,80.0,1,0,0,0,0,0,0,0,0.4,1,1
scen_000092,alt_scen_000092_00016,alt_scen_000092_00025,90.0,1,0,0,0,0,0,0,0,0.64,1,1
scen_000092,alt_scen_000092_00017,alt_scen_000092_00018,20.0,1,0,0,0,0,0,0,0,0.12,1,1
scen_000092,alt_scen_000092_00017,alt_scen_000092_00019,20.0,1,0,0,1,1,0,0,0,0.49,1,1
scen_000092,alt_scen_000092_00017,alt_scen_000092_00020,40.0,1,0,0,0,0,0,0,0,0.85,1,1
scen_000092,alt_scen_000092_00017,alt_scen_000092_00022,40.0,1,0,0,1,1,0,0,0,0.56,1,1
scen_000092,alt_scen_000092_00017,alt_scen_000092_00021,44.14,1,0,0,0,0,0,0,0,0.23,1,1
scen_000092,alt_scen_000092_00017,alt_scen_000092_00023,44.44,1,0,0,1,1,0,0,0,0.15,1,1
scen_000092,alt_scen_000092_00017,alt_scen_000092_00024,60.0,1,0,0,0,0,0,0,0,0.46,1,1
scen_000092,alt_scen_000092_00017,alt_scen_000092_00025,70.0,1,0,0,0,0,0,0,0,0.55,1,1
scen_000092,alt_scen_000092_00017,alt_scen_000092_00026,80.0,1,0,0,1,1,0,0,0,0.35,1,1
scen_000092,alt_scen_000092_00018,alt_scen_000092_00019,0.0,1,0,0,0,0,0,0,0,0.2,1,1
scen_000092,alt_scen_000092_00018,alt_scen_000092_00020,20.0,1,0,0,1,1,0,0,0,0.8,1,1
scen_000092,alt_scen_000092_00018,alt_scen_000092_00022,20.0,1,0,0,0,0,0,0,0,0.45,1,1
scen_000092,alt_scen_000092_00018,alt_scen_000092_00021,24.14,1,0,0,1,1,0,0,0,0.63,1,1
scen_000092,alt_scen_000092_00018,alt_scen_000092_00023,24.44,1,0,0,0,0,0,0,0,0.75,1,1
scen_000092,alt_scen_000092_00018,alt_scen_000092_00024,40.0,1,0,0,1,1,0,0,0,0.75,1,1
scen_000092,alt_scen_000092_00018,alt_scen_000092_00025,50.0,1,0,0,1,1,0,0,0,0.49,1,1
scen_000092,alt_scen_000092_00018,alt_scen_000092_00026,60.0,1,0,0,0,0,0,0,0,0.15,1,1
scen_000092,alt_scen_000092_00018,alt_scen_000092_00084,65.0,0,0,0,0,0,0,4,0,0.43,1,0
scen_000092,alt_scen_000092_00019,alt_scen_000092_00020,20.0,1,0,0,0,0,0,0,0,0.37,1,1
scen_000092,alt_scen_000092_00019,alt_scen_000092_00022,20.0,1,0,0,1,1,0,0,0,0.85,1,1
scen_000092,alt_scen_000092_00019,alt_scen_000092_00021,24.14,1,0,0,0,0,0,0,0,0.77,1,1
scen_000092,alt_scen_000092_00019,alt_scen_000092_00023,24.44,1,0,0,1,1,0,0,0,0.88,1,1
scen_000092,alt_scen_000092_00019,alt_scen_000092_00024,40.0,1,0,0,0,0,0,0,0,0.12,1,1
scen_000092,alt_scen_000092_00019,alt_scen_000092_00025,50.0,1,0,0,0,0,0,0,0,0.38,1,1
scen_000092,alt_scen_000092_00019,alt_scen_000092_00026,60.0,1,0,0,1,1,0,0,0,0.84,1,1
scen_000092,alt_scen_000092_00019,alt_scen_000092_00084,65.0,0,0,0,0,1,0,4,0,0.56,1,0
scen_000092,alt_scen_000092_00019,alt_scen_000092_00027,80.0,1,0,0,1,1,0,0,0,0.13,1,1
scen_000092,alt_scen_000092_00020,alt_scen_000092_00022,0.0,1,0,0,0,0,0,0,0,0.52,1,1
scen_000092,alt_scen_000092_00020,alt_scen_000092_00021,4.14,1,0,0,1,1,0,0,0,0.23,1,1
scen_000092,alt_scen_000092_00020,alt_scen_000092_00023,4.44,1,0,0,0,0,0,0,0,0.79,1,1
scen_000092,alt_scen_000092_00020,alt_scen_000092_00024,20.0,1,0,0,1,1,0,0,0,0.11,1,1
scen_000092,alt_scen_000092_00020,alt_scen_000092_00025,30.0,1,0,0,1,1,0,0,0,0.36,1,1
scen_000092,alt_scen_000092_00020,alt_scen_000092_00026,40.0,1,0,0,0,0,0,0,0,0.17,1,1
scen_000092,alt_scen_000092_00020,alt_scen_000092_00084,45.0,0,0,0,0,0,0,4,0,0.58,1,0
scen_000092,alt_scen_000092_00020,alt_scen_000092_00027,60.0,1,0,0,0,0,0,0,0,0.57,1,1
scen_000092,alt_scen_000092_00020,alt_scen_000092_00028,70.0,1,0,0,1,1,0,0,0,0.59,1,1
scen_000092,alt_scen_000092_00022,alt_scen_000092_00021,4.14,1,0,0,0,0,0,0,0,0.33,1,1
scen_000092,alt_scen_000092_00022,alt_scen_000092_00023,4.44,1,0,0,1,1,0,0,0,0.1,1,1
scen_000092,alt_scen_000092_00022,alt_scen_000092_00024,20.0,1,0,0,0,0,0,0,0,0.3,1,1
scen_000092,alt_scen_000092_00022,alt_scen_000092_00025,30.0,1,0,0,0,0,0,0,0,0.87,1,1
scen_000092,alt_scen_000092_00022,alt_scen_000092_00026,40.0,1,0,0,1,1,0,0,0,0.66,1,1
scen_000092,alt_scen_000092_00022,alt_scen_000092_00084,45.0,0,0,0,0,1,0,4,0,0.78,1,0
scen_000092,alt_scen_000092_00022,alt_scen_000092_00027,60.0,1,0,0,1,1,0,0,0,0.55,1,1
scen_000092,alt_scen_000092_00022,alt_scen_000092_00028,70.0,1,0,0,0,0,0,0,0,0.7,1,1
scen_000092,alt_scen_000092_00022,alt_scen_000092_00029,80.0,1,0,0,0,0,0,0,0,0.21,1,1
scen_000092,alt_scen_000092_00021,alt_scen_000092_00023,0.3,1,0,0,0,0,0,0,0,0.32,1,1
scen_000092,alt_scen_000092_00021,alt_scen_000092_00024,15.86,1,0,0,1,1,0,0,0,0.66,1,1
scen_000092,alt_scen_000092_00021,alt_scen_000092_00025,25.86,1,0,0,1,1,0,0,0,0.46,1,1
scen_000092,alt_scen_000092_00021,alt_scen_000092_00026,35.86,1,0,0,0,0,0,0,0,0.47,1,1
scen_000092,alt_scen_000092_00021,alt_scen_000092_00084,40.86,0,0,0,0,0,0,4,0,0.81,1,0
scen_000092,alt_scen_000092_00021,alt_scen_000092_00027,55.86,1,0,0,0,0,0,0,0,0.42,1,1
scen_000092,alt_scen_000092_00021,alt_scen_000092_00028,65.86,1,0,0,1,1,0,0,0,0.56,1,1
scen_000092,alt_scen_000092_00021,alt_scen_000092_00029,75.86,1,0,0,1,1,0,0,0,0.13,1,1
scen_000092,alt_scen_000092_00021,alt_scen_000092_00031,84.55,1,0,0,1,1,0,0,0,0.69,1,1
scen_000092,alt_scen_000092_00023,alt_scen_000092_00024,15.56,1,0,0,0,0,0,0,0,0.76,1,1
scen_000092,alt_scen_000092_00023,alt_scen_000092_00025,25.56,1,0,0,0,0,0,0,0,0.16,1,1
scen_000092,alt_scen_000092_00023,alt_scen_000092_00026,35.56,1,0,0,1,1,0,0,0,0.8,1,1
scen_000092,alt_scen_000092_00023,alt_scen_000092_00084,40.56,0,0,0,0,1,0,4,0,0.4,1,0
scen_000092,alt_scen_000092_00023,alt_scen_000092_00027,55.56,1,0,0,1,1,0,0,0,0.84,1,1
scen_000092,alt_scen_000092_00023,alt_scen_000092_00028,65.56,1,0,0,0,0,0,0,0,0.39,1,1
scen_000092,alt_scen_000092_00023,alt_scen_000092_00029,75.56,1,0,0,0,0,0,0,0,0.13,1,1
scen_000092,alt_scen_000092_00023,alt_scen_000092_00031,84.24,1,0,0,0,0,0,0,0,0.43,1,1
scen_000092,alt_scen_000092_00023,alt_scen_000092_00030,85.56,1,0,0,0,0,0,0,0,0.55,1,1
scen_000092,alt_scen_000092_00024,alt_scen_000092_00025,10.0,1,0,0,1,1,0,0,0,0.23,1,1
scen_000092,alt_scen_000092_00024,alt_scen_000092_00026,20.0,1,0,0,0,0,0,0,0,0.16,1,1
scen_000092,alt_scen_000092_00024,alt_scen_000092_00084,25.0,0,0,0,0,0,0,4,0,0.52,1,0
scen_000092,alt_scen_000092_00024,alt_scen_000092_00027,40.0,1,0,0,0,0,0,0,0,0.68,1,1
scen_000092,alt_scen_000092_00024,alt_scen_000092_00028,50.0,1,0,0,1,1,0,0,0,0.53,1,1
scen_000092,alt_scen_000092_00024,alt_scen_000092_00029,60.0,1,0,0,1,1,0,0,0,0.13,1,1
scen_000092,alt_scen_000092_00024,alt_scen_000092_00031,68.69,1,0,0,1,1,0,0,0,0.66,1,1
scen_000092,alt_scen_000092_00024,alt_scen_000092_00030,70.0,1,0,0,1,1,0,0,0,0.34,1,1
scen_000092,alt_scen_000092_00024,alt_scen_000092_00032,70.0,1,0,0,0,0,0,0,0,0.12,1,1
scen_000092,alt_scen_000092_00025,alt_scen_000092_00026,10.0,1,0,0,0,0,0,0,0,0.89,1,1
scen_000092,alt_scen_000092_00025,alt_scen_000092_00084,15.0,0,0,0,0,0,0,4,0,0.32,1,0
scen_000092,alt_scen_000092_00025,alt_scen_000092_00027,30.0,1,0,0,0,0,0,0,0,0.34,1,1
scen_000092,alt_scen_000092_00025,alt_scen_000092_00028,40.0,1,0,0,1,1,0,0,0,0.18,1,1
scen_000092,alt_scen_000092_00025,alt_scen_000092_00029,50.0,1,0,0,1,1,0,0,0,0.34,1,1
scen_000092,alt_scen_000092_00025,alt_scen_000092_00031,58.69,1,0,0,1,1,0,0,0,0.27,1,1
scen_000092,alt_scen_000092_00025,alt_scen_000092_00030,60.0,1,0,0,1,1,0,0,0,0.89,1,1
scen_000092,alt_scen_000092_00025,alt_scen_000092_00032,60.0,1,0,0,0,0,0,0,0,0.43,1,1
scen_000092,alt_scen_000092_00025,alt_scen_000092_00033,70.0,1,0,0,0,0,0,0,0,0.72,1,1
scen_000092,alt_scen_000092_00026,alt_scen_000092_00084,5.0,0,0,0,0,1,0,4,0,0.81,1,0
scen_000092,alt_scen_000092_00026,alt_scen_000092_00027,20.0,1,0,0,1,1,0,0,0,0.14,1,1
scen_000092,alt_scen_000092_00026,alt_scen_000092_00028,30.0,1,0,0,0,0,0,0,0,0.39,1,1
scen_000092,alt_scen_000092_00026,alt_scen_000092_00029,40.0,1,0,0,0,0,0,0,0,0.45,1,1
scen_000092,alt_scen_000092_00026,alt_scen_000092_00031,48.69,1,0,0,0,0,0,0,0,0.51,1,1
scen_000092,alt_scen_000092_00026,alt_scen_000092_00030,50.0,1,0,0,0,0,0,0,0,0.33,1,1
scen_000092,alt_scen_000092_00026,alt_scen_000092_00032,50.0,1,0,0,1,1,0,0,0,0.39,1,1
scen_000092,alt_scen_000092_00026,alt_scen_000092_00033,60.0,1,0,0,1,1,0,0,0,0.11,1,1
scen_000092,alt_scen_000092_00026,alt_scen_000092_00085,103.0,1,0,0,0,1,0,0,0,0.48,1,0
scen_000092,alt_scen_000092_00084,alt_scen_000092_00027,15.0,0,0,0,0,1,0,4,0,0.23,1,0
scen_000092,alt_scen_000092_00084,alt_scen_000092_00028,25.0,0,0,0,0,0,0,4,0,0.47,1,0
scen_000092,alt_scen_000092_00084,alt_scen_000092_00029,35.0,0,0,0,0,0,0,4,0,0.34,1,0
scen_000092,alt_scen_000092_00084,alt_scen_000092_00031,43.69,0,0,0,0,0,0,4,0,0.35,1,0
scen_000092,alt_scen_000092_00084,alt_scen_000092_00030,45.0,0,0,0,0,0,0,4,0,0.87,1,0
scen_000092,alt_scen_000092_00084,alt_scen_000092_00032,45.0,0,0,0,0,1,0,4,0,0.13,1,0
scen_000092,alt_scen_000092_00084,alt_scen_000092_00033,55.0,0,0,0,0,1,0,4,0,0.56,1,0
scen_000092,alt_scen_000092_00084,alt_scen_000092_00085,98.0,0,0,0,1,1,0,4,0,0.69,1,0
scen_000092,alt_scen_000092_00084,alt_scen_000092_00034,165.0,0,0,0,0,0,0,4,0,0.54,1,0
scen_000092,alt_scen_000092_00027,alt_scen_000092_00028,10.0,1,0,0,0,0,0,0,0,0.29,1,1
scen_000092,alt_scen_000092_00027,alt_scen_000092_00029,20.0,1,0,0,0,0,0,0,0,0.59,1,1
scen_000092,alt_scen_000092_00027,alt_scen_000092_00031,28.69,1,0,0,0,0,0,0,0,0.53,1,1
scen_000092,alt_scen_000092_00027,alt_scen_000092_00030,30.0,1,0,0,0,0,0,0,0,0.2,1,1
scen_000092,alt_scen_000092_00027,alt_scen_000092_00032,30.0,1,0,0,1,1,0,0,0,0.2,1,1
scen_000092,alt_scen_000092_00027,alt_scen_000092_00033,40.0,1,0,0,1,1,0,0,0,0.39,1,1
scen_000092,alt_scen_000092_00027,alt_scen_000092_00085,83.0,1,0,0,0,1,0,0,0,0.58,1,0
scen_000092,alt_scen_000092_00027,alt_scen_000092_00034,150.0,1,0,0,0,0,0,0,0,0.77,1,1
scen_000092,alt_scen_000092_00027,alt_scen_000092_00035,170.0,1,0,0,0,0,0,0,0,0.88,1,1
scen_000092,alt_scen_000092_00028,alt_scen_000092_00029,10.0,1,0,0,1,1,0,0,0,0.41,1,1
scen_000092,alt_scen_000092_00028,alt_scen_000092_00031,18.69,1,0,0,1,1,0,0,0,0.35,1,1
scen_000092,alt_scen_000092_00028,alt_scen_000092_00030,20.0,1,0,0,1,1,0,0,0,0.6,1,1
scen_000092,alt_scen_000092_00028,alt_scen_000092_00032,20.0,1,0,0,0,0,0,0,0,0.7,1,1
scen_000092,alt_scen_000092_00028,alt_scen_000092_00033,30.0,1,0,0,0,0,0,0,0,0.66,1,1
scen_000092,alt_scen_000092_00028,alt_scen_000092_00085,73.0,1,0,0,0,0,0,0,0,0.19,1,0
scen_000092,alt_scen_000092_00028,alt_scen_000092_00034,140.0,1,0,0,1,1,0,0,0,0.84,1,1
scen_000092,alt_scen_000092_00028,alt_scen_000092_00035,160.0,1,0,0,1,1,0,0,0,0.16,1,1
scen_000092,alt_scen_000092_00028,alt_scen_000092_00036,180.0,1,0,0,1,1,0,0,0,0.5,1,1
scen_000092,alt_scen_000092_00029,alt_scen_000092_00031,8.69,1,0,0,1,1,0,0,0,0.29,1,1
scen_000092,alt_scen_000092_00029,alt_scen_000092_00030,10.0,1,0,0,1,1,0,0,0,0.78,1,1
scen_000092,alt_scen_000092_00029,alt_scen_000092_00032,10.0,1,0,0,0,0,0,0,0,0.67,1,1
scen_000092,alt_scen_000092_00029,alt_scen_000092_00033,20.0,1,0,0,0,0,0,0,0,0.24,1,1
scen_000092,alt_scen_000092_00029,alt_scen_000092_00085,63.0,1,0,0,0,0,0,0,0,0.87,1,0
scen_000092,alt_scen_000092_00029,alt_scen_000092_00034,130.0,1,0,0,1,1,0,0,0,0.6,1,1
scen_000092,alt_scen_000092_00029,alt_scen_000092_00035,150.0,1,0,0,1,1,0,0,0,0.12,1,1
scen_000092,alt_scen_000092_00029,alt_scen_000092_00036,170.0,1,0,0,1,1,0,0,0,0.78,1,1
scen_000092,alt_scen_000092_00029,alt_scen_000092_00037,180.0,1,0,0,1,1,0,0,0,0.49,1,1
scen_000092,alt_scen_000092_00031,alt_scen_000092_00030,1.31,1,0,0,1,1,0,0,0,0.79,1,1
scen_000092,alt_scen_000092_00031,alt_scen_000092_00032,1.31,1,0,0,0,0,0,0,0,0.23,1,1
scen_000092,alt_scen_000092_00031,alt_scen_000092_00033,11.31,1,0,0,0,0,0,0,0,0.59,1,1
scen_000092,alt_scen_000092_00031,alt_scen_000092_00085,54.31,1,0,0,0,0,0,0,0,0.53,1,0
scen_000092,alt_scen_000092_00031,alt_scen_000092_00034,121.31,1,0,0,1,1,0,0,0,0.53,1,1
scen_000092,alt_scen_000092_00031,alt_scen_000092_00035,141.31,1,0,0,1,1,0,0,0,0.57,1,1
scen_000092,alt_scen_000092_00031,alt_scen_000092_00036,161.31,1,0,0,1,1,0,0,0,0.16,1,1
scen_000092,alt_scen_000092_00031,alt_scen_000092_00037,171.31,1,0,0,1,1,0,0,0,0.32,1,1
scen_000092,alt_scen_000092_00031,alt_scen_000092_00038,171.31,1,0,0,0,0,0,0,0,0.82,1,1
scen_000092,alt_scen_000092_00030,alt_scen_000092_00032,0.0,1,0,0,0,0,0,0,0,0.83,1,1
scen_000092,alt_scen_000092_00030,alt_scen_000092_00033,10.0,1,0,0,0,0,0,0,0,0.67,1,1
scen_000092,alt_scen_000092_00030,alt_scen_000092_00085,53.0,1,0,0,0,0,0,0,0,0.72,1,0
scen_000092,alt_scen_000092_00030,alt_scen_000092_00034,120.0,1,0,0,1,1,0,0,0,0.44,1,1
scen_000092,alt_scen_000092_00030,alt_scen_000092_00035,140.0,1,0,0,1,1,0,0,0,0.57,1,1
scen_000092,alt_scen_000092_00030,alt_scen_000092_00036,160.0,1,0,0,1,1,0,0,0,0.75,1,1
scen_000092,alt_scen_000092_00030,alt_scen_000092_00037,170.0,1,0,0,1,1,0,0,0,0.55,1,1
scen_000092,alt_scen_000092_00030,alt_scen_000092_00038,170.0,1,0,0,0,0,0,0,0,0.23,1,1
scen_000092,alt_scen_000092_00030,alt_scen_000092_00039,171.8,1,0,0,0,0,0,0,0,0.5,1,1
scen_000092,alt_scen_000092_00032,alt_scen_000092_00033,10.0,1,0,0,1,1,0,0,0,0.51,1,1
scen_000092,alt_scen_000092_00032,alt_scen_000092_00085,53.0,1,0,0,0,1,0,0,0,0.69,1,0
scen_000092,alt_scen_000092_00032,alt_scen_000092_00034,120.0,1,0,0,0,0,0,0,0,0.17,1,1
scen_000092,alt_scen_000092_00032,alt_scen_000092_00035,140.0,1,0,0,0,0,0,0,0,0.67,1,1
scen_000092,alt_scen_000092_00032,alt_scen_000092_00036,160.0,1,0,0,0,0,0,0,0,0.49,1,1
scen_000092,alt_scen_000092_00032,alt_scen_000092_00037,170.0,1,0,0,0,0,0,0,0,0.14,1,1
scen_000092,alt_scen_000092_00032,alt_scen_000092_00038,170.0,1,0,0,1,1,0,0,0,0.42,1,1
scen_000092,alt_scen_000092_00032,alt_scen_000092_00039,171.8,1,0,0,1,1,0,0,0,0.44,1,1
scen_000092,alt_scen_000092_00032,alt_scen_000092_00040,190.0,1,0,0,0,0,0,0,0,0.88,1,1
scen_000092,alt_scen_000092_00033,alt_scen_000092_00085,43.0,1,0,0,0,1,0,0,0,0.18,1,0
scen_000092,alt_scen_000092_00033,alt_scen_000092_00034,110.0,1,0,0,0,0,0,0,0,0.44,1,1
scen_000092,alt_scen_000092_00033,alt_scen_000092_00035,130.0,1,0,0,0,0,0,0,0,0.35,1,1
scen_000092,alt_scen_000092_00033,alt_scen_000092_00036,150.0,1,0,0,0,0,0,0,0,0.25,1,1
scen_000092,alt_scen_000092_00033,alt_scen_000092_00037,160.0,1,0,0,0,0,0,0,0,0.62,1,1
scen_000092,alt_scen_000092_00033,alt_scen_000092_00038,160.0,1,0,0,1,1,0,0,0,0.47,1,1
scen_000092,alt_scen_000092_00033,alt_scen_000092_00039,161.8,1,0,0,1,1,0,0,0,0.65,1,1
scen_000092,alt_scen_000092_00033,alt_scen_000092_00040,180.0,1,0,0,0,0,0,0,0,0.24,1,1
scen_000092,alt_scen_000092_00033,alt_scen_000092_00041,184.34,1,0,0,0,0,0,0,0,0.19,1,1
scen_000092,alt_scen_000092_00085,alt_scen_000092_00034,67.0,1,0,0,0,0,0,0,0,0.77,1,0
scen_000092,alt_scen_000092_00085,alt_scen_000092_00035,87.0,1,0,0,0,0,0,0,0,0.38,1,0
scen_000092,alt_scen_000092_00085,alt_scen_000092_00036,107.0,1,0,0,0,0,0,0,0,0.83,1,0
scen_000092,alt_scen_000092_00085,alt_scen_000092_00037,117.0,1,0,0,0,0,0,0,0,0.2,1,0
scen_000092,alt_scen_000092_00085,alt_scen_000092_00038,117.0,1,0,0,0,1,0,0,0,0.64,1,0
scen_000092,alt_scen_000092_00085,alt_scen_000092_00039,118.8,1,0,0,0,1,0,0,0,0.48,1,0
scen_000092,alt_scen_000092_00085,alt_scen_000092_00040,137.0,1,0,0,0,0,0,0,0,0.48,1,0
scen_000092,alt_scen_000092_00085,alt_scen_000092_00041,141.34,1,0,0,0,0,0,0,0,0.54,1,0
scen_000092,alt_scen_000092_00085,alt_scen_000092_00042,157.0,1,0,0,0,0,0,0,0,0.19,1,0
scen_000092,alt_scen_000092_00034,alt_scen_000092_00035,20.0,1,0,0,1,1,0,0,0,0.27,1,1
scen_000092,alt_scen_000092_00034,alt_scen_000092_00036,40.0,1,0,0,1,1,0,0,0,0.47,1,1
scen_000092,alt_scen_000092_00034,alt_scen_000092_00037,50.0,1,0,0,1,1,0,0,0,0.32,1,1
scen_000092,alt_scen_000092_00034,alt_scen_000092_00038,50.0,1,0,0,0,0,0,0,0,0.49,1,1
scen_000092,alt_scen_000092_00034,alt_scen_000092_00039,51.8,1,0,0,0,0,0,0,0,0.56,1,1
scen_000092,alt_scen_000092_00034,alt_scen_000092_00040,70.0,1,0,0,1,1,0,0,0,0.89,1,1
scen_000092,alt_scen_000092_00034,alt_scen_000092_00041,74.34,1,0,0,1,1,0,0,0,0.75,1,1
scen_000092,alt_scen_000092_00034,alt_scen_000092_00042,90.0,1,0,0,1,1,0,0,0,0.89,1,1
scen_000092,alt_scen_000092_00034,alt_scen_000092_00043,120.0,1,0,0,0,0,0,0,0,0.83,1,1
scen_000092,alt_scen_000092_00035,alt_scen_000092_00036,20.0,1,0,0,1,1,0,0,0,0.44,1,1
scen_000092,alt_scen_000092_00035,alt_scen_000092_00037,30.0,1,0,0,1,1,0,0,0,0.61,1,1
scen_000092,alt_scen_000092_00035,alt_scen_000092_00038,30.0,1,0,0,0,0,0,0,0,0.61,1,1
scen_000092,alt_scen_000092_00035,alt_scen_000092_00039,31.8,1,0,0,0,0,0,0,0,0.83,1,1
scen_000092,alt_scen_000092_00035,alt_scen_000092_00040,50.0,1,0,0,1,1,0,0,0,0.34,1,1
scen_000092,alt_scen_000092_00035,alt_scen_000092_00041,54.34,1,0,0,1,1,0,0,0,0.12,1,1
scen_000092,alt_scen_000092_00035,alt_scen_000092_00042,70.0,1,0,0,1,1,0,0,0,0.83,1,1
scen_000092,alt_scen_000092_00035,alt_scen_000092_00043,100.0,1,0,0,0,0,0,0,0,0.52,1,1
scen_000092,alt_scen_000092_00035,alt_scen_000092_00044,120.0,1,0,0,1,1,0,0,0,0.81,1,1
scen_000092,alt_scen_000092_00036,alt_scen_000092_00037,10.0,1,0,0,1,1,0,0,0,0.18,1,1
scen_000092,alt_scen_000092_00036,alt_scen_000092_00038,10.0,1,0,0,0,0,0,0,0,0.68,1,1
scen_000092,alt_scen_000092_00036,alt_scen_000092_00039,11.8,1,0,0,0,0,0,0,0,0.45,1,1
scen_000092,alt_scen_000092_00036,alt_scen_000092_00040,30.0,1,0,0,1,1,0,0,0,0.37,1,1
scen_000092,alt_scen_000092_00036,alt_scen_000092_00041,34.34,1,0,0,1,1,0,0,0,0.31,1,1
scen_000092,alt_scen_000092_00036,alt_scen_000092_00042,50.0,1,0,0,1,1,0,0,0,0.19,1,1
scen_000092,alt_scen_000092_00036,alt_scen_000092_00043,80.0,1,0,0,0,0,0,0,0,0.4,1,1
scen_000092,alt_scen_000092_00036,alt_scen_000092_00044,100.0,1,0,0,1,1,0,0,0,0.71,1,1
scen_000092,alt_scen_000092_00036,alt_scen_000092_00045,110.0,1,0,0,1,1,0,0,0,0.73,1,1
scen_000092,alt_scen_000092_00037,alt_scen_000092_00038,0.0,1,0,0,0,0,0,0,0,0.71,1,1
scen_000092,alt_scen_000092_00037,alt_scen_000092_00039,1.8,1,0,0,0,0,0,0,0,0.41,1,1
scen_000092,alt_scen_000092_00037,alt_scen_000092_00040,20.0,1,0,0,1,1,0,0,0,0.72,1,1
scen_000092,alt_scen_000092_00037,alt_scen_000092_00041,24.34,1,0,0,1,1,0,0,0,0.28,1,1
scen_000092,alt_scen_000092_00037,alt_scen_000092_00042,40.0,1,0,0,1,1,0,0,0,0.28,1,1
scen_000092,alt_scen_000092_00037,alt_scen_000092_00043,70.0,1,0,0,0,0,0,0,0,0.64,1,1
scen_000092,alt_scen_000092_00037,alt_scen_000092_00044,90.0,1,0,0,1,1,0,0,0,0.57,1,1
scen_000092,alt_scen_000092_00037,alt_scen_000092_00045,100.0,1,0,0,1,1,0,0,0,0.79,1,1
scen_000092,alt_scen_000092_00037,alt_scen_000092_00046,140.0,1,0,0,0,0,0,0,0,0.26,1,1
scen_000092,alt_scen_000092_00038,alt_scen_000092_00039,1.8,1,0,0,1,1,0,0,0,0.18,1,1
scen_000092,alt_scen_000092_00038,alt_scen_000092_00040,20.0,1,0,0,0,0,0,0,0,0.27,1,1
scen_000092,alt_scen_000092_00038,alt_scen_000092_00041,24.34,1,0,0,0,0,0,0,0,0.5,1,1
scen_000092,alt_scen_000092_00038,alt_scen_000092_00042,40.0,1,0,0,0,0,0,0,0,0.2,1,1
scen_000092,alt_scen_000092_00038,alt_scen_000092_00043,70.0,1,0,0,1,1,0,0,0,0.51,1,1
scen_000092,alt_scen_000092_00038,alt_scen_000092_00044,90.0,1,0,0,0,0,0,0,0,0.84,1,1
scen_000092,alt_scen_000092_00038,alt_scen_000092_00045,100.0,1,0,0,0,0,0,0,0,0.44,1,1
scen_000092,alt_scen_000092_00038,alt_scen_000092_00046,140.0,1,0,0,1,1,0,0,0,0.35,1,1
scen_000092,alt_scen_000092_00038,alt_scen_000092_00047,150.0,1,0,0,1,1,0,0,0,0.38,1,1
scen_000092,alt_scen_000092_00039,alt_scen_000092_00040,18.2,1,0,0,0,0,0,0,0,0.85,1,1
scen_000092,alt_scen_000092_00039,alt_scen_000092_00041,22.55,1,0,0,0,0,0,0,0,0.44,1,1
scen_000092,alt_scen_000092_00039,alt_scen_000092_00042,38.2,1,0,0,0,0,0,0,0,0.23,1,1
scen_000092,alt_scen_000092_00039,alt_scen_000092_00043,68.2,1,0,0,1,1,0,0,0,0.1,1,1
scen_000092,alt_scen_000092_00039,alt_scen_000092_00044,88.2,1,0,0,0,0,0,0,0,0.39,1,1
scen_000092,alt_scen_000092_00039,alt_scen_000092_00045,98.2,1,0,0,0,0,0,0,0,0.25,1,1
scen_000092,alt_scen_000092_00039,alt_scen_000092_00046,138.2,1,0,0,1,1,0,0,0,0.84,1,1
scen_000092,alt_scen_000092_00039,alt_scen_000092_00047,148.2,1,0,0,1,1,0,0,0,0.63,1,1
scen_000092,alt_scen_000092_00039,alt_scen_000092_00048,158.2,1,0,0,0,0,0,0,0,0.63,1,1
scen_000092,alt_scen_000092_00040,alt_scen_000092_00041,4.34,1,0,0,1,1,0,0,0,0.59,1,1
scen_000092,alt_scen_000092_00040,alt_scen_000092_00042,20.0,1,0,0,1,1,0,0,0,0.6,1,1
scen_000092,alt_scen_000092_00040,alt_scen_000092_00043,50.0,1,0,0,0,0,0,0,0,0.65,1,1
scen_000092,alt_scen_000092_00040,alt_scen_000092_00044,70.0,1,0,0,1,1,0,0,0,0.88,1,1
scen_000092,alt_scen_000092_00040,alt_scen_000092_00045,80.0,1,0,0,1,1,0,0,0,0.41,1,1
scen_000092,alt_scen_000092_00040,alt_scen_000092_00046,120.0,1,0,0,0,0,0,0,0,0.17,1,1
scen_000092,alt_scen_000092_00040,alt_scen_000092_00047,130.0,1,0,0,0,0,0,0,0,0.3,1,1
scen_000092,alt_scen_000092_00040,alt_scen_000092_00048,140.0,1,0,0,1,1,0,0,0,0.49,1,1
scen_000092,alt_scen_000092_00040,alt_scen_000092_00049,160.0,1,0,0,0,0,0,0,0,0.11,1,1
scen_000092,alt_scen_000092_00041,alt_scen_000092_00042,15.66,1,0,0,1,1,0,0,0,0.77,1,1
scen_000092,alt_scen_000092_00041,alt_scen_000092_00043,45.66,1,0,0,0,0,0,0,0,0.43,1,1
scen_000092,alt_scen_000092_00041,alt_scen_000092_00044,65.66,1,0,0,1,1,0,0,0,0.81,1,1
scen_000092,alt_scen_000092_00041,alt_scen_000092_00045,75.66,1,0,0,1,1,0,0,0,0.38,1,1
scen_000092,alt_scen_000092_00041,alt_scen_000092_00046,115.66,1,0,0,0,0,0,0,0,0.38,1,1
scen_000092,alt_scen_000092_00041,alt_scen_000092_00047,125.66,1,0,0,0,0,0,0,0,0.73,1,1
scen_000092,alt_scen_000092_00041,alt_scen_000092_00048,135.66,1,0,0,1,1,0,0,0,0.43,1,1
scen_000092,alt_scen_000092_00041,alt_scen_000092_00049,155.66,1,0,0,0,0,0,0,0,0.74,1,1
scen_000092,alt_scen_000092_00041,alt_scen_000092_00050,158.67,1,0,0,0,0,0,0,0,0.5,1,1
scen_000092,alt_scen_000092_00042,alt_scen_000092_00043,30.0,1,0,0,0,0,0,0,0,0.53,1,1
scen_000092,alt_scen_000092_00042,alt_scen_000092_00044,50.0,1,0,0,1,1,0,0,0,0.87,1,1
scen_000092,alt_scen_000092_00042,alt_scen_000092_00045,60.0,1,0,0,1,1,0,0,0,0.61,1,1
scen_000092,alt_scen_000092_00042,alt_scen_000092_00046,100.0,1,0,0,0,0,0,0,0,0.2,1,1
scen_000092,alt_scen_000092_00042,alt_scen_000092_00047,110.0,1,0,0,0,0,0,0,0,0.49,1,1
scen_000092,alt_scen_000092_00042,alt_scen_000092_00048,120.0,1,0,0,1,1,0,0,0,0.71,1,1
scen_000092,alt_scen_000092_00042,alt_scen_000092_00049,140.0,1,0,0,0,0,0,0,0,0.66,1,1
scen_000092,alt_scen_000092_00042,alt_scen_000092_00050,143.01,1,0,0,0,0,0,0,0,0.3,1,1
scen_000092,alt_scen_000092_00042,alt_scen_000092_00051,150.0,1,0,0,1,1,0,0,0,0.82,1,1
scen_000092,alt_scen_000092_00043,alt_scen_000092_00044,20.0,1,0,0,0,0,0,0,0,0.28,1,1
scen_000092,alt_scen_000092_00043,alt_scen_000092_00045,30.0,1,0,0,0,0,0,0,0,0.17,1,1
scen_000092,alt_scen_000092_00043,alt_scen_000092_00046,70.0,1,0,0,1,1,0,0,0,0.78,1,1
scen_000092,alt_scen_000092_00043,alt_scen_000092_00047,80.0,1,0,0,1,1,0,0,0,0.76,1,1
scen_000092,alt_scen_000092_00043,alt_scen_000092_00048,90.0,1,0,0,0,0,0,0,0,0.85,1,1
scen_000092,alt_scen_000092_00043,alt_scen_000092_00049,110.0,1,0,0,1,1,0,0,0,0.61,1,1
scen_000092,alt_scen_000092_00043,alt_scen_000092_00050,113.01,1,0,0,1,1,0,0,0,0.75,1,1
scen_000092,alt_scen_000092_00043,alt_scen_000092_00051,120.0,1,0,0,0,0,0,0,0,0.67,1,1
scen_000092,alt_scen_000092_00043,alt_scen_000092_00052,120.0,1,0,0,1,1,0,0,0,0.24,1,1
scen_000092,alt_scen_000092_00044,alt_scen_000092_00045,10.0,1,0,0,1,1,0,0,0,0.54,1,1
scen_000092,alt_scen_000092_00044,alt_scen_000092_00046,50.0,1,0,0,0,0,0,0,0,0.1,1,1
scen_000092,alt_scen_000092_00044,alt_scen_000092_00047,60.0,1,0,0,0,0,0,0,0,0.25,1,1
scen_000092,alt_scen_000092_00044,alt_scen_000092_00048,70.0,1,0,0,1,1,0,0,0,0.41,1,1
scen_000092,alt_scen_000092_00044,alt_scen_000092_00049,90.0,1,0,0,0,0,0,0,0,0.14,1,1
scen_000092,alt_scen_000092_00044,alt_scen_000092_00050,93.01,1,0,0,0,0,0,0,0,0.19,1,1
scen_000092,alt_scen_000092_00044,alt_scen_000092_00051,100.0,1,0,0,1,1,0,0,0,0.71,1,1
scen_000092,alt_scen_000092_00044,alt_scen_000092_00052,100.0,1,0,0,0,0,0,0,0,0.68,1,1
scen_000092,alt_scen_000092_00044,alt_scen_000092_00053,110.0,1,0,0,1,1,0,0,0,0.71,1,1
scen_000092,alt_scen_000092_00045,alt_scen_000092_00046,40.0,1,0,0,0,0,0,0,0,0.42,1,1
scen_000092,alt_scen_000092_00045,alt_scen_000092_00047,50.0,1,0,0,0,0,0,0,0,0.49,1,1
scen_000092,alt_scen_000092_00045,alt_scen_000092_00048,60.0,1,0,0,1,1,0,0,0,0.6,1,1
scen_000092,alt_scen_000092_00045,alt_scen_000092_00049,80.0,1,0,0,0,0,0,0,0,0.69,1,1
scen_000092,alt_scen_000092_00045,alt_scen_000092_00050,83.01,1,0,0,0,0,0,0,0,0.76,1,1
scen_000092,alt_scen_000092_00045,alt_scen_000092_00051,90.0,1,0,0,1,1,0,0,0,0.3,1,1
scen_000092,alt_scen_000092_00045,alt_scen_000092_00052,90.0,1,0,0,0,0,0,0,0,0.32,1,1
scen_000092,alt_scen_000092_00045,alt_scen_000092_00053,100.0,1,0,0,1,1,0,0,0,0.79,1,1
scen_000092,alt_scen_000092_00045,alt_scen_000092_00054,110.0,1,0,0,1,1,0,0,0,0.89,1,1
scen_000092,alt_scen_000092_00046,alt_scen_000092_00047,10.0,1,0,0,1,1,0,0,0,0.87,1,1
scen_000092,alt_scen_000092_00046,alt_scen_000092_00048,20.0,1,0,0,0,0,0,0,0,0.76,1,1
scen_000092,alt_scen_000092_00046,alt_scen_000092_00049,40.0,1,0,0,1,1,0,0,0,0.57,1,1
scen_000092,alt_scen_000092_00046,alt_scen_000092_00050,43.01,1,0,0,1,1,0,0,0,0.37,1,1
scen_000092,alt_scen_000092_00046,alt_scen_000092_00051,50.0,1,0,0,0,0,0,0,0,0.13,1,1
scen_000092,alt_scen_000092_00046,alt_scen_000092_00052,50.0,1,0,0,1,1,0,0,0,0.3,1,1
scen_000092,alt_scen_000092_00046,alt_scen_000092_00053,60.0,1,0,0,0,0,0,0,0,0.86,1,1
scen_000092,alt_scen_000092_00046,alt_scen_000092_00054,70.0,1,0,0,0,0,0,0,0,0.34,1,1
scen_000092,alt_scen_000092_00046,alt_scen_000092_00055,80.0,1,0,0,0,0,0,0,0,0.33,1,1
scen_000092,alt_scen_000092_00047,alt_scen_000092_00048,10.0,1,0,0,0,0,0,0,0,0.76,1,1
scen_000092,alt_scen_000092_00047,alt_scen_000092_00049,30.0,1,0,0,1,1,0,0,0,0.12,1,1
scen_000092,alt_scen_000092_00047,alt_scen_000092_00050,33.01,1,0,0,1,1,0,0,0,0.24,1,1
scen_000092,alt_scen_000092_00047,alt_scen_000092_00051,40.0,1,0,0,0,0,0,0,0,0.12,1,1
scen_000092,alt_scen_000092_00047,alt_scen_000092_00052,40.0,1,0,0,1,1,0,0,0,0.82,1,1
scen_000092,alt_scen_000092_00047,alt_scen_000092_00053,50.0,1,0,0,0,0,0,0,0,0.18,1,1
scen_000092,alt_scen_000092_00047,alt_scen_000092_00054,60.0,1,0,0,0,0,0,0,0,0.48,1,1
scen_000092,alt_scen_000092_00047,alt_scen_000092_00055,70.0,1,0,0,0,0,0,0,0,0.2,1,1
scen_000092,alt_scen_000092_00047,alt_scen_000092_00056,70.0,1,0,0,1,1,0,0,0,0.88,1,1
scen_000092,alt_scen_000092_00048,alt_scen_000092_00049,20.0,1,0,0,0,0,0,0,0,0.79,1,1
scen_000092,alt_scen_000092_00048,alt_scen_000092_00050,23.01,1,0,0,0,0,0,0,0,0.34,1,1
scen_000092,alt_scen_000092_00048,alt_scen_000092_00051,30.0,1,0,0,1,1,0,0,0,0.16,1,1
scen_000092,alt_scen_000092_00048,alt_scen_000092_00052,30.0,1,0,0,0,0,0,0,0,0.28,1,1
scen_000092,alt_scen_000092_00048,alt_scen_000092_00053,40.0,1,0,0,1,1,0,0,0,0.53,1,1
scen_000092,alt_scen_000092_00048,alt_scen_000092_00054,50.0,1,0,0,1,1,0,0,0,0.16,1,1
scen_000092,alt_scen_000092_00048,alt_scen_000092_00055,60.0,1,0,0,1,1,0,0,0,0.2,1,1
scen_000092,alt_scen_000092_00048,alt_scen_000092_00056,60.0,1,0,0,0,0,0,0,0,0.36,1,1
scen_000092,alt_scen_000092_00048,alt_scen_000092_00057,80.0,1,0,0,0,0,0,0,0,0.64,1,1
scen_000092,alt_scen_000092_00049,alt_scen_000092_00050,3.01,1,0,0,1,1,0,0,0,0.16,1,1
scen_000092,alt_scen_000092_00049,alt_scen_000092_00051,10.0,1,0,0,0,0,0,0,0,0.64,1,1
scen_000092,alt_scen_000092_00049,alt_scen_000092_00052,10.0,1,0,0,1,1,0,0,0,0.64,1,1
scen_000092,alt_scen_000092_00049,alt_scen_000092_00053,20.0,1,0,0,0,0,0,0,0,0.33,1,1
scen_000092,alt_scen_000092_00049,alt_scen_000092_00054,30.0,1,0,0,0,0,0,0,0,0.65,1,1
scen_000092,alt_scen_000092_00049,alt_scen_000092_00055,40.0,1,0,0,0,0,0,0,0,0.88,1,1
scen_000092,alt_scen_000092_00049,alt_scen_000092_00056,40.0,1,0,0,1,1,0,0,0,0.78,1,1
scen_000092,alt_scen_000092_00049,alt_scen_000092_00057,60.0,1,0,0,1,1,0,0,0,0.78,1,1
scen_000092,alt_scen_000092_00049,alt_scen_000092_00058,64.06,1,0,0,1,1,0,0,0,0.59,1,1
scen_000092,alt_scen_000092_00050,alt_scen_000092_00051,6.99,1,0,0,0,0,0,0,0,0.66,1,1
scen_000092,alt_scen_000092_00050,alt_scen_000092_00052,6.99,1,0,0,1,1,0,0,0,0.2,1,1
scen_000092,alt_scen_000092_00050,alt_scen_000092_00053,16.99,1,0,0,0,0,0,0,0,0.55,1,1
scen_000092,alt_scen_000092_00050,alt_scen_000092_00054,26.99,1,0,0,0,0,0,0,0,0.13,1,1
scen_000092,alt_scen_000092_00050,alt_scen_000092_00055,36.99,1,0,0,0,0,0,0,0,0.72,1,1
scen_000092,alt_scen_000092_00050,alt_scen_000092_00056,36.99,1,0,0,1,1,0,0,0,0.37,1,1
scen_000092,alt_scen_000092_00050,alt_scen_000092_00057,56.99,1,0,0,1,1,0,0,0,0.12,1,1
scen_000092,alt_scen_000092_00050,alt_scen_000092_00058,61.05,1,0,0,1,1,0,0,0,0.83,1,1
scen_000092,alt_scen_000092_00050,alt_scen_000092_00059,66.99,1,0,0,1,1,0,0,0,0.61,1,1
scen_000092,alt_scen_000092_00051,alt_scen_000092_00052,0.0,1,0,0,0,0,0,0,0,0.55,1,1
scen_000092,alt_scen_000092_00051,alt_scen_000092_00053,10.0,1,0,0,1,1,0,0,0,0.74,1,1
scen_000092,alt_scen_000092_00051,alt_scen_000092_00054,20.0,1,0,0,1,1,0,0,0,0.73,1,1
scen_000092,alt_scen_000092_00051,alt_scen_000092_00055,30.0,1,0,0,1,1,0,0,0,0.13,1,1
scen_000092,alt_scen_000092_00051,alt_scen_000092_00056,30.0,1,0,0,0,0,0,0,0,0.31,1,1
scen_000092,alt_scen_000092_00051,alt_scen_000092_00057,50.0,1,0,0,0,0,0,0,0,0.67,1,1
scen_000092,alt_scen_000092_00051,alt_scen_000092_00058,54.06,1,0,0,0,0,0,0,0,0.71,1,1
scen_000092,alt_scen_000092_00051,alt_scen_000092_00059,60.0,1,0,0,0,0,0,0,0,0.88,1,1
scen_000092,alt_scen_000092_00051,alt_scen_000092_00060,70.0,1,0,0,1,1,0,0,0,0.37,1,1
scen_000092,alt_scen_000092_00052,alt_scen_000092_00053,10.0,1,0,0,0,0,0,0,0,0.76,1,1
scen_000092,alt_scen_000092_00052,alt_scen_000092_00054,20.0,1,0,0,0,0,0,0,0,0.64,1,1
scen_000092,alt_scen_000092_00052,alt_scen_000092_00055,30.0,1,0,0,0,0,0,0,0,0.48,1,1
scen_000092,alt_scen_000092_00052,alt_scen_000092_00056,30.0,1,0,0,1,1,0,0,0,0.79,1,1
scen_000092,alt_scen_000092_00052,alt_scen_000092_00057,50.0,1,0,0,1,1,0,0,0,0.65,1,1
scen_000092,alt_scen_000092_00052,alt_scen_000092_00058,54.06,1,0,0,1,1,0,0,0,0.51,1,1
scen_000092,alt_scen_000092_00052,alt_scen_000092_00059,60.0,1,0,0,1,1,0,0,0,0.15,1,1
scen_000092,alt_scen_000092_00052,alt_scen_000092_00060,70.0,1,0,0,0,0,0,0,0,0.31,1,1
scen_000092,alt_scen_000092_00052,alt_scen_000092_00061,80.0,1,0,0,1,1,0,0,0,0.44,1,1
scen_000092,alt_scen_000092_00053,alt_scen_000092_00054,10.0,1,0,0,1,1,0,0,0,0.17,1,1
scen_000092,alt_scen_000092_00053,alt_scen_000092_00055,20.0,1,0,0,1,1,0,0,0,0.58,1,1
scen_000092,alt_scen_000092_00053,alt_scen_000092_00056,20.0,1,0,0,0,0,0,0,0,0.37,1,1
scen_000092,alt_scen_000092_00053,alt_scen_000092_00057,40.0,1,0,0,0,0,0,0,0,0.33,1,1
scen_000092,alt_scen_000092_00053,alt_scen_000092_00058,44.06,1,0,0,0,0,0,0,0,0.44,1,1
scen_000092,alt_scen_000092_00053,alt_scen_000092_00059,50.0,1,0,0,0,0,0,0,0,0.52,1,1
scen_000092,alt_scen_000092_00053,alt_scen_000092_00060,60.0,1,0,0,1,1,0,0,0,0.11,1,1
scen_000092,alt_scen_000092_00053,alt_scen_000092_00061,70.0,1,0,0,0,0,0,0,0,0.48,1,1
scen_000092,alt_scen_000092_00053,alt_scen_000092_00062,80.0,1,0,0,1,1,0,0,0,0.65,1,1
scen_000092,alt_scen_000092_00054,alt_scen_000092_00055,10.0,1,0,0,1,1,0,0,0,0.47,1,1
scen_000092,alt_scen_000092_00054,alt_scen_000092_00056,10.0,1,0,0,0,0,0,0,0,0.49,1,1
scen_000092,alt_scen_000092_00054,alt_scen_000092_00057,30.0,1,0,0,0,0,0,0,0,0.4,1,1
scen_000092,alt_scen_000092_00054,alt_scen_000092_00058,34.06,1,0,0,0,0,0,0,0,0.89,1,1
scen_000092,alt_scen_000092_00054,alt_scen_000092_00059,40.0,1,0,0,0,0,0,0,0,0.29,1,1
scen_000092,alt_scen_000092_00054,alt_scen_000092_00060,50.0,1,0,0,1,1,0,0,0,0.59,1,1
scen_000092,alt_scen_000092_00054,alt_scen_000092_00061,60.0,1,0,0,0,0,0,0,0,0.68,1,1
scen_000092,alt_scen_000092_00054,alt_scen_000092_00062,70.0,1,0,0,1,1,0,0,0,0.14,1,1
scen_000092,alt_scen_000092_00054,alt_scen_000092_00063,80.0,1,0,0,1,1,0,0,0,0.48,1,1
scen_000092,alt_scen_000092_00055,alt_scen_000092_00056,0.0,1,0,0,0,0,0,0,0,0.62,1,1
scen_000092,alt_scen_000092_00055,alt_scen_000092_00057,20.0,1,0,0,0,0,0,0,0,0.62,1,1
scen_000092,alt_scen_000092_00055,alt_scen_000092_00058,24.06,1,0,0,0,0,0,0,0,0.15,1,1
scen_000092,alt_scen_000092_00055,alt_scen_000092_00059,30.0,1,0,0,0,0,0,0,0,0.35,1,1
scen_000092,alt_scen_000092_00055,alt_scen_000092_00060,40.0,1,0,0,1,1,0,0,0,0.2,1,1
scen_000092,alt_scen_000092_00055,alt_scen_000092_00061,50.0,1,0,0,0,0,0,0,0,0.28,1,1
scen_000092,alt_scen_000092_00055,alt_scen_000092_00062,60.0,1,0,0,1,1,0,0,0,0.84,1,1
scen_000092,alt_scen_000092_00055,alt_scen_000092_00063,70.0,1,0,0,1,1,0,0,0,0.51,1,1
scen_000092,alt_scen_000092_00055,alt_scen_000092_00064,70.0,1,0,0,0,0,0,0,0,0.81,1,1
scen_000092,alt_scen_000092_00056,alt_scen_000092_00057,20.0,1,0,0,1,1,0,0,0,0.68,1,1
scen_000092,alt_scen_000092_00056,alt_scen_000092_00058,24.06,1,0,0,1,1,0,0,0,0.51,1,1
scen_000092,alt_scen_000092_00056,alt_scen_000092_00059,30.0,1,0,0,1,1,0,0,0,0.59,1,1
scen_000092,alt_scen_000092_00056,alt_scen_000092_00060,40.0,1,0,0,0,0,0,0,0,0.71,1,1
scen_000092,alt_scen_000092_00056,alt_scen_000092_00061,50.0,1,0,0,1,1,0,0,0,0.14,1,1
scen_000092,alt_scen_000092_00056,alt_scen_000092_00062,60.0,1,0,0,0,0,0,0,0,0.73,1,1
scen_000092,alt_scen_000092_00056,alt_scen_000092_00063,70.0,1,0,0,0,0,0,0,0,0.62,1,1
scen_000092,alt_scen_000092_00056,alt_scen_000092_00064,70.0,1,0,0,1,1,0,0,0,0.41,1,1
scen_000092,alt_scen_000092_00056,alt_scen_000092_00065,90.0,1,0,0,0,0,0,0,0,0.57,1,1
scen_000092,alt_scen_000092_00057,alt_scen_000092_00058,4.06,1,0,0,1,1,0,0,0,0.59,1,1
scen_000092,alt_scen_000092_00057,alt_scen_000092_00059,10.0,1,0,0,1,1,0,0,0,0.11,1,1
scen_000092,alt_scen_000092_00057,alt_scen_000092_00060,20.0,1,0,0,0,0,0,0,0,0.57,1,1
scen_000092,alt_scen_000092_00057,alt_scen_000092_00061,30.0,1,0,0,1,1,0,0,0,0.62,1,1
scen_000092,alt_scen_000092_00057,alt_scen_000092_00062,40.0,1,0,0,0,0,0,0,0,0.81,1,1
scen_000092,alt_scen_000092_00057,alt_scen_000092_00063,50.0,1,0,0,0,0,0,0,0,0.58,1,1
scen_000092,alt_scen_000092_00057,alt_scen_000092_00064,50.0,1,0,0,1,1,0,0,0,0.38,1,1
scen_000092,alt_scen_000092_00057,alt_scen_000092_00065,70.0,1,0,0,0,0,0,0,0,0.23,1,1
scen_000092,alt_scen_000092_00057,alt_scen_000092_00066,73.88,1,0,0,0,0,0,0,0,0.4,1,1
scen_000092,alt_scen_000092_00058,alt_scen_000092_00059,5.94,1,0,0,1,1,0,0,0,0.8,1,1
scen_000092,alt_scen_000092_00058,alt_scen_000092_00060,15.94,1,0,0,0,0,0,0,0,0.57,1,1
scen_000092,alt_scen_000092_00058,alt_scen_000092_00061,25.94,1,0,0,1,1,0,0,0,0.63,1,1
scen_000092,alt_scen_000092_00058,alt_scen_000092_00062,35.94,1,0,0,0,0,0,0,0,0.23,1,1
scen_000092,alt_scen_000092_00058,alt_scen_000092_00063,45.94,1,0,0,0,0,0,0,0,0.62,1,1
scen_000092,alt_scen_000092_00058,alt_scen_000092_00064,45.94,1,0,0,1,1,0,0,0,0.15,1,1
scen_000092,alt_scen_000092_00058,alt_scen_000092_00065,65.94,1,0,0,0,0,0,0,0,0.55,1,1
scen_000092,alt_scen_000092_00058,alt_scen_000092_00066,69.82,1,0,0,0,0,0,0,0,0.46,1,1
scen_000092,alt_scen_000092_00058,alt_scen_000092_00067,105.94,1,0,0,0,0,0,0,0,0.77,1,1
scen_000092,alt_scen_000092_00059,alt_scen_000092_00060,10.0,1,0,0,0,0,0,0,0,0.45,1,1
scen_000092,alt_scen_000092_00059,alt_scen_000092_00061,20.0,1,0,0,1,1,0,0,0,0.31,1,1
scen_000092,alt_scen_000092_00059,alt_scen_000092_00062,30.0,1,0,0,0,0,0,0,0,0.76,1,1
scen_000092,alt_scen_000092_00059,alt_scen_000092_00063,40.0,1,0,0,0,0,0,0,0,0.22,1,1
scen_000092,alt_scen_000092_00059,alt_scen_000092_00064,40.0,1,0,0,1,1,0,0,0,0.46,1,1
scen_000092,alt_scen_000092_00059,alt_scen_000092_00065,60.0,1,0,0,0,0,0,0,0,0.35,1,1
scen_000092,alt_scen_000092_00059,alt_scen_000092_00066,63.88,1,0,0,0,0,0,0,0,0.74,1,1
scen_000092,alt_scen_000092_00059,alt_scen_000092_00067,100.0,1,0,0,0,0,0,0,0,0.2,1,1
scen_000092,alt_scen_000092_00059,alt_scen_000092_00068,110.0,1,0,0,1,1,0,0,0,0.5,1,1
scen_000092,alt_scen_000092_00060,alt_scen_000092_00061,10.0,1,0,0,0,0,0,0,0,0.38,1,1
scen_000092,alt_scen_000092_00060,alt_scen_000092_00062,20.0,1,0,0,1,1,0,0,0,0.63,1,1
scen_000092,alt_scen_000092_00060,alt_scen_000092_00063,30.0,1,0,0,1,1,0,0,0,0.39,1,1
scen_000092,alt_scen_000092_00060,alt_scen_000092_00064,30.0,1,0,0,0,0,0,0,0,0.76,1,1
scen_000092,alt_scen_000092_00060,alt_scen_000092_00065,50.0,1,0,0,1,1,0,0,0,0.66,1,1
scen_000092,alt_scen_000092_00060,alt_scen_000092_00066,53.88,1,0,0,1,1,0,0,0,0.38,1,1
scen_000092,alt_scen_000092_00060,alt_scen_000092_00067,90.0,1,0,0,1,1,0,0,0,0.5,1,1
scen_000092,alt_scen_000092_00060,alt_scen_000092_00068,100.0,1,0,0,0,0,0,0,0,0.35,1,1
scen_000092,alt_scen_000092_00060,alt_scen_000092_00069,120.0,1,0,0,0,0,0,0,0,0.45,1,1
scen_000092,alt_scen_000092_00061,alt_scen_000092_00062,10.0,1,0,0,0,0,0,0,0,0.7,1,1
scen_000092,alt_scen_000092_00061,alt_scen_000092_00063,20.0,1,0,0,0,0,0,0,0,0.51,1,1
scen_000092,alt_scen_000092_00061,alt_scen_000092_00064,20.0,1,0,0,1,1,0,0,0,0.62,1,1
scen_000092,alt_scen_000092_00061,alt_scen_000092_00065,40.0,1,0,0,0,0,0,0,0,0.22,1,1
scen_000092,alt_scen_000092_00061,alt_scen_000092_00066,43.88,1,0,0,0,0,0,0,0,0.51,1,1
scen_000092,alt_scen_000092_00061,alt_scen_000092_00067,80.0,1,0,0,0,0,0,0,0,0.88,1,1
scen_000092,alt_scen_000092_00061,alt_scen_000092_00068,90.0,1,0,0,1,1,0,0,0,0.38,1,1
scen_000092,alt_scen_000092_00061,alt_scen_000092_00069,110.0,1,0,0,1,1,0,0,0,0.87,1,1
scen_000092,alt_scen_000092_00061,alt_scen_000092_00070,140.0,1,0,0,0,0,0,0,0,0.67,1,1
scen_000092,alt_scen_000092_00062,alt_scen_000092_00063,10.0,1,0,0,1,1,0,0,0,0.4,1,1
scen_000092,alt_scen_000092_00062,alt_scen_000092_00064,10.0,1,0,0,0,0,0,0,0,0.58,1,1
scen_000092,alt_scen_000092_00062,alt_scen_000092_00065,30.0,1,0,0,1,1,0,0,0,0.89,1,1
scen_000092,alt_scen_000092_00062,alt_scen_000092_00066,33.88,1,0,0,1,1,0,0,0,0.31,1,1
scen_000092,alt_scen_000092_00062,alt_scen_000092_00067,70.0,1,0,0,1,1,0,0,0,0.71,1,1
scen_000092,alt_scen_000092_00062,alt_scen_000092_00068,80.0,1,0,0,0,0,0,0,0,0.52,1,1
scen_000092,alt_scen_000092_00062,alt_scen_000092_00069,100.0,1,0,0,0,0,0,0,0,0.44,1,1
scen_000092,alt_scen_000092_00062,alt_scen_000092_00070,130.0,1,0,0,1,1,0,0,0,0.59,1,1
scen_000092,alt_scen_000092_00062,alt_scen_000092_00071,160.0,1,0,0,0,0,0,0,0,0.48,1,1
scen_000092,alt_scen_000092_00063,alt_scen_000092_00064,0.0,1,0,0,0,0,0,0,0,0.77,1,1
scen_000092,alt_scen_000092_00063,alt_scen_000092_00065,20.0,1,0,0,1,1,0,0,0,0.4,1,1
scen_000092,alt_scen_000092_00063,alt_scen_000092_00066,23.88,1,0,0,1,1,0,0,0,0.36,1,1
scen_000092,alt_scen_000092_00063,alt_scen_000092_00067,60.0,1,0,0,1,1,0,0,0,0.27,1,1
scen_000092,alt_scen_000092_00063,alt_scen_000092_00068,70.0,1,0,0,0,0,0,0,0,0.11,1,1
scen_000092,alt_scen_000092_00063,alt_scen_000092_00069,90.0,1,0,0,0,0,0,0,0,0.73,1,1
scen_000092,alt_scen_000092_00063,alt_scen_000092_00070,120.0,1,0,0,1,1,0,0,0,0.49,1,1
scen_000092,alt_scen_000092_00063,alt_scen_000092_00071,150.0,1,0,0,0,0,0,0,0,0.86,1,1
scen_000092,alt_scen_000092_00063,alt_scen_000092_00072,160.0,1,0,0,1,1,0,0,0,0.14,1,1
scen_000092,alt_scen_000092_00064,alt_scen_000092_00065,20.0,1,0,0,0,0,0,0,0,0.33,1,1
scen_000092,alt_scen_000092_00064,alt_scen_000092_00066,23.88,1,0,0,0,0,0,0,0,0.72,1,1
scen_000092,alt_scen_000092_00064,alt_scen_000092_00067,60.0,1,0,0,0,0,0,0,0,0.52,1,1
scen_000092,alt_scen_000092_00064,alt_scen_000092_00068,70.0,1,0,0,1,1,0,0,0,0.27,1,1
scen_000092,alt_scen_000092_00064,alt_scen_000092_00069,90.0,1,0,0,1,1,0,0,0,0.77,1,1
scen_000092,alt_scen_000092_00064,alt_scen_000092_00070,120.0,1,0,0,0,0,0,0,0,0.26,1,1
scen_000092,alt_scen_000092_00064,alt_scen_000092_00071,150.0,1,0,0,1,1,0,0,0,0.55,1,1
scen_000092,alt_scen_000092_00064,alt_scen_000092_00072,160.0,1,0,0,0,0,0,0,0,0.51,1,1
scen_000092,alt_scen_000092_00064,alt_scen_000092_00073,160.0,1,0,0,1,1,0,0,0,0.24,1,1
scen_000092,alt_scen_000092_00065,alt_scen_000092_00066,3.88,1,0,0,1,1,0,0,0,0.17,1,1
scen_000092,alt_scen_000092_00065,alt_scen_000092_00067,40.0,1,0,0,1,1,0,0,0,0.49,1,1
scen_000092,alt_scen_000092_00065,alt_scen_000092_00068,50.0,1,0,0,0,0,0,0,0,0.18,1,1
scen_000092,alt_scen_000092_00065,alt_scen_000092_00069,70.0,1,0,0,0,0,0,0,0,0.8,1,1
scen_000092,alt_scen_000092_00065,alt_scen_000092_00070,100.0,1,0,0,1,1,0,0,0,0.26,1,1
scen_000092,alt_scen_000092_00065,alt_scen_000092_00071,130.0,1,0,0,0,0,0,0,0,0.32,1,1
scen_000092,alt_scen_000092_00065,alt_scen_000092_00072,140.0,1,0,0,1,1,0,0,0,0.22,1,1
scen_000092,alt_scen_000092_00065,alt_scen_000092_00073,140.0,1,0,0,0,0,0,0,0,0.11,1,1
scen_000092,alt_scen_000092_00065,alt_scen_000092_00074,150.0,1,0,0,0,0,0,0,0,0.67,1,1
scen_000092,alt_scen_000092_00066,alt_scen_000092_00067,36.12,1,0,0,1,1,0,0,0,0.81,1,1
scen_000092,alt_scen_000092_00066,alt_scen_000092_00068,46.12,1,0,0,0,0,0,0,0,0.27,1,1
scen_000092,alt_scen_000092_00066,alt_scen_000092_00069,66.12,1,0,0,0,0,0,0,0,0.3,1,1
scen_000092,alt_scen_000092_00066,alt_scen_000092_00070,96.12,1,0,0,1,1,0,0,0,0.46,1,1
scen_000092,alt_scen_000092_00066,alt_scen_000092_00071,126.12,1,0,0,0,0,0,0,0,0.51,1,1
scen_000092,alt_scen_000092_00066,alt_scen_000092_00072,136.12,1,0,0,1,1,0,0,0,0.34,1,1
scen_000092,alt_scen_000092_00066,alt_scen_000092_00073,136.12,1,0,0,0,0,0,0,0,0.3,1,1
scen_000092,alt_scen_000092_00066,alt_scen_000092_00074,146.12,1,0,0,0,0,0,0,0,0.74,1,1
scen_000092,alt_scen_000092_00066,alt_scen_000092_00075,186.12,1,0,0,0,0,0,0,0,0.17,1,1
scen_000092,alt_scen_000092_00067,alt_scen_000092_00068,10.0,1,0,0,0,0,0,0,0,0.44,1,1
scen_000092,alt_scen_000092_00067,alt_scen_000092_00069,30.0,1,0,0,0,0,0,0,0,0.59,1,1
scen_000092,alt_scen_000092_00067,alt_scen_000092_00070,60.0,1,0,0,1,1,0,0,0,0.17,1,1
scen_000092,alt_scen_000092_00067,alt_scen_000092_00071,90.0,1,0,0,0,0,0,0,0,0.55,1,1
scen_000092,alt_scen_000092_00067,alt_scen_000092_00072,100.0,1,0,0,1,1,0,0,0,0.15,1,1
scen_000092,alt_scen_000092_00067,alt_scen_000092_00073,100.0,1,0,0,0,0,0,0,0,0.68,1,1
scen_000092,alt_scen_000092_00067,alt_scen_000092_00074,110.0,1,0,0,0,0,0,0,0,0.13,1,1
scen_000092,alt_scen_000092_00067,alt_scen_000092_00075,150.0,1,0,0,0,0,0,0,0,0.52,1,1
scen_000092,alt_scen_000092_00067,alt_scen_000092_00076,160.0,1,0,0,1,1,0,0,0,0.18,1,1
scen_000092,alt_scen_000092_00068,alt_scen_000092_00069,20.0,1,0,0,1,1,0,0,0,0.6,1,1
scen_000092,alt_scen_000092_00068,alt_scen_000092_00070,50.0,1,0,0,0,0,0,0,0,0.34,1,1
scen_000092,alt_scen_000092_00068,alt_scen_000092_00071,80.0,1,0,0,1,1,0,0,0,0.59,1,1
scen_000092,alt_scen_000092_00068,alt_scen_000092_00072,90.0,1,0,0,0,0,0,0,0,0.72,1,1
scen_000092,alt_scen_000092_00068,alt_scen_000092_00073,90.0,1,0,0,1,1,0,0,0,0.73,1,1
scen_000092,alt_scen_000092_00068,alt_scen_000092_00074,100.0,1,0,0,1,1,0,0,0,0.55,1,1
scen_000092,alt_scen_000092_00068,alt_scen_000092_00075,140.0,1,0,0,1,1,0,0,0,0.22,1,1
scen_000092,alt_scen_000092_00068,alt_scen_000092_00076,150.0,1,0,0,0,0,0,0,0,0.57,1,1
scen_000092,alt_scen_000092_00068,alt_scen_000092_00077,160.0,1,0,0,0,0,0,0,0,0.43,1,1
scen_000092,alt_scen_000092_00069,alt_scen_000092_00070,30.0,1,0,0,0,0,0,0,0,0.79,1,1
scen_000092,alt_scen_000092_00069,alt_scen_000092_00071,60.0,1,0,0,1,1,0,0,0,0.28,1,1
scen_000092,alt_scen_000092_00069,alt_scen_000092_00072,70.0,1,0,0,0,0,0,0,0,0.72,1,1
scen_000092,alt_scen_000092_00069,alt_scen_000092_00073,70.0,1,0,0,1,1,0,0,0,0.73,1,1
scen_000092,alt_scen_000092_00069,alt_scen_000092_00074,80.0,1,0,0,1,1,0,0,0,0.58,1,1
scen_000092,alt_scen_000092_00069,alt_scen_000092_00075,120.0,1,0,0,1,1,0,0,0,0.5,1,1
scen_000092,alt_scen_000092_00069,alt_scen_000092_00076,130.0,1,0,0,0,0,0,0,0,0.26,1,1
scen_000092,alt_scen_000092_00069,alt_scen_000092_00077,140.0,1,0,0,0,0,0,0,0,0.73,1,1
scen_000092,alt_scen_000092_00069,alt_scen_000092_00078,160.0,1,0,0,0,0,0,0,0,0.19,1,1
scen_000092,alt_scen_000092_00070,alt_scen_000092_00071,30.0,1,0,0,0,0,0,0,0,0.76,1,1
scen_000092,alt_scen_000092_00070,alt_scen_000092_00072,40.0,1,0,0,1,1,0,0,0,0.37,1,1
scen_000092,alt_scen_000092_00070,alt_scen_000092_00073,40.0,1,0,0,0,0,0,0,0,0.46,1,1
scen_000092,alt_scen_000092_00070,alt_scen_000092_00074,50.0,1,0,0,0,0,0,0,0,0.44,1,1
scen_000092,alt_scen_000092_00070,alt_scen_000092_00075,90.0,1,0,0,0,0,0,0,0,0.34,1,1
scen_000092,alt_scen_000092_00070,alt_scen_000092_00076,100.0,1,0,0,1,1,0,0,0,0.84,1,1
scen_000092,alt_scen_000092_00070,alt_scen_000092_00077,110.0,1,0,0,1,1,0,0,0,0.74,1,1
scen_000092,alt_scen_000092_00070,alt_scen_000092_00078,130.0,1,0,0,1,1,0,0,0,0.34,1,1
scen_000092,alt_scen_000092_00070,alt_scen_000092_00079,130.0,1,0,0,0,0,0,0,0,0.66,1,1
scen_000092,alt_scen_000092_00071,alt_scen_000092_00072,10.0,1,0,0,0,0,0,0,0,0.32,1,1
scen_000092,alt_scen_000092_00071,alt_scen_000092_00073,10.0,1,0,0,1,1,0,0,0,0.45,1,1
scen_000092,alt_scen_000092_00071,alt_scen_000092_00074,20.0,1,0,0,1,1,0,0,0,0.69,1,1
scen_000092,alt_scen_000092_00071,alt_scen_000092_00075,60.0,1,0,0,1,1,0,0,0,0.78,1,1
scen_000092,alt_scen_000092_00071,alt_scen_000092_00076,70.0,1,0,0,0,0,0,0,0,0.3,1,1
scen_000092,alt_scen_000092_00071,alt_scen_000092_00077,80.0,1,0,0,0,0,0,0,0,0.62,1,1
scen_000092,alt_scen_000092_00071,alt_scen_000092_00078,100.0,1,0,0,0,0,0,0,0,0.18,1,1
scen_000092,alt_scen_000092_00071,alt_scen_000092_00079,100.0,1,0,0,1,1,0,0,0,0.75,1,1
scen_000092,alt_scen_000092_00071,alt_scen_000092_00080,130.0,1,0,0,0,0,0,0,0,0.53,1,1
scen_000092,alt_scen_000092_00072,alt_scen_000092_00073,0.0,1,0,0,0,0,0,0,0,0.86,1,1
scen_000092,alt_scen_000092_00072,alt_scen_000092_00074,10.0,1,0,0,0,0,0,0,0,0.31,1,1
scen_000092,alt_scen_000092_00072,alt_scen_000092_00075,50.0,1,0,0,0,0,0,0,0,0.76,1,1
scen_000092,alt_scen_000092_00072,alt_scen_000092_00076,60.0,1,0,0,1,1,0,0,0,0.82,1,1
scen_000092,alt_scen_000092_00072,alt_scen_000092_00077,70.0,1,0,0,1,1,0,0,0,0.36,1,1
scen_000092,alt_scen_000092_00072,alt_scen_000092_00078,90.0,1,0,0,1,1,0,0,0,0.21,1,1
scen_000092,alt_scen_000092_00072,alt_scen_000092_00079,90.0,1,0,0,0,0,0,0,0,0.45,1,1
scen_000092,alt_scen_000092_00072,alt_scen_000092_00080,120.0,1,0,0,1,1,0,0,0,0.71,1,1
scen_000092,alt_scen_000092_00072,alt_scen_000092_00082,130.79,1,0,0,0,0,0,0,0,0.83,1,1
scen_000092,alt_scen_000092_00073,alt_scen_000092_00074,10.0,1,0,0,1,1,0,0,0,0.44,1,1
scen_000092,alt_scen_000092_00073,alt_scen_000092_00075,50.0,1,0,0,1,1,0,0,0,0.74,1,1
scen_000092,alt_scen_000092_00073,alt_scen_000092_00076,60.0,1,0,0,0,0,0,0,0,0.18,1,1
scen_000092,alt_scen_000092_00073,alt_scen_000092_00077,70.0,1,0,0,0,0,0,0,0,0.46,1,1
scen_000092,alt_scen_000092_00073,alt_scen_000092_00078,90.0,1,0,0,0,0,0,0,0,0.41,1,1
scen_000092,alt_scen_000092_00073,alt_scen_000092_00079,90.0,1,0,0,1,1,0,0,0,0.35,1,1
scen_000092,alt_scen_000092_00073,alt_scen_000092_00080,120.0,1,0,0,0,0,0,0,0,0.18,1,1
scen_000092,alt_scen_000092_00073,alt_scen_000092_00082,130.79,1,0,0,1,1,0,0,0,0.42,1,1
scen_000092,alt_scen_000092_00073,alt_scen_000092_00081,130.0,1,0,0,1,1,0,0,0,0.19,1,1
scen_000092,alt_scen_000092_00074,alt_scen_000092_00075,40.0,1,0,0,1,1,0,0,0,0.31,1,1
scen_000092,alt_scen_000092_00074,alt_scen_000092_00076,50.0,1,0,0,0,0,0,0,0,0.47,1,1
scen_000092,alt_scen_000092_00074,alt_scen_000092_00077,60.0,1,0,0,0,0,0,0,0,0.27,1,1
scen_000092,alt_scen_000092_00074,alt_scen_000092_00078,80.0,1,0,0,0,0,0,0,0,0.64,1,1
scen_000092,alt_scen_000092_00074,alt_scen_000092_00079,80.0,1,0,0,1,1,0,0,0,0.29,1,1
scen_000092,alt_scen_000092_00074,alt_scen_000092_00080,110.0,1,0,0,0,0,0,0,0,0.39,1,1
scen_000092,alt_scen_000092_00074,alt_scen_000092_00082,120.79,1,0,0,1,1,0,0,0,0.15,1,1
scen_000092,alt_scen_000092_00074,alt_scen_000092_00081,120.0,1,0,0,1,1,0,0,0,0.72,1,1
scen_000092,alt_scen_000092_00074,alt_scen_000092_00083,130.0,1,0,0,0,0,0,0,0,0.76,1,1
scen_000092,alt_scen_000092_00075,alt_scen_000092_00076,10.0,1,0,0,0,0,0,0,0,0.19,1,1
scen_000092,alt_scen_000092_00075,alt_scen_000092_00077,20.0,1,0,0,0,0,0,0,0,0.4,1,1
scen_000092,alt_scen_000092_00075,alt_scen_000092_00078,40.0,1,0,0,0,0,0,0,0,0.15,1,1
scen_000092,alt_scen_000092_00075,alt_scen_000092_00079,40.0,1,0,0,1,1,0,0,0,0.23,1,1
scen_000092,alt_scen_000092_00075,alt_scen_000092_00080,70.0,1,0,0,0,0,0,0,0,0.75,1,1
scen_000092,alt_scen_000092_00075,alt_scen_000092_00082,80.79,1,0,0,1,1,0,0,0,0.55,1,1
scen_000092,alt_scen_000092_00075,alt_scen_000092_00081,80.0,1,0,0,1,1,0,0,0,0.28,1,1
scen_000092,alt_scen_000092_00075,alt_scen_000092_00083,90.0,1,0,0,0,0,0,0,0,0.24,1,1
scen_000092,alt_scen_000092_00076,alt_scen_000092_00077,10.0,1,0,0,1,1,0,0,0,0.42,1,1
scen_000092,alt_scen_000092_00076,alt_scen_000092_00078,30.0,1,0,0,1,1,0,0,0,0.55,1,1
scen_000092,alt_scen_000092_00076,alt_scen_000092_00079,30.0,1,0,0,0,0,0,0,0,0.13,1,1
scen_000092,alt_scen_000092_00076,alt_scen_000092_00080,60.0,1,0,0,1,1,0,0,0,0.71,1,1
scen_000092,alt_scen_000092_00076,alt_scen_000092_00082,70.79,1,0,0,0,0,0,0,0,0.45,1,1
scen_000092,alt_scen_000092_00076,alt_scen_000092_00081,70.0,1,0,0,0,0,0,0,0,0.47,1,1
scen_000092,alt_scen_000092_00076,alt_scen_000092_00083,80.0,1,0,0,1,1,0,0,0,0.64,1,1
scen_000092,alt_scen_000092_00077,alt_scen_000092_00078,20.0,1,0,0,1,1,0,0,0,0.89,1,1
scen_000092,alt_scen_000092_00077,alt_scen_000092_00079,20.0,1,0,0,0,0,0,0,0,0.36,1,1
scen_000092,alt_scen_000092_00077,alt_scen_000092_00080,50.0,1,0,0,1,1,0,0,0,0.14,1,1
scen_000092,alt_scen_000092_00077,alt_scen_000092_00082,60.79,1,0,0,0,0,0,0,0,0.61,1,1
scen_000092,alt_scen_000092_00077,alt_scen_000092_00081,60.0,1,0,0,0,0,0,0,0,0.77,1,1
scen_000092,alt_scen_000092_00077,alt_scen_000092_00083,70.0,1,0,0,1,1,0,0,0,0.21,1,1
scen_000092,alt_scen_000092_00078,alt_scen_000092_00079,0.0,1,0,0,0,0,0,0,0,0.36,1,1
scen_000092,alt_scen_000092_00078,alt_scen_000092_00080,30.0,1,0,0,1,1,0,0,0,0.89,1,1
scen_000092,alt_scen_000092_00078,alt_scen_000092_00082,40.79,1,0,0,0,0,0,0,0,0.83,1,1
scen_000092,alt_scen_000092_00078,alt_scen_000092_00081,40.0,1,0,0,0,0,0,0,0,0.14,1,1
scen_000092,alt_scen_000092_00078,alt_scen_000092_00083,50.0,1,0,0,1,1,0,0,0,0.69,1,1
scen_000092,alt_scen_000092_00079,alt_scen_000092_00080,30.0,1,0,0,0,0,0,0,0,0.46,1,1
scen_000092,alt_scen_000092_00079,alt_scen_000092_00082,40.79,1,0,0,1,1,0,0,0,0.61,1,1
scen_000092,alt_scen_000092_00079,alt_scen_000092_00081,40.0,1,0,0,1,1,0,0,0,0.7,1,1
scen_000092,alt_scen_000092_00079,alt_scen_000092_00083,50.0,1,0,0,0,0,0,0,0,0.67,1,1
scen_000092,alt_scen_000092_00080,alt_scen_000092_00082,10.79,1,0,0,0,0,0,0,0,0.14,1,1
scen_000092,alt_scen_000092_00080,alt_scen_000092_00081,10.0,1,0,0,0,0,0,0,0,0.77,1,1
scen_000092,alt_scen_000092_00080,alt_scen_000092_00083,20.0,1,0,0,1,1,0,0,0,0.4,1,1
scen_000092,alt_scen_000092_00082,alt_scen_000092_00081,0.79,1,0,0,1,1,0,0,0,0.63,1,1
scen_000092,alt_scen_000092_00082,alt_scen_000092_00083,9.21,1,0,0,0,0,0,0,0,0.26,1,1
scen_000092,alt_scen_000092_00081,alt_scen_000092_00083,10.0,1,0,0,0,0,0,0,0,0.6,1,1
scen_000093,alt_scen_000093_00003,alt_scen_000093_00002,43.0,0,0,0,1,1,0,2,0,0.58,1,0
scen_000093,alt_scen_000093_00003,alt_scen_000093_00001,404.0,0,0,0,1,1,0,2,0,0.49,0,0
scen_000093,alt_scen_000093_00002,alt_scen_000093_00001,361.0,0,0,0,1,1,0,2,0,0.51,0,0
scen_000094,alt_scen_000094_00005,alt_scen_000094_00004,161.0,0,0,0,1,1,0,3,0,0.86,1,0
scen_000094,alt_scen_000094_00005,alt_scen_000094_00003,303.0,0,0,0,1,1,0,3,0,0.56,0,0
scen_000094,alt_scen_000094_00005,alt_scen_000094_00001,340.0,0,0,0,1,1,0,3,0,0.22,0,0
scen_000094,alt_scen_000094_00005,alt_scen_000094_00006,480.0,0,0,0,1,1,1,1,-1,0.44,0,0
scen_000094,alt_scen_000094_00005,alt_scen_000094_00002,573.0,0,0,0,1,1,0,3,0,0.78,0,0
scen_000094,alt_scen_000094_00004,alt_scen_000094_00003,142.0,0,0,0,1,1,0,2,0,0.49,1,0
scen_000094,alt_scen_000094_00004,alt_scen_000094_00001,179.0,0,0,0,1,1,0,2,0,0.66,1,0
scen_000094,alt_scen_000094_00004,alt_scen_000094_00006,319.0,0,0,0,1,1,0,2,0,0.11,0,0
scen_000094,alt_scen_000094_00004,alt_scen_000094_00002,412.0,0,0,0,1,1,0,2,0,0.19,0,0
scen_000094,alt_scen_000094_00003,alt_scen_000094_00001,37.0,0,0,0,1,1,0,2,0,0.45,1,0
scen_000094,alt_scen_000094_00003,alt_scen_000094_00006,177.0,0,0,0,1,1,0,2,0,0.8,1,0
scen_000094,alt_scen_000094_00003,alt_scen_000094_00002,270.0,0,0,0,1,1,0,2,0,0.37,1,0
scen_000094,alt_scen_000094_00001,alt_scen_000094_00006,140.0,0,0,0,1,1,0,2,0,0.23,1,0
scen_000094,alt_scen_000094_00001,alt_scen_000094_00002,233.0,0,0,0,1,1,0,2,0,0.19,1,0
scen_000094,alt_scen_000094_00006,alt_scen_000094_00002,93.0,0,0,0,1,1,0,2,0,0.58,1,0
scen_000095,alt_scen_000095_00003,alt_scen_000095_00002,161.0,0,0,0,1,1,0,3,0,0.35,1,0
scen_000095,alt_scen_000095_00003,alt_scen_000095_00004,236.0,0,0,0,1,1,0,2,0,0.29,1,0
scen_000095,alt_scen_000095_00003,alt_scen_000095_00001,842.0,0,0,0,1,1,0,3,0,0.48,0,0
scen_000095,alt_scen_000095_00002,alt_scen_000095_00004,75.0,0,0,0,1,1,0,3,0,0.6,1,0
scen_000095,alt_scen_000095_00002,alt_scen_000095_00001,681.0,0,0,0,1,1,0,3,0,0.55,0,0
scen_000095,alt_scen_000095_00004,alt_scen_000095_00001,606.0,0,0,0,1,1,0,3,0,0.6,0,0
scen_000096,alt_scen_000096_00003,alt_scen_000096_00004,140.0,0,0,0,1,1,0,2,0,0.57,1,0
scen_000096,alt_scen_000096_00003,alt_scen_000096_00005,413.0,0,0,0,1,1,0,2,0,0.85,0,0
scen_000096,alt_scen_000096_00003,alt_scen_000096_00001,429.0,0,0,0,1,1,0,2,0,0.33,0,0
scen_000096,alt_scen_000096_00003,alt_scen_000096_00002,772.0,0,0,0,1,1,0,2,0,0.82,0,0
scen_000096,alt_scen_000096_00003,alt_scen_000096_00006,948.0,0,0,0,1,1,0,2,0,0.48,0,0
scen_000096,alt_scen_000096_00004,alt_scen_000096_00005,273.0,0,0,0,1,1,0,2,0,0.86,1,0
scen_000096,alt_scen_000096_00004,alt_scen_000096_00001,289.0,0,0,0,1,1,0,2,0,0.71,1,0
scen_000096,alt_scen_000096_00004,alt_scen_000096_00002,632.0,0,0,0,1,1,0,2,0,0.67,0,0
scen_000096,alt_scen_000096_00004,alt_scen_000096_00006,808.0,0,0,0,1,1,0,2,0,0.88,0,0
scen_000096,alt_scen_000096_00005,alt_scen_000096_00001,16.0,0,0,0,1,1,0,2,0,0.71,1,0
scen_000096,alt_scen_000096_00005,alt_scen_000096_00002,359.0,0,0,0,1,1,0,2,0,0.73,0,0
scen_000096,alt_scen_000096_00005,alt_scen_000096_00006,535.0,0,0,0,1,1,0,2,0,0.63,0,0
scen_000096,alt_scen_000096_00001,alt_scen_000096_00002,343.0,0,0,0,1,1,0,2,0,0.77,0,0
scen_000096,alt_scen_000096_00001,alt_scen_000096_00006,519.0,0,0,0,1,1,0,2,0,0.71,0,0
scen_000096,alt_scen_000096_00002,alt_scen_000096_00006,176.0,0,0,0,1,1,0,2,0,0.72,1,0
scen_000097,alt_scen_000097_00004,alt_scen_000097_00001,145.0,0,0,0,1,1,0,3,0,0.73,1,0
scen_000097,alt_scen_000097_00004,alt_scen_000097_00003,691.0,0,0,0,1,1,0,5,0,0.48,0,0
scen_000097,alt_scen_000097_00004,alt_scen_000097_00002,893.0,0,0,0,1,1,0,2,0,0.51,0,0
scen_000097,alt_scen_000097_00001,alt_scen_000097_00003,546.0,0,0,0,1,1,0,4,0,0.73,0,0
scen_000097,alt_scen_000097_00001,alt_scen_000097_00002,748.0,0,0,0,1,1,0,5,0,0.88,0,0
scen_000097,alt_scen_000097_00003,alt_scen_000097_00002,202.0,0,0,0,1,1,0,4,0,0.37,1,0
scen_000098,alt_scen_000098_00001,alt_scen_000098_00006,258.0,1,0,0,1,1,0,0,0,0.76,1,0
scen_000098,alt_scen_000098_00001,alt_scen_000098_00002,311.0,0,0,0,1,1,0,2,0,0.79,0,0
scen_000098,alt_scen_000098_00001,alt_scen_000098_00005,415.0,0,0,0,1,1,0,2,0,0.73,0,0
scen_000098,alt_scen_000098_00001,alt_scen_000098_00003,460.0,0,0,0,1,1,0,2,0,0.56,0,0
scen_000098,alt_scen_000098_00001,alt_scen_000098_00004,550.0,0,0,0,1,1,0,2,0,0.41,0,0
scen_000098,alt_scen_000098_00006,alt_scen_000098_00002,53.0,0,0,0,1,1,0,2,0,0.26,1,0
scen_000098,alt_scen_000098_00006,alt_scen_000098_00005,157.0,0,0,0,1,1,0,2,0,0.74,1,0
scen_000098,alt_scen_000098_00006,alt_scen_000098_00003,202.0,0,0,0,1,1,0,2,0,0.15,1,0
scen_000098,alt_scen_000098_00006,alt_scen_000098_00004,292.0,0,0,0,1,1,0,2,0,0.66,1,0
scen_000098,alt_scen_000098_00002,alt_scen_000098_00005,104.0,0,0,0,1,1,0,2,0,0.14,1,0
scen_000098,alt_scen_000098_00002,alt_scen_000098_00003,149.0,0,0,0,1,1,0,2,0,0.56,1,0
scen_000098,alt_scen_000098_00002,alt_scen_000098_00004,239.0,0,0,0,1,1,0,2,0,0.54,1,0
scen_000098,alt_scen_000098_00005,alt_scen_000098_00003,45.0,0,0,0,1,1,0,2,0,0.36,1,0
scen_000098,alt_scen_000098_00005,alt_scen_000098_00004,135.0,0,0,0,1,1,0,2,0,0.24,1,0
scen_000098,alt_scen_000098_00003,alt_scen_000098_00004,90.0,0,0,0,1,1,0,2,0,0.29,1,0
scen_000099,alt_scen_000099_00002,alt_scen_000099_00001,73.0,0,0,0,1,1,0,2,0,0.33,1,0
