scenario_id,incident_id,candidate_node_id,candidate_service,candidate_root_cause_type,temporal_score,severity_score,topology_score,metric_anomaly_score,log_evidence_score,trace_evidence_score,upstream_score,is_root_cause
scen_000000,inc_scen_000000_01,gw_01,api_gateway,slow_query,0.24,0.42,0.58,0.51,0.22,0.1,0.05,0
scen_000000,inc_scen_000000_01,lb_01,load_balancer,load_balancer_failure,0.81,0.83,0.89,0.93,0.88,0.96,0.92,1
scen_000000,inc_scen_000000_01,auth_01,auth_service,cpu_saturation,0.43,0.55,0.29,0.25,0.59,0.61,0.2,0
scen_000000,inc_scen_000000_01,web_01,web_service,slow_query,0.43,0.28,0.38,0.35,0.62,0.5,0.24,0
scen_000000,inc_scen_000000_01,db_01,postgresql,network_latency,0.66,0.82,0.51,0.45,0.28,0.6,0.42,0
scen_000000,inc_scen_000000_01,sub_svc_2,sub_service_2,cpu_saturation,0.83,0.47,0.43,0.31,0.11,0.29,0.06,0
scen_000000,inc_scen_000000_01,sub_svc_3,sub_service_3,slow_query,0.48,0.4,0.44,0.53,0.16,0.61,0.13,0
scen_000000,inc_scen_000000_01,sub_svc_4,sub_service_4,slow_query,0.1,0.88,0.11,0.34,0.46,0.38,0.22,0
scen_000000,inc_scen_000000_02,gw_01,api_gateway,slow_query,0.64,0.58,0.36,0.72,0.12,0.45,0.16,0
scen_000000,inc_scen_000000_02,lb_01,load_balancer,cpu_saturation,0.13,0.88,0.47,0.25,0.31,0.27,0.36,0
scen_000000,inc_scen_000000_02,auth_01,auth_service,network_latency,0.36,0.84,0.2,0.34,0.66,0.76,0.18,0
scen_000000,inc_scen_000000_02,web_01,web_service,cpu_saturation,0.46,0.81,0.44,0.55,0.48,0.79,0.28,0
scen_000000,inc_scen_000000_02,db_01,postgresql,slow_query,0.24,0.48,0.46,0.44,0.25,0.6,0.25,0
scen_000000,inc_scen_000000_02,sub_svc_2,sub_service_2,network_latency,0.82,0.38,0.46,0.49,0.1,0.45,0.06,0
scen_000000,inc_scen_000000_02,sub_svc_3,sub_service_3,network_latency,0.69,0.69,0.13,0.45,0.68,0.31,0.46,0
scen_000000,inc_scen_000000_02,sub_svc_4,sub_service_4,container_restart_loop,0.78,0.7,0.9,0.76,0.91,0.91,0.95,1
scen_000001,inc_scen_000001_01,gw_01,api_gateway,network_latency,0.7,0.69,0.27,0.25,0.32,0.17,0.06,0
scen_000001,inc_scen_000001_01,lb_01,load_balancer,cpu_saturation,0.49,0.59,0.28,0.76,0.59,0.57,0.49,0
scen_000001,inc_scen_000001_01,auth_01,auth_service,slow_query,0.73,0.57,0.15,0.72,0.69,0.19,0.26,0
scen_000001,inc_scen_000001_01,web_01,web_service,network_latency,0.54,0.44,0.44,0.55,0.62,0.22,0.3,0
scen_000001,inc_scen_000001_01,db_01,postgresql,cpu_saturation,0.4,0.41,0.57,0.31,0.31,0.11,0.35,0
scen_000001,inc_scen_000001_01,sub_svc_2,sub_service_2,cpu_saturation,0.83,0.64,0.52,0.62,0.07,0.14,0.14,0
scen_000001,inc_scen_000001_01,sub_svc_3,sub_service_3,cpu_saturation,0.77,0.85,0.17,0.7,0.65,0.39,0.48,0
scen_000001,inc_scen_000001_01,sub_svc_4,sub_service_4,network_latency,0.51,0.56,0.53,0.15,0.06,0.3,0.43,0
scen_000001,inc_scen_000001_01,sub_svc_5,sub_service_5,slow_query,0.59,0.6,0.14,0.42,0.38,0.1,0.32,0
scen_000001,inc_scen_000001_01,sub_svc_6,sub_service_6,slow_query,0.27,0.24,0.58,0.28,0.64,0.56,0.17,0
scen_000001,inc_scen_000001_01,sub_svc_7,sub_service_7,cpu_saturation,0.54,0.46,0.42,0.75,0.11,0.46,0.43,0
scen_000001,inc_scen_000001_01,sub_svc_8,sub_service_8,network_latency,0.41,0.13,0.21,0.25,0.43,0.41,0.36,0
scen_000001,inc_scen_000001_01,sub_svc_9,sub_service_9,network_latency,0.76,0.62,0.5,0.14,0.4,0.45,0.44,0
scen_000001,inc_scen_000001_01,sub_svc_10,sub_service_10,cpu_saturation,0.26,0.14,0.1,0.54,0.37,0.8,0.28,0
scen_000001,inc_scen_000001_01,sub_svc_11,sub_service_11,slow_query,0.63,0.65,0.4,0.77,0.3,0.55,0.31,0
scen_000001,inc_scen_000001_01,sub_svc_12,sub_service_12,slow_query,0.46,0.58,0.46,0.53,0.48,0.8,0.29,0
scen_000001,inc_scen_000001_01,sub_svc_13,sub_service_13,cpu_saturation,0.23,0.67,0.32,0.51,0.13,0.29,0.33,0
scen_000001,inc_scen_000001_01,sub_svc_14,sub_service_14,network_latency,0.28,0.39,0.5,0.24,0.48,0.8,0.24,0
scen_000001,inc_scen_000001_01,sub_svc_15,sub_service_15,network_latency,0.5,0.72,0.23,0.5,0.16,0.64,0.07,0
scen_000001,inc_scen_000001_01,sub_svc_16,sub_service_16,cpu_saturation,0.71,0.5,0.45,0.29,0.27,0.38,0.31,0
scen_000001,inc_scen_000001_01,sub_svc_17,sub_service_17,memory_exhaustion,0.86,0.91,0.85,0.7,0.91,0.91,0.95,1
scen_000001,inc_scen_000001_01,sub_svc_18,sub_service_18,cpu_saturation,0.42,0.73,0.52,0.59,0.13,0.22,0.07,0
scen_000001,inc_scen_000001_01,sub_svc_19,sub_service_19,network_latency,0.14,0.27,0.56,0.42,0.15,0.14,0.39,0
scen_000001,inc_scen_000001_01,sub_svc_20,sub_service_20,cpu_saturation,0.14,0.48,0.36,0.55,0.49,0.23,0.33,0
scen_000001,inc_scen_000001_01,sub_svc_21,sub_service_21,cpu_saturation,0.28,0.6,0.16,0.19,0.08,0.46,0.16,0
scen_000001,inc_scen_000001_01,sub_svc_22,sub_service_22,slow_query,0.53,0.39,0.4,0.47,0.37,0.61,0.07,0
scen_000001,inc_scen_000001_01,sub_svc_23,sub_service_23,cpu_saturation,0.84,0.53,0.19,0.64,0.35,0.43,0.43,0
scen_000001,inc_scen_000001_01,sub_svc_24,sub_service_24,slow_query,0.26,0.27,0.41,0.5,0.7,0.3,0.36,0
scen_000001,inc_scen_000001_01,sub_svc_25,sub_service_25,cpu_saturation,0.84,0.71,0.1,0.32,0.17,0.85,0.28,0
scen_000001,inc_scen_000001_01,sub_svc_26,sub_service_26,cpu_saturation,0.38,0.11,0.24,0.7,0.53,0.72,0.36,0
scen_000001,inc_scen_000001_01,sub_svc_27,sub_service_27,network_latency,0.72,0.23,0.15,0.6,0.15,0.74,0.31,0
scen_000001,inc_scen_000001_01,sub_svc_28,sub_service_28,slow_query,0.3,0.39,0.12,0.24,0.28,0.83,0.22,0
scen_000001,inc_scen_000001_01,sub_svc_29,sub_service_29,cpu_saturation,0.54,0.85,0.22,0.76,0.16,0.54,0.14,0
scen_000001,inc_scen_000001_01,sub_svc_30,sub_service_30,cpu_saturation,0.41,0.15,0.31,0.42,0.62,0.36,0.42,0
scen_000001,inc_scen_000001_01,sub_svc_31,sub_service_31,cpu_saturation,0.85,0.9,0.59,0.73,0.61,0.14,0.46,0
scen_000002,inc_scen_000002_01,node_00,mesh_svc_0,network_latency,0.54,0.68,0.6,0.35,0.27,0.26,0.08,0
scen_000002,inc_scen_000002_01,node_01,mesh_svc_1,network_latency,0.46,0.58,0.3,0.29,0.69,0.45,0.43,0
scen_000002,inc_scen_000002_01,node_02,mesh_svc_2,slow_query,0.46,0.64,0.28,0.27,0.57,0.85,0.44,0
scen_000002,inc_scen_000002_01,node_03,mesh_svc_3,slow_query,0.69,0.8,0.45,0.51,0.56,0.28,0.49,0
scen_000002,inc_scen_000002_01,node_04,mesh_svc_4,cpu_saturation,0.35,0.55,0.24,0.28,0.67,0.18,0.33,0
scen_000002,inc_scen_000002_01,node_05,mesh_svc_5,network_latency,0.82,0.33,0.25,0.62,0.47,0.82,0.11,0
scen_000002,inc_scen_000002_01,node_06,mesh_svc_6,cpu_saturation,0.14,0.46,0.54,0.39,0.58,0.41,0.25,0
scen_000002,inc_scen_000002_01,node_07,mesh_svc_7,network_latency,0.43,0.42,0.24,0.12,0.09,0.74,0.28,0
scen_000002,inc_scen_000002_01,node_08,mesh_svc_8,network_latency,0.24,0.29,0.29,0.57,0.15,0.72,0.11,0
scen_000002,inc_scen_000002_01,node_09,mesh_svc_9,cpu_saturation,0.64,0.32,0.59,0.58,0.28,0.55,0.14,0
scen_000002,inc_scen_000002_01,node_10,mesh_svc_10,network_latency,0.11,0.23,0.53,0.62,0.2,0.73,0.31,0
scen_000002,inc_scen_000002_01,node_11,mesh_svc_11,slow_query,0.64,0.4,0.14,0.17,0.57,0.3,0.18,0
scen_000002,inc_scen_000002_01,node_12,mesh_svc_12,cpu_saturation,0.14,0.23,0.46,0.15,0.34,0.37,0.25,0
scen_000002,inc_scen_000002_01,node_13,mesh_svc_13,cpu_saturation,0.14,0.47,0.1,0.41,0.14,0.64,0.14,0
scen_000002,inc_scen_000002_01,node_14,mesh_svc_14,cpu_saturation,0.72,0.21,0.33,0.56,0.29,0.7,0.33,0
scen_000002,inc_scen_000002_01,node_15,mesh_svc_15,network_latency,0.36,0.22,0.14,0.58,0.57,0.49,0.44,0
scen_000002,inc_scen_000002_01,node_16,mesh_svc_16,cpu_saturation,0.15,0.65,0.26,0.78,0.63,0.76,0.44,0
scen_000002,inc_scen_000002_01,node_17,mesh_svc_17,network_latency,0.83,0.14,0.23,0.54,0.2,0.67,0.38,0
scen_000002,inc_scen_000002_01,node_18,mesh_svc_18,slow_query,0.22,0.75,0.39,0.53,0.59,0.4,0.15,0
scen_000002,inc_scen_000002_01,node_19,mesh_svc_19,cpu_saturation,0.55,0.74,0.51,0.11,0.09,0.55,0.09,0
scen_000002,inc_scen_000002_01,node_20,mesh_svc_20,cpu_saturation,0.22,0.7,0.48,0.54,0.1,0.52,0.33,0
scen_000002,inc_scen_000002_01,node_21,mesh_svc_21,cpu_saturation,0.4,0.43,0.28,0.55,0.51,0.2,0.16,0
scen_000002,inc_scen_000002_01,node_22,mesh_svc_22,slow_query,0.74,0.19,0.34,0.68,0.3,0.59,0.23,0
scen_000002,inc_scen_000002_01,node_23,mesh_svc_23,cpu_saturation,0.58,0.6,0.51,0.49,0.22,0.77,0.11,0
scen_000002,inc_scen_000002_01,node_24,mesh_svc_24,slow_query,0.34,0.73,0.45,0.58,0.61,0.81,0.49,0
scen_000002,inc_scen_000002_01,node_25,mesh_svc_25,network_latency,0.74,0.38,0.17,0.71,0.5,0.74,0.15,0
scen_000002,inc_scen_000002_01,node_26,mesh_svc_26,slow_query,0.42,0.84,0.15,0.78,0.31,0.25,0.06,0
scen_000002,inc_scen_000002_01,node_27,mesh_svc_27,cpu_saturation,0.42,0.45,0.38,0.34,0.08,0.45,0.13,0
scen_000002,inc_scen_000002_01,node_28,mesh_svc_28,slow_query,0.6,0.32,0.14,0.61,0.54,0.11,0.32,0
scen_000002,inc_scen_000002_01,node_29,mesh_svc_29,cpu_saturation,0.38,0.65,0.1,0.3,0.18,0.63,0.21,0
scen_000002,inc_scen_000002_01,node_30,mesh_svc_30,slow_query,0.84,0.58,0.49,0.22,0.52,0.13,0.06,0
scen_000002,inc_scen_000002_01,node_31,mesh_svc_31,network_latency,0.88,0.93,0.81,0.89,0.79,0.76,0.94,1
scen_000002,inc_scen_000002_01,node_32,mesh_svc_32,network_latency,0.4,0.23,0.56,0.36,0.22,0.79,0.35,0
scen_000003,inc_scen_000003_01,node_00,mesh_svc_0,cpu_saturation,0.64,0.86,0.18,0.36,0.42,0.54,0.06,0
scen_000003,inc_scen_000003_01,node_01,mesh_svc_1,cpu_saturation,0.65,0.57,0.15,0.29,0.47,0.19,0.11,0
scen_000003,inc_scen_000003_01,node_02,mesh_svc_2,kubernetes_node_failure,0.88,0.88,0.93,0.78,0.68,0.85,0.93,1
scen_000003,inc_scen_000003_01,node_03,mesh_svc_3,cpu_saturation,0.81,0.18,0.35,0.1,0.26,0.17,0.31,0
scen_000003,inc_scen_000003_01,node_04,mesh_svc_4,cpu_saturation,0.47,0.65,0.17,0.79,0.26,0.65,0.32,0
scen_000003,inc_scen_000003_01,node_05,mesh_svc_5,network_latency,0.56,0.88,0.33,0.76,0.11,0.64,0.35,0
scen_000003,inc_scen_000003_01,node_06,mesh_svc_6,slow_query,0.55,0.52,0.31,0.25,0.45,0.41,0.39,0
scen_000003,inc_scen_000003_01,node_07,mesh_svc_7,slow_query,0.67,0.72,0.52,0.16,0.54,0.69,0.47,0
scen_000003,inc_scen_000003_01,node_08,mesh_svc_8,network_latency,0.56,0.68,0.15,0.76,0.44,0.7,0.46,0
scen_000003,inc_scen_000003_01,node_09,mesh_svc_9,network_latency,0.26,0.69,0.57,0.24,0.59,0.21,0.44,0
scen_000003,inc_scen_000003_01,node_10,mesh_svc_10,cpu_saturation,0.27,0.66,0.34,0.31,0.13,0.8,0.09,0
scen_000003,inc_scen_000003_01,node_11,mesh_svc_11,slow_query,0.81,0.81,0.42,0.49,0.5,0.51,0.35,0
scen_000003,inc_scen_000003_01,node_12,mesh_svc_12,cpu_saturation,0.45,0.67,0.16,0.66,0.65,0.32,0.25,0
scen_000003,inc_scen_000003_01,node_13,mesh_svc_13,network_latency,0.71,0.51,0.23,0.3,0.43,0.71,0.26,0
scen_000003,inc_scen_000003_01,node_14,mesh_svc_14,network_latency,0.7,0.49,0.48,0.52,0.23,0.22,0.45,0
scen_000003,inc_scen_000003_01,node_15,mesh_svc_15,cpu_saturation,0.47,0.13,0.58,0.37,0.57,0.28,0.44,0
scen_000003,inc_scen_000003_01,node_16,mesh_svc_16,network_latency,0.78,0.52,0.37,0.49,0.18,0.7,0.14,0
scen_000003,inc_scen_000003_01,node_17,mesh_svc_17,cpu_saturation,0.14,0.75,0.29,0.18,0.68,0.34,0.26,0
scen_000003,inc_scen_000003_01,node_18,mesh_svc_18,cpu_saturation,0.7,0.51,0.26,0.29,0.18,0.46,0.43,0
scen_000003,inc_scen_000003_01,node_19,mesh_svc_19,cpu_saturation,0.16,0.43,0.35,0.33,0.46,0.24,0.26,0
scen_000003,inc_scen_000003_01,node_20,mesh_svc_20,network_latency,0.48,0.86,0.13,0.75,0.32,0.37,0.13,0
scen_000003,inc_scen_000003_01,node_21,mesh_svc_21,cpu_saturation,0.16,0.4,0.3,0.45,0.61,0.61,0.17,0
scen_000003,inc_scen_000003_01,node_22,mesh_svc_22,network_latency,0.45,0.57,0.4,0.34,0.26,0.62,0.38,0
scen_000003,inc_scen_000003_01,node_23,mesh_svc_23,slow_query,0.48,0.57,0.46,0.62,0.69,0.65,0.27,0
scen_000003,inc_scen_000003_01,node_24,mesh_svc_24,slow_query,0.14,0.49,0.37,0.73,0.5,0.54,0.19,0
scen_000003,inc_scen_000003_01,node_25,mesh_svc_25,network_latency,0.21,0.26,0.18,0.31,0.31,0.79,0.11,0
scen_000003,inc_scen_000003_01,node_26,mesh_svc_26,slow_query,0.19,0.59,0.57,0.37,0.57,0.56,0.1,0
scen_000004,inc_scen_000004_01,gw_01,api_gateway,slow_query,0.16,0.1,0.12,0.48,0.1,0.3,0.26,0
scen_000004,inc_scen_000004_01,rec_01,recommendation_service,network_latency,0.82,0.82,0.5,0.72,0.42,0.33,0.2,0
scen_000004,inc_scen_000004_01,es_01,elasticsearch,slow_query,0.43,0.29,0.16,0.29,0.16,0.8,0.09,0
scen_000004,inc_scen_000004_01,redis_01,redis,load_balancer_failure,0.87,0.8,0.88,0.78,0.73,0.85,0.89,1
scen_000004,inc_scen_000004_01,mongo_01,mongodb,slow_query,0.56,0.24,0.54,0.47,0.34,0.25,0.16,0
scen_000004,inc_scen_000004_01,search_node_1,search_aux_1,slow_query,0.52,0.64,0.35,0.53,0.36,0.24,0.29,0
scen_000004,inc_scen_000004_01,search_node_2,search_aux_2,slow_query,0.13,0.24,0.31,0.7,0.29,0.48,0.12,0
scen_000004,inc_scen_000004_01,search_node_3,search_aux_3,slow_query,0.24,0.5,0.2,0.36,0.53,0.5,0.35,0
scen_000004,inc_scen_000004_01,search_node_4,search_aux_4,slow_query,0.82,0.19,0.33,0.32,0.56,0.61,0.45,0
scen_000004,inc_scen_000004_01,search_node_5,search_aux_5,network_latency,0.4,0.29,0.25,0.24,0.53,0.42,0.39,0
scen_000004,inc_scen_000004_01,search_node_6,search_aux_6,slow_query,0.47,0.48,0.15,0.48,0.44,0.17,0.5,0
scen_000004,inc_scen_000004_01,search_node_7,search_aux_7,cpu_saturation,0.51,0.61,0.26,0.24,0.36,0.77,0.08,0
scen_000004,inc_scen_000004_01,search_node_8,search_aux_8,slow_query,0.6,0.63,0.35,0.71,0.7,0.68,0.3,0
scen_000004,inc_scen_000004_01,search_node_9,search_aux_9,network_latency,0.14,0.44,0.41,0.56,0.18,0.38,0.34,0
scen_000004,inc_scen_000004_01,search_node_10,search_aux_10,slow_query,0.37,0.32,0.55,0.71,0.6,0.84,0.14,0
scen_000004,inc_scen_000004_01,search_node_11,search_aux_11,cpu_saturation,0.33,0.19,0.59,0.33,0.42,0.31,0.12,0
scen_000004,inc_scen_000004_01,search_node_12,search_aux_12,slow_query,0.41,0.24,0.59,0.31,0.35,0.54,0.46,0
scen_000004,inc_scen_000004_01,search_node_13,search_aux_13,slow_query,0.41,0.87,0.24,0.13,0.53,0.64,0.47,0
scen_000004,inc_scen_000004_01,search_node_14,search_aux_14,network_latency,0.66,0.41,0.25,0.32,0.12,0.43,0.29,0
scen_000004,inc_scen_000004_01,search_node_15,search_aux_15,slow_query,0.35,0.78,0.13,0.23,0.6,0.16,0.09,0
scen_000004,inc_scen_000004_01,search_node_16,search_aux_16,cpu_saturation,0.38,0.89,0.47,0.37,0.07,0.13,0.11,0
scen_000004,inc_scen_000004_01,search_node_17,search_aux_17,slow_query,0.49,0.83,0.29,0.48,0.25,0.46,0.38,0
scen_000004,inc_scen_000004_01,search_node_18,search_aux_18,cpu_saturation,0.85,0.5,0.31,0.24,0.34,0.54,0.31,0
scen_000004,inc_scen_000004_01,search_node_19,search_aux_19,network_latency,0.13,0.51,0.39,0.28,0.55,0.22,0.3,0
scen_000004,inc_scen_000004_01,search_node_20,search_aux_20,slow_query,0.34,0.44,0.25,0.38,0.17,0.83,0.18,0
scen_000006,inc_scen_000006_01,node_00,mesh_svc_0,slow_query,0.32,0.4,0.24,0.6,0.22,0.61,0.28,0
scen_000006,inc_scen_000006_01,node_01,mesh_svc_1,slow_query,0.48,0.49,0.14,0.71,0.61,0.41,0.19,0
scen_000006,inc_scen_000006_01,node_02,mesh_svc_2,cpu_saturation,0.67,0.25,0.4,0.67,0.55,0.58,0.5,0
scen_000006,inc_scen_000006_01,node_03,mesh_svc_3,cpu_saturation,0.22,0.56,0.51,0.46,0.68,0.5,0.41,0
scen_000006,inc_scen_000006_01,node_04,mesh_svc_4,network_latency,0.3,0.88,0.36,0.56,0.1,0.72,0.42,0
scen_000006,inc_scen_000006_01,node_05,mesh_svc_5,slow_query,0.63,0.78,0.55,0.68,0.36,0.85,0.4,0
scen_000006,inc_scen_000006_01,node_06,mesh_svc_6,network_latency,0.48,0.62,0.51,0.28,0.27,0.53,0.18,0
scen_000006,inc_scen_000006_01,node_07,mesh_svc_7,network_latency,0.12,0.61,0.13,0.32,0.06,0.28,0.4,0
scen_000006,inc_scen_000006_01,node_08,mesh_svc_8,cpu_saturation,0.11,0.1,0.27,0.38,0.65,0.6,0.5,0
scen_000006,inc_scen_000006_01,node_09,mesh_svc_9,cpu_saturation,0.36,0.75,0.59,0.75,0.55,0.21,0.27,0
scen_000006,inc_scen_000006_01,node_10,mesh_svc_10,cpu_saturation,0.16,0.55,0.18,0.25,0.67,0.55,0.24,0
scen_000006,inc_scen_000006_01,node_11,mesh_svc_11,cpu_saturation,0.12,0.86,0.19,0.5,0.41,0.53,0.22,0
scen_000006,inc_scen_000006_01,node_12,mesh_svc_12,memory_leak,0.79,0.9,0.84,0.91,0.73,0.77,0.9,1
scen_000006,inc_scen_000006_01,node_13,mesh_svc_13,network_latency,0.51,0.19,0.4,0.18,0.65,0.25,0.07,0
scen_000006,inc_scen_000006_01,node_14,mesh_svc_14,network_latency,0.44,0.47,0.11,0.35,0.38,0.38,0.5,0
scen_000006,inc_scen_000006_01,node_15,mesh_svc_15,slow_query,0.12,0.2,0.25,0.3,0.09,0.27,0.17,0
scen_000006,inc_scen_000006_01,node_16,mesh_svc_16,slow_query,0.73,0.48,0.54,0.64,0.09,0.32,0.42,0
scen_000006,inc_scen_000006_01,node_17,mesh_svc_17,cpu_saturation,0.68,0.47,0.32,0.15,0.66,0.53,0.14,0
scen_000006,inc_scen_000006_01,node_18,mesh_svc_18,network_latency,0.55,0.72,0.43,0.34,0.37,0.54,0.34,0
scen_000006,inc_scen_000006_02,node_00,mesh_svc_0,slow_query,0.74,0.85,0.12,0.56,0.29,0.35,0.2,0
scen_000006,inc_scen_000006_02,node_01,mesh_svc_1,slow_query,0.23,0.45,0.59,0.59,0.55,0.41,0.44,0
scen_000006,inc_scen_000006_02,node_02,mesh_svc_2,slow_query,0.4,0.75,0.39,0.31,0.34,0.52,0.19,0
scen_000006,inc_scen_000006_02,node_03,mesh_svc_3,cpu_saturation,0.1,0.69,0.11,0.3,0.43,0.53,0.24,0
scen_000006,inc_scen_000006_02,node_04,mesh_svc_4,network_latency,0.25,0.81,0.33,0.56,0.37,0.54,0.24,0
scen_000006,inc_scen_000006_02,node_05,mesh_svc_5,cpu_saturation,0.74,0.83,0.24,0.15,0.22,0.34,0.31,0
scen_000006,inc_scen_000006_02,node_06,mesh_svc_6,cpu_saturation,0.44,0.12,0.17,0.3,0.59,0.5,0.17,0
scen_000006,inc_scen_000006_02,node_07,mesh_svc_7,cpu_saturation,0.27,0.24,0.2,0.56,0.37,0.8,0.49,0
scen_000006,inc_scen_000006_02,node_08,mesh_svc_8,slow_query,0.85,0.15,0.4,0.41,0.25,0.52,0.17,0
scen_000006,inc_scen_000006_02,node_09,mesh_svc_9,network_latency,0.82,0.56,0.18,0.54,0.35,0.58,0.42,0
scen_000006,inc_scen_000006_02,node_10,mesh_svc_10,cpu_saturation,0.41,0.51,0.53,0.6,0.39,0.23,0.19,0
scen_000006,inc_scen_000006_02,node_11,mesh_svc_11,slow_query,0.49,0.61,0.21,0.22,0.65,0.5,0.12,0
scen_000006,inc_scen_000006_02,node_12,mesh_svc_12,network_latency,0.36,0.24,0.44,0.66,0.54,0.59,0.41,0
scen_000006,inc_scen_000006_02,node_13,mesh_svc_13,slow_query,0.85,0.28,0.32,0.61,0.34,0.3,0.18,0
scen_000006,inc_scen_000006_02,node_14,mesh_svc_14,cpu_saturation,0.55,0.12,0.6,0.35,0.3,0.38,0.45,0
scen_000006,inc_scen_000006_02,node_15,mesh_svc_15,cpu_saturation,0.14,0.38,0.15,0.77,0.49,0.26,0.26,0
scen_000006,inc_scen_000006_02,node_16,mesh_svc_16,network_latency,0.52,0.82,0.24,0.17,0.45,0.15,0.32,0
scen_000006,inc_scen_000006_02,node_17,mesh_svc_17,configuration_error,0.84,0.73,0.82,0.76,0.72,0.88,0.96,1
scen_000006,inc_scen_000006_02,node_18,mesh_svc_18,cpu_saturation,0.21,0.22,0.42,0.59,0.19,0.59,0.14,0
scen_000008,inc_scen_000008_01,gw_01,api_gateway,slow_query,0.55,0.88,0.51,0.73,0.51,0.67,0.3,0
scen_000008,inc_scen_000008_01,auth_01,auth_service,slow_query,0.36,0.59,0.5,0.59,0.51,0.18,0.14,0
scen_000008,inc_scen_000008_01,order_01,order_service,slow_query,0.19,0.33,0.36,0.44,0.56,0.82,0.48,0
scen_000008,inc_scen_000008_01,pay_01,payment_service,cpu_saturation,0.49,0.83,0.4,0.2,0.62,0.17,0.3,0
scen_000008,inc_scen_000008_01,inv_01,inventory_service,slow_query,0.45,0.43,0.21,0.47,0.37,0.28,0.15,0
scen_000008,inc_scen_000008_01,db_master,postgresql,network_latency,0.62,0.41,0.45,0.5,0.56,0.23,0.27,0
scen_000008,inc_scen_000008_01,cache_01,redis,network_latency,0.23,0.82,0.26,0.47,0.34,0.78,0.32,0
scen_000008,inc_scen_000008_01,mq_01,kafka,network_latency,0.67,0.5,0.16,0.11,0.29,0.18,0.44,0
scen_000008,inc_scen_000008_01,ecom_aux_1,user_service_1,dependency_timeout,0.98,0.88,0.82,0.82,0.72,0.78,0.88,1
scen_000008,inc_scen_000008_01,ecom_aux_2,user_service_2,network_latency,0.43,0.61,0.43,0.63,0.53,0.49,0.31,0
scen_000008,inc_scen_000008_01,ecom_aux_3,user_service_3,slow_query,0.64,0.55,0.5,0.67,0.58,0.39,0.28,0
scen_000008,inc_scen_000008_01,ecom_aux_4,user_service_4,cpu_saturation,0.1,0.49,0.34,0.78,0.18,0.62,0.41,0
scen_000008,inc_scen_000008_01,ecom_aux_5,user_service_5,slow_query,0.69,0.9,0.39,0.42,0.17,0.76,0.14,0
scen_000008,inc_scen_000008_01,ecom_aux_6,user_service_6,slow_query,0.67,0.63,0.43,0.15,0.69,0.52,0.48,0
scen_000008,inc_scen_000008_01,ecom_aux_7,user_service_7,cpu_saturation,0.71,0.83,0.29,0.35,0.46,0.11,0.17,0
scen_000008,inc_scen_000008_01,ecom_aux_8,user_service_8,slow_query,0.31,0.25,0.23,0.75,0.15,0.13,0.36,0
scen_000008,inc_scen_000008_01,ecom_aux_9,user_service_9,cpu_saturation,0.51,0.15,0.29,0.16,0.67,0.13,0.47,0
scen_000008,inc_scen_000008_02,gw_01,api_gateway,network_latency,0.2,0.68,0.13,0.33,0.63,0.59,0.43,0
scen_000008,inc_scen_000008_02,auth_01,auth_service,network_latency,0.12,0.13,0.46,0.32,0.55,0.36,0.37,0
scen_000008,inc_scen_000008_02,order_01,order_service,network_latency,0.11,0.63,0.15,0.2,0.16,0.43,0.36,0
scen_000008,inc_scen_000008_02,pay_01,payment_service,slow_query,0.72,0.79,0.36,0.16,0.63,0.55,0.46,0
scen_000008,inc_scen_000008_02,inv_01,inventory_service,slow_query,0.56,0.18,0.11,0.11,0.61,0.38,0.17,0
scen_000008,inc_scen_000008_02,db_master,postgresql,network_latency,0.39,0.81,0.46,0.69,0.58,0.76,0.35,0
scen_000008,inc_scen_000008_02,cache_01,redis,cpu_saturation,0.58,0.61,0.21,0.27,0.06,0.28,0.19,0
scen_000008,inc_scen_000008_02,mq_01,kafka,slow_query,0.13,0.13,0.24,0.48,0.15,0.36,0.36,0
scen_000008,inc_scen_000008_02,ecom_aux_1,user_service_1,slow_query,0.81,0.45,0.44,0.63,0.68,0.11,0.34,0
scen_000008,inc_scen_000008_02,ecom_aux_2,user_service_2,network_latency,0.73,0.47,0.14,0.2,0.21,0.44,0.27,0
scen_000008,inc_scen_000008_02,ecom_aux_3,user_service_3,network_latency,0.62,0.53,0.13,0.33,0.58,0.67,0.22,0
scen_000008,inc_scen_000008_02,ecom_aux_4,user_service_4,slow_query,0.75,0.64,0.3,0.47,0.06,0.83,0.32,0
scen_000008,inc_scen_000008_02,ecom_aux_5,user_service_5,cpu_saturation,0.34,0.13,0.34,0.4,0.15,0.68,0.08,0
scen_000008,inc_scen_000008_02,ecom_aux_6,user_service_6,network_latency,0.3,0.47,0.46,0.15,0.16,0.63,0.16,0
scen_000008,inc_scen_000008_02,ecom_aux_7,user_service_7,database_connection_exhaustion,0.84,0.76,0.95,0.73,0.72,0.91,0.92,1
scen_000008,inc_scen_000008_02,ecom_aux_8,user_service_8,cpu_saturation,0.63,0.68,0.12,0.54,0.68,0.84,0.33,0
scen_000008,inc_scen_000008_02,ecom_aux_9,user_service_9,slow_query,0.45,0.21,0.11,0.19,0.14,0.11,0.43,0
scen_000009,inc_scen_000009_01,ingest_01,ingestion_gateway,network_latency,0.16,0.8,0.25,0.63,0.53,0.75,0.4,0
scen_000009,inc_scen_000009_01,kafka_broker,kafka,network_latency,0.71,0.16,0.45,0.48,0.68,0.82,0.24,0
scen_000009,inc_scen_000009_01,notif_01,notification_service,cpu_saturation,0.14,0.46,0.49,0.43,0.23,0.13,0.25,0
scen_000009,inc_scen_000009_01,user_01,user_service,network_latency,0.23,0.6,0.29,0.69,0.26,0.22,0.1,0
scen_000009,inc_scen_000009_01,db_event,mysql,database_slow_queries,0.9,0.72,0.89,0.79,0.75,0.86,0.89,1
scen_000009,inc_scen_000009_01,consumer_1,kafka_consumer_1,cpu_saturation,0.8,0.24,0.26,0.38,0.23,0.18,0.06,0
scen_000009,inc_scen_000009_01,consumer_2,kafka_consumer_2,network_latency,0.27,0.23,0.51,0.21,0.4,0.59,0.06,0
scen_000009,inc_scen_000009_01,consumer_3,kafka_consumer_3,cpu_saturation,0.51,0.79,0.55,0.16,0.22,0.31,0.1,0
scen_000009,inc_scen_000009_01,consumer_4,kafka_consumer_4,network_latency,0.2,0.17,0.21,0.6,0.44,0.53,0.08,0
scen_000009,inc_scen_000009_01,consumer_5,kafka_consumer_5,network_latency,0.49,0.55,0.14,0.7,0.12,0.79,0.21,0
scen_000009,inc_scen_000009_01,consumer_6,kafka_consumer_6,slow_query,0.64,0.16,0.55,0.17,0.65,0.27,0.33,0
scen_000009,inc_scen_000009_01,consumer_7,kafka_consumer_7,slow_query,0.38,0.28,0.27,0.47,0.61,0.48,0.34,0
scen_000009,inc_scen_000009_01,consumer_8,kafka_consumer_8,slow_query,0.35,0.48,0.4,0.55,0.21,0.18,0.35,0
scen_000009,inc_scen_000009_01,consumer_9,kafka_consumer_9,network_latency,0.29,0.27,0.12,0.62,0.28,0.45,0.41,0
scen_000009,inc_scen_000009_01,consumer_10,kafka_consumer_10,network_latency,0.48,0.51,0.59,0.53,0.34,0.2,0.17,0
scen_000009,inc_scen_000009_01,consumer_11,kafka_consumer_11,network_latency,0.11,0.75,0.49,0.3,0.5,0.31,0.49,0
scen_000009,inc_scen_000009_01,consumer_12,kafka_consumer_12,cpu_saturation,0.84,0.38,0.48,0.44,0.05,0.25,0.3,0
scen_000009,inc_scen_000009_01,consumer_13,kafka_consumer_13,cpu_saturation,0.81,0.89,0.58,0.13,0.32,0.59,0.24,0
scen_000009,inc_scen_000009_01,consumer_14,kafka_consumer_14,slow_query,0.37,0.66,0.39,0.53,0.21,0.17,0.29,0
scen_000009,inc_scen_000009_01,consumer_15,kafka_consumer_15,slow_query,0.56,0.22,0.58,0.37,0.21,0.57,0.21,0
scen_000009,inc_scen_000009_01,consumer_16,kafka_consumer_16,cpu_saturation,0.39,0.31,0.13,0.23,0.21,0.82,0.38,0
scen_000009,inc_scen_000009_01,consumer_17,kafka_consumer_17,cpu_saturation,0.75,0.64,0.52,0.48,0.29,0.17,0.26,0
scen_000009,inc_scen_000009_01,consumer_18,kafka_consumer_18,cpu_saturation,0.37,0.37,0.39,0.14,0.47,0.15,0.37,0
scen_000009,inc_scen_000009_01,consumer_19,kafka_consumer_19,cpu_saturation,0.81,0.55,0.22,0.19,0.41,0.56,0.44,0
scen_000009,inc_scen_000009_01,consumer_20,kafka_consumer_20,slow_query,0.25,0.18,0.36,0.53,0.61,0.29,0.06,0
scen_000009,inc_scen_000009_01,consumer_21,kafka_consumer_21,slow_query,0.51,0.24,0.12,0.76,0.33,0.78,0.26,0
scen_000009,inc_scen_000009_01,consumer_22,kafka_consumer_22,slow_query,0.84,0.71,0.21,0.22,0.66,0.22,0.36,0
scen_000009,inc_scen_000009_01,consumer_23,kafka_consumer_23,network_latency,0.33,0.9,0.49,0.53,0.13,0.1,0.31,0
scen_000009,inc_scen_000009_01,consumer_24,kafka_consumer_24,network_latency,0.22,0.31,0.34,0.34,0.57,0.57,0.47,0
scen_000009,inc_scen_000009_01,consumer_25,kafka_consumer_25,cpu_saturation,0.49,0.25,0.21,0.11,0.46,0.32,0.37,0
scen_000009,inc_scen_000009_01,consumer_26,kafka_consumer_26,network_latency,0.64,0.76,0.5,0.79,0.49,0.57,0.3,0
scen_000009,inc_scen_000009_01,consumer_27,kafka_consumer_27,network_latency,0.19,0.19,0.59,0.49,0.52,0.27,0.43,0
scen_000009,inc_scen_000009_01,consumer_28,kafka_consumer_28,cpu_saturation,0.17,0.77,0.5,0.75,0.23,0.74,0.26,0
scen_000010,inc_scen_000010_01,ingest_01,ingestion_gateway,cpu_saturation,0.11,0.38,0.58,0.64,0.2,0.16,0.25,0
scen_000010,inc_scen_000010_01,kafka_broker,kafka,cpu_saturation,0.81,0.64,0.56,0.63,0.43,0.55,0.06,0
scen_000010,inc_scen_000010_01,notif_01,notification_service,network_latency,0.14,0.44,0.34,0.65,0.67,0.72,0.49,0
scen_000010,inc_scen_000010_01,user_01,user_service,slow_query,0.45,0.83,0.12,0.51,0.19,0.14,0.14,0
scen_000010,inc_scen_000010_01,db_event,mysql,slow_query,0.42,0.56,0.12,0.71,0.18,0.68,0.2,0
scen_000010,inc_scen_000010_01,consumer_1,kafka_consumer_1,cpu_saturation,0.61,0.22,0.4,0.27,0.52,0.55,0.11,0
scen_000010,inc_scen_000010_01,consumer_2,kafka_consumer_2,cpu_saturation,0.48,0.39,0.52,0.41,0.45,0.19,0.18,0
scen_000010,inc_scen_000010_01,consumer_3,kafka_consumer_3,slow_query,0.63,0.84,0.47,0.48,0.42,0.61,0.29,0
scen_000010,inc_scen_000010_01,consumer_4,kafka_consumer_4,slow_query,0.21,0.71,0.13,0.21,0.11,0.32,0.26,0
scen_000010,inc_scen_000010_01,consumer_5,kafka_consumer_5,slow_query,0.16,0.35,0.28,0.33,0.67,0.76,0.34,0
scen_000010,inc_scen_000010_01,consumer_6,kafka_consumer_6,slow_query,0.37,0.59,0.27,0.16,0.34,0.79,0.09,0
scen_000010,inc_scen_000010_01,consumer_7,kafka_consumer_7,network_latency,0.21,0.22,0.26,0.54,0.15,0.28,0.21,0
scen_000010,inc_scen_000010_01,consumer_8,kafka_consumer_8,database_outage,0.76,0.83,0.91,0.75,0.88,0.94,0.97,1
scen_000010,inc_scen_000010_01,consumer_9,kafka_consumer_9,network_latency,0.16,0.82,0.11,0.18,0.35,0.66,0.2,0
scen_000010,inc_scen_000010_01,consumer_10,kafka_consumer_10,network_latency,0.56,0.74,0.44,0.1,0.22,0.2,0.16,0
scen_000010,inc_scen_000010_01,consumer_11,kafka_consumer_11,slow_query,0.68,0.69,0.23,0.36,0.32,0.83,0.17,0
scen_000010,inc_scen_000010_01,consumer_12,kafka_consumer_12,cpu_saturation,0.81,0.7,0.44,0.8,0.49,0.15,0.31,0
scen_000011,inc_scen_000011_01,ingest_01,ingestion_gateway,slow_query,0.27,0.45,0.25,0.21,0.15,0.35,0.36,0
scen_000011,inc_scen_000011_01,kafka_broker,kafka,cpu_saturation,0.57,0.4,0.59,0.13,0.7,0.17,0.39,0
scen_000011,inc_scen_000011_01,notif_01,notification_service,slow_query,0.71,0.82,0.22,0.6,0.4,0.73,0.12,0
scen_000011,inc_scen_000011_01,user_01,user_service,slow_query,0.46,0.38,0.51,0.46,0.58,0.64,0.05,0
scen_000011,inc_scen_000011_01,db_event,mysql,slow_query,0.13,0.46,0.4,0.61,0.2,0.7,0.16,0
scen_000011,inc_scen_000011_01,consumer_1,kafka_consumer_1,slow_query,0.34,0.63,0.52,0.17,0.16,0.57,0.08,0
scen_000011,inc_scen_000011_01,consumer_2,kafka_consumer_2,cpu_saturation,0.18,0.62,0.36,0.6,0.49,0.56,0.23,0
scen_000011,inc_scen_000011_01,consumer_3,kafka_consumer_3,cpu_saturation,0.36,0.28,0.59,0.14,0.38,0.71,0.36,0
scen_000011,inc_scen_000011_01,consumer_4,kafka_consumer_4,cpu_saturation,0.49,0.65,0.22,0.71,0.46,0.58,0.07,0
scen_000011,inc_scen_000011_01,consumer_5,kafka_consumer_5,cpu_saturation,0.27,0.56,0.15,0.2,0.1,0.42,0.14,0
scen_000011,inc_scen_000011_01,consumer_6,kafka_consumer_6,slow_query,0.34,0.2,0.21,0.6,0.48,0.72,0.49,0
scen_000011,inc_scen_000011_01,consumer_7,kafka_consumer_7,cpu_saturation,0.61,0.33,0.5,0.23,0.1,0.44,0.32,0
scen_000011,inc_scen_000011_01,consumer_8,kafka_consumer_8,cpu_saturation,0.24,0.68,0.18,0.7,0.44,0.18,0.41,0
scen_000011,inc_scen_000011_01,consumer_9,kafka_consumer_9,slow_query,0.62,0.89,0.45,0.52,0.12,0.39,0.07,0
scen_000011,inc_scen_000011_01,consumer_10,kafka_consumer_10,cpu_saturation,0.2,0.75,0.38,0.22,0.59,0.36,0.38,0
scen_000011,inc_scen_000011_01,consumer_11,kafka_consumer_11,slow_query,0.77,0.16,0.33,0.76,0.34,0.62,0.16,0
scen_000011,inc_scen_000011_01,consumer_12,kafka_consumer_12,cpu_saturation,0.9,0.73,0.86,0.77,0.89,0.92,0.92,1
scen_000011,inc_scen_000011_01,consumer_13,kafka_consumer_13,slow_query,0.61,0.19,0.43,0.48,0.28,0.29,0.31,0
scen_000011,inc_scen_000011_01,consumer_14,kafka_consumer_14,slow_query,0.61,0.28,0.6,0.7,0.56,0.18,0.47,0
scen_000011,inc_scen_000011_01,consumer_15,kafka_consumer_15,cpu_saturation,0.71,0.46,0.34,0.36,0.67,0.72,0.23,0
scen_000011,inc_scen_000011_01,consumer_16,kafka_consumer_16,cpu_saturation,0.67,0.58,0.4,0.68,0.66,0.11,0.06,0
scen_000011,inc_scen_000011_01,consumer_17,kafka_consumer_17,cpu_saturation,0.82,0.31,0.46,0.25,0.51,0.29,0.1,0
scen_000011,inc_scen_000011_01,consumer_18,kafka_consumer_18,network_latency,0.67,0.29,0.44,0.58,0.57,0.73,0.33,0
scen_000011,inc_scen_000011_01,consumer_19,kafka_consumer_19,slow_query,0.12,0.5,0.43,0.38,0.43,0.3,0.16,0
scen_000011,inc_scen_000011_01,consumer_20,kafka_consumer_20,slow_query,0.38,0.53,0.13,0.49,0.06,0.63,0.39,0
scen_000011,inc_scen_000011_01,consumer_21,kafka_consumer_21,cpu_saturation,0.32,0.51,0.34,0.42,0.47,0.59,0.32,0
scen_000011,inc_scen_000011_01,consumer_22,kafka_consumer_22,network_latency,0.42,0.55,0.35,0.54,0.14,0.19,0.35,0
scen_000011,inc_scen_000011_01,consumer_23,kafka_consumer_23,network_latency,0.28,0.28,0.48,0.25,0.38,0.72,0.3,0
scen_000011,inc_scen_000011_01,consumer_24,kafka_consumer_24,cpu_saturation,0.79,0.63,0.3,0.26,0.61,0.19,0.46,0
scen_000011,inc_scen_000011_01,consumer_25,kafka_consumer_25,network_latency,0.39,0.37,0.6,0.57,0.14,0.29,0.09,0
scen_000011,inc_scen_000011_01,consumer_26,kafka_consumer_26,slow_query,0.84,0.52,0.58,0.28,0.2,0.78,0.06,0
scen_000011,inc_scen_000011_01,consumer_27,kafka_consumer_27,cpu_saturation,0.83,0.83,0.55,0.28,0.41,0.52,0.2,0
scen_000011,inc_scen_000011_01,consumer_28,kafka_consumer_28,cpu_saturation,0.71,0.11,0.11,0.42,0.19,0.25,0.47,0
scen_000011,inc_scen_000011_01,consumer_29,kafka_consumer_29,network_latency,0.24,0.57,0.41,0.43,0.69,0.22,0.16,0
scen_000011,inc_scen_000011_01,consumer_30,kafka_consumer_30,slow_query,0.48,0.89,0.58,0.59,0.23,0.81,0.24,0
scen_000011,inc_scen_000011_01,consumer_31,kafka_consumer_31,cpu_saturation,0.74,0.89,0.2,0.6,0.26,0.31,0.3,0
scen_000012,inc_scen_000012_01,gw_01,api_gateway,network_latency,0.62,0.25,0.12,0.35,0.61,0.39,0.21,0
scen_000012,inc_scen_000012_01,rec_01,recommendation_service,slow_query,0.44,0.23,0.28,0.67,0.33,0.2,0.19,0
scen_000012,inc_scen_000012_01,es_01,elasticsearch,cpu_saturation,0.44,0.7,0.1,0.29,0.12,0.46,0.45,0
scen_000012,inc_scen_000012_01,redis_01,redis,cpu_saturation,0.36,0.38,0.26,0.46,0.19,0.59,0.1,0
scen_000012,inc_scen_000012_01,mongo_01,mongodb,cpu_saturation,0.61,0.64,0.28,0.38,0.48,0.2,0.41,0
scen_000012,inc_scen_000012_01,search_node_1,search_aux_1,slow_query,0.83,0.32,0.19,0.68,0.17,0.45,0.19,0
scen_000012,inc_scen_000012_01,search_node_2,search_aux_2,network_latency,0.24,0.14,0.6,0.8,0.62,0.7,0.38,0
scen_000012,inc_scen_000012_01,search_node_3,search_aux_3,cpu_saturation,0.61,0.87,0.35,0.75,0.46,0.12,0.31,0
scen_000012,inc_scen_000012_01,search_node_4,search_aux_4,network_latency,0.66,0.68,0.28,0.41,0.69,0.13,0.43,0
scen_000012,inc_scen_000012_01,search_node_5,search_aux_5,cpu_saturation,0.73,0.53,0.25,0.61,0.63,0.47,0.12,0
scen_000012,inc_scen_000012_01,search_node_6,search_aux_6,cpu_saturation,0.57,0.19,0.49,0.41,0.63,0.59,0.05,0
scen_000012,inc_scen_000012_01,search_node_7,search_aux_7,network_latency,0.71,0.41,0.19,0.24,0.59,0.28,0.4,0
scen_000012,inc_scen_000012_01,search_node_8,search_aux_8,slow_query,0.76,0.89,0.53,0.44,0.61,0.62,0.13,0
scen_000012,inc_scen_000012_01,search_node_9,search_aux_9,cpu_saturation,0.77,0.28,0.19,0.19,0.58,0.46,0.3,0
scen_000012,inc_scen_000012_01,search_node_10,search_aux_10,network_latency,0.7,0.46,0.28,0.44,0.29,0.72,0.1,0
scen_000012,inc_scen_000012_01,search_node_11,search_aux_11,network_latency,0.35,0.29,0.23,0.48,0.61,0.72,0.1,0
scen_000012,inc_scen_000012_01,search_node_12,search_aux_12,network_latency,0.28,0.28,0.42,0.6,0.52,0.5,0.23,0
scen_000012,inc_scen_000012_01,search_node_13,search_aux_13,network_latency,0.43,0.67,0.12,0.11,0.06,0.28,0.17,0
scen_000012,inc_scen_000012_01,search_node_14,search_aux_14,network_latency,0.44,0.37,0.26,0.59,0.69,0.52,0.3,0
scen_000012,inc_scen_000012_01,search_node_15,search_aux_15,network_latency,0.78,0.45,0.22,0.44,0.37,0.1,0.18,0
scen_000012,inc_scen_000012_01,search_node_16,search_aux_16,cpu_saturation,0.39,0.34,0.13,0.31,0.14,0.84,0.18,0
scen_000012,inc_scen_000012_01,search_node_17,search_aux_17,cpu_saturation,0.34,0.68,0.59,0.5,0.08,0.15,0.24,0
scen_000012,inc_scen_000012_01,search_node_18,search_aux_18,cpu_saturation,0.45,0.23,0.57,0.41,0.34,0.5,0.14,0
scen_000012,inc_scen_000012_01,search_node_19,search_aux_19,cpu_saturation,0.71,0.38,0.56,0.71,0.33,0.47,0.23,0
scen_000012,inc_scen_000012_01,search_node_20,search_aux_20,slow_query,0.24,0.15,0.4,0.74,0.29,0.26,0.34,0
scen_000012,inc_scen_000012_01,search_node_21,search_aux_21,cpu_saturation,0.56,0.51,0.19,0.15,0.67,0.5,0.32,0
scen_000012,inc_scen_000012_01,search_node_22,search_aux_22,slow_query,0.69,0.72,0.55,0.46,0.42,0.7,0.32,0
scen_000012,inc_scen_000012_01,search_node_23,search_aux_23,cpu_saturation,0.41,0.56,0.51,0.19,0.38,0.55,0.19,0
scen_000012,inc_scen_000012_01,search_node_24,search_aux_24,external_api_failure,0.86,0.73,0.91,0.84,0.82,0.96,0.87,1
scen_000012,inc_scen_000012_01,search_node_25,search_aux_25,cpu_saturation,0.69,0.82,0.41,0.45,0.47,0.28,0.48,0
scen_000012,inc_scen_000012_01,search_node_26,search_aux_26,network_latency,0.34,0.47,0.36,0.38,0.45,0.32,0.43,0
scen_000012,inc_scen_000012_01,search_node_27,search_aux_27,cpu_saturation,0.58,0.6,0.29,0.45,0.63,0.46,0.34,0
scen_000012,inc_scen_000012_01,search_node_28,search_aux_28,network_latency,0.41,0.29,0.38,0.31,0.14,0.32,0.47,0
scen_000012,inc_scen_000012_01,search_node_29,search_aux_29,cpu_saturation,0.48,0.81,0.56,0.18,0.31,0.31,0.42,0
scen_000012,inc_scen_000012_01,search_node_30,search_aux_30,network_latency,0.38,0.34,0.12,0.42,0.49,0.65,0.29,0
scen_000012,inc_scen_000012_01,search_node_31,search_aux_31,network_latency,0.45,0.44,0.5,0.27,0.6,0.39,0.15,0
scen_000012,inc_scen_000012_01,search_node_32,search_aux_32,slow_query,0.79,0.5,0.23,0.57,0.07,0.79,0.38,0
scen_000012,inc_scen_000012_01,search_node_33,search_aux_33,cpu_saturation,0.37,0.33,0.27,0.78,0.63,0.66,0.31,0
scen_000012,inc_scen_000012_01,search_node_34,search_aux_34,cpu_saturation,0.61,0.49,0.33,0.27,0.14,0.14,0.16,0
scen_000012,inc_scen_000012_01,search_node_35,search_aux_35,slow_query,0.27,0.41,0.4,0.76,0.37,0.71,0.14,0
scen_000012,inc_scen_000012_01,search_node_36,search_aux_36,network_latency,0.18,0.78,0.51,0.72,0.52,0.24,0.12,0
scen_000012,inc_scen_000012_01,search_node_37,search_aux_37,network_latency,0.76,0.45,0.13,0.58,0.2,0.48,0.39,0
scen_000012,inc_scen_000012_01,search_node_38,search_aux_38,slow_query,0.46,0.49,0.5,0.63,0.64,0.24,0.37,0
scen_000012,inc_scen_000012_01,search_node_39,search_aux_39,slow_query,0.38,0.85,0.18,0.7,0.2,0.84,0.24,0
scen_000012,inc_scen_000012_01,search_node_40,search_aux_40,cpu_saturation,0.64,0.39,0.38,0.41,0.52,0.66,0.07,0
scen_000012,inc_scen_000012_01,search_node_41,search_aux_41,slow_query,0.61,0.48,0.51,0.28,0.61,0.39,0.06,0
scen_000012,inc_scen_000012_01,search_node_42,search_aux_42,cpu_saturation,0.28,0.51,0.54,0.17,0.12,0.38,0.42,0
scen_000012,inc_scen_000012_01,search_node_43,search_aux_43,slow_query,0.61,0.45,0.28,0.61,0.55,0.31,0.07,0
scen_000013,inc_scen_000013_01,gw_01,api_gateway,network_latency,0.12,0.12,0.13,0.13,0.56,0.7,0.21,0
scen_000013,inc_scen_000013_01,auth_01,auth_service,cpu_saturation,0.36,0.81,0.28,0.6,0.37,0.36,0.09,0
scen_000013,inc_scen_000013_01,order_01,order_service,slow_query,0.35,0.13,0.51,0.26,0.49,0.76,0.19,0
scen_000013,inc_scen_000013_01,pay_01,payment_service,cpu_saturation,0.66,0.15,0.14,0.32,0.13,0.15,0.28,0
scen_000013,inc_scen_000013_01,inv_01,inventory_service,slow_query,0.2,0.7,0.2,0.21,0.56,0.42,0.16,0
scen_000013,inc_scen_000013_01,db_master,postgresql,cpu_saturation,0.66,0.3,0.46,0.51,0.26,0.43,0.19,0
scen_000013,inc_scen_000013_01,cache_01,redis,slow_query,0.32,0.38,0.36,0.21,0.57,0.61,0.24,0
scen_000013,inc_scen_000013_01,mq_01,kafka,slow_query,0.2,0.49,0.26,0.55,0.63,0.57,0.27,0
scen_000013,inc_scen_000013_01,ecom_aux_1,user_service_1,network_latency,0.75,0.46,0.49,0.59,0.2,0.81,0.14,0
scen_000013,inc_scen_000013_01,ecom_aux_2,user_service_2,cpu_saturation,0.53,0.2,0.17,0.14,0.52,0.69,0.32,0
scen_000013,inc_scen_000013_01,ecom_aux_3,user_service_3,slow_query,0.1,0.43,0.18,0.75,0.61,0.46,0.33,0
scen_000013,inc_scen_000013_01,ecom_aux_4,user_service_4,cpu_saturation,0.47,0.58,0.31,0.79,0.13,0.34,0.06,0
scen_000013,inc_scen_000013_01,ecom_aux_5,user_service_5,network_latency,0.69,0.41,0.57,0.51,0.51,0.64,0.41,0
scen_000013,inc_scen_000013_01,ecom_aux_6,user_service_6,cpu_saturation,0.11,0.27,0.24,0.53,0.31,0.58,0.34,0
scen_000013,inc_scen_000013_01,ecom_aux_7,user_service_7,network_latency,0.61,0.16,0.16,0.15,0.33,0.34,0.41,0
scen_000013,inc_scen_000013_01,ecom_aux_8,user_service_8,cpu_saturation,0.28,0.14,0.48,0.32,0.11,0.21,0.21,0
scen_000013,inc_scen_000013_01,ecom_aux_9,user_service_9,cpu_saturation,0.26,0.35,0.24,0.33,0.68,0.59,0.23,0
scen_000013,inc_scen_000013_01,ecom_aux_10,user_service_10,slow_query,0.75,0.3,0.44,0.36,0.43,0.77,0.48,0
scen_000013,inc_scen_000013_01,ecom_aux_11,user_service_11,cpu_saturation,0.67,0.65,0.13,0.46,0.07,0.57,0.27,0
scen_000013,inc_scen_000013_01,ecom_aux_12,user_service_12,network_latency,0.21,0.51,0.25,0.11,0.28,0.63,0.49,0
scen_000013,inc_scen_000013_01,ecom_aux_13,user_service_13,cpu_saturation,0.84,0.24,0.52,0.76,0.59,0.63,0.12,0
scen_000013,inc_scen_000013_01,ecom_aux_14,user_service_14,network_latency,0.85,0.8,0.81,0.79,0.73,0.78,0.95,1
scen_000013,inc_scen_000013_01,ecom_aux_15,user_service_15,cpu_saturation,0.5,0.82,0.59,0.24,0.13,0.32,0.4,0
scen_000013,inc_scen_000013_01,ecom_aux_16,user_service_16,cpu_saturation,0.37,0.21,0.38,0.48,0.39,0.2,0.23,0
scen_000013,inc_scen_000013_01,ecom_aux_17,user_service_17,slow_query,0.46,0.5,0.49,0.19,0.18,0.61,0.47,0
scen_000013,inc_scen_000013_01,ecom_aux_18,user_service_18,slow_query,0.78,0.19,0.48,0.45,0.61,0.28,0.24,0
scen_000013,inc_scen_000013_01,ecom_aux_19,user_service_19,network_latency,0.41,0.21,0.4,0.65,0.49,0.15,0.24,0
scen_000013,inc_scen_000013_01,ecom_aux_20,user_service_20,slow_query,0.41,0.18,0.4,0.47,0.28,0.33,0.44,0
scen_000013,inc_scen_000013_01,ecom_aux_21,user_service_21,network_latency,0.34,0.78,0.29,0.52,0.53,0.79,0.43,0
scen_000013,inc_scen_000013_01,ecom_aux_22,user_service_22,slow_query,0.69,0.13,0.14,0.79,0.35,0.64,0.3,0
scen_000013,inc_scen_000013_01,ecom_aux_23,user_service_23,slow_query,0.15,0.58,0.56,0.69,0.4,0.75,0.34,0
scen_000013,inc_scen_000013_01,ecom_aux_24,user_service_24,network_latency,0.41,0.6,0.35,0.63,0.43,0.84,0.35,0
scen_000013,inc_scen_000013_01,ecom_aux_25,user_service_25,network_latency,0.48,0.54,0.12,0.33,0.56,0.64,0.26,0
scen_000013,inc_scen_000013_01,ecom_aux_26,user_service_26,network_latency,0.45,0.33,0.47,0.32,0.54,0.2,0.45,0
scen_000013,inc_scen_000013_01,ecom_aux_27,user_service_27,cpu_saturation,0.5,0.69,0.53,0.4,0.27,0.51,0.48,0
scen_000013,inc_scen_000013_01,ecom_aux_28,user_service_28,cpu_saturation,0.19,0.55,0.19,0.65,0.62,0.14,0.23,0
scen_000013,inc_scen_000013_01,ecom_aux_29,user_service_29,cpu_saturation,0.13,0.37,0.25,0.48,0.27,0.79,0.23,0
scen_000014,inc_scen_000014_01,ingest_01,ingestion_gateway,network_latency,0.55,0.53,0.42,0.33,0.35,0.16,0.07,0
scen_000014,inc_scen_000014_01,kafka_broker,kafka,cpu_saturation,0.22,0.8,0.26,0.15,0.18,0.24,0.36,0
scen_000014,inc_scen_000014_01,notif_01,notification_service,network_latency,0.19,0.43,0.31,0.53,0.62,0.47,0.48,0
scen_000014,inc_scen_000014_01,user_01,user_service,network_latency,0.65,0.67,0.16,0.5,0.29,0.39,0.12,0
scen_000014,inc_scen_000014_01,db_event,mysql,cpu_saturation,0.11,0.38,0.25,0.13,0.63,0.68,0.34,0
scen_000014,inc_scen_000014_01,consumer_1,kafka_consumer_1,slow_query,0.56,0.59,0.58,0.55,0.08,0.29,0.37,0
scen_000014,inc_scen_000014_01,consumer_2,kafka_consumer_2,slow_query,0.21,0.63,0.4,0.16,0.11,0.38,0.39,0
scen_000014,inc_scen_000014_01,consumer_3,kafka_consumer_3,slow_query,0.25,0.48,0.23,0.44,0.56,0.11,0.06,0
scen_000014,inc_scen_000014_01,consumer_4,kafka_consumer_4,slow_query,0.35,0.81,0.47,0.57,0.56,0.2,0.11,0
scen_000014,inc_scen_000014_01,consumer_5,kafka_consumer_5,network_latency,0.1,0.24,0.5,0.43,0.21,0.36,0.42,0
scen_000014,inc_scen_000014_01,consumer_6,kafka_consumer_6,network_latency,0.33,0.56,0.24,0.6,0.3,0.52,0.49,0
scen_000014,inc_scen_000014_01,consumer_7,kafka_consumer_7,network_latency,0.2,0.14,0.16,0.32,0.41,0.22,0.06,0
scen_000014,inc_scen_000014_01,consumer_8,kafka_consumer_8,network_latency,0.69,0.69,0.29,0.42,0.23,0.43,0.21,0
scen_000014,inc_scen_000014_01,consumer_9,kafka_consumer_9,cpu_saturation,0.6,0.27,0.45,0.4,0.68,0.45,0.45,0
scen_000014,inc_scen_000014_01,consumer_10,kafka_consumer_10,slow_query,0.49,0.65,0.16,0.48,0.62,0.35,0.38,0
scen_000014,inc_scen_000014_01,consumer_11,kafka_consumer_11,cpu_saturation,0.19,0.74,0.56,0.29,0.08,0.75,0.36,0
scen_000014,inc_scen_000014_01,consumer_12,kafka_consumer_12,cpu_saturation,0.76,0.36,0.32,0.29,0.43,0.25,0.24,0
scen_000014,inc_scen_000014_01,consumer_13,kafka_consumer_13,slow_query,0.57,0.21,0.11,0.52,0.45,0.18,0.43,0
scen_000014,inc_scen_000014_01,consumer_14,kafka_consumer_14,storage_failure,0.96,0.73,0.8,0.78,0.92,0.87,0.9,1
scen_000014,inc_scen_000014_01,consumer_15,kafka_consumer_15,cpu_saturation,0.72,0.25,0.1,0.74,0.58,0.38,0.14,0
scen_000014,inc_scen_000014_01,consumer_16,kafka_consumer_16,network_latency,0.46,0.23,0.22,0.38,0.63,0.31,0.19,0
scen_000014,inc_scen_000014_01,consumer_17,kafka_consumer_17,network_latency,0.15,0.35,0.18,0.77,0.51,0.16,0.06,0
scen_000014,inc_scen_000014_01,consumer_18,kafka_consumer_18,network_latency,0.48,0.47,0.43,0.38,0.17,0.51,0.34,0
scen_000014,inc_scen_000014_01,consumer_19,kafka_consumer_19,cpu_saturation,0.63,0.64,0.26,0.8,0.16,0.55,0.42,0
scen_000014,inc_scen_000014_02,ingest_01,ingestion_gateway,network_latency,0.41,0.35,0.19,0.36,0.31,0.75,0.39,0
scen_000014,inc_scen_000014_02,kafka_broker,kafka,cpu_saturation,0.12,0.9,0.56,0.75,0.43,0.61,0.08,0
scen_000014,inc_scen_000014_02,notif_01,notification_service,slow_query,0.73,0.53,0.37,0.27,0.22,0.55,0.36,0
scen_000014,inc_scen_000014_02,user_01,user_service,cpu_saturation,0.23,0.17,0.21,0.17,0.27,0.28,0.23,0
scen_000014,inc_scen_000014_02,db_event,mysql,network_latency,0.38,0.33,0.47,0.76,0.37,0.78,0.23,0
scen_000014,inc_scen_000014_02,consumer_1,kafka_consumer_1,authentication_failure,0.87,0.92,0.83,0.73,0.94,0.81,0.86,1
scen_000014,inc_scen_000014_02,consumer_2,kafka_consumer_2,cpu_saturation,0.75,0.47,0.22,0.3,0.68,0.83,0.06,0
scen_000014,inc_scen_000014_02,consumer_3,kafka_consumer_3,network_latency,0.67,0.21,0.19,0.54,0.26,0.79,0.22,0
scen_000014,inc_scen_000014_02,consumer_4,kafka_consumer_4,slow_query,0.42,0.2,0.27,0.16,0.53,0.77,0.3,0
scen_000014,inc_scen_000014_02,consumer_5,kafka_consumer_5,slow_query,0.79,0.56,0.25,0.22,0.19,0.12,0.36,0
scen_000014,inc_scen_000014_02,consumer_6,kafka_consumer_6,network_latency,0.18,0.21,0.59,0.38,0.63,0.48,0.22,0
scen_000014,inc_scen_000014_02,consumer_7,kafka_consumer_7,network_latency,0.55,0.89,0.31,0.78,0.39,0.76,0.15,0
scen_000014,inc_scen_000014_02,consumer_8,kafka_consumer_8,cpu_saturation,0.76,0.61,0.19,0.54,0.34,0.19,0.26,0
scen_000014,inc_scen_000014_02,consumer_9,kafka_consumer_9,network_latency,0.22,0.15,0.46,0.14,0.28,0.49,0.23,0
scen_000014,inc_scen_000014_02,consumer_10,kafka_consumer_10,cpu_saturation,0.54,0.32,0.47,0.78,0.39,0.51,0.46,0
scen_000014,inc_scen_000014_02,consumer_11,kafka_consumer_11,network_latency,0.33,0.23,0.54,0.8,0.14,0.54,0.27,0
scen_000014,inc_scen_000014_02,consumer_12,kafka_consumer_12,slow_query,0.13,0.89,0.56,0.47,0.27,0.78,0.15,0
scen_000014,inc_scen_000014_02,consumer_13,kafka_consumer_13,network_latency,0.46,0.69,0.27,0.22,0.07,0.77,0.42,0
scen_000014,inc_scen_000014_02,consumer_14,kafka_consumer_14,cpu_saturation,0.62,0.43,0.54,0.8,0.54,0.35,0.22,0
scen_000014,inc_scen_000014_02,consumer_15,kafka_consumer_15,cpu_saturation,0.39,0.32,0.43,0.63,0.15,0.81,0.23,0
scen_000014,inc_scen_000014_02,consumer_16,kafka_consumer_16,cpu_saturation,0.68,0.68,0.32,0.67,0.61,0.26,0.05,0
scen_000014,inc_scen_000014_02,consumer_17,kafka_consumer_17,slow_query,0.11,0.23,0.44,0.62,0.48,0.39,0.31,0
scen_000014,inc_scen_000014_02,consumer_18,kafka_consumer_18,cpu_saturation,0.53,0.12,0.17,0.47,0.64,0.42,0.32,0
scen_000014,inc_scen_000014_02,consumer_19,kafka_consumer_19,slow_query,0.4,0.64,0.48,0.61,0.41,0.4,0.34,0
scen_000015,inc_scen_000015_01,gw_01,api_gateway,slow_query,0.4,0.82,0.4,0.38,0.42,0.43,0.45,0
scen_000015,inc_scen_000015_01,lb_01,load_balancer,slow_query,0.14,0.83,0.15,0.43,0.08,0.76,0.14,0
scen_000015,inc_scen_000015_01,auth_01,auth_service,slow_query,0.28,0.75,0.51,0.61,0.37,0.37,0.31,0
scen_000015,inc_scen_000015_01,web_01,web_service,cpu_saturation,0.6,0.17,0.44,0.66,0.11,0.35,0.24,0
scen_000015,inc_scen_000015_01,db_01,postgresql,cpu_saturation,0.75,0.89,0.13,0.19,0.42,0.14,0.31,0
scen_000015,inc_scen_000015_01,sub_svc_2,sub_service_2,network_latency,0.68,0.47,0.5,0.77,0.05,0.19,0.18,0
scen_000015,inc_scen_000015_01,sub_svc_3,sub_service_3,cpu_saturation,0.2,0.15,0.25,0.72,0.15,0.79,0.24,0
scen_000015,inc_scen_000015_01,sub_svc_4,sub_service_4,cpu_saturation,0.18,0.28,0.19,0.38,0.68,0.63,0.06,0
scen_000015,inc_scen_000015_01,sub_svc_5,sub_service_5,network_latency,0.65,0.54,0.11,0.29,0.33,0.53,0.17,0
scen_000015,inc_scen_000015_01,sub_svc_6,sub_service_6,network_latency,0.45,0.67,0.52,0.73,0.15,0.15,0.14,0
scen_000015,inc_scen_000015_01,sub_svc_7,sub_service_7,network_latency,0.22,0.78,0.14,0.28,0.15,0.53,0.26,0
scen_000015,inc_scen_000015_01,sub_svc_8,sub_service_8,slow_query,0.52,0.8,0.24,0.27,0.45,0.25,0.2,0
scen_000015,inc_scen_000015_01,sub_svc_9,sub_service_9,cpu_saturation,0.75,0.7,0.47,0.58,0.56,0.72,0.47,0
scen_000015,inc_scen_000015_01,sub_svc_10,sub_service_10,slow_query,0.18,0.54,0.59,0.62,0.64,0.58,0.37,0
scen_000015,inc_scen_000015_01,sub_svc_11,sub_service_11,network_latency,0.51,0.36,0.44,0.39,0.13,0.63,0.29,0
scen_000015,inc_scen_000015_01,sub_svc_12,sub_service_12,cpu_saturation,0.23,0.12,0.58,0.74,0.28,0.62,0.2,0
scen_000015,inc_scen_000015_01,sub_svc_13,sub_service_13,network_latency,0.84,0.87,0.18,0.4,0.51,0.74,0.44,0
scen_000015,inc_scen_000015_01,sub_svc_14,sub_service_14,cpu_saturation,0.15,0.47,0.4,0.63,0.08,0.59,0.09,0
scen_000015,inc_scen_000015_01,sub_svc_15,sub_service_15,slow_query,0.68,0.11,0.6,0.28,0.69,0.25,0.19,0
scen_000015,inc_scen_000015_01,sub_svc_16,sub_service_16,external_api_failure,0.91,0.84,0.84,0.77,0.91,0.92,0.93,1
scen_000015,inc_scen_000015_01,sub_svc_17,sub_service_17,network_latency,0.37,0.16,0.13,0.23,0.11,0.5,0.44,0
scen_000015,inc_scen_000015_01,sub_svc_18,sub_service_18,cpu_saturation,0.28,0.57,0.34,0.37,0.37,0.41,0.3,0
scen_000015,inc_scen_000015_01,sub_svc_19,sub_service_19,cpu_saturation,0.28,0.77,0.55,0.76,0.57,0.66,0.19,0
scen_000015,inc_scen_000015_01,sub_svc_20,sub_service_20,slow_query,0.66,0.69,0.16,0.13,0.31,0.55,0.3,0
scen_000015,inc_scen_000015_01,sub_svc_21,sub_service_21,network_latency,0.14,0.67,0.16,0.67,0.26,0.72,0.33,0
scen_000015,inc_scen_000015_01,sub_svc_22,sub_service_22,slow_query,0.55,0.57,0.33,0.43,0.4,0.21,0.18,0
scen_000015,inc_scen_000015_01,sub_svc_23,sub_service_23,network_latency,0.26,0.11,0.41,0.73,0.19,0.33,0.12,0
scen_000016,inc_scen_000016_01,gw_01,api_gateway,cpu_saturation,0.3,0.47,0.6,0.73,0.7,0.81,0.12,0
scen_000016,inc_scen_000016_01,rec_01,recommendation_service,cpu_saturation,0.48,0.69,0.25,0.5,0.63,0.77,0.43,0
scen_000016,inc_scen_000016_01,es_01,elasticsearch,cpu_saturation,0.34,0.79,0.55,0.39,0.16,0.36,0.22,0
scen_000016,inc_scen_000016_01,redis_01,redis,network_latency,0.16,0.86,0.21,0.56,0.44,0.5,0.07,0
scen_000016,inc_scen_000016_01,mongo_01,mongodb,cpu_saturation,0.74,0.55,0.58,0.2,0.47,0.56,0.11,0
scen_000016,inc_scen_000016_01,search_node_1,search_aux_1,network_latency,0.62,0.67,0.33,0.4,0.54,0.13,0.18,0
scen_000016,inc_scen_000016_01,search_node_2,search_aux_2,network_latency,0.37,0.21,0.47,0.41,0.62,0.79,0.14,0
scen_000016,inc_scen_000016_01,search_node_3,search_aux_3,slow_query,0.74,0.42,0.2,0.14,0.32,0.48,0.44,0
scen_000016,inc_scen_000016_01,search_node_4,search_aux_4,slow_query,0.67,0.79,0.53,0.21,0.24,0.76,0.08,0
scen_000016,inc_scen_000016_01,search_node_5,search_aux_5,cpu_saturation,0.24,0.87,0.34,0.71,0.55,0.58,0.21,0
scen_000016,inc_scen_000016_01,search_node_6,search_aux_6,network_latency,0.49,0.23,0.11,0.22,0.06,0.68,0.28,0
scen_000016,inc_scen_000016_01,search_node_7,search_aux_7,cpu_saturation,0.31,0.54,0.45,0.8,0.64,0.74,0.27,0
scen_000016,inc_scen_000016_01,search_node_8,search_aux_8,slow_query,0.7,0.19,0.16,0.75,0.13,0.76,0.35,0
scen_000016,inc_scen_000016_01,search_node_9,search_aux_9,cpu_saturation,0.49,0.25,0.33,0.31,0.07,0.13,0.25,0
scen_000016,inc_scen_000016_01,search_node_10,search_aux_10,network_latency,0.95,0.87,0.83,0.72,0.95,0.86,0.93,1
scen_000016,inc_scen_000016_01,search_node_11,search_aux_11,cpu_saturation,0.17,0.89,0.25,0.48,0.22,0.21,0.41,0
scen_000016,inc_scen_000016_01,search_node_12,search_aux_12,cpu_saturation,0.22,0.42,0.3,0.37,0.16,0.39,0.39,0
scen_000016,inc_scen_000016_01,search_node_13,search_aux_13,network_latency,0.38,0.3,0.37,0.52,0.42,0.73,0.43,0
scen_000016,inc_scen_000016_01,search_node_14,search_aux_14,network_latency,0.19,0.14,0.28,0.67,0.46,0.34,0.19,0
scen_000016,inc_scen_000016_01,search_node_15,search_aux_15,cpu_saturation,0.7,0.51,0.39,0.33,0.32,0.63,0.09,0
scen_000016,inc_scen_000016_01,search_node_16,search_aux_16,cpu_saturation,0.32,0.32,0.44,0.51,0.4,0.43,0.25,0
scen_000016,inc_scen_000016_01,search_node_17,search_aux_17,cpu_saturation,0.39,0.26,0.35,0.28,0.54,0.48,0.34,0
scen_000016,inc_scen_000016_01,search_node_18,search_aux_18,cpu_saturation,0.36,0.77,0.46,0.28,0.42,0.61,0.25,0
scen_000016,inc_scen_000016_01,search_node_19,search_aux_19,cpu_saturation,0.45,0.55,0.23,0.24,0.26,0.37,0.39,0
scen_000016,inc_scen_000016_01,search_node_20,search_aux_20,slow_query,0.69,0.17,0.37,0.74,0.65,0.55,0.09,0
scen_000016,inc_scen_000016_01,search_node_21,search_aux_21,network_latency,0.67,0.78,0.41,0.14,0.24,0.84,0.47,0
scen_000016,inc_scen_000016_01,search_node_22,search_aux_22,cpu_saturation,0.27,0.27,0.52,0.58,0.33,0.68,0.12,0
scen_000016,inc_scen_000016_01,search_node_23,search_aux_23,slow_query,0.67,0.79,0.19,0.14,0.51,0.31,0.27,0
scen_000016,inc_scen_000016_01,search_node_24,search_aux_24,cpu_saturation,0.12,0.62,0.28,0.31,0.55,0.83,0.28,0
scen_000016,inc_scen_000016_01,search_node_25,search_aux_25,slow_query,0.3,0.18,0.28,0.22,0.24,0.28,0.31,0
scen_000016,inc_scen_000016_01,search_node_26,search_aux_26,slow_query,0.26,0.56,0.41,0.65,0.37,0.26,0.19,0
scen_000016,inc_scen_000016_01,search_node_27,search_aux_27,network_latency,0.73,0.2,0.44,0.5,0.31,0.17,0.13,0
scen_000016,inc_scen_000016_01,search_node_28,search_aux_28,slow_query,0.77,0.44,0.53,0.55,0.26,0.65,0.41,0
scen_000016,inc_scen_000016_01,search_node_29,search_aux_29,network_latency,0.62,0.13,0.45,0.34,0.39,0.7,0.18,0
scen_000016,inc_scen_000016_01,search_node_30,search_aux_30,slow_query,0.36,0.19,0.37,0.3,0.58,0.45,0.35,0
scen_000016,inc_scen_000016_01,search_node_31,search_aux_31,slow_query,0.49,0.74,0.15,0.11,0.08,0.13,0.43,0
scen_000016,inc_scen_000016_01,search_node_32,search_aux_32,slow_query,0.72,0.28,0.37,0.73,0.09,0.31,0.46,0
scen_000016,inc_scen_000016_01,search_node_33,search_aux_33,network_latency,0.4,0.85,0.12,0.58,0.42,0.3,0.21,0
scen_000016,inc_scen_000016_01,search_node_34,search_aux_34,cpu_saturation,0.13,0.57,0.59,0.69,0.51,0.18,0.42,0
scen_000016,inc_scen_000016_01,search_node_35,search_aux_35,cpu_saturation,0.68,0.67,0.3,0.21,0.18,0.58,0.19,0
scen_000016,inc_scen_000016_01,search_node_36,search_aux_36,slow_query,0.57,0.28,0.26,0.34,0.1,0.57,0.5,0
scen_000016,inc_scen_000016_01,search_node_37,search_aux_37,cpu_saturation,0.48,0.26,0.4,0.16,0.22,0.84,0.46,0
scen_000016,inc_scen_000016_01,search_node_38,search_aux_38,slow_query,0.45,0.79,0.34,0.15,0.45,0.51,0.11,0
scen_000016,inc_scen_000016_01,search_node_39,search_aux_39,cpu_saturation,0.57,0.88,0.54,0.17,0.07,0.53,0.25,0
scen_000016,inc_scen_000016_01,search_node_40,search_aux_40,cpu_saturation,0.44,0.45,0.56,0.3,0.7,0.34,0.22,0
scen_000016,inc_scen_000016_01,search_node_41,search_aux_41,slow_query,0.12,0.68,0.42,0.37,0.26,0.1,0.42,0
scen_000016,inc_scen_000016_01,search_node_42,search_aux_42,slow_query,0.79,0.3,0.35,0.7,0.67,0.14,0.45,0
scen_000016,inc_scen_000016_01,search_node_43,search_aux_43,network_latency,0.36,0.6,0.5,0.24,0.7,0.78,0.48,0
scen_000016,inc_scen_000016_01,search_node_44,search_aux_44,slow_query,0.76,0.37,0.13,0.37,0.7,0.79,0.23,0
scen_000017,inc_scen_000017_01,gw_01,api_gateway,network_latency,0.3,0.63,0.55,0.41,0.16,0.5,0.17,0
scen_000017,inc_scen_000017_01,auth_01,auth_service,network_latency,0.51,0.18,0.21,0.19,0.64,0.47,0.09,0
scen_000017,inc_scen_000017_01,order_01,order_service,slow_query,0.83,0.61,0.18,0.25,0.16,0.25,0.19,0
scen_000017,inc_scen_000017_01,pay_01,payment_service,network_latency,0.47,0.2,0.41,0.11,0.51,0.52,0.5,0
scen_000017,inc_scen_000017_01,inv_01,inventory_service,cpu_saturation,0.66,0.76,0.57,0.45,0.26,0.82,0.18,0
scen_000017,inc_scen_000017_01,db_master,postgresql,slow_query,0.58,0.41,0.25,0.5,0.24,0.74,0.46,0
scen_000017,inc_scen_000017_01,cache_01,redis,network_latency,0.41,0.66,0.43,0.43,0.64,0.71,0.3,0
scen_000017,inc_scen_000017_01,mq_01,kafka,network_latency,0.49,0.15,0.23,0.44,0.08,0.79,0.22,0
scen_000017,inc_scen_000017_01,ecom_aux_1,user_service_1,deadlock,0.96,0.79,0.96,0.72,0.65,0.87,0.96,1
scen_000019,inc_scen_000019_01,node_00,mesh_svc_0,cpu_saturation,0.35,0.34,0.2,0.17,0.22,0.38,0.07,0
scen_000019,inc_scen_000019_01,node_01,mesh_svc_1,cpu_saturation,0.8,0.51,0.55,0.49,0.16,0.52,0.4,0
scen_000019,inc_scen_000019_01,node_02,mesh_svc_2,slow_query,0.44,0.87,0.52,0.27,0.1,0.13,0.16,0
scen_000019,inc_scen_000019_01,node_03,mesh_svc_3,cpu_saturation,0.13,0.12,0.58,0.36,0.11,0.83,0.4,0
scen_000019,inc_scen_000019_01,node_04,mesh_svc_4,slow_query,0.67,0.27,0.57,0.48,0.12,0.71,0.46,0
scen_000019,inc_scen_000019_01,node_05,mesh_svc_5,slow_query,0.73,0.69,0.15,0.59,0.67,0.35,0.13,0
scen_000019,inc_scen_000019_01,node_06,mesh_svc_6,slow_query,0.31,0.61,0.45,0.61,0.19,0.29,0.12,0
scen_000019,inc_scen_000019_01,node_07,mesh_svc_7,cpu_saturation,0.45,0.86,0.11,0.76,0.55,0.81,0.41,0
scen_000019,inc_scen_000019_01,node_08,mesh_svc_8,network_latency,0.12,0.24,0.2,0.22,0.58,0.15,0.37,0
scen_000019,inc_scen_000019_01,node_09,mesh_svc_9,cpu_saturation,0.4,0.17,0.57,0.25,0.23,0.13,0.45,0
scen_000019,inc_scen_000019_01,node_10,mesh_svc_10,network_latency,0.84,0.11,0.35,0.39,0.54,0.84,0.26,0
scen_000019,inc_scen_000019_01,node_11,mesh_svc_11,slow_query,0.18,0.49,0.32,0.32,0.17,0.52,0.41,0
scen_000019,inc_scen_000019_01,node_12,mesh_svc_12,slow_query,0.73,0.73,0.35,0.58,0.67,0.61,0.07,0
scen_000019,inc_scen_000019_01,node_13,mesh_svc_13,redis_failure,0.91,0.73,0.92,0.88,0.71,0.8,0.99,1
scen_000019,inc_scen_000019_01,node_14,mesh_svc_14,network_latency,0.76,0.34,0.33,0.44,0.52,0.77,0.27,0
scen_000019,inc_scen_000019_01,node_15,mesh_svc_15,cpu_saturation,0.66,0.2,0.52,0.56,0.21,0.51,0.1,0
scen_000019,inc_scen_000019_01,node_16,mesh_svc_16,slow_query,0.65,0.37,0.11,0.42,0.55,0.72,0.28,0
scen_000019,inc_scen_000019_01,node_17,mesh_svc_17,slow_query,0.66,0.1,0.14,0.71,0.69,0.28,0.32,0
scen_000019,inc_scen_000019_01,node_18,mesh_svc_18,cpu_saturation,0.23,0.49,0.27,0.76,0.62,0.48,0.19,0
scen_000019,inc_scen_000019_01,node_19,mesh_svc_19,slow_query,0.26,0.23,0.4,0.39,0.16,0.74,0.36,0
scen_000019,inc_scen_000019_01,node_20,mesh_svc_20,network_latency,0.82,0.41,0.58,0.26,0.37,0.13,0.08,0
scen_000019,inc_scen_000019_01,node_21,mesh_svc_21,network_latency,0.41,0.53,0.38,0.67,0.06,0.1,0.19,0
scen_000019,inc_scen_000019_01,node_22,mesh_svc_22,slow_query,0.38,0.17,0.36,0.2,0.09,0.49,0.08,0
scen_000019,inc_scen_000019_01,node_23,mesh_svc_23,slow_query,0.85,0.37,0.27,0.42,0.06,0.27,0.35,0
scen_000019,inc_scen_000019_01,node_24,mesh_svc_24,cpu_saturation,0.7,0.75,0.53,0.26,0.17,0.18,0.11,0
scen_000021,inc_scen_000021_01,gw_01,api_gateway,network_latency,0.32,0.89,0.16,0.47,0.07,0.16,0.29,0
scen_000021,inc_scen_000021_01,rec_01,recommendation_service,slow_query,0.63,0.32,0.51,0.27,0.48,0.43,0.43,0
scen_000021,inc_scen_000021_01,es_01,elasticsearch,cpu_saturation,0.34,0.73,0.32,0.72,0.57,0.52,0.18,0
scen_000021,inc_scen_000021_01,redis_01,redis,cpu_saturation,0.38,0.34,0.38,0.75,0.47,0.67,0.41,0
scen_000021,inc_scen_000021_01,mongo_01,mongodb,slow_query,0.48,0.3,0.29,0.67,0.51,0.53,0.5,0
scen_000021,inc_scen_000021_01,search_node_1,search_aux_1,cpu_saturation,0.54,0.66,0.39,0.13,0.31,0.61,0.46,0
scen_000021,inc_scen_000021_01,search_node_2,search_aux_2,network_latency,0.39,0.38,0.39,0.19,0.3,0.13,0.16,0
scen_000021,inc_scen_000021_01,search_node_3,search_aux_3,cpu_saturation,0.39,0.42,0.44,0.15,0.55,0.25,0.42,0
scen_000021,inc_scen_000021_01,search_node_4,search_aux_4,slow_query,0.14,0.18,0.52,0.68,0.66,0.81,0.4,0
scen_000021,inc_scen_000021_01,search_node_5,search_aux_5,network_latency,0.48,0.47,0.44,0.7,0.39,0.41,0.05,0
scen_000021,inc_scen_000021_01,search_node_6,search_aux_6,network_latency,0.61,0.87,0.32,0.36,0.23,0.78,0.33,0
scen_000021,inc_scen_000021_01,search_node_7,search_aux_7,slow_query,0.36,0.7,0.29,0.55,0.4,0.43,0.37,0
scen_000021,inc_scen_000021_01,search_node_8,search_aux_8,cpu_saturation,0.79,0.63,0.41,0.14,0.39,0.21,0.32,0
scen_000021,inc_scen_000021_01,search_node_9,search_aux_9,cpu_saturation,0.83,0.55,0.24,0.42,0.4,0.38,0.06,0
scen_000021,inc_scen_000021_01,search_node_10,search_aux_10,slow_query,0.14,0.74,0.17,0.71,0.38,0.45,0.22,0
scen_000021,inc_scen_000021_01,search_node_11,search_aux_11,cpu_saturation,0.28,0.35,0.56,0.28,0.41,0.52,0.17,0
scen_000021,inc_scen_000021_01,search_node_12,search_aux_12,slow_query,0.32,0.71,0.49,0.5,0.12,0.6,0.17,0
scen_000021,inc_scen_000021_01,search_node_13,search_aux_13,network_latency,0.55,0.59,0.39,0.67,0.4,0.26,0.39,0
scen_000021,inc_scen_000021_01,search_node_14,search_aux_14,slow_query,0.36,0.51,0.16,0.6,0.15,0.81,0.3,0
scen_000021,inc_scen_000021_01,search_node_15,search_aux_15,network_latency,0.11,0.64,0.42,0.7,0.28,0.68,0.12,0
scen_000021,inc_scen_000021_01,search_node_16,search_aux_16,slow_query,0.68,0.8,0.24,0.19,0.06,0.42,0.17,0
scen_000021,inc_scen_000021_01,search_node_17,search_aux_17,network_latency,0.1,0.62,0.28,0.71,0.31,0.54,0.18,0
scen_000021,inc_scen_000021_01,search_node_18,search_aux_18,slow_query,0.78,0.19,0.11,0.69,0.42,0.64,0.13,0
scen_000021,inc_scen_000021_01,search_node_19,search_aux_19,cpu_saturation,0.41,0.32,0.52,0.42,0.06,0.63,0.21,0
scen_000021,inc_scen_000021_01,search_node_20,search_aux_20,slow_query,0.15,0.84,0.24,0.16,0.31,0.61,0.39,0
scen_000021,inc_scen_000021_01,search_node_21,search_aux_21,network_latency,0.76,0.69,0.15,0.44,0.21,0.81,0.16,0
scen_000021,inc_scen_000021_01,search_node_22,search_aux_22,network_latency,0.64,0.51,0.56,0.54,0.5,0.26,0.45,0
scen_000021,inc_scen_000021_01,search_node_23,search_aux_23,cpu_saturation,0.31,0.53,0.58,0.68,0.09,0.32,0.39,0
scen_000021,inc_scen_000021_01,search_node_24,search_aux_24,slow_query,0.43,0.36,0.41,0.74,0.27,0.73,0.19,0
scen_000021,inc_scen_000021_01,search_node_25,search_aux_25,network_latency,0.56,0.35,0.27,0.49,0.18,0.39,0.28,0
scen_000021,inc_scen_000021_01,search_node_26,search_aux_26,slow_query,0.65,0.75,0.12,0.43,0.67,0.67,0.42,0
scen_000021,inc_scen_000021_01,search_node_27,search_aux_27,network_latency,0.81,0.78,0.28,0.67,0.5,0.82,0.27,0
scen_000021,inc_scen_000021_01,search_node_28,search_aux_28,slow_query,0.14,0.36,0.49,0.28,0.41,0.24,0.34,0
scen_000021,inc_scen_000021_01,search_node_29,search_aux_29,packet_loss,0.75,0.92,0.84,0.74,0.71,0.78,0.96,1
scen_000021,inc_scen_000021_01,search_node_30,search_aux_30,slow_query,0.16,0.48,0.41,0.61,0.44,0.51,0.4,0
scen_000021,inc_scen_000021_01,search_node_31,search_aux_31,network_latency,0.74,0.88,0.54,0.78,0.15,0.66,0.21,0
scen_000021,inc_scen_000021_01,search_node_32,search_aux_32,slow_query,0.41,0.29,0.58,0.16,0.17,0.65,0.19,0
scen_000021,inc_scen_000021_01,search_node_33,search_aux_33,cpu_saturation,0.15,0.55,0.4,0.57,0.62,0.64,0.11,0
scen_000021,inc_scen_000021_01,search_node_34,search_aux_34,network_latency,0.43,0.25,0.33,0.54,0.52,0.11,0.06,0
scen_000022,inc_scen_000022_01,ingest_01,ingestion_gateway,cpu_saturation,0.92,0.88,0.88,0.93,0.84,0.81,0.92,1
scen_000022,inc_scen_000022_01,kafka_broker,kafka,network_latency,0.22,0.74,0.23,0.31,0.2,0.32,0.42,0
scen_000022,inc_scen_000022_01,notif_01,notification_service,network_latency,0.52,0.67,0.22,0.16,0.42,0.13,0.47,0
scen_000022,inc_scen_000022_01,user_01,user_service,slow_query,0.2,0.82,0.28,0.26,0.09,0.78,0.09,0
scen_000022,inc_scen_000022_01,db_event,mysql,cpu_saturation,0.51,0.62,0.37,0.43,0.64,0.52,0.13,0
scen_000022,inc_scen_000022_01,consumer_1,kafka_consumer_1,cpu_saturation,0.27,0.83,0.39,0.25,0.55,0.34,0.38,0
scen_000022,inc_scen_000022_01,consumer_2,kafka_consumer_2,slow_query,0.54,0.84,0.53,0.67,0.46,0.29,0.06,0
scen_000022,inc_scen_000022_01,consumer_3,kafka_consumer_3,network_latency,0.68,0.18,0.34,0.75,0.33,0.77,0.18,0
scen_000022,inc_scen_000022_01,consumer_4,kafka_consumer_4,slow_query,0.69,0.53,0.25,0.3,0.12,0.74,0.38,0
scen_000022,inc_scen_000022_01,consumer_5,kafka_consumer_5,network_latency,0.12,0.11,0.49,0.43,0.49,0.54,0.31,0
scen_000022,inc_scen_000022_01,consumer_6,kafka_consumer_6,network_latency,0.78,0.25,0.12,0.16,0.29,0.35,0.18,0
scen_000022,inc_scen_000022_01,consumer_7,kafka_consumer_7,network_latency,0.59,0.17,0.49,0.52,0.4,0.49,0.36,0
scen_000022,inc_scen_000022_01,consumer_8,kafka_consumer_8,slow_query,0.56,0.2,0.56,0.79,0.51,0.15,0.45,0
scen_000022,inc_scen_000022_01,consumer_9,kafka_consumer_9,cpu_saturation,0.39,0.12,0.37,0.26,0.31,0.67,0.19,0
scen_000022,inc_scen_000022_01,consumer_10,kafka_consumer_10,cpu_saturation,0.67,0.18,0.38,0.71,0.68,0.47,0.21,0
scen_000022,inc_scen_000022_01,consumer_11,kafka_consumer_11,cpu_saturation,0.14,0.44,0.31,0.25,0.24,0.44,0.26,0
scen_000022,inc_scen_000022_01,consumer_12,kafka_consumer_12,cpu_saturation,0.11,0.23,0.21,0.54,0.14,0.81,0.3,0
scen_000022,inc_scen_000022_01,consumer_13,kafka_consumer_13,cpu_saturation,0.35,0.64,0.35,0.5,0.62,0.35,0.24,0
scen_000022,inc_scen_000022_01,consumer_14,kafka_consumer_14,cpu_saturation,0.66,0.14,0.32,0.69,0.66,0.77,0.18,0
scen_000022,inc_scen_000022_01,consumer_15,kafka_consumer_15,network_latency,0.16,0.56,0.38,0.25,0.35,0.74,0.09,0
scen_000022,inc_scen_000022_01,consumer_16,kafka_consumer_16,network_latency,0.84,0.84,0.6,0.78,0.34,0.77,0.15,0
scen_000022,inc_scen_000022_01,consumer_17,kafka_consumer_17,network_latency,0.37,0.29,0.17,0.49,0.28,0.34,0.36,0
scen_000022,inc_scen_000022_01,consumer_18,kafka_consumer_18,cpu_saturation,0.32,0.49,0.14,0.43,0.47,0.6,0.38,0
scen_000022,inc_scen_000022_01,consumer_19,kafka_consumer_19,slow_query,0.2,0.55,0.24,0.39,0.53,0.49,0.36,0
scen_000022,inc_scen_000022_01,consumer_20,kafka_consumer_20,slow_query,0.15,0.48,0.52,0.3,0.29,0.19,0.3,0
scen_000022,inc_scen_000022_01,consumer_21,kafka_consumer_21,slow_query,0.63,0.1,0.19,0.31,0.5,0.1,0.47,0
scen_000022,inc_scen_000022_01,consumer_22,kafka_consumer_22,cpu_saturation,0.23,0.8,0.45,0.51,0.45,0.43,0.26,0
scen_000022,inc_scen_000022_01,consumer_23,kafka_consumer_23,network_latency,0.5,0.73,0.38,0.21,0.49,0.53,0.37,0
scen_000022,inc_scen_000022_01,consumer_24,kafka_consumer_24,network_latency,0.41,0.74,0.33,0.37,0.63,0.15,0.31,0
scen_000022,inc_scen_000022_01,consumer_25,kafka_consumer_25,cpu_saturation,0.17,0.43,0.57,0.41,0.31,0.81,0.36,0
scen_000022,inc_scen_000022_01,consumer_26,kafka_consumer_26,network_latency,0.16,0.32,0.23,0.56,0.55,0.41,0.17,0
scen_000022,inc_scen_000022_01,consumer_27,kafka_consumer_27,cpu_saturation,0.19,0.56,0.19,0.15,0.39,0.52,0.43,0
scen_000022,inc_scen_000022_01,consumer_28,kafka_consumer_28,cpu_saturation,0.65,0.56,0.28,0.8,0.33,0.75,0.23,0
scen_000022,inc_scen_000022_01,consumer_29,kafka_consumer_29,cpu_saturation,0.22,0.29,0.25,0.66,0.48,0.77,0.43,0
scen_000022,inc_scen_000022_01,consumer_30,kafka_consumer_30,cpu_saturation,0.54,0.79,0.23,0.46,0.29,0.1,0.28,0
scen_000022,inc_scen_000022_01,consumer_31,kafka_consumer_31,cpu_saturation,0.62,0.84,0.37,0.58,0.13,0.83,0.07,0
scen_000022,inc_scen_000022_01,consumer_32,kafka_consumer_32,slow_query,0.21,0.26,0.29,0.65,0.13,0.5,0.31,0
scen_000022,inc_scen_000022_01,consumer_33,kafka_consumer_33,network_latency,0.4,0.43,0.5,0.44,0.6,0.67,0.25,0
scen_000022,inc_scen_000022_01,consumer_34,kafka_consumer_34,network_latency,0.33,0.72,0.33,0.56,0.63,0.18,0.22,0
scen_000022,inc_scen_000022_01,consumer_35,kafka_consumer_35,slow_query,0.63,0.24,0.46,0.1,0.31,0.14,0.06,0
scen_000022,inc_scen_000022_01,consumer_36,kafka_consumer_36,cpu_saturation,0.41,0.21,0.42,0.42,0.59,0.63,0.47,0
scen_000022,inc_scen_000022_01,consumer_37,kafka_consumer_37,network_latency,0.13,0.36,0.18,0.36,0.33,0.51,0.36,0
scen_000022,inc_scen_000022_01,consumer_38,kafka_consumer_38,slow_query,0.56,0.15,0.54,0.22,0.31,0.45,0.4,0
scen_000022,inc_scen_000022_01,consumer_39,kafka_consumer_39,network_latency,0.21,0.74,0.4,0.12,0.49,0.71,0.07,0
scen_000022,inc_scen_000022_01,consumer_40,kafka_consumer_40,slow_query,0.14,0.54,0.43,0.15,0.17,0.48,0.16,0
scen_000022,inc_scen_000022_01,consumer_41,kafka_consumer_41,network_latency,0.42,0.32,0.44,0.59,0.14,0.32,0.18,0
scen_000022,inc_scen_000022_01,consumer_42,kafka_consumer_42,network_latency,0.56,0.68,0.36,0.68,0.26,0.13,0.22,0
scen_000023,inc_scen_000023_01,gw_01,api_gateway,cpu_saturation,0.74,0.72,0.49,0.14,0.11,0.67,0.06,0
scen_000023,inc_scen_000023_01,lb_01,load_balancer,cpu_saturation,0.24,0.83,0.18,0.74,0.08,0.32,0.47,0
scen_000023,inc_scen_000023_01,auth_01,auth_service,slow_query,0.38,0.89,0.4,0.78,0.48,0.33,0.31,0
scen_000023,inc_scen_000023_01,web_01,web_service,network_latency,0.31,0.56,0.16,0.38,0.36,0.12,0.24,0
scen_000023,inc_scen_000023_01,db_01,postgresql,network_latency,0.28,0.86,0.31,0.65,0.4,0.83,0.35,0
scen_000023,inc_scen_000023_01,sub_svc_2,sub_service_2,slow_query,0.23,0.67,0.17,0.5,0.15,0.37,0.24,0
scen_000023,inc_scen_000023_01,sub_svc_3,sub_service_3,network_latency,0.8,0.57,0.2,0.18,0.62,0.72,0.14,0
scen_000023,inc_scen_000023_01,sub_svc_4,sub_service_4,cpu_saturation,0.59,0.69,0.15,0.17,0.16,0.56,0.09,0
scen_000023,inc_scen_000023_01,sub_svc_5,sub_service_5,slow_query,0.14,0.76,0.19,0.32,0.57,0.4,0.17,0
scen_000023,inc_scen_000023_01,sub_svc_6,sub_service_6,deadlock,0.96,0.73,0.81,0.88,0.65,0.83,0.91,1
scen_000023,inc_scen_000023_01,sub_svc_7,sub_service_7,network_latency,0.62,0.9,0.13,0.75,0.52,0.48,0.43,0
scen_000023,inc_scen_000023_01,sub_svc_8,sub_service_8,cpu_saturation,0.81,0.32,0.41,0.53,0.07,0.49,0.36,0
scen_000023,inc_scen_000023_01,sub_svc_9,sub_service_9,slow_query,0.68,0.82,0.36,0.36,0.25,0.77,0.36,0
scen_000023,inc_scen_000023_01,sub_svc_10,sub_service_10,slow_query,0.75,0.53,0.42,0.47,0.21,0.35,0.08,0
scen_000023,inc_scen_000023_01,sub_svc_11,sub_service_11,network_latency,0.5,0.17,0.17,0.77,0.53,0.22,0.42,0
scen_000023,inc_scen_000023_01,sub_svc_12,sub_service_12,network_latency,0.22,0.64,0.15,0.55,0.24,0.72,0.4,0
scen_000023,inc_scen_000023_01,sub_svc_13,sub_service_13,network_latency,0.41,0.29,0.6,0.18,0.37,0.79,0.28,0
scen_000023,inc_scen_000023_01,sub_svc_14,sub_service_14,cpu_saturation,0.57,0.61,0.13,0.66,0.42,0.44,0.42,0
scen_000023,inc_scen_000023_01,sub_svc_15,sub_service_15,network_latency,0.18,0.73,0.38,0.64,0.64,0.12,0.33,0
scen_000023,inc_scen_000023_01,sub_svc_16,sub_service_16,network_latency,0.16,0.45,0.1,0.54,0.3,0.7,0.11,0
scen_000024,inc_scen_000024_01,ingest_01,ingestion_gateway,cpu_saturation,0.39,0.4,0.31,0.54,0.6,0.81,0.4,0
scen_000024,inc_scen_000024_01,kafka_broker,kafka,cpu_saturation,0.33,0.54,0.47,0.7,0.66,0.66,0.44,0
scen_000024,inc_scen_000024_01,notif_01,notification_service,slow_query,0.13,0.23,0.26,0.62,0.24,0.71,0.34,0
scen_000024,inc_scen_000024_01,user_01,user_service,slow_query,0.58,0.56,0.58,0.17,0.65,0.53,0.39,0
scen_000024,inc_scen_000024_01,db_event,mysql,network_latency,0.84,0.49,0.59,0.49,0.67,0.46,0.38,0
scen_000024,inc_scen_000024_01,consumer_1,kafka_consumer_1,cpu_saturation,0.24,0.9,0.53,0.33,0.4,0.51,0.46,0
scen_000024,inc_scen_000024_01,consumer_2,kafka_consumer_2,cpu_saturation,0.18,0.65,0.29,0.52,0.27,0.31,0.39,0
scen_000024,inc_scen_000024_01,consumer_3,kafka_consumer_3,kubernetes_pod_failure,0.76,0.89,0.98,0.8,0.83,0.83,0.91,1
scen_000024,inc_scen_000024_01,consumer_4,kafka_consumer_4,network_latency,0.54,0.19,0.39,0.57,0.11,0.34,0.07,0
scen_000025,inc_scen_000025_01,gw_01,api_gateway,cpu_saturation,0.51,0.89,0.32,0.8,0.52,0.65,0.33,0
scen_000025,inc_scen_000025_01,auth_01,auth_service,network_latency,0.57,0.17,0.11,0.74,0.69,0.1,0.17,0
scen_000025,inc_scen_000025_01,order_01,order_service,network_latency,0.29,0.55,0.22,0.31,0.58,0.55,0.42,0
scen_000025,inc_scen_000025_01,pay_01,payment_service,network_latency,0.23,0.63,0.13,0.7,0.33,0.43,0.39,0
scen_000025,inc_scen_000025_01,inv_01,inventory_service,slow_query,0.32,0.58,0.39,0.74,0.05,0.59,0.17,0
scen_000025,inc_scen_000025_01,db_master,postgresql,slow_query,0.61,0.64,0.16,0.43,0.54,0.62,0.21,0
scen_000025,inc_scen_000025_01,cache_01,redis,network_latency,0.33,0.6,0.54,0.21,0.2,0.24,0.22,0
scen_000025,inc_scen_000025_01,mq_01,kafka,cpu_saturation,0.39,0.33,0.12,0.69,0.56,0.54,0.09,0
scen_000025,inc_scen_000025_01,ecom_aux_1,user_service_1,network_latency,0.58,0.27,0.12,0.2,0.22,0.84,0.23,0
scen_000025,inc_scen_000025_01,ecom_aux_2,user_service_2,cpu_saturation,0.83,0.94,0.82,0.81,0.78,0.95,0.9,1
scen_000025,inc_scen_000025_01,ecom_aux_3,user_service_3,slow_query,0.7,0.57,0.23,0.34,0.16,0.23,0.13,0
scen_000025,inc_scen_000025_01,ecom_aux_4,user_service_4,slow_query,0.23,0.36,0.51,0.71,0.18,0.76,0.44,0
scen_000025,inc_scen_000025_01,ecom_aux_5,user_service_5,cpu_saturation,0.59,0.44,0.33,0.78,0.54,0.54,0.07,0
scen_000025,inc_scen_000025_01,ecom_aux_6,user_service_6,slow_query,0.4,0.56,0.58,0.29,0.23,0.44,0.18,0
scen_000025,inc_scen_000025_01,ecom_aux_7,user_service_7,network_latency,0.4,0.53,0.34,0.18,0.52,0.27,0.33,0
scen_000025,inc_scen_000025_01,ecom_aux_8,user_service_8,slow_query,0.14,0.74,0.4,0.43,0.38,0.57,0.5,0
scen_000025,inc_scen_000025_01,ecom_aux_9,user_service_9,cpu_saturation,0.37,0.6,0.36,0.14,0.45,0.13,0.4,0
scen_000025,inc_scen_000025_01,ecom_aux_10,user_service_10,cpu_saturation,0.29,0.88,0.27,0.55,0.64,0.57,0.29,0
scen_000025,inc_scen_000025_01,ecom_aux_11,user_service_11,network_latency,0.35,0.22,0.3,0.21,0.6,0.54,0.06,0
scen_000025,inc_scen_000025_01,ecom_aux_12,user_service_12,slow_query,0.34,0.39,0.33,0.56,0.47,0.36,0.06,0
scen_000025,inc_scen_000025_01,ecom_aux_13,user_service_13,network_latency,0.11,0.64,0.58,0.72,0.14,0.79,0.17,0
scen_000025,inc_scen_000025_01,ecom_aux_14,user_service_14,slow_query,0.2,0.19,0.42,0.24,0.08,0.38,0.49,0
scen_000025,inc_scen_000025_01,ecom_aux_15,user_service_15,slow_query,0.58,0.31,0.24,0.4,0.13,0.4,0.46,0
scen_000026,inc_scen_000026_01,gw_01,api_gateway,network_latency,0.35,0.76,0.38,0.29,0.54,0.68,0.13,0
scen_000026,inc_scen_000026_01,auth_01,auth_service,network_latency,0.48,0.49,0.15,0.46,0.16,0.63,0.39,0
scen_000026,inc_scen_000026_01,order_01,order_service,slow_query,0.16,0.12,0.24,0.43,0.42,0.49,0.09,0
scen_000026,inc_scen_000026_01,pay_01,payment_service,cpu_saturation,0.18,0.23,0.35,0.72,0.25,0.22,0.23,0
scen_000026,inc_scen_000026_01,inv_01,inventory_service,slow_query,0.48,0.16,0.2,0.31,0.2,0.28,0.29,0
scen_000026,inc_scen_000026_01,db_master,postgresql,network_latency,0.5,0.76,0.17,0.42,0.2,0.56,0.1,0
scen_000026,inc_scen_000026_01,cache_01,redis,cpu_saturation,0.69,0.43,0.19,0.2,0.12,0.78,0.32,0
scen_000026,inc_scen_000026_01,mq_01,kafka,network_latency,0.75,0.35,0.39,0.75,0.17,0.63,0.4,0
scen_000026,inc_scen_000026_01,ecom_aux_1,user_service_1,network_latency,0.52,0.46,0.22,0.39,0.56,0.36,0.32,0
scen_000026,inc_scen_000026_01,ecom_aux_2,user_service_2,slow_query,0.36,0.21,0.33,0.66,0.17,0.13,0.15,0
scen_000026,inc_scen_000026_01,ecom_aux_3,user_service_3,slow_query,0.11,0.26,0.4,0.42,0.6,0.26,0.24,0
scen_000026,inc_scen_000026_01,ecom_aux_4,user_service_4,slow_query,0.34,0.35,0.22,0.72,0.48,0.57,0.35,0
scen_000026,inc_scen_000026_01,ecom_aux_5,user_service_5,cpu_saturation,0.2,0.67,0.28,0.75,0.13,0.52,0.37,0
scen_000026,inc_scen_000026_01,ecom_aux_6,user_service_6,slow_query,0.13,0.83,0.34,0.27,0.23,0.43,0.34,0
scen_000026,inc_scen_000026_01,ecom_aux_7,user_service_7,cpu_saturation,0.36,0.44,0.43,0.67,0.5,0.34,0.15,0
scen_000026,inc_scen_000026_01,ecom_aux_8,user_service_8,network_latency,0.59,0.86,0.37,0.18,0.34,0.75,0.36,0
scen_000026,inc_scen_000026_01,ecom_aux_9,user_service_9,slow_query,0.79,0.6,0.15,0.4,0.51,0.81,0.23,0
scen_000026,inc_scen_000026_01,ecom_aux_10,user_service_10,slow_query,0.17,0.42,0.59,0.14,0.48,0.82,0.18,0
scen_000026,inc_scen_000026_01,ecom_aux_11,user_service_11,network_latency,0.31,0.47,0.25,0.54,0.48,0.75,0.35,0
scen_000026,inc_scen_000026_01,ecom_aux_12,user_service_12,network_latency,0.55,0.45,0.26,0.24,0.08,0.7,0.25,0
scen_000026,inc_scen_000026_01,ecom_aux_13,user_service_13,network_latency,0.74,0.78,0.53,0.29,0.66,0.28,0.2,0
scen_000026,inc_scen_000026_01,ecom_aux_14,user_service_14,cpu_saturation,0.51,0.64,0.38,0.57,0.29,0.41,0.45,0
scen_000026,inc_scen_000026_01,ecom_aux_15,user_service_15,kubernetes_pod_failure,0.87,0.88,0.8,0.73,0.75,0.87,0.88,1
scen_000026,inc_scen_000026_01,ecom_aux_16,user_service_16,slow_query,0.21,0.46,0.17,0.69,0.4,0.36,0.29,0
scen_000026,inc_scen_000026_01,ecom_aux_17,user_service_17,cpu_saturation,0.58,0.64,0.32,0.75,0.68,0.72,0.21,0
scen_000026,inc_scen_000026_01,ecom_aux_18,user_service_18,cpu_saturation,0.83,0.68,0.13,0.14,0.26,0.65,0.23,0
scen_000026,inc_scen_000026_01,ecom_aux_19,user_service_19,network_latency,0.69,0.65,0.21,0.59,0.37,0.7,0.32,0
scen_000026,inc_scen_000026_01,ecom_aux_20,user_service_20,cpu_saturation,0.18,0.5,0.23,0.53,0.6,0.14,0.43,0
scen_000026,inc_scen_000026_01,ecom_aux_21,user_service_21,network_latency,0.61,0.53,0.3,0.14,0.13,0.45,0.46,0
scen_000026,inc_scen_000026_01,ecom_aux_22,user_service_22,network_latency,0.75,0.64,0.23,0.4,0.13,0.36,0.26,0
scen_000026,inc_scen_000026_01,ecom_aux_23,user_service_23,slow_query,0.71,0.57,0.4,0.68,0.66,0.19,0.43,0
scen_000026,inc_scen_000026_01,ecom_aux_24,user_service_24,network_latency,0.21,0.83,0.29,0.69,0.62,0.32,0.09,0
scen_000026,inc_scen_000026_01,ecom_aux_25,user_service_25,slow_query,0.65,0.7,0.58,0.13,0.38,0.67,0.11,0
scen_000026,inc_scen_000026_01,ecom_aux_26,user_service_26,cpu_saturation,0.14,0.22,0.12,0.12,0.65,0.12,0.29,0
scen_000026,inc_scen_000026_01,ecom_aux_27,user_service_27,cpu_saturation,0.82,0.47,0.39,0.39,0.68,0.15,0.15,0
scen_000026,inc_scen_000026_01,ecom_aux_28,user_service_28,network_latency,0.61,0.1,0.12,0.19,0.63,0.13,0.45,0
scen_000026,inc_scen_000026_01,ecom_aux_29,user_service_29,network_latency,0.68,0.54,0.36,0.29,0.56,0.8,0.18,0
scen_000026,inc_scen_000026_01,ecom_aux_30,user_service_30,cpu_saturation,0.33,0.11,0.1,0.35,0.43,0.72,0.08,0
scen_000026,inc_scen_000026_01,ecom_aux_31,user_service_31,network_latency,0.84,0.36,0.15,0.46,0.31,0.1,0.26,0
scen_000026,inc_scen_000026_01,ecom_aux_32,user_service_32,cpu_saturation,0.13,0.11,0.4,0.49,0.08,0.74,0.16,0
scen_000027,inc_scen_000027_01,gw_01,api_gateway,network_latency,0.1,0.57,0.48,0.62,0.49,0.66,0.16,0
scen_000027,inc_scen_000027_01,rec_01,recommendation_service,authentication_failure,0.86,0.8,0.9,0.9,0.71,0.97,0.96,1
scen_000027,inc_scen_000027_01,es_01,elasticsearch,slow_query,0.31,0.52,0.5,0.49,0.41,0.79,0.38,0
scen_000027,inc_scen_000027_01,redis_01,redis,network_latency,0.23,0.11,0.49,0.69,0.26,0.7,0.37,0
scen_000027,inc_scen_000027_01,mongo_01,mongodb,cpu_saturation,0.72,0.45,0.45,0.44,0.39,0.44,0.19,0
scen_000027,inc_scen_000027_01,search_node_1,search_aux_1,slow_query,0.69,0.71,0.52,0.2,0.7,0.5,0.09,0
scen_000027,inc_scen_000027_01,search_node_2,search_aux_2,cpu_saturation,0.62,0.53,0.56,0.48,0.27,0.13,0.3,0
scen_000027,inc_scen_000027_01,search_node_3,search_aux_3,slow_query,0.78,0.11,0.57,0.77,0.38,0.54,0.48,0
scen_000027,inc_scen_000027_01,search_node_4,search_aux_4,network_latency,0.64,0.84,0.37,0.28,0.23,0.84,0.39,0
scen_000027,inc_scen_000027_01,search_node_5,search_aux_5,network_latency,0.54,0.35,0.28,0.7,0.14,0.13,0.25,0
scen_000027,inc_scen_000027_01,search_node_6,search_aux_6,network_latency,0.73,0.11,0.57,0.13,0.24,0.49,0.5,0
scen_000027,inc_scen_000027_01,search_node_7,search_aux_7,cpu_saturation,0.34,0.49,0.55,0.17,0.5,0.41,0.1,0
scen_000027,inc_scen_000027_01,search_node_8,search_aux_8,cpu_saturation,0.5,0.53,0.2,0.36,0.34,0.5,0.17,0
scen_000027,inc_scen_000027_01,search_node_9,search_aux_9,cpu_saturation,0.54,0.41,0.37,0.24,0.06,0.53,0.07,0
scen_000027,inc_scen_000027_01,search_node_10,search_aux_10,slow_query,0.59,0.35,0.58,0.75,0.66,0.76,0.33,0
scen_000027,inc_scen_000027_01,search_node_11,search_aux_11,slow_query,0.55,0.12,0.16,0.22,0.34,0.69,0.45,0
scen_000027,inc_scen_000027_01,search_node_12,search_aux_12,slow_query,0.17,0.36,0.54,0.6,0.13,0.29,0.2,0
scen_000027,inc_scen_000027_01,search_node_13,search_aux_13,slow_query,0.49,0.17,0.58,0.61,0.24,0.71,0.3,0
scen_000027,inc_scen_000027_01,search_node_14,search_aux_14,network_latency,0.3,0.72,0.53,0.58,0.35,0.44,0.24,0
scen_000027,inc_scen_000027_01,search_node_15,search_aux_15,cpu_saturation,0.53,0.44,0.57,0.72,0.11,0.77,0.37,0
scen_000028,inc_scen_000028_01,gw_01,api_gateway,cpu_saturation,0.79,0.47,0.5,0.23,0.17,0.47,0.16,0
scen_000028,inc_scen_000028_01,rec_01,recommendation_service,slow_query,0.48,0.82,0.21,0.77,0.55,0.31,0.3,0
scen_000028,inc_scen_000028_01,es_01,elasticsearch,slow_query,0.78,0.86,0.47,0.68,0.21,0.57,0.22,0
scen_000028,inc_scen_000028_01,redis_01,redis,cpu_saturation,0.2,0.87,0.35,0.29,0.53,0.55,0.43,0
scen_000028,inc_scen_000028_01,mongo_01,mongodb,network_latency,0.55,0.22,0.41,0.34,0.47,0.52,0.36,0
scen_000028,inc_scen_000028_01,search_node_1,search_aux_1,slow_query,0.8,0.32,0.1,0.13,0.51,0.38,0.29,0
scen_000028,inc_scen_000028_01,search_node_2,search_aux_2,network_latency,0.1,0.74,0.34,0.49,0.21,0.64,0.22,0
scen_000028,inc_scen_000028_01,search_node_3,search_aux_3,slow_query,0.77,0.4,0.45,0.79,0.39,0.84,0.09,0
scen_000028,inc_scen_000028_01,search_node_4,search_aux_4,network_latency,0.55,0.61,0.45,0.34,0.24,0.44,0.29,0
scen_000028,inc_scen_000028_01,search_node_5,search_aux_5,slow_query,0.19,0.29,0.38,0.72,0.57,0.45,0.31,0
scen_000028,inc_scen_000028_01,search_node_6,search_aux_6,slow_query,0.44,0.56,0.12,0.36,0.68,0.14,0.46,0
scen_000028,inc_scen_000028_01,search_node_7,search_aux_7,cpu_saturation,0.76,0.41,0.3,0.2,0.32,0.56,0.21,0
scen_000028,inc_scen_000028_01,search_node_8,search_aux_8,cpu_saturation,0.55,0.29,0.19,0.13,0.64,0.53,0.09,0
scen_000028,inc_scen_000028_01,search_node_9,search_aux_9,network_latency,0.61,0.24,0.47,0.77,0.45,0.83,0.27,0
scen_000028,inc_scen_000028_01,search_node_10,search_aux_10,network_latency,0.2,0.47,0.17,0.72,0.49,0.57,0.07,0
scen_000028,inc_scen_000028_01,search_node_11,search_aux_11,slow_query,0.42,0.54,0.17,0.67,0.12,0.47,0.26,0
scen_000028,inc_scen_000028_01,search_node_12,search_aux_12,slow_query,0.46,0.35,0.29,0.69,0.68,0.74,0.05,0
scen_000028,inc_scen_000028_01,search_node_13,search_aux_13,slow_query,0.25,0.56,0.14,0.57,0.41,0.82,0.46,0
scen_000028,inc_scen_000028_01,search_node_14,search_aux_14,cpu_saturation,0.82,0.1,0.24,0.38,0.55,0.4,0.12,0
scen_000028,inc_scen_000028_01,search_node_15,search_aux_15,network_latency,0.4,0.35,0.16,0.12,0.64,0.64,0.3,0
scen_000028,inc_scen_000028_01,search_node_16,search_aux_16,network_latency,0.36,0.56,0.56,0.15,0.51,0.5,0.09,0
scen_000028,inc_scen_000028_01,search_node_17,search_aux_17,slow_query,0.71,0.45,0.52,0.57,0.22,0.63,0.44,0
scen_000028,inc_scen_000028_01,search_node_18,search_aux_18,network_latency,0.43,0.29,0.34,0.55,0.37,0.44,0.24,0
scen_000028,inc_scen_000028_01,search_node_19,search_aux_19,slow_query,0.19,0.14,0.41,0.35,0.22,0.55,0.37,0
scen_000028,inc_scen_000028_01,search_node_20,search_aux_20,cpu_saturation,0.65,0.6,0.41,0.42,0.54,0.5,0.25,0
scen_000028,inc_scen_000028_01,search_node_21,search_aux_21,configuration_error,0.96,0.7,0.83,0.8,0.67,0.81,0.92,1
scen_000028,inc_scen_000028_01,search_node_22,search_aux_22,network_latency,0.41,0.42,0.16,0.45,0.49,0.6,0.08,0
scen_000028,inc_scen_000028_01,search_node_23,search_aux_23,network_latency,0.69,0.48,0.24,0.57,0.62,0.7,0.11,0
scen_000028,inc_scen_000028_01,search_node_24,search_aux_24,slow_query,0.77,0.43,0.3,0.7,0.15,0.64,0.34,0
scen_000028,inc_scen_000028_01,search_node_25,search_aux_25,cpu_saturation,0.39,0.9,0.16,0.23,0.6,0.41,0.11,0
scen_000028,inc_scen_000028_01,search_node_26,search_aux_26,cpu_saturation,0.76,0.39,0.26,0.6,0.41,0.73,0.48,0
scen_000028,inc_scen_000028_01,search_node_27,search_aux_27,network_latency,0.8,0.11,0.28,0.15,0.46,0.18,0.32,0
scen_000028,inc_scen_000028_01,search_node_28,search_aux_28,cpu_saturation,0.31,0.62,0.25,0.13,0.45,0.73,0.28,0
scen_000028,inc_scen_000028_01,search_node_29,search_aux_29,slow_query,0.24,0.76,0.39,0.38,0.3,0.33,0.12,0
scen_000028,inc_scen_000028_01,search_node_30,search_aux_30,slow_query,0.62,0.39,0.15,0.44,0.53,0.46,0.3,0
scen_000028,inc_scen_000028_01,search_node_31,search_aux_31,cpu_saturation,0.41,0.41,0.28,0.27,0.36,0.42,0.47,0
scen_000028,inc_scen_000028_01,search_node_32,search_aux_32,cpu_saturation,0.78,0.28,0.28,0.47,0.41,0.63,0.18,0
scen_000028,inc_scen_000028_01,search_node_33,search_aux_33,slow_query,0.27,0.16,0.46,0.37,0.56,0.32,0.2,0
scen_000028,inc_scen_000028_02,gw_01,api_gateway,cpu_saturation,0.48,0.36,0.12,0.51,0.49,0.78,0.44,0
scen_000028,inc_scen_000028_02,rec_01,recommendation_service,cpu_saturation,0.8,0.21,0.47,0.68,0.36,0.71,0.09,0
scen_000028,inc_scen_000028_02,es_01,elasticsearch,network_latency,0.76,0.13,0.31,0.76,0.4,0.44,0.45,0
scen_000028,inc_scen_000028_02,redis_01,redis,cpu_saturation,0.72,0.18,0.32,0.56,0.12,0.65,0.38,0
scen_000028,inc_scen_000028_02,mongo_01,mongodb,network_latency,0.43,0.1,0.27,0.63,0.47,0.45,0.35,0
scen_000028,inc_scen_000028_02,search_node_1,search_aux_1,network_latency,0.59,0.51,0.58,0.47,0.56,0.24,0.25,0
scen_000028,inc_scen_000028_02,search_node_2,search_aux_2,cpu_saturation,0.5,0.24,0.56,0.24,0.42,0.7,0.21,0
scen_000028,inc_scen_000028_02,search_node_3,search_aux_3,network_latency,0.15,0.5,0.28,0.34,0.64,0.26,0.27,0
scen_000028,inc_scen_000028_02,search_node_4,search_aux_4,slow_query,0.61,0.42,0.5,0.52,0.22,0.27,0.38,0
scen_000028,inc_scen_000028_02,search_node_5,search_aux_5,cpu_saturation,0.67,0.46,0.1,0.24,0.32,0.53,0.3,0
scen_000028,inc_scen_000028_02,search_node_6,search_aux_6,network_latency,0.16,0.58,0.14,0.25,0.27,0.44,0.37,0
scen_000028,inc_scen_000028_02,search_node_7,search_aux_7,slow_query,0.18,0.77,0.22,0.38,0.41,0.26,0.2,0
scen_000028,inc_scen_000028_02,search_node_8,search_aux_8,slow_query,0.19,0.75,0.23,0.36,0.12,0.52,0.22,0
scen_000028,inc_scen_000028_02,search_node_9,search_aux_9,network_latency,0.61,0.49,0.49,0.62,0.63,0.83,0.48,0
scen_000028,inc_scen_000028_02,search_node_10,search_aux_10,cpu_saturation,0.41,0.35,0.44,0.17,0.35,0.56,0.1,0
scen_000028,inc_scen_000028_02,search_node_11,search_aux_11,slow_query,0.12,0.5,0.31,0.52,0.41,0.85,0.07,0
scen_000028,inc_scen_000028_02,search_node_12,search_aux_12,network_latency,0.46,0.28,0.53,0.3,0.65,0.14,0.09,0
scen_000028,inc_scen_000028_02,search_node_13,search_aux_13,slow_query,0.25,0.19,0.42,0.41,0.6,0.62,0.22,0
scen_000028,inc_scen_000028_02,search_node_14,search_aux_14,cpu_saturation,0.63,0.59,0.21,0.28,0.53,0.74,0.31,0
scen_000028,inc_scen_000028_02,search_node_15,search_aux_15,cpu_saturation,0.44,0.59,0.15,0.35,0.57,0.6,0.3,0
scen_000028,inc_scen_000028_02,search_node_16,search_aux_16,network_latency,0.3,0.84,0.22,0.41,0.28,0.11,0.32,0
scen_000028,inc_scen_000028_02,search_node_17,search_aux_17,cpu_saturation,0.48,0.15,0.53,0.26,0.46,0.41,0.1,0
scen_000028,inc_scen_000028_02,search_node_18,search_aux_18,cpu_saturation,0.56,0.25,0.53,0.34,0.53,0.79,0.08,0
scen_000028,inc_scen_000028_02,search_node_19,search_aux_19,slow_query,0.22,0.53,0.28,0.26,0.4,0.16,0.31,0
scen_000028,inc_scen_000028_02,search_node_20,search_aux_20,cpu_saturation,0.38,0.12,0.31,0.77,0.57,0.4,0.21,0
scen_000028,inc_scen_000028_02,search_node_21,search_aux_21,network_latency,0.17,0.68,0.21,0.68,0.57,0.29,0.44,0
scen_000028,inc_scen_000028_02,search_node_22,search_aux_22,cpu_saturation,0.19,0.5,0.48,0.32,0.35,0.46,0.11,0
scen_000028,inc_scen_000028_02,search_node_23,search_aux_23,slow_query,0.73,0.26,0.54,0.5,0.35,0.36,0.19,0
scen_000028,inc_scen_000028_02,search_node_24,search_aux_24,network_latency,0.22,0.75,0.6,0.7,0.6,0.62,0.1,0
scen_000028,inc_scen_000028_02,search_node_25,search_aux_25,slow_query,0.76,0.18,0.49,0.39,0.19,0.26,0.11,0
scen_000028,inc_scen_000028_02,search_node_26,search_aux_26,dependency_timeout,0.97,0.77,0.91,0.78,0.8,0.97,0.91,1
scen_000028,inc_scen_000028_02,search_node_27,search_aux_27,cpu_saturation,0.37,0.73,0.32,0.28,0.2,0.16,0.46,0
scen_000028,inc_scen_000028_02,search_node_28,search_aux_28,cpu_saturation,0.1,0.46,0.31,0.34,0.37,0.2,0.14,0
scen_000028,inc_scen_000028_02,search_node_29,search_aux_29,cpu_saturation,0.58,0.8,0.44,0.32,0.5,0.23,0.15,0
scen_000028,inc_scen_000028_02,search_node_30,search_aux_30,slow_query,0.69,0.39,0.55,0.22,0.24,0.74,0.31,0
scen_000028,inc_scen_000028_02,search_node_31,search_aux_31,cpu_saturation,0.83,0.89,0.45,0.57,0.2,0.35,0.09,0
scen_000028,inc_scen_000028_02,search_node_32,search_aux_32,cpu_saturation,0.33,0.73,0.42,0.64,0.42,0.19,0.14,0
scen_000028,inc_scen_000028_02,search_node_33,search_aux_33,slow_query,0.57,0.16,0.27,0.14,0.44,0.72,0.32,0
scen_000029,inc_scen_000029_01,node_00,mesh_svc_0,slow_query,0.23,0.31,0.3,0.23,0.42,0.72,0.38,0
scen_000029,inc_scen_000029_01,node_01,mesh_svc_1,slow_query,0.5,0.7,0.54,0.39,0.52,0.68,0.18,0
scen_000029,inc_scen_000029_01,node_02,mesh_svc_2,slow_query,0.72,0.65,0.1,0.31,0.08,0.73,0.08,0
scen_000029,inc_scen_000029_01,node_03,mesh_svc_3,kubernetes_pod_failure,0.79,0.94,0.98,0.91,0.86,0.95,0.87,1
scen_000029,inc_scen_000029_01,node_04,mesh_svc_4,slow_query,0.68,0.74,0.18,0.14,0.49,0.55,0.5,0
scen_000029,inc_scen_000029_01,node_05,mesh_svc_5,network_latency,0.27,0.82,0.34,0.12,0.3,0.16,0.37,0
scen_000029,inc_scen_000029_01,node_06,mesh_svc_6,cpu_saturation,0.66,0.16,0.46,0.59,0.3,0.51,0.07,0
scen_000029,inc_scen_000029_01,node_07,mesh_svc_7,slow_query,0.14,0.72,0.24,0.69,0.52,0.6,0.32,0
scen_000029,inc_scen_000029_01,node_08,mesh_svc_8,cpu_saturation,0.65,0.46,0.43,0.27,0.63,0.44,0.36,0
scen_000029,inc_scen_000029_01,node_09,mesh_svc_9,cpu_saturation,0.34,0.48,0.52,0.66,0.43,0.33,0.45,0
scen_000029,inc_scen_000029_01,node_10,mesh_svc_10,cpu_saturation,0.8,0.3,0.12,0.63,0.21,0.63,0.09,0
scen_000029,inc_scen_000029_01,node_11,mesh_svc_11,network_latency,0.51,0.81,0.53,0.34,0.68,0.14,0.17,0
scen_000029,inc_scen_000029_01,node_12,mesh_svc_12,network_latency,0.24,0.5,0.24,0.13,0.31,0.78,0.29,0
scen_000029,inc_scen_000029_01,node_13,mesh_svc_13,network_latency,0.36,0.54,0.57,0.16,0.14,0.66,0.12,0
scen_000029,inc_scen_000029_01,node_14,mesh_svc_14,slow_query,0.34,0.27,0.55,0.24,0.43,0.37,0.35,0
scen_000029,inc_scen_000029_01,node_15,mesh_svc_15,cpu_saturation,0.33,0.57,0.31,0.3,0.33,0.25,0.44,0
scen_000029,inc_scen_000029_01,node_16,mesh_svc_16,cpu_saturation,0.62,0.49,0.5,0.39,0.35,0.73,0.49,0
scen_000029,inc_scen_000029_01,node_17,mesh_svc_17,network_latency,0.82,0.16,0.41,0.61,0.53,0.75,0.23,0
scen_000029,inc_scen_000029_01,node_18,mesh_svc_18,network_latency,0.72,0.21,0.33,0.51,0.2,0.39,0.08,0
scen_000029,inc_scen_000029_01,node_19,mesh_svc_19,cpu_saturation,0.77,0.81,0.5,0.1,0.42,0.48,0.06,0
scen_000029,inc_scen_000029_01,node_20,mesh_svc_20,cpu_saturation,0.57,0.16,0.36,0.28,0.21,0.73,0.41,0
scen_000029,inc_scen_000029_01,node_21,mesh_svc_21,network_latency,0.64,0.35,0.45,0.16,0.58,0.7,0.38,0
scen_000029,inc_scen_000029_01,node_22,mesh_svc_22,cpu_saturation,0.21,0.15,0.16,0.53,0.34,0.72,0.37,0
scen_000029,inc_scen_000029_01,node_23,mesh_svc_23,network_latency,0.24,0.67,0.13,0.32,0.44,0.14,0.27,0
scen_000029,inc_scen_000029_01,node_24,mesh_svc_24,cpu_saturation,0.64,0.68,0.12,0.23,0.19,0.33,0.27,0
scen_000029,inc_scen_000029_02,node_00,mesh_svc_0,cpu_saturation,0.22,0.68,0.28,0.7,0.62,0.72,0.4,0
scen_000029,inc_scen_000029_02,node_01,mesh_svc_1,network_latency,0.41,0.59,0.35,0.68,0.19,0.29,0.39,0
scen_000029,inc_scen_000029_02,node_02,mesh_svc_2,slow_query,0.47,0.57,0.32,0.4,0.46,0.69,0.14,0
scen_000029,inc_scen_000029_02,node_03,mesh_svc_3,cpu_saturation,0.49,0.73,0.44,0.61,0.41,0.66,0.08,0
scen_000029,inc_scen_000029_02,node_04,mesh_svc_4,slow_query,0.35,0.32,0.26,0.63,0.57,0.17,0.17,0
scen_000029,inc_scen_000029_02,node_05,mesh_svc_5,network_latency,0.42,0.21,0.54,0.64,0.33,0.58,0.2,0
scen_000029,inc_scen_000029_02,node_06,mesh_svc_6,message_queue_backlog,0.87,0.9,0.99,0.89,0.74,0.91,0.99,1
scen_000029,inc_scen_000029_02,node_07,mesh_svc_7,network_latency,0.29,0.53,0.25,0.73,0.33,0.55,0.37,0
scen_000029,inc_scen_000029_02,node_08,mesh_svc_8,network_latency,0.59,0.39,0.2,0.69,0.68,0.34,0.19,0
scen_000029,inc_scen_000029_02,node_09,mesh_svc_9,slow_query,0.5,0.61,0.56,0.42,0.08,0.66,0.34,0
scen_000029,inc_scen_000029_02,node_10,mesh_svc_10,network_latency,0.11,0.18,0.47,0.66,0.26,0.26,0.32,0
scen_000029,inc_scen_000029_02,node_11,mesh_svc_11,cpu_saturation,0.69,0.52,0.19,0.46,0.35,0.23,0.13,0
scen_000029,inc_scen_000029_02,node_12,mesh_svc_12,slow_query,0.55,0.78,0.36,0.55,0.21,0.8,0.4,0
scen_000029,inc_scen_000029_02,node_13,mesh_svc_13,cpu_saturation,0.44,0.43,0.13,0.47,0.55,0.74,0.06,0
scen_000029,inc_scen_000029_02,node_14,mesh_svc_14,cpu_saturation,0.8,0.86,0.4,0.16,0.19,0.42,0.37,0
scen_000029,inc_scen_000029_02,node_15,mesh_svc_15,cpu_saturation,0.84,0.81,0.26,0.34,0.21,0.79,0.39,0
scen_000029,inc_scen_000029_02,node_16,mesh_svc_16,network_latency,0.52,0.54,0.47,0.25,0.21,0.37,0.22,0
scen_000029,inc_scen_000029_02,node_17,mesh_svc_17,cpu_saturation,0.2,0.19,0.11,0.15,0.64,0.72,0.14,0
scen_000029,inc_scen_000029_02,node_18,mesh_svc_18,network_latency,0.82,0.57,0.11,0.48,0.7,0.5,0.05,0
scen_000029,inc_scen_000029_02,node_19,mesh_svc_19,network_latency,0.14,0.36,0.44,0.72,0.33,0.48,0.1,0
scen_000029,inc_scen_000029_02,node_20,mesh_svc_20,slow_query,0.3,0.53,0.53,0.15,0.15,0.49,0.45,0
scen_000029,inc_scen_000029_02,node_21,mesh_svc_21,cpu_saturation,0.26,0.63,0.22,0.44,0.05,0.44,0.37,0
scen_000029,inc_scen_000029_02,node_22,mesh_svc_22,network_latency,0.61,0.42,0.53,0.27,0.2,0.85,0.34,0
scen_000029,inc_scen_000029_02,node_23,mesh_svc_23,network_latency,0.71,0.85,0.34,0.36,0.59,0.79,0.17,0
scen_000029,inc_scen_000029_02,node_24,mesh_svc_24,cpu_saturation,0.35,0.17,0.13,0.71,0.15,0.79,0.39,0
scen_000030,inc_scen_000030_01,ingest_01,ingestion_gateway,network_latency,0.73,0.16,0.53,0.47,0.28,0.74,0.46,0
scen_000030,inc_scen_000030_01,kafka_broker,kafka,network_latency,0.73,0.89,0.26,0.2,0.36,0.71,0.45,0
scen_000030,inc_scen_000030_01,notif_01,notification_service,slow_query,0.78,0.11,0.57,0.3,0.52,0.38,0.39,0
scen_000030,inc_scen_000030_01,user_01,user_service,slow_query,0.23,0.49,0.41,0.25,0.52,0.14,0.46,0
scen_000030,inc_scen_000030_01,db_event,mysql,network_latency,0.36,0.17,0.42,0.63,0.42,0.58,0.05,0
scen_000030,inc_scen_000030_01,consumer_1,kafka_consumer_1,database_outage,0.81,0.9,0.83,0.81,0.85,0.96,0.94,1
scen_000030,inc_scen_000030_01,consumer_2,kafka_consumer_2,cpu_saturation,0.82,0.46,0.28,0.74,0.44,0.65,0.41,0
scen_000030,inc_scen_000030_01,consumer_3,kafka_consumer_3,slow_query,0.83,0.18,0.5,0.6,0.45,0.22,0.07,0
scen_000030,inc_scen_000030_01,consumer_4,kafka_consumer_4,slow_query,0.47,0.15,0.18,0.24,0.25,0.2,0.21,0
scen_000030,inc_scen_000030_01,consumer_5,kafka_consumer_5,cpu_saturation,0.62,0.71,0.57,0.7,0.57,0.2,0.44,0
scen_000030,inc_scen_000030_01,consumer_6,kafka_consumer_6,network_latency,0.46,0.29,0.53,0.79,0.58,0.7,0.1,0
scen_000030,inc_scen_000030_01,consumer_7,kafka_consumer_7,slow_query,0.56,0.71,0.56,0.44,0.07,0.19,0.09,0
scen_000030,inc_scen_000030_02,ingest_01,ingestion_gateway,cpu_saturation,0.76,0.6,0.44,0.25,0.46,0.75,0.15,0
scen_000030,inc_scen_000030_02,kafka_broker,kafka,slow_query,0.81,0.62,0.43,0.75,0.27,0.76,0.44,0
scen_000030,inc_scen_000030_02,notif_01,notification_service,network_latency,0.61,0.34,0.54,0.8,0.13,0.68,0.12,0
scen_000030,inc_scen_000030_02,user_01,user_service,network_latency,0.56,0.21,0.36,0.41,0.46,0.37,0.22,0
scen_000030,inc_scen_000030_02,db_event,mysql,cpu_saturation,0.79,0.46,0.17,0.49,0.12,0.53,0.16,0
scen_000030,inc_scen_000030_02,consumer_1,kafka_consumer_1,cpu_saturation,0.11,0.48,0.2,0.6,0.31,0.18,0.18,0
scen_000030,inc_scen_000030_02,consumer_2,kafka_consumer_2,slow_query,0.59,0.39,0.51,0.43,0.19,0.53,0.27,0
scen_000030,inc_scen_000030_02,consumer_3,kafka_consumer_3,slow_query,0.19,0.69,0.11,0.61,0.62,0.47,0.22,0
scen_000030,inc_scen_000030_02,consumer_4,kafka_consumer_4,cpu_saturation,0.73,0.26,0.5,0.59,0.25,0.47,0.43,0
scen_000030,inc_scen_000030_02,consumer_5,kafka_consumer_5,authentication_failure,0.78,0.78,0.8,0.86,0.88,0.96,0.98,1
scen_000030,inc_scen_000030_02,consumer_6,kafka_consumer_6,slow_query,0.66,0.15,0.54,0.68,0.65,0.17,0.15,0
scen_000030,inc_scen_000030_02,consumer_7,kafka_consumer_7,slow_query,0.8,0.17,0.24,0.34,0.66,0.58,0.05,0
scen_000031,inc_scen_000031_01,node_00,mesh_svc_0,cpu_saturation,0.22,0.13,0.59,0.4,0.3,0.72,0.29,0
scen_000031,inc_scen_000031_01,node_01,mesh_svc_1,slow_query,0.79,0.22,0.13,0.53,0.53,0.29,0.14,0
scen_000031,inc_scen_000031_01,node_02,mesh_svc_2,network_latency,0.32,0.8,0.32,0.22,0.4,0.17,0.27,0
scen_000031,inc_scen_000031_01,node_03,mesh_svc_3,cpu_saturation,0.61,0.81,0.58,0.25,0.07,0.65,0.18,0
scen_000031,inc_scen_000031_01,node_04,mesh_svc_4,cpu_saturation,0.79,0.5,0.28,0.26,0.07,0.72,0.14,0
scen_000031,inc_scen_000031_01,node_05,mesh_svc_5,cpu_saturation,0.23,0.22,0.17,0.37,0.7,0.32,0.16,0
scen_000031,inc_scen_000031_01,node_06,mesh_svc_6,cpu_saturation,0.31,0.84,0.58,0.44,0.17,0.48,0.1,0
scen_000031,inc_scen_000031_01,node_07,mesh_svc_7,network_latency,0.29,0.41,0.5,0.77,0.08,0.82,0.21,0
scen_000031,inc_scen_000031_01,node_08,mesh_svc_8,network_latency,0.84,0.78,0.35,0.62,0.42,0.69,0.32,0
scen_000031,inc_scen_000031_01,node_09,mesh_svc_9,cpu_saturation,0.77,0.33,0.26,0.36,0.24,0.26,0.09,0
scen_000031,inc_scen_000031_01,node_10,mesh_svc_10,network_latency,0.56,0.57,0.48,0.66,0.14,0.64,0.17,0
scen_000031,inc_scen_000031_01,node_11,mesh_svc_11,network_latency,0.19,0.29,0.23,0.44,0.27,0.76,0.09,0
scen_000031,inc_scen_000031_01,node_12,mesh_svc_12,cpu_saturation,0.2,0.39,0.32,0.28,0.37,0.28,0.43,0
scen_000031,inc_scen_000031_01,node_13,mesh_svc_13,network_latency,0.49,0.19,0.21,0.35,0.45,0.55,0.13,0
scen_000031,inc_scen_000031_01,node_14,mesh_svc_14,network_latency,0.46,0.39,0.17,0.74,0.52,0.31,0.27,0
scen_000031,inc_scen_000031_01,node_15,mesh_svc_15,storage_failure,0.9,0.94,0.88,0.78,0.71,0.81,0.97,1
scen_000031,inc_scen_000031_01,node_16,mesh_svc_16,slow_query,0.1,0.51,0.44,0.21,0.35,0.45,0.13,0
scen_000031,inc_scen_000031_01,node_17,mesh_svc_17,cpu_saturation,0.57,0.25,0.25,0.34,0.2,0.85,0.08,0
scen_000031,inc_scen_000031_01,node_18,mesh_svc_18,slow_query,0.71,0.15,0.28,0.24,0.17,0.48,0.34,0
scen_000031,inc_scen_000031_01,node_19,mesh_svc_19,slow_query,0.61,0.81,0.52,0.39,0.05,0.41,0.23,0
scen_000031,inc_scen_000031_01,node_20,mesh_svc_20,cpu_saturation,0.8,0.36,0.18,0.64,0.16,0.76,0.13,0
scen_000031,inc_scen_000031_01,node_21,mesh_svc_21,network_latency,0.81,0.48,0.16,0.67,0.4,0.3,0.18,0
scen_000031,inc_scen_000031_01,node_22,mesh_svc_22,cpu_saturation,0.57,0.77,0.32,0.31,0.31,0.15,0.36,0
scen_000031,inc_scen_000031_01,node_23,mesh_svc_23,network_latency,0.78,0.35,0.27,0.77,0.15,0.65,0.07,0
scen_000031,inc_scen_000031_01,node_24,mesh_svc_24,network_latency,0.44,0.43,0.22,0.77,0.47,0.74,0.39,0
scen_000031,inc_scen_000031_01,node_25,mesh_svc_25,cpu_saturation,0.15,0.78,0.19,0.51,0.68,0.55,0.18,0
scen_000032,inc_scen_000032_01,node_00,mesh_svc_0,network_latency,0.52,0.1,0.13,0.79,0.39,0.65,0.43,0
scen_000032,inc_scen_000032_01,node_01,mesh_svc_1,network_latency,0.69,0.65,0.4,0.61,0.42,0.62,0.07,0
scen_000032,inc_scen_000032_01,node_02,mesh_svc_2,network_latency,0.84,0.7,0.59,0.73,0.25,0.74,0.4,0
scen_000032,inc_scen_000032_01,node_03,mesh_svc_3,slow_query,0.11,0.58,0.37,0.7,0.33,0.81,0.2,0
scen_000032,inc_scen_000032_01,node_04,mesh_svc_4,cpu_saturation,0.66,0.24,0.19,0.53,0.54,0.31,0.46,0
scen_000032,inc_scen_000032_01,node_05,mesh_svc_5,slow_query,0.36,0.77,0.36,0.68,0.06,0.41,0.21,0
scen_000032,inc_scen_000032_01,node_06,mesh_svc_6,slow_query,0.49,0.54,0.21,0.17,0.32,0.7,0.37,0
scen_000032,inc_scen_000032_01,node_07,mesh_svc_7,cpu_saturation,0.25,0.17,0.15,0.69,0.46,0.37,0.44,0
scen_000032,inc_scen_000032_01,node_08,mesh_svc_8,cpu_saturation,0.11,0.65,0.24,0.33,0.6,0.33,0.19,0
scen_000032,inc_scen_000032_01,node_09,mesh_svc_9,cpu_saturation,0.18,0.79,0.12,0.6,0.57,0.14,0.38,0
scen_000032,inc_scen_000032_01,node_10,mesh_svc_10,network_latency,0.14,0.39,0.12,0.56,0.53,0.46,0.33,0
scen_000032,inc_scen_000032_01,node_11,mesh_svc_11,network_latency,0.65,0.51,0.42,0.8,0.58,0.68,0.14,0
scen_000032,inc_scen_000032_01,node_12,mesh_svc_12,network_latency,0.69,0.13,0.24,0.67,0.69,0.2,0.32,0
scen_000032,inc_scen_000032_01,node_13,mesh_svc_13,network_latency,0.61,0.53,0.5,0.16,0.63,0.42,0.4,0
scen_000032,inc_scen_000032_01,node_14,mesh_svc_14,slow_query,0.63,0.35,0.39,0.78,0.58,0.21,0.05,0
scen_000032,inc_scen_000032_01,node_15,mesh_svc_15,network_latency,0.52,0.15,0.33,0.8,0.56,0.68,0.09,0
scen_000032,inc_scen_000032_01,node_16,mesh_svc_16,slow_query,0.49,0.37,0.41,0.54,0.28,0.22,0.48,0
scen_000032,inc_scen_000032_01,node_17,mesh_svc_17,dns_failure,0.83,0.8,0.95,0.8,0.85,0.92,0.98,1
scen_000032,inc_scen_000032_01,node_18,mesh_svc_18,network_latency,0.24,0.44,0.31,0.45,0.62,0.7,0.17,0
scen_000033,inc_scen_000033_01,node_00,mesh_svc_0,slow_query,0.26,0.59,0.53,0.58,0.19,0.57,0.11,0
scen_000033,inc_scen_000033_01,node_01,mesh_svc_1,cpu_saturation,0.27,0.71,0.34,0.62,0.6,0.33,0.26,0
scen_000033,inc_scen_000033_01,node_02,mesh_svc_2,network_latency,0.17,0.74,0.27,0.13,0.54,0.5,0.19,0
scen_000033,inc_scen_000033_01,node_03,mesh_svc_3,slow_query,0.36,0.63,0.11,0.31,0.5,0.53,0.33,0
scen_000033,inc_scen_000033_01,node_04,mesh_svc_4,slow_query,0.63,0.3,0.4,0.37,0.29,0.17,0.37,0
scen_000033,inc_scen_000033_01,node_05,mesh_svc_5,network_latency,0.51,0.17,0.16,0.31,0.39,0.53,0.32,0
scen_000033,inc_scen_000033_01,node_06,mesh_svc_6,slow_query,0.43,0.26,0.39,0.54,0.48,0.45,0.1,0
scen_000033,inc_scen_000033_01,node_07,mesh_svc_7,slow_query,0.63,0.15,0.19,0.2,0.7,0.48,0.07,0
scen_000033,inc_scen_000033_01,node_08,mesh_svc_8,slow_query,0.75,0.61,0.36,0.29,0.44,0.49,0.37,0
scen_000033,inc_scen_000033_01,node_09,mesh_svc_9,api_rate_limiting,0.8,0.9,0.94,0.78,0.82,0.91,0.96,1
scen_000033,inc_scen_000033_01,node_10,mesh_svc_10,cpu_saturation,0.2,0.26,0.14,0.62,0.29,0.67,0.24,0
scen_000033,inc_scen_000033_01,node_11,mesh_svc_11,slow_query,0.85,0.75,0.3,0.59,0.6,0.3,0.06,0
scen_000033,inc_scen_000033_01,node_12,mesh_svc_12,cpu_saturation,0.75,0.5,0.3,0.58,0.23,0.27,0.3,0
scen_000033,inc_scen_000033_01,node_13,mesh_svc_13,network_latency,0.76,0.19,0.13,0.63,0.47,0.59,0.46,0
scen_000033,inc_scen_000033_01,node_14,mesh_svc_14,cpu_saturation,0.25,0.71,0.37,0.66,0.67,0.61,0.32,0
scen_000033,inc_scen_000033_01,node_15,mesh_svc_15,network_latency,0.74,0.21,0.14,0.56,0.39,0.61,0.35,0
scen_000033,inc_scen_000033_01,node_16,mesh_svc_16,slow_query,0.65,0.65,0.12,0.31,0.08,0.44,0.47,0
scen_000033,inc_scen_000033_01,node_17,mesh_svc_17,network_latency,0.28,0.82,0.44,0.54,0.58,0.12,0.34,0
scen_000034,inc_scen_000034_01,ingest_01,ingestion_gateway,cpu_saturation,0.44,0.58,0.45,0.66,0.6,0.57,0.1,0
scen_000034,inc_scen_000034_01,kafka_broker,kafka,slow_query,0.44,0.79,0.55,0.64,0.32,0.51,0.44,0
scen_000034,inc_scen_000034_01,notif_01,notification_service,cpu_saturation,0.42,0.81,0.23,0.5,0.61,0.41,0.19,0
scen_000034,inc_scen_000034_01,user_01,user_service,network_latency,0.25,0.81,0.58,0.72,0.13,0.56,0.36,0
scen_000034,inc_scen_000034_01,db_event,mysql,cpu_saturation,0.33,0.21,0.15,0.66,0.06,0.55,0.11,0
scen_000034,inc_scen_000034_01,consumer_1,kafka_consumer_1,cpu_saturation,0.2,0.4,0.35,0.8,0.14,0.24,0.16,0
scen_000034,inc_scen_000034_01,consumer_2,kafka_consumer_2,slow_query,0.34,0.71,0.58,0.71,0.45,0.84,0.4,0
scen_000034,inc_scen_000034_01,consumer_3,kafka_consumer_3,network_latency,0.27,0.7,0.48,0.53,0.59,0.72,0.22,0
scen_000034,inc_scen_000034_01,consumer_4,kafka_consumer_4,network_latency,0.39,0.15,0.43,0.62,0.51,0.4,0.06,0
scen_000034,inc_scen_000034_01,consumer_5,kafka_consumer_5,network_latency,0.59,0.36,0.34,0.47,0.44,0.69,0.1,0
scen_000034,inc_scen_000034_01,consumer_6,kafka_consumer_6,slow_query,0.64,0.43,0.3,0.5,0.34,0.46,0.47,0
scen_000034,inc_scen_000034_01,consumer_7,kafka_consumer_7,slow_query,0.78,0.9,0.25,0.49,0.6,0.14,0.2,0
scen_000034,inc_scen_000034_01,consumer_8,kafka_consumer_8,network_latency,0.83,0.32,0.18,0.43,0.39,0.49,0.1,0
scen_000034,inc_scen_000034_01,consumer_9,kafka_consumer_9,network_latency,0.84,0.39,0.58,0.42,0.48,0.58,0.3,0
scen_000034,inc_scen_000034_01,consumer_10,kafka_consumer_10,network_latency,0.45,0.76,0.25,0.54,0.39,0.34,0.24,0
scen_000034,inc_scen_000034_01,consumer_11,kafka_consumer_11,network_latency,0.49,0.35,0.19,0.46,0.3,0.37,0.13,0
scen_000034,inc_scen_000034_01,consumer_12,kafka_consumer_12,network_latency,0.57,0.81,0.55,0.48,0.64,0.21,0.43,0
scen_000034,inc_scen_000034_01,consumer_13,kafka_consumer_13,network_latency,0.44,0.8,0.36,0.36,0.65,0.33,0.06,0
scen_000034,inc_scen_000034_01,consumer_14,kafka_consumer_14,memory_exhaustion,0.88,0.76,0.92,0.84,0.74,0.96,0.94,1
scen_000034,inc_scen_000034_01,consumer_15,kafka_consumer_15,network_latency,0.62,0.24,0.27,0.35,0.12,0.5,0.48,0
scen_000034,inc_scen_000034_01,consumer_16,kafka_consumer_16,slow_query,0.25,0.3,0.28,0.19,0.59,0.74,0.28,0
scen_000034,inc_scen_000034_01,consumer_17,kafka_consumer_17,cpu_saturation,0.13,0.29,0.56,0.58,0.69,0.19,0.41,0
scen_000034,inc_scen_000034_01,consumer_18,kafka_consumer_18,cpu_saturation,0.58,0.89,0.53,0.51,0.11,0.78,0.34,0
scen_000034,inc_scen_000034_01,consumer_19,kafka_consumer_19,slow_query,0.67,0.14,0.55,0.39,0.55,0.66,0.08,0
scen_000034,inc_scen_000034_01,consumer_20,kafka_consumer_20,slow_query,0.13,0.82,0.31,0.28,0.37,0.35,0.22,0
scen_000034,inc_scen_000034_01,consumer_21,kafka_consumer_21,cpu_saturation,0.78,0.67,0.12,0.5,0.3,0.72,0.47,0
scen_000035,inc_scen_000035_01,node_00,mesh_svc_0,network_latency,0.83,0.16,0.34,0.5,0.29,0.72,0.24,0
scen_000035,inc_scen_000035_01,node_01,mesh_svc_1,network_latency,0.55,0.41,0.37,0.48,0.52,0.14,0.46,0
scen_000035,inc_scen_000035_01,node_02,mesh_svc_2,network_latency,0.1,0.79,0.3,0.46,0.35,0.51,0.22,0
scen_000035,inc_scen_000035_01,node_03,mesh_svc_3,slow_query,0.44,0.36,0.2,0.58,0.12,0.84,0.07,0
scen_000035,inc_scen_000035_01,node_04,mesh_svc_4,slow_query,0.46,0.71,0.11,0.52,0.52,0.65,0.22,0
scen_000035,inc_scen_000035_01,node_05,mesh_svc_5,network_latency,0.15,0.12,0.32,0.27,0.52,0.67,0.41,0
scen_000035,inc_scen_000035_01,node_06,mesh_svc_6,network_latency,0.42,0.4,0.1,0.32,0.13,0.12,0.26,0
scen_000035,inc_scen_000035_01,node_07,mesh_svc_7,network_latency,0.22,0.55,0.13,0.46,0.16,0.72,0.46,0
scen_000035,inc_scen_000035_01,node_08,mesh_svc_8,slow_query,0.77,0.7,0.32,0.42,0.36,0.69,0.25,0
scen_000035,inc_scen_000035_01,node_09,mesh_svc_9,cpu_saturation,0.77,0.61,0.36,0.66,0.18,0.38,0.18,0
scen_000035,inc_scen_000035_01,node_10,mesh_svc_10,cpu_saturation,0.14,0.49,0.45,0.57,0.47,0.31,0.22,0
scen_000035,inc_scen_000035_01,node_11,mesh_svc_11,slow_query,0.83,0.79,0.18,0.66,0.25,0.68,0.33,0
scen_000035,inc_scen_000035_01,node_12,mesh_svc_12,cpu_saturation,0.6,0.16,0.6,0.65,0.58,0.19,0.16,0
scen_000035,inc_scen_000035_01,node_13,mesh_svc_13,cpu_saturation,0.8,0.18,0.22,0.51,0.7,0.3,0.07,0
scen_000035,inc_scen_000035_01,node_14,mesh_svc_14,network_latency,0.81,0.13,0.15,0.67,0.15,0.14,0.31,0
scen_000035,inc_scen_000035_01,node_15,mesh_svc_15,cpu_saturation,0.51,0.23,0.55,0.4,0.09,0.21,0.2,0
scen_000035,inc_scen_000035_01,node_16,mesh_svc_16,api_rate_limiting,0.96,0.86,0.83,0.79,0.74,0.84,0.9,1
scen_000035,inc_scen_000035_01,node_17,mesh_svc_17,network_latency,0.65,0.77,0.43,0.51,0.09,0.53,0.33,0
scen_000035,inc_scen_000035_01,node_18,mesh_svc_18,network_latency,0.66,0.18,0.34,0.42,0.54,0.36,0.26,0
scen_000035,inc_scen_000035_01,node_19,mesh_svc_19,network_latency,0.56,0.6,0.33,0.46,0.26,0.16,0.42,0
scen_000035,inc_scen_000035_01,node_20,mesh_svc_20,cpu_saturation,0.38,0.16,0.19,0.79,0.7,0.46,0.45,0
scen_000035,inc_scen_000035_01,node_21,mesh_svc_21,slow_query,0.71,0.7,0.29,0.34,0.37,0.2,0.16,0
scen_000035,inc_scen_000035_01,node_22,mesh_svc_22,cpu_saturation,0.84,0.45,0.33,0.67,0.08,0.62,0.38,0
scen_000035,inc_scen_000035_01,node_23,mesh_svc_23,network_latency,0.56,0.63,0.29,0.59,0.42,0.8,0.26,0
scen_000035,inc_scen_000035_01,node_24,mesh_svc_24,slow_query,0.15,0.22,0.15,0.59,0.28,0.85,0.33,0
scen_000035,inc_scen_000035_01,node_25,mesh_svc_25,cpu_saturation,0.39,0.61,0.6,0.73,0.69,0.45,0.22,0
scen_000035,inc_scen_000035_01,node_26,mesh_svc_26,slow_query,0.62,0.12,0.54,0.22,0.18,0.3,0.11,0
scen_000035,inc_scen_000035_01,node_27,mesh_svc_27,slow_query,0.66,0.82,0.27,0.38,0.64,0.18,0.08,0
scen_000035,inc_scen_000035_01,node_28,mesh_svc_28,network_latency,0.33,0.15,0.37,0.29,0.17,0.24,0.34,0
scen_000035,inc_scen_000035_01,node_29,mesh_svc_29,slow_query,0.29,0.25,0.18,0.23,0.58,0.19,0.35,0
scen_000035,inc_scen_000035_01,node_30,mesh_svc_30,network_latency,0.65,0.46,0.34,0.61,0.13,0.34,0.34,0
scen_000035,inc_scen_000035_01,node_31,mesh_svc_31,slow_query,0.12,0.77,0.55,0.29,0.7,0.53,0.5,0
scen_000035,inc_scen_000035_01,node_32,mesh_svc_32,network_latency,0.69,0.25,0.58,0.37,0.49,0.78,0.3,0
scen_000035,inc_scen_000035_01,node_33,mesh_svc_33,slow_query,0.47,0.75,0.5,0.73,0.14,0.21,0.42,0
scen_000035,inc_scen_000035_01,node_34,mesh_svc_34,cpu_saturation,0.15,0.4,0.49,0.4,0.05,0.28,0.35,0
scen_000035,inc_scen_000035_01,node_35,mesh_svc_35,network_latency,0.76,0.13,0.54,0.77,0.43,0.61,0.22,0
scen_000035,inc_scen_000035_01,node_36,mesh_svc_36,network_latency,0.42,0.53,0.48,0.56,0.41,0.54,0.27,0
scen_000035,inc_scen_000035_01,node_37,mesh_svc_37,cpu_saturation,0.62,0.19,0.3,0.4,0.49,0.77,0.45,0
scen_000035,inc_scen_000035_01,node_38,mesh_svc_38,network_latency,0.49,0.73,0.43,0.68,0.1,0.37,0.21,0
scen_000035,inc_scen_000035_01,node_39,mesh_svc_39,network_latency,0.19,0.72,0.17,0.45,0.59,0.27,0.29,0
scen_000035,inc_scen_000035_01,node_40,mesh_svc_40,slow_query,0.51,0.84,0.34,0.48,0.16,0.63,0.28,0
scen_000035,inc_scen_000035_01,node_41,mesh_svc_41,cpu_saturation,0.77,0.88,0.21,0.23,0.4,0.77,0.33,0
scen_000035,inc_scen_000035_01,node_42,mesh_svc_42,cpu_saturation,0.4,0.33,0.34,0.74,0.31,0.56,0.36,0
scen_000035,inc_scen_000035_01,node_43,mesh_svc_43,cpu_saturation,0.53,0.53,0.16,0.26,0.29,0.28,0.41,0
scen_000035,inc_scen_000035_01,node_44,mesh_svc_44,network_latency,0.72,0.74,0.45,0.33,0.47,0.3,0.48,0
scen_000035,inc_scen_000035_01,node_45,mesh_svc_45,slow_query,0.28,0.19,0.47,0.23,0.19,0.53,0.36,0
scen_000035,inc_scen_000035_01,node_46,mesh_svc_46,cpu_saturation,0.14,0.29,0.29,0.31,0.59,0.36,0.36,0
scen_000037,inc_scen_000037_01,gw_01,api_gateway,slow_query,0.6,0.81,0.41,0.74,0.08,0.47,0.44,0
scen_000037,inc_scen_000037_01,auth_01,auth_service,slow_query,0.65,0.28,0.45,0.17,0.52,0.32,0.32,0
scen_000037,inc_scen_000037_01,order_01,order_service,cpu_saturation,0.28,0.63,0.28,0.36,0.66,0.58,0.1,0
scen_000037,inc_scen_000037_01,pay_01,payment_service,slow_query,0.41,0.8,0.25,0.47,0.43,0.76,0.14,0
scen_000037,inc_scen_000037_01,inv_01,inventory_service,network_latency,0.5,0.89,0.18,0.12,0.38,0.28,0.11,0
scen_000037,inc_scen_000037_01,db_master,postgresql,slow_query,0.54,0.63,0.22,0.26,0.14,0.29,0.34,0
scen_000037,inc_scen_000037_01,cache_01,redis,network_latency,0.55,0.63,0.36,0.2,0.4,0.25,0.44,0
scen_000037,inc_scen_000037_01,mq_01,kafka,cpu_saturation,0.48,0.86,0.23,0.38,0.57,0.18,0.27,0
scen_000037,inc_scen_000037_01,ecom_aux_1,user_service_1,network_latency,0.45,0.19,0.4,0.43,0.08,0.11,0.3,0
scen_000037,inc_scen_000037_01,ecom_aux_2,user_service_2,cpu_saturation,0.5,0.44,0.12,0.56,0.2,0.1,0.48,0
scen_000037,inc_scen_000037_01,ecom_aux_3,user_service_3,cpu_saturation,0.56,0.84,0.39,0.37,0.69,0.4,0.41,0
scen_000037,inc_scen_000037_01,ecom_aux_4,user_service_4,cpu_saturation,0.64,0.37,0.24,0.63,0.44,0.68,0.18,0
scen_000037,inc_scen_000037_01,ecom_aux_5,user_service_5,network_latency,0.18,0.77,0.12,0.19,0.14,0.54,0.41,0
scen_000037,inc_scen_000037_01,ecom_aux_6,user_service_6,network_latency,0.26,0.84,0.54,0.13,0.48,0.49,0.21,0
scen_000037,inc_scen_000037_01,ecom_aux_7,user_service_7,slow_query,0.53,0.79,0.6,0.3,0.28,0.15,0.08,0
scen_000037,inc_scen_000037_01,ecom_aux_8,user_service_8,network_latency,0.32,0.75,0.48,0.64,0.34,0.67,0.42,0
scen_000037,inc_scen_000037_01,ecom_aux_9,user_service_9,cpu_saturation,0.68,0.42,0.41,0.61,0.15,0.51,0.12,0
scen_000037,inc_scen_000037_01,ecom_aux_10,user_service_10,slow_query,0.83,0.27,0.37,0.37,0.68,0.72,0.28,0
scen_000037,inc_scen_000037_01,ecom_aux_11,user_service_11,network_latency,0.47,0.49,0.19,0.22,0.64,0.62,0.39,0
scen_000037,inc_scen_000037_01,ecom_aux_12,user_service_12,network_latency,0.46,0.24,0.31,0.19,0.46,0.51,0.37,0
scen_000037,inc_scen_000037_01,ecom_aux_13,user_service_13,network_latency,0.37,0.24,0.26,0.38,0.49,0.6,0.13,0
scen_000037,inc_scen_000037_01,ecom_aux_14,user_service_14,slow_query,0.43,0.12,0.14,0.51,0.11,0.69,0.29,0
scen_000037,inc_scen_000037_01,ecom_aux_15,user_service_15,network_latency,0.77,0.19,0.2,0.72,0.52,0.24,0.12,0
scen_000037,inc_scen_000037_01,ecom_aux_16,user_service_16,network_latency,0.52,0.33,0.45,0.11,0.61,0.84,0.19,0
scen_000037,inc_scen_000037_01,ecom_aux_17,user_service_17,network_latency,0.32,0.83,0.6,0.48,0.06,0.18,0.06,0
scen_000037,inc_scen_000037_01,ecom_aux_18,user_service_18,network_latency,0.48,0.46,0.12,0.72,0.35,0.21,0.16,0
scen_000037,inc_scen_000037_01,ecom_aux_19,user_service_19,memory_exhaustion,0.86,0.86,0.84,0.89,0.78,0.94,0.89,1
scen_000037,inc_scen_000037_01,ecom_aux_20,user_service_20,cpu_saturation,0.72,0.57,0.24,0.35,0.43,0.7,0.32,0
scen_000037,inc_scen_000037_01,ecom_aux_21,user_service_21,cpu_saturation,0.31,0.58,0.28,0.49,0.65,0.15,0.15,0
scen_000037,inc_scen_000037_01,ecom_aux_22,user_service_22,cpu_saturation,0.1,0.43,0.13,0.15,0.4,0.7,0.27,0
scen_000037,inc_scen_000037_01,ecom_aux_23,user_service_23,cpu_saturation,0.26,0.83,0.58,0.7,0.65,0.36,0.27,0
scen_000037,inc_scen_000037_01,ecom_aux_24,user_service_24,cpu_saturation,0.83,0.6,0.54,0.28,0.13,0.21,0.08,0
scen_000037,inc_scen_000037_01,ecom_aux_25,user_service_25,slow_query,0.75,0.27,0.25,0.42,0.44,0.19,0.45,0
scen_000037,inc_scen_000037_01,ecom_aux_26,user_service_26,slow_query,0.58,0.18,0.33,0.13,0.37,0.21,0.11,0
scen_000037,inc_scen_000037_01,ecom_aux_27,user_service_27,cpu_saturation,0.51,0.24,0.29,0.44,0.67,0.46,0.4,0
scen_000038,inc_scen_000038_01,node_00,mesh_svc_0,slow_query,0.37,0.3,0.53,0.41,0.67,0.7,0.19,0
scen_000038,inc_scen_000038_01,node_01,mesh_svc_1,slow_query,0.38,0.72,0.4,0.58,0.4,0.12,0.19,0
scen_000038,inc_scen_000038_01,node_02,mesh_svc_2,slow_query,0.11,0.36,0.31,0.22,0.54,0.48,0.22,0
scen_000038,inc_scen_000038_01,node_03,mesh_svc_3,slow_query,0.4,0.33,0.2,0.16,0.48,0.38,0.34,0
scen_000038,inc_scen_000038_01,node_04,mesh_svc_4,slow_query,0.81,0.13,0.23,0.73,0.1,0.5,0.17,0
scen_000038,inc_scen_000038_01,node_05,mesh_svc_5,slow_query,0.16,0.7,0.45,0.65,0.66,0.68,0.47,0
scen_000038,inc_scen_000038_01,node_06,mesh_svc_6,cpu_saturation,0.67,0.5,0.19,0.38,0.5,0.16,0.48,0
scen_000038,inc_scen_000038_01,node_07,mesh_svc_7,database_connection_exhaustion,0.79,0.73,0.92,0.88,0.8,0.9,0.96,1
scen_000038,inc_scen_000038_01,node_08,mesh_svc_8,slow_query,0.69,0.75,0.41,0.34,0.64,0.26,0.23,0
scen_000038,inc_scen_000038_01,node_09,mesh_svc_9,cpu_saturation,0.42,0.36,0.56,0.73,0.5,0.45,0.13,0
scen_000038,inc_scen_000038_01,node_10,mesh_svc_10,cpu_saturation,0.35,0.36,0.48,0.3,0.12,0.69,0.28,0
scen_000038,inc_scen_000038_01,node_11,mesh_svc_11,slow_query,0.48,0.56,0.41,0.55,0.26,0.19,0.14,0
scen_000038,inc_scen_000038_01,node_12,mesh_svc_12,slow_query,0.19,0.22,0.58,0.29,0.43,0.23,0.18,0
scen_000038,inc_scen_000038_01,node_13,mesh_svc_13,slow_query,0.64,0.87,0.27,0.19,0.44,0.56,0.14,0
scen_000038,inc_scen_000038_01,node_14,mesh_svc_14,network_latency,0.22,0.35,0.24,0.44,0.63,0.53,0.4,0
scen_000038,inc_scen_000038_01,node_15,mesh_svc_15,slow_query,0.24,0.9,0.12,0.15,0.65,0.28,0.12,0
scen_000038,inc_scen_000038_01,node_16,mesh_svc_16,slow_query,0.56,0.88,0.2,0.6,0.51,0.46,0.28,0
scen_000038,inc_scen_000038_01,node_17,mesh_svc_17,slow_query,0.65,0.21,0.15,0.27,0.55,0.47,0.25,0
scen_000038,inc_scen_000038_01,node_18,mesh_svc_18,cpu_saturation,0.43,0.52,0.46,0.18,0.25,0.22,0.09,0
scen_000038,inc_scen_000038_01,node_19,mesh_svc_19,cpu_saturation,0.81,0.59,0.45,0.19,0.27,0.74,0.21,0
scen_000038,inc_scen_000038_01,node_20,mesh_svc_20,network_latency,0.11,0.84,0.3,0.47,0.52,0.61,0.32,0
scen_000038,inc_scen_000038_01,node_21,mesh_svc_21,network_latency,0.49,0.65,0.37,0.48,0.55,0.42,0.4,0
scen_000038,inc_scen_000038_01,node_22,mesh_svc_22,cpu_saturation,0.83,0.71,0.41,0.78,0.39,0.69,0.06,0
scen_000038,inc_scen_000038_01,node_23,mesh_svc_23,slow_query,0.33,0.63,0.23,0.77,0.2,0.63,0.42,0
scen_000038,inc_scen_000038_01,node_24,mesh_svc_24,network_latency,0.74,0.49,0.16,0.79,0.17,0.27,0.21,0
scen_000038,inc_scen_000038_01,node_25,mesh_svc_25,network_latency,0.34,0.16,0.15,0.29,0.23,0.28,0.36,0
scen_000039,inc_scen_000039_01,gw_01,api_gateway,cpu_saturation,0.57,0.7,0.19,0.55,0.42,0.47,0.18,0
scen_000039,inc_scen_000039_01,auth_01,auth_service,network_latency,0.18,0.3,0.51,0.36,0.68,0.46,0.38,0
scen_000039,inc_scen_000039_01,order_01,order_service,slow_query,0.76,0.51,0.48,0.37,0.14,0.49,0.28,0
scen_000039,inc_scen_000039_01,pay_01,payment_service,network_latency,0.81,0.67,0.35,0.77,0.51,0.28,0.46,0
scen_000039,inc_scen_000039_01,inv_01,inventory_service,network_latency,0.6,0.71,0.4,0.2,0.56,0.66,0.15,0
scen_000039,inc_scen_000039_01,db_master,postgresql,storage_failure,0.76,0.9,0.96,0.74,0.75,0.97,0.95,1
scen_000039,inc_scen_000039_01,cache_01,redis,cpu_saturation,0.37,0.55,0.52,0.25,0.39,0.71,0.27,0
scen_000039,inc_scen_000039_01,mq_01,kafka,slow_query,0.25,0.57,0.12,0.73,0.66,0.52,0.11,0
scen_000039,inc_scen_000039_01,ecom_aux_1,user_service_1,slow_query,0.67,0.12,0.16,0.15,0.69,0.27,0.17,0
scen_000039,inc_scen_000039_01,ecom_aux_2,user_service_2,network_latency,0.23,0.34,0.29,0.2,0.23,0.33,0.19,0
scen_000039,inc_scen_000039_01,ecom_aux_3,user_service_3,slow_query,0.44,0.29,0.27,0.43,0.28,0.84,0.08,0
scen_000039,inc_scen_000039_01,ecom_aux_4,user_service_4,network_latency,0.65,0.11,0.4,0.41,0.5,0.27,0.34,0
scen_000039,inc_scen_000039_01,ecom_aux_5,user_service_5,slow_query,0.6,0.16,0.33,0.74,0.59,0.5,0.3,0
scen_000039,inc_scen_000039_01,ecom_aux_6,user_service_6,cpu_saturation,0.81,0.6,0.28,0.29,0.4,0.81,0.44,0
scen_000039,inc_scen_000039_01,ecom_aux_7,user_service_7,slow_query,0.28,0.74,0.54,0.63,0.48,0.46,0.4,0
scen_000039,inc_scen_000039_01,ecom_aux_8,user_service_8,cpu_saturation,0.2,0.52,0.47,0.41,0.64,0.7,0.24,0
scen_000039,inc_scen_000039_01,ecom_aux_9,user_service_9,cpu_saturation,0.66,0.44,0.41,0.52,0.39,0.56,0.42,0
scen_000039,inc_scen_000039_01,ecom_aux_10,user_service_10,slow_query,0.7,0.56,0.23,0.58,0.33,0.7,0.36,0
scen_000039,inc_scen_000039_01,ecom_aux_11,user_service_11,slow_query,0.22,0.43,0.19,0.79,0.45,0.44,0.39,0
scen_000039,inc_scen_000039_01,ecom_aux_12,user_service_12,slow_query,0.15,0.62,0.3,0.62,0.64,0.27,0.19,0
scen_000039,inc_scen_000039_01,ecom_aux_13,user_service_13,cpu_saturation,0.75,0.15,0.33,0.23,0.2,0.24,0.35,0
scen_000039,inc_scen_000039_01,ecom_aux_14,user_service_14,cpu_saturation,0.36,0.81,0.59,0.31,0.58,0.5,0.17,0
scen_000039,inc_scen_000039_01,ecom_aux_15,user_service_15,cpu_saturation,0.26,0.5,0.16,0.27,0.09,0.82,0.47,0
scen_000039,inc_scen_000039_01,ecom_aux_16,user_service_16,slow_query,0.23,0.16,0.55,0.67,0.51,0.76,0.26,0
scen_000039,inc_scen_000039_01,ecom_aux_17,user_service_17,network_latency,0.41,0.53,0.14,0.31,0.27,0.4,0.2,0
scen_000039,inc_scen_000039_01,ecom_aux_18,user_service_18,cpu_saturation,0.76,0.66,0.12,0.52,0.06,0.61,0.08,0
scen_000039,inc_scen_000039_01,ecom_aux_19,user_service_19,cpu_saturation,0.66,0.71,0.34,0.39,0.08,0.49,0.16,0
scen_000039,inc_scen_000039_01,ecom_aux_20,user_service_20,slow_query,0.6,0.23,0.39,0.15,0.4,0.22,0.29,0
scen_000039,inc_scen_000039_01,ecom_aux_21,user_service_21,network_latency,0.3,0.77,0.34,0.71,0.45,0.12,0.26,0
scen_000039,inc_scen_000039_02,gw_01,api_gateway,network_latency,0.74,0.2,0.49,0.77,0.57,0.16,0.32,0
scen_000039,inc_scen_000039_02,auth_01,auth_service,cpu_saturation,0.15,0.48,0.32,0.18,0.55,0.6,0.25,0
scen_000039,inc_scen_000039_02,order_01,order_service,network_latency,0.17,0.46,0.26,0.4,0.38,0.72,0.15,0
scen_000039,inc_scen_000039_02,pay_01,payment_service,network_latency,0.66,0.34,0.54,0.67,0.46,0.34,0.48,0
scen_000039,inc_scen_000039_02,inv_01,inventory_service,slow_query,0.81,0.69,0.56,0.55,0.16,0.29,0.15,0
scen_000039,inc_scen_000039_02,db_master,postgresql,network_latency,0.49,0.68,0.44,0.12,0.26,0.64,0.23,0
scen_000039,inc_scen_000039_02,cache_01,redis,cpu_saturation,0.11,0.12,0.25,0.32,0.5,0.64,0.24,0
scen_000039,inc_scen_000039_02,mq_01,kafka,network_latency,0.54,0.29,0.45,0.7,0.49,0.57,0.38,0
scen_000039,inc_scen_000039_02,ecom_aux_1,user_service_1,cpu_saturation,0.56,0.77,0.17,0.52,0.2,0.49,0.4,0
scen_000039,inc_scen_000039_02,ecom_aux_2,user_service_2,slow_query,0.55,0.24,0.17,0.16,0.27,0.21,0.49,0
scen_000039,inc_scen_000039_02,ecom_aux_3,user_service_3,slow_query,0.74,0.55,0.37,0.26,0.52,0.61,0.11,0
scen_000039,inc_scen_000039_02,ecom_aux_4,user_service_4,cpu_saturation,0.2,0.65,0.36,0.21,0.11,0.69,0.17,0
scen_000039,inc_scen_000039_02,ecom_aux_5,user_service_5,slow_query,0.4,0.11,0.43,0.22,0.5,0.38,0.3,0
scen_000039,inc_scen_000039_02,ecom_aux_6,user_service_6,cpu_saturation,0.34,0.55,0.58,0.12,0.08,0.54,0.13,0
scen_000039,inc_scen_000039_02,ecom_aux_7,user_service_7,slow_query,0.5,0.48,0.23,0.46,0.68,0.47,0.23,0
scen_000039,inc_scen_000039_02,ecom_aux_8,user_service_8,slow_query,0.6,0.35,0.48,0.15,0.25,0.26,0.33,0
scen_000039,inc_scen_000039_02,ecom_aux_9,user_service_9,cpu_saturation,0.38,0.78,0.35,0.2,0.64,0.45,0.42,0
scen_000039,inc_scen_000039_02,ecom_aux_10,user_service_10,slow_query,0.72,0.4,0.5,0.19,0.57,0.82,0.32,0
scen_000039,inc_scen_000039_02,ecom_aux_11,user_service_11,cpu_saturation,0.18,0.72,0.26,0.34,0.19,0.26,0.44,0
scen_000039,inc_scen_000039_02,ecom_aux_12,user_service_12,cpu_saturation,0.63,0.8,0.38,0.44,0.06,0.36,0.47,0
scen_000039,inc_scen_000039_02,ecom_aux_13,user_service_13,network_latency,0.61,0.75,0.41,0.63,0.49,0.84,0.42,0
scen_000039,inc_scen_000039_02,ecom_aux_14,user_service_14,cpu_saturation,0.52,0.34,0.33,0.15,0.18,0.11,0.3,0
scen_000039,inc_scen_000039_02,ecom_aux_15,user_service_15,cpu_saturation,0.55,0.43,0.31,0.65,0.57,0.73,0.11,0
scen_000039,inc_scen_000039_02,ecom_aux_16,user_service_16,network_latency,0.76,0.82,0.46,0.36,0.18,0.67,0.32,0
scen_000039,inc_scen_000039_02,ecom_aux_17,user_service_17,slow_query,0.16,0.8,0.31,0.48,0.1,0.8,0.14,0
scen_000039,inc_scen_000039_02,ecom_aux_18,user_service_18,network_latency,0.84,0.39,0.33,0.39,0.44,0.55,0.29,0
scen_000039,inc_scen_000039_02,ecom_aux_19,user_service_19,cpu_saturation,0.17,0.66,0.32,0.29,0.09,0.49,0.26,0
scen_000039,inc_scen_000039_02,ecom_aux_20,user_service_20,external_api_failure,0.89,0.84,0.94,0.78,0.76,0.77,0.93,1
scen_000039,inc_scen_000039_02,ecom_aux_21,user_service_21,cpu_saturation,0.46,0.33,0.33,0.11,0.09,0.82,0.32,0
scen_000040,inc_scen_000040_01,ingest_01,ingestion_gateway,network_latency,0.22,0.21,0.56,0.48,0.38,0.49,0.14,0
scen_000040,inc_scen_000040_01,kafka_broker,kafka,cpu_saturation,0.16,0.61,0.3,0.66,0.26,0.17,0.27,0
scen_000040,inc_scen_000040_01,notif_01,notification_service,network_latency,0.66,0.51,0.41,0.14,0.14,0.67,0.37,0
scen_000040,inc_scen_000040_01,user_01,user_service,cpu_saturation,0.63,0.83,0.15,0.21,0.06,0.39,0.42,0
scen_000040,inc_scen_000040_01,db_event,mysql,network_latency,0.66,0.17,0.23,0.11,0.32,0.2,0.27,0
scen_000040,inc_scen_000040_01,consumer_1,kafka_consumer_1,cpu_saturation,0.35,0.27,0.1,0.34,0.23,0.83,0.49,0
scen_000040,inc_scen_000040_01,consumer_2,kafka_consumer_2,slow_query,0.14,0.36,0.59,0.2,0.52,0.22,0.15,0
scen_000040,inc_scen_000040_01,consumer_3,kafka_consumer_3,slow_query,0.78,0.88,0.44,0.61,0.46,0.63,0.12,0
scen_000040,inc_scen_000040_01,consumer_4,kafka_consumer_4,cpu_saturation,0.58,0.63,0.11,0.44,0.67,0.23,0.38,0
scen_000040,inc_scen_000040_01,consumer_5,kafka_consumer_5,network_latency,0.52,0.46,0.25,0.56,0.67,0.5,0.5,0
scen_000040,inc_scen_000040_01,consumer_6,kafka_consumer_6,cpu_saturation,0.47,0.6,0.24,0.54,0.25,0.25,0.06,0
scen_000040,inc_scen_000040_01,consumer_7,kafka_consumer_7,slow_query,0.33,0.86,0.19,0.49,0.52,0.76,0.16,0
scen_000040,inc_scen_000040_01,consumer_8,kafka_consumer_8,certificate_expiration,0.87,0.71,0.8,0.81,0.84,0.75,0.86,1
scen_000040,inc_scen_000040_01,consumer_9,kafka_consumer_9,slow_query,0.8,0.1,0.25,0.21,0.66,0.21,0.38,0
scen_000040,inc_scen_000040_01,consumer_10,kafka_consumer_10,network_latency,0.83,0.5,0.48,0.38,0.55,0.14,0.38,0
scen_000040,inc_scen_000040_01,consumer_11,kafka_consumer_11,cpu_saturation,0.64,0.47,0.33,0.11,0.13,0.25,0.34,0
scen_000040,inc_scen_000040_02,ingest_01,ingestion_gateway,network_latency,0.34,0.78,0.18,0.13,0.39,0.81,0.16,0
scen_000040,inc_scen_000040_02,kafka_broker,kafka,network_latency,0.16,0.24,0.37,0.79,0.3,0.15,0.44,0
scen_000040,inc_scen_000040_02,notif_01,notification_service,cpu_saturation,0.39,0.62,0.54,0.27,0.32,0.6,0.36,0
scen_000040,inc_scen_000040_02,user_01,user_service,slow_query,0.26,0.16,0.37,0.17,0.06,0.61,0.18,0
scen_000040,inc_scen_000040_02,db_event,mysql,slow_query,0.84,0.49,0.23,0.3,0.57,0.7,0.48,0
scen_000040,inc_scen_000040_02,consumer_1,kafka_consumer_1,cpu_saturation,0.31,0.64,0.34,0.75,0.49,0.55,0.47,0
scen_000040,inc_scen_000040_02,consumer_2,kafka_consumer_2,slow_query,0.17,0.2,0.34,0.31,0.63,0.47,0.43,0
scen_000040,inc_scen_000040_02,consumer_3,kafka_consumer_3,network_latency,0.23,0.42,0.14,0.52,0.21,0.79,0.15,0
scen_000040,inc_scen_000040_02,consumer_4,kafka_consumer_4,network_latency,0.2,0.2,0.5,0.33,0.37,0.58,0.14,0
scen_000040,inc_scen_000040_02,consumer_5,kafka_consumer_5,cpu_saturation,0.72,0.71,0.42,0.74,0.41,0.17,0.41,0
scen_000040,inc_scen_000040_02,consumer_6,kafka_consumer_6,slow_query,0.43,0.33,0.57,0.77,0.54,0.35,0.43,0
scen_000040,inc_scen_000040_02,consumer_7,kafka_consumer_7,slow_query,0.19,0.84,0.4,0.55,0.22,0.78,0.43,0
scen_000040,inc_scen_000040_02,consumer_8,kafka_consumer_8,cpu_saturation,0.17,0.64,0.16,0.14,0.22,0.42,0.15,0
scen_000040,inc_scen_000040_02,consumer_9,kafka_consumer_9,slow_query,0.83,0.78,0.27,0.65,0.45,0.16,0.49,0
scen_000040,inc_scen_000040_02,consumer_10,kafka_consumer_10,network_latency,0.1,0.49,0.2,0.13,0.25,0.44,0.5,0
scen_000040,inc_scen_000040_02,consumer_11,kafka_consumer_11,authentication_failure,0.89,0.85,0.81,0.84,0.67,0.89,0.87,1
scen_000041,inc_scen_000041_01,node_00,mesh_svc_0,cpu_saturation,0.2,0.32,0.26,0.53,0.47,0.25,0.28,0
scen_000041,inc_scen_000041_01,node_01,mesh_svc_1,slow_query,0.38,0.11,0.39,0.42,0.68,0.37,0.22,0
scen_000041,inc_scen_000041_01,node_02,mesh_svc_2,database_slow_queries,0.85,0.94,0.84,0.74,0.95,0.89,0.89,1
scen_000041,inc_scen_000041_01,node_03,mesh_svc_3,network_latency,0.4,0.24,0.24,0.39,0.2,0.72,0.45,0
scen_000041,inc_scen_000041_01,node_04,mesh_svc_4,slow_query,0.71,0.45,0.42,0.22,0.28,0.67,0.17,0
scen_000041,inc_scen_000041_01,node_05,mesh_svc_5,network_latency,0.81,0.75,0.48,0.31,0.39,0.69,0.38,0
scen_000041,inc_scen_000041_01,node_06,mesh_svc_6,slow_query,0.21,0.53,0.1,0.22,0.52,0.53,0.48,0
scen_000041,inc_scen_000041_01,node_07,mesh_svc_7,cpu_saturation,0.81,0.48,0.54,0.37,0.57,0.22,0.34,0
scen_000041,inc_scen_000041_01,node_08,mesh_svc_8,network_latency,0.16,0.29,0.16,0.52,0.48,0.31,0.42,0
scen_000041,inc_scen_000041_01,node_09,mesh_svc_9,cpu_saturation,0.72,0.76,0.58,0.28,0.53,0.69,0.13,0
scen_000041,inc_scen_000041_01,node_10,mesh_svc_10,slow_query,0.46,0.13,0.53,0.16,0.54,0.37,0.17,0
scen_000041,inc_scen_000041_01,node_11,mesh_svc_11,network_latency,0.41,0.29,0.38,0.39,0.34,0.53,0.35,0
scen_000041,inc_scen_000041_01,node_12,mesh_svc_12,slow_query,0.17,0.83,0.24,0.14,0.53,0.85,0.19,0
scen_000041,inc_scen_000041_01,node_13,mesh_svc_13,network_latency,0.59,0.63,0.51,0.5,0.54,0.81,0.14,0
scen_000041,inc_scen_000041_01,node_14,mesh_svc_14,slow_query,0.5,0.18,0.58,0.66,0.24,0.51,0.26,0
scen_000041,inc_scen_000041_01,node_15,mesh_svc_15,cpu_saturation,0.18,0.63,0.41,0.59,0.15,0.74,0.42,0
scen_000041,inc_scen_000041_01,node_16,mesh_svc_16,cpu_saturation,0.31,0.13,0.47,0.39,0.53,0.34,0.33,0
scen_000041,inc_scen_000041_01,node_17,mesh_svc_17,network_latency,0.59,0.15,0.54,0.62,0.45,0.4,0.38,0
scen_000041,inc_scen_000041_01,node_18,mesh_svc_18,network_latency,0.18,0.75,0.2,0.69,0.67,0.71,0.14,0
scen_000041,inc_scen_000041_01,node_19,mesh_svc_19,network_latency,0.44,0.2,0.53,0.31,0.65,0.78,0.35,0
scen_000041,inc_scen_000041_01,node_20,mesh_svc_20,cpu_saturation,0.84,0.34,0.6,0.23,0.45,0.83,0.32,0
scen_000041,inc_scen_000041_01,node_21,mesh_svc_21,network_latency,0.27,0.77,0.48,0.59,0.5,0.18,0.17,0
scen_000041,inc_scen_000041_01,node_22,mesh_svc_22,cpu_saturation,0.14,0.37,0.59,0.79,0.65,0.62,0.43,0
scen_000041,inc_scen_000041_01,node_23,mesh_svc_23,slow_query,0.73,0.67,0.57,0.73,0.46,0.46,0.28,0
scen_000041,inc_scen_000041_01,node_24,mesh_svc_24,network_latency,0.4,0.34,0.51,0.28,0.4,0.22,0.14,0
scen_000041,inc_scen_000041_01,node_25,mesh_svc_25,slow_query,0.65,0.37,0.19,0.25,0.59,0.53,0.29,0
scen_000041,inc_scen_000041_01,node_26,mesh_svc_26,network_latency,0.44,0.48,0.59,0.31,0.13,0.78,0.37,0
scen_000041,inc_scen_000041_01,node_27,mesh_svc_27,cpu_saturation,0.75,0.14,0.53,0.5,0.34,0.21,0.17,0
scen_000042,inc_scen_000042_01,gw_01,api_gateway,network_latency,0.36,0.2,0.24,0.32,0.51,0.42,0.4,0
scen_000042,inc_scen_000042_01,auth_01,auth_service,cpu_saturation,0.83,0.29,0.35,0.52,0.63,0.73,0.27,0
scen_000042,inc_scen_000042_01,order_01,order_service,slow_query,0.32,0.33,0.22,0.41,0.6,0.43,0.3,0
scen_000042,inc_scen_000042_01,pay_01,payment_service,network_latency,0.44,0.16,0.2,0.76,0.49,0.11,0.34,0
scen_000042,inc_scen_000042_01,inv_01,inventory_service,network_latency,0.33,0.81,0.3,0.51,0.16,0.73,0.2,0
scen_000042,inc_scen_000042_01,db_master,postgresql,slow_query,0.31,0.63,0.11,0.22,0.66,0.34,0.09,0
scen_000042,inc_scen_000042_01,cache_01,redis,cpu_saturation,0.75,0.9,0.54,0.52,0.07,0.74,0.17,0
scen_000042,inc_scen_000042_01,mq_01,kafka,slow_query,0.45,0.38,0.56,0.41,0.61,0.7,0.36,0
scen_000042,inc_scen_000042_01,ecom_aux_1,user_service_1,cpu_saturation,0.73,0.41,0.44,0.21,0.36,0.25,0.12,0
scen_000042,inc_scen_000042_01,ecom_aux_2,user_service_2,network_latency,0.4,0.43,0.17,0.65,0.44,0.53,0.3,0
scen_000042,inc_scen_000042_01,ecom_aux_3,user_service_3,cpu_saturation,0.51,0.68,0.27,0.78,0.69,0.64,0.1,0
scen_000042,inc_scen_000042_01,ecom_aux_4,user_service_4,cpu_saturation,0.28,0.62,0.15,0.32,0.54,0.38,0.13,0
scen_000042,inc_scen_000042_01,ecom_aux_5,user_service_5,network_latency,0.29,0.8,0.56,0.51,0.46,0.2,0.28,0
scen_000042,inc_scen_000042_01,ecom_aux_6,user_service_6,network_latency,0.31,0.53,0.12,0.66,0.38,0.51,0.12,0
scen_000042,inc_scen_000042_01,ecom_aux_7,user_service_7,cpu_saturation,0.7,0.72,0.28,0.57,0.4,0.69,0.32,0
scen_000042,inc_scen_000042_01,ecom_aux_8,user_service_8,slow_query,0.71,0.27,0.55,0.61,0.45,0.57,0.43,0
scen_000042,inc_scen_000042_01,ecom_aux_9,user_service_9,slow_query,0.84,0.88,0.46,0.18,0.48,0.31,0.23,0
scen_000042,inc_scen_000042_01,ecom_aux_10,user_service_10,slow_query,0.63,0.24,0.15,0.23,0.48,0.51,0.48,0
scen_000042,inc_scen_000042_01,ecom_aux_11,user_service_11,cpu_saturation,0.39,0.32,0.19,0.28,0.12,0.59,0.31,0
scen_000042,inc_scen_000042_01,ecom_aux_12,user_service_12,slow_query,0.78,0.84,0.23,0.53,0.39,0.45,0.48,0
scen_000042,inc_scen_000042_01,ecom_aux_13,user_service_13,slow_query,0.13,0.78,0.43,0.63,0.59,0.36,0.22,0
scen_000042,inc_scen_000042_01,ecom_aux_14,user_service_14,cpu_saturation,0.64,0.64,0.49,0.2,0.67,0.57,0.35,0
scen_000042,inc_scen_000042_01,ecom_aux_15,user_service_15,traffic_spike,0.85,0.95,0.82,0.95,0.88,0.9,0.97,1
scen_000042,inc_scen_000042_01,ecom_aux_16,user_service_16,cpu_saturation,0.48,0.34,0.46,0.38,0.4,0.57,0.3,0
scen_000042,inc_scen_000042_01,ecom_aux_17,user_service_17,slow_query,0.45,0.39,0.34,0.15,0.6,0.26,0.33,0
scen_000042,inc_scen_000042_01,ecom_aux_18,user_service_18,cpu_saturation,0.16,0.33,0.53,0.75,0.11,0.46,0.12,0
scen_000042,inc_scen_000042_01,ecom_aux_19,user_service_19,network_latency,0.37,0.58,0.59,0.25,0.43,0.24,0.13,0
scen_000042,inc_scen_000042_01,ecom_aux_20,user_service_20,slow_query,0.54,0.56,0.34,0.77,0.51,0.19,0.11,0
scen_000042,inc_scen_000042_01,ecom_aux_21,user_service_21,slow_query,0.61,0.77,0.27,0.52,0.32,0.72,0.3,0
scen_000042,inc_scen_000042_01,ecom_aux_22,user_service_22,network_latency,0.68,0.34,0.15,0.23,0.67,0.31,0.29,0
scen_000042,inc_scen_000042_01,ecom_aux_23,user_service_23,cpu_saturation,0.45,0.44,0.49,0.15,0.28,0.22,0.35,0
scen_000042,inc_scen_000042_01,ecom_aux_24,user_service_24,network_latency,0.19,0.22,0.56,0.33,0.63,0.42,0.16,0
scen_000042,inc_scen_000042_01,ecom_aux_25,user_service_25,network_latency,0.79,0.37,0.52,0.12,0.14,0.21,0.22,0
scen_000043,inc_scen_000043_01,gw_01,api_gateway,slow_query,0.28,0.13,0.33,0.38,0.67,0.39,0.07,0
scen_000043,inc_scen_000043_01,rec_01,recommendation_service,network_latency,0.82,0.63,0.43,0.62,0.06,0.23,0.43,0
scen_000043,inc_scen_000043_01,es_01,elasticsearch,slow_query,0.58,0.46,0.58,0.54,0.36,0.32,0.42,0
scen_000043,inc_scen_000043_01,redis_01,redis,network_latency,0.31,0.23,0.15,0.27,0.05,0.76,0.38,0
scen_000043,inc_scen_000043_01,mongo_01,mongodb,slow_query,0.71,0.46,0.39,0.42,0.6,0.56,0.42,0
scen_000043,inc_scen_000043_01,search_node_1,search_aux_1,network_latency,0.83,0.71,0.16,0.56,0.15,0.11,0.39,0
scen_000043,inc_scen_000043_01,search_node_2,search_aux_2,slow_query,0.3,0.5,0.45,0.33,0.25,0.85,0.11,0
scen_000043,inc_scen_000043_01,search_node_3,search_aux_3,network_latency,0.45,0.39,0.15,0.22,0.1,0.32,0.44,0
scen_000043,inc_scen_000043_01,search_node_4,search_aux_4,network_latency,0.67,0.15,0.53,0.75,0.61,0.4,0.24,0
scen_000043,inc_scen_000043_01,search_node_5,search_aux_5,network_latency,0.14,0.85,0.21,0.53,0.53,0.17,0.3,0
scen_000043,inc_scen_000043_01,search_node_6,search_aux_6,network_latency,0.85,0.24,0.41,0.44,0.48,0.51,0.35,0
scen_000043,inc_scen_000043_01,search_node_7,search_aux_7,slow_query,0.22,0.88,0.48,0.42,0.46,0.58,0.47,0
scen_000043,inc_scen_000043_01,search_node_8,search_aux_8,slow_query,0.76,0.64,0.49,0.76,0.16,0.32,0.08,0
scen_000043,inc_scen_000043_01,search_node_9,search_aux_9,slow_query,0.16,0.51,0.35,0.71,0.25,0.5,0.06,0
scen_000043,inc_scen_000043_01,search_node_10,search_aux_10,cpu_saturation,0.74,0.11,0.25,0.15,0.38,0.53,0.36,0
scen_000043,inc_scen_000043_01,search_node_11,search_aux_11,slow_query,0.55,0.36,0.34,0.5,0.11,0.77,0.42,0
scen_000043,inc_scen_000043_01,search_node_12,search_aux_12,slow_query,0.27,0.68,0.47,0.43,0.12,0.29,0.27,0
scen_000043,inc_scen_000043_01,search_node_13,search_aux_13,slow_query,0.66,0.53,0.59,0.59,0.67,0.49,0.28,0
scen_000043,inc_scen_000043_01,search_node_14,search_aux_14,slow_query,0.28,0.87,0.52,0.56,0.4,0.19,0.35,0
scen_000043,inc_scen_000043_01,search_node_15,search_aux_15,kubernetes_node_failure,0.76,0.75,0.86,0.74,0.71,0.87,0.87,1
scen_000043,inc_scen_000043_01,search_node_16,search_aux_16,slow_query,0.54,0.9,0.44,0.75,0.41,0.4,0.31,0
scen_000043,inc_scen_000043_01,search_node_17,search_aux_17,cpu_saturation,0.19,0.74,0.37,0.48,0.31,0.79,0.31,0
scen_000043,inc_scen_000043_01,search_node_18,search_aux_18,slow_query,0.32,0.86,0.27,0.19,0.14,0.71,0.31,0
scen_000043,inc_scen_000043_01,search_node_19,search_aux_19,cpu_saturation,0.64,0.78,0.18,0.77,0.18,0.64,0.2,0
scen_000043,inc_scen_000043_01,search_node_20,search_aux_20,network_latency,0.59,0.67,0.21,0.27,0.23,0.52,0.18,0
scen_000043,inc_scen_000043_01,search_node_21,search_aux_21,cpu_saturation,0.68,0.75,0.46,0.48,0.47,0.15,0.41,0
scen_000043,inc_scen_000043_01,search_node_22,search_aux_22,network_latency,0.13,0.73,0.18,0.58,0.58,0.5,0.45,0
scen_000043,inc_scen_000043_01,search_node_23,search_aux_23,network_latency,0.54,0.72,0.6,0.49,0.18,0.29,0.27,0
scen_000043,inc_scen_000043_01,search_node_24,search_aux_24,network_latency,0.72,0.84,0.34,0.4,0.29,0.32,0.21,0
scen_000043,inc_scen_000043_01,search_node_25,search_aux_25,network_latency,0.19,0.32,0.5,0.19,0.24,0.39,0.16,0
scen_000043,inc_scen_000043_01,search_node_26,search_aux_26,network_latency,0.42,0.61,0.18,0.28,0.44,0.78,0.5,0
scen_000043,inc_scen_000043_01,search_node_27,search_aux_27,cpu_saturation,0.69,0.46,0.27,0.72,0.66,0.47,0.16,0
scen_000043,inc_scen_000043_01,search_node_28,search_aux_28,network_latency,0.59,0.28,0.18,0.52,0.54,0.29,0.16,0
scen_000043,inc_scen_000043_01,search_node_29,search_aux_29,network_latency,0.57,0.39,0.43,0.74,0.6,0.78,0.28,0
scen_000043,inc_scen_000043_01,search_node_30,search_aux_30,network_latency,0.81,0.66,0.29,0.64,0.28,0.14,0.05,0
scen_000043,inc_scen_000043_01,search_node_31,search_aux_31,cpu_saturation,0.3,0.88,0.35,0.27,0.21,0.52,0.27,0
scen_000043,inc_scen_000043_01,search_node_32,search_aux_32,network_latency,0.72,0.1,0.37,0.67,0.57,0.84,0.38,0
scen_000043,inc_scen_000043_01,search_node_33,search_aux_33,slow_query,0.56,0.86,0.39,0.3,0.54,0.66,0.25,0
scen_000043,inc_scen_000043_01,search_node_34,search_aux_34,network_latency,0.13,0.87,0.11,0.41,0.51,0.2,0.4,0
scen_000043,inc_scen_000043_01,search_node_35,search_aux_35,cpu_saturation,0.28,0.89,0.59,0.66,0.48,0.43,0.07,0
scen_000044,inc_scen_000044_01,node_00,mesh_svc_0,slow_query,0.69,0.83,0.31,0.38,0.22,0.65,0.23,0
scen_000044,inc_scen_000044_01,node_01,mesh_svc_1,disk_exhaustion,0.78,0.93,0.92,0.94,0.68,0.82,0.94,1
scen_000044,inc_scen_000044_01,node_02,mesh_svc_2,cpu_saturation,0.64,0.88,0.5,0.55,0.62,0.37,0.29,0
scen_000044,inc_scen_000044_01,node_03,mesh_svc_3,slow_query,0.56,0.17,0.35,0.41,0.44,0.66,0.22,0
scen_000044,inc_scen_000044_01,node_04,mesh_svc_4,cpu_saturation,0.71,0.76,0.53,0.8,0.16,0.11,0.46,0
scen_000044,inc_scen_000044_01,node_05,mesh_svc_5,slow_query,0.72,0.56,0.48,0.69,0.41,0.83,0.32,0
scen_000044,inc_scen_000044_01,node_06,mesh_svc_6,slow_query,0.24,0.76,0.1,0.29,0.4,0.22,0.37,0
scen_000044,inc_scen_000044_01,node_07,mesh_svc_7,slow_query,0.71,0.43,0.12,0.73,0.42,0.16,0.47,0
scen_000046,inc_scen_000046_01,gw_01,api_gateway,network_latency,0.22,0.37,0.15,0.55,0.45,0.84,0.49,0
scen_000046,inc_scen_000046_01,auth_01,auth_service,slow_query,0.18,0.71,0.32,0.79,0.43,0.29,0.47,0
scen_000046,inc_scen_000046_01,order_01,order_service,cpu_saturation,0.81,0.39,0.24,0.68,0.42,0.82,0.22,0
scen_000046,inc_scen_000046_01,pay_01,payment_service,network_latency,0.7,0.74,0.28,0.67,0.31,0.18,0.08,0
scen_000046,inc_scen_000046_01,inv_01,inventory_service,network_latency,0.14,0.49,0.29,0.33,0.62,0.52,0.18,0
scen_000046,inc_scen_000046_01,db_master,postgresql,network_latency,0.72,0.43,0.3,0.32,0.12,0.17,0.26,0
scen_000046,inc_scen_000046_01,cache_01,redis,slow_query,0.73,0.85,0.58,0.44,0.61,0.77,0.43,0
scen_000046,inc_scen_000046_01,mq_01,kafka,cpu_saturation,0.41,0.54,0.5,0.2,0.25,0.46,0.28,0
scen_000046,inc_scen_000046_01,ecom_aux_1,user_service_1,network_latency,0.79,0.33,0.2,0.23,0.23,0.64,0.15,0
scen_000046,inc_scen_000046_01,ecom_aux_2,user_service_2,cpu_saturation,0.36,0.34,0.11,0.28,0.41,0.36,0.46,0
scen_000046,inc_scen_000046_01,ecom_aux_3,user_service_3,network_latency,0.17,0.66,0.6,0.49,0.69,0.72,0.11,0
scen_000046,inc_scen_000046_01,ecom_aux_4,user_service_4,network_latency,0.52,0.86,0.32,0.57,0.62,0.2,0.16,0
scen_000046,inc_scen_000046_01,ecom_aux_5,user_service_5,slow_query,0.61,0.76,0.22,0.49,0.35,0.78,0.34,0
scen_000046,inc_scen_000046_01,ecom_aux_6,user_service_6,network_latency,0.48,0.49,0.36,0.29,0.19,0.38,0.12,0
scen_000046,inc_scen_000046_01,ecom_aux_7,user_service_7,network_latency,0.54,0.54,0.27,0.6,0.43,0.72,0.17,0
scen_000046,inc_scen_000046_01,ecom_aux_8,user_service_8,network_latency,0.58,0.61,0.52,0.3,0.6,0.14,0.28,0
scen_000046,inc_scen_000046_01,ecom_aux_9,user_service_9,api_rate_limiting,0.92,0.81,0.83,0.88,0.7,0.93,0.95,1
scen_000046,inc_scen_000046_01,ecom_aux_10,user_service_10,slow_query,0.79,0.45,0.23,0.76,0.11,0.54,0.5,0
scen_000046,inc_scen_000046_01,ecom_aux_11,user_service_11,slow_query,0.58,0.38,0.14,0.65,0.62,0.23,0.48,0
scen_000046,inc_scen_000046_01,ecom_aux_12,user_service_12,cpu_saturation,0.29,0.27,0.33,0.27,0.21,0.25,0.12,0
scen_000046,inc_scen_000046_01,ecom_aux_13,user_service_13,slow_query,0.79,0.31,0.27,0.69,0.46,0.4,0.49,0
scen_000046,inc_scen_000046_01,ecom_aux_14,user_service_14,network_latency,0.46,0.41,0.32,0.58,0.32,0.35,0.29,0
scen_000046,inc_scen_000046_01,ecom_aux_15,user_service_15,cpu_saturation,0.79,0.6,0.31,0.73,0.34,0.58,0.11,0
scen_000046,inc_scen_000046_01,ecom_aux_16,user_service_16,network_latency,0.29,0.24,0.54,0.59,0.7,0.8,0.25,0
scen_000046,inc_scen_000046_01,ecom_aux_17,user_service_17,network_latency,0.43,0.61,0.51,0.34,0.59,0.56,0.25,0
scen_000046,inc_scen_000046_01,ecom_aux_18,user_service_18,network_latency,0.36,0.29,0.42,0.16,0.21,0.45,0.2,0
scen_000046,inc_scen_000046_01,ecom_aux_19,user_service_19,slow_query,0.26,0.77,0.13,0.55,0.6,0.33,0.26,0
scen_000046,inc_scen_000046_01,ecom_aux_20,user_service_20,network_latency,0.53,0.28,0.27,0.11,0.6,0.55,0.43,0
scen_000046,inc_scen_000046_01,ecom_aux_21,user_service_21,slow_query,0.83,0.34,0.19,0.46,0.42,0.71,0.35,0
scen_000046,inc_scen_000046_01,ecom_aux_22,user_service_22,network_latency,0.41,0.15,0.57,0.32,0.5,0.66,0.16,0
scen_000046,inc_scen_000046_01,ecom_aux_23,user_service_23,cpu_saturation,0.53,0.6,0.43,0.15,0.5,0.85,0.44,0
scen_000046,inc_scen_000046_01,ecom_aux_24,user_service_24,network_latency,0.19,0.51,0.15,0.24,0.34,0.77,0.41,0
scen_000046,inc_scen_000046_01,ecom_aux_25,user_service_25,slow_query,0.43,0.31,0.38,0.13,0.7,0.21,0.14,0
scen_000046,inc_scen_000046_01,ecom_aux_26,user_service_26,slow_query,0.72,0.53,0.36,0.28,0.41,0.43,0.3,0
scen_000046,inc_scen_000046_01,ecom_aux_27,user_service_27,slow_query,0.35,0.33,0.19,0.17,0.4,0.13,0.45,0
scen_000046,inc_scen_000046_01,ecom_aux_28,user_service_28,network_latency,0.43,0.82,0.56,0.31,0.37,0.45,0.3,0
scen_000047,inc_scen_000047_01,gw_01,api_gateway,cpu_saturation,0.66,0.12,0.26,0.29,0.33,0.77,0.33,0
scen_000047,inc_scen_000047_01,rec_01,recommendation_service,cpu_saturation,0.4,0.71,0.44,0.29,0.3,0.6,0.32,0
scen_000047,inc_scen_000047_01,es_01,elasticsearch,network_latency,0.71,0.42,0.22,0.68,0.38,0.15,0.41,0
scen_000047,inc_scen_000047_01,redis_01,redis,cpu_saturation,0.23,0.67,0.11,0.36,0.22,0.61,0.26,0
scen_000047,inc_scen_000047_01,mongo_01,mongodb,cpu_saturation,0.83,0.64,0.29,0.1,0.1,0.62,0.06,0
scen_000047,inc_scen_000047_01,search_node_1,search_aux_1,cpu_saturation,0.47,0.69,0.18,0.36,0.57,0.76,0.45,0
scen_000047,inc_scen_000047_01,search_node_2,search_aux_2,network_latency,0.32,0.87,0.4,0.15,0.5,0.79,0.11,0
scen_000047,inc_scen_000047_01,search_node_3,search_aux_3,network_latency,0.82,0.83,0.4,0.6,0.32,0.74,0.34,0
scen_000047,inc_scen_000047_01,search_node_4,search_aux_4,cpu_saturation,0.52,0.55,0.39,0.2,0.7,0.85,0.19,0
scen_000047,inc_scen_000047_01,search_node_5,search_aux_5,database_connection_exhaustion,0.87,0.81,0.83,0.78,0.68,0.76,0.95,1
scen_000047,inc_scen_000047_01,search_node_6,search_aux_6,network_latency,0.53,0.48,0.53,0.16,0.15,0.36,0.44,0
scen_000047,inc_scen_000047_01,search_node_7,search_aux_7,slow_query,0.13,0.27,0.43,0.29,0.06,0.13,0.33,0
scen_000047,inc_scen_000047_01,search_node_8,search_aux_8,cpu_saturation,0.84,0.64,0.11,0.44,0.15,0.68,0.22,0
scen_000049,inc_scen_000049_01,gw_01,api_gateway,network_latency,0.58,0.39,0.15,0.25,0.16,0.15,0.16,0
scen_000049,inc_scen_000049_01,auth_01,auth_service,cpu_saturation,0.81,0.81,0.51,0.61,0.3,0.81,0.29,0
scen_000049,inc_scen_000049_01,order_01,order_service,cpu_saturation,0.21,0.61,0.37,0.38,0.23,0.69,0.32,0
scen_000049,inc_scen_000049_01,pay_01,payment_service,cpu_saturation,0.34,0.45,0.18,0.61,0.67,0.33,0.23,0
scen_000049,inc_scen_000049_01,inv_01,inventory_service,cpu_saturation,0.55,0.4,0.2,0.52,0.65,0.75,0.24,0
scen_000049,inc_scen_000049_01,db_master,postgresql,slow_query,0.67,0.68,0.53,0.44,0.68,0.48,0.4,0
scen_000049,inc_scen_000049_01,cache_01,redis,network_latency,0.67,0.26,0.41,0.77,0.46,0.64,0.39,0
scen_000049,inc_scen_000049_01,mq_01,kafka,cpu_saturation,0.27,0.41,0.28,0.4,0.39,0.3,0.39,0
scen_000049,inc_scen_000049_01,ecom_aux_1,user_service_1,network_latency,0.11,0.15,0.28,0.67,0.36,0.44,0.46,0
scen_000049,inc_scen_000049_01,ecom_aux_2,user_service_2,slow_query,0.17,0.74,0.35,0.5,0.11,0.81,0.23,0
scen_000049,inc_scen_000049_01,ecom_aux_3,user_service_3,network_latency,0.16,0.27,0.35,0.34,0.53,0.64,0.23,0
scen_000049,inc_scen_000049_01,ecom_aux_4,user_service_4,cpu_saturation,0.64,0.6,0.41,0.79,0.17,0.38,0.47,0
scen_000049,inc_scen_000049_01,ecom_aux_5,user_service_5,network_latency,0.65,0.19,0.17,0.31,0.13,0.6,0.38,0
scen_000049,inc_scen_000049_01,ecom_aux_6,user_service_6,network_latency,0.57,0.38,0.52,0.68,0.38,0.56,0.25,0
scen_000049,inc_scen_000049_01,ecom_aux_7,user_service_7,network_latency,0.58,0.35,0.28,0.75,0.54,0.2,0.34,0
scen_000049,inc_scen_000049_01,ecom_aux_8,user_service_8,network_latency,0.12,0.87,0.22,0.7,0.4,0.18,0.38,0
scen_000049,inc_scen_000049_01,ecom_aux_9,user_service_9,network_latency,0.3,0.37,0.58,0.55,0.4,0.66,0.42,0
scen_000049,inc_scen_000049_01,ecom_aux_10,user_service_10,network_latency,0.64,0.58,0.51,0.29,0.27,0.43,0.15,0
scen_000049,inc_scen_000049_01,ecom_aux_11,user_service_11,cpu_saturation,0.49,0.27,0.28,0.42,0.57,0.46,0.37,0
scen_000049,inc_scen_000049_01,ecom_aux_12,user_service_12,network_latency,0.82,0.53,0.45,0.58,0.69,0.8,0.26,0
scen_000049,inc_scen_000049_01,ecom_aux_13,user_service_13,network_latency,0.63,0.88,0.19,0.15,0.52,0.15,0.31,0
scen_000049,inc_scen_000049_01,ecom_aux_14,user_service_14,slow_query,0.58,0.9,0.35,0.38,0.18,0.38,0.28,0
scen_000049,inc_scen_000049_01,ecom_aux_15,user_service_15,cpu_saturation,0.52,0.86,0.17,0.1,0.6,0.21,0.28,0
scen_000049,inc_scen_000049_01,ecom_aux_16,user_service_16,slow_query,0.15,0.66,0.38,0.64,0.09,0.46,0.21,0
scen_000049,inc_scen_000049_01,ecom_aux_17,user_service_17,traffic_spike,0.91,0.74,0.83,0.9,0.72,0.96,0.88,1
scen_000049,inc_scen_000049_01,ecom_aux_18,user_service_18,slow_query,0.18,0.13,0.36,0.43,0.28,0.67,0.41,0
scen_000049,inc_scen_000049_01,ecom_aux_19,user_service_19,cpu_saturation,0.26,0.43,0.36,0.66,0.27,0.42,0.18,0
scen_000049,inc_scen_000049_01,ecom_aux_20,user_service_20,slow_query,0.3,0.69,0.48,0.56,0.28,0.53,0.1,0
scen_000049,inc_scen_000049_01,ecom_aux_21,user_service_21,network_latency,0.15,0.49,0.24,0.15,0.25,0.4,0.2,0
scen_000049,inc_scen_000049_01,ecom_aux_22,user_service_22,network_latency,0.53,0.54,0.48,0.19,0.08,0.54,0.35,0
scen_000049,inc_scen_000049_01,ecom_aux_23,user_service_23,slow_query,0.16,0.23,0.25,0.5,0.24,0.52,0.24,0
scen_000049,inc_scen_000049_01,ecom_aux_24,user_service_24,slow_query,0.53,0.81,0.22,0.79,0.24,0.56,0.22,0
scen_000049,inc_scen_000049_01,ecom_aux_25,user_service_25,network_latency,0.57,0.5,0.58,0.39,0.14,0.23,0.41,0
scen_000049,inc_scen_000049_01,ecom_aux_26,user_service_26,cpu_saturation,0.4,0.11,0.34,0.64,0.58,0.38,0.34,0
scen_000049,inc_scen_000049_01,ecom_aux_27,user_service_27,cpu_saturation,0.32,0.7,0.42,0.57,0.45,0.19,0.24,0
scen_000050,inc_scen_000050_01,ingest_01,ingestion_gateway,cpu_saturation,0.5,0.57,0.2,0.17,0.58,0.48,0.16,0
scen_000050,inc_scen_000050_01,kafka_broker,kafka,database_connection_exhaustion,0.97,0.91,0.94,0.91,0.94,0.86,0.92,1
scen_000050,inc_scen_000050_01,notif_01,notification_service,cpu_saturation,0.14,0.63,0.26,0.66,0.08,0.27,0.25,0
scen_000050,inc_scen_000050_01,user_01,user_service,slow_query,0.57,0.52,0.42,0.35,0.28,0.3,0.48,0
scen_000050,inc_scen_000050_01,db_event,mysql,slow_query,0.58,0.4,0.15,0.59,0.47,0.49,0.24,0
scen_000050,inc_scen_000050_01,consumer_1,kafka_consumer_1,cpu_saturation,0.24,0.43,0.47,0.54,0.45,0.52,0.47,0
scen_000050,inc_scen_000050_01,consumer_2,kafka_consumer_2,slow_query,0.7,0.53,0.15,0.26,0.11,0.14,0.22,0
scen_000050,inc_scen_000050_01,consumer_3,kafka_consumer_3,cpu_saturation,0.33,0.43,0.31,0.79,0.61,0.6,0.13,0
scen_000051,inc_scen_000051_01,node_00,mesh_svc_0,slow_query,0.28,0.25,0.42,0.52,0.3,0.65,0.15,0
scen_000051,inc_scen_000051_01,node_01,mesh_svc_1,cpu_saturation,0.68,0.64,0.28,0.73,0.38,0.32,0.06,0
scen_000051,inc_scen_000051_01,node_02,mesh_svc_2,cpu_saturation,0.59,0.15,0.13,0.67,0.11,0.23,0.2,0
scen_000051,inc_scen_000051_01,node_03,mesh_svc_3,slow_query,0.72,0.46,0.58,0.73,0.38,0.1,0.31,0
scen_000051,inc_scen_000051_01,node_04,mesh_svc_4,cpu_saturation,0.7,0.47,0.13,0.51,0.41,0.52,0.08,0
scen_000051,inc_scen_000051_01,node_05,mesh_svc_5,cpu_saturation,0.59,0.87,0.29,0.41,0.12,0.69,0.44,0
scen_000051,inc_scen_000051_01,node_06,mesh_svc_6,cpu_saturation,0.52,0.14,0.25,0.51,0.19,0.64,0.36,0
scen_000051,inc_scen_000051_01,node_07,mesh_svc_7,cpu_saturation,0.77,0.33,0.22,0.63,0.68,0.58,0.34,0
scen_000051,inc_scen_000051_01,node_08,mesh_svc_8,network_latency,0.71,0.34,0.58,0.5,0.08,0.13,0.43,0
scen_000051,inc_scen_000051_01,node_09,mesh_svc_9,network_latency,0.52,0.39,0.11,0.75,0.46,0.18,0.44,0
scen_000051,inc_scen_000051_01,node_10,mesh_svc_10,cpu_saturation,0.55,0.51,0.53,0.76,0.58,0.36,0.49,0
scen_000051,inc_scen_000051_01,node_11,mesh_svc_11,network_latency,0.78,0.68,0.55,0.68,0.63,0.83,0.3,0
scen_000051,inc_scen_000051_01,node_12,mesh_svc_12,slow_query,0.77,0.69,0.59,0.25,0.25,0.85,0.12,0
scen_000051,inc_scen_000051_01,node_13,mesh_svc_13,network_latency,0.3,0.2,0.3,0.23,0.7,0.54,0.49,0
scen_000051,inc_scen_000051_01,node_14,mesh_svc_14,slow_query,0.32,0.48,0.25,0.69,0.55,0.77,0.46,0
scen_000051,inc_scen_000051_01,node_15,mesh_svc_15,cpu_saturation,0.85,0.58,0.17,0.18,0.26,0.56,0.39,0
scen_000051,inc_scen_000051_01,node_16,mesh_svc_16,cpu_saturation,0.41,0.82,0.15,0.13,0.05,0.4,0.45,0
scen_000051,inc_scen_000051_01,node_17,mesh_svc_17,network_latency,0.2,0.2,0.44,0.44,0.1,0.34,0.36,0
scen_000051,inc_scen_000051_01,node_18,mesh_svc_18,slow_query,0.27,0.44,0.46,0.77,0.63,0.56,0.27,0
scen_000051,inc_scen_000051_01,node_19,mesh_svc_19,slow_query,0.2,0.72,0.59,0.21,0.09,0.56,0.45,0
scen_000051,inc_scen_000051_01,node_20,mesh_svc_20,cpu_saturation,0.5,0.52,0.16,0.52,0.05,0.61,0.18,0
scen_000051,inc_scen_000051_01,node_21,mesh_svc_21,cpu_saturation,0.14,0.17,0.41,0.62,0.05,0.17,0.24,0
scen_000051,inc_scen_000051_01,node_22,mesh_svc_22,disk_exhaustion,0.91,0.77,0.86,0.9,0.77,0.88,0.86,1
scen_000051,inc_scen_000051_01,node_23,mesh_svc_23,slow_query,0.48,0.74,0.55,0.32,0.25,0.12,0.35,0
scen_000051,inc_scen_000051_01,node_24,mesh_svc_24,network_latency,0.57,0.69,0.15,0.78,0.54,0.1,0.07,0
scen_000051,inc_scen_000051_01,node_25,mesh_svc_25,cpu_saturation,0.75,0.49,0.57,0.72,0.12,0.46,0.34,0
scen_000051,inc_scen_000051_01,node_26,mesh_svc_26,cpu_saturation,0.47,0.34,0.39,0.71,0.18,0.5,0.49,0
scen_000051,inc_scen_000051_01,node_27,mesh_svc_27,network_latency,0.2,0.45,0.53,0.61,0.06,0.45,0.29,0
scen_000051,inc_scen_000051_01,node_28,mesh_svc_28,cpu_saturation,0.23,0.31,0.46,0.58,0.69,0.43,0.5,0
scen_000051,inc_scen_000051_01,node_29,mesh_svc_29,slow_query,0.19,0.13,0.29,0.39,0.56,0.19,0.36,0
scen_000051,inc_scen_000051_01,node_30,mesh_svc_30,cpu_saturation,0.63,0.56,0.5,0.63,0.54,0.7,0.09,0
scen_000051,inc_scen_000051_01,node_31,mesh_svc_31,slow_query,0.34,0.55,0.21,0.36,0.21,0.63,0.48,0
scen_000051,inc_scen_000051_01,node_32,mesh_svc_32,cpu_saturation,0.81,0.21,0.43,0.19,0.63,0.21,0.47,0
scen_000051,inc_scen_000051_01,node_33,mesh_svc_33,slow_query,0.65,0.44,0.14,0.12,0.17,0.65,0.42,0
scen_000051,inc_scen_000051_01,node_34,mesh_svc_34,cpu_saturation,0.21,0.81,0.32,0.42,0.27,0.83,0.33,0
scen_000051,inc_scen_000051_01,node_35,mesh_svc_35,network_latency,0.84,0.51,0.3,0.35,0.3,0.27,0.28,0
scen_000051,inc_scen_000051_01,node_36,mesh_svc_36,cpu_saturation,0.58,0.32,0.37,0.56,0.23,0.46,0.4,0
scen_000051,inc_scen_000051_01,node_37,mesh_svc_37,slow_query,0.28,0.32,0.19,0.69,0.52,0.5,0.34,0
scen_000051,inc_scen_000051_01,node_38,mesh_svc_38,slow_query,0.18,0.49,0.54,0.55,0.64,0.78,0.37,0
scen_000051,inc_scen_000051_01,node_39,mesh_svc_39,cpu_saturation,0.4,0.51,0.27,0.22,0.09,0.71,0.44,0
scen_000051,inc_scen_000051_01,node_40,mesh_svc_40,network_latency,0.16,0.23,0.44,0.62,0.45,0.79,0.06,0
scen_000051,inc_scen_000051_01,node_41,mesh_svc_41,cpu_saturation,0.59,0.15,0.53,0.64,0.69,0.78,0.2,0
scen_000052,inc_scen_000052_01,ingest_01,ingestion_gateway,kafka_broker_failure,0.86,0.91,0.87,0.79,0.75,0.85,0.89,1
scen_000052,inc_scen_000052_01,kafka_broker,kafka,slow_query,0.62,0.75,0.33,0.77,0.67,0.12,0.49,0
scen_000052,inc_scen_000052_01,notif_01,notification_service,cpu_saturation,0.22,0.71,0.12,0.48,0.43,0.81,0.14,0
scen_000052,inc_scen_000052_01,user_01,user_service,slow_query,0.63,0.26,0.25,0.14,0.43,0.53,0.13,0
scen_000052,inc_scen_000052_01,db_event,mysql,cpu_saturation,0.24,0.48,0.2,0.14,0.5,0.34,0.33,0
scen_000052,inc_scen_000052_01,consumer_1,kafka_consumer_1,cpu_saturation,0.38,0.36,0.56,0.19,0.24,0.7,0.1,0
scen_000052,inc_scen_000052_01,consumer_2,kafka_consumer_2,network_latency,0.18,0.3,0.41,0.43,0.35,0.68,0.34,0
scen_000052,inc_scen_000052_01,consumer_3,kafka_consumer_3,cpu_saturation,0.58,0.53,0.38,0.38,0.27,0.65,0.28,0
scen_000052,inc_scen_000052_01,consumer_4,kafka_consumer_4,network_latency,0.39,0.41,0.41,0.46,0.52,0.22,0.18,0
scen_000052,inc_scen_000052_01,consumer_5,kafka_consumer_5,network_latency,0.42,0.47,0.44,0.54,0.18,0.47,0.41,0
scen_000052,inc_scen_000052_01,consumer_6,kafka_consumer_6,slow_query,0.37,0.27,0.49,0.57,0.63,0.54,0.24,0
scen_000052,inc_scen_000052_01,consumer_7,kafka_consumer_7,slow_query,0.11,0.14,0.31,0.45,0.2,0.83,0.49,0
scen_000052,inc_scen_000052_01,consumer_8,kafka_consumer_8,cpu_saturation,0.6,0.25,0.12,0.67,0.23,0.28,0.35,0
scen_000052,inc_scen_000052_01,consumer_9,kafka_consumer_9,network_latency,0.48,0.14,0.58,0.67,0.54,0.84,0.15,0
scen_000052,inc_scen_000052_01,consumer_10,kafka_consumer_10,slow_query,0.49,0.41,0.32,0.44,0.22,0.71,0.32,0
scen_000052,inc_scen_000052_01,consumer_11,kafka_consumer_11,network_latency,0.77,0.54,0.13,0.75,0.28,0.81,0.49,0
scen_000052,inc_scen_000052_01,consumer_12,kafka_consumer_12,cpu_saturation,0.55,0.31,0.38,0.36,0.27,0.76,0.06,0
scen_000052,inc_scen_000052_01,consumer_13,kafka_consumer_13,cpu_saturation,0.32,0.33,0.58,0.35,0.63,0.72,0.46,0
scen_000052,inc_scen_000052_01,consumer_14,kafka_consumer_14,slow_query,0.65,0.22,0.33,0.42,0.52,0.62,0.36,0
scen_000052,inc_scen_000052_01,consumer_15,kafka_consumer_15,cpu_saturation,0.44,0.63,0.1,0.48,0.66,0.25,0.29,0
scen_000052,inc_scen_000052_01,consumer_16,kafka_consumer_16,slow_query,0.67,0.74,0.25,0.68,0.65,0.38,0.23,0
scen_000052,inc_scen_000052_01,consumer_17,kafka_consumer_17,network_latency,0.29,0.13,0.52,0.39,0.49,0.7,0.48,0
scen_000052,inc_scen_000052_01,consumer_18,kafka_consumer_18,network_latency,0.12,0.89,0.45,0.72,0.18,0.63,0.2,0
scen_000052,inc_scen_000052_01,consumer_19,kafka_consumer_19,slow_query,0.78,0.61,0.41,0.54,0.6,0.22,0.38,0
scen_000052,inc_scen_000052_01,consumer_20,kafka_consumer_20,slow_query,0.12,0.34,0.59,0.34,0.43,0.23,0.26,0
scen_000052,inc_scen_000052_01,consumer_21,kafka_consumer_21,cpu_saturation,0.3,0.73,0.27,0.51,0.25,0.29,0.44,0
scen_000052,inc_scen_000052_01,consumer_22,kafka_consumer_22,slow_query,0.45,0.41,0.36,0.68,0.52,0.39,0.14,0
scen_000052,inc_scen_000052_01,consumer_23,kafka_consumer_23,cpu_saturation,0.55,0.73,0.2,0.69,0.62,0.63,0.43,0
scen_000053,inc_scen_000053_01,gw_01,api_gateway,network_latency,0.73,0.52,0.4,0.39,0.22,0.31,0.29,0
scen_000053,inc_scen_000053_01,lb_01,load_balancer,slow_query,0.77,0.63,0.34,0.79,0.19,0.47,0.35,0
scen_000053,inc_scen_000053_01,auth_01,auth_service,cpu_saturation,0.49,0.7,0.12,0.26,0.13,0.61,0.46,0
scen_000053,inc_scen_000053_01,web_01,web_service,slow_query,0.28,0.32,0.47,0.14,0.43,0.32,0.44,0
scen_000053,inc_scen_000053_01,db_01,postgresql,network_latency,0.71,0.24,0.43,0.21,0.62,0.58,0.22,0
scen_000053,inc_scen_000053_01,sub_svc_2,sub_service_2,slow_query,0.25,0.36,0.51,0.2,0.33,0.26,0.35,0
scen_000053,inc_scen_000053_01,sub_svc_3,sub_service_3,network_latency,0.78,0.85,0.95,0.84,0.76,0.75,0.97,1
scen_000053,inc_scen_000053_01,sub_svc_4,sub_service_4,network_latency,0.22,0.51,0.32,0.38,0.45,0.26,0.07,0
scen_000053,inc_scen_000053_01,sub_svc_5,sub_service_5,slow_query,0.57,0.74,0.27,0.74,0.59,0.51,0.5,0
scen_000053,inc_scen_000053_01,sub_svc_6,sub_service_6,slow_query,0.37,0.15,0.36,0.6,0.35,0.35,0.16,0
scen_000053,inc_scen_000053_01,sub_svc_7,sub_service_7,network_latency,0.31,0.89,0.28,0.43,0.16,0.64,0.36,0
scen_000053,inc_scen_000053_01,sub_svc_8,sub_service_8,network_latency,0.75,0.26,0.28,0.56,0.48,0.8,0.43,0
scen_000053,inc_scen_000053_01,sub_svc_9,sub_service_9,cpu_saturation,0.71,0.23,0.35,0.65,0.29,0.59,0.26,0
scen_000053,inc_scen_000053_01,sub_svc_10,sub_service_10,slow_query,0.5,0.42,0.32,0.56,0.12,0.47,0.18,0
scen_000053,inc_scen_000053_01,sub_svc_11,sub_service_11,network_latency,0.82,0.63,0.11,0.32,0.69,0.59,0.38,0
scen_000054,inc_scen_000054_01,ingest_01,ingestion_gateway,slow_query,0.11,0.18,0.41,0.63,0.53,0.76,0.34,0
scen_000054,inc_scen_000054_01,kafka_broker,kafka,slow_query,0.57,0.64,0.45,0.6,0.42,0.25,0.09,0
scen_000054,inc_scen_000054_01,notif_01,notification_service,slow_query,0.28,0.84,0.31,0.75,0.35,0.75,0.06,0
scen_000054,inc_scen_000054_01,user_01,user_service,network_latency,0.16,0.33,0.43,0.16,0.7,0.33,0.16,0
scen_000054,inc_scen_000054_01,db_event,mysql,network_latency,0.37,0.66,0.19,0.17,0.25,0.43,0.43,0
scen_000054,inc_scen_000054_01,consumer_1,kafka_consumer_1,network_latency,0.67,0.13,0.42,0.67,0.58,0.17,0.47,0
scen_000054,inc_scen_000054_01,consumer_2,kafka_consumer_2,cpu_saturation,0.57,0.79,0.26,0.71,0.45,0.16,0.22,0
scen_000054,inc_scen_000054_01,consumer_3,kafka_consumer_3,cpu_saturation,0.49,0.13,0.54,0.55,0.14,0.49,0.49,0
scen_000054,inc_scen_000054_01,consumer_4,kafka_consumer_4,network_latency,0.22,0.7,0.41,0.57,0.59,0.29,0.06,0
scen_000054,inc_scen_000054_01,consumer_5,kafka_consumer_5,cpu_saturation,0.24,0.21,0.24,0.28,0.22,0.46,0.18,0
scen_000054,inc_scen_000054_01,consumer_6,kafka_consumer_6,network_latency,0.7,0.16,0.38,0.35,0.35,0.71,0.47,0
scen_000054,inc_scen_000054_01,consumer_7,kafka_consumer_7,network_latency,0.51,0.42,0.39,0.35,0.07,0.35,0.46,0
scen_000054,inc_scen_000054_01,consumer_8,kafka_consumer_8,cpu_saturation,0.49,0.19,0.3,0.29,0.06,0.63,0.26,0
scen_000054,inc_scen_000054_01,consumer_9,kafka_consumer_9,cpu_saturation,0.67,0.88,0.42,0.41,0.6,0.25,0.4,0
scen_000054,inc_scen_000054_01,consumer_10,kafka_consumer_10,cpu_saturation,0.81,0.16,0.53,0.18,0.57,0.49,0.2,0
scen_000054,inc_scen_000054_01,consumer_11,kafka_consumer_11,cpu_saturation,0.71,0.84,0.49,0.8,0.07,0.43,0.28,0
scen_000054,inc_scen_000054_01,consumer_12,kafka_consumer_12,cpu_saturation,0.32,0.33,0.32,0.25,0.51,0.36,0.1,0
scen_000054,inc_scen_000054_01,consumer_13,kafka_consumer_13,network_latency,0.35,0.61,0.36,0.11,0.52,0.16,0.07,0
scen_000054,inc_scen_000054_01,consumer_14,kafka_consumer_14,cpu_saturation,0.51,0.35,0.53,0.63,0.37,0.32,0.21,0
scen_000054,inc_scen_000054_01,consumer_15,kafka_consumer_15,cpu_saturation,0.41,0.13,0.15,0.66,0.56,0.74,0.46,0
scen_000054,inc_scen_000054_01,consumer_16,kafka_consumer_16,network_latency,0.38,0.52,0.17,0.65,0.37,0.51,0.44,0
scen_000054,inc_scen_000054_01,consumer_17,kafka_consumer_17,slow_query,0.71,0.81,0.33,0.23,0.21,0.37,0.43,0
scen_000054,inc_scen_000054_01,consumer_18,kafka_consumer_18,network_latency,0.64,0.52,0.58,0.24,0.07,0.72,0.43,0
scen_000054,inc_scen_000054_01,consumer_19,kafka_consumer_19,network_latency,0.65,0.62,0.48,0.39,0.07,0.71,0.27,0
scen_000054,inc_scen_000054_01,consumer_20,kafka_consumer_20,cpu_saturation,0.79,0.55,0.39,0.28,0.46,0.52,0.3,0
scen_000054,inc_scen_000054_01,consumer_21,kafka_consumer_21,cpu_saturation,0.6,0.82,0.4,0.51,0.3,0.61,0.32,0
scen_000054,inc_scen_000054_01,consumer_22,kafka_consumer_22,slow_query,0.15,0.36,0.53,0.6,0.46,0.5,0.23,0
scen_000054,inc_scen_000054_01,consumer_23,kafka_consumer_23,cpu_saturation,0.14,0.15,0.41,0.49,0.21,0.64,0.27,0
scen_000054,inc_scen_000054_01,consumer_24,kafka_consumer_24,network_latency,0.34,0.53,0.55,0.18,0.58,0.24,0.15,0
scen_000054,inc_scen_000054_01,consumer_25,kafka_consumer_25,slow_query,0.6,0.11,0.6,0.41,0.26,0.61,0.12,0
scen_000054,inc_scen_000054_01,consumer_26,kafka_consumer_26,slow_query,0.54,0.15,0.43,0.3,0.66,0.41,0.17,0
scen_000054,inc_scen_000054_01,consumer_27,kafka_consumer_27,cpu_saturation,0.66,0.4,0.14,0.13,0.18,0.82,0.24,0
scen_000054,inc_scen_000054_01,consumer_28,kafka_consumer_28,slow_query,0.69,0.59,0.27,0.62,0.36,0.82,0.39,0
scen_000054,inc_scen_000054_01,consumer_29,kafka_consumer_29,cpu_saturation,0.63,0.6,0.23,0.53,0.59,0.18,0.15,0
scen_000054,inc_scen_000054_01,consumer_30,kafka_consumer_30,slow_query,0.32,0.55,0.42,0.48,0.45,0.11,0.25,0
scen_000054,inc_scen_000054_01,consumer_31,kafka_consumer_31,dns_failure,0.86,0.94,0.87,0.87,0.88,0.87,0.89,1
scen_000054,inc_scen_000054_01,consumer_32,kafka_consumer_32,network_latency,0.47,0.4,0.53,0.78,0.55,0.6,0.42,0
scen_000054,inc_scen_000054_01,consumer_33,kafka_consumer_33,cpu_saturation,0.37,0.35,0.53,0.76,0.28,0.79,0.49,0
scen_000054,inc_scen_000054_01,consumer_34,kafka_consumer_34,cpu_saturation,0.37,0.14,0.52,0.33,0.38,0.36,0.37,0
scen_000054,inc_scen_000054_01,consumer_35,kafka_consumer_35,cpu_saturation,0.33,0.39,0.2,0.28,0.32,0.71,0.44,0
scen_000054,inc_scen_000054_01,consumer_36,kafka_consumer_36,cpu_saturation,0.55,0.5,0.47,0.47,0.68,0.21,0.08,0
scen_000054,inc_scen_000054_01,consumer_37,kafka_consumer_37,cpu_saturation,0.55,0.1,0.54,0.16,0.7,0.62,0.06,0
scen_000054,inc_scen_000054_01,consumer_38,kafka_consumer_38,slow_query,0.79,0.56,0.46,0.22,0.54,0.44,0.21,0
scen_000054,inc_scen_000054_01,consumer_39,kafka_consumer_39,network_latency,0.71,0.48,0.33,0.63,0.68,0.1,0.3,0
scen_000054,inc_scen_000054_01,consumer_40,kafka_consumer_40,cpu_saturation,0.38,0.31,0.37,0.29,0.54,0.3,0.47,0
scen_000054,inc_scen_000054_01,consumer_41,kafka_consumer_41,slow_query,0.17,0.49,0.22,0.12,0.44,0.24,0.13,0
scen_000054,inc_scen_000054_01,consumer_42,kafka_consumer_42,slow_query,0.32,0.88,0.57,0.13,0.65,0.49,0.41,0
scen_000057,inc_scen_000057_01,gw_01,api_gateway,slow_query,0.83,0.33,0.57,0.73,0.37,0.13,0.34,0
scen_000057,inc_scen_000057_01,auth_01,auth_service,slow_query,0.2,0.82,0.54,0.55,0.54,0.24,0.26,0
scen_000057,inc_scen_000057_01,order_01,order_service,network_latency,0.37,0.31,0.59,0.2,0.59,0.21,0.18,0
scen_000057,inc_scen_000057_01,pay_01,payment_service,slow_query,0.4,0.69,0.18,0.43,0.47,0.15,0.44,0
scen_000057,inc_scen_000057_01,inv_01,inventory_service,cpu_saturation,0.63,0.6,0.31,0.37,0.56,0.71,0.44,0
scen_000057,inc_scen_000057_01,db_master,postgresql,network_latency,0.57,0.36,0.26,0.45,0.35,0.45,0.38,0
scen_000057,inc_scen_000057_01,cache_01,redis,cpu_saturation,0.19,0.19,0.4,0.67,0.25,0.51,0.43,0
scen_000057,inc_scen_000057_01,mq_01,kafka,slow_query,0.72,0.64,0.37,0.18,0.52,0.79,0.07,0
scen_000057,inc_scen_000057_01,ecom_aux_1,user_service_1,network_latency,0.12,0.24,0.29,0.76,0.29,0.37,0.32,0
scen_000057,inc_scen_000057_01,ecom_aux_2,user_service_2,slow_query,0.35,0.61,0.34,0.39,0.54,0.69,0.25,0
scen_000057,inc_scen_000057_01,ecom_aux_3,user_service_3,slow_query,0.5,0.32,0.33,0.26,0.27,0.59,0.08,0
scen_000057,inc_scen_000057_01,ecom_aux_4,user_service_4,slow_query,0.74,0.71,0.17,0.61,0.55,0.24,0.31,0
scen_000057,inc_scen_000057_01,ecom_aux_5,user_service_5,cpu_saturation,0.12,0.7,0.3,0.8,0.45,0.36,0.31,0
scen_000057,inc_scen_000057_01,ecom_aux_6,user_service_6,network_latency,0.47,0.7,0.38,0.72,0.68,0.53,0.38,0
scen_000057,inc_scen_000057_01,ecom_aux_7,user_service_7,network_latency,0.48,0.24,0.18,0.12,0.6,0.19,0.29,0
scen_000057,inc_scen_000057_01,ecom_aux_8,user_service_8,network_latency,0.22,0.37,0.49,0.23,0.16,0.51,0.29,0
scen_000057,inc_scen_000057_01,ecom_aux_9,user_service_9,network_latency,0.47,0.46,0.31,0.74,0.09,0.22,0.34,0
scen_000057,inc_scen_000057_01,ecom_aux_10,user_service_10,network_latency,0.3,0.26,0.4,0.3,0.65,0.72,0.17,0
scen_000057,inc_scen_000057_01,ecom_aux_11,user_service_11,database_connection_exhaustion,0.84,0.71,0.95,0.74,0.95,0.79,0.86,1
scen_000057,inc_scen_000057_01,ecom_aux_12,user_service_12,network_latency,0.6,0.85,0.48,0.26,0.06,0.51,0.47,0
scen_000057,inc_scen_000057_01,ecom_aux_13,user_service_13,slow_query,0.55,0.17,0.58,0.3,0.41,0.7,0.3,0
scen_000057,inc_scen_000057_01,ecom_aux_14,user_service_14,network_latency,0.28,0.15,0.48,0.72,0.4,0.12,0.25,0
scen_000057,inc_scen_000057_01,ecom_aux_15,user_service_15,network_latency,0.6,0.82,0.27,0.72,0.7,0.27,0.29,0
scen_000057,inc_scen_000057_01,ecom_aux_16,user_service_16,cpu_saturation,0.59,0.86,0.39,0.38,0.27,0.69,0.08,0
scen_000057,inc_scen_000057_01,ecom_aux_17,user_service_17,network_latency,0.39,0.14,0.6,0.68,0.18,0.14,0.24,0
scen_000057,inc_scen_000057_01,ecom_aux_18,user_service_18,cpu_saturation,0.59,0.5,0.12,0.52,0.22,0.66,0.15,0
scen_000057,inc_scen_000057_01,ecom_aux_19,user_service_19,slow_query,0.57,0.78,0.14,0.53,0.31,0.48,0.33,0
scen_000057,inc_scen_000057_01,ecom_aux_20,user_service_20,cpu_saturation,0.28,0.14,0.6,0.17,0.39,0.49,0.28,0
scen_000057,inc_scen_000057_01,ecom_aux_21,user_service_21,cpu_saturation,0.74,0.65,0.22,0.71,0.37,0.57,0.14,0
scen_000057,inc_scen_000057_01,ecom_aux_22,user_service_22,network_latency,0.82,0.52,0.2,0.63,0.17,0.68,0.35,0
scen_000057,inc_scen_000057_01,ecom_aux_23,user_service_23,network_latency,0.73,0.76,0.36,0.48,0.11,0.18,0.36,0
scen_000057,inc_scen_000057_01,ecom_aux_24,user_service_24,cpu_saturation,0.43,0.72,0.18,0.35,0.13,0.42,0.24,0
scen_000057,inc_scen_000057_01,ecom_aux_25,user_service_25,cpu_saturation,0.47,0.36,0.52,0.6,0.3,0.29,0.35,0
scen_000057,inc_scen_000057_01,ecom_aux_26,user_service_26,cpu_saturation,0.45,0.22,0.4,0.63,0.43,0.32,0.5,0
scen_000057,inc_scen_000057_01,ecom_aux_27,user_service_27,network_latency,0.8,0.16,0.21,0.4,0.12,0.17,0.48,0
scen_000057,inc_scen_000057_01,ecom_aux_28,user_service_28,slow_query,0.69,0.68,0.25,0.33,0.35,0.24,0.42,0
scen_000057,inc_scen_000057_01,ecom_aux_29,user_service_29,slow_query,0.17,0.48,0.43,0.75,0.09,0.26,0.44,0
scen_000058,inc_scen_000058_01,gw_01,api_gateway,cpu_saturation,0.82,0.13,0.15,0.27,0.69,0.68,0.26,0
scen_000058,inc_scen_000058_01,lb_01,load_balancer,slow_query,0.72,0.61,0.36,0.29,0.15,0.82,0.29,0
scen_000058,inc_scen_000058_01,auth_01,auth_service,network_latency,0.28,0.59,0.54,0.53,0.43,0.3,0.45,0
scen_000058,inc_scen_000058_01,web_01,web_service,cpu_saturation,0.81,0.36,0.15,0.52,0.28,0.73,0.1,0
scen_000058,inc_scen_000058_01,db_01,postgresql,network_latency,0.31,0.23,0.59,0.48,0.07,0.26,0.47,0
scen_000058,inc_scen_000058_01,sub_svc_2,sub_service_2,cpu_saturation,0.41,0.15,0.48,0.23,0.59,0.34,0.17,0
scen_000058,inc_scen_000058_01,sub_svc_3,sub_service_3,network_latency,0.26,0.38,0.18,0.7,0.18,0.16,0.18,0
scen_000058,inc_scen_000058_01,sub_svc_4,sub_service_4,slow_query,0.6,0.29,0.48,0.29,0.65,0.26,0.46,0
scen_000058,inc_scen_000058_01,sub_svc_5,sub_service_5,network_latency,0.77,0.12,0.3,0.28,0.24,0.46,0.15,0
scen_000058,inc_scen_000058_01,sub_svc_6,sub_service_6,slow_query,0.48,0.73,0.44,0.23,0.69,0.79,0.08,0
scen_000058,inc_scen_000058_01,sub_svc_7,sub_service_7,slow_query,0.82,0.85,0.32,0.68,0.18,0.46,0.29,0
scen_000058,inc_scen_000058_01,sub_svc_8,sub_service_8,slow_query,0.35,0.73,0.29,0.75,0.07,0.52,0.44,0
scen_000058,inc_scen_000058_01,sub_svc_9,sub_service_9,slow_query,0.42,0.38,0.45,0.56,0.07,0.33,0.47,0
scen_000058,inc_scen_000058_01,sub_svc_10,sub_service_10,slow_query,0.45,0.64,0.28,0.58,0.34,0.48,0.11,0
scen_000058,inc_scen_000058_01,sub_svc_11,sub_service_11,cpu_saturation,0.38,0.13,0.32,0.63,0.64,0.6,0.07,0
scen_000058,inc_scen_000058_01,sub_svc_12,sub_service_12,cpu_saturation,0.27,0.28,0.27,0.53,0.6,0.77,0.41,0
scen_000058,inc_scen_000058_01,sub_svc_13,sub_service_13,slow_query,0.82,0.52,0.16,0.53,0.28,0.27,0.14,0
scen_000058,inc_scen_000058_01,sub_svc_14,sub_service_14,network_latency,0.74,0.4,0.15,0.49,0.08,0.84,0.09,0
scen_000058,inc_scen_000058_01,sub_svc_15,sub_service_15,slow_query,0.35,0.44,0.3,0.31,0.16,0.55,0.24,0
scen_000058,inc_scen_000058_01,sub_svc_16,sub_service_16,cpu_saturation,0.65,0.22,0.51,0.33,0.5,0.7,0.13,0
scen_000058,inc_scen_000058_01,sub_svc_17,sub_service_17,cpu_saturation,0.36,0.79,0.25,0.41,0.4,0.62,0.32,0
scen_000058,inc_scen_000058_01,sub_svc_18,sub_service_18,network_latency,0.45,0.43,0.29,0.27,0.13,0.53,0.47,0
scen_000058,inc_scen_000058_01,sub_svc_19,sub_service_19,slow_query,0.18,0.33,0.52,0.46,0.37,0.37,0.18,0
scen_000058,inc_scen_000058_01,sub_svc_20,sub_service_20,slow_query,0.12,0.32,0.51,0.71,0.59,0.83,0.47,0
scen_000058,inc_scen_000058_01,sub_svc_21,sub_service_21,slow_query,0.36,0.15,0.21,0.66,0.31,0.55,0.19,0
scen_000058,inc_scen_000058_01,sub_svc_22,sub_service_22,network_latency,0.41,0.12,0.34,0.8,0.09,0.42,0.5,0
scen_000058,inc_scen_000058_01,sub_svc_23,sub_service_23,cpu_saturation,0.5,0.84,0.16,0.7,0.18,0.12,0.27,0
scen_000058,inc_scen_000058_01,sub_svc_24,sub_service_24,network_latency,0.56,0.46,0.12,0.7,0.15,0.53,0.17,0
scen_000058,inc_scen_000058_01,sub_svc_25,sub_service_25,cpu_saturation,0.59,0.29,0.15,0.13,0.44,0.65,0.29,0
scen_000058,inc_scen_000058_01,sub_svc_26,sub_service_26,slow_query,0.82,0.36,0.4,0.28,0.58,0.13,0.14,0
scen_000058,inc_scen_000058_01,sub_svc_27,sub_service_27,slow_query,0.39,0.23,0.33,0.74,0.46,0.39,0.47,0
scen_000058,inc_scen_000058_01,sub_svc_28,sub_service_28,memory_exhaustion,0.98,0.74,0.88,0.83,0.75,0.96,0.89,1
scen_000058,inc_scen_000058_01,sub_svc_29,sub_service_29,cpu_saturation,0.73,0.81,0.47,0.54,0.65,0.28,0.29,0
scen_000058,inc_scen_000058_01,sub_svc_30,sub_service_30,network_latency,0.52,0.6,0.5,0.7,0.44,0.46,0.33,0
scen_000058,inc_scen_000058_01,sub_svc_31,sub_service_31,network_latency,0.57,0.89,0.29,0.67,0.33,0.71,0.34,0
scen_000058,inc_scen_000058_01,sub_svc_32,sub_service_32,slow_query,0.29,0.14,0.34,0.33,0.16,0.4,0.15,0
scen_000058,inc_scen_000058_01,sub_svc_33,sub_service_33,network_latency,0.16,0.48,0.26,0.15,0.64,0.34,0.06,0
scen_000058,inc_scen_000058_01,sub_svc_34,sub_service_34,slow_query,0.22,0.24,0.18,0.41,0.6,0.33,0.37,0
scen_000058,inc_scen_000058_01,sub_svc_35,sub_service_35,slow_query,0.8,0.14,0.44,0.19,0.49,0.56,0.1,0
scen_000058,inc_scen_000058_01,sub_svc_36,sub_service_36,slow_query,0.47,0.72,0.46,0.11,0.49,0.76,0.38,0
scen_000058,inc_scen_000058_01,sub_svc_37,sub_service_37,cpu_saturation,0.49,0.58,0.46,0.32,0.24,0.55,0.38,0
scen_000058,inc_scen_000058_01,sub_svc_38,sub_service_38,cpu_saturation,0.29,0.6,0.56,0.46,0.63,0.61,0.14,0
scen_000060,inc_scen_000060_01,gw_01,api_gateway,network_latency,0.62,0.67,0.35,0.41,0.17,0.1,0.09,0
scen_000060,inc_scen_000060_01,rec_01,recommendation_service,slow_query,0.69,0.44,0.43,0.59,0.68,0.32,0.28,0
scen_000060,inc_scen_000060_01,es_01,elasticsearch,slow_query,0.49,0.18,0.3,0.54,0.18,0.36,0.12,0
scen_000060,inc_scen_000060_01,redis_01,redis,cpu_saturation,0.14,0.68,0.36,0.3,0.16,0.33,0.26,0
scen_000060,inc_scen_000060_01,mongo_01,mongodb,cpu_saturation,0.52,0.62,0.57,0.34,0.59,0.24,0.25,0
scen_000060,inc_scen_000060_01,search_node_1,search_aux_1,cpu_saturation,0.34,0.43,0.53,0.45,0.48,0.76,0.34,0
scen_000060,inc_scen_000060_01,search_node_2,search_aux_2,slow_query,0.21,0.15,0.23,0.15,0.47,0.29,0.28,0
scen_000060,inc_scen_000060_01,search_node_3,search_aux_3,cpu_saturation,0.81,0.21,0.58,0.33,0.08,0.75,0.35,0
scen_000060,inc_scen_000060_01,search_node_4,search_aux_4,cpu_saturation,0.27,0.13,0.45,0.32,0.15,0.31,0.17,0
scen_000060,inc_scen_000060_01,search_node_5,search_aux_5,slow_query,0.71,0.48,0.18,0.32,0.61,0.22,0.42,0
scen_000060,inc_scen_000060_01,search_node_6,search_aux_6,cpu_saturation,0.43,0.78,0.53,0.39,0.64,0.26,0.23,0
scen_000060,inc_scen_000060_01,search_node_7,search_aux_7,cpu_saturation,0.32,0.52,0.41,0.17,0.12,0.48,0.2,0
scen_000060,inc_scen_000060_01,search_node_8,search_aux_8,network_latency,0.34,0.65,0.34,0.23,0.35,0.46,0.46,0
scen_000060,inc_scen_000060_01,search_node_9,search_aux_9,cpu_saturation,0.15,0.42,0.4,0.56,0.12,0.57,0.39,0
scen_000060,inc_scen_000060_01,search_node_10,search_aux_10,slow_query,0.5,0.87,0.52,0.77,0.45,0.47,0.37,0
scen_000060,inc_scen_000060_01,search_node_11,search_aux_11,slow_query,0.75,0.15,0.12,0.62,0.48,0.69,0.41,0
scen_000060,inc_scen_000060_01,search_node_12,search_aux_12,network_latency,0.1,0.37,0.54,0.1,0.46,0.22,0.4,0
scen_000060,inc_scen_000060_01,search_node_13,search_aux_13,cpu_saturation,0.35,0.51,0.57,0.21,0.35,0.47,0.1,0
scen_000060,inc_scen_000060_01,search_node_14,search_aux_14,network_latency,0.46,0.83,0.3,0.19,0.65,0.55,0.34,0
scen_000060,inc_scen_000060_01,search_node_15,search_aux_15,network_latency,0.59,0.16,0.56,0.44,0.21,0.51,0.42,0
scen_000060,inc_scen_000060_01,search_node_16,search_aux_16,cpu_saturation,0.6,0.56,0.19,0.37,0.12,0.65,0.16,0
scen_000060,inc_scen_000060_01,search_node_17,search_aux_17,slow_query,0.7,0.22,0.58,0.73,0.25,0.64,0.43,0
scen_000060,inc_scen_000060_01,search_node_18,search_aux_18,slow_query,0.77,0.41,0.15,0.8,0.38,0.63,0.23,0
scen_000060,inc_scen_000060_01,search_node_19,search_aux_19,slow_query,0.17,0.71,0.21,0.39,0.61,0.62,0.42,0
scen_000060,inc_scen_000060_01,search_node_20,search_aux_20,cpu_saturation,0.11,0.7,0.27,0.62,0.44,0.49,0.39,0
scen_000060,inc_scen_000060_01,search_node_21,search_aux_21,network_latency,0.23,0.29,0.19,0.77,0.15,0.33,0.27,0
scen_000060,inc_scen_000060_01,search_node_22,search_aux_22,network_latency,0.55,0.26,0.11,0.14,0.67,0.57,0.32,0
scen_000060,inc_scen_000060_01,search_node_23,search_aux_23,network_latency,0.46,0.89,0.13,0.63,0.34,0.84,0.43,0
scen_000060,inc_scen_000060_01,search_node_24,search_aux_24,cpu_saturation,0.45,0.37,0.48,0.68,0.62,0.79,0.2,0
scen_000060,inc_scen_000060_01,search_node_25,search_aux_25,network_latency,0.69,0.77,0.17,0.68,0.1,0.59,0.38,0
scen_000060,inc_scen_000060_01,search_node_26,search_aux_26,slow_query,0.71,0.6,0.3,0.49,0.27,0.59,0.16,0
scen_000060,inc_scen_000060_01,search_node_27,search_aux_27,network_latency,0.56,0.79,0.38,0.6,0.67,0.66,0.36,0
scen_000060,inc_scen_000060_01,search_node_28,search_aux_28,cpu_saturation,0.81,0.83,0.93,0.81,0.71,0.8,0.98,1
scen_000060,inc_scen_000060_01,search_node_29,search_aux_29,slow_query,0.66,0.6,0.11,0.13,0.3,0.73,0.44,0
scen_000060,inc_scen_000060_01,search_node_30,search_aux_30,network_latency,0.53,0.11,0.23,0.25,0.15,0.22,0.3,0
scen_000060,inc_scen_000060_01,search_node_31,search_aux_31,network_latency,0.57,0.45,0.54,0.22,0.11,0.28,0.05,0
scen_000060,inc_scen_000060_02,gw_01,api_gateway,slow_query,0.58,0.72,0.48,0.36,0.42,0.2,0.39,0
scen_000060,inc_scen_000060_02,rec_01,recommendation_service,network_latency,0.25,0.71,0.27,0.26,0.23,0.39,0.35,0
scen_000060,inc_scen_000060_02,es_01,elasticsearch,slow_query,0.37,0.9,0.36,0.2,0.17,0.69,0.21,0
scen_000060,inc_scen_000060_02,redis_01,redis,cpu_saturation,0.32,0.9,0.28,0.25,0.66,0.57,0.44,0
scen_000060,inc_scen_000060_02,mongo_01,mongodb,cpu_saturation,0.74,0.66,0.37,0.53,0.59,0.23,0.39,0
scen_000060,inc_scen_000060_02,search_node_1,search_aux_1,cpu_saturation,0.73,0.12,0.46,0.71,0.28,0.37,0.45,0
scen_000060,inc_scen_000060_02,search_node_2,search_aux_2,cpu_saturation,0.61,0.66,0.3,0.67,0.17,0.4,0.16,0
scen_000060,inc_scen_000060_02,search_node_3,search_aux_3,cpu_saturation,0.24,0.22,0.26,0.26,0.23,0.16,0.34,0
scen_000060,inc_scen_000060_02,search_node_4,search_aux_4,cpu_saturation,0.49,0.16,0.49,0.72,0.36,0.64,0.48,0
scen_000060,inc_scen_000060_02,search_node_5,search_aux_5,slow_query,0.33,0.71,0.57,0.8,0.55,0.77,0.28,0
scen_000060,inc_scen_000060_02,search_node_6,search_aux_6,network_latency,0.85,0.51,0.11,0.59,0.39,0.28,0.4,0
scen_000060,inc_scen_000060_02,search_node_7,search_aux_7,cpu_saturation,0.19,0.8,0.32,0.22,0.09,0.37,0.08,0
scen_000060,inc_scen_000060_02,search_node_8,search_aux_8,network_latency,0.31,0.13,0.41,0.47,0.53,0.31,0.39,0
scen_000060,inc_scen_000060_02,search_node_9,search_aux_9,slow_query,0.2,0.31,0.1,0.55,0.66,0.68,0.42,0
scen_000060,inc_scen_000060_02,search_node_10,search_aux_10,slow_query,0.66,0.87,0.48,0.74,0.35,0.56,0.38,0
scen_000060,inc_scen_000060_02,search_node_11,search_aux_11,cpu_saturation,0.3,0.64,0.21,0.55,0.35,0.54,0.37,0
scen_000060,inc_scen_000060_02,search_node_12,search_aux_12,network_latency,0.51,0.38,0.19,0.3,0.12,0.32,0.24,0
scen_000060,inc_scen_000060_02,search_node_13,search_aux_13,cpu_saturation,0.29,0.79,0.18,0.16,0.51,0.64,0.42,0
scen_000060,inc_scen_000060_02,search_node_14,search_aux_14,network_latency,0.65,0.87,0.48,0.11,0.66,0.55,0.08,0
scen_000060,inc_scen_000060_02,search_node_15,search_aux_15,network_latency,0.79,0.42,0.32,0.48,0.6,0.79,0.3,0
scen_000060,inc_scen_000060_02,search_node_16,search_aux_16,slow_query,0.24,0.22,0.51,0.46,0.26,0.73,0.28,0
scen_000060,inc_scen_000060_02,search_node_17,search_aux_17,network_latency,0.19,0.55,0.15,0.35,0.55,0.29,0.43,0
scen_000060,inc_scen_000060_02,search_node_18,search_aux_18,network_latency,0.6,0.24,0.34,0.3,0.68,0.3,0.46,0
scen_000060,inc_scen_000060_02,search_node_19,search_aux_19,network_latency,0.69,0.88,0.22,0.66,0.24,0.69,0.46,0
scen_000060,inc_scen_000060_02,search_node_20,search_aux_20,slow_query,0.78,0.48,0.29,0.7,0.26,0.64,0.1,0
scen_000060,inc_scen_000060_02,search_node_21,search_aux_21,slow_query,0.39,0.18,0.18,0.54,0.25,0.67,0.17,0
scen_000060,inc_scen_000060_02,search_node_22,search_aux_22,slow_query,0.56,0.81,0.56,0.12,0.37,0.25,0.2,0
scen_000060,inc_scen_000060_02,search_node_23,search_aux_23,network_latency,0.61,0.64,0.29,0.3,0.19,0.43,0.38,0
scen_000060,inc_scen_000060_02,search_node_24,search_aux_24,cpu_saturation,0.23,0.36,0.12,0.59,0.38,0.38,0.09,0
scen_000060,inc_scen_000060_02,search_node_25,search_aux_25,network_latency,0.16,0.17,0.23,0.62,0.14,0.85,0.13,0
scen_000060,inc_scen_000060_02,search_node_26,search_aux_26,slow_query,0.44,0.82,0.22,0.59,0.24,0.4,0.15,0
scen_000060,inc_scen_000060_02,search_node_27,search_aux_27,database_connection_exhaustion,0.86,0.94,0.91,0.71,0.84,0.78,0.96,1
scen_000060,inc_scen_000060_02,search_node_28,search_aux_28,cpu_saturation,0.82,0.13,0.49,0.2,0.62,0.31,0.43,0
scen_000060,inc_scen_000060_02,search_node_29,search_aux_29,slow_query,0.42,0.76,0.37,0.21,0.06,0.12,0.48,0
scen_000060,inc_scen_000060_02,search_node_30,search_aux_30,slow_query,0.3,0.3,0.38,0.7,0.41,0.33,0.19,0
scen_000060,inc_scen_000060_02,search_node_31,search_aux_31,network_latency,0.43,0.21,0.32,0.63,0.42,0.62,0.19,0
scen_000061,inc_scen_000061_01,gw_01,api_gateway,cpu_saturation,0.78,0.18,0.36,0.11,0.39,0.58,0.16,0
scen_000061,inc_scen_000061_01,auth_01,auth_service,cpu_saturation,0.76,0.4,0.58,0.69,0.12,0.82,0.08,0
scen_000061,inc_scen_000061_01,order_01,order_service,slow_query,0.49,0.81,0.27,0.3,0.14,0.41,0.25,0
scen_000061,inc_scen_000061_01,pay_01,payment_service,cpu_saturation,0.54,0.76,0.26,0.4,0.65,0.53,0.07,0
scen_000061,inc_scen_000061_01,inv_01,inventory_service,cpu_saturation,0.71,0.37,0.44,0.73,0.49,0.73,0.29,0
scen_000061,inc_scen_000061_01,db_master,postgresql,network_latency,0.18,0.16,0.39,0.56,0.13,0.69,0.22,0
scen_000061,inc_scen_000061_01,cache_01,redis,slow_query,0.66,0.35,0.5,0.47,0.18,0.79,0.47,0
scen_000061,inc_scen_000061_01,mq_01,kafka,cpu_saturation,0.74,0.57,0.39,0.27,0.16,0.42,0.41,0
scen_000061,inc_scen_000061_01,ecom_aux_1,user_service_1,network_latency,0.41,0.49,0.29,0.23,0.23,0.44,0.12,0
scen_000061,inc_scen_000061_01,ecom_aux_2,user_service_2,cpu_saturation,0.14,0.74,0.55,0.77,0.14,0.5,0.23,0
scen_000061,inc_scen_000061_01,ecom_aux_3,user_service_3,network_latency,0.6,0.63,0.15,0.17,0.56,0.39,0.47,0
scen_000061,inc_scen_000061_01,ecom_aux_4,user_service_4,cpu_saturation,0.75,0.74,0.85,0.78,0.69,0.89,0.88,1
scen_000061,inc_scen_000061_01,ecom_aux_5,user_service_5,cpu_saturation,0.31,0.63,0.18,0.56,0.39,0.22,0.08,0
scen_000061,inc_scen_000061_01,ecom_aux_6,user_service_6,slow_query,0.6,0.54,0.12,0.64,0.35,0.76,0.34,0
scen_000061,inc_scen_000061_01,ecom_aux_7,user_service_7,slow_query,0.22,0.65,0.42,0.58,0.4,0.15,0.19,0
scen_000061,inc_scen_000061_01,ecom_aux_8,user_service_8,network_latency,0.42,0.71,0.54,0.4,0.39,0.78,0.3,0
scen_000061,inc_scen_000061_01,ecom_aux_9,user_service_9,network_latency,0.35,0.35,0.22,0.2,0.21,0.21,0.48,0
scen_000061,inc_scen_000061_01,ecom_aux_10,user_service_10,slow_query,0.27,0.84,0.31,0.34,0.65,0.82,0.24,0
scen_000061,inc_scen_000061_01,ecom_aux_11,user_service_11,network_latency,0.17,0.47,0.35,0.72,0.16,0.64,0.5,0
scen_000061,inc_scen_000061_01,ecom_aux_12,user_service_12,network_latency,0.49,0.55,0.23,0.33,0.05,0.2,0.45,0
scen_000061,inc_scen_000061_01,ecom_aux_13,user_service_13,cpu_saturation,0.27,0.26,0.21,0.78,0.08,0.19,0.4,0
scen_000061,inc_scen_000061_01,ecom_aux_14,user_service_14,cpu_saturation,0.43,0.72,0.29,0.2,0.35,0.33,0.5,0
scen_000061,inc_scen_000061_01,ecom_aux_15,user_service_15,slow_query,0.3,0.2,0.21,0.29,0.38,0.19,0.36,0
scen_000061,inc_scen_000061_01,ecom_aux_16,user_service_16,network_latency,0.18,0.86,0.59,0.14,0.05,0.76,0.36,0
scen_000061,inc_scen_000061_01,ecom_aux_17,user_service_17,slow_query,0.78,0.49,0.41,0.31,0.14,0.34,0.13,0
scen_000061,inc_scen_000061_01,ecom_aux_18,user_service_18,slow_query,0.78,0.33,0.32,0.59,0.7,0.75,0.17,0
scen_000061,inc_scen_000061_01,ecom_aux_19,user_service_19,cpu_saturation,0.56,0.75,0.32,0.19,0.31,0.42,0.14,0
scen_000061,inc_scen_000061_01,ecom_aux_20,user_service_20,slow_query,0.8,0.49,0.31,0.19,0.25,0.69,0.31,0
scen_000061,inc_scen_000061_01,ecom_aux_21,user_service_21,cpu_saturation,0.38,0.34,0.5,0.42,0.31,0.25,0.07,0
scen_000061,inc_scen_000061_01,ecom_aux_22,user_service_22,slow_query,0.39,0.52,0.36,0.21,0.08,0.43,0.14,0
scen_000061,inc_scen_000061_01,ecom_aux_23,user_service_23,cpu_saturation,0.31,0.63,0.51,0.18,0.36,0.81,0.09,0
scen_000061,inc_scen_000061_01,ecom_aux_24,user_service_24,slow_query,0.77,0.16,0.16,0.19,0.24,0.61,0.3,0
scen_000061,inc_scen_000061_01,ecom_aux_25,user_service_25,slow_query,0.54,0.38,0.47,0.42,0.53,0.82,0.11,0
scen_000061,inc_scen_000061_01,ecom_aux_26,user_service_26,network_latency,0.51,0.78,0.37,0.15,0.37,0.44,0.05,0
scen_000061,inc_scen_000061_01,ecom_aux_27,user_service_27,cpu_saturation,0.33,0.87,0.31,0.28,0.36,0.22,0.44,0
scen_000061,inc_scen_000061_01,ecom_aux_28,user_service_28,network_latency,0.36,0.17,0.36,0.5,0.51,0.46,0.32,0
scen_000061,inc_scen_000061_01,ecom_aux_29,user_service_29,slow_query,0.49,0.35,0.35,0.76,0.26,0.63,0.48,0
scen_000061,inc_scen_000061_01,ecom_aux_30,user_service_30,slow_query,0.69,0.63,0.35,0.52,0.06,0.28,0.38,0
scen_000061,inc_scen_000061_01,ecom_aux_31,user_service_31,slow_query,0.5,0.74,0.56,0.33,0.5,0.6,0.07,0
scen_000061,inc_scen_000061_01,ecom_aux_32,user_service_32,slow_query,0.58,0.25,0.57,0.33,0.44,0.32,0.44,0
scen_000061,inc_scen_000061_01,ecom_aux_33,user_service_33,slow_query,0.37,0.11,0.45,0.6,0.36,0.81,0.26,0
scen_000061,inc_scen_000061_01,ecom_aux_34,user_service_34,cpu_saturation,0.49,0.52,0.46,0.41,0.43,0.45,0.47,0
scen_000061,inc_scen_000061_01,ecom_aux_35,user_service_35,network_latency,0.41,0.15,0.54,0.62,0.48,0.57,0.44,0
scen_000061,inc_scen_000061_01,ecom_aux_36,user_service_36,slow_query,0.29,0.58,0.14,0.23,0.68,0.66,0.26,0
scen_000062,inc_scen_000062_01,node_00,mesh_svc_0,slow_query,0.1,0.62,0.32,0.16,0.16,0.31,0.08,0
scen_000062,inc_scen_000062_01,node_01,mesh_svc_1,network_latency,0.47,0.86,0.28,0.26,0.53,0.36,0.26,0
scen_000062,inc_scen_000062_01,node_02,mesh_svc_2,cpu_saturation,0.48,0.84,0.42,0.5,0.55,0.64,0.44,0
scen_000062,inc_scen_000062_01,node_03,mesh_svc_3,network_latency,0.57,0.33,0.4,0.35,0.42,0.68,0.2,0
scen_000062,inc_scen_000062_01,node_04,mesh_svc_4,slow_query,0.52,0.16,0.48,0.78,0.57,0.6,0.49,0
scen_000062,inc_scen_000062_01,node_05,mesh_svc_5,slow_query,0.52,0.31,0.36,0.37,0.32,0.23,0.24,0
scen_000062,inc_scen_000062_01,node_06,mesh_svc_6,network_latency,0.4,0.31,0.21,0.44,0.63,0.1,0.49,0
scen_000062,inc_scen_000062_01,node_07,mesh_svc_7,slow_query,0.38,0.89,0.22,0.58,0.18,0.8,0.21,0
scen_000062,inc_scen_000062_01,node_08,mesh_svc_8,kafka_broker_failure,0.85,0.92,0.99,0.93,0.92,0.92,0.87,1
scen_000062,inc_scen_000062_01,node_09,mesh_svc_9,network_latency,0.63,0.86,0.41,0.28,0.08,0.29,0.05,0
scen_000062,inc_scen_000062_01,node_10,mesh_svc_10,cpu_saturation,0.67,0.84,0.23,0.69,0.45,0.1,0.34,0
scen_000062,inc_scen_000062_01,node_11,mesh_svc_11,network_latency,0.15,0.64,0.15,0.6,0.51,0.19,0.26,0
scen_000062,inc_scen_000062_01,node_12,mesh_svc_12,cpu_saturation,0.17,0.86,0.41,0.18,0.57,0.59,0.3,0
scen_000065,inc_scen_000065_01,ingest_01,ingestion_gateway,network_latency,0.31,0.44,0.19,0.3,0.13,0.61,0.2,0
scen_000065,inc_scen_000065_01,kafka_broker,kafka,cpu_saturation,0.69,0.77,0.18,0.32,0.44,0.84,0.3,0
scen_000065,inc_scen_000065_01,notif_01,notification_service,cpu_saturation,0.16,0.81,0.53,0.72,0.44,0.72,0.24,0
scen_000065,inc_scen_000065_01,user_01,user_service,slow_query,0.52,0.69,0.49,0.29,0.54,0.76,0.2,0
scen_000065,inc_scen_000065_01,db_event,mysql,cpu_saturation,0.81,0.27,0.58,0.4,0.18,0.21,0.25,0
scen_000065,inc_scen_000065_01,consumer_1,kafka_consumer_1,network_latency,0.18,0.57,0.2,0.58,0.11,0.15,0.17,0
scen_000065,inc_scen_000065_01,consumer_2,kafka_consumer_2,slow_query,0.37,0.62,0.29,0.8,0.36,0.38,0.39,0
scen_000065,inc_scen_000065_01,consumer_3,kafka_consumer_3,slow_query,0.16,0.61,0.34,0.62,0.69,0.35,0.43,0
scen_000065,inc_scen_000065_01,consumer_4,kafka_consumer_4,cpu_saturation,0.17,0.78,0.22,0.74,0.19,0.2,0.35,0
scen_000065,inc_scen_000065_01,consumer_5,kafka_consumer_5,cpu_saturation,0.48,0.49,0.12,0.78,0.61,0.63,0.06,0
scen_000065,inc_scen_000065_01,consumer_6,kafka_consumer_6,network_latency,0.58,0.64,0.21,0.26,0.65,0.11,0.35,0
scen_000065,inc_scen_000065_01,consumer_7,kafka_consumer_7,network_latency,0.67,0.69,0.58,0.25,0.69,0.17,0.49,0
scen_000065,inc_scen_000065_01,consumer_8,kafka_consumer_8,cpu_saturation,0.31,0.34,0.43,0.66,0.17,0.82,0.09,0
scen_000065,inc_scen_000065_01,consumer_9,kafka_consumer_9,network_latency,0.5,0.9,0.17,0.38,0.09,0.74,0.09,0
scen_000065,inc_scen_000065_01,consumer_10,kafka_consumer_10,network_latency,0.18,0.49,0.24,0.32,0.23,0.28,0.16,0
scen_000065,inc_scen_000065_01,consumer_11,kafka_consumer_11,slow_query,0.62,0.28,0.14,0.43,0.6,0.5,0.42,0
scen_000065,inc_scen_000065_01,consumer_12,kafka_consumer_12,network_latency,0.16,0.77,0.53,0.66,0.25,0.74,0.48,0
scen_000065,inc_scen_000065_01,consumer_13,kafka_consumer_13,network_latency,0.58,0.88,0.12,0.46,0.31,0.29,0.29,0
scen_000065,inc_scen_000065_01,consumer_14,kafka_consumer_14,dependency_timeout,0.92,0.76,0.9,0.85,0.92,0.96,0.98,1
scen_000065,inc_scen_000065_01,consumer_15,kafka_consumer_15,cpu_saturation,0.73,0.64,0.12,0.61,0.48,0.48,0.19,0
scen_000065,inc_scen_000065_01,consumer_16,kafka_consumer_16,cpu_saturation,0.57,0.42,0.57,0.68,0.63,0.31,0.4,0
scen_000065,inc_scen_000065_01,consumer_17,kafka_consumer_17,network_latency,0.13,0.84,0.51,0.54,0.51,0.37,0.15,0
scen_000065,inc_scen_000065_01,consumer_18,kafka_consumer_18,cpu_saturation,0.59,0.87,0.58,0.72,0.07,0.3,0.08,0
scen_000065,inc_scen_000065_01,consumer_19,kafka_consumer_19,cpu_saturation,0.41,0.23,0.46,0.43,0.35,0.31,0.25,0
scen_000066,inc_scen_000066_01,node_00,mesh_svc_0,slow_query,0.47,0.48,0.39,0.38,0.34,0.23,0.38,0
scen_000066,inc_scen_000066_01,node_01,mesh_svc_1,cpu_saturation,0.7,0.58,0.55,0.41,0.21,0.27,0.3,0
scen_000066,inc_scen_000066_01,node_02,mesh_svc_2,cpu_saturation,0.32,0.35,0.56,0.51,0.25,0.69,0.12,0
scen_000066,inc_scen_000066_01,node_03,mesh_svc_3,cpu_saturation,0.37,0.52,0.45,0.59,0.32,0.43,0.08,0
scen_000066,inc_scen_000066_01,node_04,mesh_svc_4,cpu_saturation,0.32,0.73,0.22,0.11,0.12,0.7,0.17,0
scen_000066,inc_scen_000066_01,node_05,mesh_svc_5,cpu_saturation,0.17,0.13,0.57,0.51,0.68,0.16,0.29,0
scen_000066,inc_scen_000066_01,node_06,mesh_svc_6,network_latency,0.16,0.27,0.56,0.15,0.46,0.65,0.48,0
scen_000066,inc_scen_000066_01,node_07,mesh_svc_7,cpu_saturation,0.5,0.44,0.46,0.11,0.58,0.41,0.26,0
scen_000066,inc_scen_000066_01,node_08,mesh_svc_8,certificate_expiration,0.8,0.71,0.91,0.83,0.68,0.93,0.91,1
scen_000066,inc_scen_000066_01,node_09,mesh_svc_9,cpu_saturation,0.22,0.84,0.15,0.52,0.23,0.63,0.26,0
scen_000067,inc_scen_000067_01,ingest_01,ingestion_gateway,slow_query,0.5,0.78,0.25,0.2,0.61,0.64,0.26,0
scen_000067,inc_scen_000067_01,kafka_broker,kafka,network_latency,0.19,0.64,0.49,0.23,0.47,0.6,0.45,0
scen_000067,inc_scen_000067_01,notif_01,notification_service,slow_query,0.47,0.58,0.37,0.14,0.33,0.76,0.36,0
scen_000067,inc_scen_000067_01,user_01,user_service,network_latency,0.51,0.21,0.53,0.47,0.13,0.12,0.48,0
scen_000067,inc_scen_000067_01,db_event,mysql,database_connection_exhaustion,0.8,0.84,0.98,0.88,0.93,0.87,0.98,1
scen_000067,inc_scen_000067_01,consumer_1,kafka_consumer_1,slow_query,0.52,0.49,0.26,0.17,0.07,0.46,0.06,0
scen_000067,inc_scen_000067_01,consumer_2,kafka_consumer_2,slow_query,0.61,0.21,0.22,0.7,0.18,0.52,0.27,0
scen_000067,inc_scen_000067_01,consumer_3,kafka_consumer_3,cpu_saturation,0.42,0.55,0.26,0.11,0.49,0.51,0.16,0
scen_000067,inc_scen_000067_01,consumer_4,kafka_consumer_4,cpu_saturation,0.57,0.14,0.34,0.48,0.26,0.41,0.13,0
scen_000067,inc_scen_000067_01,consumer_5,kafka_consumer_5,slow_query,0.23,0.81,0.57,0.76,0.49,0.83,0.28,0
scen_000067,inc_scen_000067_01,consumer_6,kafka_consumer_6,cpu_saturation,0.4,0.36,0.36,0.79,0.56,0.8,0.28,0
scen_000068,inc_scen_000068_01,gw_01,api_gateway,cpu_saturation,0.54,0.27,0.13,0.43,0.57,0.41,0.15,0
scen_000068,inc_scen_000068_01,auth_01,auth_service,network_latency,0.47,0.7,0.42,0.29,0.23,0.53,0.16,0
scen_000068,inc_scen_000068_01,order_01,order_service,slow_query,0.26,0.38,0.53,0.67,0.51,0.49,0.47,0
scen_000068,inc_scen_000068_01,pay_01,payment_service,slow_query,0.61,0.39,0.47,0.25,0.55,0.61,0.3,0
scen_000068,inc_scen_000068_01,inv_01,inventory_service,slow_query,0.39,0.59,0.19,0.62,0.66,0.12,0.43,0
scen_000068,inc_scen_000068_01,db_master,postgresql,slow_query,0.73,0.71,0.16,0.36,0.08,0.17,0.06,0
scen_000068,inc_scen_000068_01,cache_01,redis,cpu_saturation,0.58,0.13,0.59,0.17,0.67,0.33,0.49,0
scen_000068,inc_scen_000068_01,mq_01,kafka,network_latency,0.69,0.39,0.16,0.6,0.61,0.77,0.06,0
scen_000068,inc_scen_000068_01,ecom_aux_1,user_service_1,network_latency,0.78,0.73,0.14,0.18,0.66,0.48,0.23,0
scen_000068,inc_scen_000068_01,ecom_aux_2,user_service_2,cpu_saturation,0.63,0.3,0.54,0.74,0.42,0.44,0.33,0
scen_000068,inc_scen_000068_01,ecom_aux_3,user_service_3,slow_query,0.54,0.52,0.42,0.77,0.27,0.33,0.34,0
scen_000068,inc_scen_000068_01,ecom_aux_4,user_service_4,network_latency,0.6,0.79,0.47,0.78,0.65,0.13,0.22,0
scen_000068,inc_scen_000068_01,ecom_aux_5,user_service_5,cpu_saturation,0.71,0.85,0.19,0.3,0.26,0.37,0.14,0
scen_000068,inc_scen_000068_01,ecom_aux_6,user_service_6,cpu_saturation,0.65,0.68,0.38,0.22,0.13,0.29,0.36,0
scen_000068,inc_scen_000068_01,ecom_aux_7,user_service_7,cpu_saturation,0.17,0.8,0.44,0.25,0.32,0.35,0.21,0
scen_000068,inc_scen_000068_01,ecom_aux_8,user_service_8,cpu_saturation,0.31,0.65,0.16,0.27,0.61,0.18,0.23,0
scen_000068,inc_scen_000068_01,ecom_aux_9,user_service_9,cpu_saturation,0.16,0.46,0.31,0.21,0.13,0.17,0.11,0
scen_000068,inc_scen_000068_01,ecom_aux_10,user_service_10,slow_query,0.41,0.4,0.52,0.34,0.48,0.11,0.36,0
scen_000068,inc_scen_000068_01,ecom_aux_11,user_service_11,slow_query,0.82,0.73,0.2,0.71,0.08,0.15,0.06,0
scen_000068,inc_scen_000068_01,ecom_aux_12,user_service_12,network_latency,0.2,0.65,0.4,0.24,0.11,0.8,0.11,0
scen_000068,inc_scen_000068_01,ecom_aux_13,user_service_13,network_latency,0.72,0.57,0.31,0.43,0.39,0.33,0.28,0
scen_000068,inc_scen_000068_01,ecom_aux_14,user_service_14,network_latency,0.59,0.54,0.51,0.15,0.32,0.64,0.41,0
scen_000068,inc_scen_000068_01,ecom_aux_15,user_service_15,network_latency,0.45,0.22,0.27,0.17,0.63,0.21,0.1,0
scen_000068,inc_scen_000068_01,ecom_aux_16,user_service_16,network_latency,0.5,0.86,0.18,0.34,0.63,0.54,0.45,0
scen_000068,inc_scen_000068_01,ecom_aux_17,user_service_17,network_latency,0.26,0.71,0.17,0.68,0.24,0.61,0.31,0
scen_000068,inc_scen_000068_01,ecom_aux_18,user_service_18,cpu_saturation,0.29,0.23,0.34,0.17,0.57,0.63,0.1,0
scen_000068,inc_scen_000068_01,ecom_aux_19,user_service_19,cpu_saturation,0.31,0.31,0.19,0.39,0.44,0.49,0.48,0
scen_000068,inc_scen_000068_01,ecom_aux_20,user_service_20,slow_query,0.81,0.16,0.21,0.19,0.62,0.17,0.2,0
scen_000068,inc_scen_000068_01,ecom_aux_21,user_service_21,dns_failure,0.85,0.71,0.83,0.79,0.79,0.93,0.86,1
scen_000068,inc_scen_000068_01,ecom_aux_22,user_service_22,cpu_saturation,0.24,0.17,0.23,0.65,0.45,0.14,0.12,0
scen_000069,inc_scen_000069_01,ingest_01,ingestion_gateway,cpu_saturation,0.19,0.5,0.2,0.43,0.53,0.4,0.32,0
scen_000069,inc_scen_000069_01,kafka_broker,kafka,network_latency,0.31,0.74,0.45,0.23,0.36,0.4,0.17,0
scen_000069,inc_scen_000069_01,notif_01,notification_service,slow_query,0.42,0.68,0.33,0.18,0.5,0.32,0.23,0
scen_000069,inc_scen_000069_01,user_01,user_service,slow_query,0.8,0.88,0.33,0.49,0.12,0.65,0.23,0
scen_000069,inc_scen_000069_01,db_event,mysql,slow_query,0.79,0.25,0.42,0.72,0.61,0.49,0.36,0
scen_000069,inc_scen_000069_01,consumer_1,kafka_consumer_1,slow_query,0.46,0.85,0.46,0.21,0.46,0.59,0.08,0
scen_000069,inc_scen_000069_01,consumer_2,kafka_consumer_2,network_latency,0.81,0.32,0.25,0.66,0.07,0.29,0.39,0
scen_000069,inc_scen_000069_01,consumer_3,kafka_consumer_3,cpu_saturation,0.23,0.1,0.31,0.51,0.44,0.72,0.46,0
scen_000069,inc_scen_000069_01,consumer_4,kafka_consumer_4,network_latency,0.2,0.15,0.59,0.7,0.48,0.58,0.38,0
scen_000069,inc_scen_000069_01,consumer_5,kafka_consumer_5,slow_query,0.61,0.7,0.31,0.36,0.44,0.35,0.5,0
scen_000069,inc_scen_000069_01,consumer_6,kafka_consumer_6,cpu_saturation,0.57,0.8,0.16,0.12,0.69,0.24,0.43,0
scen_000069,inc_scen_000069_01,consumer_7,kafka_consumer_7,network_latency,0.55,0.21,0.26,0.29,0.18,0.42,0.47,0
scen_000069,inc_scen_000069_01,consumer_8,kafka_consumer_8,slow_query,0.48,0.36,0.26,0.51,0.3,0.68,0.38,0
scen_000069,inc_scen_000069_01,consumer_9,kafka_consumer_9,deployment_bug,0.88,0.73,0.86,0.73,0.94,0.82,0.88,1
scen_000069,inc_scen_000069_01,consumer_10,kafka_consumer_10,network_latency,0.38,0.88,0.2,0.21,0.06,0.67,0.33,0
scen_000069,inc_scen_000069_01,consumer_11,kafka_consumer_11,network_latency,0.64,0.79,0.32,0.12,0.24,0.14,0.48,0
scen_000069,inc_scen_000069_01,consumer_12,kafka_consumer_12,network_latency,0.56,0.84,0.17,0.59,0.62,0.71,0.21,0
scen_000069,inc_scen_000069_01,consumer_13,kafka_consumer_13,cpu_saturation,0.3,0.58,0.48,0.19,0.25,0.24,0.39,0
scen_000069,inc_scen_000069_01,consumer_14,kafka_consumer_14,network_latency,0.58,0.89,0.48,0.21,0.06,0.52,0.19,0
scen_000069,inc_scen_000069_01,consumer_15,kafka_consumer_15,network_latency,0.65,0.34,0.41,0.15,0.23,0.69,0.43,0
scen_000069,inc_scen_000069_01,consumer_16,kafka_consumer_16,network_latency,0.78,0.66,0.36,0.6,0.14,0.73,0.12,0
scen_000069,inc_scen_000069_01,consumer_17,kafka_consumer_17,network_latency,0.39,0.68,0.11,0.19,0.27,0.69,0.11,0
scen_000069,inc_scen_000069_01,consumer_18,kafka_consumer_18,network_latency,0.4,0.15,0.52,0.23,0.42,0.77,0.44,0
scen_000069,inc_scen_000069_01,consumer_19,kafka_consumer_19,slow_query,0.43,0.69,0.57,0.56,0.12,0.43,0.45,0
scen_000069,inc_scen_000069_01,consumer_20,kafka_consumer_20,slow_query,0.5,0.71,0.51,0.59,0.55,0.28,0.45,0
scen_000069,inc_scen_000069_01,consumer_21,kafka_consumer_21,cpu_saturation,0.37,0.41,0.58,0.49,0.11,0.26,0.49,0
scen_000069,inc_scen_000069_01,consumer_22,kafka_consumer_22,cpu_saturation,0.73,0.63,0.3,0.3,0.29,0.15,0.16,0
scen_000069,inc_scen_000069_01,consumer_23,kafka_consumer_23,network_latency,0.13,0.45,0.2,0.28,0.3,0.28,0.22,0
scen_000069,inc_scen_000069_01,consumer_24,kafka_consumer_24,slow_query,0.8,0.24,0.55,0.58,0.44,0.33,0.31,0
scen_000069,inc_scen_000069_01,consumer_25,kafka_consumer_25,slow_query,0.81,0.74,0.46,0.55,0.41,0.54,0.2,0
scen_000069,inc_scen_000069_01,consumer_26,kafka_consumer_26,network_latency,0.67,0.55,0.49,0.47,0.3,0.23,0.16,0
scen_000069,inc_scen_000069_01,consumer_27,kafka_consumer_27,slow_query,0.82,0.81,0.23,0.65,0.38,0.36,0.44,0
scen_000069,inc_scen_000069_01,consumer_28,kafka_consumer_28,cpu_saturation,0.46,0.44,0.19,0.33,0.43,0.46,0.41,0
scen_000069,inc_scen_000069_01,consumer_29,kafka_consumer_29,slow_query,0.52,0.77,0.52,0.39,0.48,0.83,0.46,0
scen_000070,inc_scen_000070_01,gw_01,api_gateway,network_latency,0.17,0.2,0.39,0.22,0.55,0.43,0.07,0
scen_000070,inc_scen_000070_01,auth_01,auth_service,network_latency,0.76,0.52,0.12,0.49,0.45,0.18,0.08,0
scen_000070,inc_scen_000070_01,order_01,order_service,slow_query,0.67,0.55,0.14,0.14,0.16,0.38,0.45,0
scen_000070,inc_scen_000070_01,pay_01,payment_service,network_latency,0.8,0.66,0.27,0.13,0.14,0.34,0.42,0
scen_000070,inc_scen_000070_01,inv_01,inventory_service,slow_query,0.76,0.17,0.16,0.63,0.33,0.36,0.28,0
scen_000070,inc_scen_000070_01,db_master,postgresql,cpu_saturation,0.3,0.34,0.5,0.17,0.42,0.72,0.13,0
scen_000070,inc_scen_000070_01,cache_01,redis,cpu_saturation,0.49,0.46,0.33,0.53,0.41,0.41,0.15,0
scen_000070,inc_scen_000070_01,mq_01,kafka,slow_query,0.69,0.27,0.33,0.7,0.35,0.3,0.4,0
scen_000070,inc_scen_000070_01,ecom_aux_1,user_service_1,cpu_saturation,0.54,0.29,0.24,0.41,0.32,0.68,0.05,0
scen_000070,inc_scen_000070_01,ecom_aux_2,user_service_2,network_latency,0.52,0.49,0.44,0.76,0.34,0.42,0.43,0
scen_000070,inc_scen_000070_01,ecom_aux_3,user_service_3,load_balancer_failure,0.9,0.74,0.94,0.81,0.73,0.89,0.88,1
scen_000070,inc_scen_000070_01,ecom_aux_4,user_service_4,cpu_saturation,0.7,0.76,0.37,0.18,0.48,0.32,0.44,0
scen_000070,inc_scen_000070_01,ecom_aux_5,user_service_5,network_latency,0.71,0.6,0.4,0.74,0.36,0.39,0.36,0
scen_000071,inc_scen_000071_01,node_00,mesh_svc_0,network_latency,0.19,0.35,0.45,0.15,0.31,0.66,0.21,0
scen_000071,inc_scen_000071_01,node_01,mesh_svc_1,slow_query,0.12,0.51,0.32,0.45,0.55,0.13,0.42,0
scen_000071,inc_scen_000071_01,node_02,mesh_svc_2,network_latency,0.69,0.85,0.37,0.32,0.13,0.7,0.47,0
scen_000071,inc_scen_000071_01,node_03,mesh_svc_3,cpu_saturation,0.1,0.78,0.5,0.11,0.22,0.38,0.47,0
scen_000071,inc_scen_000071_01,node_04,mesh_svc_4,slow_query,0.77,0.3,0.29,0.72,0.45,0.53,0.49,0
scen_000071,inc_scen_000071_01,node_05,mesh_svc_5,cpu_saturation,0.75,0.41,0.59,0.67,0.34,0.49,0.11,0
scen_000071,inc_scen_000071_01,node_06,mesh_svc_6,cpu_saturation,0.35,0.41,0.27,0.71,0.44,0.35,0.35,0
scen_000071,inc_scen_000071_01,node_07,mesh_svc_7,network_latency,0.45,0.68,0.11,0.6,0.33,0.71,0.06,0
scen_000071,inc_scen_000071_01,node_08,mesh_svc_8,network_latency,0.61,0.61,0.5,0.75,0.5,0.68,0.12,0
scen_000071,inc_scen_000071_01,node_09,mesh_svc_9,network_latency,0.24,0.64,0.56,0.22,0.26,0.77,0.34,0
scen_000071,inc_scen_000071_01,node_10,mesh_svc_10,network_latency,0.66,0.13,0.26,0.68,0.17,0.77,0.48,0
scen_000071,inc_scen_000071_01,node_11,mesh_svc_11,network_latency,0.55,0.68,0.44,0.76,0.23,0.77,0.38,0
scen_000071,inc_scen_000071_01,node_12,mesh_svc_12,network_latency,0.31,0.47,0.27,0.52,0.68,0.32,0.26,0
scen_000071,inc_scen_000071_01,node_13,mesh_svc_13,slow_query,0.37,0.76,0.41,0.12,0.65,0.3,0.17,0
scen_000071,inc_scen_000071_01,node_14,mesh_svc_14,cpu_saturation,0.56,0.18,0.17,0.2,0.58,0.43,0.46,0
scen_000071,inc_scen_000071_01,node_15,mesh_svc_15,network_latency,0.69,0.74,0.35,0.37,0.46,0.75,0.48,0
scen_000071,inc_scen_000071_01,node_16,mesh_svc_16,network_latency,0.39,0.16,0.39,0.62,0.69,0.57,0.11,0
scen_000071,inc_scen_000071_01,node_17,mesh_svc_17,network_latency,0.49,0.75,0.37,0.48,0.35,0.46,0.44,0
scen_000071,inc_scen_000071_01,node_18,mesh_svc_18,network_latency,0.4,0.33,0.57,0.3,0.38,0.65,0.3,0
scen_000071,inc_scen_000071_01,node_19,mesh_svc_19,slow_query,0.32,0.66,0.14,0.33,0.67,0.56,0.26,0
scen_000071,inc_scen_000071_01,node_20,mesh_svc_20,slow_query,0.73,0.57,0.3,0.71,0.25,0.45,0.45,0
scen_000071,inc_scen_000071_01,node_21,mesh_svc_21,cpu_saturation,0.8,0.62,0.6,0.39,0.18,0.17,0.1,0
scen_000071,inc_scen_000071_01,node_22,mesh_svc_22,slow_query,0.48,0.61,0.57,0.39,0.34,0.83,0.14,0
scen_000071,inc_scen_000071_01,node_23,mesh_svc_23,network_latency,0.29,0.71,0.13,0.38,0.4,0.38,0.44,0
scen_000071,inc_scen_000071_01,node_24,mesh_svc_24,cpu_saturation,0.51,0.51,0.27,0.76,0.23,0.39,0.21,0
scen_000071,inc_scen_000071_01,node_25,mesh_svc_25,database_outage,0.91,0.88,0.95,0.72,0.8,0.86,0.94,1
scen_000071,inc_scen_000071_01,node_26,mesh_svc_26,network_latency,0.44,0.38,0.52,0.67,0.12,0.85,0.46,0
scen_000071,inc_scen_000071_01,node_27,mesh_svc_27,slow_query,0.27,0.38,0.36,0.52,0.49,0.82,0.24,0
scen_000071,inc_scen_000071_01,node_28,mesh_svc_28,cpu_saturation,0.48,0.36,0.51,0.5,0.66,0.37,0.43,0
scen_000071,inc_scen_000071_01,node_29,mesh_svc_29,slow_query,0.56,0.77,0.33,0.31,0.5,0.18,0.37,0
scen_000071,inc_scen_000071_01,node_30,mesh_svc_30,slow_query,0.82,0.11,0.53,0.58,0.13,0.45,0.36,0
scen_000071,inc_scen_000071_01,node_31,mesh_svc_31,cpu_saturation,0.17,0.45,0.56,0.54,0.06,0.67,0.25,0
scen_000071,inc_scen_000071_01,node_32,mesh_svc_32,network_latency,0.39,0.51,0.57,0.39,0.07,0.5,0.15,0
scen_000072,inc_scen_000072_01,gw_01,api_gateway,network_latency,0.62,0.64,0.41,0.23,0.1,0.55,0.12,0
scen_000072,inc_scen_000072_01,auth_01,auth_service,network_latency,0.34,0.67,0.31,0.21,0.15,0.68,0.33,0
scen_000072,inc_scen_000072_01,order_01,order_service,slow_query,0.45,0.53,0.18,0.43,0.26,0.46,0.44,0
scen_000072,inc_scen_000072_01,pay_01,payment_service,cpu_saturation,0.64,0.15,0.45,0.17,0.43,0.78,0.16,0
scen_000072,inc_scen_000072_01,inv_01,inventory_service,cpu_saturation,0.43,0.42,0.43,0.44,0.06,0.6,0.3,0
scen_000072,inc_scen_000072_01,db_master,postgresql,slow_query,0.81,0.4,0.11,0.24,0.12,0.13,0.49,0
scen_000072,inc_scen_000072_01,cache_01,redis,network_latency,0.38,0.77,0.14,0.57,0.23,0.14,0.43,0
scen_000072,inc_scen_000072_01,mq_01,kafka,slow_query,0.52,0.36,0.31,0.38,0.34,0.13,0.21,0
scen_000072,inc_scen_000072_01,ecom_aux_1,user_service_1,slow_query,0.53,0.22,0.59,0.3,0.38,0.35,0.43,0
scen_000072,inc_scen_000072_01,ecom_aux_2,user_service_2,cpu_saturation,0.22,0.76,0.19,0.75,0.06,0.57,0.05,0
scen_000072,inc_scen_000072_01,ecom_aux_3,user_service_3,cpu_saturation,0.73,0.8,0.47,0.69,0.43,0.7,0.36,0
scen_000072,inc_scen_000072_01,ecom_aux_4,user_service_4,network_latency,0.41,0.31,0.23,0.54,0.43,0.34,0.08,0
scen_000072,inc_scen_000072_01,ecom_aux_5,user_service_5,network_latency,0.77,0.25,0.3,0.53,0.65,0.77,0.48,0
scen_000072,inc_scen_000072_01,ecom_aux_6,user_service_6,cpu_saturation,0.63,0.48,0.55,0.71,0.08,0.65,0.24,0
scen_000072,inc_scen_000072_01,ecom_aux_7,user_service_7,slow_query,0.79,0.39,0.34,0.79,0.53,0.81,0.13,0
scen_000072,inc_scen_000072_01,ecom_aux_8,user_service_8,configuration_error,0.84,0.92,0.92,0.76,0.88,0.93,0.92,1
scen_000072,inc_scen_000072_01,ecom_aux_9,user_service_9,cpu_saturation,0.45,0.77,0.29,0.64,0.41,0.14,0.13,0
scen_000072,inc_scen_000072_01,ecom_aux_10,user_service_10,cpu_saturation,0.41,0.5,0.14,0.23,0.56,0.8,0.07,0
scen_000072,inc_scen_000072_01,ecom_aux_11,user_service_11,slow_query,0.59,0.28,0.46,0.3,0.37,0.18,0.26,0
scen_000072,inc_scen_000072_01,ecom_aux_12,user_service_12,network_latency,0.21,0.29,0.52,0.42,0.4,0.41,0.39,0
scen_000072,inc_scen_000072_01,ecom_aux_13,user_service_13,slow_query,0.42,0.84,0.17,0.13,0.34,0.73,0.11,0
scen_000072,inc_scen_000072_01,ecom_aux_14,user_service_14,slow_query,0.49,0.36,0.51,0.78,0.64,0.37,0.44,0
scen_000072,inc_scen_000072_01,ecom_aux_15,user_service_15,slow_query,0.34,0.24,0.45,0.5,0.45,0.3,0.3,0
scen_000072,inc_scen_000072_01,ecom_aux_16,user_service_16,network_latency,0.14,0.2,0.59,0.64,0.3,0.6,0.17,0
scen_000072,inc_scen_000072_01,ecom_aux_17,user_service_17,network_latency,0.74,0.76,0.58,0.64,0.68,0.12,0.08,0
scen_000072,inc_scen_000072_01,ecom_aux_18,user_service_18,slow_query,0.25,0.15,0.43,0.75,0.51,0.19,0.17,0
scen_000072,inc_scen_000072_01,ecom_aux_19,user_service_19,network_latency,0.78,0.8,0.57,0.68,0.25,0.3,0.37,0
scen_000072,inc_scen_000072_01,ecom_aux_20,user_service_20,network_latency,0.67,0.66,0.16,0.35,0.46,0.35,0.19,0
scen_000072,inc_scen_000072_01,ecom_aux_21,user_service_21,cpu_saturation,0.48,0.7,0.26,0.49,0.47,0.31,0.15,0
scen_000072,inc_scen_000072_01,ecom_aux_22,user_service_22,cpu_saturation,0.34,0.5,0.36,0.31,0.48,0.77,0.47,0
scen_000072,inc_scen_000072_01,ecom_aux_23,user_service_23,slow_query,0.28,0.52,0.31,0.68,0.44,0.1,0.08,0
scen_000072,inc_scen_000072_01,ecom_aux_24,user_service_24,network_latency,0.13,0.45,0.29,0.72,0.45,0.8,0.48,0
scen_000072,inc_scen_000072_01,ecom_aux_25,user_service_25,slow_query,0.67,0.61,0.13,0.41,0.53,0.14,0.25,0
scen_000072,inc_scen_000072_01,ecom_aux_26,user_service_26,slow_query,0.68,0.24,0.36,0.18,0.05,0.44,0.15,0
scen_000072,inc_scen_000072_01,ecom_aux_27,user_service_27,network_latency,0.52,0.39,0.59,0.69,0.16,0.28,0.4,0
scen_000072,inc_scen_000072_01,ecom_aux_28,user_service_28,network_latency,0.82,0.51,0.37,0.38,0.39,0.44,0.24,0
scen_000072,inc_scen_000072_01,ecom_aux_29,user_service_29,network_latency,0.81,0.73,0.43,0.53,0.47,0.35,0.11,0
scen_000072,inc_scen_000072_01,ecom_aux_30,user_service_30,cpu_saturation,0.11,0.29,0.2,0.64,0.66,0.77,0.1,0
scen_000072,inc_scen_000072_01,ecom_aux_31,user_service_31,slow_query,0.4,0.81,0.5,0.65,0.43,0.71,0.23,0
scen_000072,inc_scen_000072_01,ecom_aux_32,user_service_32,cpu_saturation,0.42,0.18,0.5,0.64,0.13,0.81,0.13,0
scen_000072,inc_scen_000072_01,ecom_aux_33,user_service_33,cpu_saturation,0.67,0.27,0.35,0.17,0.45,0.75,0.31,0
scen_000072,inc_scen_000072_01,ecom_aux_34,user_service_34,network_latency,0.79,0.55,0.3,0.72,0.54,0.4,0.1,0
scen_000072,inc_scen_000072_01,ecom_aux_35,user_service_35,cpu_saturation,0.78,0.5,0.54,0.2,0.66,0.18,0.13,0
scen_000072,inc_scen_000072_01,ecom_aux_36,user_service_36,slow_query,0.48,0.44,0.4,0.68,0.25,0.78,0.27,0
scen_000072,inc_scen_000072_01,ecom_aux_37,user_service_37,cpu_saturation,0.7,0.26,0.26,0.31,0.06,0.29,0.37,0
scen_000072,inc_scen_000072_01,ecom_aux_38,user_service_38,network_latency,0.71,0.34,0.33,0.63,0.41,0.66,0.11,0
scen_000074,inc_scen_000074_01,ingest_01,ingestion_gateway,slow_query,0.19,0.54,0.32,0.14,0.49,0.35,0.44,0
scen_000074,inc_scen_000074_01,kafka_broker,kafka,network_latency,0.26,0.88,0.14,0.69,0.41,0.58,0.15,0
scen_000074,inc_scen_000074_01,notif_01,notification_service,cpu_saturation,0.76,0.73,0.52,0.67,0.44,0.42,0.24,0
scen_000074,inc_scen_000074_01,user_01,user_service,network_latency,0.31,0.24,0.4,0.2,0.7,0.5,0.16,0
scen_000074,inc_scen_000074_01,db_event,mysql,network_latency,0.48,0.56,0.55,0.74,0.31,0.76,0.36,0
scen_000074,inc_scen_000074_01,consumer_1,kafka_consumer_1,network_latency,0.35,0.84,0.23,0.26,0.56,0.46,0.35,0
scen_000074,inc_scen_000074_01,consumer_2,kafka_consumer_2,cpu_saturation,0.19,0.4,0.49,0.48,0.24,0.53,0.13,0
scen_000074,inc_scen_000074_01,consumer_3,kafka_consumer_3,cpu_saturation,0.78,0.36,0.37,0.56,0.63,0.51,0.33,0
scen_000074,inc_scen_000074_01,consumer_4,kafka_consumer_4,cpu_saturation,0.72,0.68,0.41,0.14,0.3,0.24,0.13,0
scen_000074,inc_scen_000074_01,consumer_5,kafka_consumer_5,slow_query,0.32,0.15,0.56,0.56,0.68,0.75,0.32,0
scen_000074,inc_scen_000074_01,consumer_6,kafka_consumer_6,network_latency,0.17,0.9,0.27,0.19,0.31,0.55,0.35,0
scen_000074,inc_scen_000074_01,consumer_7,kafka_consumer_7,cpu_saturation,0.43,0.19,0.14,0.49,0.53,0.37,0.36,0
scen_000074,inc_scen_000074_01,consumer_8,kafka_consumer_8,cpu_saturation,0.67,0.24,0.19,0.75,0.44,0.73,0.44,0
scen_000074,inc_scen_000074_01,consumer_9,kafka_consumer_9,slow_query,0.17,0.59,0.2,0.46,0.66,0.65,0.18,0
scen_000074,inc_scen_000074_01,consumer_10,kafka_consumer_10,network_latency,0.2,0.39,0.39,0.58,0.22,0.57,0.5,0
scen_000074,inc_scen_000074_01,consumer_11,kafka_consumer_11,slow_query,0.41,0.48,0.49,0.72,0.39,0.43,0.47,0
scen_000074,inc_scen_000074_01,consumer_12,kafka_consumer_12,slow_query,0.23,0.71,0.37,0.67,0.21,0.79,0.24,0
scen_000074,inc_scen_000074_01,consumer_13,kafka_consumer_13,slow_query,0.39,0.11,0.21,0.19,0.27,0.77,0.26,0
scen_000074,inc_scen_000074_01,consumer_14,kafka_consumer_14,slow_query,0.19,0.41,0.27,0.73,0.59,0.39,0.41,0
scen_000074,inc_scen_000074_01,consumer_15,kafka_consumer_15,slow_query,0.8,0.54,0.36,0.43,0.34,0.24,0.33,0
scen_000074,inc_scen_000074_01,consumer_16,kafka_consumer_16,cpu_saturation,0.58,0.51,0.35,0.38,0.21,0.15,0.29,0
scen_000074,inc_scen_000074_01,consumer_17,kafka_consumer_17,configuration_error,0.85,0.89,0.8,0.83,0.8,0.83,0.9,1
scen_000074,inc_scen_000074_01,consumer_18,kafka_consumer_18,slow_query,0.64,0.34,0.26,0.69,0.53,0.46,0.44,0
scen_000074,inc_scen_000074_01,consumer_19,kafka_consumer_19,cpu_saturation,0.33,0.79,0.55,0.22,0.4,0.25,0.24,0
scen_000074,inc_scen_000074_01,consumer_20,kafka_consumer_20,network_latency,0.24,0.61,0.29,0.51,0.47,0.46,0.13,0
scen_000074,inc_scen_000074_01,consumer_21,kafka_consumer_21,cpu_saturation,0.59,0.59,0.17,0.45,0.2,0.29,0.12,0
scen_000074,inc_scen_000074_01,consumer_22,kafka_consumer_22,cpu_saturation,0.34,0.39,0.38,0.62,0.59,0.13,0.18,0
scen_000074,inc_scen_000074_01,consumer_23,kafka_consumer_23,slow_query,0.43,0.73,0.46,0.7,0.11,0.32,0.42,0
scen_000074,inc_scen_000074_01,consumer_24,kafka_consumer_24,slow_query,0.3,0.81,0.29,0.71,0.24,0.37,0.42,0
scen_000074,inc_scen_000074_01,consumer_25,kafka_consumer_25,network_latency,0.21,0.15,0.22,0.11,0.39,0.8,0.06,0
scen_000074,inc_scen_000074_01,consumer_26,kafka_consumer_26,cpu_saturation,0.37,0.86,0.35,0.19,0.07,0.28,0.25,0
scen_000074,inc_scen_000074_01,consumer_27,kafka_consumer_27,slow_query,0.1,0.87,0.32,0.49,0.52,0.19,0.36,0
scen_000075,inc_scen_000075_01,ingest_01,ingestion_gateway,cpu_saturation,0.25,0.67,0.33,0.6,0.32,0.45,0.32,0
scen_000075,inc_scen_000075_01,kafka_broker,kafka,network_latency,0.75,0.51,0.35,0.62,0.31,0.43,0.43,0
scen_000075,inc_scen_000075_01,notif_01,notification_service,network_latency,0.79,0.54,0.41,0.75,0.42,0.18,0.31,0
scen_000075,inc_scen_000075_01,user_01,user_service,cpu_saturation,0.38,0.58,0.46,0.31,0.2,0.33,0.4,0
scen_000075,inc_scen_000075_01,db_event,mysql,cpu_saturation,0.36,0.7,0.49,0.44,0.48,0.19,0.08,0
scen_000075,inc_scen_000075_01,consumer_1,kafka_consumer_1,cpu_saturation,0.34,0.19,0.11,0.61,0.39,0.11,0.44,0
scen_000075,inc_scen_000075_01,consumer_2,kafka_consumer_2,cpu_saturation,0.28,0.6,0.38,0.51,0.53,0.11,0.2,0
scen_000075,inc_scen_000075_01,consumer_3,kafka_consumer_3,slow_query,0.61,0.89,0.53,0.34,0.35,0.62,0.15,0
scen_000075,inc_scen_000075_01,consumer_4,kafka_consumer_4,slow_query,0.28,0.12,0.47,0.19,0.67,0.43,0.05,0
scen_000075,inc_scen_000075_01,consumer_5,kafka_consumer_5,cpu_saturation,0.15,0.67,0.59,0.14,0.3,0.46,0.17,0
scen_000075,inc_scen_000075_01,consumer_6,kafka_consumer_6,network_latency,0.31,0.34,0.31,0.12,0.3,0.26,0.24,0
scen_000075,inc_scen_000075_01,consumer_7,kafka_consumer_7,cpu_saturation,0.85,0.39,0.27,0.53,0.1,0.52,0.07,0
scen_000075,inc_scen_000075_01,consumer_8,kafka_consumer_8,kafka_broker_failure,0.92,0.8,0.98,0.71,0.86,0.88,0.86,1
scen_000075,inc_scen_000075_01,consumer_9,kafka_consumer_9,cpu_saturation,0.19,0.69,0.1,0.35,0.42,0.72,0.26,0
scen_000075,inc_scen_000075_01,consumer_10,kafka_consumer_10,cpu_saturation,0.55,0.12,0.25,0.11,0.63,0.58,0.17,0
scen_000075,inc_scen_000075_01,consumer_11,kafka_consumer_11,slow_query,0.72,0.36,0.15,0.27,0.06,0.57,0.47,0
scen_000075,inc_scen_000075_01,consumer_12,kafka_consumer_12,network_latency,0.3,0.61,0.34,0.48,0.44,0.36,0.47,0
scen_000075,inc_scen_000075_01,consumer_13,kafka_consumer_13,cpu_saturation,0.63,0.36,0.27,0.26,0.54,0.23,0.24,0
scen_000075,inc_scen_000075_01,consumer_14,kafka_consumer_14,slow_query,0.17,0.85,0.44,0.15,0.65,0.68,0.42,0
scen_000075,inc_scen_000075_01,consumer_15,kafka_consumer_15,slow_query,0.57,0.8,0.51,0.25,0.21,0.43,0.34,0
scen_000075,inc_scen_000075_01,consumer_16,kafka_consumer_16,network_latency,0.25,0.69,0.31,0.33,0.1,0.32,0.33,0
scen_000075,inc_scen_000075_01,consumer_17,kafka_consumer_17,slow_query,0.14,0.82,0.28,0.12,0.27,0.64,0.21,0
scen_000075,inc_scen_000075_01,consumer_18,kafka_consumer_18,cpu_saturation,0.73,0.45,0.52,0.53,0.65,0.56,0.33,0
scen_000075,inc_scen_000075_01,consumer_19,kafka_consumer_19,cpu_saturation,0.41,0.38,0.43,0.74,0.13,0.77,0.37,0
scen_000075,inc_scen_000075_01,consumer_20,kafka_consumer_20,slow_query,0.61,0.7,0.47,0.38,0.22,0.33,0.21,0
scen_000075,inc_scen_000075_01,consumer_21,kafka_consumer_21,slow_query,0.12,0.62,0.36,0.31,0.15,0.69,0.12,0
scen_000075,inc_scen_000075_01,consumer_22,kafka_consumer_22,slow_query,0.47,0.54,0.38,0.25,0.66,0.53,0.21,0
scen_000075,inc_scen_000075_01,consumer_23,kafka_consumer_23,network_latency,0.2,0.52,0.48,0.37,0.06,0.23,0.1,0
scen_000075,inc_scen_000075_01,consumer_24,kafka_consumer_24,slow_query,0.43,0.58,0.5,0.71,0.51,0.65,0.27,0
scen_000075,inc_scen_000075_01,consumer_25,kafka_consumer_25,slow_query,0.62,0.74,0.58,0.4,0.28,0.3,0.48,0
scen_000075,inc_scen_000075_01,consumer_26,kafka_consumer_26,cpu_saturation,0.19,0.86,0.35,0.65,0.05,0.22,0.43,0
scen_000075,inc_scen_000075_01,consumer_27,kafka_consumer_27,slow_query,0.52,0.37,0.55,0.56,0.24,0.25,0.18,0
scen_000075,inc_scen_000075_01,consumer_28,kafka_consumer_28,cpu_saturation,0.25,0.4,0.16,0.47,0.56,0.7,0.13,0
scen_000075,inc_scen_000075_01,consumer_29,kafka_consumer_29,network_latency,0.24,0.39,0.34,0.3,0.11,0.55,0.06,0
scen_000076,inc_scen_000076_01,gw_01,api_gateway,cpu_saturation,0.84,0.78,0.52,0.32,0.65,0.65,0.5,0
scen_000076,inc_scen_000076_01,lb_01,load_balancer,network_latency,0.55,0.2,0.32,0.38,0.49,0.71,0.37,0
scen_000076,inc_scen_000076_01,auth_01,auth_service,slow_query,0.39,0.39,0.51,0.25,0.2,0.39,0.1,0
scen_000076,inc_scen_000076_01,web_01,web_service,slow_query,0.18,0.59,0.35,0.53,0.58,0.33,0.25,0
scen_000076,inc_scen_000076_01,db_01,postgresql,cpu_saturation,0.52,0.64,0.17,0.15,0.52,0.39,0.1,0
scen_000076,inc_scen_000076_01,sub_svc_2,sub_service_2,slow_query,0.48,0.59,0.45,0.43,0.23,0.59,0.5,0
scen_000076,inc_scen_000076_01,sub_svc_3,sub_service_3,network_latency,0.34,0.26,0.38,0.33,0.17,0.54,0.16,0
scen_000076,inc_scen_000076_01,sub_svc_4,sub_service_4,network_latency,0.66,0.55,0.21,0.5,0.4,0.24,0.13,0
scen_000076,inc_scen_000076_01,sub_svc_5,sub_service_5,cpu_saturation,0.16,0.73,0.41,0.54,0.29,0.32,0.18,0
scen_000076,inc_scen_000076_01,sub_svc_6,sub_service_6,cpu_saturation,0.37,0.57,0.15,0.17,0.1,0.68,0.49,0
scen_000076,inc_scen_000076_01,sub_svc_7,sub_service_7,slow_query,0.16,0.35,0.42,0.62,0.68,0.42,0.19,0
scen_000076,inc_scen_000076_01,sub_svc_8,sub_service_8,cpu_saturation,0.47,0.82,0.36,0.17,0.64,0.33,0.44,0
scen_000076,inc_scen_000076_01,sub_svc_9,sub_service_9,cpu_saturation,0.6,0.56,0.3,0.46,0.67,0.47,0.08,0
scen_000076,inc_scen_000076_01,sub_svc_10,sub_service_10,slow_query,0.23,0.12,0.5,0.33,0.55,0.48,0.15,0
scen_000076,inc_scen_000076_01,sub_svc_11,sub_service_11,network_latency,0.38,0.45,0.28,0.29,0.44,0.22,0.19,0
scen_000076,inc_scen_000076_01,sub_svc_12,sub_service_12,network_latency,0.8,0.79,0.53,0.34,0.68,0.48,0.19,0
scen_000076,inc_scen_000076_01,sub_svc_13,sub_service_13,cpu_saturation,0.81,0.8,0.48,0.42,0.37,0.63,0.49,0
scen_000076,inc_scen_000076_01,sub_svc_14,sub_service_14,cpu_saturation,0.27,0.88,0.49,0.74,0.34,0.46,0.21,0
scen_000076,inc_scen_000076_01,sub_svc_15,sub_service_15,slow_query,0.21,0.1,0.23,0.25,0.61,0.62,0.45,0
scen_000076,inc_scen_000076_01,sub_svc_16,sub_service_16,network_latency,0.19,0.57,0.29,0.27,0.16,0.52,0.07,0
scen_000076,inc_scen_000076_01,sub_svc_17,sub_service_17,kafka_broker_failure,0.77,0.79,0.96,0.86,0.94,0.9,0.96,1
scen_000076,inc_scen_000076_01,sub_svc_18,sub_service_18,network_latency,0.37,0.61,0.45,0.34,0.19,0.85,0.15,0
scen_000076,inc_scen_000076_01,sub_svc_19,sub_service_19,network_latency,0.35,0.11,0.52,0.52,0.26,0.71,0.29,0
scen_000076,inc_scen_000076_01,sub_svc_20,sub_service_20,slow_query,0.61,0.12,0.58,0.43,0.47,0.42,0.48,0
scen_000077,inc_scen_000077_01,gw_01,api_gateway,storage_failure,0.78,0.81,0.81,0.83,0.79,0.94,0.91,1
scen_000077,inc_scen_000077_01,lb_01,load_balancer,network_latency,0.26,0.49,0.2,0.41,0.38,0.59,0.47,0
scen_000077,inc_scen_000077_01,auth_01,auth_service,slow_query,0.17,0.38,0.29,0.5,0.25,0.56,0.21,0
scen_000077,inc_scen_000077_01,web_01,web_service,cpu_saturation,0.43,0.2,0.24,0.67,0.29,0.26,0.48,0
scen_000077,inc_scen_000077_01,db_01,postgresql,network_latency,0.2,0.37,0.29,0.22,0.42,0.66,0.45,0
scen_000077,inc_scen_000077_01,sub_svc_2,sub_service_2,slow_query,0.57,0.29,0.56,0.56,0.31,0.4,0.21,0
scen_000077,inc_scen_000077_01,sub_svc_3,sub_service_3,slow_query,0.72,0.87,0.59,0.75,0.37,0.12,0.32,0
scen_000077,inc_scen_000077_01,sub_svc_4,sub_service_4,cpu_saturation,0.27,0.87,0.45,0.28,0.4,0.13,0.31,0
scen_000077,inc_scen_000077_01,sub_svc_5,sub_service_5,cpu_saturation,0.15,0.64,0.4,0.62,0.27,0.55,0.22,0
scen_000078,inc_scen_000078_01,gw_01,api_gateway,cpu_saturation,0.53,0.13,0.19,0.12,0.53,0.46,0.36,0
scen_000078,inc_scen_000078_01,rec_01,recommendation_service,network_latency,0.45,0.57,0.23,0.69,0.62,0.16,0.26,0
scen_000078,inc_scen_000078_01,es_01,elasticsearch,network_latency,0.37,0.29,0.44,0.47,0.23,0.8,0.2,0
scen_000078,inc_scen_000078_01,redis_01,redis,network_latency,0.28,0.74,0.12,0.48,0.53,0.2,0.47,0
scen_000078,inc_scen_000078_01,mongo_01,mongodb,cpu_saturation,0.66,0.38,0.36,0.48,0.23,0.16,0.23,0
scen_000078,inc_scen_000078_01,search_node_1,search_aux_1,slow_query,0.26,0.14,0.55,0.36,0.32,0.4,0.5,0
scen_000078,inc_scen_000078_01,search_node_2,search_aux_2,network_latency,0.55,0.52,0.23,0.5,0.66,0.78,0.4,0
scen_000078,inc_scen_000078_01,search_node_3,search_aux_3,network_latency,0.36,0.17,0.18,0.36,0.21,0.73,0.22,0
scen_000078,inc_scen_000078_01,search_node_4,search_aux_4,slow_query,0.4,0.88,0.34,0.65,0.19,0.21,0.29,0
scen_000078,inc_scen_000078_01,search_node_5,search_aux_5,slow_query,0.79,0.6,0.34,0.25,0.44,0.74,0.27,0
scen_000078,inc_scen_000078_01,search_node_6,search_aux_6,cpu_saturation,0.57,0.18,0.34,0.59,0.24,0.72,0.2,0
scen_000078,inc_scen_000078_01,search_node_7,search_aux_7,cpu_saturation,0.25,0.53,0.19,0.28,0.29,0.21,0.27,0
scen_000078,inc_scen_000078_01,search_node_8,search_aux_8,packet_loss,0.83,0.81,0.9,0.77,0.89,0.89,0.97,1
scen_000078,inc_scen_000078_01,search_node_9,search_aux_9,network_latency,0.64,0.47,0.37,0.19,0.05,0.61,0.16,0
scen_000078,inc_scen_000078_01,search_node_10,search_aux_10,slow_query,0.33,0.14,0.24,0.12,0.26,0.26,0.15,0
scen_000078,inc_scen_000078_01,search_node_11,search_aux_11,cpu_saturation,0.3,0.32,0.48,0.43,0.06,0.34,0.5,0
scen_000078,inc_scen_000078_01,search_node_12,search_aux_12,cpu_saturation,0.83,0.34,0.5,0.24,0.43,0.12,0.14,0
scen_000078,inc_scen_000078_01,search_node_13,search_aux_13,slow_query,0.25,0.28,0.26,0.15,0.55,0.51,0.5,0
scen_000078,inc_scen_000078_01,search_node_14,search_aux_14,network_latency,0.51,0.47,0.3,0.65,0.16,0.73,0.22,0
scen_000078,inc_scen_000078_01,search_node_15,search_aux_15,slow_query,0.74,0.77,0.57,0.5,0.59,0.33,0.5,0
scen_000078,inc_scen_000078_01,search_node_16,search_aux_16,network_latency,0.71,0.19,0.25,0.75,0.32,0.38,0.1,0
scen_000078,inc_scen_000078_01,search_node_17,search_aux_17,network_latency,0.65,0.41,0.12,0.51,0.44,0.62,0.23,0
scen_000078,inc_scen_000078_01,search_node_18,search_aux_18,cpu_saturation,0.63,0.61,0.24,0.69,0.06,0.31,0.34,0
scen_000078,inc_scen_000078_01,search_node_19,search_aux_19,network_latency,0.17,0.8,0.43,0.42,0.6,0.43,0.11,0
scen_000078,inc_scen_000078_01,search_node_20,search_aux_20,cpu_saturation,0.71,0.9,0.54,0.46,0.63,0.55,0.45,0
scen_000078,inc_scen_000078_01,search_node_21,search_aux_21,slow_query,0.3,0.66,0.52,0.28,0.37,0.38,0.16,0
scen_000078,inc_scen_000078_01,search_node_22,search_aux_22,network_latency,0.74,0.55,0.1,0.22,0.49,0.16,0.41,0
scen_000078,inc_scen_000078_01,search_node_23,search_aux_23,cpu_saturation,0.13,0.43,0.3,0.66,0.53,0.5,0.09,0
scen_000078,inc_scen_000078_01,search_node_24,search_aux_24,cpu_saturation,0.37,0.46,0.5,0.72,0.35,0.14,0.21,0
scen_000078,inc_scen_000078_01,search_node_25,search_aux_25,network_latency,0.7,0.87,0.17,0.18,0.52,0.7,0.23,0
scen_000078,inc_scen_000078_01,search_node_26,search_aux_26,slow_query,0.83,0.29,0.43,0.79,0.63,0.16,0.16,0
scen_000079,inc_scen_000079_01,node_00,mesh_svc_0,slow_query,0.61,0.1,0.55,0.73,0.52,0.82,0.11,0
scen_000079,inc_scen_000079_01,node_01,mesh_svc_1,cpu_saturation,0.79,0.84,0.17,0.3,0.41,0.27,0.09,0
scen_000079,inc_scen_000079_01,node_02,mesh_svc_2,redis_failure,0.82,0.74,0.84,0.8,0.78,0.93,0.89,1
scen_000079,inc_scen_000079_01,node_03,mesh_svc_3,slow_query,0.22,0.52,0.15,0.43,0.46,0.51,0.17,0
scen_000079,inc_scen_000079_01,node_04,mesh_svc_4,cpu_saturation,0.61,0.4,0.29,0.38,0.18,0.62,0.39,0
scen_000079,inc_scen_000079_01,node_05,mesh_svc_5,cpu_saturation,0.21,0.11,0.14,0.4,0.54,0.53,0.22,0
scen_000079,inc_scen_000079_01,node_06,mesh_svc_6,cpu_saturation,0.73,0.22,0.49,0.13,0.27,0.57,0.12,0
scen_000079,inc_scen_000079_01,node_07,mesh_svc_7,slow_query,0.25,0.66,0.55,0.78,0.26,0.72,0.27,0
scen_000079,inc_scen_000079_01,node_08,mesh_svc_8,cpu_saturation,0.71,0.69,0.13,0.75,0.57,0.82,0.09,0
scen_000079,inc_scen_000079_01,node_09,mesh_svc_9,cpu_saturation,0.74,0.1,0.31,0.23,0.14,0.79,0.23,0
scen_000079,inc_scen_000079_01,node_10,mesh_svc_10,cpu_saturation,0.79,0.33,0.12,0.18,0.28,0.82,0.48,0
scen_000082,inc_scen_000082_01,node_00,mesh_svc_0,slow_query,0.58,0.49,0.32,0.19,0.12,0.13,0.35,0
scen_000082,inc_scen_000082_01,node_01,mesh_svc_1,cpu_saturation,0.63,0.81,0.36,0.23,0.53,0.26,0.14,0
scen_000082,inc_scen_000082_01,node_02,mesh_svc_2,network_latency,0.55,0.37,0.21,0.1,0.6,0.66,0.15,0
scen_000082,inc_scen_000082_01,node_03,mesh_svc_3,slow_query,0.84,0.81,0.46,0.12,0.63,0.21,0.21,0
scen_000082,inc_scen_000082_01,node_04,mesh_svc_4,network_latency,0.49,0.43,0.28,0.16,0.63,0.21,0.19,0
scen_000082,inc_scen_000082_01,node_05,mesh_svc_5,network_latency,0.14,0.59,0.49,0.78,0.3,0.84,0.21,0
scen_000082,inc_scen_000082_01,node_06,mesh_svc_6,network_latency,0.39,0.33,0.31,0.16,0.3,0.35,0.35,0
scen_000082,inc_scen_000082_01,node_07,mesh_svc_7,cpu_saturation,0.73,0.42,0.23,0.27,0.48,0.42,0.23,0
scen_000082,inc_scen_000082_01,node_08,mesh_svc_8,cpu_saturation,0.28,0.12,0.25,0.26,0.22,0.38,0.13,0
scen_000082,inc_scen_000082_01,node_09,mesh_svc_9,slow_query,0.39,0.41,0.42,0.53,0.18,0.71,0.14,0
scen_000082,inc_scen_000082_01,node_10,mesh_svc_10,slow_query,0.66,0.41,0.17,0.8,0.5,0.82,0.48,0
scen_000082,inc_scen_000082_01,node_11,mesh_svc_11,cpu_saturation,0.32,0.42,0.53,0.5,0.36,0.21,0.08,0
scen_000082,inc_scen_000082_01,node_12,mesh_svc_12,cpu_saturation,0.73,0.39,0.18,0.75,0.06,0.2,0.34,0
scen_000082,inc_scen_000082_01,node_13,mesh_svc_13,network_latency,0.24,0.31,0.4,0.12,0.29,0.8,0.37,0
scen_000082,inc_scen_000082_01,node_14,mesh_svc_14,network_latency,0.6,0.31,0.14,0.49,0.35,0.12,0.32,0
scen_000082,inc_scen_000082_01,node_15,mesh_svc_15,cpu_saturation,0.5,0.59,0.4,0.53,0.26,0.59,0.43,0
scen_000082,inc_scen_000082_01,node_16,mesh_svc_16,network_latency,0.18,0.35,0.44,0.41,0.23,0.51,0.27,0
scen_000082,inc_scen_000082_01,node_17,mesh_svc_17,memory_exhaustion,0.83,0.89,0.95,0.7,0.92,0.86,0.87,1
scen_000082,inc_scen_000082_01,node_18,mesh_svc_18,slow_query,0.73,0.82,0.46,0.33,0.53,0.3,0.41,0
scen_000082,inc_scen_000082_01,node_19,mesh_svc_19,slow_query,0.48,0.3,0.48,0.23,0.13,0.43,0.39,0
scen_000082,inc_scen_000082_01,node_20,mesh_svc_20,network_latency,0.37,0.45,0.5,0.54,0.54,0.15,0.35,0
scen_000082,inc_scen_000082_01,node_21,mesh_svc_21,network_latency,0.4,0.17,0.46,0.27,0.5,0.68,0.33,0
scen_000082,inc_scen_000082_01,node_22,mesh_svc_22,cpu_saturation,0.25,0.55,0.27,0.28,0.27,0.7,0.33,0
scen_000082,inc_scen_000082_01,node_23,mesh_svc_23,slow_query,0.13,0.34,0.28,0.28,0.26,0.4,0.14,0
scen_000082,inc_scen_000082_01,node_24,mesh_svc_24,slow_query,0.44,0.2,0.5,0.28,0.09,0.36,0.25,0
scen_000082,inc_scen_000082_01,node_25,mesh_svc_25,cpu_saturation,0.66,0.9,0.49,0.74,0.49,0.37,0.46,0
scen_000082,inc_scen_000082_01,node_26,mesh_svc_26,network_latency,0.37,0.13,0.22,0.77,0.57,0.55,0.18,0
scen_000082,inc_scen_000082_01,node_27,mesh_svc_27,network_latency,0.22,0.12,0.46,0.35,0.09,0.69,0.08,0
scen_000082,inc_scen_000082_01,node_28,mesh_svc_28,slow_query,0.38,0.85,0.36,0.7,0.61,0.49,0.26,0
scen_000082,inc_scen_000082_02,node_00,mesh_svc_0,network_latency,0.88,0.89,0.82,0.86,0.76,0.8,0.89,1
scen_000082,inc_scen_000082_02,node_01,mesh_svc_1,cpu_saturation,0.5,0.26,0.45,0.42,0.32,0.47,0.12,0
scen_000082,inc_scen_000082_02,node_02,mesh_svc_2,cpu_saturation,0.34,0.63,0.15,0.77,0.26,0.73,0.44,0
scen_000082,inc_scen_000082_02,node_03,mesh_svc_3,slow_query,0.39,0.23,0.21,0.3,0.34,0.56,0.3,0
scen_000082,inc_scen_000082_02,node_04,mesh_svc_4,cpu_saturation,0.5,0.43,0.26,0.8,0.11,0.35,0.12,0
scen_000082,inc_scen_000082_02,node_05,mesh_svc_5,slow_query,0.84,0.44,0.13,0.7,0.5,0.67,0.29,0
scen_000082,inc_scen_000082_02,node_06,mesh_svc_6,slow_query,0.77,0.19,0.44,0.72,0.14,0.56,0.36,0
scen_000082,inc_scen_000082_02,node_07,mesh_svc_7,slow_query,0.85,0.43,0.49,0.32,0.18,0.85,0.27,0
scen_000082,inc_scen_000082_02,node_08,mesh_svc_8,network_latency,0.52,0.55,0.55,0.42,0.25,0.42,0.42,0
scen_000082,inc_scen_000082_02,node_09,mesh_svc_9,cpu_saturation,0.53,0.63,0.3,0.67,0.55,0.1,0.3,0
scen_000082,inc_scen_000082_02,node_10,mesh_svc_10,network_latency,0.42,0.5,0.27,0.32,0.09,0.37,0.34,0
scen_000082,inc_scen_000082_02,node_11,mesh_svc_11,slow_query,0.46,0.14,0.13,0.7,0.26,0.22,0.47,0
scen_000082,inc_scen_000082_02,node_12,mesh_svc_12,slow_query,0.25,0.57,0.48,0.14,0.64,0.55,0.48,0
scen_000082,inc_scen_000082_02,node_13,mesh_svc_13,cpu_saturation,0.35,0.84,0.14,0.6,0.37,0.11,0.37,0
scen_000082,inc_scen_000082_02,node_14,mesh_svc_14,cpu_saturation,0.81,0.37,0.26,0.7,0.55,0.75,0.16,0
scen_000082,inc_scen_000082_02,node_15,mesh_svc_15,slow_query,0.59,0.61,0.47,0.17,0.32,0.5,0.23,0
scen_000082,inc_scen_000082_02,node_16,mesh_svc_16,cpu_saturation,0.68,0.27,0.59,0.64,0.58,0.74,0.11,0
scen_000082,inc_scen_000082_02,node_17,mesh_svc_17,network_latency,0.13,0.14,0.57,0.36,0.06,0.79,0.38,0
scen_000082,inc_scen_000082_02,node_18,mesh_svc_18,cpu_saturation,0.44,0.65,0.49,0.24,0.18,0.14,0.28,0
scen_000082,inc_scen_000082_02,node_19,mesh_svc_19,slow_query,0.61,0.44,0.38,0.6,0.05,0.26,0.28,0
scen_000082,inc_scen_000082_02,node_20,mesh_svc_20,cpu_saturation,0.7,0.32,0.51,0.42,0.08,0.1,0.24,0
scen_000082,inc_scen_000082_02,node_21,mesh_svc_21,cpu_saturation,0.65,0.41,0.47,0.47,0.69,0.6,0.43,0
scen_000082,inc_scen_000082_02,node_22,mesh_svc_22,cpu_saturation,0.37,0.85,0.56,0.52,0.32,0.67,0.44,0
scen_000082,inc_scen_000082_02,node_23,mesh_svc_23,network_latency,0.31,0.63,0.22,0.61,0.25,0.76,0.44,0
scen_000082,inc_scen_000082_02,node_24,mesh_svc_24,cpu_saturation,0.79,0.48,0.3,0.53,0.48,0.71,0.25,0
scen_000082,inc_scen_000082_02,node_25,mesh_svc_25,slow_query,0.35,0.27,0.57,0.43,0.2,0.7,0.44,0
scen_000082,inc_scen_000082_02,node_26,mesh_svc_26,network_latency,0.43,0.58,0.31,0.24,0.23,0.83,0.48,0
scen_000082,inc_scen_000082_02,node_27,mesh_svc_27,cpu_saturation,0.49,0.83,0.52,0.45,0.35,0.15,0.3,0
scen_000082,inc_scen_000082_02,node_28,mesh_svc_28,network_latency,0.14,0.83,0.44,0.29,0.54,0.71,0.42,0
scen_000083,inc_scen_000083_01,ingest_01,ingestion_gateway,network_latency,0.13,0.88,0.47,0.26,0.55,0.7,0.45,0
scen_000083,inc_scen_000083_01,kafka_broker,kafka,network_latency,0.47,0.6,0.4,0.45,0.27,0.11,0.48,0
scen_000083,inc_scen_000083_01,notif_01,notification_service,slow_query,0.48,0.75,0.44,0.3,0.45,0.47,0.39,0
scen_000083,inc_scen_000083_01,user_01,user_service,slow_query,0.59,0.53,0.21,0.63,0.06,0.3,0.13,0
scen_000083,inc_scen_000083_01,db_event,mysql,cpu_saturation,0.63,0.33,0.59,0.38,0.29,0.22,0.15,0
scen_000083,inc_scen_000083_01,consumer_1,kafka_consumer_1,cpu_saturation,0.13,0.19,0.19,0.14,0.41,0.14,0.41,0
scen_000083,inc_scen_000083_01,consumer_2,kafka_consumer_2,network_latency,0.49,0.53,0.41,0.29,0.57,0.47,0.42,0
scen_000083,inc_scen_000083_01,consumer_3,kafka_consumer_3,network_latency,0.61,0.61,0.55,0.44,0.23,0.5,0.13,0
scen_000083,inc_scen_000083_01,consumer_4,kafka_consumer_4,network_latency,0.16,0.84,0.44,0.44,0.08,0.65,0.43,0
scen_000083,inc_scen_000083_01,consumer_5,kafka_consumer_5,cpu_saturation,0.74,0.8,0.2,0.73,0.57,0.77,0.39,0
scen_000083,inc_scen_000083_01,consumer_6,kafka_consumer_6,cpu_saturation,0.69,0.71,0.22,0.29,0.62,0.11,0.31,0
scen_000083,inc_scen_000083_01,consumer_7,kafka_consumer_7,slow_query,0.26,0.54,0.57,0.3,0.64,0.13,0.32,0
scen_000083,inc_scen_000083_01,consumer_8,kafka_consumer_8,slow_query,0.78,0.26,0.2,0.4,0.46,0.81,0.43,0
scen_000083,inc_scen_000083_01,consumer_9,kafka_consumer_9,network_latency,0.15,0.55,0.43,0.3,0.63,0.7,0.42,0
scen_000083,inc_scen_000083_01,consumer_10,kafka_consumer_10,network_latency,0.83,0.14,0.45,0.51,0.69,0.24,0.49,0
scen_000083,inc_scen_000083_01,consumer_11,kafka_consumer_11,cpu_saturation,0.45,0.87,0.53,0.71,0.44,0.18,0.42,0
scen_000083,inc_scen_000083_01,consumer_12,kafka_consumer_12,cpu_saturation,0.32,0.89,0.18,0.18,0.69,0.79,0.5,0
scen_000083,inc_scen_000083_01,consumer_13,kafka_consumer_13,network_latency,0.19,0.83,0.42,0.51,0.44,0.53,0.39,0
scen_000083,inc_scen_000083_01,consumer_14,kafka_consumer_14,cpu_saturation,0.17,0.14,0.49,0.5,0.17,0.63,0.11,0
scen_000083,inc_scen_000083_01,consumer_15,kafka_consumer_15,slow_query,0.65,0.9,0.23,0.29,0.41,0.72,0.3,0
scen_000083,inc_scen_000083_01,consumer_16,kafka_consumer_16,cpu_saturation,0.38,0.69,0.33,0.55,0.46,0.12,0.11,0
scen_000083,inc_scen_000083_01,consumer_17,kafka_consumer_17,cpu_saturation,0.32,0.17,0.33,0.57,0.35,0.25,0.16,0
scen_000083,inc_scen_000083_01,consumer_18,kafka_consumer_18,network_latency,0.2,0.53,0.28,0.73,0.09,0.37,0.2,0
scen_000083,inc_scen_000083_01,consumer_19,kafka_consumer_19,slow_query,0.4,0.81,0.51,0.25,0.37,0.45,0.46,0
scen_000083,inc_scen_000083_01,consumer_20,kafka_consumer_20,slow_query,0.16,0.66,0.27,0.39,0.54,0.33,0.14,0
scen_000083,inc_scen_000083_01,consumer_21,kafka_consumer_21,network_latency,0.29,0.3,0.12,0.8,0.15,0.58,0.06,0
scen_000083,inc_scen_000083_01,consumer_22,kafka_consumer_22,cpu_saturation,0.69,0.41,0.33,0.41,0.49,0.76,0.35,0
scen_000083,inc_scen_000083_01,consumer_23,kafka_consumer_23,slow_query,0.2,0.61,0.11,0.15,0.38,0.55,0.26,0
scen_000083,inc_scen_000083_01,consumer_24,kafka_consumer_24,slow_query,0.32,0.42,0.19,0.35,0.07,0.7,0.09,0
scen_000083,inc_scen_000083_01,consumer_25,kafka_consumer_25,slow_query,0.51,0.82,0.29,0.15,0.13,0.22,0.24,0
scen_000083,inc_scen_000083_01,consumer_26,kafka_consumer_26,cpu_saturation,0.89,0.71,0.93,0.75,0.73,0.96,0.88,1
scen_000083,inc_scen_000083_01,consumer_27,kafka_consumer_27,slow_query,0.58,0.75,0.45,0.24,0.32,0.22,0.16,0
scen_000083,inc_scen_000083_01,consumer_28,kafka_consumer_28,network_latency,0.52,0.69,0.15,0.7,0.64,0.81,0.48,0
scen_000084,inc_scen_000084_01,ingest_01,ingestion_gateway,slow_query,0.46,0.73,0.14,0.4,0.33,0.78,0.48,0
scen_000084,inc_scen_000084_01,kafka_broker,kafka,cpu_saturation,0.17,0.39,0.25,0.6,0.22,0.77,0.11,0
scen_000084,inc_scen_000084_01,notif_01,notification_service,cpu_saturation,0.82,0.77,0.6,0.75,0.08,0.65,0.37,0
scen_000084,inc_scen_000084_01,user_01,user_service,network_latency,0.7,0.1,0.28,0.73,0.57,0.69,0.18,0
scen_000084,inc_scen_000084_01,db_event,mysql,cpu_saturation,0.78,0.3,0.29,0.12,0.15,0.59,0.22,0
scen_000084,inc_scen_000084_01,consumer_1,kafka_consumer_1,cpu_saturation,0.3,0.24,0.55,0.21,0.27,0.67,0.29,0
scen_000084,inc_scen_000084_01,consumer_2,kafka_consumer_2,network_latency,0.3,0.17,0.12,0.21,0.54,0.64,0.18,0
scen_000084,inc_scen_000084_01,consumer_3,kafka_consumer_3,service_crash,0.78,0.77,0.82,0.81,0.89,0.87,0.86,1
scen_000084,inc_scen_000084_01,consumer_4,kafka_consumer_4,cpu_saturation,0.23,0.26,0.15,0.4,0.55,0.36,0.35,0
scen_000084,inc_scen_000084_01,consumer_5,kafka_consumer_5,slow_query,0.21,0.4,0.31,0.18,0.62,0.65,0.18,0
scen_000084,inc_scen_000084_01,consumer_6,kafka_consumer_6,slow_query,0.77,0.51,0.43,0.13,0.31,0.67,0.43,0
scen_000084,inc_scen_000084_01,consumer_7,kafka_consumer_7,cpu_saturation,0.6,0.22,0.27,0.63,0.63,0.63,0.45,0
scen_000084,inc_scen_000084_01,consumer_8,kafka_consumer_8,cpu_saturation,0.84,0.29,0.28,0.63,0.25,0.14,0.11,0
scen_000084,inc_scen_000084_01,consumer_9,kafka_consumer_9,slow_query,0.34,0.47,0.28,0.43,0.1,0.47,0.23,0
scen_000084,inc_scen_000084_01,consumer_10,kafka_consumer_10,network_latency,0.64,0.48,0.17,0.63,0.2,0.43,0.31,0
scen_000084,inc_scen_000084_01,consumer_11,kafka_consumer_11,slow_query,0.19,0.35,0.29,0.17,0.37,0.19,0.19,0
scen_000084,inc_scen_000084_01,consumer_12,kafka_consumer_12,cpu_saturation,0.24,0.35,0.48,0.23,0.31,0.28,0.1,0
scen_000084,inc_scen_000084_01,consumer_13,kafka_consumer_13,cpu_saturation,0.79,0.49,0.32,0.19,0.57,0.45,0.19,0
scen_000084,inc_scen_000084_01,consumer_14,kafka_consumer_14,slow_query,0.72,0.52,0.38,0.35,0.55,0.48,0.17,0
scen_000084,inc_scen_000084_01,consumer_15,kafka_consumer_15,network_latency,0.68,0.81,0.22,0.75,0.07,0.66,0.39,0
scen_000084,inc_scen_000084_01,consumer_16,kafka_consumer_16,cpu_saturation,0.63,0.13,0.43,0.44,0.2,0.82,0.41,0
scen_000084,inc_scen_000084_01,consumer_17,kafka_consumer_17,slow_query,0.83,0.22,0.31,0.37,0.57,0.2,0.47,0
scen_000084,inc_scen_000084_01,consumer_18,kafka_consumer_18,cpu_saturation,0.82,0.76,0.56,0.68,0.27,0.84,0.31,0
scen_000084,inc_scen_000084_01,consumer_19,kafka_consumer_19,cpu_saturation,0.16,0.71,0.19,0.7,0.4,0.65,0.38,0
scen_000085,inc_scen_000085_01,gw_01,api_gateway,network_latency,0.2,0.19,0.19,0.29,0.11,0.29,0.46,0
scen_000085,inc_scen_000085_01,lb_01,load_balancer,network_latency,0.29,0.8,0.32,0.76,0.61,0.3,0.41,0
scen_000085,inc_scen_000085_01,auth_01,auth_service,slow_query,0.81,0.14,0.42,0.26,0.42,0.21,0.26,0
scen_000085,inc_scen_000085_01,web_01,web_service,network_latency,0.78,0.27,0.24,0.67,0.43,0.22,0.12,0
scen_000085,inc_scen_000085_01,db_01,postgresql,network_latency,0.16,0.56,0.16,0.53,0.47,0.58,0.18,0
scen_000085,inc_scen_000085_01,sub_svc_2,sub_service_2,slow_query,0.75,0.65,0.24,0.31,0.4,0.75,0.36,0
scen_000085,inc_scen_000085_01,sub_svc_3,sub_service_3,network_latency,0.32,0.89,0.15,0.57,0.27,0.62,0.43,0
scen_000085,inc_scen_000085_01,sub_svc_4,sub_service_4,network_latency,0.58,0.75,0.56,0.49,0.28,0.52,0.1,0
scen_000085,inc_scen_000085_01,sub_svc_5,sub_service_5,container_restart_loop,0.77,0.87,0.91,0.92,0.89,0.81,0.93,1
scen_000085,inc_scen_000085_01,sub_svc_6,sub_service_6,cpu_saturation,0.44,0.15,0.56,0.63,0.67,0.2,0.37,0
scen_000086,inc_scen_000086_01,gw_01,api_gateway,slow_query,0.76,0.65,0.36,0.66,0.34,0.64,0.17,0
scen_000086,inc_scen_000086_01,auth_01,auth_service,cpu_saturation,0.41,0.31,0.12,0.69,0.55,0.59,0.24,0
scen_000086,inc_scen_000086_01,order_01,order_service,slow_query,0.18,0.83,0.37,0.36,0.12,0.61,0.4,0
scen_000086,inc_scen_000086_01,pay_01,payment_service,slow_query,0.2,0.61,0.14,0.41,0.41,0.65,0.06,0
scen_000086,inc_scen_000086_01,inv_01,inventory_service,cpu_saturation,0.46,0.71,0.12,0.49,0.22,0.83,0.31,0
scen_000086,inc_scen_000086_01,db_master,postgresql,cpu_saturation,0.62,0.76,0.4,0.55,0.36,0.17,0.25,0
scen_000086,inc_scen_000086_01,cache_01,redis,cpu_saturation,0.13,0.19,0.46,0.13,0.63,0.23,0.21,0
scen_000086,inc_scen_000086_01,mq_01,kafka,slow_query,0.28,0.5,0.42,0.29,0.67,0.79,0.37,0
scen_000086,inc_scen_000086_01,ecom_aux_1,user_service_1,network_latency,0.43,0.5,0.32,0.53,0.07,0.5,0.09,0
scen_000086,inc_scen_000086_01,ecom_aux_2,user_service_2,cpu_saturation,0.62,0.29,0.44,0.18,0.62,0.84,0.15,0
scen_000086,inc_scen_000086_01,ecom_aux_3,user_service_3,slow_query,0.61,0.27,0.21,0.58,0.12,0.15,0.12,0
scen_000086,inc_scen_000086_01,ecom_aux_4,user_service_4,slow_query,0.11,0.16,0.45,0.18,0.56,0.1,0.33,0
scen_000086,inc_scen_000086_01,ecom_aux_5,user_service_5,slow_query,0.35,0.44,0.19,0.41,0.26,0.38,0.37,0
scen_000086,inc_scen_000086_01,ecom_aux_6,user_service_6,cpu_saturation,0.74,0.69,0.36,0.25,0.55,0.33,0.42,0
scen_000086,inc_scen_000086_01,ecom_aux_7,user_service_7,slow_query,0.63,0.32,0.2,0.61,0.39,0.69,0.43,0
scen_000086,inc_scen_000086_01,ecom_aux_8,user_service_8,cpu_saturation,0.47,0.43,0.54,0.23,0.29,0.55,0.46,0
scen_000086,inc_scen_000086_01,ecom_aux_9,user_service_9,network_latency,0.35,0.71,0.28,0.1,0.49,0.4,0.4,0
scen_000086,inc_scen_000086_01,ecom_aux_10,user_service_10,network_latency,0.45,0.74,0.24,0.19,0.39,0.46,0.06,0
scen_000086,inc_scen_000086_01,ecom_aux_11,user_service_11,authentication_failure,0.89,0.78,0.93,0.76,0.83,0.79,0.94,1
scen_000086,inc_scen_000086_01,ecom_aux_12,user_service_12,network_latency,0.21,0.34,0.36,0.38,0.23,0.73,0.3,0
scen_000086,inc_scen_000086_01,ecom_aux_13,user_service_13,cpu_saturation,0.26,0.23,0.22,0.11,0.24,0.53,0.22,0
scen_000086,inc_scen_000086_01,ecom_aux_14,user_service_14,cpu_saturation,0.73,0.25,0.41,0.36,0.32,0.77,0.09,0
scen_000086,inc_scen_000086_01,ecom_aux_15,user_service_15,network_latency,0.21,0.34,0.48,0.67,0.53,0.61,0.38,0
scen_000087,inc_scen_000087_01,gw_01,api_gateway,slow_query,0.64,0.57,0.57,0.51,0.32,0.63,0.4,0
scen_000087,inc_scen_000087_01,auth_01,auth_service,cpu_saturation,0.2,0.79,0.2,0.44,0.68,0.53,0.29,0
scen_000087,inc_scen_000087_01,order_01,order_service,slow_query,0.14,0.87,0.13,0.65,0.13,0.54,0.11,0
scen_000087,inc_scen_000087_01,pay_01,payment_service,deadlock,0.79,0.73,0.82,0.86,0.92,0.79,0.91,1
scen_000087,inc_scen_000087_01,inv_01,inventory_service,slow_query,0.78,0.13,0.2,0.42,0.45,0.38,0.31,0
scen_000087,inc_scen_000087_01,db_master,postgresql,cpu_saturation,0.27,0.34,0.56,0.55,0.48,0.55,0.47,0
scen_000087,inc_scen_000087_01,cache_01,redis,slow_query,0.45,0.55,0.29,0.56,0.31,0.56,0.18,0
scen_000087,inc_scen_000087_01,mq_01,kafka,slow_query,0.82,0.32,0.17,0.61,0.36,0.15,0.37,0
scen_000087,inc_scen_000087_01,ecom_aux_1,user_service_1,network_latency,0.8,0.88,0.42,0.72,0.4,0.66,0.09,0
scen_000087,inc_scen_000087_01,ecom_aux_2,user_service_2,cpu_saturation,0.79,0.13,0.51,0.48,0.48,0.34,0.49,0
scen_000087,inc_scen_000087_01,ecom_aux_3,user_service_3,network_latency,0.58,0.17,0.31,0.63,0.69,0.56,0.08,0
scen_000087,inc_scen_000087_01,ecom_aux_4,user_service_4,network_latency,0.63,0.45,0.47,0.73,0.47,0.74,0.44,0
scen_000087,inc_scen_000087_01,ecom_aux_5,user_service_5,network_latency,0.58,0.58,0.58,0.62,0.5,0.74,0.4,0
scen_000087,inc_scen_000087_01,ecom_aux_6,user_service_6,slow_query,0.74,0.73,0.41,0.27,0.12,0.25,0.25,0
scen_000087,inc_scen_000087_01,ecom_aux_7,user_service_7,cpu_saturation,0.41,0.47,0.16,0.62,0.16,0.36,0.26,0
scen_000087,inc_scen_000087_01,ecom_aux_8,user_service_8,network_latency,0.16,0.22,0.15,0.64,0.29,0.72,0.37,0
scen_000087,inc_scen_000087_01,ecom_aux_9,user_service_9,cpu_saturation,0.19,0.84,0.3,0.7,0.39,0.83,0.26,0
scen_000087,inc_scen_000087_01,ecom_aux_10,user_service_10,network_latency,0.83,0.18,0.11,0.25,0.45,0.26,0.14,0
scen_000087,inc_scen_000087_01,ecom_aux_11,user_service_11,network_latency,0.16,0.34,0.38,0.64,0.6,0.35,0.18,0
scen_000089,inc_scen_000089_01,node_00,mesh_svc_0,slow_query,0.77,0.74,0.15,0.57,0.57,0.37,0.21,0
scen_000089,inc_scen_000089_01,node_01,mesh_svc_1,cpu_saturation,0.74,0.21,0.44,0.63,0.33,0.68,0.46,0
scen_000089,inc_scen_000089_01,node_02,mesh_svc_2,cpu_saturation,0.63,0.62,0.17,0.63,0.56,0.51,0.19,0
scen_000089,inc_scen_000089_01,node_03,mesh_svc_3,slow_query,0.39,0.74,0.41,0.35,0.19,0.24,0.28,0
scen_000089,inc_scen_000089_01,node_04,mesh_svc_4,slow_query,0.39,0.35,0.57,0.4,0.54,0.19,0.42,0
scen_000089,inc_scen_000089_01,node_05,mesh_svc_5,network_latency,0.24,0.53,0.23,0.57,0.68,0.13,0.07,0
scen_000089,inc_scen_000089_01,node_06,mesh_svc_6,slow_query,0.36,0.67,0.3,0.52,0.08,0.75,0.14,0
scen_000089,inc_scen_000089_01,node_07,mesh_svc_7,cpu_saturation,0.11,0.59,0.18,0.65,0.3,0.52,0.49,0
scen_000089,inc_scen_000089_01,node_08,mesh_svc_8,cpu_saturation,0.82,0.54,0.25,0.67,0.22,0.11,0.49,0
scen_000089,inc_scen_000089_01,node_09,mesh_svc_9,slow_query,0.5,0.1,0.36,0.14,0.28,0.79,0.31,0
scen_000089,inc_scen_000089_01,node_10,mesh_svc_10,network_latency,0.46,0.84,0.22,0.22,0.1,0.75,0.35,0
scen_000089,inc_scen_000089_01,node_11,mesh_svc_11,cpu_saturation,0.44,0.45,0.55,0.37,0.22,0.64,0.26,0
scen_000089,inc_scen_000089_01,node_12,mesh_svc_12,slow_query,0.65,0.52,0.49,0.75,0.56,0.42,0.16,0
scen_000089,inc_scen_000089_01,node_13,mesh_svc_13,cpu_saturation,0.54,0.83,0.2,0.38,0.61,0.83,0.26,0
scen_000089,inc_scen_000089_01,node_14,mesh_svc_14,network_latency,0.74,0.66,0.36,0.11,0.36,0.62,0.48,0
scen_000089,inc_scen_000089_01,node_15,mesh_svc_15,slow_query,0.35,0.55,0.34,0.65,0.21,0.12,0.13,0
scen_000089,inc_scen_000089_01,node_16,mesh_svc_16,cpu_saturation,0.77,0.8,0.38,0.18,0.41,0.29,0.49,0
scen_000089,inc_scen_000089_01,node_17,mesh_svc_17,network_latency,0.84,0.66,0.29,0.13,0.33,0.68,0.34,0
scen_000089,inc_scen_000089_01,node_18,mesh_svc_18,cpu_saturation,0.35,0.7,0.49,0.48,0.38,0.48,0.45,0
scen_000089,inc_scen_000089_01,node_19,mesh_svc_19,slow_query,0.72,0.19,0.2,0.32,0.61,0.85,0.35,0
scen_000089,inc_scen_000089_01,node_20,mesh_svc_20,slow_query,0.38,0.84,0.16,0.33,0.09,0.78,0.19,0
scen_000089,inc_scen_000089_01,node_21,mesh_svc_21,slow_query,0.2,0.28,0.4,0.77,0.69,0.56,0.33,0
scen_000089,inc_scen_000089_01,node_22,mesh_svc_22,slow_query,0.65,0.89,0.43,0.53,0.47,0.46,0.06,0
scen_000089,inc_scen_000089_01,node_23,mesh_svc_23,network_latency,0.59,0.89,0.3,0.23,0.64,0.29,0.5,0
scen_000089,inc_scen_000089_01,node_24,mesh_svc_24,slow_query,0.6,0.64,0.28,0.6,0.49,0.35,0.31,0
scen_000089,inc_scen_000089_01,node_25,mesh_svc_25,cpu_saturation,0.7,0.23,0.57,0.36,0.24,0.48,0.36,0
scen_000089,inc_scen_000089_01,node_26,mesh_svc_26,database_slow_queries,0.94,0.95,0.81,0.93,0.89,0.98,0.89,1
scen_000089,inc_scen_000089_01,node_27,mesh_svc_27,slow_query,0.29,0.3,0.18,0.14,0.1,0.62,0.35,0
scen_000089,inc_scen_000089_01,node_28,mesh_svc_28,slow_query,0.61,0.51,0.57,0.38,0.13,0.17,0.32,0
scen_000089,inc_scen_000089_01,node_29,mesh_svc_29,cpu_saturation,0.82,0.47,0.48,0.72,0.64,0.6,0.1,0
scen_000089,inc_scen_000089_01,node_30,mesh_svc_30,network_latency,0.27,0.14,0.13,0.28,0.45,0.36,0.46,0
scen_000089,inc_scen_000089_01,node_31,mesh_svc_31,slow_query,0.55,0.33,0.2,0.4,0.05,0.56,0.18,0
scen_000089,inc_scen_000089_01,node_32,mesh_svc_32,slow_query,0.44,0.62,0.2,0.76,0.67,0.31,0.48,0
scen_000089,inc_scen_000089_01,node_33,mesh_svc_33,network_latency,0.65,0.77,0.58,0.32,0.6,0.16,0.16,0
scen_000089,inc_scen_000089_01,node_34,mesh_svc_34,slow_query,0.11,0.7,0.25,0.68,0.46,0.2,0.49,0
scen_000089,inc_scen_000089_01,node_35,mesh_svc_35,cpu_saturation,0.83,0.52,0.46,0.78,0.63,0.8,0.19,0
scen_000089,inc_scen_000089_01,node_36,mesh_svc_36,slow_query,0.4,0.5,0.56,0.59,0.27,0.4,0.45,0
scen_000089,inc_scen_000089_01,node_37,mesh_svc_37,slow_query,0.46,0.89,0.42,0.78,0.33,0.33,0.31,0
scen_000089,inc_scen_000089_01,node_38,mesh_svc_38,slow_query,0.17,0.56,0.35,0.34,0.42,0.6,0.45,0
scen_000091,inc_scen_000091_01,gw_01,api_gateway,slow_query,0.11,0.88,0.4,0.72,0.26,0.84,0.42,0
scen_000091,inc_scen_000091_01,rec_01,recommendation_service,slow_query,0.71,0.67,0.34,0.71,0.39,0.35,0.29,0
scen_000091,inc_scen_000091_01,es_01,elasticsearch,cpu_saturation,0.12,0.86,0.36,0.6,0.69,0.5,0.22,0
scen_000091,inc_scen_000091_01,redis_01,redis,cpu_saturation,0.11,0.18,0.13,0.76,0.37,0.12,0.35,0
scen_000091,inc_scen_000091_01,mongo_01,mongodb,slow_query,0.16,0.13,0.55,0.37,0.2,0.67,0.31,0
scen_000091,inc_scen_000091_01,search_node_1,search_aux_1,network_latency,0.29,0.32,0.19,0.55,0.66,0.36,0.38,0
scen_000091,inc_scen_000091_01,search_node_2,search_aux_2,slow_query,0.72,0.25,0.54,0.29,0.15,0.16,0.17,0
scen_000091,inc_scen_000091_01,search_node_3,search_aux_3,network_latency,0.81,0.13,0.28,0.78,0.33,0.71,0.28,0
scen_000091,inc_scen_000091_01,search_node_4,search_aux_4,slow_query,0.35,0.82,0.59,0.11,0.53,0.57,0.45,0
scen_000091,inc_scen_000091_01,search_node_5,search_aux_5,cpu_saturation,0.76,0.78,0.11,0.39,0.35,0.21,0.33,0
scen_000091,inc_scen_000091_01,search_node_6,search_aux_6,network_latency,0.34,0.24,0.52,0.29,0.12,0.38,0.2,0
scen_000091,inc_scen_000091_01,search_node_7,search_aux_7,network_latency,0.5,0.29,0.13,0.26,0.68,0.62,0.07,0
scen_000091,inc_scen_000091_01,search_node_8,search_aux_8,slow_query,0.62,0.73,0.24,0.28,0.43,0.18,0.36,0
scen_000091,inc_scen_000091_01,search_node_9,search_aux_9,slow_query,0.81,0.17,0.2,0.27,0.08,0.65,0.21,0
scen_000091,inc_scen_000091_01,search_node_10,search_aux_10,slow_query,0.65,0.19,0.22,0.33,0.47,0.65,0.42,0
scen_000091,inc_scen_000091_01,search_node_11,search_aux_11,network_latency,0.33,0.63,0.43,0.45,0.07,0.55,0.35,0
scen_000091,inc_scen_000091_01,search_node_12,search_aux_12,slow_query,0.76,0.87,0.37,0.11,0.69,0.12,0.47,0
scen_000091,inc_scen_000091_01,search_node_13,search_aux_13,network_latency,0.25,0.6,0.42,0.26,0.12,0.15,0.13,0
scen_000091,inc_scen_000091_01,search_node_14,search_aux_14,slow_query,0.82,0.83,0.12,0.49,0.12,0.42,0.32,0
scen_000091,inc_scen_000091_01,search_node_15,search_aux_15,network_latency,0.65,0.2,0.51,0.76,0.42,0.69,0.08,0
scen_000091,inc_scen_000091_01,search_node_16,search_aux_16,network_latency,0.6,0.32,0.13,0.2,0.5,0.32,0.07,0
scen_000091,inc_scen_000091_01,search_node_17,search_aux_17,slow_query,0.6,0.16,0.26,0.3,0.58,0.18,0.45,0
scen_000091,inc_scen_000091_01,search_node_18,search_aux_18,slow_query,0.15,0.24,0.28,0.31,0.34,0.85,0.29,0
scen_000091,inc_scen_000091_01,search_node_19,search_aux_19,network_latency,0.51,0.46,0.5,0.16,0.09,0.29,0.2,0
scen_000091,inc_scen_000091_01,search_node_20,search_aux_20,cpu_saturation,0.25,0.47,0.5,0.16,0.51,0.39,0.17,0
scen_000091,inc_scen_000091_01,search_node_21,search_aux_21,slow_query,0.16,0.86,0.33,0.39,0.65,0.82,0.15,0
scen_000091,inc_scen_000091_01,search_node_22,search_aux_22,network_latency,0.55,0.82,0.25,0.79,0.43,0.56,0.07,0
scen_000091,inc_scen_000091_01,search_node_23,search_aux_23,cpu_saturation,0.14,0.11,0.52,0.75,0.53,0.46,0.28,0
scen_000091,inc_scen_000091_01,search_node_24,search_aux_24,slow_query,0.42,0.88,0.58,0.11,0.31,0.31,0.31,0
scen_000091,inc_scen_000091_01,search_node_25,search_aux_25,cpu_saturation,0.6,0.69,0.19,0.18,0.17,0.39,0.33,0
scen_000091,inc_scen_000091_01,search_node_26,search_aux_26,network_latency,0.71,0.3,0.27,0.41,0.61,0.63,0.16,0
scen_000091,inc_scen_000091_01,search_node_27,search_aux_27,cpu_saturation,0.33,0.44,0.34,0.63,0.51,0.68,0.09,0
scen_000091,inc_scen_000091_01,search_node_28,search_aux_28,cpu_saturation,0.81,0.68,0.2,0.61,0.59,0.46,0.26,0
scen_000091,inc_scen_000091_01,search_node_29,search_aux_29,cpu_saturation,0.54,0.86,0.58,0.79,0.23,0.22,0.47,0
scen_000091,inc_scen_000091_01,search_node_30,search_aux_30,cpu_saturation,0.43,0.12,0.57,0.48,0.14,0.39,0.18,0
scen_000091,inc_scen_000091_01,search_node_31,search_aux_31,network_latency,0.19,0.17,0.47,0.26,0.65,0.69,0.42,0
scen_000091,inc_scen_000091_01,search_node_32,search_aux_32,slow_query,0.45,0.61,0.14,0.58,0.33,0.54,0.22,0
scen_000091,inc_scen_000091_01,search_node_33,search_aux_33,network_latency,0.48,0.22,0.49,0.32,0.46,0.48,0.09,0
scen_000091,inc_scen_000091_01,search_node_34,search_aux_34,cpu_saturation,0.27,0.42,0.33,0.32,0.4,0.53,0.39,0
scen_000091,inc_scen_000091_01,search_node_35,search_aux_35,cpu_saturation,0.8,0.33,0.55,0.46,0.17,0.59,0.19,0
scen_000091,inc_scen_000091_01,search_node_36,search_aux_36,slow_query,0.12,0.59,0.43,0.18,0.16,0.11,0.43,0
scen_000091,inc_scen_000091_01,search_node_37,search_aux_37,network_latency,0.26,0.67,0.13,0.42,0.39,0.62,0.35,0
scen_000091,inc_scen_000091_01,search_node_38,search_aux_38,slow_query,0.56,0.48,0.48,0.35,0.62,0.56,0.48,0
scen_000091,inc_scen_000091_01,search_node_39,search_aux_39,cpu_saturation,0.14,0.51,0.3,0.66,0.22,0.22,0.31,0
scen_000091,inc_scen_000091_01,search_node_40,search_aux_40,authentication_failure,0.82,0.8,0.94,0.79,0.81,0.89,0.92,1
scen_000091,inc_scen_000091_01,search_node_41,search_aux_41,slow_query,0.63,0.74,0.54,0.28,0.08,0.47,0.4,0
scen_000091,inc_scen_000091_01,search_node_42,search_aux_42,slow_query,0.67,0.67,0.45,0.42,0.6,0.19,0.25,0
scen_000091,inc_scen_000091_01,search_node_43,search_aux_43,network_latency,0.33,0.8,0.41,0.41,0.62,0.34,0.3,0
scen_000091,inc_scen_000091_01,search_node_44,search_aux_44,slow_query,0.37,0.57,0.47,0.42,0.18,0.73,0.43,0
scen_000091,inc_scen_000091_01,search_node_45,search_aux_45,network_latency,0.57,0.44,0.38,0.41,0.15,0.59,0.34,0
scen_000092,inc_scen_000092_01,gw_01,api_gateway,network_latency,0.76,0.74,0.45,0.22,0.45,0.74,0.18,0
scen_000092,inc_scen_000092_01,auth_01,auth_service,slow_query,0.15,0.42,0.24,0.35,0.44,0.17,0.25,0
scen_000092,inc_scen_000092_01,order_01,order_service,slow_query,0.38,0.86,0.57,0.16,0.66,0.33,0.21,0
scen_000092,inc_scen_000092_01,pay_01,payment_service,slow_query,0.81,0.18,0.45,0.53,0.18,0.74,0.37,0
scen_000092,inc_scen_000092_01,inv_01,inventory_service,slow_query,0.55,0.51,0.23,0.48,0.62,0.55,0.34,0
scen_000092,inc_scen_000092_01,db_master,postgresql,cpu_saturation,0.48,0.24,0.59,0.39,0.18,0.22,0.37,0
scen_000092,inc_scen_000092_01,cache_01,redis,cpu_saturation,0.63,0.66,0.15,0.77,0.1,0.56,0.31,0
scen_000092,inc_scen_000092_01,mq_01,kafka,network_latency,0.29,0.29,0.28,0.67,0.5,0.64,0.07,0
scen_000092,inc_scen_000092_01,ecom_aux_1,user_service_1,slow_query,0.22,0.32,0.39,0.6,0.61,0.7,0.16,0
scen_000092,inc_scen_000092_01,ecom_aux_2,user_service_2,slow_query,0.35,0.24,0.12,0.37,0.4,0.26,0.15,0
scen_000092,inc_scen_000092_01,ecom_aux_3,user_service_3,network_latency,0.76,0.76,0.31,0.65,0.5,0.68,0.19,0
scen_000092,inc_scen_000092_01,ecom_aux_4,user_service_4,network_latency,0.79,0.51,0.21,0.19,0.17,0.62,0.24,0
scen_000092,inc_scen_000092_01,ecom_aux_5,user_service_5,slow_query,0.64,0.44,0.33,0.38,0.28,0.49,0.05,0
scen_000092,inc_scen_000092_01,ecom_aux_6,user_service_6,slow_query,0.55,0.6,0.42,0.11,0.63,0.47,0.15,0
scen_000092,inc_scen_000092_01,ecom_aux_7,user_service_7,slow_query,0.3,0.53,0.4,0.13,0.49,0.53,0.33,0
scen_000092,inc_scen_000092_01,ecom_aux_8,user_service_8,network_latency,0.83,0.89,0.41,0.56,0.59,0.5,0.29,0
scen_000092,inc_scen_000092_01,ecom_aux_9,user_service_9,cpu_saturation,0.77,0.62,0.29,0.56,0.06,0.47,0.43,0
scen_000092,inc_scen_000092_01,ecom_aux_10,user_service_10,cpu_saturation,0.18,0.37,0.56,0.72,0.61,0.1,0.2,0
scen_000092,inc_scen_000092_01,ecom_aux_11,user_service_11,cpu_saturation,0.44,0.24,0.52,0.44,0.57,0.17,0.34,0
scen_000092,inc_scen_000092_01,ecom_aux_12,user_service_12,slow_query,0.21,0.11,0.46,0.34,0.18,0.83,0.3,0
scen_000092,inc_scen_000092_01,ecom_aux_13,user_service_13,network_latency,0.7,0.13,0.55,0.67,0.06,0.8,0.46,0
scen_000092,inc_scen_000092_01,ecom_aux_14,user_service_14,network_latency,0.51,0.85,0.37,0.71,0.11,0.55,0.31,0
scen_000092,inc_scen_000092_01,ecom_aux_15,user_service_15,cpu_saturation,0.43,0.87,0.34,0.22,0.34,0.46,0.13,0
scen_000092,inc_scen_000092_01,ecom_aux_16,user_service_16,slow_query,0.21,0.18,0.31,0.78,0.34,0.37,0.34,0
scen_000092,inc_scen_000092_01,ecom_aux_17,user_service_17,slow_query,0.81,0.55,0.23,0.65,0.38,0.81,0.12,0
scen_000092,inc_scen_000092_01,ecom_aux_18,user_service_18,network_latency,0.66,0.23,0.54,0.24,0.34,0.51,0.48,0
scen_000092,inc_scen_000092_01,ecom_aux_19,user_service_19,network_latency,0.13,0.21,0.27,0.41,0.31,0.14,0.09,0
scen_000092,inc_scen_000092_01,ecom_aux_20,user_service_20,network_latency,0.24,0.46,0.15,0.42,0.44,0.83,0.49,0
scen_000092,inc_scen_000092_01,ecom_aux_21,user_service_21,slow_query,0.64,0.77,0.26,0.11,0.57,0.23,0.08,0
scen_000092,inc_scen_000092_01,ecom_aux_22,user_service_22,slow_query,0.39,0.6,0.32,0.12,0.22,0.18,0.09,0
scen_000092,inc_scen_000092_01,ecom_aux_23,user_service_23,slow_query,0.22,0.85,0.4,0.59,0.46,0.13,0.44,0
scen_000092,inc_scen_000092_01,ecom_aux_24,user_service_24,network_latency,0.85,0.84,0.42,0.28,0.68,0.61,0.11,0
scen_000092,inc_scen_000092_01,ecom_aux_25,user_service_25,network_latency,0.17,0.56,0.43,0.65,0.11,0.27,0.06,0
scen_000092,inc_scen_000092_01,ecom_aux_26,user_service_26,network_latency,0.41,0.18,0.48,0.73,0.61,0.41,0.09,0
scen_000092,inc_scen_000092_01,ecom_aux_27,user_service_27,cpu_saturation,0.58,0.31,0.46,0.73,0.55,0.53,0.27,0
scen_000092,inc_scen_000092_01,ecom_aux_28,user_service_28,slow_query,0.44,0.83,0.44,0.61,0.69,0.11,0.14,0
scen_000092,inc_scen_000092_01,ecom_aux_29,user_service_29,cpu_saturation,0.19,0.12,0.51,0.19,0.56,0.72,0.48,0
scen_000092,inc_scen_000092_01,ecom_aux_30,user_service_30,network_latency,0.66,0.77,0.21,0.25,0.68,0.79,0.34,0
scen_000092,inc_scen_000092_01,ecom_aux_31,user_service_31,cpu_saturation,0.47,0.31,0.42,0.62,0.31,0.17,0.48,0
scen_000092,inc_scen_000092_01,ecom_aux_32,user_service_32,slow_query,0.43,0.88,0.35,0.19,0.2,0.42,0.25,0
scen_000092,inc_scen_000092_01,ecom_aux_33,user_service_33,cpu_saturation,0.41,0.79,0.38,0.38,0.28,0.25,0.34,0
scen_000092,inc_scen_000092_01,ecom_aux_34,user_service_34,network_latency,0.24,0.17,0.42,0.43,0.33,0.2,0.3,0
scen_000092,inc_scen_000092_01,ecom_aux_35,user_service_35,slow_query,0.21,0.48,0.5,0.34,0.63,0.47,0.37,0
scen_000092,inc_scen_000092_01,ecom_aux_36,user_service_36,network_latency,0.23,0.4,0.43,0.63,0.6,0.78,0.21,0
scen_000092,inc_scen_000092_01,ecom_aux_37,user_service_37,database_connection_exhaustion,0.97,0.89,0.88,0.84,0.79,0.85,0.94,1
scen_000092,inc_scen_000092_01,ecom_aux_38,user_service_38,slow_query,0.33,0.37,0.29,0.79,0.47,0.57,0.29,0
scen_000092,inc_scen_000092_01,ecom_aux_39,user_service_39,slow_query,0.11,0.83,0.27,0.45,0.43,0.57,0.23,0
scen_000092,inc_scen_000092_01,ecom_aux_40,user_service_40,network_latency,0.32,0.23,0.42,0.58,0.24,0.13,0.23,0
scen_000093,inc_scen_000093_01,ingest_01,ingestion_gateway,cpu_saturation,0.41,0.39,0.17,0.74,0.59,0.17,0.07,0
scen_000093,inc_scen_000093_01,kafka_broker,kafka,network_latency,0.34,0.42,0.3,0.28,0.4,0.73,0.43,0
scen_000093,inc_scen_000093_01,notif_01,notification_service,network_latency,0.54,0.27,0.1,0.54,0.27,0.45,0.23,0
scen_000093,inc_scen_000093_01,user_01,user_service,network_latency,0.5,0.72,0.34,0.39,0.62,0.27,0.37,0
scen_000093,inc_scen_000093_01,db_event,mysql,cpu_saturation,0.7,0.59,0.23,0.59,0.29,0.81,0.25,0
scen_000093,inc_scen_000093_01,consumer_1,kafka_consumer_1,network_latency,0.46,0.79,0.6,0.34,0.22,0.41,0.3,0
scen_000093,inc_scen_000093_01,consumer_2,kafka_consumer_2,network_latency,0.29,0.23,0.59,0.54,0.12,0.21,0.28,0
scen_000093,inc_scen_000093_01,consumer_3,kafka_consumer_3,network_latency,0.28,0.12,0.25,0.79,0.63,0.72,0.21,0
scen_000093,inc_scen_000093_01,consumer_4,kafka_consumer_4,slow_query,0.41,0.89,0.33,0.69,0.15,0.31,0.23,0
scen_000093,inc_scen_000093_01,consumer_5,kafka_consumer_5,slow_query,0.5,0.49,0.57,0.6,0.54,0.19,0.34,0
scen_000093,inc_scen_000093_01,consumer_6,kafka_consumer_6,slow_query,0.5,0.55,0.26,0.61,0.31,0.73,0.14,0
scen_000093,inc_scen_000093_01,consumer_7,kafka_consumer_7,slow_query,0.11,0.52,0.44,0.58,0.46,0.45,0.15,0
scen_000093,inc_scen_000093_01,consumer_8,kafka_consumer_8,network_latency,0.77,0.81,0.25,0.36,0.44,0.52,0.3,0
scen_000093,inc_scen_000093_01,consumer_9,kafka_consumer_9,slow_query,0.45,0.88,0.13,0.19,0.43,0.1,0.15,0
scen_000093,inc_scen_000093_01,consumer_10,kafka_consumer_10,cpu_saturation,0.76,0.78,0.46,0.75,0.64,0.78,0.15,0
scen_000093,inc_scen_000093_01,consumer_11,kafka_consumer_11,network_latency,0.1,0.6,0.16,0.27,0.37,0.68,0.28,0
scen_000093,inc_scen_000093_01,consumer_12,kafka_consumer_12,cpu_saturation,0.2,0.74,0.19,0.33,0.7,0.52,0.29,0
scen_000093,inc_scen_000093_01,consumer_13,kafka_consumer_13,deadlock,0.86,0.91,0.82,0.9,0.93,0.86,0.88,1
scen_000093,inc_scen_000093_01,consumer_14,kafka_consumer_14,slow_query,0.8,0.5,0.44,0.59,0.55,0.19,0.31,0
scen_000093,inc_scen_000093_01,consumer_15,kafka_consumer_15,slow_query,0.28,0.35,0.34,0.43,0.26,0.38,0.15,0
scen_000093,inc_scen_000093_01,consumer_16,kafka_consumer_16,slow_query,0.35,0.44,0.17,0.69,0.32,0.4,0.38,0
scen_000093,inc_scen_000093_01,consumer_17,kafka_consumer_17,cpu_saturation,0.51,0.76,0.53,0.27,0.21,0.42,0.13,0
scen_000093,inc_scen_000093_01,consumer_18,kafka_consumer_18,network_latency,0.11,0.14,0.18,0.18,0.24,0.17,0.29,0
scen_000093,inc_scen_000093_01,consumer_19,kafka_consumer_19,slow_query,0.65,0.8,0.36,0.16,0.22,0.61,0.4,0
scen_000093,inc_scen_000093_01,consumer_20,kafka_consumer_20,network_latency,0.53,0.65,0.26,0.5,0.15,0.19,0.21,0
scen_000093,inc_scen_000093_01,consumer_21,kafka_consumer_21,network_latency,0.46,0.77,0.5,0.42,0.45,0.57,0.17,0
scen_000093,inc_scen_000093_01,consumer_22,kafka_consumer_22,network_latency,0.33,0.4,0.48,0.24,0.61,0.56,0.37,0
scen_000093,inc_scen_000093_01,consumer_23,kafka_consumer_23,network_latency,0.6,0.39,0.2,0.17,0.34,0.5,0.38,0
scen_000093,inc_scen_000093_01,consumer_24,kafka_consumer_24,slow_query,0.34,0.79,0.29,0.3,0.53,0.6,0.08,0
scen_000093,inc_scen_000093_01,consumer_25,kafka_consumer_25,cpu_saturation,0.19,0.8,0.37,0.16,0.07,0.35,0.07,0
scen_000093,inc_scen_000093_01,consumer_26,kafka_consumer_26,cpu_saturation,0.4,0.29,0.47,0.63,0.11,0.63,0.12,0
scen_000093,inc_scen_000093_01,consumer_27,kafka_consumer_27,cpu_saturation,0.61,0.71,0.11,0.11,0.09,0.79,0.44,0
scen_000093,inc_scen_000093_01,consumer_28,kafka_consumer_28,network_latency,0.67,0.83,0.13,0.71,0.17,0.69,0.2,0
scen_000093,inc_scen_000093_01,consumer_29,kafka_consumer_29,slow_query,0.77,0.78,0.35,0.33,0.68,0.74,0.17,0
scen_000093,inc_scen_000093_01,consumer_30,kafka_consumer_30,slow_query,0.16,0.14,0.48,0.16,0.33,0.7,0.44,0
scen_000093,inc_scen_000093_01,consumer_31,kafka_consumer_31,cpu_saturation,0.14,0.74,0.48,0.5,0.27,0.26,0.14,0
scen_000093,inc_scen_000093_01,consumer_32,kafka_consumer_32,cpu_saturation,0.71,0.55,0.2,0.66,0.09,0.81,0.31,0
scen_000093,inc_scen_000093_01,consumer_33,kafka_consumer_33,cpu_saturation,0.62,0.74,0.24,0.26,0.18,0.69,0.16,0
scen_000093,inc_scen_000093_01,consumer_34,kafka_consumer_34,slow_query,0.35,0.74,0.47,0.53,0.37,0.44,0.39,0
scen_000093,inc_scen_000093_01,consumer_35,kafka_consumer_35,cpu_saturation,0.48,0.69,0.51,0.67,0.4,0.25,0.15,0
scen_000093,inc_scen_000093_01,consumer_36,kafka_consumer_36,cpu_saturation,0.59,0.89,0.14,0.57,0.49,0.2,0.15,0
scen_000093,inc_scen_000093_01,consumer_37,kafka_consumer_37,network_latency,0.74,0.58,0.15,0.24,0.35,0.8,0.22,0
scen_000093,inc_scen_000093_01,consumer_38,kafka_consumer_38,cpu_saturation,0.62,0.84,0.52,0.2,0.15,0.43,0.08,0
scen_000093,inc_scen_000093_01,consumer_39,kafka_consumer_39,slow_query,0.79,0.17,0.28,0.4,0.38,0.42,0.32,0
scen_000093,inc_scen_000093_01,consumer_40,kafka_consumer_40,slow_query,0.76,0.23,0.41,0.22,0.65,0.25,0.4,0
scen_000095,inc_scen_000095_01,node_00,mesh_svc_0,network_latency,0.78,0.26,0.46,0.32,0.06,0.73,0.19,0
scen_000095,inc_scen_000095_01,node_01,mesh_svc_1,network_latency,0.43,0.67,0.11,0.3,0.29,0.59,0.45,0
scen_000095,inc_scen_000095_01,node_02,mesh_svc_2,cpu_saturation,0.62,0.2,0.28,0.12,0.27,0.68,0.35,0
scen_000095,inc_scen_000095_01,node_03,mesh_svc_3,network_latency,0.11,0.75,0.35,0.24,0.7,0.56,0.32,0
scen_000095,inc_scen_000095_01,node_04,mesh_svc_4,network_latency,0.85,0.48,0.17,0.41,0.42,0.54,0.48,0
scen_000095,inc_scen_000095_01,node_05,mesh_svc_5,network_latency,0.65,0.69,0.26,0.56,0.53,0.66,0.09,0
scen_000095,inc_scen_000095_01,node_06,mesh_svc_6,cpu_saturation,0.79,0.46,0.51,0.21,0.09,0.79,0.48,0
scen_000095,inc_scen_000095_01,node_07,mesh_svc_7,network_latency,0.4,0.72,0.35,0.33,0.46,0.84,0.19,0
scen_000095,inc_scen_000095_01,node_08,mesh_svc_8,cpu_saturation,0.34,0.2,0.2,0.7,0.64,0.79,0.49,0
scen_000095,inc_scen_000095_01,node_09,mesh_svc_9,slow_query,0.17,0.79,0.3,0.24,0.45,0.76,0.28,0
scen_000095,inc_scen_000095_01,node_10,mesh_svc_10,cpu_saturation,0.54,0.62,0.18,0.57,0.18,0.22,0.24,0
scen_000095,inc_scen_000095_01,node_11,mesh_svc_11,cpu_saturation,0.19,0.18,0.15,0.21,0.36,0.75,0.28,0
scen_000095,inc_scen_000095_01,node_12,mesh_svc_12,cpu_saturation,0.15,0.26,0.48,0.51,0.05,0.28,0.44,0
scen_000095,inc_scen_000095_01,node_13,mesh_svc_13,slow_query,0.43,0.35,0.22,0.22,0.21,0.67,0.39,0
scen_000095,inc_scen_000095_01,node_14,mesh_svc_14,slow_query,0.7,0.66,0.37,0.44,0.14,0.37,0.44,0
scen_000095,inc_scen_000095_01,node_15,mesh_svc_15,cpu_saturation,0.4,0.59,0.54,0.69,0.44,0.78,0.46,0
scen_000095,inc_scen_000095_01,node_16,mesh_svc_16,slow_query,0.52,0.53,0.25,0.57,0.68,0.54,0.27,0
scen_000095,inc_scen_000095_01,node_17,mesh_svc_17,network_latency,0.65,0.81,0.28,0.66,0.47,0.27,0.4,0
scen_000095,inc_scen_000095_01,node_18,mesh_svc_18,network_latency,0.35,0.23,0.34,0.67,0.52,0.4,0.06,0
scen_000095,inc_scen_000095_01,node_19,mesh_svc_19,slow_query,0.24,0.44,0.14,0.78,0.44,0.52,0.26,0
scen_000095,inc_scen_000095_01,node_20,mesh_svc_20,cpu_saturation,0.76,0.54,0.53,0.75,0.68,0.57,0.21,0
scen_000095,inc_scen_000095_01,node_21,mesh_svc_21,slow_query,0.7,0.46,0.55,0.49,0.6,0.67,0.35,0
scen_000095,inc_scen_000095_01,node_22,mesh_svc_22,network_latency,0.88,0.79,0.98,0.75,0.87,0.9,0.93,1
scen_000095,inc_scen_000095_01,node_23,mesh_svc_23,network_latency,0.25,0.53,0.26,0.61,0.32,0.45,0.22,0
scen_000095,inc_scen_000095_01,node_24,mesh_svc_24,cpu_saturation,0.42,0.58,0.17,0.28,0.36,0.21,0.23,0
scen_000095,inc_scen_000095_01,node_25,mesh_svc_25,slow_query,0.33,0.72,0.32,0.43,0.67,0.26,0.38,0
scen_000095,inc_scen_000095_01,node_26,mesh_svc_26,cpu_saturation,0.82,0.9,0.38,0.68,0.14,0.54,0.29,0
scen_000095,inc_scen_000095_01,node_27,mesh_svc_27,cpu_saturation,0.29,0.46,0.4,0.45,0.1,0.78,0.18,0
scen_000095,inc_scen_000095_01,node_28,mesh_svc_28,cpu_saturation,0.62,0.11,0.39,0.13,0.07,0.54,0.48,0
scen_000095,inc_scen_000095_01,node_29,mesh_svc_29,network_latency,0.59,0.78,0.22,0.8,0.05,0.14,0.37,0
scen_000095,inc_scen_000095_01,node_30,mesh_svc_30,slow_query,0.45,0.33,0.17,0.16,0.5,0.69,0.42,0
scen_000095,inc_scen_000095_01,node_31,mesh_svc_31,network_latency,0.24,0.53,0.55,0.54,0.48,0.46,0.2,0
scen_000095,inc_scen_000095_01,node_32,mesh_svc_32,network_latency,0.6,0.43,0.32,0.18,0.28,0.29,0.19,0
scen_000095,inc_scen_000095_01,node_33,mesh_svc_33,slow_query,0.14,0.38,0.25,0.3,0.57,0.32,0.24,0
scen_000095,inc_scen_000095_01,node_34,mesh_svc_34,network_latency,0.13,0.53,0.54,0.71,0.34,0.47,0.46,0
scen_000095,inc_scen_000095_01,node_35,mesh_svc_35,cpu_saturation,0.65,0.13,0.35,0.59,0.54,0.34,0.06,0
scen_000095,inc_scen_000095_01,node_36,mesh_svc_36,cpu_saturation,0.21,0.66,0.19,0.69,0.41,0.2,0.33,0
scen_000095,inc_scen_000095_01,node_37,mesh_svc_37,slow_query,0.63,0.31,0.47,0.69,0.17,0.56,0.47,0
scen_000095,inc_scen_000095_01,node_38,mesh_svc_38,network_latency,0.37,0.39,0.14,0.45,0.43,0.5,0.16,0
scen_000095,inc_scen_000095_01,node_39,mesh_svc_39,slow_query,0.64,0.53,0.18,0.73,0.1,0.24,0.25,0
scen_000095,inc_scen_000095_01,node_40,mesh_svc_40,cpu_saturation,0.29,0.73,0.57,0.34,0.38,0.57,0.25,0
scen_000095,inc_scen_000095_01,node_41,mesh_svc_41,slow_query,0.35,0.54,0.13,0.1,0.43,0.5,0.12,0
scen_000095,inc_scen_000095_01,node_42,mesh_svc_42,slow_query,0.32,0.59,0.45,0.35,0.2,0.79,0.2,0
scen_000095,inc_scen_000095_02,node_00,mesh_svc_0,slow_query,0.58,0.75,0.5,0.48,0.33,0.59,0.4,0
scen_000095,inc_scen_000095_02,node_01,mesh_svc_1,network_latency,0.65,0.33,0.25,0.6,0.64,0.42,0.29,0
scen_000095,inc_scen_000095_02,node_02,mesh_svc_2,cpu_saturation,0.21,0.55,0.37,0.47,0.55,0.47,0.35,0
scen_000095,inc_scen_000095_02,node_03,mesh_svc_3,network_latency,0.67,0.8,0.37,0.16,0.35,0.34,0.15,0
scen_000095,inc_scen_000095_02,node_04,mesh_svc_4,slow_query,0.29,0.77,0.18,0.44,0.46,0.46,0.23,0
scen_000095,inc_scen_000095_02,node_05,mesh_svc_5,cpu_saturation,0.21,0.13,0.11,0.56,0.14,0.29,0.29,0
scen_000095,inc_scen_000095_02,node_06,mesh_svc_6,network_latency,0.51,0.31,0.26,0.62,0.2,0.42,0.29,0
scen_000095,inc_scen_000095_02,node_07,mesh_svc_7,slow_query,0.62,0.32,0.5,0.31,0.47,0.56,0.37,0
scen_000095,inc_scen_000095_02,node_08,mesh_svc_8,slow_query,0.66,0.63,0.44,0.12,0.51,0.78,0.39,0
scen_000095,inc_scen_000095_02,node_09,mesh_svc_9,network_latency,0.5,0.56,0.58,0.36,0.39,0.31,0.16,0
scen_000095,inc_scen_000095_02,node_10,mesh_svc_10,network_latency,0.31,0.26,0.26,0.17,0.47,0.4,0.38,0
scen_000095,inc_scen_000095_02,node_11,mesh_svc_11,cpu_saturation,0.77,0.47,0.33,0.65,0.68,0.54,0.19,0
scen_000095,inc_scen_000095_02,node_12,mesh_svc_12,slow_query,0.46,0.58,0.52,0.67,0.44,0.37,0.28,0
scen_000095,inc_scen_000095_02,node_13,mesh_svc_13,slow_query,0.69,0.45,0.42,0.38,0.35,0.77,0.32,0
scen_000095,inc_scen_000095_02,node_14,mesh_svc_14,cpu_saturation,0.51,0.61,0.17,0.46,0.41,0.82,0.35,0
scen_000095,inc_scen_000095_02,node_15,mesh_svc_15,network_latency,0.67,0.28,0.13,0.41,0.51,0.77,0.08,0
scen_000095,inc_scen_000095_02,node_16,mesh_svc_16,cpu_saturation,0.58,0.13,0.4,0.48,0.19,0.16,0.06,0
scen_000095,inc_scen_000095_02,node_17,mesh_svc_17,slow_query,0.75,0.51,0.49,0.44,0.25,0.71,0.27,0
scen_000095,inc_scen_000095_02,node_18,mesh_svc_18,cpu_saturation,0.23,0.53,0.26,0.14,0.14,0.78,0.31,0
scen_000095,inc_scen_000095_02,node_19,mesh_svc_19,network_latency,0.66,0.1,0.36,0.39,0.11,0.35,0.26,0
scen_000095,inc_scen_000095_02,node_20,mesh_svc_20,slow_query,0.35,0.42,0.49,0.3,0.6,0.65,0.45,0
scen_000095,inc_scen_000095_02,node_21,mesh_svc_21,network_latency,0.21,0.78,0.22,0.55,0.33,0.71,0.15,0
scen_000095,inc_scen_000095_02,node_22,mesh_svc_22,network_latency,0.73,0.78,0.47,0.31,0.3,0.24,0.45,0
scen_000095,inc_scen_000095_02,node_23,mesh_svc_23,slow_query,0.51,0.38,0.14,0.65,0.49,0.29,0.22,0
scen_000095,inc_scen_000095_02,node_24,mesh_svc_24,network_latency,0.58,0.36,0.54,0.77,0.29,0.67,0.32,0
scen_000095,inc_scen_000095_02,node_25,mesh_svc_25,network_latency,0.11,0.33,0.22,0.73,0.17,0.76,0.41,0
scen_000095,inc_scen_000095_02,node_26,mesh_svc_26,cpu_saturation,0.5,0.73,0.13,0.67,0.69,0.76,0.31,0
scen_000095,inc_scen_000095_02,node_27,mesh_svc_27,network_latency,0.82,0.51,0.23,0.34,0.08,0.39,0.26,0
scen_000095,inc_scen_000095_02,node_28,mesh_svc_28,cpu_saturation,0.72,0.9,0.42,0.58,0.24,0.78,0.26,0
scen_000095,inc_scen_000095_02,node_29,mesh_svc_29,cpu_saturation,0.62,0.75,0.14,0.77,0.47,0.71,0.37,0
scen_000095,inc_scen_000095_02,node_30,mesh_svc_30,network_latency,0.43,0.27,0.33,0.19,0.13,0.2,0.19,0
scen_000095,inc_scen_000095_02,node_31,mesh_svc_31,cpu_saturation,0.46,0.21,0.12,0.4,0.59,0.25,0.27,0
scen_000095,inc_scen_000095_02,node_32,mesh_svc_32,cpu_saturation,0.28,0.45,0.34,0.22,0.08,0.32,0.43,0
scen_000095,inc_scen_000095_02,node_33,mesh_svc_33,network_latency,0.12,0.19,0.11,0.46,0.52,0.2,0.39,0
scen_000095,inc_scen_000095_02,node_34,mesh_svc_34,authentication_failure,0.79,0.86,0.92,0.8,0.91,0.92,0.97,1
scen_000095,inc_scen_000095_02,node_35,mesh_svc_35,network_latency,0.33,0.55,0.54,0.28,0.35,0.6,0.2,0
scen_000095,inc_scen_000095_02,node_36,mesh_svc_36,cpu_saturation,0.39,0.34,0.17,0.2,0.27,0.25,0.1,0
scen_000095,inc_scen_000095_02,node_37,mesh_svc_37,slow_query,0.14,0.76,0.19,0.43,0.53,0.27,0.22,0
scen_000095,inc_scen_000095_02,node_38,mesh_svc_38,network_latency,0.17,0.69,0.11,0.62,0.31,0.6,0.08,0
scen_000095,inc_scen_000095_02,node_39,mesh_svc_39,network_latency,0.36,0.56,0.51,0.28,0.36,0.37,0.47,0
scen_000095,inc_scen_000095_02,node_40,mesh_svc_40,slow_query,0.65,0.79,0.11,0.65,0.06,0.35,0.12,0
scen_000095,inc_scen_000095_02,node_41,mesh_svc_41,slow_query,0.16,0.57,0.45,0.13,0.2,0.52,0.42,0
scen_000095,inc_scen_000095_02,node_42,mesh_svc_42,network_latency,0.25,0.79,0.32,0.41,0.23,0.13,0.1,0
scen_000096,inc_scen_000096_01,ingest_01,ingestion_gateway,network_latency,0.56,0.69,0.17,0.69,0.21,0.26,0.46,0
scen_000096,inc_scen_000096_01,kafka_broker,kafka,network_latency,0.76,0.44,0.35,0.62,0.26,0.18,0.09,0
scen_000096,inc_scen_000096_01,notif_01,notification_service,network_latency,0.42,0.13,0.34,0.74,0.55,0.3,0.5,0
scen_000096,inc_scen_000096_01,user_01,user_service,slow_query,0.26,0.44,0.27,0.55,0.5,0.83,0.21,0
scen_000096,inc_scen_000096_01,db_event,mysql,network_latency,0.38,0.3,0.37,0.7,0.16,0.25,0.3,0
scen_000096,inc_scen_000096_01,consumer_1,kafka_consumer_1,cpu_saturation,0.79,0.37,0.37,0.36,0.33,0.79,0.19,0
scen_000096,inc_scen_000096_01,consumer_2,kafka_consumer_2,slow_query,0.51,0.2,0.37,0.18,0.36,0.38,0.4,0
scen_000096,inc_scen_000096_01,consumer_3,kafka_consumer_3,network_latency,0.2,0.87,0.44,0.69,0.69,0.83,0.15,0
scen_000096,inc_scen_000096_01,consumer_4,kafka_consumer_4,cpu_saturation,0.52,0.74,0.42,0.77,0.29,0.53,0.38,0
scen_000096,inc_scen_000096_01,consumer_5,kafka_consumer_5,cpu_saturation,0.68,0.28,0.13,0.34,0.59,0.47,0.1,0
scen_000096,inc_scen_000096_01,consumer_6,kafka_consumer_6,network_latency,0.59,0.71,0.36,0.3,0.51,0.65,0.29,0
scen_000096,inc_scen_000096_01,consumer_7,kafka_consumer_7,cpu_saturation,0.67,0.84,0.12,0.7,0.33,0.42,0.13,0
scen_000096,inc_scen_000096_01,consumer_8,kafka_consumer_8,slow_query,0.23,0.69,0.15,0.16,0.25,0.37,0.46,0
scen_000096,inc_scen_000096_01,consumer_9,kafka_consumer_9,cpu_saturation,0.8,0.29,0.11,0.14,0.38,0.49,0.33,0
scen_000096,inc_scen_000096_01,consumer_10,kafka_consumer_10,cpu_saturation,0.57,0.25,0.58,0.13,0.24,0.59,0.25,0
scen_000096,inc_scen_000096_01,consumer_11,kafka_consumer_11,slow_query,0.12,0.5,0.18,0.48,0.4,0.32,0.1,0
scen_000096,inc_scen_000096_01,consumer_12,kafka_consumer_12,network_latency,0.27,0.36,0.3,0.33,0.33,0.64,0.26,0
scen_000096,inc_scen_000096_01,consumer_13,kafka_consumer_13,slow_query,0.67,0.73,0.33,0.61,0.62,0.25,0.07,0
scen_000096,inc_scen_000096_01,consumer_14,kafka_consumer_14,network_latency,0.25,0.85,0.59,0.67,0.39,0.48,0.23,0
scen_000096,inc_scen_000096_01,consumer_15,kafka_consumer_15,message_queue_backlog,0.82,0.71,0.89,0.89,0.87,0.89,0.95,1
scen_000096,inc_scen_000096_01,consumer_16,kafka_consumer_16,slow_query,0.12,0.83,0.41,0.3,0.59,0.8,0.38,0
scen_000096,inc_scen_000096_01,consumer_17,kafka_consumer_17,slow_query,0.62,0.41,0.42,0.65,0.47,0.46,0.36,0
scen_000096,inc_scen_000096_01,consumer_18,kafka_consumer_18,network_latency,0.68,0.65,0.33,0.27,0.37,0.22,0.48,0
scen_000096,inc_scen_000096_01,consumer_19,kafka_consumer_19,slow_query,0.38,0.8,0.16,0.63,0.14,0.73,0.36,0
scen_000096,inc_scen_000096_01,consumer_20,kafka_consumer_20,cpu_saturation,0.53,0.34,0.52,0.23,0.46,0.66,0.34,0
scen_000096,inc_scen_000096_01,consumer_21,kafka_consumer_21,cpu_saturation,0.6,0.17,0.23,0.69,0.17,0.5,0.22,0
scen_000096,inc_scen_000096_01,consumer_22,kafka_consumer_22,slow_query,0.46,0.15,0.16,0.56,0.35,0.77,0.17,0
scen_000096,inc_scen_000096_01,consumer_23,kafka_consumer_23,network_latency,0.43,0.48,0.41,0.42,0.38,0.33,0.37,0
scen_000096,inc_scen_000096_01,consumer_24,kafka_consumer_24,network_latency,0.69,0.83,0.5,0.46,0.69,0.34,0.48,0
scen_000096,inc_scen_000096_01,consumer_25,kafka_consumer_25,cpu_saturation,0.11,0.21,0.44,0.31,0.63,0.77,0.32,0
scen_000096,inc_scen_000096_01,consumer_26,kafka_consumer_26,network_latency,0.59,0.78,0.36,0.4,0.7,0.6,0.45,0
scen_000097,inc_scen_000097_01,node_00,mesh_svc_0,cpu_saturation,0.53,0.12,0.16,0.12,0.63,0.85,0.34,0
scen_000097,inc_scen_000097_01,node_01,mesh_svc_1,network_latency,0.18,0.37,0.12,0.25,0.62,0.18,0.4,0
scen_000097,inc_scen_000097_01,node_02,mesh_svc_2,network_latency,0.42,0.6,0.47,0.15,0.19,0.25,0.43,0
scen_000097,inc_scen_000097_01,node_03,mesh_svc_3,network_latency,0.76,0.2,0.31,0.79,0.36,0.13,0.08,0
scen_000097,inc_scen_000097_01,node_04,mesh_svc_4,network_latency,0.4,0.45,0.56,0.75,0.18,0.58,0.1,0
scen_000097,inc_scen_000097_01,node_05,mesh_svc_5,network_latency,0.45,0.4,0.32,0.67,0.58,0.61,0.46,0
scen_000097,inc_scen_000097_01,node_06,mesh_svc_6,network_latency,0.65,0.65,0.32,0.37,0.55,0.76,0.27,0
scen_000097,inc_scen_000097_01,node_07,mesh_svc_7,cpu_saturation,0.62,0.76,0.28,0.7,0.61,0.65,0.41,0
scen_000097,inc_scen_000097_01,node_08,mesh_svc_8,slow_query,0.6,0.49,0.24,0.76,0.18,0.71,0.14,0
scen_000097,inc_scen_000097_01,node_09,mesh_svc_9,network_latency,0.13,0.25,0.12,0.57,0.58,0.35,0.35,0
scen_000097,inc_scen_000097_01,node_10,mesh_svc_10,slow_query,0.59,0.11,0.54,0.69,0.58,0.73,0.14,0
scen_000097,inc_scen_000097_01,node_11,mesh_svc_11,cpu_saturation,0.35,0.86,0.27,0.63,0.61,0.2,0.28,0
scen_000097,inc_scen_000097_01,node_12,mesh_svc_12,network_latency,0.39,0.34,0.58,0.72,0.09,0.81,0.4,0
scen_000097,inc_scen_000097_01,node_13,mesh_svc_13,slow_query,0.68,0.67,0.46,0.42,0.23,0.2,0.13,0
scen_000097,inc_scen_000097_01,node_14,mesh_svc_14,slow_query,0.43,0.15,0.44,0.65,0.48,0.55,0.16,0
scen_000097,inc_scen_000097_01,node_15,mesh_svc_15,slow_query,0.34,0.65,0.12,0.53,0.61,0.15,0.14,0
scen_000097,inc_scen_000097_01,node_16,mesh_svc_16,slow_query,0.66,0.17,0.48,0.3,0.07,0.25,0.38,0
scen_000097,inc_scen_000097_01,node_17,mesh_svc_17,cpu_saturation,0.47,0.71,0.45,0.59,0.66,0.31,0.17,0
scen_000097,inc_scen_000097_01,node_18,mesh_svc_18,slow_query,0.54,0.22,0.58,0.47,0.62,0.18,0.11,0
scen_000097,inc_scen_000097_01,node_19,mesh_svc_19,kubernetes_node_failure,0.96,0.73,0.99,0.76,0.76,0.76,0.89,1
scen_000097,inc_scen_000097_01,node_20,mesh_svc_20,cpu_saturation,0.23,0.25,0.29,0.19,0.58,0.49,0.16,0
scen_000097,inc_scen_000097_01,node_21,mesh_svc_21,network_latency,0.45,0.84,0.32,0.73,0.35,0.76,0.2,0
scen_000097,inc_scen_000097_01,node_22,mesh_svc_22,cpu_saturation,0.27,0.31,0.19,0.67,0.63,0.25,0.1,0
scen_000097,inc_scen_000097_01,node_23,mesh_svc_23,network_latency,0.69,0.47,0.3,0.26,0.52,0.53,0.07,0
scen_000097,inc_scen_000097_01,node_24,mesh_svc_24,cpu_saturation,0.56,0.18,0.33,0.16,0.09,0.2,0.26,0
scen_000097,inc_scen_000097_01,node_25,mesh_svc_25,network_latency,0.52,0.66,0.51,0.32,0.15,0.81,0.12,0
scen_000097,inc_scen_000097_01,node_26,mesh_svc_26,slow_query,0.28,0.3,0.39,0.34,0.07,0.27,0.33,0
scen_000097,inc_scen_000097_01,node_27,mesh_svc_27,slow_query,0.55,0.63,0.17,0.1,0.54,0.36,0.36,0
scen_000097,inc_scen_000097_01,node_28,mesh_svc_28,slow_query,0.17,0.68,0.55,0.17,0.31,0.52,0.11,0
scen_000097,inc_scen_000097_01,node_29,mesh_svc_29,network_latency,0.72,0.58,0.52,0.23,0.08,0.22,0.2,0
scen_000097,inc_scen_000097_01,node_30,mesh_svc_30,slow_query,0.84,0.13,0.18,0.52,0.07,0.68,0.26,0
scen_000097,inc_scen_000097_01,node_31,mesh_svc_31,network_latency,0.84,0.65,0.12,0.5,0.51,0.36,0.4,0
scen_000097,inc_scen_000097_01,node_32,mesh_svc_32,slow_query,0.15,0.78,0.27,0.79,0.38,0.67,0.2,0
scen_000097,inc_scen_000097_01,node_33,mesh_svc_33,cpu_saturation,0.66,0.71,0.31,0.78,0.08,0.68,0.19,0
scen_000097,inc_scen_000097_01,node_34,mesh_svc_34,network_latency,0.21,0.9,0.55,0.23,0.52,0.83,0.36,0
scen_000097,inc_scen_000097_01,node_35,mesh_svc_35,cpu_saturation,0.81,0.52,0.47,0.76,0.64,0.68,0.24,0
scen_000097,inc_scen_000097_02,node_00,mesh_svc_0,network_latency,0.51,0.2,0.19,0.79,0.66,0.1,0.08,0
scen_000097,inc_scen_000097_02,node_01,mesh_svc_1,slow_query,0.44,0.69,0.45,0.68,0.43,0.72,0.4,0
scen_000097,inc_scen_000097_02,node_02,mesh_svc_2,network_latency,0.64,0.11,0.13,0.43,0.44,0.33,0.41,0
scen_000097,inc_scen_000097_02,node_03,mesh_svc_3,memory_leak,0.92,0.82,0.9,0.75,0.76,0.92,0.94,1
scen_000097,inc_scen_000097_02,node_04,mesh_svc_4,slow_query,0.68,0.56,0.58,0.15,0.06,0.2,0.44,0
scen_000097,inc_scen_000097_02,node_05,mesh_svc_5,cpu_saturation,0.78,0.14,0.3,0.64,0.21,0.14,0.39,0
scen_000097,inc_scen_000097_02,node_06,mesh_svc_6,cpu_saturation,0.35,0.14,0.52,0.35,0.58,0.73,0.19,0
scen_000097,inc_scen_000097_02,node_07,mesh_svc_7,network_latency,0.76,0.77,0.3,0.71,0.14,0.78,0.08,0
scen_000097,inc_scen_000097_02,node_08,mesh_svc_8,network_latency,0.15,0.51,0.4,0.77,0.46,0.6,0.42,0
scen_000097,inc_scen_000097_02,node_09,mesh_svc_9,network_latency,0.32,0.58,0.37,0.55,0.31,0.21,0.25,0
scen_000097,inc_scen_000097_02,node_10,mesh_svc_10,network_latency,0.12,0.71,0.39,0.36,0.41,0.24,0.32,0
scen_000097,inc_scen_000097_02,node_11,mesh_svc_11,slow_query,0.78,0.58,0.16,0.5,0.66,0.23,0.27,0
scen_000097,inc_scen_000097_02,node_12,mesh_svc_12,cpu_saturation,0.29,0.55,0.36,0.22,0.06,0.63,0.41,0
scen_000097,inc_scen_000097_02,node_13,mesh_svc_13,slow_query,0.28,0.73,0.13,0.24,0.06,0.28,0.26,0
scen_000097,inc_scen_000097_02,node_14,mesh_svc_14,slow_query,0.44,0.78,0.25,0.34,0.27,0.68,0.18,0
scen_000097,inc_scen_000097_02,node_15,mesh_svc_15,network_latency,0.67,0.29,0.17,0.58,0.14,0.23,0.42,0
scen_000097,inc_scen_000097_02,node_16,mesh_svc_16,network_latency,0.45,0.54,0.59,0.34,0.39,0.26,0.36,0
scen_000097,inc_scen_000097_02,node_17,mesh_svc_17,cpu_saturation,0.57,0.18,0.4,0.53,0.45,0.5,0.2,0
scen_000097,inc_scen_000097_02,node_18,mesh_svc_18,network_latency,0.77,0.13,0.21,0.57,0.2,0.33,0.08,0
scen_000097,inc_scen_000097_02,node_19,mesh_svc_19,cpu_saturation,0.49,0.2,0.41,0.54,0.07,0.83,0.49,0
scen_000097,inc_scen_000097_02,node_20,mesh_svc_20,cpu_saturation,0.28,0.63,0.29,0.45,0.37,0.29,0.34,0
scen_000097,inc_scen_000097_02,node_21,mesh_svc_21,cpu_saturation,0.71,0.54,0.16,0.74,0.32,0.34,0.25,0
scen_000097,inc_scen_000097_02,node_22,mesh_svc_22,network_latency,0.47,0.78,0.36,0.35,0.39,0.53,0.45,0
scen_000097,inc_scen_000097_02,node_23,mesh_svc_23,cpu_saturation,0.64,0.69,0.59,0.76,0.67,0.55,0.15,0
scen_000097,inc_scen_000097_02,node_24,mesh_svc_24,network_latency,0.66,0.66,0.32,0.43,0.19,0.59,0.12,0
scen_000097,inc_scen_000097_02,node_25,mesh_svc_25,slow_query,0.35,0.79,0.46,0.59,0.53,0.55,0.21,0
scen_000097,inc_scen_000097_02,node_26,mesh_svc_26,network_latency,0.64,0.24,0.39,0.2,0.53,0.8,0.34,0
scen_000097,inc_scen_000097_02,node_27,mesh_svc_27,network_latency,0.27,0.16,0.23,0.69,0.33,0.38,0.13,0
scen_000097,inc_scen_000097_02,node_28,mesh_svc_28,network_latency,0.6,0.14,0.13,0.18,0.41,0.81,0.34,0
scen_000097,inc_scen_000097_02,node_29,mesh_svc_29,cpu_saturation,0.36,0.63,0.3,0.24,0.27,0.47,0.39,0
scen_000097,inc_scen_000097_02,node_30,mesh_svc_30,network_latency,0.44,0.13,0.56,0.48,0.65,0.23,0.09,0
scen_000097,inc_scen_000097_02,node_31,mesh_svc_31,network_latency,0.22,0.24,0.48,0.71,0.56,0.15,0.22,0
scen_000097,inc_scen_000097_02,node_32,mesh_svc_32,cpu_saturation,0.75,0.73,0.59,0.8,0.12,0.62,0.08,0
scen_000097,inc_scen_000097_02,node_33,mesh_svc_33,cpu_saturation,0.34,0.5,0.22,0.17,0.54,0.61,0.2,0
scen_000097,inc_scen_000097_02,node_34,mesh_svc_34,network_latency,0.54,0.18,0.41,0.71,0.48,0.36,0.41,0
scen_000097,inc_scen_000097_02,node_35,mesh_svc_35,network_latency,0.27,0.47,0.24,0.47,0.69,0.15,0.21,0
scen_000098,inc_scen_000098_01,gw_01,api_gateway,slow_query,0.75,0.85,0.12,0.71,0.28,0.43,0.44,0
scen_000098,inc_scen_000098_01,lb_01,load_balancer,network_latency,0.11,0.77,0.42,0.73,0.17,0.11,0.42,0
scen_000098,inc_scen_000098_01,auth_01,auth_service,slow_query,0.42,0.52,0.49,0.33,0.59,0.66,0.09,0
scen_000098,inc_scen_000098_01,web_01,web_service,cpu_saturation,0.6,0.3,0.39,0.61,0.05,0.69,0.17,0
scen_000098,inc_scen_000098_01,db_01,postgresql,cpu_saturation,0.58,0.76,0.17,0.24,0.52,0.39,0.17,0
scen_000098,inc_scen_000098_01,sub_svc_2,sub_service_2,network_latency,0.19,0.34,0.3,0.67,0.41,0.11,0.25,0
scen_000098,inc_scen_000098_01,sub_svc_3,sub_service_3,cpu_saturation,0.62,0.72,0.14,0.52,0.48,0.25,0.47,0
scen_000098,inc_scen_000098_01,sub_svc_4,sub_service_4,slow_query,0.2,0.32,0.23,0.11,0.38,0.12,0.1,0
scen_000098,inc_scen_000098_01,sub_svc_5,sub_service_5,cpu_saturation,0.66,0.21,0.39,0.66,0.25,0.45,0.05,0
scen_000098,inc_scen_000098_01,sub_svc_6,sub_service_6,network_latency,0.47,0.23,0.13,0.69,0.1,0.36,0.29,0
scen_000098,inc_scen_000098_01,sub_svc_7,sub_service_7,cpu_saturation,0.35,0.32,0.5,0.53,0.2,0.66,0.1,0
scen_000098,inc_scen_000098_01,sub_svc_8,sub_service_8,slow_query,0.16,0.81,0.38,0.65,0.68,0.23,0.4,0
scen_000098,inc_scen_000098_01,sub_svc_9,sub_service_9,slow_query,0.74,0.1,0.58,0.77,0.68,0.4,0.3,0
scen_000098,inc_scen_000098_01,sub_svc_10,sub_service_10,network_latency,0.15,0.68,0.29,0.78,0.49,0.13,0.35,0
scen_000098,inc_scen_000098_01,sub_svc_11,sub_service_11,cpu_saturation,0.22,0.44,0.3,0.11,0.34,0.54,0.29,0
scen_000098,inc_scen_000098_01,sub_svc_12,sub_service_12,cpu_saturation,0.63,0.34,0.5,0.14,0.42,0.11,0.38,0
scen_000098,inc_scen_000098_01,sub_svc_13,sub_service_13,slow_query,0.84,0.87,0.23,0.66,0.34,0.44,0.41,0
scen_000098,inc_scen_000098_01,sub_svc_14,sub_service_14,cpu_saturation,0.63,0.65,0.13,0.46,0.58,0.21,0.25,0
scen_000098,inc_scen_000098_01,sub_svc_15,sub_service_15,slow_query,0.79,0.68,0.28,0.79,0.54,0.49,0.33,0
scen_000098,inc_scen_000098_01,sub_svc_16,sub_service_16,authentication_failure,0.94,0.88,0.96,0.9,0.71,0.77,0.91,1
scen_000098,inc_scen_000098_01,sub_svc_17,sub_service_17,cpu_saturation,0.63,0.36,0.51,0.53,0.51,0.16,0.06,0
scen_000098,inc_scen_000098_01,sub_svc_18,sub_service_18,network_latency,0.82,0.74,0.3,0.37,0.5,0.82,0.34,0
scen_000098,inc_scen_000098_01,sub_svc_19,sub_service_19,cpu_saturation,0.2,0.65,0.12,0.7,0.48,0.49,0.2,0
scen_000098,inc_scen_000098_01,sub_svc_20,sub_service_20,slow_query,0.26,0.26,0.34,0.56,0.48,0.53,0.42,0
scen_000098,inc_scen_000098_01,sub_svc_21,sub_service_21,cpu_saturation,0.73,0.68,0.45,0.33,0.45,0.64,0.41,0
scen_000098,inc_scen_000098_01,sub_svc_22,sub_service_22,network_latency,0.14,0.5,0.22,0.14,0.47,0.69,0.34,0
scen_000098,inc_scen_000098_01,sub_svc_23,sub_service_23,cpu_saturation,0.13,0.14,0.47,0.27,0.58,0.15,0.34,0
scen_000098,inc_scen_000098_01,sub_svc_24,sub_service_24,slow_query,0.29,0.74,0.21,0.39,0.21,0.72,0.2,0
scen_000098,inc_scen_000098_01,sub_svc_25,sub_service_25,cpu_saturation,0.36,0.36,0.5,0.72,0.25,0.43,0.38,0
scen_000098,inc_scen_000098_01,sub_svc_26,sub_service_26,network_latency,0.31,0.4,0.26,0.54,0.46,0.37,0.44,0
scen_000098,inc_scen_000098_01,sub_svc_27,sub_service_27,network_latency,0.81,0.32,0.29,0.19,0.62,0.84,0.45,0
scen_000098,inc_scen_000098_01,sub_svc_28,sub_service_28,cpu_saturation,0.42,0.63,0.15,0.14,0.46,0.47,0.19,0
scen_000098,inc_scen_000098_01,sub_svc_29,sub_service_29,slow_query,0.47,0.27,0.49,0.78,0.33,0.83,0.4,0
scen_000098,inc_scen_000098_01,sub_svc_30,sub_service_30,slow_query,0.23,0.68,0.2,0.74,0.64,0.65,0.36,0
scen_000098,inc_scen_000098_01,sub_svc_31,sub_service_31,network_latency,0.44,0.4,0.58,0.79,0.23,0.13,0.33,0
scen_000098,inc_scen_000098_01,sub_svc_32,sub_service_32,network_latency,0.41,0.24,0.4,0.52,0.24,0.48,0.24,0
scen_000098,inc_scen_000098_01,sub_svc_33,sub_service_33,cpu_saturation,0.19,0.1,0.29,0.59,0.28,0.59,0.16,0
scen_000098,inc_scen_000098_01,sub_svc_34,sub_service_34,cpu_saturation,0.78,0.64,0.49,0.19,0.35,0.19,0.16,0
scen_000098,inc_scen_000098_01,sub_svc_35,sub_service_35,cpu_saturation,0.3,0.15,0.41,0.22,0.4,0.37,0.44,0
scen_000098,inc_scen_000098_01,sub_svc_36,sub_service_36,network_latency,0.64,0.18,0.47,0.2,0.63,0.33,0.19,0
scen_000098,inc_scen_000098_01,sub_svc_37,sub_service_37,cpu_saturation,0.83,0.19,0.45,0.16,0.59,0.8,0.2,0
scen_000098,inc_scen_000098_01,sub_svc_38,sub_service_38,cpu_saturation,0.13,0.67,0.56,0.49,0.17,0.78,0.23,0
scen_000098,inc_scen_000098_01,sub_svc_39,sub_service_39,cpu_saturation,0.54,0.87,0.2,0.44,0.11,0.12,0.1,0
scen_000098,inc_scen_000098_01,sub_svc_40,sub_service_40,network_latency,0.29,0.4,0.16,0.47,0.48,0.19,0.47,0
scen_000098,inc_scen_000098_01,sub_svc_41,sub_service_41,slow_query,0.29,0.15,0.28,0.64,0.64,0.68,0.24,0
scen_000098,inc_scen_000098_01,sub_svc_42,sub_service_42,network_latency,0.45,0.84,0.58,0.19,0.53,0.4,0.27,0
scen_000098,inc_scen_000098_01,sub_svc_43,sub_service_43,network_latency,0.73,0.85,0.25,0.34,0.59,0.4,0.37,0
scen_000099,inc_scen_000099_01,gw_01,api_gateway,network_latency,0.46,0.77,0.28,0.78,0.19,0.28,0.35,0
scen_000099,inc_scen_000099_01,lb_01,load_balancer,network_latency,0.14,0.32,0.38,0.51,0.27,0.28,0.13,0
scen_000099,inc_scen_000099_01,auth_01,auth_service,network_latency,0.81,0.43,0.36,0.74,0.35,0.5,0.29,0
scen_000099,inc_scen_000099_01,web_01,web_service,cpu_saturation,0.3,0.59,0.12,0.61,0.6,0.67,0.45,0
scen_000099,inc_scen_000099_01,db_01,postgresql,cpu_saturation,0.74,0.19,0.2,0.17,0.41,0.16,0.2,0
scen_000099,inc_scen_000099_01,sub_svc_2,sub_service_2,cpu_saturation,0.45,0.64,0.13,0.49,0.43,0.36,0.2,0
scen_000099,inc_scen_000099_01,sub_svc_3,sub_service_3,network_latency,0.1,0.26,0.36,0.65,0.69,0.23,0.15,0
scen_000099,inc_scen_000099_01,sub_svc_4,sub_service_4,slow_query,0.51,0.59,0.36,0.39,0.67,0.75,0.23,0
scen_000099,inc_scen_000099_01,sub_svc_5,sub_service_5,cpu_saturation,0.44,0.87,0.13,0.64,0.43,0.35,0.42,0
scen_000099,inc_scen_000099_01,sub_svc_6,sub_service_6,cpu_saturation,0.44,0.35,0.16,0.15,0.38,0.46,0.21,0
scen_000099,inc_scen_000099_01,sub_svc_7,sub_service_7,network_latency,0.6,0.58,0.51,0.26,0.32,0.8,0.2,0
scen_000099,inc_scen_000099_01,sub_svc_8,sub_service_8,dependency_timeout,0.92,0.74,0.9,0.71,0.77,0.81,0.93,1
scen_000099,inc_scen_000099_01,sub_svc_9,sub_service_9,cpu_saturation,0.81,0.34,0.54,0.58,0.3,0.42,0.12,0
scen_000099,inc_scen_000099_01,sub_svc_10,sub_service_10,slow_query,0.48,0.11,0.51,0.17,0.68,0.5,0.25,0
scen_000099,inc_scen_000099_01,sub_svc_11,sub_service_11,network_latency,0.28,0.67,0.23,0.26,0.1,0.72,0.09,0
scen_000099,inc_scen_000099_01,sub_svc_12,sub_service_12,slow_query,0.45,0.79,0.36,0.41,0.57,0.59,0.21,0
scen_000099,inc_scen_000099_01,sub_svc_13,sub_service_13,slow_query,0.42,0.58,0.17,0.17,0.57,0.48,0.14,0
scen_000099,inc_scen_000099_01,sub_svc_14,sub_service_14,network_latency,0.72,0.33,0.47,0.29,0.14,0.64,0.2,0
scen_000099,inc_scen_000099_01,sub_svc_15,sub_service_15,slow_query,0.51,0.79,0.12,0.63,0.11,0.26,0.21,0
scen_000099,inc_scen_000099_01,sub_svc_16,sub_service_16,cpu_saturation,0.18,0.84,0.35,0.32,0.47,0.13,0.27,0
scen_000099,inc_scen_000099_01,sub_svc_17,sub_service_17,slow_query,0.7,0.16,0.48,0.69,0.15,0.52,0.35,0
scen_000099,inc_scen_000099_01,sub_svc_18,sub_service_18,cpu_saturation,0.52,0.28,0.56,0.35,0.35,0.37,0.43,0
scen_000099,inc_scen_000099_01,sub_svc_19,sub_service_19,network_latency,0.13,0.46,0.25,0.25,0.46,0.34,0.48,0
scen_000099,inc_scen_000099_01,sub_svc_20,sub_service_20,cpu_saturation,0.27,0.73,0.21,0.5,0.54,0.14,0.32,0
scen_000099,inc_scen_000099_01,sub_svc_21,sub_service_21,slow_query,0.11,0.38,0.52,0.65,0.31,0.79,0.11,0
scen_000099,inc_scen_000099_01,sub_svc_22,sub_service_22,network_latency,0.52,0.89,0.35,0.61,0.64,0.45,0.42,0
scen_000099,inc_scen_000099_01,sub_svc_23,sub_service_23,network_latency,0.5,0.23,0.5,0.31,0.53,0.57,0.08,0
scen_000099,inc_scen_000099_01,sub_svc_24,sub_service_24,network_latency,0.62,0.26,0.39,0.22,0.37,0.61,0.13,0
scen_000099,inc_scen_000099_01,sub_svc_25,sub_service_25,cpu_saturation,0.66,0.2,0.24,0.57,0.23,0.32,0.35,0
scen_000099,inc_scen_000099_01,sub_svc_26,sub_service_26,slow_query,0.8,0.17,0.2,0.26,0.17,0.66,0.38,0
scen_000099,inc_scen_000099_01,sub_svc_27,sub_service_27,network_latency,0.16,0.3,0.46,0.29,0.38,0.19,0.45,0
scen_000099,inc_scen_000099_01,sub_svc_28,sub_service_28,cpu_saturation,0.18,0.38,0.19,0.12,0.4,0.65,0.16,0
scen_000099,inc_scen_000099_01,sub_svc_29,sub_service_29,network_latency,0.4,0.78,0.42,0.46,0.49,0.4,0.25,0
scen_000099,inc_scen_000099_01,sub_svc_30,sub_service_30,slow_query,0.67,0.25,0.53,0.22,0.15,0.5,0.28,0
scen_000099,inc_scen_000099_01,sub_svc_31,sub_service_31,cpu_saturation,0.78,0.19,0.24,0.6,0.46,0.57,0.22,0
scen_000099,inc_scen_000099_01,sub_svc_32,sub_service_32,cpu_saturation,0.28,0.26,0.25,0.5,0.57,0.5,0.23,0
scen_000099,inc_scen_000099_01,sub_svc_33,sub_service_33,network_latency,0.44,0.36,0.43,0.29,0.2,0.55,0.17,0
scen_000099,inc_scen_000099_01,sub_svc_34,sub_service_34,cpu_saturation,0.71,0.56,0.36,0.38,0.14,0.57,0.16,0
scen_000099,inc_scen_000099_01,sub_svc_35,sub_service_35,slow_query,0.36,0.32,0.38,0.56,0.34,0.22,0.36,0
scen_000099,inc_scen_000099_01,sub_svc_36,sub_service_36,network_latency,0.14,0.14,0.43,0.21,0.45,0.79,0.2,0
scen_000099,inc_scen_000099_01,sub_svc_37,sub_service_37,network_latency,0.47,0.83,0.3,0.34,0.59,0.68,0.49,0
scen_000099,inc_scen_000099_01,sub_svc_38,sub_service_38,slow_query,0.75,0.33,0.53,0.19,0.68,0.78,0.14,0
