scenario_id,incident_id,source_node_id,target_node_id,parent_failure_node,propagation_level,propagation_delay_seconds,source_failure_time,target_failure_time,dependency_type,is_propagated
scen_000000,inc_scen_000000_01,lb_01,gw_01,lb_01,1,19.54,2026-09-01T00:05:00+00:00,2026-09-01T00:05:19.535856+00:00,HTTP,True
scen_000000,inc_scen_000000_01,gw_01,auth_01,gw_01,2,19.23,2026-09-01T00:05:19.535856+00:00,2026-09-01T00:05:38.762698+00:00,HTTP,True
scen_000000,inc_scen_000000_01,gw_01,web_01,gw_01,2,19.45,2026-09-01T00:05:19.535856+00:00,2026-09-01T00:05:38.983761+00:00,HTTP,True
scen_000000,inc_scen_000000_01,auth_01,db_01,auth_01,3,5.91,2026-09-01T00:05:38.762698+00:00,2026-09-01T00:05:44.676537+00:00,DATABASE,True
scen_000000,inc_scen_000000_01,web_01,sub_svc_2,web_01,3,3.08,2026-09-01T00:05:38.983761+00:00,2026-09-01T00:05:42.063117+00:00,HTTP,True
scen_000000,inc_scen_000000_01,web_01,sub_svc_3,web_01,3,14.77,2026-09-01T00:05:38.983761+00:00,2026-09-01T00:05:53.750086+00:00,HTTP,True
scen_000000,inc_scen_000000_01,web_01,sub_svc_4,web_01,3,14.52,2026-09-01T00:05:38.983761+00:00,2026-09-01T00:05:53.507353+00:00,HTTP,True
scen_000000,inc_scen_000000_02,sub_svc_4,db_01,sub_svc_4,1,22.6,2026-09-01T00:09:56+00:00,2026-09-01T00:10:18.596624+00:00,DATABASE,True
scen_000000,inc_scen_000000_02,gw_01,auth_01,gw_01,0,0.0,2026-09-01T00:09:56+00:00,2026-09-01T00:09:56+00:00,HTTP,False
scen_000000,inc_scen_000000_02,gw_01,web_01,gw_01,0,0.0,2026-09-01T00:09:56+00:00,2026-09-01T00:09:56+00:00,HTTP,False
scen_000000,inc_scen_000000_02,lb_01,gw_01,lb_01,0,0.0,2026-09-01T00:09:56+00:00,2026-09-01T00:09:56+00:00,HTTP,False
scen_000000,inc_scen_000000_02,auth_01,db_01,auth_01,0,0.0,2026-09-01T00:09:56+00:00,2026-09-01T00:09:56+00:00,DATABASE,False
scen_000000,inc_scen_000000_02,web_01,db_01,web_01,0,0.0,2026-09-01T00:09:56+00:00,2026-09-01T00:09:56+00:00,DATABASE,False
scen_000000,inc_scen_000000_02,web_01,sub_svc_2,web_01,0,0.0,2026-09-01T00:09:56+00:00,2026-09-01T00:09:56+00:00,HTTP,False
scen_000000,inc_scen_000000_02,web_01,sub_svc_3,web_01,0,0.0,2026-09-01T00:09:56+00:00,2026-09-01T00:09:56+00:00,HTTP,False
scen_000000,inc_scen_000000_02,web_01,sub_svc_4,web_01,0,0.0,2026-09-01T00:09:56+00:00,2026-09-01T00:09:56+00:00,HTTP,False
scen_000000,inc_scen_000000_02,sub_svc_2,db_01,sub_svc_2,0,0.0,2026-09-01T00:09:56+00:00,2026-09-01T00:09:56+00:00,DATABASE,False
scen_000000,inc_scen_000000_02,sub_svc_3,db_01,sub_svc_3,0,0.0,2026-09-01T00:09:56+00:00,2026-09-01T00:09:56+00:00,DATABASE,False
scen_000001,inc_scen_000001_01,sub_svc_17,db_01,sub_svc_17,1,8.79,2026-09-01T00:05:00+00:00,2026-09-01T00:05:08.788076+00:00,DATABASE,True
scen_000001,inc_scen_000001_01,gw_01,auth_01,gw_01,0,0.0,2026-09-01T00:05:00+00:00,2026-09-01T00:05:00+00:00,HTTP,False
scen_000001,inc_scen_000001_01,gw_01,web_01,gw_01,0,0.0,2026-09-01T00:05:00+00:00,2026-09-01T00:05:00+00:00,HTTP,False
scen_000001,inc_scen_000001_01,lb_01,gw_01,lb_01,0,0.0,2026-09-01T00:05:00+00:00,2026-09-01T00:05:00+00:00,HTTP,False
scen_000001,inc_scen_000001_01,auth_01,db_01,auth_01,0,0.0,2026-09-01T00:05:00+00:00,2026-09-01T00:05:00+00:00,DATABASE,False
scen_000001,inc_scen_000001_01,web_01,db_01,web_01,0,0.0,2026-09-01T00:05:00+00:00,2026-09-01T00:05:00+00:00,DATABASE,False
scen_000001,inc_scen_000001_01,web_01,sub_svc_2,web_01,0,0.0,2026-09-01T00:05:00+00:00,2026-09-01T00:05:00+00:00,HTTP,False
scen_000001,inc_scen_000001_01,web_01,sub_svc_3,web_01,0,0.0,2026-09-01T00:05:00+00:00,2026-09-01T00:05:00+00:00,HTTP,False
scen_000001,inc_scen_000001_01,web_01,sub_svc_4,web_01,0,0.0,2026-09-01T00:05:00+00:00,2026-09-01T00:05:00+00:00,HTTP,False
scen_000001,inc_scen_000001_01,web_01,sub_svc_5,web_01,0,0.0,2026-09-01T00:05:00+00:00,2026-09-01T00:05:00+00:00,HTTP,False
scen_000001,inc_scen_000001_01,web_01,sub_svc_6,web_01,0,0.0,2026-09-01T00:05:00+00:00,2026-09-01T00:05:00+00:00,HTTP,False
scen_000001,inc_scen_000001_01,web_01,sub_svc_7,web_01,0,0.0,2026-09-01T00:05:00+00:00,2026-09-01T00:05:00+00:00,HTTP,False
scen_000001,inc_scen_000001_01,web_01,sub_svc_8,web_01,0,0.0,2026-09-01T00:05:00+00:00,2026-09-01T00:05:00+00:00,HTTP,False
scen_000001,inc_scen_000001_01,web_01,sub_svc_9,web_01,0,0.0,2026-09-01T00:05:00+00:00,2026-09-01T00:05:00+00:00,HTTP,False
scen_000001,inc_scen_000001_01,web_01,sub_svc_10,web_01,0,0.0,2026-09-01T00:05:00+00:00,2026-09-01T00:05:00+00:00,HTTP,False
scen_000001,inc_scen_000001_01,web_01,sub_svc_11,web_01,0,0.0,2026-09-01T00:05:00+00:00,2026-09-01T00:05:00+00:00,HTTP,False
scen_000001,inc_scen_000001_01,web_01,sub_svc_12,web_01,0,0.0,2026-09-01T00:05:00+00:00,2026-09-01T00:05:00+00:00,HTTP,False
scen_000001,inc_scen_000001_01,web_01,sub_svc_13,web_01,0,0.0,2026-09-01T00:05:00+00:00,2026-09-01T00:05:00+00:00,HTTP,False
scen_000001,inc_scen_000001_01,web_01,sub_svc_14,web_01,0,0.0,2026-09-01T00:05:00+00:00,2026-09-01T00:05:00+00:00,HTTP,False
scen_000001,inc_scen_000001_01,web_01,sub_svc_15,web_01,0,0.0,2026-09-01T00:05:00+00:00,2026-09-01T00:05:00+00:00,HTTP,False
scen_000001,inc_scen_000001_01,web_01,sub_svc_16,web_01,0,0.0,2026-09-01T00:05:00+00:00,2026-09-01T00:05:00+00:00,HTTP,False
scen_000001,inc_scen_000001_01,web_01,sub_svc_17,web_01,0,0.0,2026-09-01T00:05:00+00:00,2026-09-01T00:05:00+00:00,HTTP,False
scen_000001,inc_scen_000001_01,web_01,sub_svc_18,web_01,0,0.0,2026-09-01T00:05:00+00:00,2026-09-01T00:05:00+00:00,HTTP,False
scen_000001,inc_scen_000001_01,web_01,sub_svc_19,web_01,0,0.0,2026-09-01T00:05:00+00:00,2026-09-01T00:05:00+00:00,HTTP,False
scen_000001,inc_scen_000001_01,web_01,sub_svc_20,web_01,0,0.0,2026-09-01T00:05:00+00:00,2026-09-01T00:05:00+00:00,HTTP,False
scen_000001,inc_scen_000001_01,web_01,sub_svc_21,web_01,0,0.0,2026-09-01T00:05:00+00:00,2026-09-01T00:05:00+00:00,HTTP,False
scen_000001,inc_scen_000001_01,web_01,sub_svc_22,web_01,0,0.0,2026-09-01T00:05:00+00:00,2026-09-01T00:05:00+00:00,HTTP,False
scen_000001,inc_scen_000001_01,web_01,sub_svc_23,web_01,0,0.0,2026-09-01T00:05:00+00:00,2026-09-01T00:05:00+00:00,HTTP,False
scen_000001,inc_scen_000001_01,web_01,sub_svc_24,web_01,0,0.0,2026-09-01T00:05:00+00:00,2026-09-01T00:05:00+00:00,HTTP,False
scen_000001,inc_scen_000001_01,web_01,sub_svc_25,web_01,0,0.0,2026-09-01T00:05:00+00:00,2026-09-01T00:05:00+00:00,HTTP,False
scen_000001,inc_scen_000001_01,web_01,sub_svc_26,web_01,0,0.0,2026-09-01T00:05:00+00:00,2026-09-01T00:05:00+00:00,HTTP,False
scen_000001,inc_scen_000001_01,web_01,sub_svc_27,web_01,0,0.0,2026-09-01T00:05:00+00:00,2026-09-01T00:05:00+00:00,HTTP,False
scen_000001,inc_scen_000001_01,web_01,sub_svc_28,web_01,0,0.0,2026-09-01T00:05:00+00:00,2026-09-01T00:05:00+00:00,HTTP,False
scen_000001,inc_scen_000001_01,web_01,sub_svc_29,web_01,0,0.0,2026-09-01T00:05:00+00:00,2026-09-01T00:05:00+00:00,HTTP,False
scen_000001,inc_scen_000001_01,web_01,sub_svc_30,web_01,0,0.0,2026-09-01T00:05:00+00:00,2026-09-01T00:05:00+00:00,HTTP,False
scen_000001,inc_scen_000001_01,web_01,sub_svc_31,web_01,0,0.0,2026-09-01T00:05:00+00:00,2026-09-01T00:05:00+00:00,HTTP,False
scen_000001,inc_scen_000001_01,sub_svc_2,db_01,sub_svc_2,0,0.0,2026-09-01T00:05:00+00:00,2026-09-01T00:05:00+00:00,DATABASE,False
scen_000001,inc_scen_000001_01,sub_svc_3,db_01,sub_svc_3,0,0.0,2026-09-01T00:05:00+00:00,2026-09-01T00:05:00+00:00,DATABASE,False
scen_000001,inc_scen_000001_01,sub_svc_4,db_01,sub_svc_4,0,0.0,2026-09-01T00:05:00+00:00,2026-09-01T00:05:00+00:00,DATABASE,False
scen_000001,inc_scen_000001_01,sub_svc_5,db_01,sub_svc_5,0,0.0,2026-09-01T00:05:00+00:00,2026-09-01T00:05:00+00:00,DATABASE,False
scen_000001,inc_scen_000001_01,sub_svc_6,db_01,sub_svc_6,0,0.0,2026-09-01T00:05:00+00:00,2026-09-01T00:05:00+00:00,DATABASE,False
scen_000001,inc_scen_000001_01,sub_svc_7,db_01,sub_svc_7,0,0.0,2026-09-01T00:05:00+00:00,2026-09-01T00:05:00+00:00,DATABASE,False
scen_000001,inc_scen_000001_01,sub_svc_8,db_01,sub_svc_8,0,0.0,2026-09-01T00:05:00+00:00,2026-09-01T00:05:00+00:00,DATABASE,False
scen_000001,inc_scen_000001_01,sub_svc_9,db_01,sub_svc_9,0,0.0,2026-09-01T00:05:00+00:00,2026-09-01T00:05:00+00:00,DATABASE,False
scen_000001,inc_scen_000001_01,sub_svc_10,db_01,sub_svc_10,0,0.0,2026-09-01T00:05:00+00:00,2026-09-01T00:05:00+00:00,DATABASE,False
scen_000001,inc_scen_000001_01,sub_svc_11,db_01,sub_svc_11,0,0.0,2026-09-01T00:05:00+00:00,2026-09-01T00:05:00+00:00,DATABASE,False
scen_000001,inc_scen_000001_01,sub_svc_12,db_01,sub_svc_12,0,0.0,2026-09-01T00:05:00+00:00,2026-09-01T00:05:00+00:00,DATABASE,False
scen_000001,inc_scen_000001_01,sub_svc_13,db_01,sub_svc_13,0,0.0,2026-09-01T00:05:00+00:00,2026-09-01T00:05:00+00:00,DATABASE,False
scen_000001,inc_scen_000001_01,sub_svc_14,db_01,sub_svc_14,0,0.0,2026-09-01T00:05:00+00:00,2026-09-01T00:05:00+00:00,DATABASE,False
scen_000001,inc_scen_000001_01,sub_svc_15,db_01,sub_svc_15,0,0.0,2026-09-01T00:05:00+00:00,2026-09-01T00:05:00+00:00,DATABASE,False
scen_000001,inc_scen_000001_01,sub_svc_16,db_01,sub_svc_16,0,0.0,2026-09-01T00:05:00+00:00,2026-09-01T00:05:00+00:00,DATABASE,False
scen_000001,inc_scen_000001_01,sub_svc_18,db_01,sub_svc_18,0,0.0,2026-09-01T00:05:00+00:00,2026-09-01T00:05:00+00:00,DATABASE,False
scen_000001,inc_scen_000001_01,sub_svc_19,db_01,sub_svc_19,0,0.0,2026-09-01T00:05:00+00:00,2026-09-01T00:05:00+00:00,DATABASE,False
scen_000001,inc_scen_000001_01,sub_svc_20,db_01,sub_svc_20,0,0.0,2026-09-01T00:05:00+00:00,2026-09-01T00:05:00+00:00,DATABASE,False
scen_000001,inc_scen_000001_01,sub_svc_21,db_01,sub_svc_21,0,0.0,2026-09-01T00:05:00+00:00,2026-09-01T00:05:00+00:00,DATABASE,False
scen_000001,inc_scen_000001_01,sub_svc_22,db_01,sub_svc_22,0,0.0,2026-09-01T00:05:00+00:00,2026-09-01T00:05:00+00:00,DATABASE,False
scen_000001,inc_scen_000001_01,sub_svc_23,db_01,sub_svc_23,0,0.0,2026-09-01T00:05:00+00:00,2026-09-01T00:05:00+00:00,DATABASE,False
scen_000001,inc_scen_000001_01,sub_svc_24,db_01,sub_svc_24,0,0.0,2026-09-01T00:05:00+00:00,2026-09-01T00:05:00+00:00,DATABASE,False
scen_000001,inc_scen_000001_01,sub_svc_25,db_01,sub_svc_25,0,0.0,2026-09-01T00:05:00+00:00,2026-09-01T00:05:00+00:00,DATABASE,False
scen_000001,inc_scen_000001_01,sub_svc_26,db_01,sub_svc_26,0,0.0,2026-09-01T00:05:00+00:00,2026-09-01T00:05:00+00:00,DATABASE,False
scen_000001,inc_scen_000001_01,sub_svc_27,db_01,sub_svc_27,0,0.0,2026-09-01T00:05:00+00:00,2026-09-01T00:05:00+00:00,DATABASE,False
scen_000001,inc_scen_000001_01,sub_svc_28,db_01,sub_svc_28,0,0.0,2026-09-01T00:05:00+00:00,2026-09-01T00:05:00+00:00,DATABASE,False
scen_000001,inc_scen_000001_01,sub_svc_29,db_01,sub_svc_29,0,0.0,2026-09-01T00:05:00+00:00,2026-09-01T00:05:00+00:00,DATABASE,False
scen_000001,inc_scen_000001_01,sub_svc_30,db_01,sub_svc_30,0,0.0,2026-09-01T00:05:00+00:00,2026-09-01T00:05:00+00:00,DATABASE,False
scen_000001,inc_scen_000001_01,sub_svc_31,db_01,sub_svc_31,0,0.0,2026-09-01T00:05:00+00:00,2026-09-01T00:05:00+00:00,DATABASE,False
scen_000002,inc_scen_000002_01,node_31,node_17,node_31,1,10.47,2026-09-01T00:05:00+00:00,2026-09-01T00:05:10.467157+00:00,MESSAGE_QUEUE,True
scen_000002,inc_scen_000002_01,node_17,node_29,node_17,2,7.58,2026-09-01T00:05:10.467157+00:00,2026-09-01T00:05:18.043668+00:00,HTTP,True
scen_000002,inc_scen_000002_01,node_29,node_03,node_29,3,8.96,2026-09-01T00:05:18.043668+00:00,2026-09-01T00:05:27.003167+00:00,TCP,True
scen_000002,inc_scen_000002_01,node_29,node_24,node_29,3,20.79,2026-09-01T00:05:18.043668+00:00,2026-09-01T00:05:38.833242+00:00,DNS,True
scen_000002,inc_scen_000002_01,node_03,node_09,node_03,4,10.36,2026-09-01T00:05:27.003167+00:00,2026-09-01T00:05:37.368064+00:00,CACHE,True
scen_000002,inc_scen_000002_01,node_24,node_05,node_24,4,3.04,2026-09-01T00:05:38.833242+00:00,2026-09-01T00:05:41.868682+00:00,MESSAGE_QUEUE,True
scen_000002,inc_scen_000002_01,node_09,node_12,node_09,5,5.51,2026-09-01T00:05:37.368064+00:00,2026-09-01T00:05:42.873978+00:00,TCP,True
scen_000002,inc_scen_000002_01,node_09,node_14,node_09,5,3.75,2026-09-01T00:05:37.368064+00:00,2026-09-01T00:05:41.114930+00:00,HTTP,True
scen_000002,inc_scen_000002_01,node_09,node_19,node_09,5,15.28,2026-09-01T00:05:37.368064+00:00,2026-09-01T00:05:52.648397+00:00,DATABASE,True
scen_000002,inc_scen_000002_01,node_09,node_07,node_09,5,23.59,2026-09-01T00:05:37.368064+00:00,2026-09-01T00:06:00.954596+00:00,DNS,True
scen_000002,inc_scen_000002_01,node_00,node_01,node_00,0,0.0,2026-09-01T00:05:00+00:00,2026-09-01T00:05:00+00:00,DNS,False
scen_000002,inc_scen_000002_01,node_00,node_04,node_00,0,0.0,2026-09-01T00:05:00+00:00,2026-09-01T00:05:00+00:00,HTTP,False
scen_000002,inc_scen_000002_01,node_00,node_08,node_00,0,0.0,2026-09-01T00:05:00+00:00,2026-09-01T00:05:00+00:00,STORAGE,False
scen_000002,inc_scen_000002_01,node_00,node_16,node_00,0,0.0,2026-09-01T00:05:00+00:00,2026-09-01T00:05:00+00:00,MESSAGE_QUEUE,False
scen_000002,inc_scen_000002_01,node_00,node_32,node_00,0,0.0,2026-09-01T00:05:00+00:00,2026-09-01T00:05:00+00:00,DATABASE,False
scen_000002,inc_scen_000002_01,node_00,node_11,node_00,0,0.0,2026-09-01T00:05:00+00:00,2026-09-01T00:05:00+00:00,DATABASE,False
scen_000002,inc_scen_000002_01,node_00,node_07,node_00,0,0.0,2026-09-01T00:05:00+00:00,2026-09-01T00:05:00+00:00,CACHE,False
scen_000002,inc_scen_000002_01,node_00,node_10,node_00,0,0.0,2026-09-01T00:05:00+00:00,2026-09-01T00:05:00+00:00,MESSAGE_QUEUE,False
scen_000002,inc_scen_000002_01,node_01,node_02,node_01,0,0.0,2026-09-01T00:05:00+00:00,2026-09-01T00:05:00+00:00,MESSAGE_QUEUE,False
scen_000002,inc_scen_000002_01,node_01,node_11,node_01,0,0.0,2026-09-01T00:05:00+00:00,2026-09-01T00:05:00+00:00,STORAGE,False
scen_000002,inc_scen_000002_01,node_01,node_13,node_01,0,0.0,2026-09-01T00:05:00+00:00,2026-09-01T00:05:00+00:00,DNS,False
scen_000002,inc_scen_000002_01,node_01,node_26,node_01,0,0.0,2026-09-01T00:05:00+00:00,2026-09-01T00:05:00+00:00,MESSAGE_QUEUE,False
scen_000002,inc_scen_000002_01,node_02,node_03,node_02,0,0.0,2026-09-01T00:05:00+00:00,2026-09-01T00:05:00+00:00,HTTP,False
scen_000002,inc_scen_000002_01,node_02,node_05,node_02,0,0.0,2026-09-01T00:05:00+00:00,2026-09-01T00:05:00+00:00,DNS,False
scen_000002,inc_scen_000002_01,node_02,node_06,node_02,0,0.0,2026-09-01T00:05:00+00:00,2026-09-01T00:05:00+00:00,DNS,False
scen_000002,inc_scen_000002_01,node_04,node_20,node_04,0,0.0,2026-09-01T00:05:00+00:00,2026-09-01T00:05:00+00:00,DNS,False
scen_000002,inc_scen_000002_01,node_04,node_18,node_04,0,0.0,2026-09-01T00:05:00+00:00,2026-09-01T00:05:00+00:00,HTTP,False
scen_000002,inc_scen_000002_01,node_06,node_07,node_06,0,0.0,2026-09-01T00:05:00+00:00,2026-09-01T00:05:00+00:00,HTTP,False
scen_000002,inc_scen_000002_01,node_06,node_24,node_06,0,0.0,2026-09-01T00:05:00+00:00,2026-09-01T00:05:00+00:00,TCP,False
scen_000002,inc_scen_000002_01,node_07,node_10,node_07,0,0.0,2026-09-01T00:05:00+00:00,2026-09-01T00:05:00+00:00,STORAGE,False
scen_000002,inc_scen_000002_01,node_07,node_25,node_07,0,0.0,2026-09-01T00:05:00+00:00,2026-09-01T00:05:00+00:00,DNS,False
scen_000002,inc_scen_000002_01,node_11,node_30,node_11,0,0.0,2026-09-01T00:05:00+00:00,2026-09-01T00:05:00+00:00,MESSAGE_QUEUE,False
scen_000002,inc_scen_000002_01,node_12,node_15,node_12,0,0.0,2026-09-01T00:05:00+00:00,2026-09-01T00:05:00+00:00,DATABASE,False
scen_000002,inc_scen_000002_01,node_12,node_23,node_12,0,0.0,2026-09-01T00:05:00+00:00,2026-09-01T00:05:00+00:00,CACHE,False
scen_000002,inc_scen_000002_01,node_13,node_17,node_13,0,0.0,2026-09-01T00:05:00+00:00,2026-09-01T00:05:00+00:00,DNS,False
scen_000002,inc_scen_000002_01,node_13,node_22,node_13,0,0.0,2026-09-01T00:05:00+00:00,2026-09-01T00:05:00+00:00,MESSAGE_QUEUE,False
scen_000002,inc_scen_000002_01,node_13,node_27,node_13,0,0.0,2026-09-01T00:05:00+00:00,2026-09-01T00:05:00+00:00,HTTP,False
scen_000002,inc_scen_000002_01,node_13,node_21,node_13,0,0.0,2026-09-01T00:05:00+00:00,2026-09-01T00:05:00+00:00,HTTP,False
scen_000002,inc_scen_000002_01,node_13,node_04,node_13,0,0.0,2026-09-01T00:05:00+00:00,2026-09-01T00:05:00+00:00,MESSAGE_QUEUE,False
scen_000002,inc_scen_000002_01,node_13,node_14,node_13,0,0.0,2026-09-01T00:05:00+00:00,2026-09-01T00:05:00+00:00,TCP,False
scen_000002,inc_scen_000002_01,node_14,node_18,node_14,0,0.0,2026-09-01T00:05:00+00:00,2026-09-01T00:05:00+00:00,HTTP,False
scen_000002,inc_scen_000002_01,node_15,node_21,node_15,0,0.0,2026-09-01T00:05:00+00:00,2026-09-01T00:05:00+00:00,MESSAGE_QUEUE,False
scen_000002,inc_scen_000002_01,node_15,node_25,node_15,0,0.0,2026-09-01T00:05:00+00:00,2026-09-01T00:05:00+00:00,TCP,False
scen_000002,inc_scen_000002_01,node_15,node_17,node_15,0,0.0,2026-09-01T00:05:00+00:00,2026-09-01T00:05:00+00:00,MESSAGE_QUEUE,False
scen_000002,inc_scen_000002_01,node_16,node_03,node_16,0,0.0,2026-09-01T00:05:00+00:00,2026-09-01T00:05:00+00:00,DATABASE,False
scen_000002,inc_scen_000002_01,node_16,node_10,node_16,0,0.0,2026-09-01T00:05:00+00:00,2026-09-01T00:05:00+00:00,MESSAGE_QUEUE,False
scen_000002,inc_scen_000002_01,node_18,node_32,node_18,0,0.0,2026-09-01T00:05:00+00:00,2026-09-01T00:05:00+00:00,CACHE,False
scen_000002,inc_scen_000002_01,node_20,node_27,node_20,0,0.0,2026-09-01T00:05:00+00:00,2026-09-01T00:05:00+00:00,TCP,False
scen_000002,inc_scen_000002_01,node_21,node_28,node_21,0,0.0,2026-09-01T00:05:00+00:00,2026-09-01T00:05:00+00:00,TCP,False
scen_000002,inc_scen_000002_01,node_22,node_28,node_22,0,0.0,2026-09-01T00:05:00+00:00,2026-09-01T00:05:00+00:00,STORAGE,False
scen_000002,inc_scen_000002_01,node_22,node_16,node_22,0,0.0,2026-09-01T00:05:00+00:00,2026-09-01T00:05:00+00:00,DNS,False
scen_000002,inc_scen_000002_01,node_23,node_21,node_23,0,0.0,2026-09-01T00:05:00+00:00,2026-09-01T00:05:00+00:00,DATABASE,False
scen_000002,inc_scen_000002_01,node_25,node_09,node_25,0,0.0,2026-09-01T00:05:00+00:00,2026-09-01T00:05:00+00:00,DNS,False
scen_000002,inc_scen_000002_01,node_26,node_01,node_26,0,0.0,2026-09-01T00:05:00+00:00,2026-09-01T00:05:00+00:00,STORAGE,False
scen_000002,inc_scen_000002_01,node_27,node_11,node_27,0,0.0,2026-09-01T00:05:00+00:00,2026-09-01T00:05:00+00:00,CACHE,False
scen_000002,inc_scen_000002_01,node_32,node_10,node_32,0,0.0,2026-09-01T00:05:00+00:00,2026-09-01T00:05:00+00:00,TCP,False
scen_000002,inc_scen_000002_01,node_32,node_06,node_32,0,0.0,2026-09-01T00:05:00+00:00,2026-09-01T00:05:00+00:00,CACHE,False
scen_000003,inc_scen_000003_01,node_02,node_03,node_02,1,4.52,2026-09-01T00:05:00+00:00,2026-09-01T00:05:04.518719+00:00,MESSAGE_QUEUE,True
scen_000003,inc_scen_000003_01,node_02,node_07,node_02,1,13.56,2026-09-01T00:05:00+00:00,2026-09-01T00:05:13.555544+00:00,CACHE,True
scen_000003,inc_scen_000003_01,node_02,node_24,node_02,1,16.9,2026-09-01T00:05:00+00:00,2026-09-01T00:05:16.901384+00:00,STORAGE,True
scen_000003,inc_scen_000003_01,node_02,node_09,node_02,1,11.34,2026-09-01T00:05:00+00:00,2026-09-01T00:05:11.338637+00:00,HTTP,True
scen_000003,inc_scen_000003_01,node_02,node_10,node_02,1,7.76,2026-09-01T00:05:00+00:00,2026-09-01T00:05:07.761749+00:00,MESSAGE_QUEUE,True
scen_000003,inc_scen_000003_01,node_02,node_19,node_02,1,7.0,2026-09-01T00:05:00+00:00,2026-09-01T00:05:06.999675+00:00,DNS,True
scen_000003,inc_scen_000003_01,node_03,node_04,node_03,2,3.09,2026-09-01T00:05:04.518719+00:00,2026-09-01T00:05:07.611314+00:00,MESSAGE_QUEUE,True
scen_000003,inc_scen_000003_01,node_03,node_06,node_03,2,4.12,2026-09-01T00:05:04.518719+00:00,2026-09-01T00:05:08.633994+00:00,TCP,True
scen_000003,inc_scen_000003_01,node_03,node_23,node_03,2,3.62,2026-09-01T00:05:04.518719+00:00,2026-09-01T00:05:08.142807+00:00,STORAGE,True
scen_000003,inc_scen_000003_01,node_03,node_20,node_03,2,11.75,2026-09-01T00:05:04.518719+00:00,2026-09-01T00:05:16.268838+00:00,MESSAGE_QUEUE,True
scen_000003,inc_scen_000003_01,node_07,node_11,node_07,2,14.88,2026-09-01T00:05:13.555544+00:00,2026-09-01T00:05:28.430817+00:00,TCP,True
scen_000003,inc_scen_000003_01,node_24,node_17,node_24,2,2.99,2026-09-01T00:05:16.901384+00:00,2026-09-01T00:05:19.889697+00:00,DATABASE,True
scen_000003,inc_scen_000003_01,node_24,node_16,node_24,2,3.6,2026-09-01T00:05:16.901384+00:00,2026-09-01T00:05:20.505042+00:00,STORAGE,True
scen_000003,inc_scen_000003_01,node_10,node_12,node_10,2,4.32,2026-09-01T00:05:07.761749+00:00,2026-09-01T00:05:12.080152+00:00,DNS,True
scen_000003,inc_scen_000003_01,node_19,node_26,node_19,2,25.39,2026-09-01T00:05:06.999675+00:00,2026-09-01T00:05:32.390495+00:00,CACHE,True
scen_000003,inc_scen_000003_01,node_19,node_01,node_19,2,1.88,2026-09-01T00:05:06.999675+00:00,2026-09-01T00:05:08.883092+00:00,DATABASE,True
scen_000003,inc_scen_000003_01,node_04,node_00,node_04,3,20.12,2026-09-01T00:05:07.611314+00:00,2026-09-01T00:05:27.731707+00:00,DATABASE,True
scen_000003,inc_scen_000003_01,node_06,node_18,node_06,3,3.1,2026-09-01T00:05:08.633994+00:00,2026-09-01T00:05:11.733085+00:00,TCP,True
scen_000003,inc_scen_000003_01,node_23,node_08,node_23,3,2.22,2026-09-01T00:05:08.142807+00:00,2026-09-01T00:05:10.357988+00:00,MESSAGE_QUEUE,True
scen_000003,inc_scen_000003_01,node_20,node_21,node_20,3,7.88,2026-09-01T00:05:16.268838+00:00,2026-09-01T00:05:24.146060+00:00,MESSAGE_QUEUE,True
scen_000003,inc_scen_000003_01,node_11,node_15,node_11,3,2.3,2026-09-01T00:05:28.430817+00:00,2026-09-01T00:05:30.731218+00:00,MESSAGE_QUEUE,True
scen_000003,inc_scen_000003_01,node_16,node_13,node_16,3,10.87,2026-09-01T00:05:20.505042+00:00,2026-09-01T00:05:31.378026+00:00,TCP,True
scen_000003,inc_scen_000003_01,node_00,node_05,node_00,4,14.08,2026-09-01T00:05:27.731707+00:00,2026-09-01T00:05:41.807425+00:00,DATABASE,True
scen_000003,inc_scen_000003_01,node_15,node_22,node_15,4,9.81,2026-09-01T00:05:30.731218+00:00,2026-09-01T00:05:40.545825+00:00,MESSAGE_QUEUE,True
scen_000003,inc_scen_000003_01,node_13,node_14,node_13,4,5.51,2026-09-01T00:05:31.378026+00:00,2026-09-01T00:05:36.890277+00:00,CACHE,True
scen_000003,inc_scen_000003_01,node_05,node_25,node_05,5,3.31,2026-09-01T00:05:41.807425+00:00,2026-09-01T00:05:45.114271+00:00,DATABASE,True
scen_000004,inc_scen_000004_01,gw_01,rec_01,gw_01,0,0.0,2026-09-01T00:05:00+00:00,2026-09-01T00:05:00+00:00,HTTP,False
scen_000004,inc_scen_000004_01,gw_01,search_node_1,gw_01,0,0.0,2026-09-01T00:05:00+00:00,2026-09-01T00:05:00+00:00,HTTP,False
scen_000004,inc_scen_000004_01,gw_01,search_node_2,gw_01,0,0.0,2026-09-01T00:05:00+00:00,2026-09-01T00:05:00+00:00,HTTP,False
scen_000004,inc_scen_000004_01,gw_01,search_node_3,gw_01,0,0.0,2026-09-01T00:05:00+00:00,2026-09-01T00:05:00+00:00,HTTP,False
scen_000004,inc_scen_000004_01,gw_01,search_node_4,gw_01,0,0.0,2026-09-01T00:05:00+00:00,2026-09-01T00:05:00+00:00,HTTP,False
scen_000004,inc_scen_000004_01,gw_01,search_node_5,gw_01,0,0.0,2026-09-01T00:05:00+00:00,2026-09-01T00:05:00+00:00,HTTP,False
scen_000004,inc_scen_000004_01,gw_01,search_node_6,gw_01,0,0.0,2026-09-01T00:05:00+00:00,2026-09-01T00:05:00+00:00,HTTP,False
scen_000004,inc_scen_000004_01,gw_01,search_node_7,gw_01,0,0.0,2026-09-01T00:05:00+00:00,2026-09-01T00:05:00+00:00,HTTP,False
scen_000004,inc_scen_000004_01,gw_01,search_node_8,gw_01,0,0.0,2026-09-01T00:05:00+00:00,2026-09-01T00:05:00+00:00,HTTP,False
scen_000004,inc_scen_000004_01,gw_01,search_node_9,gw_01,0,0.0,2026-09-01T00:05:00+00:00,2026-09-01T00:05:00+00:00,HTTP,False
scen_000004,inc_scen_000004_01,gw_01,search_node_10,gw_01,0,0.0,2026-09-01T00:05:00+00:00,2026-09-01T00:05:00+00:00,HTTP,False
scen_000004,inc_scen_000004_01,gw_01,search_node_11,gw_01,0,0.0,2026-09-01T00:05:00+00:00,2026-09-01T00:05:00+00:00,HTTP,False
scen_000004,inc_scen_000004_01,gw_01,search_node_12,gw_01,0,0.0,2026-09-01T00:05:00+00:00,2026-09-01T00:05:00+00:00,HTTP,False
scen_000004,inc_scen_000004_01,gw_01,search_node_13,gw_01,0,0.0,2026-09-01T00:05:00+00:00,2026-09-01T00:05:00+00:00,HTTP,False
scen_000004,inc_scen_000004_01,gw_01,search_node_14,gw_01,0,0.0,2026-09-01T00:05:00+00:00,2026-09-01T00:05:00+00:00,HTTP,False
scen_000004,inc_scen_000004_01,gw_01,search_node_15,gw_01,0,0.0,2026-09-01T00:05:00+00:00,2026-09-01T00:05:00+00:00,HTTP,False
scen_000004,inc_scen_000004_01,gw_01,search_node_16,gw_01,0,0.0,2026-09-01T00:05:00+00:00,2026-09-01T00:05:00+00:00,HTTP,False
scen_000004,inc_scen_000004_01,gw_01,search_node_17,gw_01,0,0.0,2026-09-01T00:05:00+00:00,2026-09-01T00:05:00+00:00,HTTP,False
scen_000004,inc_scen_000004_01,gw_01,search_node_18,gw_01,0,0.0,2026-09-01T00:05:00+00:00,2026-09-01T00:05:00+00:00,HTTP,False
scen_000004,inc_scen_000004_01,gw_01,search_node_19,gw_01,0,0.0,2026-09-01T00:05:00+00:00,2026-09-01T00:05:00+00:00,HTTP,False
scen_000004,inc_scen_000004_01,gw_01,search_node_20,gw_01,0,0.0,2026-09-01T00:05:00+00:00,2026-09-01T00:05:00+00:00,HTTP,False
scen_000004,inc_scen_000004_01,rec_01,redis_01,rec_01,0,0.0,2026-09-01T00:05:00+00:00,2026-09-01T00:05:00+00:00,CACHE,False
scen_000004,inc_scen_000004_01,rec_01,es_01,rec_01,0,0.0,2026-09-01T00:05:00+00:00,2026-09-01T00:05:00+00:00,HTTP,False
scen_000004,inc_scen_000004_01,rec_01,mongo_01,rec_01,0,0.0,2026-09-01T00:05:00+00:00,2026-09-01T00:05:00+00:00,DATABASE,False
scen_000004,inc_scen_000004_01,search_node_1,es_01,search_node_1,0,0.0,2026-09-01T00:05:00+00:00,2026-09-01T00:05:00+00:00,HTTP,False
scen_000004,inc_scen_000004_01,search_node_2,es_01,search_node_2,0,0.0,2026-09-01T00:05:00+00:00,2026-09-01T00:05:00+00:00,HTTP,False
scen_000004,inc_scen_000004_01,search_node_3,es_01,search_node_3,0,0.0,2026-09-01T00:05:00+00:00,2026-09-01T00:05:00+00:00,HTTP,False
scen_000004,inc_scen_000004_01,search_node_4,es_01,search_node_4,0,0.0,2026-09-01T00:05:00+00:00,2026-09-01T00:05:00+00:00,HTTP,False
scen_000004,inc_scen_000004_01,search_node_5,es_01,search_node_5,0,0.0,2026-09-01T00:05:00+00:00,2026-09-01T00:05:00+00:00,HTTP,False
scen_000004,inc_scen_000004_01,search_node_6,es_01,search_node_6,0,0.0,2026-09-01T00:05:00+00:00,2026-09-01T00:05:00+00:00,HTTP,False
scen_000004,inc_scen_000004_01,search_node_7,es_01,search_node_7,0,0.0,2026-09-01T00:05:00+00:00,2026-09-01T00:05:00+00:00,HTTP,False
scen_000004,inc_scen_000004_01,search_node_8,es_01,search_node_8,0,0.0,2026-09-01T00:05:00+00:00,2026-09-01T00:05:00+00:00,HTTP,False
scen_000004,inc_scen_000004_01,search_node_9,es_01,search_node_9,0,0.0,2026-09-01T00:05:00+00:00,2026-09-01T00:05:00+00:00,HTTP,False
scen_000004,inc_scen_000004_01,search_node_10,es_01,search_node_10,0,0.0,2026-09-01T00:05:00+00:00,2026-09-01T00:05:00+00:00,HTTP,False
scen_000004,inc_scen_000004_01,search_node_11,es_01,search_node_11,0,0.0,2026-09-01T00:05:00+00:00,2026-09-01T00:05:00+00:00,HTTP,False
scen_000004,inc_scen_000004_01,search_node_12,es_01,search_node_12,0,0.0,2026-09-01T00:05:00+00:00,2026-09-01T00:05:00+00:00,HTTP,False
scen_000004,inc_scen_000004_01,search_node_13,es_01,search_node_13,0,0.0,2026-09-01T00:05:00+00:00,2026-09-01T00:05:00+00:00,HTTP,False
scen_000004,inc_scen_000004_01,search_node_14,es_01,search_node_14,0,0.0,2026-09-01T00:05:00+00:00,2026-09-01T00:05:00+00:00,HTTP,False
scen_000004,inc_scen_000004_01,search_node_15,es_01,search_node_15,0,0.0,2026-09-01T00:05:00+00:00,2026-09-01T00:05:00+00:00,HTTP,False
scen_000004,inc_scen_000004_01,search_node_16,es_01,search_node_16,0,0.0,2026-09-01T00:05:00+00:00,2026-09-01T00:05:00+00:00,HTTP,False
scen_000004,inc_scen_000004_01,search_node_17,es_01,search_node_17,0,0.0,2026-09-01T00:05:00+00:00,2026-09-01T00:05:00+00:00,HTTP,False
scen_000004,inc_scen_000004_01,search_node_18,es_01,search_node_18,0,0.0,2026-09-01T00:05:00+00:00,2026-09-01T00:05:00+00:00,HTTP,False
scen_000004,inc_scen_000004_01,search_node_19,es_01,search_node_19,0,0.0,2026-09-01T00:05:00+00:00,2026-09-01T00:05:00+00:00,HTTP,False
scen_000004,inc_scen_000004_01,search_node_20,es_01,search_node_20,0,0.0,2026-09-01T00:05:00+00:00,2026-09-01T00:05:00+00:00,HTTP,False
scen_000006,inc_scen_000006_01,node_12,node_17,node_12,1,16.19,2026-09-01T00:05:00+00:00,2026-09-01T00:05:16.191327+00:00,CACHE,True
scen_000006,inc_scen_000006_01,node_12,node_04,node_12,1,9.72,2026-09-01T00:05:00+00:00,2026-09-01T00:05:09.719397+00:00,CACHE,True
scen_000006,inc_scen_000006_01,node_17,node_05,node_17,2,6.27,2026-09-01T00:05:16.191327+00:00,2026-09-01T00:05:22.463413+00:00,STORAGE,True
scen_000006,inc_scen_000006_01,node_04,node_08,node_04,2,1.28,2026-09-01T00:05:09.719397+00:00,2026-09-01T00:05:11.000566+00:00,DNS,True
scen_000006,inc_scen_000006_01,node_04,node_14,node_04,2,19.68,2026-09-01T00:05:09.719397+00:00,2026-09-01T00:05:29.394494+00:00,HTTP,True
scen_000006,inc_scen_000006_01,node_04,node_16,node_04,2,2.71,2026-09-01T00:05:09.719397+00:00,2026-09-01T00:05:12.433293+00:00,CACHE,True
scen_000006,inc_scen_000006_01,node_08,node_15,node_08,3,10.43,2026-09-01T00:05:11.000566+00:00,2026-09-01T00:05:21.432563+00:00,DATABASE,True
scen_000006,inc_scen_000006_01,node_16,node_02,node_16,3,4.55,2026-09-01T00:05:12.433293+00:00,2026-09-01T00:05:16.981098+00:00,DNS,True
scen_000006,inc_scen_000006_01,node_16,node_03,node_16,3,6.89,2026-09-01T00:05:12.433293+00:00,2026-09-01T00:05:19.322225+00:00,DATABASE,True
scen_000006,inc_scen_000006_01,node_02,node_06,node_02,4,16.33,2026-09-01T00:05:16.981098+00:00,2026-09-01T00:05:33.314351+00:00,MESSAGE_QUEUE,True
scen_000006,inc_scen_000006_01,node_03,node_18,node_03,4,9.29,2026-09-01T00:05:19.322225+00:00,2026-09-01T00:05:28.611168+00:00,DATABASE,True
scen_000006,inc_scen_000006_01,node_06,node_11,node_06,5,31.86,2026-09-01T00:05:33.314351+00:00,2026-09-01T00:06:05.178211+00:00,TCP,True
scen_000006,inc_scen_000006_01,node_18,node_09,node_18,5,5.9,2026-09-01T00:05:28.611168+00:00,2026-09-01T00:05:34.506617+00:00,STORAGE,True
scen_000006,inc_scen_000006_01,node_00,node_01,node_00,0,0.0,2026-09-01T00:05:00+00:00,2026-09-01T00:05:00+00:00,TCP,False
scen_000006,inc_scen_000006_01,node_00,node_04,node_00,0,0.0,2026-09-01T00:05:00+00:00,2026-09-01T00:05:00+00:00,DNS,False
scen_000006,inc_scen_000006_01,node_00,node_07,node_00,0,0.0,2026-09-01T00:05:00+00:00,2026-09-01T00:05:00+00:00,HTTP,False
scen_000006,inc_scen_000006_01,node_00,node_09,node_00,0,0.0,2026-09-01T00:05:00+00:00,2026-09-01T00:05:00+00:00,CACHE,False
scen_000006,inc_scen_000006_01,node_01,node_02,node_01,0,0.0,2026-09-01T00:05:00+00:00,2026-09-01T00:05:00+00:00,STORAGE,False
scen_000006,inc_scen_000006_01,node_01,node_03,node_01,0,0.0,2026-09-01T00:05:00+00:00,2026-09-01T00:05:00+00:00,STORAGE,False
scen_000006,inc_scen_000006_01,node_01,node_10,node_01,0,0.0,2026-09-01T00:05:00+00:00,2026-09-01T00:05:00+00:00,DNS,False
scen_000006,inc_scen_000006_01,node_01,node_15,node_01,0,0.0,2026-09-01T00:05:00+00:00,2026-09-01T00:05:00+00:00,STORAGE,False
scen_000006,inc_scen_000006_01,node_01,node_13,node_01,0,0.0,2026-09-01T00:05:00+00:00,2026-09-01T00:05:00+00:00,STORAGE,False
scen_000006,inc_scen_000006_01,node_07,node_12,node_07,0,0.0,2026-09-01T00:05:00+00:00,2026-09-01T00:05:00+00:00,CACHE,False
scen_000006,inc_scen_000006_01,node_07,node_17,node_07,0,0.0,2026-09-01T00:05:00+00:00,2026-09-01T00:05:00+00:00,MESSAGE_QUEUE,False
scen_000006,inc_scen_000006_01,node_07,node_05,node_07,0,0.0,2026-09-01T00:05:00+00:00,2026-09-01T00:05:00+00:00,TCP,False
scen_000006,inc_scen_000006_01,node_07,node_14,node_07,0,0.0,2026-09-01T00:05:00+00:00,2026-09-01T00:05:00+00:00,CACHE,False
scen_000006,inc_scen_000006_01,node_09,node_13,node_09,0,0.0,2026-09-01T00:05:00+00:00,2026-09-01T00:05:00+00:00,MESSAGE_QUEUE,False
scen_000006,inc_scen_000006_01,node_10,node_18,node_10,0,0.0,2026-09-01T00:05:00+00:00,2026-09-01T00:05:00+00:00,MESSAGE_QUEUE,False
scen_000006,inc_scen_000006_01,node_10,node_12,node_10,0,0.0,2026-09-01T00:05:00+00:00,2026-09-01T00:05:00+00:00,STORAGE,False
scen_000006,inc_scen_000006_02,node_17,node_05,node_17,1,9.95,2026-09-01T00:08:00+00:00,2026-09-01T00:08:09.949333+00:00,STORAGE,True
scen_000006,inc_scen_000006_02,node_00,node_01,node_00,0,0.0,2026-09-01T00:08:00+00:00,2026-09-01T00:08:00+00:00,TCP,False
scen_000006,inc_scen_000006_02,node_00,node_04,node_00,0,0.0,2026-09-01T00:08:00+00:00,2026-09-01T00:08:00+00:00,DNS,False
scen_000006,inc_scen_000006_02,node_00,node_07,node_00,0,0.0,2026-09-01T00:08:00+00:00,2026-09-01T00:08:00+00:00,HTTP,False
scen_000006,inc_scen_000006_02,node_00,node_09,node_00,0,0.0,2026-09-01T00:08:00+00:00,2026-09-01T00:08:00+00:00,CACHE,False
scen_000006,inc_scen_000006_02,node_01,node_02,node_01,0,0.0,2026-09-01T00:08:00+00:00,2026-09-01T00:08:00+00:00,STORAGE,False
scen_000006,inc_scen_000006_02,node_01,node_03,node_01,0,0.0,2026-09-01T00:08:00+00:00,2026-09-01T00:08:00+00:00,STORAGE,False
scen_000006,inc_scen_000006_02,node_01,node_10,node_01,0,0.0,2026-09-01T00:08:00+00:00,2026-09-01T00:08:00+00:00,DNS,False
scen_000006,inc_scen_000006_02,node_01,node_15,node_01,0,0.0,2026-09-01T00:08:00+00:00,2026-09-01T00:08:00+00:00,STORAGE,False
scen_000006,inc_scen_000006_02,node_01,node_13,node_01,0,0.0,2026-09-01T00:08:00+00:00,2026-09-01T00:08:00+00:00,STORAGE,False
scen_000006,inc_scen_000006_02,node_02,node_06,node_02,0,0.0,2026-09-01T00:08:00+00:00,2026-09-01T00:08:00+00:00,MESSAGE_QUEUE,False
scen_000006,inc_scen_000006_02,node_02,node_03,node_02,0,0.0,2026-09-01T00:08:00+00:00,2026-09-01T00:08:00+00:00,CACHE,False
scen_000006,inc_scen_000006_02,node_03,node_05,node_03,0,0.0,2026-09-01T00:08:00+00:00,2026-09-01T00:08:00+00:00,DATABASE,False
scen_000006,inc_scen_000006_02,node_03,node_18,node_03,0,0.0,2026-09-01T00:08:00+00:00,2026-09-01T00:08:00+00:00,DATABASE,False
scen_000006,inc_scen_000006_02,node_04,node_08,node_04,0,0.0,2026-09-01T00:08:00+00:00,2026-09-01T00:08:00+00:00,DNS,False
scen_000006,inc_scen_000006_02,node_04,node_14,node_04,0,0.0,2026-09-01T00:08:00+00:00,2026-09-01T00:08:00+00:00,HTTP,False
scen_000006,inc_scen_000006_02,node_04,node_16,node_04,0,0.0,2026-09-01T00:08:00+00:00,2026-09-01T00:08:00+00:00,CACHE,False
scen_000006,inc_scen_000006_02,node_06,node_11,node_06,0,0.0,2026-09-01T00:08:00+00:00,2026-09-01T00:08:00+00:00,TCP,False
scen_000006,inc_scen_000006_02,node_07,node_12,node_07,0,0.0,2026-09-01T00:08:00+00:00,2026-09-01T00:08:00+00:00,CACHE,False
scen_000006,inc_scen_000006_02,node_07,node_17,node_07,0,0.0,2026-09-01T00:08:00+00:00,2026-09-01T00:08:00+00:00,MESSAGE_QUEUE,False
scen_000006,inc_scen_000006_02,node_07,node_05,node_07,0,0.0,2026-09-01T00:08:00+00:00,2026-09-01T00:08:00+00:00,TCP,False
scen_000006,inc_scen_000006_02,node_07,node_14,node_07,0,0.0,2026-09-01T00:08:00+00:00,2026-09-01T00:08:00+00:00,CACHE,False
scen_000006,inc_scen_000006_02,node_08,node_15,node_08,0,0.0,2026-09-01T00:08:00+00:00,2026-09-01T00:08:00+00:00,DATABASE,False
scen_000006,inc_scen_000006_02,node_09,node_13,node_09,0,0.0,2026-09-01T00:08:00+00:00,2026-09-01T00:08:00+00:00,MESSAGE_QUEUE,False
scen_000006,inc_scen_000006_02,node_09,node_15,node_09,0,0.0,2026-09-01T00:08:00+00:00,2026-09-01T00:08:00+00:00,HTTP,False
scen_000006,inc_scen_000006_02,node_10,node_18,node_10,0,0.0,2026-09-01T00:08:00+00:00,2026-09-01T00:08:00+00:00,MESSAGE_QUEUE,False
scen_000006,inc_scen_000006_02,node_10,node_12,node_10,0,0.0,2026-09-01T00:08:00+00:00,2026-09-01T00:08:00+00:00,STORAGE,False
scen_000006,inc_scen_000006_02,node_11,node_16,node_11,0,0.0,2026-09-01T00:08:00+00:00,2026-09-01T00:08:00+00:00,DATABASE,False
scen_000006,inc_scen_000006_02,node_11,node_09,node_11,0,0.0,2026-09-01T00:08:00+00:00,2026-09-01T00:08:00+00:00,DATABASE,False
scen_000006,inc_scen_000006_02,node_11,node_03,node_11,0,0.0,2026-09-01T00:08:00+00:00,2026-09-01T00:08:00+00:00,CACHE,False
scen_000006,inc_scen_000006_02,node_12,node_17,node_12,0,0.0,2026-09-01T00:08:00+00:00,2026-09-01T00:08:00+00:00,CACHE,False
scen_000006,inc_scen_000006_02,node_12,node_04,node_12,0,0.0,2026-09-01T00:08:00+00:00,2026-09-01T00:08:00+00:00,CACHE,False
scen_000006,inc_scen_000006_02,node_16,node_02,node_16,0,0.0,2026-09-01T00:08:00+00:00,2026-09-01T00:08:00+00:00,DNS,False
scen_000006,inc_scen_000006_02,node_16,node_03,node_16,0,0.0,2026-09-01T00:08:00+00:00,2026-09-01T00:08:00+00:00,DATABASE,False
scen_000006,inc_scen_000006_02,node_18,node_09,node_18,0,0.0,2026-09-01T00:08:00+00:00,2026-09-01T00:08:00+00:00,STORAGE,False
scen_000006,inc_scen_000006_02,node_18,node_04,node_18,0,0.0,2026-09-01T00:08:00+00:00,2026-09-01T00:08:00+00:00,HTTP,False
scen_000008,inc_scen_000008_01,ecom_aux_1,cache_01,ecom_aux_1,1,5.57,2026-09-01T00:05:00+00:00,2026-09-01T00:05:05.570137+00:00,CACHE,True
scen_000008,inc_scen_000008_01,gw_01,auth_01,gw_01,0,0.0,2026-09-01T00:05:00+00:00,2026-09-01T00:05:00+00:00,HTTP,False
scen_000008,inc_scen_000008_01,gw_01,order_01,gw_01,0,0.0,2026-09-01T00:05:00+00:00,2026-09-01T00:05:00+00:00,HTTP,False
scen_000008,inc_scen_000008_01,gw_01,ecom_aux_1,gw_01,0,0.0,2026-09-01T00:05:00+00:00,2026-09-01T00:05:00+00:00,HTTP,False
scen_000008,inc_scen_000008_01,gw_01,ecom_aux_2,gw_01,0,0.0,2026-09-01T00:05:00+00:00,2026-09-01T00:05:00+00:00,HTTP,False
scen_000008,inc_scen_000008_01,gw_01,ecom_aux_3,gw_01,0,0.0,2026-09-01T00:05:00+00:00,2026-09-01T00:05:00+00:00,HTTP,False
scen_000008,inc_scen_000008_01,gw_01,ecom_aux_4,gw_01,0,0.0,2026-09-01T00:05:00+00:00,2026-09-01T00:05:00+00:00,HTTP,False
scen_000008,inc_scen_000008_01,gw_01,ecom_aux_5,gw_01,0,0.0,2026-09-01T00:05:00+00:00,2026-09-01T00:05:00+00:00,HTTP,False
scen_000008,inc_scen_000008_01,gw_01,ecom_aux_6,gw_01,0,0.0,2026-09-01T00:05:00+00:00,2026-09-01T00:05:00+00:00,HTTP,False
scen_000008,inc_scen_000008_01,gw_01,ecom_aux_7,gw_01,0,0.0,2026-09-01T00:05:00+00:00,2026-09-01T00:05:00+00:00,HTTP,False
scen_000008,inc_scen_000008_01,gw_01,ecom_aux_8,gw_01,0,0.0,2026-09-01T00:05:00+00:00,2026-09-01T00:05:00+00:00,HTTP,False
scen_000008,inc_scen_000008_01,gw_01,ecom_aux_9,gw_01,0,0.0,2026-09-01T00:05:00+00:00,2026-09-01T00:05:00+00:00,HTTP,False
scen_000008,inc_scen_000008_01,order_01,pay_01,order_01,0,0.0,2026-09-01T00:05:00+00:00,2026-09-01T00:05:00+00:00,HTTP,False
scen_000008,inc_scen_000008_01,order_01,inv_01,order_01,0,0.0,2026-09-01T00:05:00+00:00,2026-09-01T00:05:00+00:00,HTTP,False
scen_000008,inc_scen_000008_01,order_01,cache_01,order_01,0,0.0,2026-09-01T00:05:00+00:00,2026-09-01T00:05:00+00:00,CACHE,False
scen_000008,inc_scen_000008_01,order_01,mq_01,order_01,0,0.0,2026-09-01T00:05:00+00:00,2026-09-01T00:05:00+00:00,MESSAGE_QUEUE,False
scen_000008,inc_scen_000008_01,pay_01,db_master,pay_01,0,0.0,2026-09-01T00:05:00+00:00,2026-09-01T00:05:00+00:00,DATABASE,False
scen_000008,inc_scen_000008_01,inv_01,db_master,inv_01,0,0.0,2026-09-01T00:05:00+00:00,2026-09-01T00:05:00+00:00,DATABASE,False
scen_000008,inc_scen_000008_01,ecom_aux_2,cache_01,ecom_aux_2,0,0.0,2026-09-01T00:05:00+00:00,2026-09-01T00:05:00+00:00,CACHE,False
scen_000008,inc_scen_000008_01,ecom_aux_3,cache_01,ecom_aux_3,0,0.0,2026-09-01T00:05:00+00:00,2026-09-01T00:05:00+00:00,CACHE,False
scen_000008,inc_scen_000008_01,ecom_aux_4,cache_01,ecom_aux_4,0,0.0,2026-09-01T00:05:00+00:00,2026-09-01T00:05:00+00:00,CACHE,False
scen_000008,inc_scen_000008_01,ecom_aux_5,cache_01,ecom_aux_5,0,0.0,2026-09-01T00:05:00+00:00,2026-09-01T00:05:00+00:00,CACHE,False
scen_000008,inc_scen_000008_01,ecom_aux_6,cache_01,ecom_aux_6,0,0.0,2026-09-01T00:05:00+00:00,2026-09-01T00:05:00+00:00,CACHE,False
scen_000008,inc_scen_000008_01,ecom_aux_7,cache_01,ecom_aux_7,0,0.0,2026-09-01T00:05:00+00:00,2026-09-01T00:05:00+00:00,CACHE,False
scen_000008,inc_scen_000008_01,ecom_aux_8,cache_01,ecom_aux_8,0,0.0,2026-09-01T00:05:00+00:00,2026-09-01T00:05:00+00:00,CACHE,False
scen_000008,inc_scen_000008_01,ecom_aux_9,cache_01,ecom_aux_9,0,0.0,2026-09-01T00:05:00+00:00,2026-09-01T00:05:00+00:00,CACHE,False
scen_000008,inc_scen_000008_02,ecom_aux_7,cache_01,ecom_aux_7,1,1.86,2026-09-01T00:06:57+00:00,2026-09-01T00:06:58.864012+00:00,CACHE,True
scen_000008,inc_scen_000008_02,gw_01,auth_01,gw_01,0,0.0,2026-09-01T00:06:57+00:00,2026-09-01T00:06:57+00:00,HTTP,False
scen_000008,inc_scen_000008_02,gw_01,order_01,gw_01,0,0.0,2026-09-01T00:06:57+00:00,2026-09-01T00:06:57+00:00,HTTP,False
scen_000008,inc_scen_000008_02,gw_01,ecom_aux_1,gw_01,0,0.0,2026-09-01T00:06:57+00:00,2026-09-01T00:06:57+00:00,HTTP,False
scen_000008,inc_scen_000008_02,gw_01,ecom_aux_2,gw_01,0,0.0,2026-09-01T00:06:57+00:00,2026-09-01T00:06:57+00:00,HTTP,False
scen_000008,inc_scen_000008_02,gw_01,ecom_aux_3,gw_01,0,0.0,2026-09-01T00:06:57+00:00,2026-09-01T00:06:57+00:00,HTTP,False
scen_000008,inc_scen_000008_02,gw_01,ecom_aux_4,gw_01,0,0.0,2026-09-01T00:06:57+00:00,2026-09-01T00:06:57+00:00,HTTP,False
scen_000008,inc_scen_000008_02,gw_01,ecom_aux_5,gw_01,0,0.0,2026-09-01T00:06:57+00:00,2026-09-01T00:06:57+00:00,HTTP,False
scen_000008,inc_scen_000008_02,gw_01,ecom_aux_6,gw_01,0,0.0,2026-09-01T00:06:57+00:00,2026-09-01T00:06:57+00:00,HTTP,False
scen_000008,inc_scen_000008_02,gw_01,ecom_aux_7,gw_01,0,0.0,2026-09-01T00:06:57+00:00,2026-09-01T00:06:57+00:00,HTTP,False
scen_000008,inc_scen_000008_02,gw_01,ecom_aux_8,gw_01,0,0.0,2026-09-01T00:06:57+00:00,2026-09-01T00:06:57+00:00,HTTP,False
scen_000008,inc_scen_000008_02,gw_01,ecom_aux_9,gw_01,0,0.0,2026-09-01T00:06:57+00:00,2026-09-01T00:06:57+00:00,HTTP,False
scen_000008,inc_scen_000008_02,order_01,pay_01,order_01,0,0.0,2026-09-01T00:06:57+00:00,2026-09-01T00:06:57+00:00,HTTP,False
scen_000008,inc_scen_000008_02,order_01,inv_01,order_01,0,0.0,2026-09-01T00:06:57+00:00,2026-09-01T00:06:57+00:00,HTTP,False
scen_000008,inc_scen_000008_02,order_01,cache_01,order_01,0,0.0,2026-09-01T00:06:57+00:00,2026-09-01T00:06:57+00:00,CACHE,False
scen_000008,inc_scen_000008_02,order_01,mq_01,order_01,0,0.0,2026-09-01T00:06:57+00:00,2026-09-01T00:06:57+00:00,MESSAGE_QUEUE,False
scen_000008,inc_scen_000008_02,pay_01,db_master,pay_01,0,0.0,2026-09-01T00:06:57+00:00,2026-09-01T00:06:57+00:00,DATABASE,False
scen_000008,inc_scen_000008_02,inv_01,db_master,inv_01,0,0.0,2026-09-01T00:06:57+00:00,2026-09-01T00:06:57+00:00,DATABASE,False
scen_000008,inc_scen_000008_02,ecom_aux_1,cache_01,ecom_aux_1,0,0.0,2026-09-01T00:06:57+00:00,2026-09-01T00:06:57+00:00,CACHE,False
scen_000008,inc_scen_000008_02,ecom_aux_2,cache_01,ecom_aux_2,0,0.0,2026-09-01T00:06:57+00:00,2026-09-01T00:06:57+00:00,CACHE,False
scen_000008,inc_scen_000008_02,ecom_aux_3,cache_01,ecom_aux_3,0,0.0,2026-09-01T00:06:57+00:00,2026-09-01T00:06:57+00:00,CACHE,False
scen_000008,inc_scen_000008_02,ecom_aux_4,cache_01,ecom_aux_4,0,0.0,2026-09-01T00:06:57+00:00,2026-09-01T00:06:57+00:00,CACHE,False
scen_000008,inc_scen_000008_02,ecom_aux_5,cache_01,ecom_aux_5,0,0.0,2026-09-01T00:06:57+00:00,2026-09-01T00:06:57+00:00,CACHE,False
scen_000008,inc_scen_000008_02,ecom_aux_6,cache_01,ecom_aux_6,0,0.0,2026-09-01T00:06:57+00:00,2026-09-01T00:06:57+00:00,CACHE,False
scen_000008,inc_scen_000008_02,ecom_aux_8,cache_01,ecom_aux_8,0,0.0,2026-09-01T00:06:57+00:00,2026-09-01T00:06:57+00:00,CACHE,False
scen_000008,inc_scen_000008_02,ecom_aux_9,cache_01,ecom_aux_9,0,0.0,2026-09-01T00:06:57+00:00,2026-09-01T00:06:57+00:00,CACHE,False
scen_000009,inc_scen_000009_01,ingest_01,kafka_broker,ingest_01,0,0.0,2026-09-01T00:05:00+00:00,2026-09-01T00:05:00+00:00,MESSAGE_QUEUE,False
scen_000009,inc_scen_000009_01,kafka_broker,notif_01,kafka_broker,0,0.0,2026-09-01T00:05:00+00:00,2026-09-01T00:05:00+00:00,MESSAGE_QUEUE,False
scen_000009,inc_scen_000009_01,kafka_broker,user_01,kafka_broker,0,0.0,2026-09-01T00:05:00+00:00,2026-09-01T00:05:00+00:00,MESSAGE_QUEUE,False
scen_000009,inc_scen_000009_01,kafka_broker,consumer_1,kafka_broker,0,0.0,2026-09-01T00:05:00+00:00,2026-09-01T00:05:00+00:00,MESSAGE_QUEUE,False
scen_000009,inc_scen_000009_01,kafka_broker,consumer_2,kafka_broker,0,0.0,2026-09-01T00:05:00+00:00,2026-09-01T00:05:00+00:00,MESSAGE_QUEUE,False
scen_000009,inc_scen_000009_01,kafka_broker,consumer_3,kafka_broker,0,0.0,2026-09-01T00:05:00+00:00,2026-09-01T00:05:00+00:00,MESSAGE_QUEUE,False
scen_000009,inc_scen_000009_01,kafka_broker,consumer_4,kafka_broker,0,0.0,2026-09-01T00:05:00+00:00,2026-09-01T00:05:00+00:00,MESSAGE_QUEUE,False
scen_000009,inc_scen_000009_01,kafka_broker,consumer_5,kafka_broker,0,0.0,2026-09-01T00:05:00+00:00,2026-09-01T00:05:00+00:00,MESSAGE_QUEUE,False
scen_000009,inc_scen_000009_01,kafka_broker,consumer_6,kafka_broker,0,0.0,2026-09-01T00:05:00+00:00,2026-09-01T00:05:00+00:00,MESSAGE_QUEUE,False
scen_000009,inc_scen_000009_01,kafka_broker,consumer_7,kafka_broker,0,0.0,2026-09-01T00:05:00+00:00,2026-09-01T00:05:00+00:00,MESSAGE_QUEUE,False
scen_000009,inc_scen_000009_01,kafka_broker,consumer_8,kafka_broker,0,0.0,2026-09-01T00:05:00+00:00,2026-09-01T00:05:00+00:00,MESSAGE_QUEUE,False
scen_000009,inc_scen_000009_01,kafka_broker,consumer_9,kafka_broker,0,0.0,2026-09-01T00:05:00+00:00,2026-09-01T00:05:00+00:00,MESSAGE_QUEUE,False
scen_000009,inc_scen_000009_01,kafka_broker,consumer_10,kafka_broker,0,0.0,2026-09-01T00:05:00+00:00,2026-09-01T00:05:00+00:00,MESSAGE_QUEUE,False
scen_000009,inc_scen_000009_01,kafka_broker,consumer_11,kafka_broker,0,0.0,2026-09-01T00:05:00+00:00,2026-09-01T00:05:00+00:00,MESSAGE_QUEUE,False
scen_000009,inc_scen_000009_01,kafka_broker,consumer_12,kafka_broker,0,0.0,2026-09-01T00:05:00+00:00,2026-09-01T00:05:00+00:00,MESSAGE_QUEUE,False
scen_000009,inc_scen_000009_01,kafka_broker,consumer_13,kafka_broker,0,0.0,2026-09-01T00:05:00+00:00,2026-09-01T00:05:00+00:00,MESSAGE_QUEUE,False
scen_000009,inc_scen_000009_01,kafka_broker,consumer_14,kafka_broker,0,0.0,2026-09-01T00:05:00+00:00,2026-09-01T00:05:00+00:00,MESSAGE_QUEUE,False
scen_000009,inc_scen_000009_01,kafka_broker,consumer_15,kafka_broker,0,0.0,2026-09-01T00:05:00+00:00,2026-09-01T00:05:00+00:00,MESSAGE_QUEUE,False
scen_000009,inc_scen_000009_01,kafka_broker,consumer_16,kafka_broker,0,0.0,2026-09-01T00:05:00+00:00,2026-09-01T00:05:00+00:00,MESSAGE_QUEUE,False
scen_000009,inc_scen_000009_01,kafka_broker,consumer_17,kafka_broker,0,0.0,2026-09-01T00:05:00+00:00,2026-09-01T00:05:00+00:00,MESSAGE_QUEUE,False
scen_000009,inc_scen_000009_01,kafka_broker,consumer_18,kafka_broker,0,0.0,2026-09-01T00:05:00+00:00,2026-09-01T00:05:00+00:00,MESSAGE_QUEUE,False
scen_000009,inc_scen_000009_01,kafka_broker,consumer_19,kafka_broker,0,0.0,2026-09-01T00:05:00+00:00,2026-09-01T00:05:00+00:00,MESSAGE_QUEUE,False
scen_000009,inc_scen_000009_01,kafka_broker,consumer_20,kafka_broker,0,0.0,2026-09-01T00:05:00+00:00,2026-09-01T00:05:00+00:00,MESSAGE_QUEUE,False
scen_000009,inc_scen_000009_01,kafka_broker,consumer_21,kafka_broker,0,0.0,2026-09-01T00:05:00+00:00,2026-09-01T00:05:00+00:00,MESSAGE_QUEUE,False
scen_000009,inc_scen_000009_01,kafka_broker,consumer_22,kafka_broker,0,0.0,2026-09-01T00:05:00+00:00,2026-09-01T00:05:00+00:00,MESSAGE_QUEUE,False
scen_000009,inc_scen_000009_01,kafka_broker,consumer_23,kafka_broker,0,0.0,2026-09-01T00:05:00+00:00,2026-09-01T00:05:00+00:00,MESSAGE_QUEUE,False
scen_000009,inc_scen_000009_01,kafka_broker,consumer_24,kafka_broker,0,0.0,2026-09-01T00:05:00+00:00,2026-09-01T00:05:00+00:00,MESSAGE_QUEUE,False
scen_000009,inc_scen_000009_01,kafka_broker,consumer_25,kafka_broker,0,0.0,2026-09-01T00:05:00+00:00,2026-09-01T00:05:00+00:00,MESSAGE_QUEUE,False
scen_000009,inc_scen_000009_01,kafka_broker,consumer_26,kafka_broker,0,0.0,2026-09-01T00:05:00+00:00,2026-09-01T00:05:00+00:00,MESSAGE_QUEUE,False
scen_000009,inc_scen_000009_01,kafka_broker,consumer_27,kafka_broker,0,0.0,2026-09-01T00:05:00+00:00,2026-09-01T00:05:00+00:00,MESSAGE_QUEUE,False
scen_000009,inc_scen_000009_01,kafka_broker,consumer_28,kafka_broker,0,0.0,2026-09-01T00:05:00+00:00,2026-09-01T00:05:00+00:00,MESSAGE_QUEUE,False
scen_000009,inc_scen_000009_01,notif_01,db_event,notif_01,0,0.0,2026-09-01T00:05:00+00:00,2026-09-01T00:05:00+00:00,DATABASE,False
scen_000009,inc_scen_000009_01,consumer_1,db_event,consumer_1,0,0.0,2026-09-01T00:05:00+00:00,2026-09-01T00:05:00+00:00,DATABASE,False
scen_000009,inc_scen_000009_01,consumer_2,db_event,consumer_2,0,0.0,2026-09-01T00:05:00+00:00,2026-09-01T00:05:00+00:00,DATABASE,False
scen_000009,inc_scen_000009_01,consumer_3,db_event,consumer_3,0,0.0,2026-09-01T00:05:00+00:00,2026-09-01T00:05:00+00:00,DATABASE,False
scen_000009,inc_scen_000009_01,consumer_4,db_event,consumer_4,0,0.0,2026-09-01T00:05:00+00:00,2026-09-01T00:05:00+00:00,DATABASE,False
scen_000009,inc_scen_000009_01,consumer_5,db_event,consumer_5,0,0.0,2026-09-01T00:05:00+00:00,2026-09-01T00:05:00+00:00,DATABASE,False
scen_000009,inc_scen_000009_01,consumer_6,db_event,consumer_6,0,0.0,2026-09-01T00:05:00+00:00,2026-09-01T00:05:00+00:00,DATABASE,False
scen_000009,inc_scen_000009_01,consumer_7,db_event,consumer_7,0,0.0,2026-09-01T00:05:00+00:00,2026-09-01T00:05:00+00:00,DATABASE,False
scen_000009,inc_scen_000009_01,consumer_8,db_event,consumer_8,0,0.0,2026-09-01T00:05:00+00:00,2026-09-01T00:05:00+00:00,DATABASE,False
scen_000009,inc_scen_000009_01,consumer_9,db_event,consumer_9,0,0.0,2026-09-01T00:05:00+00:00,2026-09-01T00:05:00+00:00,DATABASE,False
scen_000009,inc_scen_000009_01,consumer_10,db_event,consumer_10,0,0.0,2026-09-01T00:05:00+00:00,2026-09-01T00:05:00+00:00,DATABASE,False
scen_000009,inc_scen_000009_01,consumer_11,db_event,consumer_11,0,0.0,2026-09-01T00:05:00+00:00,2026-09-01T00:05:00+00:00,DATABASE,False
scen_000009,inc_scen_000009_01,consumer_12,db_event,consumer_12,0,0.0,2026-09-01T00:05:00+00:00,2026-09-01T00:05:00+00:00,DATABASE,False
scen_000009,inc_scen_000009_01,consumer_13,db_event,consumer_13,0,0.0,2026-09-01T00:05:00+00:00,2026-09-01T00:05:00+00:00,DATABASE,False
scen_000009,inc_scen_000009_01,consumer_14,db_event,consumer_14,0,0.0,2026-09-01T00:05:00+00:00,2026-09-01T00:05:00+00:00,DATABASE,False
scen_000009,inc_scen_000009_01,consumer_15,db_event,consumer_15,0,0.0,2026-09-01T00:05:00+00:00,2026-09-01T00:05:00+00:00,DATABASE,False
scen_000009,inc_scen_000009_01,consumer_16,db_event,consumer_16,0,0.0,2026-09-01T00:05:00+00:00,2026-09-01T00:05:00+00:00,DATABASE,False
scen_000009,inc_scen_000009_01,consumer_17,db_event,consumer_17,0,0.0,2026-09-01T00:05:00+00:00,2026-09-01T00:05:00+00:00,DATABASE,False
scen_000009,inc_scen_000009_01,consumer_18,db_event,consumer_18,0,0.0,2026-09-01T00:05:00+00:00,2026-09-01T00:05:00+00:00,DATABASE,False
scen_000009,inc_scen_000009_01,consumer_19,db_event,consumer_19,0,0.0,2026-09-01T00:05:00+00:00,2026-09-01T00:05:00+00:00,DATABASE,False
scen_000009,inc_scen_000009_01,consumer_20,db_event,consumer_20,0,0.0,2026-09-01T00:05:00+00:00,2026-09-01T00:05:00+00:00,DATABASE,False
scen_000009,inc_scen_000009_01,consumer_21,db_event,consumer_21,0,0.0,2026-09-01T00:05:00+00:00,2026-09-01T00:05:00+00:00,DATABASE,False
scen_000009,inc_scen_000009_01,consumer_22,db_event,consumer_22,0,0.0,2026-09-01T00:05:00+00:00,2026-09-01T00:05:00+00:00,DATABASE,False
scen_000009,inc_scen_000009_01,consumer_23,db_event,consumer_23,0,0.0,2026-09-01T00:05:00+00:00,2026-09-01T00:05:00+00:00,DATABASE,False
scen_000009,inc_scen_000009_01,consumer_24,db_event,consumer_24,0,0.0,2026-09-01T00:05:00+00:00,2026-09-01T00:05:00+00:00,DATABASE,False
scen_000009,inc_scen_000009_01,consumer_25,db_event,consumer_25,0,0.0,2026-09-01T00:05:00+00:00,2026-09-01T00:05:00+00:00,DATABASE,False
scen_000009,inc_scen_000009_01,consumer_26,db_event,consumer_26,0,0.0,2026-09-01T00:05:00+00:00,2026-09-01T00:05:00+00:00,DATABASE,False
scen_000009,inc_scen_000009_01,consumer_27,db_event,consumer_27,0,0.0,2026-09-01T00:05:00+00:00,2026-09-01T00:05:00+00:00,DATABASE,False
scen_000009,inc_scen_000009_01,consumer_28,db_event,consumer_28,0,0.0,2026-09-01T00:05:00+00:00,2026-09-01T00:05:00+00:00,DATABASE,False
scen_000010,inc_scen_000010_01,consumer_8,db_event,consumer_8,1,16.67,2026-09-01T00:05:00+00:00,2026-09-01T00:05:16.666025+00:00,DATABASE,True
scen_000010,inc_scen_000010_01,ingest_01,kafka_broker,ingest_01,0,0.0,2026-09-01T00:05:00+00:00,2026-09-01T00:05:00+00:00,MESSAGE_QUEUE,False
scen_000010,inc_scen_000010_01,kafka_broker,notif_01,kafka_broker,0,0.0,2026-09-01T00:05:00+00:00,2026-09-01T00:05:00+00:00,MESSAGE_QUEUE,False
scen_000010,inc_scen_000010_01,kafka_broker,user_01,kafka_broker,0,0.0,2026-09-01T00:05:00+00:00,2026-09-01T00:05:00+00:00,MESSAGE_QUEUE,False
scen_000010,inc_scen_000010_01,kafka_broker,consumer_1,kafka_broker,0,0.0,2026-09-01T00:05:00+00:00,2026-09-01T00:05:00+00:00,MESSAGE_QUEUE,False
scen_000010,inc_scen_000010_01,kafka_broker,consumer_2,kafka_broker,0,0.0,2026-09-01T00:05:00+00:00,2026-09-01T00:05:00+00:00,MESSAGE_QUEUE,False
scen_000010,inc_scen_000010_01,kafka_broker,consumer_3,kafka_broker,0,0.0,2026-09-01T00:05:00+00:00,2026-09-01T00:05:00+00:00,MESSAGE_QUEUE,False
scen_000010,inc_scen_000010_01,kafka_broker,consumer_4,kafka_broker,0,0.0,2026-09-01T00:05:00+00:00,2026-09-01T00:05:00+00:00,MESSAGE_QUEUE,False
scen_000010,inc_scen_000010_01,kafka_broker,consumer_5,kafka_broker,0,0.0,2026-09-01T00:05:00+00:00,2026-09-01T00:05:00+00:00,MESSAGE_QUEUE,False
scen_000010,inc_scen_000010_01,kafka_broker,consumer_6,kafka_broker,0,0.0,2026-09-01T00:05:00+00:00,2026-09-01T00:05:00+00:00,MESSAGE_QUEUE,False
scen_000010,inc_scen_000010_01,kafka_broker,consumer_7,kafka_broker,0,0.0,2026-09-01T00:05:00+00:00,2026-09-01T00:05:00+00:00,MESSAGE_QUEUE,False
scen_000010,inc_scen_000010_01,kafka_broker,consumer_8,kafka_broker,0,0.0,2026-09-01T00:05:00+00:00,2026-09-01T00:05:00+00:00,MESSAGE_QUEUE,False
scen_000010,inc_scen_000010_01,kafka_broker,consumer_9,kafka_broker,0,0.0,2026-09-01T00:05:00+00:00,2026-09-01T00:05:00+00:00,MESSAGE_QUEUE,False
scen_000010,inc_scen_000010_01,kafka_broker,consumer_10,kafka_broker,0,0.0,2026-09-01T00:05:00+00:00,2026-09-01T00:05:00+00:00,MESSAGE_QUEUE,False
scen_000010,inc_scen_000010_01,kafka_broker,consumer_11,kafka_broker,0,0.0,2026-09-01T00:05:00+00:00,2026-09-01T00:05:00+00:00,MESSAGE_QUEUE,False
scen_000010,inc_scen_000010_01,kafka_broker,consumer_12,kafka_broker,0,0.0,2026-09-01T00:05:00+00:00,2026-09-01T00:05:00+00:00,MESSAGE_QUEUE,False
scen_000010,inc_scen_000010_01,notif_01,db_event,notif_01,0,0.0,2026-09-01T00:05:00+00:00,2026-09-01T00:05:00+00:00,DATABASE,False
scen_000010,inc_scen_000010_01,consumer_1,db_event,consumer_1,0,0.0,2026-09-01T00:05:00+00:00,2026-09-01T00:05:00+00:00,DATABASE,False
scen_000010,inc_scen_000010_01,consumer_2,db_event,consumer_2,0,0.0,2026-09-01T00:05:00+00:00,2026-09-01T00:05:00+00:00,DATABASE,False
scen_000010,inc_scen_000010_01,consumer_3,db_event,consumer_3,0,0.0,2026-09-01T00:05:00+00:00,2026-09-01T00:05:00+00:00,DATABASE,False
scen_000010,inc_scen_000010_01,consumer_4,db_event,consumer_4,0,0.0,2026-09-01T00:05:00+00:00,2026-09-01T00:05:00+00:00,DATABASE,False
scen_000010,inc_scen_000010_01,consumer_5,db_event,consumer_5,0,0.0,2026-09-01T00:05:00+00:00,2026-09-01T00:05:00+00:00,DATABASE,False
scen_000010,inc_scen_000010_01,consumer_6,db_event,consumer_6,0,0.0,2026-09-01T00:05:00+00:00,2026-09-01T00:05:00+00:00,DATABASE,False
scen_000010,inc_scen_000010_01,consumer_7,db_event,consumer_7,0,0.0,2026-09-01T00:05:00+00:00,2026-09-01T00:05:00+00:00,DATABASE,False
scen_000010,inc_scen_000010_01,consumer_9,db_event,consumer_9,0,0.0,2026-09-01T00:05:00+00:00,2026-09-01T00:05:00+00:00,DATABASE,False
scen_000010,inc_scen_000010_01,consumer_10,db_event,consumer_10,0,0.0,2026-09-01T00:05:00+00:00,2026-09-01T00:05:00+00:00,DATABASE,False
scen_000010,inc_scen_000010_01,consumer_11,db_event,consumer_11,0,0.0,2026-09-01T00:05:00+00:00,2026-09-01T00:05:00+00:00,DATABASE,False
scen_000010,inc_scen_000010_01,consumer_12,db_event,consumer_12,0,0.0,2026-09-01T00:05:00+00:00,2026-09-01T00:05:00+00:00,DATABASE,False
scen_000011,inc_scen_000011_01,consumer_12,db_event,consumer_12,1,7.84,2026-09-01T00:05:00+00:00,2026-09-01T00:05:07.842601+00:00,DATABASE,True
scen_000011,inc_scen_000011_01,ingest_01,kafka_broker,ingest_01,0,0.0,2026-09-01T00:05:00+00:00,2026-09-01T00:05:00+00:00,MESSAGE_QUEUE,False
scen_000011,inc_scen_000011_01,kafka_broker,notif_01,kafka_broker,0,0.0,2026-09-01T00:05:00+00:00,2026-09-01T00:05:00+00:00,MESSAGE_QUEUE,False
scen_000011,inc_scen_000011_01,kafka_broker,user_01,kafka_broker,0,0.0,2026-09-01T00:05:00+00:00,2026-09-01T00:05:00+00:00,MESSAGE_QUEUE,False
scen_000011,inc_scen_000011_01,kafka_broker,consumer_1,kafka_broker,0,0.0,2026-09-01T00:05:00+00:00,2026-09-01T00:05:00+00:00,MESSAGE_QUEUE,False
scen_000011,inc_scen_000011_01,kafka_broker,consumer_2,kafka_broker,0,0.0,2026-09-01T00:05:00+00:00,2026-09-01T00:05:00+00:00,MESSAGE_QUEUE,False
scen_000011,inc_scen_000011_01,kafka_broker,consumer_3,kafka_broker,0,0.0,2026-09-01T00:05:00+00:00,2026-09-01T00:05:00+00:00,MESSAGE_QUEUE,False
scen_000011,inc_scen_000011_01,kafka_broker,consumer_4,kafka_broker,0,0.0,2026-09-01T00:05:00+00:00,2026-09-01T00:05:00+00:00,MESSAGE_QUEUE,False
scen_000011,inc_scen_000011_01,kafka_broker,consumer_5,kafka_broker,0,0.0,2026-09-01T00:05:00+00:00,2026-09-01T00:05:00+00:00,MESSAGE_QUEUE,False
scen_000011,inc_scen_000011_01,kafka_broker,consumer_6,kafka_broker,0,0.0,2026-09-01T00:05:00+00:00,2026-09-01T00:05:00+00:00,MESSAGE_QUEUE,False
scen_000011,inc_scen_000011_01,kafka_broker,consumer_7,kafka_broker,0,0.0,2026-09-01T00:05:00+00:00,2026-09-01T00:05:00+00:00,MESSAGE_QUEUE,False
scen_000011,inc_scen_000011_01,kafka_broker,consumer_8,kafka_broker,0,0.0,2026-09-01T00:05:00+00:00,2026-09-01T00:05:00+00:00,MESSAGE_QUEUE,False
scen_000011,inc_scen_000011_01,kafka_broker,consumer_9,kafka_broker,0,0.0,2026-09-01T00:05:00+00:00,2026-09-01T00:05:00+00:00,MESSAGE_QUEUE,False
scen_000011,inc_scen_000011_01,kafka_broker,consumer_10,kafka_broker,0,0.0,2026-09-01T00:05:00+00:00,2026-09-01T00:05:00+00:00,MESSAGE_QUEUE,False
scen_000011,inc_scen_000011_01,kafka_broker,consumer_11,kafka_broker,0,0.0,2026-09-01T00:05:00+00:00,2026-09-01T00:05:00+00:00,MESSAGE_QUEUE,False
scen_000011,inc_scen_000011_01,kafka_broker,consumer_12,kafka_broker,0,0.0,2026-09-01T00:05:00+00:00,2026-09-01T00:05:00+00:00,MESSAGE_QUEUE,False
scen_000011,inc_scen_000011_01,kafka_broker,consumer_13,kafka_broker,0,0.0,2026-09-01T00:05:00+00:00,2026-09-01T00:05:00+00:00,MESSAGE_QUEUE,False
scen_000011,inc_scen_000011_01,kafka_broker,consumer_14,kafka_broker,0,0.0,2026-09-01T00:05:00+00:00,2026-09-01T00:05:00+00:00,MESSAGE_QUEUE,False
scen_000011,inc_scen_000011_01,kafka_broker,consumer_15,kafka_broker,0,0.0,2026-09-01T00:05:00+00:00,2026-09-01T00:05:00+00:00,MESSAGE_QUEUE,False
scen_000011,inc_scen_000011_01,kafka_broker,consumer_16,kafka_broker,0,0.0,2026-09-01T00:05:00+00:00,2026-09-01T00:05:00+00:00,MESSAGE_QUEUE,False
scen_000011,inc_scen_000011_01,kafka_broker,consumer_17,kafka_broker,0,0.0,2026-09-01T00:05:00+00:00,2026-09-01T00:05:00+00:00,MESSAGE_QUEUE,False
scen_000011,inc_scen_000011_01,kafka_broker,consumer_18,kafka_broker,0,0.0,2026-09-01T00:05:00+00:00,2026-09-01T00:05:00+00:00,MESSAGE_QUEUE,False
scen_000011,inc_scen_000011_01,kafka_broker,consumer_19,kafka_broker,0,0.0,2026-09-01T00:05:00+00:00,2026-09-01T00:05:00+00:00,MESSAGE_QUEUE,False
scen_000011,inc_scen_000011_01,kafka_broker,consumer_20,kafka_broker,0,0.0,2026-09-01T00:05:00+00:00,2026-09-01T00:05:00+00:00,MESSAGE_QUEUE,False
scen_000011,inc_scen_000011_01,kafka_broker,consumer_21,kafka_broker,0,0.0,2026-09-01T00:05:00+00:00,2026-09-01T00:05:00+00:00,MESSAGE_QUEUE,False
scen_000011,inc_scen_000011_01,kafka_broker,consumer_22,kafka_broker,0,0.0,2026-09-01T00:05:00+00:00,2026-09-01T00:05:00+00:00,MESSAGE_QUEUE,False
scen_000011,inc_scen_000011_01,kafka_broker,consumer_23,kafka_broker,0,0.0,2026-09-01T00:05:00+00:00,2026-09-01T00:05:00+00:00,MESSAGE_QUEUE,False
scen_000011,inc_scen_000011_01,kafka_broker,consumer_24,kafka_broker,0,0.0,2026-09-01T00:05:00+00:00,2026-09-01T00:05:00+00:00,MESSAGE_QUEUE,False
scen_000011,inc_scen_000011_01,kafka_broker,consumer_25,kafka_broker,0,0.0,2026-09-01T00:05:00+00:00,2026-09-01T00:05:00+00:00,MESSAGE_QUEUE,False
scen_000011,inc_scen_000011_01,kafka_broker,consumer_26,kafka_broker,0,0.0,2026-09-01T00:05:00+00:00,2026-09-01T00:05:00+00:00,MESSAGE_QUEUE,False
scen_000011,inc_scen_000011_01,kafka_broker,consumer_27,kafka_broker,0,0.0,2026-09-01T00:05:00+00:00,2026-09-01T00:05:00+00:00,MESSAGE_QUEUE,False
scen_000011,inc_scen_000011_01,kafka_broker,consumer_28,kafka_broker,0,0.0,2026-09-01T00:05:00+00:00,2026-09-01T00:05:00+00:00,MESSAGE_QUEUE,False
scen_000011,inc_scen_000011_01,kafka_broker,consumer_29,kafka_broker,0,0.0,2026-09-01T00:05:00+00:00,2026-09-01T00:05:00+00:00,MESSAGE_QUEUE,False
scen_000011,inc_scen_000011_01,kafka_broker,consumer_30,kafka_broker,0,0.0,2026-09-01T00:05:00+00:00,2026-09-01T00:05:00+00:00,MESSAGE_QUEUE,False
scen_000011,inc_scen_000011_01,kafka_broker,consumer_31,kafka_broker,0,0.0,2026-09-01T00:05:00+00:00,2026-09-01T00:05:00+00:00,MESSAGE_QUEUE,False
scen_000011,inc_scen_000011_01,notif_01,db_event,notif_01,0,0.0,2026-09-01T00:05:00+00:00,2026-09-01T00:05:00+00:00,DATABASE,False
scen_000011,inc_scen_000011_01,consumer_1,db_event,consumer_1,0,0.0,2026-09-01T00:05:00+00:00,2026-09-01T00:05:00+00:00,DATABASE,False
scen_000011,inc_scen_000011_01,consumer_2,db_event,consumer_2,0,0.0,2026-09-01T00:05:00+00:00,2026-09-01T00:05:00+00:00,DATABASE,False
scen_000011,inc_scen_000011_01,consumer_3,db_event,consumer_3,0,0.0,2026-09-01T00:05:00+00:00,2026-09-01T00:05:00+00:00,DATABASE,False
scen_000011,inc_scen_000011_01,consumer_4,db_event,consumer_4,0,0.0,2026-09-01T00:05:00+00:00,2026-09-01T00:05:00+00:00,DATABASE,False
scen_000011,inc_scen_000011_01,consumer_5,db_event,consumer_5,0,0.0,2026-09-01T00:05:00+00:00,2026-09-01T00:05:00+00:00,DATABASE,False
scen_000011,inc_scen_000011_01,consumer_6,db_event,consumer_6,0,0.0,2026-09-01T00:05:00+00:00,2026-09-01T00:05:00+00:00,DATABASE,False
scen_000011,inc_scen_000011_01,consumer_7,db_event,consumer_7,0,0.0,2026-09-01T00:05:00+00:00,2026-09-01T00:05:00+00:00,DATABASE,False
scen_000011,inc_scen_000011_01,consumer_8,db_event,consumer_8,0,0.0,2026-09-01T00:05:00+00:00,2026-09-01T00:05:00+00:00,DATABASE,False
scen_000011,inc_scen_000011_01,consumer_9,db_event,consumer_9,0,0.0,2026-09-01T00:05:00+00:00,2026-09-01T00:05:00+00:00,DATABASE,False
scen_000011,inc_scen_000011_01,consumer_10,db_event,consumer_10,0,0.0,2026-09-01T00:05:00+00:00,2026-09-01T00:05:00+00:00,DATABASE,False
scen_000011,inc_scen_000011_01,consumer_11,db_event,consumer_11,0,0.0,2026-09-01T00:05:00+00:00,2026-09-01T00:05:00+00:00,DATABASE,False
scen_000011,inc_scen_000011_01,consumer_13,db_event,consumer_13,0,0.0,2026-09-01T00:05:00+00:00,2026-09-01T00:05:00+00:00,DATABASE,False
scen_000011,inc_scen_000011_01,consumer_14,db_event,consumer_14,0,0.0,2026-09-01T00:05:00+00:00,2026-09-01T00:05:00+00:00,DATABASE,False
scen_000011,inc_scen_000011_01,consumer_15,db_event,consumer_15,0,0.0,2026-09-01T00:05:00+00:00,2026-09-01T00:05:00+00:00,DATABASE,False
scen_000011,inc_scen_000011_01,consumer_16,db_event,consumer_16,0,0.0,2026-09-01T00:05:00+00:00,2026-09-01T00:05:00+00:00,DATABASE,False
scen_000011,inc_scen_000011_01,consumer_17,db_event,consumer_17,0,0.0,2026-09-01T00:05:00+00:00,2026-09-01T00:05:00+00:00,DATABASE,False
scen_000011,inc_scen_000011_01,consumer_18,db_event,consumer_18,0,0.0,2026-09-01T00:05:00+00:00,2026-09-01T00:05:00+00:00,DATABASE,False
scen_000011,inc_scen_000011_01,consumer_19,db_event,consumer_19,0,0.0,2026-09-01T00:05:00+00:00,2026-09-01T00:05:00+00:00,DATABASE,False
scen_000011,inc_scen_000011_01,consumer_20,db_event,consumer_20,0,0.0,2026-09-01T00:05:00+00:00,2026-09-01T00:05:00+00:00,DATABASE,False
scen_000011,inc_scen_000011_01,consumer_21,db_event,consumer_21,0,0.0,2026-09-01T00:05:00+00:00,2026-09-01T00:05:00+00:00,DATABASE,False
scen_000011,inc_scen_000011_01,consumer_22,db_event,consumer_22,0,0.0,2026-09-01T00:05:00+00:00,2026-09-01T00:05:00+00:00,DATABASE,False
scen_000011,inc_scen_000011_01,consumer_23,db_event,consumer_23,0,0.0,2026-09-01T00:05:00+00:00,2026-09-01T00:05:00+00:00,DATABASE,False
scen_000011,inc_scen_000011_01,consumer_24,db_event,consumer_24,0,0.0,2026-09-01T00:05:00+00:00,2026-09-01T00:05:00+00:00,DATABASE,False
scen_000011,inc_scen_000011_01,consumer_25,db_event,consumer_25,0,0.0,2026-09-01T00:05:00+00:00,2026-09-01T00:05:00+00:00,DATABASE,False
scen_000011,inc_scen_000011_01,consumer_26,db_event,consumer_26,0,0.0,2026-09-01T00:05:00+00:00,2026-09-01T00:05:00+00:00,DATABASE,False
scen_000011,inc_scen_000011_01,consumer_27,db_event,consumer_27,0,0.0,2026-09-01T00:05:00+00:00,2026-09-01T00:05:00+00:00,DATABASE,False
scen_000011,inc_scen_000011_01,consumer_28,db_event,consumer_28,0,0.0,2026-09-01T00:05:00+00:00,2026-09-01T00:05:00+00:00,DATABASE,False
scen_000011,inc_scen_000011_01,consumer_29,db_event,consumer_29,0,0.0,2026-09-01T00:05:00+00:00,2026-09-01T00:05:00+00:00,DATABASE,False
scen_000011,inc_scen_000011_01,consumer_30,db_event,consumer_30,0,0.0,2026-09-01T00:05:00+00:00,2026-09-01T00:05:00+00:00,DATABASE,False
scen_000011,inc_scen_000011_01,consumer_31,db_event,consumer_31,0,0.0,2026-09-01T00:05:00+00:00,2026-09-01T00:05:00+00:00,DATABASE,False
scen_000012,inc_scen_000012_01,search_node_24,es_01,search_node_24,1,12.54,2026-09-01T00:05:00+00:00,2026-09-01T00:05:12.535786+00:00,HTTP,True
scen_000012,inc_scen_000012_01,gw_01,rec_01,gw_01,0,0.0,2026-09-01T00:05:00+00:00,2026-09-01T00:05:00+00:00,HTTP,False
scen_000012,inc_scen_000012_01,gw_01,search_node_1,gw_01,0,0.0,2026-09-01T00:05:00+00:00,2026-09-01T00:05:00+00:00,HTTP,False
scen_000012,inc_scen_000012_01,gw_01,search_node_2,gw_01,0,0.0,2026-09-01T00:05:00+00:00,2026-09-01T00:05:00+00:00,HTTP,False
scen_000012,inc_scen_000012_01,gw_01,search_node_3,gw_01,0,0.0,2026-09-01T00:05:00+00:00,2026-09-01T00:05:00+00:00,HTTP,False
scen_000012,inc_scen_000012_01,gw_01,search_node_4,gw_01,0,0.0,2026-09-01T00:05:00+00:00,2026-09-01T00:05:00+00:00,HTTP,False
scen_000012,inc_scen_000012_01,gw_01,search_node_5,gw_01,0,0.0,2026-09-01T00:05:00+00:00,2026-09-01T00:05:00+00:00,HTTP,False
scen_000012,inc_scen_000012_01,gw_01,search_node_6,gw_01,0,0.0,2026-09-01T00:05:00+00:00,2026-09-01T00:05:00+00:00,HTTP,False
scen_000012,inc_scen_000012_01,gw_01,search_node_7,gw_01,0,0.0,2026-09-01T00:05:00+00:00,2026-09-01T00:05:00+00:00,HTTP,False
scen_000012,inc_scen_000012_01,gw_01,search_node_8,gw_01,0,0.0,2026-09-01T00:05:00+00:00,2026-09-01T00:05:00+00:00,HTTP,False
scen_000012,inc_scen_000012_01,gw_01,search_node_9,gw_01,0,0.0,2026-09-01T00:05:00+00:00,2026-09-01T00:05:00+00:00,HTTP,False
scen_000012,inc_scen_000012_01,gw_01,search_node_10,gw_01,0,0.0,2026-09-01T00:05:00+00:00,2026-09-01T00:05:00+00:00,HTTP,False
scen_000012,inc_scen_000012_01,gw_01,search_node_11,gw_01,0,0.0,2026-09-01T00:05:00+00:00,2026-09-01T00:05:00+00:00,HTTP,False
scen_000012,inc_scen_000012_01,gw_01,search_node_12,gw_01,0,0.0,2026-09-01T00:05:00+00:00,2026-09-01T00:05:00+00:00,HTTP,False
scen_000012,inc_scen_000012_01,gw_01,search_node_13,gw_01,0,0.0,2026-09-01T00:05:00+00:00,2026-09-01T00:05:00+00:00,HTTP,False
scen_000012,inc_scen_000012_01,gw_01,search_node_14,gw_01,0,0.0,2026-09-01T00:05:00+00:00,2026-09-01T00:05:00+00:00,HTTP,False
scen_000012,inc_scen_000012_01,gw_01,search_node_15,gw_01,0,0.0,2026-09-01T00:05:00+00:00,2026-09-01T00:05:00+00:00,HTTP,False
scen_000012,inc_scen_000012_01,gw_01,search_node_16,gw_01,0,0.0,2026-09-01T00:05:00+00:00,2026-09-01T00:05:00+00:00,HTTP,False
scen_000012,inc_scen_000012_01,gw_01,search_node_17,gw_01,0,0.0,2026-09-01T00:05:00+00:00,2026-09-01T00:05:00+00:00,HTTP,False
scen_000012,inc_scen_000012_01,gw_01,search_node_18,gw_01,0,0.0,2026-09-01T00:05:00+00:00,2026-09-01T00:05:00+00:00,HTTP,False
scen_000012,inc_scen_000012_01,gw_01,search_node_19,gw_01,0,0.0,2026-09-01T00:05:00+00:00,2026-09-01T00:05:00+00:00,HTTP,False
scen_000012,inc_scen_000012_01,gw_01,search_node_20,gw_01,0,0.0,2026-09-01T00:05:00+00:00,2026-09-01T00:05:00+00:00,HTTP,False
scen_000012,inc_scen_000012_01,gw_01,search_node_21,gw_01,0,0.0,2026-09-01T00:05:00+00:00,2026-09-01T00:05:00+00:00,HTTP,False
scen_000012,inc_scen_000012_01,gw_01,search_node_22,gw_01,0,0.0,2026-09-01T00:05:00+00:00,2026-09-01T00:05:00+00:00,HTTP,False
scen_000012,inc_scen_000012_01,gw_01,search_node_23,gw_01,0,0.0,2026-09-01T00:05:00+00:00,2026-09-01T00:05:00+00:00,HTTP,False
scen_000012,inc_scen_000012_01,gw_01,search_node_24,gw_01,0,0.0,2026-09-01T00:05:00+00:00,2026-09-01T00:05:00+00:00,HTTP,False
scen_000012,inc_scen_000012_01,gw_01,search_node_25,gw_01,0,0.0,2026-09-01T00:05:00+00:00,2026-09-01T00:05:00+00:00,HTTP,False
scen_000012,inc_scen_000012_01,gw_01,search_node_26,gw_01,0,0.0,2026-09-01T00:05:00+00:00,2026-09-01T00:05:00+00:00,HTTP,False
scen_000012,inc_scen_000012_01,gw_01,search_node_27,gw_01,0,0.0,2026-09-01T00:05:00+00:00,2026-09-01T00:05:00+00:00,HTTP,False
scen_000012,inc_scen_000012_01,gw_01,search_node_28,gw_01,0,0.0,2026-09-01T00:05:00+00:00,2026-09-01T00:05:00+00:00,HTTP,False
scen_000012,inc_scen_000012_01,gw_01,search_node_29,gw_01,0,0.0,2026-09-01T00:05:00+00:00,2026-09-01T00:05:00+00:00,HTTP,False
scen_000012,inc_scen_000012_01,gw_01,search_node_30,gw_01,0,0.0,2026-09-01T00:05:00+00:00,2026-09-01T00:05:00+00:00,HTTP,False
scen_000012,inc_scen_000012_01,gw_01,search_node_31,gw_01,0,0.0,2026-09-01T00:05:00+00:00,2026-09-01T00:05:00+00:00,HTTP,False
scen_000012,inc_scen_000012_01,gw_01,search_node_32,gw_01,0,0.0,2026-09-01T00:05:00+00:00,2026-09-01T00:05:00+00:00,HTTP,False
scen_000012,inc_scen_000012_01,gw_01,search_node_33,gw_01,0,0.0,2026-09-01T00:05:00+00:00,2026-09-01T00:05:00+00:00,HTTP,False
scen_000012,inc_scen_000012_01,gw_01,search_node_34,gw_01,0,0.0,2026-09-01T00:05:00+00:00,2026-09-01T00:05:00+00:00,HTTP,False
scen_000012,inc_scen_000012_01,gw_01,search_node_35,gw_01,0,0.0,2026-09-01T00:05:00+00:00,2026-09-01T00:05:00+00:00,HTTP,False
scen_000012,inc_scen_000012_01,gw_01,search_node_36,gw_01,0,0.0,2026-09-01T00:05:00+00:00,2026-09-01T00:05:00+00:00,HTTP,False
scen_000012,inc_scen_000012_01,gw_01,search_node_37,gw_01,0,0.0,2026-09-01T00:05:00+00:00,2026-09-01T00:05:00+00:00,HTTP,False
scen_000012,inc_scen_000012_01,gw_01,search_node_38,gw_01,0,0.0,2026-09-01T00:05:00+00:00,2026-09-01T00:05:00+00:00,HTTP,False
scen_000012,inc_scen_000012_01,gw_01,search_node_39,gw_01,0,0.0,2026-09-01T00:05:00+00:00,2026-09-01T00:05:00+00:00,HTTP,False
scen_000012,inc_scen_000012_01,gw_01,search_node_40,gw_01,0,0.0,2026-09-01T00:05:00+00:00,2026-09-01T00:05:00+00:00,HTTP,False
scen_000012,inc_scen_000012_01,gw_01,search_node_41,gw_01,0,0.0,2026-09-01T00:05:00+00:00,2026-09-01T00:05:00+00:00,HTTP,False
scen_000012,inc_scen_000012_01,gw_01,search_node_42,gw_01,0,0.0,2026-09-01T00:05:00+00:00,2026-09-01T00:05:00+00:00,HTTP,False
scen_000012,inc_scen_000012_01,gw_01,search_node_43,gw_01,0,0.0,2026-09-01T00:05:00+00:00,2026-09-01T00:05:00+00:00,HTTP,False
scen_000012,inc_scen_000012_01,rec_01,redis_01,rec_01,0,0.0,2026-09-01T00:05:00+00:00,2026-09-01T00:05:00+00:00,CACHE,False
scen_000012,inc_scen_000012_01,rec_01,es_01,rec_01,0,0.0,2026-09-01T00:05:00+00:00,2026-09-01T00:05:00+00:00,HTTP,False
scen_000012,inc_scen_000012_01,rec_01,mongo_01,rec_01,0,0.0,2026-09-01T00:05:00+00:00,2026-09-01T00:05:00+00:00,DATABASE,False
scen_000012,inc_scen_000012_01,search_node_1,es_01,search_node_1,0,0.0,2026-09-01T00:05:00+00:00,2026-09-01T00:05:00+00:00,HTTP,False
scen_000012,inc_scen_000012_01,search_node_2,es_01,search_node_2,0,0.0,2026-09-01T00:05:00+00:00,2026-09-01T00:05:00+00:00,HTTP,False
scen_000012,inc_scen_000012_01,search_node_3,es_01,search_node_3,0,0.0,2026-09-01T00:05:00+00:00,2026-09-01T00:05:00+00:00,HTTP,False
scen_000012,inc_scen_000012_01,search_node_4,es_01,search_node_4,0,0.0,2026-09-01T00:05:00+00:00,2026-09-01T00:05:00+00:00,HTTP,False
scen_000012,inc_scen_000012_01,search_node_5,es_01,search_node_5,0,0.0,2026-09-01T00:05:00+00:00,2026-09-01T00:05:00+00:00,HTTP,False
scen_000012,inc_scen_000012_01,search_node_6,es_01,search_node_6,0,0.0,2026-09-01T00:05:00+00:00,2026-09-01T00:05:00+00:00,HTTP,False
scen_000012,inc_scen_000012_01,search_node_7,es_01,search_node_7,0,0.0,2026-09-01T00:05:00+00:00,2026-09-01T00:05:00+00:00,HTTP,False
scen_000012,inc_scen_000012_01,search_node_8,es_01,search_node_8,0,0.0,2026-09-01T00:05:00+00:00,2026-09-01T00:05:00+00:00,HTTP,False
scen_000012,inc_scen_000012_01,search_node_9,es_01,search_node_9,0,0.0,2026-09-01T00:05:00+00:00,2026-09-01T00:05:00+00:00,HTTP,False
scen_000012,inc_scen_000012_01,search_node_10,es_01,search_node_10,0,0.0,2026-09-01T00:05:00+00:00,2026-09-01T00:05:00+00:00,HTTP,False
scen_000012,inc_scen_000012_01,search_node_11,es_01,search_node_11,0,0.0,2026-09-01T00:05:00+00:00,2026-09-01T00:05:00+00:00,HTTP,False
scen_000012,inc_scen_000012_01,search_node_12,es_01,search_node_12,0,0.0,2026-09-01T00:05:00+00:00,2026-09-01T00:05:00+00:00,HTTP,False
scen_000012,inc_scen_000012_01,search_node_13,es_01,search_node_13,0,0.0,2026-09-01T00:05:00+00:00,2026-09-01T00:05:00+00:00,HTTP,False
scen_000012,inc_scen_000012_01,search_node_14,es_01,search_node_14,0,0.0,2026-09-01T00:05:00+00:00,2026-09-01T00:05:00+00:00,HTTP,False
scen_000012,inc_scen_000012_01,search_node_15,es_01,search_node_15,0,0.0,2026-09-01T00:05:00+00:00,2026-09-01T00:05:00+00:00,HTTP,False
scen_000012,inc_scen_000012_01,search_node_16,es_01,search_node_16,0,0.0,2026-09-01T00:05:00+00:00,2026-09-01T00:05:00+00:00,HTTP,False
scen_000012,inc_scen_000012_01,search_node_17,es_01,search_node_17,0,0.0,2026-09-01T00:05:00+00:00,2026-09-01T00:05:00+00:00,HTTP,False
scen_000012,inc_scen_000012_01,search_node_18,es_01,search_node_18,0,0.0,2026-09-01T00:05:00+00:00,2026-09-01T00:05:00+00:00,HTTP,False
scen_000012,inc_scen_000012_01,search_node_19,es_01,search_node_19,0,0.0,2026-09-01T00:05:00+00:00,2026-09-01T00:05:00+00:00,HTTP,False
scen_000012,inc_scen_000012_01,search_node_20,es_01,search_node_20,0,0.0,2026-09-01T00:05:00+00:00,2026-09-01T00:05:00+00:00,HTTP,False
scen_000012,inc_scen_000012_01,search_node_21,es_01,search_node_21,0,0.0,2026-09-01T00:05:00+00:00,2026-09-01T00:05:00+00:00,HTTP,False
scen_000012,inc_scen_000012_01,search_node_22,es_01,search_node_22,0,0.0,2026-09-01T00:05:00+00:00,2026-09-01T00:05:00+00:00,HTTP,False
scen_000012,inc_scen_000012_01,search_node_23,es_01,search_node_23,0,0.0,2026-09-01T00:05:00+00:00,2026-09-01T00:05:00+00:00,HTTP,False
scen_000012,inc_scen_000012_01,search_node_25,es_01,search_node_25,0,0.0,2026-09-01T00:05:00+00:00,2026-09-01T00:05:00+00:00,HTTP,False
scen_000012,inc_scen_000012_01,search_node_26,es_01,search_node_26,0,0.0,2026-09-01T00:05:00+00:00,2026-09-01T00:05:00+00:00,HTTP,False
scen_000012,inc_scen_000012_01,search_node_27,es_01,search_node_27,0,0.0,2026-09-01T00:05:00+00:00,2026-09-01T00:05:00+00:00,HTTP,False
scen_000012,inc_scen_000012_01,search_node_28,es_01,search_node_28,0,0.0,2026-09-01T00:05:00+00:00,2026-09-01T00:05:00+00:00,HTTP,False
scen_000012,inc_scen_000012_01,search_node_29,es_01,search_node_29,0,0.0,2026-09-01T00:05:00+00:00,2026-09-01T00:05:00+00:00,HTTP,False
scen_000012,inc_scen_000012_01,search_node_30,es_01,search_node_30,0,0.0,2026-09-01T00:05:00+00:00,2026-09-01T00:05:00+00:00,HTTP,False
scen_000012,inc_scen_000012_01,search_node_31,es_01,search_node_31,0,0.0,2026-09-01T00:05:00+00:00,2026-09-01T00:05:00+00:00,HTTP,False
scen_000012,inc_scen_000012_01,search_node_32,es_01,search_node_32,0,0.0,2026-09-01T00:05:00+00:00,2026-09-01T00:05:00+00:00,HTTP,False
scen_000012,inc_scen_000012_01,search_node_33,es_01,search_node_33,0,0.0,2026-09-01T00:05:00+00:00,2026-09-01T00:05:00+00:00,HTTP,False
scen_000012,inc_scen_000012_01,search_node_34,es_01,search_node_34,0,0.0,2026-09-01T00:05:00+00:00,2026-09-01T00:05:00+00:00,HTTP,False
scen_000012,inc_scen_000012_01,search_node_35,es_01,search_node_35,0,0.0,2026-09-01T00:05:00+00:00,2026-09-01T00:05:00+00:00,HTTP,False
scen_000012,inc_scen_000012_01,search_node_36,es_01,search_node_36,0,0.0,2026-09-01T00:05:00+00:00,2026-09-01T00:05:00+00:00,HTTP,False
scen_000012,inc_scen_000012_01,search_node_37,es_01,search_node_37,0,0.0,2026-09-01T00:05:00+00:00,2026-09-01T00:05:00+00:00,HTTP,False
scen_000012,inc_scen_000012_01,search_node_38,es_01,search_node_38,0,0.0,2026-09-01T00:05:00+00:00,2026-09-01T00:05:00+00:00,HTTP,False
scen_000012,inc_scen_000012_01,search_node_39,es_01,search_node_39,0,0.0,2026-09-01T00:05:00+00:00,2026-09-01T00:05:00+00:00,HTTP,False
scen_000012,inc_scen_000012_01,search_node_40,es_01,search_node_40,0,0.0,2026-09-01T00:05:00+00:00,2026-09-01T00:05:00+00:00,HTTP,False
scen_000012,inc_scen_000012_01,search_node_41,es_01,search_node_41,0,0.0,2026-09-01T00:05:00+00:00,2026-09-01T00:05:00+00:00,HTTP,False
scen_000012,inc_scen_000012_01,search_node_42,es_01,search_node_42,0,0.0,2026-09-01T00:05:00+00:00,2026-09-01T00:05:00+00:00,HTTP,False
scen_000012,inc_scen_000012_01,search_node_43,es_01,search_node_43,0,0.0,2026-09-01T00:05:00+00:00,2026-09-01T00:05:00+00:00,HTTP,False
scen_000013,inc_scen_000013_01,ecom_aux_14,cache_01,ecom_aux_14,1,6.43,2026-09-01T00:05:00+00:00,2026-09-01T00:05:06.431748+00:00,CACHE,True
scen_000013,inc_scen_000013_01,gw_01,auth_01,gw_01,0,0.0,2026-09-01T00:05:00+00:00,2026-09-01T00:05:00+00:00,HTTP,False
scen_000013,inc_scen_000013_01,gw_01,order_01,gw_01,0,0.0,2026-09-01T00:05:00+00:00,2026-09-01T00:05:00+00:00,HTTP,False
scen_000013,inc_scen_000013_01,gw_01,ecom_aux_1,gw_01,0,0.0,2026-09-01T00:05:00+00:00,2026-09-01T00:05:00+00:00,HTTP,False
scen_000013,inc_scen_000013_01,gw_01,ecom_aux_2,gw_01,0,0.0,2026-09-01T00:05:00+00:00,2026-09-01T00:05:00+00:00,HTTP,False
scen_000013,inc_scen_000013_01,gw_01,ecom_aux_3,gw_01,0,0.0,2026-09-01T00:05:00+00:00,2026-09-01T00:05:00+00:00,HTTP,False
scen_000013,inc_scen_000013_01,gw_01,ecom_aux_4,gw_01,0,0.0,2026-09-01T00:05:00+00:00,2026-09-01T00:05:00+00:00,HTTP,False
scen_000013,inc_scen_000013_01,gw_01,ecom_aux_5,gw_01,0,0.0,2026-09-01T00:05:00+00:00,2026-09-01T00:05:00+00:00,HTTP,False
scen_000013,inc_scen_000013_01,gw_01,ecom_aux_6,gw_01,0,0.0,2026-09-01T00:05:00+00:00,2026-09-01T00:05:00+00:00,HTTP,False
scen_000013,inc_scen_000013_01,gw_01,ecom_aux_7,gw_01,0,0.0,2026-09-01T00:05:00+00:00,2026-09-01T00:05:00+00:00,HTTP,False
scen_000013,inc_scen_000013_01,gw_01,ecom_aux_8,gw_01,0,0.0,2026-09-01T00:05:00+00:00,2026-09-01T00:05:00+00:00,HTTP,False
scen_000013,inc_scen_000013_01,gw_01,ecom_aux_9,gw_01,0,0.0,2026-09-01T00:05:00+00:00,2026-09-01T00:05:00+00:00,HTTP,False
scen_000013,inc_scen_000013_01,gw_01,ecom_aux_10,gw_01,0,0.0,2026-09-01T00:05:00+00:00,2026-09-01T00:05:00+00:00,HTTP,False
scen_000013,inc_scen_000013_01,gw_01,ecom_aux_11,gw_01,0,0.0,2026-09-01T00:05:00+00:00,2026-09-01T00:05:00+00:00,HTTP,False
scen_000013,inc_scen_000013_01,gw_01,ecom_aux_12,gw_01,0,0.0,2026-09-01T00:05:00+00:00,2026-09-01T00:05:00+00:00,HTTP,False
scen_000013,inc_scen_000013_01,gw_01,ecom_aux_13,gw_01,0,0.0,2026-09-01T00:05:00+00:00,2026-09-01T00:05:00+00:00,HTTP,False
scen_000013,inc_scen_000013_01,gw_01,ecom_aux_14,gw_01,0,0.0,2026-09-01T00:05:00+00:00,2026-09-01T00:05:00+00:00,HTTP,False
scen_000013,inc_scen_000013_01,gw_01,ecom_aux_15,gw_01,0,0.0,2026-09-01T00:05:00+00:00,2026-09-01T00:05:00+00:00,HTTP,False
scen_000013,inc_scen_000013_01,gw_01,ecom_aux_16,gw_01,0,0.0,2026-09-01T00:05:00+00:00,2026-09-01T00:05:00+00:00,HTTP,False
scen_000013,inc_scen_000013_01,gw_01,ecom_aux_17,gw_01,0,0.0,2026-09-01T00:05:00+00:00,2026-09-01T00:05:00+00:00,HTTP,False
scen_000013,inc_scen_000013_01,gw_01,ecom_aux_18,gw_01,0,0.0,2026-09-01T00:05:00+00:00,2026-09-01T00:05:00+00:00,HTTP,False
scen_000013,inc_scen_000013_01,gw_01,ecom_aux_19,gw_01,0,0.0,2026-09-01T00:05:00+00:00,2026-09-01T00:05:00+00:00,HTTP,False
scen_000013,inc_scen_000013_01,gw_01,ecom_aux_20,gw_01,0,0.0,2026-09-01T00:05:00+00:00,2026-09-01T00:05:00+00:00,HTTP,False
scen_000013,inc_scen_000013_01,gw_01,ecom_aux_21,gw_01,0,0.0,2026-09-01T00:05:00+00:00,2026-09-01T00:05:00+00:00,HTTP,False
scen_000013,inc_scen_000013_01,gw_01,ecom_aux_22,gw_01,0,0.0,2026-09-01T00:05:00+00:00,2026-09-01T00:05:00+00:00,HTTP,False
scen_000013,inc_scen_000013_01,gw_01,ecom_aux_23,gw_01,0,0.0,2026-09-01T00:05:00+00:00,2026-09-01T00:05:00+00:00,HTTP,False
scen_000013,inc_scen_000013_01,gw_01,ecom_aux_24,gw_01,0,0.0,2026-09-01T00:05:00+00:00,2026-09-01T00:05:00+00:00,HTTP,False
scen_000013,inc_scen_000013_01,gw_01,ecom_aux_25,gw_01,0,0.0,2026-09-01T00:05:00+00:00,2026-09-01T00:05:00+00:00,HTTP,False
scen_000013,inc_scen_000013_01,gw_01,ecom_aux_26,gw_01,0,0.0,2026-09-01T00:05:00+00:00,2026-09-01T00:05:00+00:00,HTTP,False
scen_000013,inc_scen_000013_01,gw_01,ecom_aux_27,gw_01,0,0.0,2026-09-01T00:05:00+00:00,2026-09-01T00:05:00+00:00,HTTP,False
scen_000013,inc_scen_000013_01,gw_01,ecom_aux_28,gw_01,0,0.0,2026-09-01T00:05:00+00:00,2026-09-01T00:05:00+00:00,HTTP,False
scen_000013,inc_scen_000013_01,gw_01,ecom_aux_29,gw_01,0,0.0,2026-09-01T00:05:00+00:00,2026-09-01T00:05:00+00:00,HTTP,False
scen_000013,inc_scen_000013_01,order_01,pay_01,order_01,0,0.0,2026-09-01T00:05:00+00:00,2026-09-01T00:05:00+00:00,HTTP,False
scen_000013,inc_scen_000013_01,order_01,inv_01,order_01,0,0.0,2026-09-01T00:05:00+00:00,2026-09-01T00:05:00+00:00,HTTP,False
scen_000013,inc_scen_000013_01,order_01,cache_01,order_01,0,0.0,2026-09-01T00:05:00+00:00,2026-09-01T00:05:00+00:00,CACHE,False
scen_000013,inc_scen_000013_01,order_01,mq_01,order_01,0,0.0,2026-09-01T00:05:00+00:00,2026-09-01T00:05:00+00:00,MESSAGE_QUEUE,False
scen_000013,inc_scen_000013_01,pay_01,db_master,pay_01,0,0.0,2026-09-01T00:05:00+00:00,2026-09-01T00:05:00+00:00,DATABASE,False
scen_000013,inc_scen_000013_01,inv_01,db_master,inv_01,0,0.0,2026-09-01T00:05:00+00:00,2026-09-01T00:05:00+00:00,DATABASE,False
scen_000013,inc_scen_000013_01,ecom_aux_1,cache_01,ecom_aux_1,0,0.0,2026-09-01T00:05:00+00:00,2026-09-01T00:05:00+00:00,CACHE,False
scen_000013,inc_scen_000013_01,ecom_aux_2,cache_01,ecom_aux_2,0,0.0,2026-09-01T00:05:00+00:00,2026-09-01T00:05:00+00:00,CACHE,False
scen_000013,inc_scen_000013_01,ecom_aux_3,cache_01,ecom_aux_3,0,0.0,2026-09-01T00:05:00+00:00,2026-09-01T00:05:00+00:00,CACHE,False
scen_000013,inc_scen_000013_01,ecom_aux_4,cache_01,ecom_aux_4,0,0.0,2026-09-01T00:05:00+00:00,2026-09-01T00:05:00+00:00,CACHE,False
scen_000013,inc_scen_000013_01,ecom_aux_5,cache_01,ecom_aux_5,0,0.0,2026-09-01T00:05:00+00:00,2026-09-01T00:05:00+00:00,CACHE,False
scen_000013,inc_scen_000013_01,ecom_aux_6,cache_01,ecom_aux_6,0,0.0,2026-09-01T00:05:00+00:00,2026-09-01T00:05:00+00:00,CACHE,False
scen_000013,inc_scen_000013_01,ecom_aux_7,cache_01,ecom_aux_7,0,0.0,2026-09-01T00:05:00+00:00,2026-09-01T00:05:00+00:00,CACHE,False
scen_000013,inc_scen_000013_01,ecom_aux_8,cache_01,ecom_aux_8,0,0.0,2026-09-01T00:05:00+00:00,2026-09-01T00:05:00+00:00,CACHE,False
scen_000013,inc_scen_000013_01,ecom_aux_9,cache_01,ecom_aux_9,0,0.0,2026-09-01T00:05:00+00:00,2026-09-01T00:05:00+00:00,CACHE,False
scen_000013,inc_scen_000013_01,ecom_aux_10,cache_01,ecom_aux_10,0,0.0,2026-09-01T00:05:00+00:00,2026-09-01T00:05:00+00:00,CACHE,False
scen_000013,inc_scen_000013_01,ecom_aux_11,cache_01,ecom_aux_11,0,0.0,2026-09-01T00:05:00+00:00,2026-09-01T00:05:00+00:00,CACHE,False
scen_000013,inc_scen_000013_01,ecom_aux_12,cache_01,ecom_aux_12,0,0.0,2026-09-01T00:05:00+00:00,2026-09-01T00:05:00+00:00,CACHE,False
scen_000013,inc_scen_000013_01,ecom_aux_13,cache_01,ecom_aux_13,0,0.0,2026-09-01T00:05:00+00:00,2026-09-01T00:05:00+00:00,CACHE,False
scen_000013,inc_scen_000013_01,ecom_aux_15,cache_01,ecom_aux_15,0,0.0,2026-09-01T00:05:00+00:00,2026-09-01T00:05:00+00:00,CACHE,False
scen_000013,inc_scen_000013_01,ecom_aux_16,cache_01,ecom_aux_16,0,0.0,2026-09-01T00:05:00+00:00,2026-09-01T00:05:00+00:00,CACHE,False
scen_000013,inc_scen_000013_01,ecom_aux_17,cache_01,ecom_aux_17,0,0.0,2026-09-01T00:05:00+00:00,2026-09-01T00:05:00+00:00,CACHE,False
scen_000013,inc_scen_000013_01,ecom_aux_18,cache_01,ecom_aux_18,0,0.0,2026-09-01T00:05:00+00:00,2026-09-01T00:05:00+00:00,CACHE,False
scen_000013,inc_scen_000013_01,ecom_aux_19,cache_01,ecom_aux_19,0,0.0,2026-09-01T00:05:00+00:00,2026-09-01T00:05:00+00:00,CACHE,False
scen_000013,inc_scen_000013_01,ecom_aux_20,cache_01,ecom_aux_20,0,0.0,2026-09-01T00:05:00+00:00,2026-09-01T00:05:00+00:00,CACHE,False
scen_000013,inc_scen_000013_01,ecom_aux_21,cache_01,ecom_aux_21,0,0.0,2026-09-01T00:05:00+00:00,2026-09-01T00:05:00+00:00,CACHE,False
scen_000013,inc_scen_000013_01,ecom_aux_22,cache_01,ecom_aux_22,0,0.0,2026-09-01T00:05:00+00:00,2026-09-01T00:05:00+00:00,CACHE,False
scen_000013,inc_scen_000013_01,ecom_aux_23,cache_01,ecom_aux_23,0,0.0,2026-09-01T00:05:00+00:00,2026-09-01T00:05:00+00:00,CACHE,False
scen_000013,inc_scen_000013_01,ecom_aux_24,cache_01,ecom_aux_24,0,0.0,2026-09-01T00:05:00+00:00,2026-09-01T00:05:00+00:00,CACHE,False
scen_000013,inc_scen_000013_01,ecom_aux_25,cache_01,ecom_aux_25,0,0.0,2026-09-01T00:05:00+00:00,2026-09-01T00:05:00+00:00,CACHE,False
scen_000013,inc_scen_000013_01,ecom_aux_26,cache_01,ecom_aux_26,0,0.0,2026-09-01T00:05:00+00:00,2026-09-01T00:05:00+00:00,CACHE,False
scen_000013,inc_scen_000013_01,ecom_aux_27,cache_01,ecom_aux_27,0,0.0,2026-09-01T00:05:00+00:00,2026-09-01T00:05:00+00:00,CACHE,False
scen_000013,inc_scen_000013_01,ecom_aux_28,cache_01,ecom_aux_28,0,0.0,2026-09-01T00:05:00+00:00,2026-09-01T00:05:00+00:00,CACHE,False
scen_000013,inc_scen_000013_01,ecom_aux_29,cache_01,ecom_aux_29,0,0.0,2026-09-01T00:05:00+00:00,2026-09-01T00:05:00+00:00,CACHE,False
scen_000014,inc_scen_000014_01,consumer_14,db_event,consumer_14,1,7.71,2026-09-01T00:05:00+00:00,2026-09-01T00:05:07.713688+00:00,DATABASE,True
scen_000014,inc_scen_000014_01,ingest_01,kafka_broker,ingest_01,0,0.0,2026-09-01T00:05:00+00:00,2026-09-01T00:05:00+00:00,MESSAGE_QUEUE,False
scen_000014,inc_scen_000014_01,kafka_broker,notif_01,kafka_broker,0,0.0,2026-09-01T00:05:00+00:00,2026-09-01T00:05:00+00:00,MESSAGE_QUEUE,False
scen_000014,inc_scen_000014_01,kafka_broker,user_01,kafka_broker,0,0.0,2026-09-01T00:05:00+00:00,2026-09-01T00:05:00+00:00,MESSAGE_QUEUE,False
scen_000014,inc_scen_000014_01,kafka_broker,consumer_1,kafka_broker,0,0.0,2026-09-01T00:05:00+00:00,2026-09-01T00:05:00+00:00,MESSAGE_QUEUE,False
scen_000014,inc_scen_000014_01,kafka_broker,consumer_2,kafka_broker,0,0.0,2026-09-01T00:05:00+00:00,2026-09-01T00:05:00+00:00,MESSAGE_QUEUE,False
scen_000014,inc_scen_000014_01,kafka_broker,consumer_3,kafka_broker,0,0.0,2026-09-01T00:05:00+00:00,2026-09-01T00:05:00+00:00,MESSAGE_QUEUE,False
scen_000014,inc_scen_000014_01,kafka_broker,consumer_4,kafka_broker,0,0.0,2026-09-01T00:05:00+00:00,2026-09-01T00:05:00+00:00,MESSAGE_QUEUE,False
scen_000014,inc_scen_000014_01,kafka_broker,consumer_5,kafka_broker,0,0.0,2026-09-01T00:05:00+00:00,2026-09-01T00:05:00+00:00,MESSAGE_QUEUE,False
scen_000014,inc_scen_000014_01,kafka_broker,consumer_6,kafka_broker,0,0.0,2026-09-01T00:05:00+00:00,2026-09-01T00:05:00+00:00,MESSAGE_QUEUE,False
scen_000014,inc_scen_000014_01,kafka_broker,consumer_7,kafka_broker,0,0.0,2026-09-01T00:05:00+00:00,2026-09-01T00:05:00+00:00,MESSAGE_QUEUE,False
scen_000014,inc_scen_000014_01,kafka_broker,consumer_8,kafka_broker,0,0.0,2026-09-01T00:05:00+00:00,2026-09-01T00:05:00+00:00,MESSAGE_QUEUE,False
scen_000014,inc_scen_000014_01,kafka_broker,consumer_9,kafka_broker,0,0.0,2026-09-01T00:05:00+00:00,2026-09-01T00:05:00+00:00,MESSAGE_QUEUE,False
scen_000014,inc_scen_000014_01,kafka_broker,consumer_10,kafka_broker,0,0.0,2026-09-01T00:05:00+00:00,2026-09-01T00:05:00+00:00,MESSAGE_QUEUE,False
scen_000014,inc_scen_000014_01,kafka_broker,consumer_11,kafka_broker,0,0.0,2026-09-01T00:05:00+00:00,2026-09-01T00:05:00+00:00,MESSAGE_QUEUE,False
scen_000014,inc_scen_000014_01,kafka_broker,consumer_12,kafka_broker,0,0.0,2026-09-01T00:05:00+00:00,2026-09-01T00:05:00+00:00,MESSAGE_QUEUE,False
scen_000014,inc_scen_000014_01,kafka_broker,consumer_13,kafka_broker,0,0.0,2026-09-01T00:05:00+00:00,2026-09-01T00:05:00+00:00,MESSAGE_QUEUE,False
scen_000014,inc_scen_000014_01,kafka_broker,consumer_14,kafka_broker,0,0.0,2026-09-01T00:05:00+00:00,2026-09-01T00:05:00+00:00,MESSAGE_QUEUE,False
scen_000014,inc_scen_000014_01,kafka_broker,consumer_15,kafka_broker,0,0.0,2026-09-01T00:05:00+00:00,2026-09-01T00:05:00+00:00,MESSAGE_QUEUE,False
scen_000014,inc_scen_000014_01,kafka_broker,consumer_16,kafka_broker,0,0.0,2026-09-01T00:05:00+00:00,2026-09-01T00:05:00+00:00,MESSAGE_QUEUE,False
scen_000014,inc_scen_000014_01,kafka_broker,consumer_17,kafka_broker,0,0.0,2026-09-01T00:05:00+00:00,2026-09-01T00:05:00+00:00,MESSAGE_QUEUE,False
scen_000014,inc_scen_000014_01,kafka_broker,consumer_18,kafka_broker,0,0.0,2026-09-01T00:05:00+00:00,2026-09-01T00:05:00+00:00,MESSAGE_QUEUE,False
scen_000014,inc_scen_000014_01,kafka_broker,consumer_19,kafka_broker,0,0.0,2026-09-01T00:05:00+00:00,2026-09-01T00:05:00+00:00,MESSAGE_QUEUE,False
scen_000014,inc_scen_000014_01,notif_01,db_event,notif_01,0,0.0,2026-09-01T00:05:00+00:00,2026-09-01T00:05:00+00:00,DATABASE,False
scen_000014,inc_scen_000014_01,consumer_1,db_event,consumer_1,0,0.0,2026-09-01T00:05:00+00:00,2026-09-01T00:05:00+00:00,DATABASE,False
scen_000014,inc_scen_000014_01,consumer_2,db_event,consumer_2,0,0.0,2026-09-01T00:05:00+00:00,2026-09-01T00:05:00+00:00,DATABASE,False
scen_000014,inc_scen_000014_01,consumer_3,db_event,consumer_3,0,0.0,2026-09-01T00:05:00+00:00,2026-09-01T00:05:00+00:00,DATABASE,False
scen_000014,inc_scen_000014_01,consumer_4,db_event,consumer_4,0,0.0,2026-09-01T00:05:00+00:00,2026-09-01T00:05:00+00:00,DATABASE,False
scen_000014,inc_scen_000014_01,consumer_5,db_event,consumer_5,0,0.0,2026-09-01T00:05:00+00:00,2026-09-01T00:05:00+00:00,DATABASE,False
scen_000014,inc_scen_000014_01,consumer_6,db_event,consumer_6,0,0.0,2026-09-01T00:05:00+00:00,2026-09-01T00:05:00+00:00,DATABASE,False
scen_000014,inc_scen_000014_01,consumer_7,db_event,consumer_7,0,0.0,2026-09-01T00:05:00+00:00,2026-09-01T00:05:00+00:00,DATABASE,False
scen_000014,inc_scen_000014_01,consumer_8,db_event,consumer_8,0,0.0,2026-09-01T00:05:00+00:00,2026-09-01T00:05:00+00:00,DATABASE,False
scen_000014,inc_scen_000014_01,consumer_9,db_event,consumer_9,0,0.0,2026-09-01T00:05:00+00:00,2026-09-01T00:05:00+00:00,DATABASE,False
scen_000014,inc_scen_000014_01,consumer_10,db_event,consumer_10,0,0.0,2026-09-01T00:05:00+00:00,2026-09-01T00:05:00+00:00,DATABASE,False
scen_000014,inc_scen_000014_01,consumer_11,db_event,consumer_11,0,0.0,2026-09-01T00:05:00+00:00,2026-09-01T00:05:00+00:00,DATABASE,False
scen_000014,inc_scen_000014_01,consumer_12,db_event,consumer_12,0,0.0,2026-09-01T00:05:00+00:00,2026-09-01T00:05:00+00:00,DATABASE,False
scen_000014,inc_scen_000014_01,consumer_13,db_event,consumer_13,0,0.0,2026-09-01T00:05:00+00:00,2026-09-01T00:05:00+00:00,DATABASE,False
scen_000014,inc_scen_000014_01,consumer_15,db_event,consumer_15,0,0.0,2026-09-01T00:05:00+00:00,2026-09-01T00:05:00+00:00,DATABASE,False
scen_000014,inc_scen_000014_01,consumer_16,db_event,consumer_16,0,0.0,2026-09-01T00:05:00+00:00,2026-09-01T00:05:00+00:00,DATABASE,False
scen_000014,inc_scen_000014_01,consumer_17,db_event,consumer_17,0,0.0,2026-09-01T00:05:00+00:00,2026-09-01T00:05:00+00:00,DATABASE,False
scen_000014,inc_scen_000014_01,consumer_18,db_event,consumer_18,0,0.0,2026-09-01T00:05:00+00:00,2026-09-01T00:05:00+00:00,DATABASE,False
scen_000014,inc_scen_000014_01,consumer_19,db_event,consumer_19,0,0.0,2026-09-01T00:05:00+00:00,2026-09-01T00:05:00+00:00,DATABASE,False
scen_000014,inc_scen_000014_02,consumer_1,db_event,consumer_1,1,13.7,2026-09-01T00:08:07+00:00,2026-09-01T00:08:20.704586+00:00,DATABASE,True
scen_000014,inc_scen_000014_02,ingest_01,kafka_broker,ingest_01,0,0.0,2026-09-01T00:08:07+00:00,2026-09-01T00:08:07+00:00,MESSAGE_QUEUE,False
scen_000014,inc_scen_000014_02,kafka_broker,notif_01,kafka_broker,0,0.0,2026-09-01T00:08:07+00:00,2026-09-01T00:08:07+00:00,MESSAGE_QUEUE,False
scen_000014,inc_scen_000014_02,kafka_broker,user_01,kafka_broker,0,0.0,2026-09-01T00:08:07+00:00,2026-09-01T00:08:07+00:00,MESSAGE_QUEUE,False
scen_000014,inc_scen_000014_02,kafka_broker,consumer_1,kafka_broker,0,0.0,2026-09-01T00:08:07+00:00,2026-09-01T00:08:07+00:00,MESSAGE_QUEUE,False
scen_000014,inc_scen_000014_02,kafka_broker,consumer_2,kafka_broker,0,0.0,2026-09-01T00:08:07+00:00,2026-09-01T00:08:07+00:00,MESSAGE_QUEUE,False
scen_000014,inc_scen_000014_02,kafka_broker,consumer_3,kafka_broker,0,0.0,2026-09-01T00:08:07+00:00,2026-09-01T00:08:07+00:00,MESSAGE_QUEUE,False
scen_000014,inc_scen_000014_02,kafka_broker,consumer_4,kafka_broker,0,0.0,2026-09-01T00:08:07+00:00,2026-09-01T00:08:07+00:00,MESSAGE_QUEUE,False
scen_000014,inc_scen_000014_02,kafka_broker,consumer_5,kafka_broker,0,0.0,2026-09-01T00:08:07+00:00,2026-09-01T00:08:07+00:00,MESSAGE_QUEUE,False
scen_000014,inc_scen_000014_02,kafka_broker,consumer_6,kafka_broker,0,0.0,2026-09-01T00:08:07+00:00,2026-09-01T00:08:07+00:00,MESSAGE_QUEUE,False
scen_000014,inc_scen_000014_02,kafka_broker,consumer_7,kafka_broker,0,0.0,2026-09-01T00:08:07+00:00,2026-09-01T00:08:07+00:00,MESSAGE_QUEUE,False
scen_000014,inc_scen_000014_02,kafka_broker,consumer_8,kafka_broker,0,0.0,2026-09-01T00:08:07+00:00,2026-09-01T00:08:07+00:00,MESSAGE_QUEUE,False
scen_000014,inc_scen_000014_02,kafka_broker,consumer_9,kafka_broker,0,0.0,2026-09-01T00:08:07+00:00,2026-09-01T00:08:07+00:00,MESSAGE_QUEUE,False
scen_000014,inc_scen_000014_02,kafka_broker,consumer_10,kafka_broker,0,0.0,2026-09-01T00:08:07+00:00,2026-09-01T00:08:07+00:00,MESSAGE_QUEUE,False
scen_000014,inc_scen_000014_02,kafka_broker,consumer_11,kafka_broker,0,0.0,2026-09-01T00:08:07+00:00,2026-09-01T00:08:07+00:00,MESSAGE_QUEUE,False
scen_000014,inc_scen_000014_02,kafka_broker,consumer_12,kafka_broker,0,0.0,2026-09-01T00:08:07+00:00,2026-09-01T00:08:07+00:00,MESSAGE_QUEUE,False
scen_000014,inc_scen_000014_02,kafka_broker,consumer_13,kafka_broker,0,0.0,2026-09-01T00:08:07+00:00,2026-09-01T00:08:07+00:00,MESSAGE_QUEUE,False
scen_000014,inc_scen_000014_02,kafka_broker,consumer_14,kafka_broker,0,0.0,2026-09-01T00:08:07+00:00,2026-09-01T00:08:07+00:00,MESSAGE_QUEUE,False
scen_000014,inc_scen_000014_02,kafka_broker,consumer_15,kafka_broker,0,0.0,2026-09-01T00:08:07+00:00,2026-09-01T00:08:07+00:00,MESSAGE_QUEUE,False
scen_000014,inc_scen_000014_02,kafka_broker,consumer_16,kafka_broker,0,0.0,2026-09-01T00:08:07+00:00,2026-09-01T00:08:07+00:00,MESSAGE_QUEUE,False
scen_000014,inc_scen_000014_02,kafka_broker,consumer_17,kafka_broker,0,0.0,2026-09-01T00:08:07+00:00,2026-09-01T00:08:07+00:00,MESSAGE_QUEUE,False
scen_000014,inc_scen_000014_02,kafka_broker,consumer_18,kafka_broker,0,0.0,2026-09-01T00:08:07+00:00,2026-09-01T00:08:07+00:00,MESSAGE_QUEUE,False
scen_000014,inc_scen_000014_02,kafka_broker,consumer_19,kafka_broker,0,0.0,2026-09-01T00:08:07+00:00,2026-09-01T00:08:07+00:00,MESSAGE_QUEUE,False
scen_000014,inc_scen_000014_02,notif_01,db_event,notif_01,0,0.0,2026-09-01T00:08:07+00:00,2026-09-01T00:08:07+00:00,DATABASE,False
scen_000014,inc_scen_000014_02,consumer_2,db_event,consumer_2,0,0.0,2026-09-01T00:08:07+00:00,2026-09-01T00:08:07+00:00,DATABASE,False
scen_000014,inc_scen_000014_02,consumer_3,db_event,consumer_3,0,0.0,2026-09-01T00:08:07+00:00,2026-09-01T00:08:07+00:00,DATABASE,False
scen_000014,inc_scen_000014_02,consumer_4,db_event,consumer_4,0,0.0,2026-09-01T00:08:07+00:00,2026-09-01T00:08:07+00:00,DATABASE,False
scen_000014,inc_scen_000014_02,consumer_5,db_event,consumer_5,0,0.0,2026-09-01T00:08:07+00:00,2026-09-01T00:08:07+00:00,DATABASE,False
scen_000014,inc_scen_000014_02,consumer_6,db_event,consumer_6,0,0.0,2026-09-01T00:08:07+00:00,2026-09-01T00:08:07+00:00,DATABASE,False
scen_000014,inc_scen_000014_02,consumer_7,db_event,consumer_7,0,0.0,2026-09-01T00:08:07+00:00,2026-09-01T00:08:07+00:00,DATABASE,False
scen_000014,inc_scen_000014_02,consumer_8,db_event,consumer_8,0,0.0,2026-09-01T00:08:07+00:00,2026-09-01T00:08:07+00:00,DATABASE,False
scen_000014,inc_scen_000014_02,consumer_9,db_event,consumer_9,0,0.0,2026-09-01T00:08:07+00:00,2026-09-01T00:08:07+00:00,DATABASE,False
scen_000014,inc_scen_000014_02,consumer_10,db_event,consumer_10,0,0.0,2026-09-01T00:08:07+00:00,2026-09-01T00:08:07+00:00,DATABASE,False
scen_000014,inc_scen_000014_02,consumer_11,db_event,consumer_11,0,0.0,2026-09-01T00:08:07+00:00,2026-09-01T00:08:07+00:00,DATABASE,False
scen_000014,inc_scen_000014_02,consumer_12,db_event,consumer_12,0,0.0,2026-09-01T00:08:07+00:00,2026-09-01T00:08:07+00:00,DATABASE,False
scen_000014,inc_scen_000014_02,consumer_13,db_event,consumer_13,0,0.0,2026-09-01T00:08:07+00:00,2026-09-01T00:08:07+00:00,DATABASE,False
scen_000014,inc_scen_000014_02,consumer_14,db_event,consumer_14,0,0.0,2026-09-01T00:08:07+00:00,2026-09-01T00:08:07+00:00,DATABASE,False
scen_000014,inc_scen_000014_02,consumer_15,db_event,consumer_15,0,0.0,2026-09-01T00:08:07+00:00,2026-09-01T00:08:07+00:00,DATABASE,False
scen_000014,inc_scen_000014_02,consumer_16,db_event,consumer_16,0,0.0,2026-09-01T00:08:07+00:00,2026-09-01T00:08:07+00:00,DATABASE,False
scen_000014,inc_scen_000014_02,consumer_17,db_event,consumer_17,0,0.0,2026-09-01T00:08:07+00:00,2026-09-01T00:08:07+00:00,DATABASE,False
scen_000014,inc_scen_000014_02,consumer_18,db_event,consumer_18,0,0.0,2026-09-01T00:08:07+00:00,2026-09-01T00:08:07+00:00,DATABASE,False
scen_000014,inc_scen_000014_02,consumer_19,db_event,consumer_19,0,0.0,2026-09-01T00:08:07+00:00,2026-09-01T00:08:07+00:00,DATABASE,False
scen_000015,inc_scen_000015_01,sub_svc_16,db_01,sub_svc_16,1,4.91,2026-09-01T00:05:00+00:00,2026-09-01T00:05:04.906090+00:00,DATABASE,True
scen_000015,inc_scen_000015_01,gw_01,auth_01,gw_01,0,0.0,2026-09-01T00:05:00+00:00,2026-09-01T00:05:00+00:00,HTTP,False
scen_000015,inc_scen_000015_01,gw_01,web_01,gw_01,0,0.0,2026-09-01T00:05:00+00:00,2026-09-01T00:05:00+00:00,HTTP,False
scen_000015,inc_scen_000015_01,lb_01,gw_01,lb_01,0,0.0,2026-09-01T00:05:00+00:00,2026-09-01T00:05:00+00:00,HTTP,False
scen_000015,inc_scen_000015_01,auth_01,db_01,auth_01,0,0.0,2026-09-01T00:05:00+00:00,2026-09-01T00:05:00+00:00,DATABASE,False
scen_000015,inc_scen_000015_01,web_01,db_01,web_01,0,0.0,2026-09-01T00:05:00+00:00,2026-09-01T00:05:00+00:00,DATABASE,False
scen_000015,inc_scen_000015_01,web_01,sub_svc_2,web_01,0,0.0,2026-09-01T00:05:00+00:00,2026-09-01T00:05:00+00:00,HTTP,False
scen_000015,inc_scen_000015_01,web_01,sub_svc_3,web_01,0,0.0,2026-09-01T00:05:00+00:00,2026-09-01T00:05:00+00:00,HTTP,False
scen_000015,inc_scen_000015_01,web_01,sub_svc_4,web_01,0,0.0,2026-09-01T00:05:00+00:00,2026-09-01T00:05:00+00:00,HTTP,False
scen_000015,inc_scen_000015_01,web_01,sub_svc_5,web_01,0,0.0,2026-09-01T00:05:00+00:00,2026-09-01T00:05:00+00:00,HTTP,False
scen_000015,inc_scen_000015_01,web_01,sub_svc_6,web_01,0,0.0,2026-09-01T00:05:00+00:00,2026-09-01T00:05:00+00:00,HTTP,False
scen_000015,inc_scen_000015_01,web_01,sub_svc_7,web_01,0,0.0,2026-09-01T00:05:00+00:00,2026-09-01T00:05:00+00:00,HTTP,False
scen_000015,inc_scen_000015_01,web_01,sub_svc_8,web_01,0,0.0,2026-09-01T00:05:00+00:00,2026-09-01T00:05:00+00:00,HTTP,False
scen_000015,inc_scen_000015_01,web_01,sub_svc_9,web_01,0,0.0,2026-09-01T00:05:00+00:00,2026-09-01T00:05:00+00:00,HTTP,False
scen_000015,inc_scen_000015_01,web_01,sub_svc_10,web_01,0,0.0,2026-09-01T00:05:00+00:00,2026-09-01T00:05:00+00:00,HTTP,False
scen_000015,inc_scen_000015_01,web_01,sub_svc_11,web_01,0,0.0,2026-09-01T00:05:00+00:00,2026-09-01T00:05:00+00:00,HTTP,False
scen_000015,inc_scen_000015_01,web_01,sub_svc_12,web_01,0,0.0,2026-09-01T00:05:00+00:00,2026-09-01T00:05:00+00:00,HTTP,False
scen_000015,inc_scen_000015_01,web_01,sub_svc_13,web_01,0,0.0,2026-09-01T00:05:00+00:00,2026-09-01T00:05:00+00:00,HTTP,False
scen_000015,inc_scen_000015_01,web_01,sub_svc_14,web_01,0,0.0,2026-09-01T00:05:00+00:00,2026-09-01T00:05:00+00:00,HTTP,False
scen_000015,inc_scen_000015_01,web_01,sub_svc_15,web_01,0,0.0,2026-09-01T00:05:00+00:00,2026-09-01T00:05:00+00:00,HTTP,False
scen_000015,inc_scen_000015_01,web_01,sub_svc_16,web_01,0,0.0,2026-09-01T00:05:00+00:00,2026-09-01T00:05:00+00:00,HTTP,False
scen_000015,inc_scen_000015_01,web_01,sub_svc_17,web_01,0,0.0,2026-09-01T00:05:00+00:00,2026-09-01T00:05:00+00:00,HTTP,False
scen_000015,inc_scen_000015_01,web_01,sub_svc_18,web_01,0,0.0,2026-09-01T00:05:00+00:00,2026-09-01T00:05:00+00:00,HTTP,False
scen_000015,inc_scen_000015_01,web_01,sub_svc_19,web_01,0,0.0,2026-09-01T00:05:00+00:00,2026-09-01T00:05:00+00:00,HTTP,False
scen_000015,inc_scen_000015_01,web_01,sub_svc_20,web_01,0,0.0,2026-09-01T00:05:00+00:00,2026-09-01T00:05:00+00:00,HTTP,False
scen_000015,inc_scen_000015_01,web_01,sub_svc_21,web_01,0,0.0,2026-09-01T00:05:00+00:00,2026-09-01T00:05:00+00:00,HTTP,False
scen_000015,inc_scen_000015_01,web_01,sub_svc_22,web_01,0,0.0,2026-09-01T00:05:00+00:00,2026-09-01T00:05:00+00:00,HTTP,False
scen_000015,inc_scen_000015_01,web_01,sub_svc_23,web_01,0,0.0,2026-09-01T00:05:00+00:00,2026-09-01T00:05:00+00:00,HTTP,False
scen_000015,inc_scen_000015_01,sub_svc_2,db_01,sub_svc_2,0,0.0,2026-09-01T00:05:00+00:00,2026-09-01T00:05:00+00:00,DATABASE,False
scen_000015,inc_scen_000015_01,sub_svc_3,db_01,sub_svc_3,0,0.0,2026-09-01T00:05:00+00:00,2026-09-01T00:05:00+00:00,DATABASE,False
scen_000015,inc_scen_000015_01,sub_svc_4,db_01,sub_svc_4,0,0.0,2026-09-01T00:05:00+00:00,2026-09-01T00:05:00+00:00,DATABASE,False
scen_000015,inc_scen_000015_01,sub_svc_5,db_01,sub_svc_5,0,0.0,2026-09-01T00:05:00+00:00,2026-09-01T00:05:00+00:00,DATABASE,False
scen_000015,inc_scen_000015_01,sub_svc_6,db_01,sub_svc_6,0,0.0,2026-09-01T00:05:00+00:00,2026-09-01T00:05:00+00:00,DATABASE,False
scen_000015,inc_scen_000015_01,sub_svc_7,db_01,sub_svc_7,0,0.0,2026-09-01T00:05:00+00:00,2026-09-01T00:05:00+00:00,DATABASE,False
scen_000015,inc_scen_000015_01,sub_svc_8,db_01,sub_svc_8,0,0.0,2026-09-01T00:05:00+00:00,2026-09-01T00:05:00+00:00,DATABASE,False
scen_000015,inc_scen_000015_01,sub_svc_9,db_01,sub_svc_9,0,0.0,2026-09-01T00:05:00+00:00,2026-09-01T00:05:00+00:00,DATABASE,False
scen_000015,inc_scen_000015_01,sub_svc_10,db_01,sub_svc_10,0,0.0,2026-09-01T00:05:00+00:00,2026-09-01T00:05:00+00:00,DATABASE,False
scen_000015,inc_scen_000015_01,sub_svc_11,db_01,sub_svc_11,0,0.0,2026-09-01T00:05:00+00:00,2026-09-01T00:05:00+00:00,DATABASE,False
scen_000015,inc_scen_000015_01,sub_svc_12,db_01,sub_svc_12,0,0.0,2026-09-01T00:05:00+00:00,2026-09-01T00:05:00+00:00,DATABASE,False
scen_000015,inc_scen_000015_01,sub_svc_13,db_01,sub_svc_13,0,0.0,2026-09-01T00:05:00+00:00,2026-09-01T00:05:00+00:00,DATABASE,False
scen_000015,inc_scen_000015_01,sub_svc_14,db_01,sub_svc_14,0,0.0,2026-09-01T00:05:00+00:00,2026-09-01T00:05:00+00:00,DATABASE,False
scen_000015,inc_scen_000015_01,sub_svc_15,db_01,sub_svc_15,0,0.0,2026-09-01T00:05:00+00:00,2026-09-01T00:05:00+00:00,DATABASE,False
scen_000015,inc_scen_000015_01,sub_svc_17,db_01,sub_svc_17,0,0.0,2026-09-01T00:05:00+00:00,2026-09-01T00:05:00+00:00,DATABASE,False
scen_000015,inc_scen_000015_01,sub_svc_18,db_01,sub_svc_18,0,0.0,2026-09-01T00:05:00+00:00,2026-09-01T00:05:00+00:00,DATABASE,False
scen_000015,inc_scen_000015_01,sub_svc_19,db_01,sub_svc_19,0,0.0,2026-09-01T00:05:00+00:00,2026-09-01T00:05:00+00:00,DATABASE,False
scen_000015,inc_scen_000015_01,sub_svc_20,db_01,sub_svc_20,0,0.0,2026-09-01T00:05:00+00:00,2026-09-01T00:05:00+00:00,DATABASE,False
scen_000015,inc_scen_000015_01,sub_svc_21,db_01,sub_svc_21,0,0.0,2026-09-01T00:05:00+00:00,2026-09-01T00:05:00+00:00,DATABASE,False
scen_000015,inc_scen_000015_01,sub_svc_22,db_01,sub_svc_22,0,0.0,2026-09-01T00:05:00+00:00,2026-09-01T00:05:00+00:00,DATABASE,False
scen_000015,inc_scen_000015_01,sub_svc_23,db_01,sub_svc_23,0,0.0,2026-09-01T00:05:00+00:00,2026-09-01T00:05:00+00:00,DATABASE,False
scen_000016,inc_scen_000016_01,search_node_10,es_01,search_node_10,1,21.14,2026-09-01T00:05:00+00:00,2026-09-01T00:05:21.142490+00:00,HTTP,True
scen_000016,inc_scen_000016_01,gw_01,rec_01,gw_01,0,0.0,2026-09-01T00:05:00+00:00,2026-09-01T00:05:00+00:00,HTTP,False
scen_000016,inc_scen_000016_01,gw_01,search_node_1,gw_01,0,0.0,2026-09-01T00:05:00+00:00,2026-09-01T00:05:00+00:00,HTTP,False
scen_000016,inc_scen_000016_01,gw_01,search_node_2,gw_01,0,0.0,2026-09-01T00:05:00+00:00,2026-09-01T00:05:00+00:00,HTTP,False
scen_000016,inc_scen_000016_01,gw_01,search_node_3,gw_01,0,0.0,2026-09-01T00:05:00+00:00,2026-09-01T00:05:00+00:00,HTTP,False
scen_000016,inc_scen_000016_01,gw_01,search_node_4,gw_01,0,0.0,2026-09-01T00:05:00+00:00,2026-09-01T00:05:00+00:00,HTTP,False
scen_000016,inc_scen_000016_01,gw_01,search_node_5,gw_01,0,0.0,2026-09-01T00:05:00+00:00,2026-09-01T00:05:00+00:00,HTTP,False
scen_000016,inc_scen_000016_01,gw_01,search_node_6,gw_01,0,0.0,2026-09-01T00:05:00+00:00,2026-09-01T00:05:00+00:00,HTTP,False
scen_000016,inc_scen_000016_01,gw_01,search_node_7,gw_01,0,0.0,2026-09-01T00:05:00+00:00,2026-09-01T00:05:00+00:00,HTTP,False
scen_000016,inc_scen_000016_01,gw_01,search_node_8,gw_01,0,0.0,2026-09-01T00:05:00+00:00,2026-09-01T00:05:00+00:00,HTTP,False
scen_000016,inc_scen_000016_01,gw_01,search_node_9,gw_01,0,0.0,2026-09-01T00:05:00+00:00,2026-09-01T00:05:00+00:00,HTTP,False
scen_000016,inc_scen_000016_01,gw_01,search_node_10,gw_01,0,0.0,2026-09-01T00:05:00+00:00,2026-09-01T00:05:00+00:00,HTTP,False
scen_000016,inc_scen_000016_01,gw_01,search_node_11,gw_01,0,0.0,2026-09-01T00:05:00+00:00,2026-09-01T00:05:00+00:00,HTTP,False
scen_000016,inc_scen_000016_01,gw_01,search_node_12,gw_01,0,0.0,2026-09-01T00:05:00+00:00,2026-09-01T00:05:00+00:00,HTTP,False
scen_000016,inc_scen_000016_01,gw_01,search_node_13,gw_01,0,0.0,2026-09-01T00:05:00+00:00,2026-09-01T00:05:00+00:00,HTTP,False
scen_000016,inc_scen_000016_01,gw_01,search_node_14,gw_01,0,0.0,2026-09-01T00:05:00+00:00,2026-09-01T00:05:00+00:00,HTTP,False
scen_000016,inc_scen_000016_01,gw_01,search_node_15,gw_01,0,0.0,2026-09-01T00:05:00+00:00,2026-09-01T00:05:00+00:00,HTTP,False
scen_000016,inc_scen_000016_01,gw_01,search_node_16,gw_01,0,0.0,2026-09-01T00:05:00+00:00,2026-09-01T00:05:00+00:00,HTTP,False
scen_000016,inc_scen_000016_01,gw_01,search_node_17,gw_01,0,0.0,2026-09-01T00:05:00+00:00,2026-09-01T00:05:00+00:00,HTTP,False
scen_000016,inc_scen_000016_01,gw_01,search_node_18,gw_01,0,0.0,2026-09-01T00:05:00+00:00,2026-09-01T00:05:00+00:00,HTTP,False
scen_000016,inc_scen_000016_01,gw_01,search_node_19,gw_01,0,0.0,2026-09-01T00:05:00+00:00,2026-09-01T00:05:00+00:00,HTTP,False
scen_000016,inc_scen_000016_01,gw_01,search_node_20,gw_01,0,0.0,2026-09-01T00:05:00+00:00,2026-09-01T00:05:00+00:00,HTTP,False
scen_000016,inc_scen_000016_01,gw_01,search_node_21,gw_01,0,0.0,2026-09-01T00:05:00+00:00,2026-09-01T00:05:00+00:00,HTTP,False
scen_000016,inc_scen_000016_01,gw_01,search_node_22,gw_01,0,0.0,2026-09-01T00:05:00+00:00,2026-09-01T00:05:00+00:00,HTTP,False
scen_000016,inc_scen_000016_01,gw_01,search_node_23,gw_01,0,0.0,2026-09-01T00:05:00+00:00,2026-09-01T00:05:00+00:00,HTTP,False
scen_000016,inc_scen_000016_01,gw_01,search_node_24,gw_01,0,0.0,2026-09-01T00:05:00+00:00,2026-09-01T00:05:00+00:00,HTTP,False
scen_000016,inc_scen_000016_01,gw_01,search_node_25,gw_01,0,0.0,2026-09-01T00:05:00+00:00,2026-09-01T00:05:00+00:00,HTTP,False
scen_000016,inc_scen_000016_01,gw_01,search_node_26,gw_01,0,0.0,2026-09-01T00:05:00+00:00,2026-09-01T00:05:00+00:00,HTTP,False
scen_000016,inc_scen_000016_01,gw_01,search_node_27,gw_01,0,0.0,2026-09-01T00:05:00+00:00,2026-09-01T00:05:00+00:00,HTTP,False
scen_000016,inc_scen_000016_01,gw_01,search_node_28,gw_01,0,0.0,2026-09-01T00:05:00+00:00,2026-09-01T00:05:00+00:00,HTTP,False
scen_000016,inc_scen_000016_01,gw_01,search_node_29,gw_01,0,0.0,2026-09-01T00:05:00+00:00,2026-09-01T00:05:00+00:00,HTTP,False
scen_000016,inc_scen_000016_01,gw_01,search_node_30,gw_01,0,0.0,2026-09-01T00:05:00+00:00,2026-09-01T00:05:00+00:00,HTTP,False
scen_000016,inc_scen_000016_01,gw_01,search_node_31,gw_01,0,0.0,2026-09-01T00:05:00+00:00,2026-09-01T00:05:00+00:00,HTTP,False
scen_000016,inc_scen_000016_01,gw_01,search_node_32,gw_01,0,0.0,2026-09-01T00:05:00+00:00,2026-09-01T00:05:00+00:00,HTTP,False
scen_000016,inc_scen_000016_01,gw_01,search_node_33,gw_01,0,0.0,2026-09-01T00:05:00+00:00,2026-09-01T00:05:00+00:00,HTTP,False
scen_000016,inc_scen_000016_01,gw_01,search_node_34,gw_01,0,0.0,2026-09-01T00:05:00+00:00,2026-09-01T00:05:00+00:00,HTTP,False
scen_000016,inc_scen_000016_01,gw_01,search_node_35,gw_01,0,0.0,2026-09-01T00:05:00+00:00,2026-09-01T00:05:00+00:00,HTTP,False
scen_000016,inc_scen_000016_01,gw_01,search_node_36,gw_01,0,0.0,2026-09-01T00:05:00+00:00,2026-09-01T00:05:00+00:00,HTTP,False
scen_000016,inc_scen_000016_01,gw_01,search_node_37,gw_01,0,0.0,2026-09-01T00:05:00+00:00,2026-09-01T00:05:00+00:00,HTTP,False
scen_000016,inc_scen_000016_01,gw_01,search_node_38,gw_01,0,0.0,2026-09-01T00:05:00+00:00,2026-09-01T00:05:00+00:00,HTTP,False
scen_000016,inc_scen_000016_01,gw_01,search_node_39,gw_01,0,0.0,2026-09-01T00:05:00+00:00,2026-09-01T00:05:00+00:00,HTTP,False
scen_000016,inc_scen_000016_01,gw_01,search_node_40,gw_01,0,0.0,2026-09-01T00:05:00+00:00,2026-09-01T00:05:00+00:00,HTTP,False
scen_000016,inc_scen_000016_01,gw_01,search_node_41,gw_01,0,0.0,2026-09-01T00:05:00+00:00,2026-09-01T00:05:00+00:00,HTTP,False
scen_000016,inc_scen_000016_01,gw_01,search_node_42,gw_01,0,0.0,2026-09-01T00:05:00+00:00,2026-09-01T00:05:00+00:00,HTTP,False
scen_000016,inc_scen_000016_01,gw_01,search_node_43,gw_01,0,0.0,2026-09-01T00:05:00+00:00,2026-09-01T00:05:00+00:00,HTTP,False
scen_000016,inc_scen_000016_01,gw_01,search_node_44,gw_01,0,0.0,2026-09-01T00:05:00+00:00,2026-09-01T00:05:00+00:00,HTTP,False
scen_000016,inc_scen_000016_01,rec_01,redis_01,rec_01,0,0.0,2026-09-01T00:05:00+00:00,2026-09-01T00:05:00+00:00,CACHE,False
scen_000016,inc_scen_000016_01,rec_01,es_01,rec_01,0,0.0,2026-09-01T00:05:00+00:00,2026-09-01T00:05:00+00:00,HTTP,False
scen_000016,inc_scen_000016_01,rec_01,mongo_01,rec_01,0,0.0,2026-09-01T00:05:00+00:00,2026-09-01T00:05:00+00:00,DATABASE,False
scen_000016,inc_scen_000016_01,search_node_1,es_01,search_node_1,0,0.0,2026-09-01T00:05:00+00:00,2026-09-01T00:05:00+00:00,HTTP,False
scen_000016,inc_scen_000016_01,search_node_2,es_01,search_node_2,0,0.0,2026-09-01T00:05:00+00:00,2026-09-01T00:05:00+00:00,HTTP,False
scen_000016,inc_scen_000016_01,search_node_3,es_01,search_node_3,0,0.0,2026-09-01T00:05:00+00:00,2026-09-01T00:05:00+00:00,HTTP,False
scen_000016,inc_scen_000016_01,search_node_4,es_01,search_node_4,0,0.0,2026-09-01T00:05:00+00:00,2026-09-01T00:05:00+00:00,HTTP,False
scen_000016,inc_scen_000016_01,search_node_5,es_01,search_node_5,0,0.0,2026-09-01T00:05:00+00:00,2026-09-01T00:05:00+00:00,HTTP,False
scen_000016,inc_scen_000016_01,search_node_6,es_01,search_node_6,0,0.0,2026-09-01T00:05:00+00:00,2026-09-01T00:05:00+00:00,HTTP,False
scen_000016,inc_scen_000016_01,search_node_7,es_01,search_node_7,0,0.0,2026-09-01T00:05:00+00:00,2026-09-01T00:05:00+00:00,HTTP,False
scen_000016,inc_scen_000016_01,search_node_8,es_01,search_node_8,0,0.0,2026-09-01T00:05:00+00:00,2026-09-01T00:05:00+00:00,HTTP,False
scen_000016,inc_scen_000016_01,search_node_9,es_01,search_node_9,0,0.0,2026-09-01T00:05:00+00:00,2026-09-01T00:05:00+00:00,HTTP,False
scen_000016,inc_scen_000016_01,search_node_11,es_01,search_node_11,0,0.0,2026-09-01T00:05:00+00:00,2026-09-01T00:05:00+00:00,HTTP,False
scen_000016,inc_scen_000016_01,search_node_12,es_01,search_node_12,0,0.0,2026-09-01T00:05:00+00:00,2026-09-01T00:05:00+00:00,HTTP,False
scen_000016,inc_scen_000016_01,search_node_13,es_01,search_node_13,0,0.0,2026-09-01T00:05:00+00:00,2026-09-01T00:05:00+00:00,HTTP,False
scen_000016,inc_scen_000016_01,search_node_14,es_01,search_node_14,0,0.0,2026-09-01T00:05:00+00:00,2026-09-01T00:05:00+00:00,HTTP,False
scen_000016,inc_scen_000016_01,search_node_15,es_01,search_node_15,0,0.0,2026-09-01T00:05:00+00:00,2026-09-01T00:05:00+00:00,HTTP,False
scen_000016,inc_scen_000016_01,search_node_16,es_01,search_node_16,0,0.0,2026-09-01T00:05:00+00:00,2026-09-01T00:05:00+00:00,HTTP,False
scen_000016,inc_scen_000016_01,search_node_17,es_01,search_node_17,0,0.0,2026-09-01T00:05:00+00:00,2026-09-01T00:05:00+00:00,HTTP,False
scen_000016,inc_scen_000016_01,search_node_18,es_01,search_node_18,0,0.0,2026-09-01T00:05:00+00:00,2026-09-01T00:05:00+00:00,HTTP,False
scen_000016,inc_scen_000016_01,search_node_19,es_01,search_node_19,0,0.0,2026-09-01T00:05:00+00:00,2026-09-01T00:05:00+00:00,HTTP,False
scen_000016,inc_scen_000016_01,search_node_20,es_01,search_node_20,0,0.0,2026-09-01T00:05:00+00:00,2026-09-01T00:05:00+00:00,HTTP,False
scen_000016,inc_scen_000016_01,search_node_21,es_01,search_node_21,0,0.0,2026-09-01T00:05:00+00:00,2026-09-01T00:05:00+00:00,HTTP,False
scen_000016,inc_scen_000016_01,search_node_22,es_01,search_node_22,0,0.0,2026-09-01T00:05:00+00:00,2026-09-01T00:05:00+00:00,HTTP,False
scen_000016,inc_scen_000016_01,search_node_23,es_01,search_node_23,0,0.0,2026-09-01T00:05:00+00:00,2026-09-01T00:05:00+00:00,HTTP,False
scen_000016,inc_scen_000016_01,search_node_24,es_01,search_node_24,0,0.0,2026-09-01T00:05:00+00:00,2026-09-01T00:05:00+00:00,HTTP,False
scen_000016,inc_scen_000016_01,search_node_25,es_01,search_node_25,0,0.0,2026-09-01T00:05:00+00:00,2026-09-01T00:05:00+00:00,HTTP,False
scen_000016,inc_scen_000016_01,search_node_26,es_01,search_node_26,0,0.0,2026-09-01T00:05:00+00:00,2026-09-01T00:05:00+00:00,HTTP,False
scen_000016,inc_scen_000016_01,search_node_27,es_01,search_node_27,0,0.0,2026-09-01T00:05:00+00:00,2026-09-01T00:05:00+00:00,HTTP,False
scen_000016,inc_scen_000016_01,search_node_28,es_01,search_node_28,0,0.0,2026-09-01T00:05:00+00:00,2026-09-01T00:05:00+00:00,HTTP,False
scen_000016,inc_scen_000016_01,search_node_29,es_01,search_node_29,0,0.0,2026-09-01T00:05:00+00:00,2026-09-01T00:05:00+00:00,HTTP,False
scen_000016,inc_scen_000016_01,search_node_30,es_01,search_node_30,0,0.0,2026-09-01T00:05:00+00:00,2026-09-01T00:05:00+00:00,HTTP,False
scen_000016,inc_scen_000016_01,search_node_31,es_01,search_node_31,0,0.0,2026-09-01T00:05:00+00:00,2026-09-01T00:05:00+00:00,HTTP,False
scen_000016,inc_scen_000016_01,search_node_32,es_01,search_node_32,0,0.0,2026-09-01T00:05:00+00:00,2026-09-01T00:05:00+00:00,HTTP,False
scen_000016,inc_scen_000016_01,search_node_33,es_01,search_node_33,0,0.0,2026-09-01T00:05:00+00:00,2026-09-01T00:05:00+00:00,HTTP,False
scen_000016,inc_scen_000016_01,search_node_34,es_01,search_node_34,0,0.0,2026-09-01T00:05:00+00:00,2026-09-01T00:05:00+00:00,HTTP,False
scen_000016,inc_scen_000016_01,search_node_35,es_01,search_node_35,0,0.0,2026-09-01T00:05:00+00:00,2026-09-01T00:05:00+00:00,HTTP,False
scen_000016,inc_scen_000016_01,search_node_36,es_01,search_node_36,0,0.0,2026-09-01T00:05:00+00:00,2026-09-01T00:05:00+00:00,HTTP,False
scen_000016,inc_scen_000016_01,search_node_37,es_01,search_node_37,0,0.0,2026-09-01T00:05:00+00:00,2026-09-01T00:05:00+00:00,HTTP,False
scen_000016,inc_scen_000016_01,search_node_38,es_01,search_node_38,0,0.0,2026-09-01T00:05:00+00:00,2026-09-01T00:05:00+00:00,HTTP,False
scen_000016,inc_scen_000016_01,search_node_39,es_01,search_node_39,0,0.0,2026-09-01T00:05:00+00:00,2026-09-01T00:05:00+00:00,HTTP,False
scen_000016,inc_scen_000016_01,search_node_40,es_01,search_node_40,0,0.0,2026-09-01T00:05:00+00:00,2026-09-01T00:05:00+00:00,HTTP,False
scen_000016,inc_scen_000016_01,search_node_41,es_01,search_node_41,0,0.0,2026-09-01T00:05:00+00:00,2026-09-01T00:05:00+00:00,HTTP,False
scen_000016,inc_scen_000016_01,search_node_42,es_01,search_node_42,0,0.0,2026-09-01T00:05:00+00:00,2026-09-01T00:05:00+00:00,HTTP,False
scen_000016,inc_scen_000016_01,search_node_43,es_01,search_node_43,0,0.0,2026-09-01T00:05:00+00:00,2026-09-01T00:05:00+00:00,HTTP,False
scen_000016,inc_scen_000016_01,search_node_44,es_01,search_node_44,0,0.0,2026-09-01T00:05:00+00:00,2026-09-01T00:05:00+00:00,HTTP,False
scen_000017,inc_scen_000017_01,ecom_aux_1,cache_01,ecom_aux_1,1,5.46,2026-09-01T00:05:00+00:00,2026-09-01T00:05:05.457795+00:00,CACHE,True
scen_000017,inc_scen_000017_01,gw_01,auth_01,gw_01,0,0.0,2026-09-01T00:05:00+00:00,2026-09-01T00:05:00+00:00,HTTP,False
scen_000017,inc_scen_000017_01,gw_01,order_01,gw_01,0,0.0,2026-09-01T00:05:00+00:00,2026-09-01T00:05:00+00:00,HTTP,False
scen_000017,inc_scen_000017_01,gw_01,ecom_aux_1,gw_01,0,0.0,2026-09-01T00:05:00+00:00,2026-09-01T00:05:00+00:00,HTTP,False
scen_000017,inc_scen_000017_01,order_01,pay_01,order_01,0,0.0,2026-09-01T00:05:00+00:00,2026-09-01T00:05:00+00:00,HTTP,False
scen_000017,inc_scen_000017_01,order_01,inv_01,order_01,0,0.0,2026-09-01T00:05:00+00:00,2026-09-01T00:05:00+00:00,HTTP,False
scen_000017,inc_scen_000017_01,order_01,cache_01,order_01,0,0.0,2026-09-01T00:05:00+00:00,2026-09-01T00:05:00+00:00,CACHE,False
scen_000017,inc_scen_000017_01,order_01,mq_01,order_01,0,0.0,2026-09-01T00:05:00+00:00,2026-09-01T00:05:00+00:00,MESSAGE_QUEUE,False
scen_000017,inc_scen_000017_01,pay_01,db_master,pay_01,0,0.0,2026-09-01T00:05:00+00:00,2026-09-01T00:05:00+00:00,DATABASE,False
scen_000017,inc_scen_000017_01,inv_01,db_master,inv_01,0,0.0,2026-09-01T00:05:00+00:00,2026-09-01T00:05:00+00:00,DATABASE,False
scen_000019,inc_scen_000019_01,node_00,node_01,node_00,0,0.0,2026-09-01T00:05:00+00:00,2026-09-01T00:05:00+00:00,HTTP,False
scen_000019,inc_scen_000019_01,node_00,node_04,node_00,0,0.0,2026-09-01T00:05:00+00:00,2026-09-01T00:05:00+00:00,HTTP,False
scen_000019,inc_scen_000019_01,node_01,node_02,node_01,0,0.0,2026-09-01T00:05:00+00:00,2026-09-01T00:05:00+00:00,TCP,False
scen_000019,inc_scen_000019_01,node_01,node_03,node_01,0,0.0,2026-09-01T00:05:00+00:00,2026-09-01T00:05:00+00:00,DATABASE,False
scen_000019,inc_scen_000019_01,node_02,node_04,node_02,0,0.0,2026-09-01T00:05:00+00:00,2026-09-01T00:05:00+00:00,STORAGE,False
scen_000019,inc_scen_000019_01,node_02,node_06,node_02,0,0.0,2026-09-01T00:05:00+00:00,2026-09-01T00:05:00+00:00,HTTP,False
scen_000019,inc_scen_000019_01,node_02,node_08,node_02,0,0.0,2026-09-01T00:05:00+00:00,2026-09-01T00:05:00+00:00,MESSAGE_QUEUE,False
scen_000019,inc_scen_000019_01,node_02,node_12,node_02,0,0.0,2026-09-01T00:05:00+00:00,2026-09-01T00:05:00+00:00,TCP,False
scen_000019,inc_scen_000019_01,node_02,node_16,node_02,0,0.0,2026-09-01T00:05:00+00:00,2026-09-01T00:05:00+00:00,TCP,False
scen_000019,inc_scen_000019_01,node_02,node_18,node_02,0,0.0,2026-09-01T00:05:00+00:00,2026-09-01T00:05:00+00:00,MESSAGE_QUEUE,False
scen_000019,inc_scen_000019_01,node_02,node_05,node_02,0,0.0,2026-09-01T00:05:00+00:00,2026-09-01T00:05:00+00:00,DNS,False
scen_000019,inc_scen_000019_01,node_03,node_05,node_03,0,0.0,2026-09-01T00:05:00+00:00,2026-09-01T00:05:00+00:00,DNS,False
scen_000019,inc_scen_000019_01,node_03,node_24,node_03,0,0.0,2026-09-01T00:05:00+00:00,2026-09-01T00:05:00+00:00,MESSAGE_QUEUE,False
scen_000019,inc_scen_000019_01,node_03,node_22,node_03,0,0.0,2026-09-01T00:05:00+00:00,2026-09-01T00:05:00+00:00,CACHE,False
scen_000019,inc_scen_000019_01,node_04,node_07,node_04,0,0.0,2026-09-01T00:05:00+00:00,2026-09-01T00:05:00+00:00,MESSAGE_QUEUE,False
scen_000019,inc_scen_000019_01,node_04,node_11,node_04,0,0.0,2026-09-01T00:05:00+00:00,2026-09-01T00:05:00+00:00,CACHE,False
scen_000019,inc_scen_000019_01,node_04,node_17,node_04,0,0.0,2026-09-01T00:05:00+00:00,2026-09-01T00:05:00+00:00,TCP,False
scen_000019,inc_scen_000019_01,node_04,node_21,node_04,0,0.0,2026-09-01T00:05:00+00:00,2026-09-01T00:05:00+00:00,MESSAGE_QUEUE,False
scen_000019,inc_scen_000019_01,node_05,node_13,node_05,0,0.0,2026-09-01T00:05:00+00:00,2026-09-01T00:05:00+00:00,HTTP,False
scen_000019,inc_scen_000019_01,node_05,node_21,node_05,0,0.0,2026-09-01T00:05:00+00:00,2026-09-01T00:05:00+00:00,STORAGE,False
scen_000019,inc_scen_000019_01,node_05,node_23,node_05,0,0.0,2026-09-01T00:05:00+00:00,2026-09-01T00:05:00+00:00,DNS,False
scen_000019,inc_scen_000019_01,node_05,node_02,node_05,0,0.0,2026-09-01T00:05:00+00:00,2026-09-01T00:05:00+00:00,DATABASE,False
scen_000019,inc_scen_000019_01,node_06,node_10,node_06,0,0.0,2026-09-01T00:05:00+00:00,2026-09-01T00:05:00+00:00,TCP,False
scen_000019,inc_scen_000019_01,node_06,node_17,node_06,0,0.0,2026-09-01T00:05:00+00:00,2026-09-01T00:05:00+00:00,DATABASE,False
scen_000019,inc_scen_000019_01,node_07,node_09,node_07,0,0.0,2026-09-01T00:05:00+00:00,2026-09-01T00:05:00+00:00,TCP,False
scen_000019,inc_scen_000019_01,node_07,node_05,node_07,0,0.0,2026-09-01T00:05:00+00:00,2026-09-01T00:05:00+00:00,DATABASE,False
scen_000019,inc_scen_000019_01,node_08,node_03,node_08,0,0.0,2026-09-01T00:05:00+00:00,2026-09-01T00:05:00+00:00,CACHE,False
scen_000019,inc_scen_000019_01,node_09,node_00,node_09,0,0.0,2026-09-01T00:05:00+00:00,2026-09-01T00:05:00+00:00,DATABASE,False
scen_000019,inc_scen_000019_01,node_10,node_14,node_10,0,0.0,2026-09-01T00:05:00+00:00,2026-09-01T00:05:00+00:00,HTTP,False
scen_000019,inc_scen_000019_01,node_10,node_15,node_10,0,0.0,2026-09-01T00:05:00+00:00,2026-09-01T00:05:00+00:00,STORAGE,False
scen_000019,inc_scen_000019_01,node_11,node_19,node_11,0,0.0,2026-09-01T00:05:00+00:00,2026-09-01T00:05:00+00:00,MESSAGE_QUEUE,False
scen_000019,inc_scen_000019_01,node_11,node_09,node_11,0,0.0,2026-09-01T00:05:00+00:00,2026-09-01T00:05:00+00:00,HTTP,False
scen_000019,inc_scen_000019_01,node_11,node_02,node_11,0,0.0,2026-09-01T00:05:00+00:00,2026-09-01T00:05:00+00:00,CACHE,False
scen_000019,inc_scen_000019_01,node_14,node_13,node_14,0,0.0,2026-09-01T00:05:00+00:00,2026-09-01T00:05:00+00:00,CACHE,False
scen_000019,inc_scen_000019_01,node_14,node_16,node_14,0,0.0,2026-09-01T00:05:00+00:00,2026-09-01T00:05:00+00:00,DNS,False
scen_000019,inc_scen_000019_01,node_15,node_22,node_15,0,0.0,2026-09-01T00:05:00+00:00,2026-09-01T00:05:00+00:00,DNS,False
scen_000019,inc_scen_000019_01,node_17,node_00,node_17,0,0.0,2026-09-01T00:05:00+00:00,2026-09-01T00:05:00+00:00,CACHE,False
scen_000019,inc_scen_000019_01,node_17,node_04,node_17,0,0.0,2026-09-01T00:05:00+00:00,2026-09-01T00:05:00+00:00,HTTP,False
scen_000019,inc_scen_000019_01,node_18,node_20,node_18,0,0.0,2026-09-01T00:05:00+00:00,2026-09-01T00:05:00+00:00,DATABASE,False
scen_000019,inc_scen_000019_01,node_20,node_03,node_20,0,0.0,2026-09-01T00:05:00+00:00,2026-09-01T00:05:00+00:00,HTTP,False
scen_000019,inc_scen_000019_01,node_20,node_15,node_20,0,0.0,2026-09-01T00:05:00+00:00,2026-09-01T00:05:00+00:00,DATABASE,False
scen_000019,inc_scen_000019_01,node_21,node_18,node_21,0,0.0,2026-09-01T00:05:00+00:00,2026-09-01T00:05:00+00:00,STORAGE,False
scen_000019,inc_scen_000019_01,node_21,node_20,node_21,0,0.0,2026-09-01T00:05:00+00:00,2026-09-01T00:05:00+00:00,STORAGE,False
scen_000019,inc_scen_000019_01,node_23,node_24,node_23,0,0.0,2026-09-01T00:05:00+00:00,2026-09-01T00:05:00+00:00,STORAGE,False
scen_000019,inc_scen_000019_01,node_23,node_12,node_23,0,0.0,2026-09-01T00:05:00+00:00,2026-09-01T00:05:00+00:00,DNS,False
scen_000019,inc_scen_000019_01,node_24,node_19,node_24,0,0.0,2026-09-01T00:05:00+00:00,2026-09-01T00:05:00+00:00,STORAGE,False
scen_000021,inc_scen_000021_01,search_node_29,es_01,search_node_29,1,8.73,2026-09-01T00:05:00+00:00,2026-09-01T00:05:08.728572+00:00,HTTP,True
scen_000021,inc_scen_000021_01,gw_01,rec_01,gw_01,0,0.0,2026-09-01T00:05:00+00:00,2026-09-01T00:05:00+00:00,HTTP,False
scen_000021,inc_scen_000021_01,gw_01,search_node_1,gw_01,0,0.0,2026-09-01T00:05:00+00:00,2026-09-01T00:05:00+00:00,HTTP,False
scen_000021,inc_scen_000021_01,gw_01,search_node_2,gw_01,0,0.0,2026-09-01T00:05:00+00:00,2026-09-01T00:05:00+00:00,HTTP,False
scen_000021,inc_scen_000021_01,gw_01,search_node_3,gw_01,0,0.0,2026-09-01T00:05:00+00:00,2026-09-01T00:05:00+00:00,HTTP,False
scen_000021,inc_scen_000021_01,gw_01,search_node_4,gw_01,0,0.0,2026-09-01T00:05:00+00:00,2026-09-01T00:05:00+00:00,HTTP,False
scen_000021,inc_scen_000021_01,gw_01,search_node_5,gw_01,0,0.0,2026-09-01T00:05:00+00:00,2026-09-01T00:05:00+00:00,HTTP,False
scen_000021,inc_scen_000021_01,gw_01,search_node_6,gw_01,0,0.0,2026-09-01T00:05:00+00:00,2026-09-01T00:05:00+00:00,HTTP,False
scen_000021,inc_scen_000021_01,gw_01,search_node_7,gw_01,0,0.0,2026-09-01T00:05:00+00:00,2026-09-01T00:05:00+00:00,HTTP,False
scen_000021,inc_scen_000021_01,gw_01,search_node_8,gw_01,0,0.0,2026-09-01T00:05:00+00:00,2026-09-01T00:05:00+00:00,HTTP,False
scen_000021,inc_scen_000021_01,gw_01,search_node_9,gw_01,0,0.0,2026-09-01T00:05:00+00:00,2026-09-01T00:05:00+00:00,HTTP,False
scen_000021,inc_scen_000021_01,gw_01,search_node_10,gw_01,0,0.0,2026-09-01T00:05:00+00:00,2026-09-01T00:05:00+00:00,HTTP,False
scen_000021,inc_scen_000021_01,gw_01,search_node_11,gw_01,0,0.0,2026-09-01T00:05:00+00:00,2026-09-01T00:05:00+00:00,HTTP,False
scen_000021,inc_scen_000021_01,gw_01,search_node_12,gw_01,0,0.0,2026-09-01T00:05:00+00:00,2026-09-01T00:05:00+00:00,HTTP,False
scen_000021,inc_scen_000021_01,gw_01,search_node_13,gw_01,0,0.0,2026-09-01T00:05:00+00:00,2026-09-01T00:05:00+00:00,HTTP,False
scen_000021,inc_scen_000021_01,gw_01,search_node_14,gw_01,0,0.0,2026-09-01T00:05:00+00:00,2026-09-01T00:05:00+00:00,HTTP,False
scen_000021,inc_scen_000021_01,gw_01,search_node_15,gw_01,0,0.0,2026-09-01T00:05:00+00:00,2026-09-01T00:05:00+00:00,HTTP,False
scen_000021,inc_scen_000021_01,gw_01,search_node_16,gw_01,0,0.0,2026-09-01T00:05:00+00:00,2026-09-01T00:05:00+00:00,HTTP,False
scen_000021,inc_scen_000021_01,gw_01,search_node_17,gw_01,0,0.0,2026-09-01T00:05:00+00:00,2026-09-01T00:05:00+00:00,HTTP,False
scen_000021,inc_scen_000021_01,gw_01,search_node_18,gw_01,0,0.0,2026-09-01T00:05:00+00:00,2026-09-01T00:05:00+00:00,HTTP,False
scen_000021,inc_scen_000021_01,gw_01,search_node_19,gw_01,0,0.0,2026-09-01T00:05:00+00:00,2026-09-01T00:05:00+00:00,HTTP,False
scen_000021,inc_scen_000021_01,gw_01,search_node_20,gw_01,0,0.0,2026-09-01T00:05:00+00:00,2026-09-01T00:05:00+00:00,HTTP,False
scen_000021,inc_scen_000021_01,gw_01,search_node_21,gw_01,0,0.0,2026-09-01T00:05:00+00:00,2026-09-01T00:05:00+00:00,HTTP,False
scen_000021,inc_scen_000021_01,gw_01,search_node_22,gw_01,0,0.0,2026-09-01T00:05:00+00:00,2026-09-01T00:05:00+00:00,HTTP,False
scen_000021,inc_scen_000021_01,gw_01,search_node_23,gw_01,0,0.0,2026-09-01T00:05:00+00:00,2026-09-01T00:05:00+00:00,HTTP,False
scen_000021,inc_scen_000021_01,gw_01,search_node_24,gw_01,0,0.0,2026-09-01T00:05:00+00:00,2026-09-01T00:05:00+00:00,HTTP,False
scen_000021,inc_scen_000021_01,gw_01,search_node_25,gw_01,0,0.0,2026-09-01T00:05:00+00:00,2026-09-01T00:05:00+00:00,HTTP,False
scen_000021,inc_scen_000021_01,gw_01,search_node_26,gw_01,0,0.0,2026-09-01T00:05:00+00:00,2026-09-01T00:05:00+00:00,HTTP,False
scen_000021,inc_scen_000021_01,gw_01,search_node_27,gw_01,0,0.0,2026-09-01T00:05:00+00:00,2026-09-01T00:05:00+00:00,HTTP,False
scen_000021,inc_scen_000021_01,gw_01,search_node_28,gw_01,0,0.0,2026-09-01T00:05:00+00:00,2026-09-01T00:05:00+00:00,HTTP,False
scen_000021,inc_scen_000021_01,gw_01,search_node_29,gw_01,0,0.0,2026-09-01T00:05:00+00:00,2026-09-01T00:05:00+00:00,HTTP,False
scen_000021,inc_scen_000021_01,gw_01,search_node_30,gw_01,0,0.0,2026-09-01T00:05:00+00:00,2026-09-01T00:05:00+00:00,HTTP,False
scen_000021,inc_scen_000021_01,gw_01,search_node_31,gw_01,0,0.0,2026-09-01T00:05:00+00:00,2026-09-01T00:05:00+00:00,HTTP,False
scen_000021,inc_scen_000021_01,gw_01,search_node_32,gw_01,0,0.0,2026-09-01T00:05:00+00:00,2026-09-01T00:05:00+00:00,HTTP,False
scen_000021,inc_scen_000021_01,gw_01,search_node_33,gw_01,0,0.0,2026-09-01T00:05:00+00:00,2026-09-01T00:05:00+00:00,HTTP,False
scen_000021,inc_scen_000021_01,gw_01,search_node_34,gw_01,0,0.0,2026-09-01T00:05:00+00:00,2026-09-01T00:05:00+00:00,HTTP,False
scen_000021,inc_scen_000021_01,rec_01,redis_01,rec_01,0,0.0,2026-09-01T00:05:00+00:00,2026-09-01T00:05:00+00:00,CACHE,False
scen_000021,inc_scen_000021_01,rec_01,es_01,rec_01,0,0.0,2026-09-01T00:05:00+00:00,2026-09-01T00:05:00+00:00,HTTP,False
scen_000021,inc_scen_000021_01,rec_01,mongo_01,rec_01,0,0.0,2026-09-01T00:05:00+00:00,2026-09-01T00:05:00+00:00,DATABASE,False
scen_000021,inc_scen_000021_01,search_node_1,es_01,search_node_1,0,0.0,2026-09-01T00:05:00+00:00,2026-09-01T00:05:00+00:00,HTTP,False
scen_000021,inc_scen_000021_01,search_node_2,es_01,search_node_2,0,0.0,2026-09-01T00:05:00+00:00,2026-09-01T00:05:00+00:00,HTTP,False
scen_000021,inc_scen_000021_01,search_node_3,es_01,search_node_3,0,0.0,2026-09-01T00:05:00+00:00,2026-09-01T00:05:00+00:00,HTTP,False
scen_000021,inc_scen_000021_01,search_node_4,es_01,search_node_4,0,0.0,2026-09-01T00:05:00+00:00,2026-09-01T00:05:00+00:00,HTTP,False
scen_000021,inc_scen_000021_01,search_node_5,es_01,search_node_5,0,0.0,2026-09-01T00:05:00+00:00,2026-09-01T00:05:00+00:00,HTTP,False
scen_000021,inc_scen_000021_01,search_node_6,es_01,search_node_6,0,0.0,2026-09-01T00:05:00+00:00,2026-09-01T00:05:00+00:00,HTTP,False
scen_000021,inc_scen_000021_01,search_node_7,es_01,search_node_7,0,0.0,2026-09-01T00:05:00+00:00,2026-09-01T00:05:00+00:00,HTTP,False
scen_000021,inc_scen_000021_01,search_node_8,es_01,search_node_8,0,0.0,2026-09-01T00:05:00+00:00,2026-09-01T00:05:00+00:00,HTTP,False
scen_000021,inc_scen_000021_01,search_node_9,es_01,search_node_9,0,0.0,2026-09-01T00:05:00+00:00,2026-09-01T00:05:00+00:00,HTTP,False
scen_000021,inc_scen_000021_01,search_node_10,es_01,search_node_10,0,0.0,2026-09-01T00:05:00+00:00,2026-09-01T00:05:00+00:00,HTTP,False
scen_000021,inc_scen_000021_01,search_node_11,es_01,search_node_11,0,0.0,2026-09-01T00:05:00+00:00,2026-09-01T00:05:00+00:00,HTTP,False
scen_000021,inc_scen_000021_01,search_node_12,es_01,search_node_12,0,0.0,2026-09-01T00:05:00+00:00,2026-09-01T00:05:00+00:00,HTTP,False
scen_000021,inc_scen_000021_01,search_node_13,es_01,search_node_13,0,0.0,2026-09-01T00:05:00+00:00,2026-09-01T00:05:00+00:00,HTTP,False
scen_000021,inc_scen_000021_01,search_node_14,es_01,search_node_14,0,0.0,2026-09-01T00:05:00+00:00,2026-09-01T00:05:00+00:00,HTTP,False
scen_000021,inc_scen_000021_01,search_node_15,es_01,search_node_15,0,0.0,2026-09-01T00:05:00+00:00,2026-09-01T00:05:00+00:00,HTTP,False
scen_000021,inc_scen_000021_01,search_node_16,es_01,search_node_16,0,0.0,2026-09-01T00:05:00+00:00,2026-09-01T00:05:00+00:00,HTTP,False
scen_000021,inc_scen_000021_01,search_node_17,es_01,search_node_17,0,0.0,2026-09-01T00:05:00+00:00,2026-09-01T00:05:00+00:00,HTTP,False
scen_000021,inc_scen_000021_01,search_node_18,es_01,search_node_18,0,0.0,2026-09-01T00:05:00+00:00,2026-09-01T00:05:00+00:00,HTTP,False
scen_000021,inc_scen_000021_01,search_node_19,es_01,search_node_19,0,0.0,2026-09-01T00:05:00+00:00,2026-09-01T00:05:00+00:00,HTTP,False
scen_000021,inc_scen_000021_01,search_node_20,es_01,search_node_20,0,0.0,2026-09-01T00:05:00+00:00,2026-09-01T00:05:00+00:00,HTTP,False
scen_000021,inc_scen_000021_01,search_node_21,es_01,search_node_21,0,0.0,2026-09-01T00:05:00+00:00,2026-09-01T00:05:00+00:00,HTTP,False
scen_000021,inc_scen_000021_01,search_node_22,es_01,search_node_22,0,0.0,2026-09-01T00:05:00+00:00,2026-09-01T00:05:00+00:00,HTTP,False
scen_000021,inc_scen_000021_01,search_node_23,es_01,search_node_23,0,0.0,2026-09-01T00:05:00+00:00,2026-09-01T00:05:00+00:00,HTTP,False
scen_000021,inc_scen_000021_01,search_node_24,es_01,search_node_24,0,0.0,2026-09-01T00:05:00+00:00,2026-09-01T00:05:00+00:00,HTTP,False
scen_000021,inc_scen_000021_01,search_node_25,es_01,search_node_25,0,0.0,2026-09-01T00:05:00+00:00,2026-09-01T00:05:00+00:00,HTTP,False
scen_000021,inc_scen_000021_01,search_node_26,es_01,search_node_26,0,0.0,2026-09-01T00:05:00+00:00,2026-09-01T00:05:00+00:00,HTTP,False
scen_000021,inc_scen_000021_01,search_node_27,es_01,search_node_27,0,0.0,2026-09-01T00:05:00+00:00,2026-09-01T00:05:00+00:00,HTTP,False
scen_000021,inc_scen_000021_01,search_node_28,es_01,search_node_28,0,0.0,2026-09-01T00:05:00+00:00,2026-09-01T00:05:00+00:00,HTTP,False
scen_000021,inc_scen_000021_01,search_node_30,es_01,search_node_30,0,0.0,2026-09-01T00:05:00+00:00,2026-09-01T00:05:00+00:00,HTTP,False
scen_000021,inc_scen_000021_01,search_node_31,es_01,search_node_31,0,0.0,2026-09-01T00:05:00+00:00,2026-09-01T00:05:00+00:00,HTTP,False
scen_000021,inc_scen_000021_01,search_node_32,es_01,search_node_32,0,0.0,2026-09-01T00:05:00+00:00,2026-09-01T00:05:00+00:00,HTTP,False
scen_000021,inc_scen_000021_01,search_node_33,es_01,search_node_33,0,0.0,2026-09-01T00:05:00+00:00,2026-09-01T00:05:00+00:00,HTTP,False
scen_000021,inc_scen_000021_01,search_node_34,es_01,search_node_34,0,0.0,2026-09-01T00:05:00+00:00,2026-09-01T00:05:00+00:00,HTTP,False
scen_000022,inc_scen_000022_01,ingest_01,kafka_broker,ingest_01,1,8.12,2026-09-01T00:05:00+00:00,2026-09-01T00:05:08.120808+00:00,MESSAGE_QUEUE,True
scen_000022,inc_scen_000022_01,kafka_broker,notif_01,kafka_broker,2,9.62,2026-09-01T00:05:08.120808+00:00,2026-09-01T00:05:17.738136+00:00,MESSAGE_QUEUE,True
scen_000022,inc_scen_000022_01,kafka_broker,user_01,kafka_broker,2,21.51,2026-09-01T00:05:08.120808+00:00,2026-09-01T00:05:29.630723+00:00,MESSAGE_QUEUE,True
scen_000022,inc_scen_000022_01,kafka_broker,consumer_1,kafka_broker,2,18.79,2026-09-01T00:05:08.120808+00:00,2026-09-01T00:05:26.910592+00:00,MESSAGE_QUEUE,True
scen_000022,inc_scen_000022_01,kafka_broker,consumer_2,kafka_broker,2,9.46,2026-09-01T00:05:08.120808+00:00,2026-09-01T00:05:17.576539+00:00,MESSAGE_QUEUE,True
scen_000022,inc_scen_000022_01,kafka_broker,consumer_3,kafka_broker,2,9.48,2026-09-01T00:05:08.120808+00:00,2026-09-01T00:05:17.599784+00:00,MESSAGE_QUEUE,True
scen_000022,inc_scen_000022_01,kafka_broker,consumer_4,kafka_broker,2,8.16,2026-09-01T00:05:08.120808+00:00,2026-09-01T00:05:16.284453+00:00,MESSAGE_QUEUE,True
scen_000022,inc_scen_000022_01,kafka_broker,consumer_5,kafka_broker,2,9.74,2026-09-01T00:05:08.120808+00:00,2026-09-01T00:05:17.862920+00:00,MESSAGE_QUEUE,True
scen_000022,inc_scen_000022_01,kafka_broker,consumer_6,kafka_broker,2,7.37,2026-09-01T00:05:08.120808+00:00,2026-09-01T00:05:15.493441+00:00,MESSAGE_QUEUE,True
scen_000022,inc_scen_000022_01,kafka_broker,consumer_7,kafka_broker,2,13.03,2026-09-01T00:05:08.120808+00:00,2026-09-01T00:05:21.153444+00:00,MESSAGE_QUEUE,True
scen_000022,inc_scen_000022_01,kafka_broker,consumer_8,kafka_broker,2,17.91,2026-09-01T00:05:08.120808+00:00,2026-09-01T00:05:26.031626+00:00,MESSAGE_QUEUE,True
scen_000022,inc_scen_000022_01,kafka_broker,consumer_9,kafka_broker,2,14.07,2026-09-01T00:05:08.120808+00:00,2026-09-01T00:05:22.194981+00:00,MESSAGE_QUEUE,True
scen_000022,inc_scen_000022_01,kafka_broker,consumer_10,kafka_broker,2,7.31,2026-09-01T00:05:08.120808+00:00,2026-09-01T00:05:15.430896+00:00,MESSAGE_QUEUE,True
scen_000022,inc_scen_000022_01,kafka_broker,consumer_11,kafka_broker,2,2.69,2026-09-01T00:05:08.120808+00:00,2026-09-01T00:05:10.809780+00:00,MESSAGE_QUEUE,True
scen_000022,inc_scen_000022_01,kafka_broker,consumer_12,kafka_broker,2,7.92,2026-09-01T00:05:08.120808+00:00,2026-09-01T00:05:16.035909+00:00,MESSAGE_QUEUE,True
scen_000022,inc_scen_000022_01,kafka_broker,consumer_13,kafka_broker,2,5.04,2026-09-01T00:05:08.120808+00:00,2026-09-01T00:05:13.159815+00:00,MESSAGE_QUEUE,True
scen_000022,inc_scen_000022_01,kafka_broker,consumer_14,kafka_broker,2,9.24,2026-09-01T00:05:08.120808+00:00,2026-09-01T00:05:17.356051+00:00,MESSAGE_QUEUE,True
scen_000022,inc_scen_000022_01,kafka_broker,consumer_15,kafka_broker,2,16.79,2026-09-01T00:05:08.120808+00:00,2026-09-01T00:05:24.907087+00:00,MESSAGE_QUEUE,True
scen_000022,inc_scen_000022_01,kafka_broker,consumer_16,kafka_broker,2,17.06,2026-09-01T00:05:08.120808+00:00,2026-09-01T00:05:25.182287+00:00,MESSAGE_QUEUE,True
scen_000022,inc_scen_000022_01,kafka_broker,consumer_17,kafka_broker,2,8.38,2026-09-01T00:05:08.120808+00:00,2026-09-01T00:05:16.497914+00:00,MESSAGE_QUEUE,True
scen_000022,inc_scen_000022_01,kafka_broker,consumer_18,kafka_broker,2,2.16,2026-09-01T00:05:08.120808+00:00,2026-09-01T00:05:10.285171+00:00,MESSAGE_QUEUE,True
scen_000022,inc_scen_000022_01,kafka_broker,consumer_19,kafka_broker,2,12.48,2026-09-01T00:05:08.120808+00:00,2026-09-01T00:05:20.603712+00:00,MESSAGE_QUEUE,True
scen_000022,inc_scen_000022_01,kafka_broker,consumer_20,kafka_broker,2,13.92,2026-09-01T00:05:08.120808+00:00,2026-09-01T00:05:22.040906+00:00,MESSAGE_QUEUE,True
scen_000022,inc_scen_000022_01,kafka_broker,consumer_21,kafka_broker,2,6.34,2026-09-01T00:05:08.120808+00:00,2026-09-01T00:05:14.459957+00:00,MESSAGE_QUEUE,True
scen_000022,inc_scen_000022_01,kafka_broker,consumer_22,kafka_broker,2,26.88,2026-09-01T00:05:08.120808+00:00,2026-09-01T00:05:35.001742+00:00,MESSAGE_QUEUE,True
scen_000022,inc_scen_000022_01,kafka_broker,consumer_23,kafka_broker,2,1.39,2026-09-01T00:05:08.120808+00:00,2026-09-01T00:05:09.512671+00:00,MESSAGE_QUEUE,True
scen_000022,inc_scen_000022_01,kafka_broker,consumer_24,kafka_broker,2,4.05,2026-09-01T00:05:08.120808+00:00,2026-09-01T00:05:12.169026+00:00,MESSAGE_QUEUE,True
scen_000022,inc_scen_000022_01,kafka_broker,consumer_25,kafka_broker,2,16.06,2026-09-01T00:05:08.120808+00:00,2026-09-01T00:05:24.179085+00:00,MESSAGE_QUEUE,True
scen_000022,inc_scen_000022_01,kafka_broker,consumer_26,kafka_broker,2,3.76,2026-09-01T00:05:08.120808+00:00,2026-09-01T00:05:11.884279+00:00,MESSAGE_QUEUE,True
scen_000022,inc_scen_000022_01,kafka_broker,consumer_27,kafka_broker,2,7.91,2026-09-01T00:05:08.120808+00:00,2026-09-01T00:05:16.034783+00:00,MESSAGE_QUEUE,True
scen_000022,inc_scen_000022_01,kafka_broker,consumer_28,kafka_broker,2,16.28,2026-09-01T00:05:08.120808+00:00,2026-09-01T00:05:24.398965+00:00,MESSAGE_QUEUE,True
scen_000022,inc_scen_000022_01,kafka_broker,consumer_29,kafka_broker,2,9.99,2026-09-01T00:05:08.120808+00:00,2026-09-01T00:05:18.110330+00:00,MESSAGE_QUEUE,True
scen_000022,inc_scen_000022_01,kafka_broker,consumer_30,kafka_broker,2,17.71,2026-09-01T00:05:08.120808+00:00,2026-09-01T00:05:25.827350+00:00,MESSAGE_QUEUE,True
scen_000022,inc_scen_000022_01,kafka_broker,consumer_31,kafka_broker,2,17.7,2026-09-01T00:05:08.120808+00:00,2026-09-01T00:05:25.818687+00:00,MESSAGE_QUEUE,True
scen_000022,inc_scen_000022_01,kafka_broker,consumer_32,kafka_broker,2,4.19,2026-09-01T00:05:08.120808+00:00,2026-09-01T00:05:12.313311+00:00,MESSAGE_QUEUE,True
scen_000022,inc_scen_000022_01,kafka_broker,consumer_33,kafka_broker,2,3.78,2026-09-01T00:05:08.120808+00:00,2026-09-01T00:05:11.903024+00:00,MESSAGE_QUEUE,True
scen_000022,inc_scen_000022_01,kafka_broker,consumer_34,kafka_broker,2,2.31,2026-09-01T00:05:08.120808+00:00,2026-09-01T00:05:10.430057+00:00,MESSAGE_QUEUE,True
scen_000022,inc_scen_000022_01,kafka_broker,consumer_35,kafka_broker,2,8.16,2026-09-01T00:05:08.120808+00:00,2026-09-01T00:05:16.284606+00:00,MESSAGE_QUEUE,True
scen_000022,inc_scen_000022_01,kafka_broker,consumer_36,kafka_broker,2,10.43,2026-09-01T00:05:08.120808+00:00,2026-09-01T00:05:18.550608+00:00,MESSAGE_QUEUE,True
scen_000022,inc_scen_000022_01,kafka_broker,consumer_37,kafka_broker,2,12.1,2026-09-01T00:05:08.120808+00:00,2026-09-01T00:05:20.223637+00:00,MESSAGE_QUEUE,True
scen_000022,inc_scen_000022_01,kafka_broker,consumer_38,kafka_broker,2,6.76,2026-09-01T00:05:08.120808+00:00,2026-09-01T00:05:14.881508+00:00,MESSAGE_QUEUE,True
scen_000022,inc_scen_000022_01,kafka_broker,consumer_39,kafka_broker,2,12.45,2026-09-01T00:05:08.120808+00:00,2026-09-01T00:05:20.574104+00:00,MESSAGE_QUEUE,True
scen_000022,inc_scen_000022_01,kafka_broker,consumer_40,kafka_broker,2,7.17,2026-09-01T00:05:08.120808+00:00,2026-09-01T00:05:15.286515+00:00,MESSAGE_QUEUE,True
scen_000022,inc_scen_000022_01,kafka_broker,consumer_41,kafka_broker,2,10.42,2026-09-01T00:05:08.120808+00:00,2026-09-01T00:05:18.544305+00:00,MESSAGE_QUEUE,True
scen_000022,inc_scen_000022_01,kafka_broker,consumer_42,kafka_broker,2,7.19,2026-09-01T00:05:08.120808+00:00,2026-09-01T00:05:15.306359+00:00,MESSAGE_QUEUE,True
scen_000022,inc_scen_000022_01,notif_01,db_event,notif_01,3,10.1,2026-09-01T00:05:17.738136+00:00,2026-09-01T00:05:27.840703+00:00,DATABASE,True
scen_000023,inc_scen_000023_01,sub_svc_6,db_01,sub_svc_6,1,8.81,2026-09-01T00:05:00+00:00,2026-09-01T00:05:08.809931+00:00,DATABASE,True
scen_000023,inc_scen_000023_01,gw_01,auth_01,gw_01,0,0.0,2026-09-01T00:05:00+00:00,2026-09-01T00:05:00+00:00,HTTP,False
scen_000023,inc_scen_000023_01,gw_01,web_01,gw_01,0,0.0,2026-09-01T00:05:00+00:00,2026-09-01T00:05:00+00:00,HTTP,False
scen_000023,inc_scen_000023_01,lb_01,gw_01,lb_01,0,0.0,2026-09-01T00:05:00+00:00,2026-09-01T00:05:00+00:00,HTTP,False
scen_000023,inc_scen_000023_01,auth_01,db_01,auth_01,0,0.0,2026-09-01T00:05:00+00:00,2026-09-01T00:05:00+00:00,DATABASE,False
scen_000023,inc_scen_000023_01,web_01,db_01,web_01,0,0.0,2026-09-01T00:05:00+00:00,2026-09-01T00:05:00+00:00,DATABASE,False
scen_000023,inc_scen_000023_01,web_01,sub_svc_2,web_01,0,0.0,2026-09-01T00:05:00+00:00,2026-09-01T00:05:00+00:00,HTTP,False
scen_000023,inc_scen_000023_01,web_01,sub_svc_3,web_01,0,0.0,2026-09-01T00:05:00+00:00,2026-09-01T00:05:00+00:00,HTTP,False
scen_000023,inc_scen_000023_01,web_01,sub_svc_4,web_01,0,0.0,2026-09-01T00:05:00+00:00,2026-09-01T00:05:00+00:00,HTTP,False
scen_000023,inc_scen_000023_01,web_01,sub_svc_5,web_01,0,0.0,2026-09-01T00:05:00+00:00,2026-09-01T00:05:00+00:00,HTTP,False
scen_000023,inc_scen_000023_01,web_01,sub_svc_6,web_01,0,0.0,2026-09-01T00:05:00+00:00,2026-09-01T00:05:00+00:00,HTTP,False
scen_000023,inc_scen_000023_01,web_01,sub_svc_7,web_01,0,0.0,2026-09-01T00:05:00+00:00,2026-09-01T00:05:00+00:00,HTTP,False
scen_000023,inc_scen_000023_01,web_01,sub_svc_8,web_01,0,0.0,2026-09-01T00:05:00+00:00,2026-09-01T00:05:00+00:00,HTTP,False
scen_000023,inc_scen_000023_01,web_01,sub_svc_9,web_01,0,0.0,2026-09-01T00:05:00+00:00,2026-09-01T00:05:00+00:00,HTTP,False
scen_000023,inc_scen_000023_01,web_01,sub_svc_10,web_01,0,0.0,2026-09-01T00:05:00+00:00,2026-09-01T00:05:00+00:00,HTTP,False
scen_000023,inc_scen_000023_01,web_01,sub_svc_11,web_01,0,0.0,2026-09-01T00:05:00+00:00,2026-09-01T00:05:00+00:00,HTTP,False
scen_000023,inc_scen_000023_01,web_01,sub_svc_12,web_01,0,0.0,2026-09-01T00:05:00+00:00,2026-09-01T00:05:00+00:00,HTTP,False
scen_000023,inc_scen_000023_01,web_01,sub_svc_13,web_01,0,0.0,2026-09-01T00:05:00+00:00,2026-09-01T00:05:00+00:00,HTTP,False
scen_000023,inc_scen_000023_01,web_01,sub_svc_14,web_01,0,0.0,2026-09-01T00:05:00+00:00,2026-09-01T00:05:00+00:00,HTTP,False
scen_000023,inc_scen_000023_01,web_01,sub_svc_15,web_01,0,0.0,2026-09-01T00:05:00+00:00,2026-09-01T00:05:00+00:00,HTTP,False
scen_000023,inc_scen_000023_01,web_01,sub_svc_16,web_01,0,0.0,2026-09-01T00:05:00+00:00,2026-09-01T00:05:00+00:00,HTTP,False
scen_000023,inc_scen_000023_01,sub_svc_2,db_01,sub_svc_2,0,0.0,2026-09-01T00:05:00+00:00,2026-09-01T00:05:00+00:00,DATABASE,False
scen_000023,inc_scen_000023_01,sub_svc_3,db_01,sub_svc_3,0,0.0,2026-09-01T00:05:00+00:00,2026-09-01T00:05:00+00:00,DATABASE,False
scen_000023,inc_scen_000023_01,sub_svc_4,db_01,sub_svc_4,0,0.0,2026-09-01T00:05:00+00:00,2026-09-01T00:05:00+00:00,DATABASE,False
scen_000023,inc_scen_000023_01,sub_svc_5,db_01,sub_svc_5,0,0.0,2026-09-01T00:05:00+00:00,2026-09-01T00:05:00+00:00,DATABASE,False
scen_000023,inc_scen_000023_01,sub_svc_7,db_01,sub_svc_7,0,0.0,2026-09-01T00:05:00+00:00,2026-09-01T00:05:00+00:00,DATABASE,False
scen_000023,inc_scen_000023_01,sub_svc_8,db_01,sub_svc_8,0,0.0,2026-09-01T00:05:00+00:00,2026-09-01T00:05:00+00:00,DATABASE,False
scen_000023,inc_scen_000023_01,sub_svc_9,db_01,sub_svc_9,0,0.0,2026-09-01T00:05:00+00:00,2026-09-01T00:05:00+00:00,DATABASE,False
scen_000023,inc_scen_000023_01,sub_svc_10,db_01,sub_svc_10,0,0.0,2026-09-01T00:05:00+00:00,2026-09-01T00:05:00+00:00,DATABASE,False
scen_000023,inc_scen_000023_01,sub_svc_11,db_01,sub_svc_11,0,0.0,2026-09-01T00:05:00+00:00,2026-09-01T00:05:00+00:00,DATABASE,False
scen_000023,inc_scen_000023_01,sub_svc_12,db_01,sub_svc_12,0,0.0,2026-09-01T00:05:00+00:00,2026-09-01T00:05:00+00:00,DATABASE,False
scen_000023,inc_scen_000023_01,sub_svc_13,db_01,sub_svc_13,0,0.0,2026-09-01T00:05:00+00:00,2026-09-01T00:05:00+00:00,DATABASE,False
scen_000023,inc_scen_000023_01,sub_svc_14,db_01,sub_svc_14,0,0.0,2026-09-01T00:05:00+00:00,2026-09-01T00:05:00+00:00,DATABASE,False
scen_000023,inc_scen_000023_01,sub_svc_15,db_01,sub_svc_15,0,0.0,2026-09-01T00:05:00+00:00,2026-09-01T00:05:00+00:00,DATABASE,False
scen_000023,inc_scen_000023_01,sub_svc_16,db_01,sub_svc_16,0,0.0,2026-09-01T00:05:00+00:00,2026-09-01T00:05:00+00:00,DATABASE,False
scen_000024,inc_scen_000024_01,consumer_3,db_event,consumer_3,1,20.23,2026-09-01T00:05:00+00:00,2026-09-01T00:05:20.225439+00:00,DATABASE,True
scen_000024,inc_scen_000024_01,ingest_01,kafka_broker,ingest_01,0,0.0,2026-09-01T00:05:00+00:00,2026-09-01T00:05:00+00:00,MESSAGE_QUEUE,False
scen_000024,inc_scen_000024_01,kafka_broker,notif_01,kafka_broker,0,0.0,2026-09-01T00:05:00+00:00,2026-09-01T00:05:00+00:00,MESSAGE_QUEUE,False
scen_000024,inc_scen_000024_01,kafka_broker,user_01,kafka_broker,0,0.0,2026-09-01T00:05:00+00:00,2026-09-01T00:05:00+00:00,MESSAGE_QUEUE,False
scen_000024,inc_scen_000024_01,kafka_broker,consumer_1,kafka_broker,0,0.0,2026-09-01T00:05:00+00:00,2026-09-01T00:05:00+00:00,MESSAGE_QUEUE,False
scen_000024,inc_scen_000024_01,kafka_broker,consumer_2,kafka_broker,0,0.0,2026-09-01T00:05:00+00:00,2026-09-01T00:05:00+00:00,MESSAGE_QUEUE,False
scen_000024,inc_scen_000024_01,kafka_broker,consumer_3,kafka_broker,0,0.0,2026-09-01T00:05:00+00:00,2026-09-01T00:05:00+00:00,MESSAGE_QUEUE,False
scen_000024,inc_scen_000024_01,kafka_broker,consumer_4,kafka_broker,0,0.0,2026-09-01T00:05:00+00:00,2026-09-01T00:05:00+00:00,MESSAGE_QUEUE,False
scen_000024,inc_scen_000024_01,notif_01,db_event,notif_01,0,0.0,2026-09-01T00:05:00+00:00,2026-09-01T00:05:00+00:00,DATABASE,False
scen_000024,inc_scen_000024_01,consumer_1,db_event,consumer_1,0,0.0,2026-09-01T00:05:00+00:00,2026-09-01T00:05:00+00:00,DATABASE,False
scen_000024,inc_scen_000024_01,consumer_2,db_event,consumer_2,0,0.0,2026-09-01T00:05:00+00:00,2026-09-01T00:05:00+00:00,DATABASE,False
scen_000024,inc_scen_000024_01,consumer_4,db_event,consumer_4,0,0.0,2026-09-01T00:05:00+00:00,2026-09-01T00:05:00+00:00,DATABASE,False
scen_000025,inc_scen_000025_01,ecom_aux_2,cache_01,ecom_aux_2,1,4.02,2026-09-01T00:05:00+00:00,2026-09-01T00:05:04.022896+00:00,CACHE,True
scen_000025,inc_scen_000025_01,gw_01,auth_01,gw_01,0,0.0,2026-09-01T00:05:00+00:00,2026-09-01T00:05:00+00:00,HTTP,False
scen_000025,inc_scen_000025_01,gw_01,order_01,gw_01,0,0.0,2026-09-01T00:05:00+00:00,2026-09-01T00:05:00+00:00,HTTP,False
scen_000025,inc_scen_000025_01,gw_01,ecom_aux_1,gw_01,0,0.0,2026-09-01T00:05:00+00:00,2026-09-01T00:05:00+00:00,HTTP,False
scen_000025,inc_scen_000025_01,gw_01,ecom_aux_2,gw_01,0,0.0,2026-09-01T00:05:00+00:00,2026-09-01T00:05:00+00:00,HTTP,False
scen_000025,inc_scen_000025_01,gw_01,ecom_aux_3,gw_01,0,0.0,2026-09-01T00:05:00+00:00,2026-09-01T00:05:00+00:00,HTTP,False
scen_000025,inc_scen_000025_01,gw_01,ecom_aux_4,gw_01,0,0.0,2026-09-01T00:05:00+00:00,2026-09-01T00:05:00+00:00,HTTP,False
scen_000025,inc_scen_000025_01,gw_01,ecom_aux_5,gw_01,0,0.0,2026-09-01T00:05:00+00:00,2026-09-01T00:05:00+00:00,HTTP,False
scen_000025,inc_scen_000025_01,gw_01,ecom_aux_6,gw_01,0,0.0,2026-09-01T00:05:00+00:00,2026-09-01T00:05:00+00:00,HTTP,False
scen_000025,inc_scen_000025_01,gw_01,ecom_aux_7,gw_01,0,0.0,2026-09-01T00:05:00+00:00,2026-09-01T00:05:00+00:00,HTTP,False
scen_000025,inc_scen_000025_01,gw_01,ecom_aux_8,gw_01,0,0.0,2026-09-01T00:05:00+00:00,2026-09-01T00:05:00+00:00,HTTP,False
scen_000025,inc_scen_000025_01,gw_01,ecom_aux_9,gw_01,0,0.0,2026-09-01T00:05:00+00:00,2026-09-01T00:05:00+00:00,HTTP,False
scen_000025,inc_scen_000025_01,gw_01,ecom_aux_10,gw_01,0,0.0,2026-09-01T00:05:00+00:00,2026-09-01T00:05:00+00:00,HTTP,False
scen_000025,inc_scen_000025_01,gw_01,ecom_aux_11,gw_01,0,0.0,2026-09-01T00:05:00+00:00,2026-09-01T00:05:00+00:00,HTTP,False
scen_000025,inc_scen_000025_01,gw_01,ecom_aux_12,gw_01,0,0.0,2026-09-01T00:05:00+00:00,2026-09-01T00:05:00+00:00,HTTP,False
scen_000025,inc_scen_000025_01,gw_01,ecom_aux_13,gw_01,0,0.0,2026-09-01T00:05:00+00:00,2026-09-01T00:05:00+00:00,HTTP,False
scen_000025,inc_scen_000025_01,gw_01,ecom_aux_14,gw_01,0,0.0,2026-09-01T00:05:00+00:00,2026-09-01T00:05:00+00:00,HTTP,False
scen_000025,inc_scen_000025_01,gw_01,ecom_aux_15,gw_01,0,0.0,2026-09-01T00:05:00+00:00,2026-09-01T00:05:00+00:00,HTTP,False
scen_000025,inc_scen_000025_01,order_01,pay_01,order_01,0,0.0,2026-09-01T00:05:00+00:00,2026-09-01T00:05:00+00:00,HTTP,False
scen_000025,inc_scen_000025_01,order_01,inv_01,order_01,0,0.0,2026-09-01T00:05:00+00:00,2026-09-01T00:05:00+00:00,HTTP,False
scen_000025,inc_scen_000025_01,order_01,cache_01,order_01,0,0.0,2026-09-01T00:05:00+00:00,2026-09-01T00:05:00+00:00,CACHE,False
scen_000025,inc_scen_000025_01,order_01,mq_01,order_01,0,0.0,2026-09-01T00:05:00+00:00,2026-09-01T00:05:00+00:00,MESSAGE_QUEUE,False
scen_000025,inc_scen_000025_01,pay_01,db_master,pay_01,0,0.0,2026-09-01T00:05:00+00:00,2026-09-01T00:05:00+00:00,DATABASE,False
scen_000025,inc_scen_000025_01,inv_01,db_master,inv_01,0,0.0,2026-09-01T00:05:00+00:00,2026-09-01T00:05:00+00:00,DATABASE,False
scen_000025,inc_scen_000025_01,ecom_aux_1,cache_01,ecom_aux_1,0,0.0,2026-09-01T00:05:00+00:00,2026-09-01T00:05:00+00:00,CACHE,False
scen_000025,inc_scen_000025_01,ecom_aux_3,cache_01,ecom_aux_3,0,0.0,2026-09-01T00:05:00+00:00,2026-09-01T00:05:00+00:00,CACHE,False
scen_000025,inc_scen_000025_01,ecom_aux_4,cache_01,ecom_aux_4,0,0.0,2026-09-01T00:05:00+00:00,2026-09-01T00:05:00+00:00,CACHE,False
scen_000025,inc_scen_000025_01,ecom_aux_5,cache_01,ecom_aux_5,0,0.0,2026-09-01T00:05:00+00:00,2026-09-01T00:05:00+00:00,CACHE,False
scen_000025,inc_scen_000025_01,ecom_aux_6,cache_01,ecom_aux_6,0,0.0,2026-09-01T00:05:00+00:00,2026-09-01T00:05:00+00:00,CACHE,False
scen_000025,inc_scen_000025_01,ecom_aux_7,cache_01,ecom_aux_7,0,0.0,2026-09-01T00:05:00+00:00,2026-09-01T00:05:00+00:00,CACHE,False
scen_000025,inc_scen_000025_01,ecom_aux_8,cache_01,ecom_aux_8,0,0.0,2026-09-01T00:05:00+00:00,2026-09-01T00:05:00+00:00,CACHE,False
scen_000025,inc_scen_000025_01,ecom_aux_9,cache_01,ecom_aux_9,0,0.0,2026-09-01T00:05:00+00:00,2026-09-01T00:05:00+00:00,CACHE,False
scen_000025,inc_scen_000025_01,ecom_aux_10,cache_01,ecom_aux_10,0,0.0,2026-09-01T00:05:00+00:00,2026-09-01T00:05:00+00:00,CACHE,False
scen_000025,inc_scen_000025_01,ecom_aux_11,cache_01,ecom_aux_11,0,0.0,2026-09-01T00:05:00+00:00,2026-09-01T00:05:00+00:00,CACHE,False
scen_000025,inc_scen_000025_01,ecom_aux_12,cache_01,ecom_aux_12,0,0.0,2026-09-01T00:05:00+00:00,2026-09-01T00:05:00+00:00,CACHE,False
scen_000025,inc_scen_000025_01,ecom_aux_13,cache_01,ecom_aux_13,0,0.0,2026-09-01T00:05:00+00:00,2026-09-01T00:05:00+00:00,CACHE,False
scen_000025,inc_scen_000025_01,ecom_aux_14,cache_01,ecom_aux_14,0,0.0,2026-09-01T00:05:00+00:00,2026-09-01T00:05:00+00:00,CACHE,False
scen_000025,inc_scen_000025_01,ecom_aux_15,cache_01,ecom_aux_15,0,0.0,2026-09-01T00:05:00+00:00,2026-09-01T00:05:00+00:00,CACHE,False
scen_000026,inc_scen_000026_01,ecom_aux_15,cache_01,ecom_aux_15,1,16.78,2026-09-01T00:05:00+00:00,2026-09-01T00:05:16.779270+00:00,CACHE,True
scen_000026,inc_scen_000026_01,gw_01,auth_01,gw_01,0,0.0,2026-09-01T00:05:00+00:00,2026-09-01T00:05:00+00:00,HTTP,False
scen_000026,inc_scen_000026_01,gw_01,order_01,gw_01,0,0.0,2026-09-01T00:05:00+00:00,2026-09-01T00:05:00+00:00,HTTP,False
scen_000026,inc_scen_000026_01,gw_01,ecom_aux_1,gw_01,0,0.0,2026-09-01T00:05:00+00:00,2026-09-01T00:05:00+00:00,HTTP,False
scen_000026,inc_scen_000026_01,gw_01,ecom_aux_2,gw_01,0,0.0,2026-09-01T00:05:00+00:00,2026-09-01T00:05:00+00:00,HTTP,False
scen_000026,inc_scen_000026_01,gw_01,ecom_aux_3,gw_01,0,0.0,2026-09-01T00:05:00+00:00,2026-09-01T00:05:00+00:00,HTTP,False
scen_000026,inc_scen_000026_01,gw_01,ecom_aux_4,gw_01,0,0.0,2026-09-01T00:05:00+00:00,2026-09-01T00:05:00+00:00,HTTP,False
scen_000026,inc_scen_000026_01,gw_01,ecom_aux_5,gw_01,0,0.0,2026-09-01T00:05:00+00:00,2026-09-01T00:05:00+00:00,HTTP,False
scen_000026,inc_scen_000026_01,gw_01,ecom_aux_6,gw_01,0,0.0,2026-09-01T00:05:00+00:00,2026-09-01T00:05:00+00:00,HTTP,False
scen_000026,inc_scen_000026_01,gw_01,ecom_aux_7,gw_01,0,0.0,2026-09-01T00:05:00+00:00,2026-09-01T00:05:00+00:00,HTTP,False
scen_000026,inc_scen_000026_01,gw_01,ecom_aux_8,gw_01,0,0.0,2026-09-01T00:05:00+00:00,2026-09-01T00:05:00+00:00,HTTP,False
scen_000026,inc_scen_000026_01,gw_01,ecom_aux_9,gw_01,0,0.0,2026-09-01T00:05:00+00:00,2026-09-01T00:05:00+00:00,HTTP,False
scen_000026,inc_scen_000026_01,gw_01,ecom_aux_10,gw_01,0,0.0,2026-09-01T00:05:00+00:00,2026-09-01T00:05:00+00:00,HTTP,False
scen_000026,inc_scen_000026_01,gw_01,ecom_aux_11,gw_01,0,0.0,2026-09-01T00:05:00+00:00,2026-09-01T00:05:00+00:00,HTTP,False
scen_000026,inc_scen_000026_01,gw_01,ecom_aux_12,gw_01,0,0.0,2026-09-01T00:05:00+00:00,2026-09-01T00:05:00+00:00,HTTP,False
scen_000026,inc_scen_000026_01,gw_01,ecom_aux_13,gw_01,0,0.0,2026-09-01T00:05:00+00:00,2026-09-01T00:05:00+00:00,HTTP,False
scen_000026,inc_scen_000026_01,gw_01,ecom_aux_14,gw_01,0,0.0,2026-09-01T00:05:00+00:00,2026-09-01T00:05:00+00:00,HTTP,False
scen_000026,inc_scen_000026_01,gw_01,ecom_aux_15,gw_01,0,0.0,2026-09-01T00:05:00+00:00,2026-09-01T00:05:00+00:00,HTTP,False
scen_000026,inc_scen_000026_01,gw_01,ecom_aux_16,gw_01,0,0.0,2026-09-01T00:05:00+00:00,2026-09-01T00:05:00+00:00,HTTP,False
scen_000026,inc_scen_000026_01,gw_01,ecom_aux_17,gw_01,0,0.0,2026-09-01T00:05:00+00:00,2026-09-01T00:05:00+00:00,HTTP,False
scen_000026,inc_scen_000026_01,gw_01,ecom_aux_18,gw_01,0,0.0,2026-09-01T00:05:00+00:00,2026-09-01T00:05:00+00:00,HTTP,False
scen_000026,inc_scen_000026_01,gw_01,ecom_aux_19,gw_01,0,0.0,2026-09-01T00:05:00+00:00,2026-09-01T00:05:00+00:00,HTTP,False
scen_000026,inc_scen_000026_01,gw_01,ecom_aux_20,gw_01,0,0.0,2026-09-01T00:05:00+00:00,2026-09-01T00:05:00+00:00,HTTP,False
scen_000026,inc_scen_000026_01,gw_01,ecom_aux_21,gw_01,0,0.0,2026-09-01T00:05:00+00:00,2026-09-01T00:05:00+00:00,HTTP,False
scen_000026,inc_scen_000026_01,gw_01,ecom_aux_22,gw_01,0,0.0,2026-09-01T00:05:00+00:00,2026-09-01T00:05:00+00:00,HTTP,False
scen_000026,inc_scen_000026_01,gw_01,ecom_aux_23,gw_01,0,0.0,2026-09-01T00:05:00+00:00,2026-09-01T00:05:00+00:00,HTTP,False
scen_000026,inc_scen_000026_01,gw_01,ecom_aux_24,gw_01,0,0.0,2026-09-01T00:05:00+00:00,2026-09-01T00:05:00+00:00,HTTP,False
scen_000026,inc_scen_000026_01,gw_01,ecom_aux_25,gw_01,0,0.0,2026-09-01T00:05:00+00:00,2026-09-01T00:05:00+00:00,HTTP,False
scen_000026,inc_scen_000026_01,gw_01,ecom_aux_26,gw_01,0,0.0,2026-09-01T00:05:00+00:00,2026-09-01T00:05:00+00:00,HTTP,False
scen_000026,inc_scen_000026_01,gw_01,ecom_aux_27,gw_01,0,0.0,2026-09-01T00:05:00+00:00,2026-09-01T00:05:00+00:00,HTTP,False
scen_000026,inc_scen_000026_01,gw_01,ecom_aux_28,gw_01,0,0.0,2026-09-01T00:05:00+00:00,2026-09-01T00:05:00+00:00,HTTP,False
scen_000026,inc_scen_000026_01,gw_01,ecom_aux_29,gw_01,0,0.0,2026-09-01T00:05:00+00:00,2026-09-01T00:05:00+00:00,HTTP,False
scen_000026,inc_scen_000026_01,gw_01,ecom_aux_30,gw_01,0,0.0,2026-09-01T00:05:00+00:00,2026-09-01T00:05:00+00:00,HTTP,False
scen_000026,inc_scen_000026_01,gw_01,ecom_aux_31,gw_01,0,0.0,2026-09-01T00:05:00+00:00,2026-09-01T00:05:00+00:00,HTTP,False
scen_000026,inc_scen_000026_01,gw_01,ecom_aux_32,gw_01,0,0.0,2026-09-01T00:05:00+00:00,2026-09-01T00:05:00+00:00,HTTP,False
scen_000026,inc_scen_000026_01,order_01,pay_01,order_01,0,0.0,2026-09-01T00:05:00+00:00,2026-09-01T00:05:00+00:00,HTTP,False
scen_000026,inc_scen_000026_01,order_01,inv_01,order_01,0,0.0,2026-09-01T00:05:00+00:00,2026-09-01T00:05:00+00:00,HTTP,False
scen_000026,inc_scen_000026_01,order_01,cache_01,order_01,0,0.0,2026-09-01T00:05:00+00:00,2026-09-01T00:05:00+00:00,CACHE,False
scen_000026,inc_scen_000026_01,order_01,mq_01,order_01,0,0.0,2026-09-01T00:05:00+00:00,2026-09-01T00:05:00+00:00,MESSAGE_QUEUE,False
scen_000026,inc_scen_000026_01,pay_01,db_master,pay_01,0,0.0,2026-09-01T00:05:00+00:00,2026-09-01T00:05:00+00:00,DATABASE,False
scen_000026,inc_scen_000026_01,inv_01,db_master,inv_01,0,0.0,2026-09-01T00:05:00+00:00,2026-09-01T00:05:00+00:00,DATABASE,False
scen_000026,inc_scen_000026_01,ecom_aux_1,cache_01,ecom_aux_1,0,0.0,2026-09-01T00:05:00+00:00,2026-09-01T00:05:00+00:00,CACHE,False
scen_000026,inc_scen_000026_01,ecom_aux_2,cache_01,ecom_aux_2,0,0.0,2026-09-01T00:05:00+00:00,2026-09-01T00:05:00+00:00,CACHE,False
scen_000026,inc_scen_000026_01,ecom_aux_3,cache_01,ecom_aux_3,0,0.0,2026-09-01T00:05:00+00:00,2026-09-01T00:05:00+00:00,CACHE,False
scen_000026,inc_scen_000026_01,ecom_aux_4,cache_01,ecom_aux_4,0,0.0,2026-09-01T00:05:00+00:00,2026-09-01T00:05:00+00:00,CACHE,False
scen_000026,inc_scen_000026_01,ecom_aux_5,cache_01,ecom_aux_5,0,0.0,2026-09-01T00:05:00+00:00,2026-09-01T00:05:00+00:00,CACHE,False
scen_000026,inc_scen_000026_01,ecom_aux_6,cache_01,ecom_aux_6,0,0.0,2026-09-01T00:05:00+00:00,2026-09-01T00:05:00+00:00,CACHE,False
scen_000026,inc_scen_000026_01,ecom_aux_7,cache_01,ecom_aux_7,0,0.0,2026-09-01T00:05:00+00:00,2026-09-01T00:05:00+00:00,CACHE,False
scen_000026,inc_scen_000026_01,ecom_aux_8,cache_01,ecom_aux_8,0,0.0,2026-09-01T00:05:00+00:00,2026-09-01T00:05:00+00:00,CACHE,False
scen_000026,inc_scen_000026_01,ecom_aux_9,cache_01,ecom_aux_9,0,0.0,2026-09-01T00:05:00+00:00,2026-09-01T00:05:00+00:00,CACHE,False
scen_000026,inc_scen_000026_01,ecom_aux_10,cache_01,ecom_aux_10,0,0.0,2026-09-01T00:05:00+00:00,2026-09-01T00:05:00+00:00,CACHE,False
scen_000026,inc_scen_000026_01,ecom_aux_11,cache_01,ecom_aux_11,0,0.0,2026-09-01T00:05:00+00:00,2026-09-01T00:05:00+00:00,CACHE,False
scen_000026,inc_scen_000026_01,ecom_aux_12,cache_01,ecom_aux_12,0,0.0,2026-09-01T00:05:00+00:00,2026-09-01T00:05:00+00:00,CACHE,False
scen_000026,inc_scen_000026_01,ecom_aux_13,cache_01,ecom_aux_13,0,0.0,2026-09-01T00:05:00+00:00,2026-09-01T00:05:00+00:00,CACHE,False
scen_000026,inc_scen_000026_01,ecom_aux_14,cache_01,ecom_aux_14,0,0.0,2026-09-01T00:05:00+00:00,2026-09-01T00:05:00+00:00,CACHE,False
scen_000026,inc_scen_000026_01,ecom_aux_16,cache_01,ecom_aux_16,0,0.0,2026-09-01T00:05:00+00:00,2026-09-01T00:05:00+00:00,CACHE,False
scen_000026,inc_scen_000026_01,ecom_aux_17,cache_01,ecom_aux_17,0,0.0,2026-09-01T00:05:00+00:00,2026-09-01T00:05:00+00:00,CACHE,False
scen_000026,inc_scen_000026_01,ecom_aux_18,cache_01,ecom_aux_18,0,0.0,2026-09-01T00:05:00+00:00,2026-09-01T00:05:00+00:00,CACHE,False
scen_000026,inc_scen_000026_01,ecom_aux_19,cache_01,ecom_aux_19,0,0.0,2026-09-01T00:05:00+00:00,2026-09-01T00:05:00+00:00,CACHE,False
scen_000026,inc_scen_000026_01,ecom_aux_20,cache_01,ecom_aux_20,0,0.0,2026-09-01T00:05:00+00:00,2026-09-01T00:05:00+00:00,CACHE,False
scen_000026,inc_scen_000026_01,ecom_aux_21,cache_01,ecom_aux_21,0,0.0,2026-09-01T00:05:00+00:00,2026-09-01T00:05:00+00:00,CACHE,False
scen_000026,inc_scen_000026_01,ecom_aux_22,cache_01,ecom_aux_22,0,0.0,2026-09-01T00:05:00+00:00,2026-09-01T00:05:00+00:00,CACHE,False
scen_000026,inc_scen_000026_01,ecom_aux_23,cache_01,ecom_aux_23,0,0.0,2026-09-01T00:05:00+00:00,2026-09-01T00:05:00+00:00,CACHE,False
scen_000026,inc_scen_000026_01,ecom_aux_24,cache_01,ecom_aux_24,0,0.0,2026-09-01T00:05:00+00:00,2026-09-01T00:05:00+00:00,CACHE,False
scen_000026,inc_scen_000026_01,ecom_aux_25,cache_01,ecom_aux_25,0,0.0,2026-09-01T00:05:00+00:00,2026-09-01T00:05:00+00:00,CACHE,False
scen_000026,inc_scen_000026_01,ecom_aux_26,cache_01,ecom_aux_26,0,0.0,2026-09-01T00:05:00+00:00,2026-09-01T00:05:00+00:00,CACHE,False
scen_000026,inc_scen_000026_01,ecom_aux_27,cache_01,ecom_aux_27,0,0.0,2026-09-01T00:05:00+00:00,2026-09-01T00:05:00+00:00,CACHE,False
scen_000026,inc_scen_000026_01,ecom_aux_28,cache_01,ecom_aux_28,0,0.0,2026-09-01T00:05:00+00:00,2026-09-01T00:05:00+00:00,CACHE,False
scen_000026,inc_scen_000026_01,ecom_aux_29,cache_01,ecom_aux_29,0,0.0,2026-09-01T00:05:00+00:00,2026-09-01T00:05:00+00:00,CACHE,False
scen_000026,inc_scen_000026_01,ecom_aux_30,cache_01,ecom_aux_30,0,0.0,2026-09-01T00:05:00+00:00,2026-09-01T00:05:00+00:00,CACHE,False
scen_000026,inc_scen_000026_01,ecom_aux_31,cache_01,ecom_aux_31,0,0.0,2026-09-01T00:05:00+00:00,2026-09-01T00:05:00+00:00,CACHE,False
scen_000026,inc_scen_000026_01,ecom_aux_32,cache_01,ecom_aux_32,0,0.0,2026-09-01T00:05:00+00:00,2026-09-01T00:05:00+00:00,CACHE,False
scen_000027,inc_scen_000027_01,rec_01,redis_01,rec_01,1,5.05,2026-09-01T00:05:00+00:00,2026-09-01T00:05:05.054620+00:00,CACHE,True
scen_000027,inc_scen_000027_01,rec_01,es_01,rec_01,1,1.1,2026-09-01T00:05:00+00:00,2026-09-01T00:05:01.103707+00:00,HTTP,True
scen_000027,inc_scen_000027_01,rec_01,mongo_01,rec_01,1,8.29,2026-09-01T00:05:00+00:00,2026-09-01T00:05:08.289401+00:00,DATABASE,True
scen_000027,inc_scen_000027_01,gw_01,rec_01,gw_01,0,0.0,2026-09-01T00:05:00+00:00,2026-09-01T00:05:00+00:00,HTTP,False
scen_000027,inc_scen_000027_01,gw_01,search_node_1,gw_01,0,0.0,2026-09-01T00:05:00+00:00,2026-09-01T00:05:00+00:00,HTTP,False
scen_000027,inc_scen_000027_01,gw_01,search_node_2,gw_01,0,0.0,2026-09-01T00:05:00+00:00,2026-09-01T00:05:00+00:00,HTTP,False
scen_000027,inc_scen_000027_01,gw_01,search_node_3,gw_01,0,0.0,2026-09-01T00:05:00+00:00,2026-09-01T00:05:00+00:00,HTTP,False
scen_000027,inc_scen_000027_01,gw_01,search_node_4,gw_01,0,0.0,2026-09-01T00:05:00+00:00,2026-09-01T00:05:00+00:00,HTTP,False
scen_000027,inc_scen_000027_01,gw_01,search_node_5,gw_01,0,0.0,2026-09-01T00:05:00+00:00,2026-09-01T00:05:00+00:00,HTTP,False
scen_000027,inc_scen_000027_01,gw_01,search_node_6,gw_01,0,0.0,2026-09-01T00:05:00+00:00,2026-09-01T00:05:00+00:00,HTTP,False
scen_000027,inc_scen_000027_01,gw_01,search_node_7,gw_01,0,0.0,2026-09-01T00:05:00+00:00,2026-09-01T00:05:00+00:00,HTTP,False
scen_000027,inc_scen_000027_01,gw_01,search_node_8,gw_01,0,0.0,2026-09-01T00:05:00+00:00,2026-09-01T00:05:00+00:00,HTTP,False
scen_000027,inc_scen_000027_01,gw_01,search_node_9,gw_01,0,0.0,2026-09-01T00:05:00+00:00,2026-09-01T00:05:00+00:00,HTTP,False
scen_000027,inc_scen_000027_01,gw_01,search_node_10,gw_01,0,0.0,2026-09-01T00:05:00+00:00,2026-09-01T00:05:00+00:00,HTTP,False
scen_000027,inc_scen_000027_01,gw_01,search_node_11,gw_01,0,0.0,2026-09-01T00:05:00+00:00,2026-09-01T00:05:00+00:00,HTTP,False
scen_000027,inc_scen_000027_01,gw_01,search_node_12,gw_01,0,0.0,2026-09-01T00:05:00+00:00,2026-09-01T00:05:00+00:00,HTTP,False
scen_000027,inc_scen_000027_01,gw_01,search_node_13,gw_01,0,0.0,2026-09-01T00:05:00+00:00,2026-09-01T00:05:00+00:00,HTTP,False
scen_000027,inc_scen_000027_01,gw_01,search_node_14,gw_01,0,0.0,2026-09-01T00:05:00+00:00,2026-09-01T00:05:00+00:00,HTTP,False
scen_000027,inc_scen_000027_01,gw_01,search_node_15,gw_01,0,0.0,2026-09-01T00:05:00+00:00,2026-09-01T00:05:00+00:00,HTTP,False
scen_000027,inc_scen_000027_01,search_node_1,es_01,search_node_1,0,0.0,2026-09-01T00:05:00+00:00,2026-09-01T00:05:00+00:00,HTTP,False
scen_000027,inc_scen_000027_01,search_node_2,es_01,search_node_2,0,0.0,2026-09-01T00:05:00+00:00,2026-09-01T00:05:00+00:00,HTTP,False
scen_000027,inc_scen_000027_01,search_node_3,es_01,search_node_3,0,0.0,2026-09-01T00:05:00+00:00,2026-09-01T00:05:00+00:00,HTTP,False
scen_000027,inc_scen_000027_01,search_node_4,es_01,search_node_4,0,0.0,2026-09-01T00:05:00+00:00,2026-09-01T00:05:00+00:00,HTTP,False
scen_000027,inc_scen_000027_01,search_node_5,es_01,search_node_5,0,0.0,2026-09-01T00:05:00+00:00,2026-09-01T00:05:00+00:00,HTTP,False
scen_000027,inc_scen_000027_01,search_node_6,es_01,search_node_6,0,0.0,2026-09-01T00:05:00+00:00,2026-09-01T00:05:00+00:00,HTTP,False
scen_000027,inc_scen_000027_01,search_node_7,es_01,search_node_7,0,0.0,2026-09-01T00:05:00+00:00,2026-09-01T00:05:00+00:00,HTTP,False
scen_000027,inc_scen_000027_01,search_node_8,es_01,search_node_8,0,0.0,2026-09-01T00:05:00+00:00,2026-09-01T00:05:00+00:00,HTTP,False
scen_000027,inc_scen_000027_01,search_node_9,es_01,search_node_9,0,0.0,2026-09-01T00:05:00+00:00,2026-09-01T00:05:00+00:00,HTTP,False
scen_000027,inc_scen_000027_01,search_node_10,es_01,search_node_10,0,0.0,2026-09-01T00:05:00+00:00,2026-09-01T00:05:00+00:00,HTTP,False
scen_000027,inc_scen_000027_01,search_node_11,es_01,search_node_11,0,0.0,2026-09-01T00:05:00+00:00,2026-09-01T00:05:00+00:00,HTTP,False
scen_000027,inc_scen_000027_01,search_node_12,es_01,search_node_12,0,0.0,2026-09-01T00:05:00+00:00,2026-09-01T00:05:00+00:00,HTTP,False
scen_000027,inc_scen_000027_01,search_node_13,es_01,search_node_13,0,0.0,2026-09-01T00:05:00+00:00,2026-09-01T00:05:00+00:00,HTTP,False
scen_000027,inc_scen_000027_01,search_node_14,es_01,search_node_14,0,0.0,2026-09-01T00:05:00+00:00,2026-09-01T00:05:00+00:00,HTTP,False
scen_000027,inc_scen_000027_01,search_node_15,es_01,search_node_15,0,0.0,2026-09-01T00:05:00+00:00,2026-09-01T00:05:00+00:00,HTTP,False
scen_000028,inc_scen_000028_01,search_node_21,es_01,search_node_21,1,9.6,2026-09-01T00:05:00+00:00,2026-09-01T00:05:09.602855+00:00,HTTP,True
scen_000028,inc_scen_000028_01,gw_01,rec_01,gw_01,0,0.0,2026-09-01T00:05:00+00:00,2026-09-01T00:05:00+00:00,HTTP,False
scen_000028,inc_scen_000028_01,gw_01,search_node_1,gw_01,0,0.0,2026-09-01T00:05:00+00:00,2026-09-01T00:05:00+00:00,HTTP,False
scen_000028,inc_scen_000028_01,gw_01,search_node_2,gw_01,0,0.0,2026-09-01T00:05:00+00:00,2026-09-01T00:05:00+00:00,HTTP,False
scen_000028,inc_scen_000028_01,gw_01,search_node_3,gw_01,0,0.0,2026-09-01T00:05:00+00:00,2026-09-01T00:05:00+00:00,HTTP,False
scen_000028,inc_scen_000028_01,gw_01,search_node_4,gw_01,0,0.0,2026-09-01T00:05:00+00:00,2026-09-01T00:05:00+00:00,HTTP,False
scen_000028,inc_scen_000028_01,gw_01,search_node_5,gw_01,0,0.0,2026-09-01T00:05:00+00:00,2026-09-01T00:05:00+00:00,HTTP,False
scen_000028,inc_scen_000028_01,gw_01,search_node_6,gw_01,0,0.0,2026-09-01T00:05:00+00:00,2026-09-01T00:05:00+00:00,HTTP,False
scen_000028,inc_scen_000028_01,gw_01,search_node_7,gw_01,0,0.0,2026-09-01T00:05:00+00:00,2026-09-01T00:05:00+00:00,HTTP,False
scen_000028,inc_scen_000028_01,gw_01,search_node_8,gw_01,0,0.0,2026-09-01T00:05:00+00:00,2026-09-01T00:05:00+00:00,HTTP,False
scen_000028,inc_scen_000028_01,gw_01,search_node_9,gw_01,0,0.0,2026-09-01T00:05:00+00:00,2026-09-01T00:05:00+00:00,HTTP,False
scen_000028,inc_scen_000028_01,gw_01,search_node_10,gw_01,0,0.0,2026-09-01T00:05:00+00:00,2026-09-01T00:05:00+00:00,HTTP,False
scen_000028,inc_scen_000028_01,gw_01,search_node_11,gw_01,0,0.0,2026-09-01T00:05:00+00:00,2026-09-01T00:05:00+00:00,HTTP,False
scen_000028,inc_scen_000028_01,gw_01,search_node_12,gw_01,0,0.0,2026-09-01T00:05:00+00:00,2026-09-01T00:05:00+00:00,HTTP,False
scen_000028,inc_scen_000028_01,gw_01,search_node_13,gw_01,0,0.0,2026-09-01T00:05:00+00:00,2026-09-01T00:05:00+00:00,HTTP,False
scen_000028,inc_scen_000028_01,gw_01,search_node_14,gw_01,0,0.0,2026-09-01T00:05:00+00:00,2026-09-01T00:05:00+00:00,HTTP,False
scen_000028,inc_scen_000028_01,gw_01,search_node_15,gw_01,0,0.0,2026-09-01T00:05:00+00:00,2026-09-01T00:05:00+00:00,HTTP,False
scen_000028,inc_scen_000028_01,gw_01,search_node_16,gw_01,0,0.0,2026-09-01T00:05:00+00:00,2026-09-01T00:05:00+00:00,HTTP,False
scen_000028,inc_scen_000028_01,gw_01,search_node_17,gw_01,0,0.0,2026-09-01T00:05:00+00:00,2026-09-01T00:05:00+00:00,HTTP,False
scen_000028,inc_scen_000028_01,gw_01,search_node_18,gw_01,0,0.0,2026-09-01T00:05:00+00:00,2026-09-01T00:05:00+00:00,HTTP,False
scen_000028,inc_scen_000028_01,gw_01,search_node_19,gw_01,0,0.0,2026-09-01T00:05:00+00:00,2026-09-01T00:05:00+00:00,HTTP,False
scen_000028,inc_scen_000028_01,gw_01,search_node_20,gw_01,0,0.0,2026-09-01T00:05:00+00:00,2026-09-01T00:05:00+00:00,HTTP,False
scen_000028,inc_scen_000028_01,gw_01,search_node_21,gw_01,0,0.0,2026-09-01T00:05:00+00:00,2026-09-01T00:05:00+00:00,HTTP,False
scen_000028,inc_scen_000028_01,gw_01,search_node_22,gw_01,0,0.0,2026-09-01T00:05:00+00:00,2026-09-01T00:05:00+00:00,HTTP,False
scen_000028,inc_scen_000028_01,gw_01,search_node_23,gw_01,0,0.0,2026-09-01T00:05:00+00:00,2026-09-01T00:05:00+00:00,HTTP,False
scen_000028,inc_scen_000028_01,gw_01,search_node_24,gw_01,0,0.0,2026-09-01T00:05:00+00:00,2026-09-01T00:05:00+00:00,HTTP,False
scen_000028,inc_scen_000028_01,gw_01,search_node_25,gw_01,0,0.0,2026-09-01T00:05:00+00:00,2026-09-01T00:05:00+00:00,HTTP,False
scen_000028,inc_scen_000028_01,gw_01,search_node_26,gw_01,0,0.0,2026-09-01T00:05:00+00:00,2026-09-01T00:05:00+00:00,HTTP,False
scen_000028,inc_scen_000028_01,gw_01,search_node_27,gw_01,0,0.0,2026-09-01T00:05:00+00:00,2026-09-01T00:05:00+00:00,HTTP,False
scen_000028,inc_scen_000028_01,gw_01,search_node_28,gw_01,0,0.0,2026-09-01T00:05:00+00:00,2026-09-01T00:05:00+00:00,HTTP,False
scen_000028,inc_scen_000028_01,gw_01,search_node_29,gw_01,0,0.0,2026-09-01T00:05:00+00:00,2026-09-01T00:05:00+00:00,HTTP,False
scen_000028,inc_scen_000028_01,gw_01,search_node_30,gw_01,0,0.0,2026-09-01T00:05:00+00:00,2026-09-01T00:05:00+00:00,HTTP,False
scen_000028,inc_scen_000028_01,gw_01,search_node_31,gw_01,0,0.0,2026-09-01T00:05:00+00:00,2026-09-01T00:05:00+00:00,HTTP,False
scen_000028,inc_scen_000028_01,gw_01,search_node_32,gw_01,0,0.0,2026-09-01T00:05:00+00:00,2026-09-01T00:05:00+00:00,HTTP,False
scen_000028,inc_scen_000028_01,gw_01,search_node_33,gw_01,0,0.0,2026-09-01T00:05:00+00:00,2026-09-01T00:05:00+00:00,HTTP,False
scen_000028,inc_scen_000028_01,rec_01,redis_01,rec_01,0,0.0,2026-09-01T00:05:00+00:00,2026-09-01T00:05:00+00:00,CACHE,False
scen_000028,inc_scen_000028_01,rec_01,es_01,rec_01,0,0.0,2026-09-01T00:05:00+00:00,2026-09-01T00:05:00+00:00,HTTP,False
scen_000028,inc_scen_000028_01,rec_01,mongo_01,rec_01,0,0.0,2026-09-01T00:05:00+00:00,2026-09-01T00:05:00+00:00,DATABASE,False
scen_000028,inc_scen_000028_01,search_node_1,es_01,search_node_1,0,0.0,2026-09-01T00:05:00+00:00,2026-09-01T00:05:00+00:00,HTTP,False
scen_000028,inc_scen_000028_01,search_node_2,es_01,search_node_2,0,0.0,2026-09-01T00:05:00+00:00,2026-09-01T00:05:00+00:00,HTTP,False
scen_000028,inc_scen_000028_01,search_node_3,es_01,search_node_3,0,0.0,2026-09-01T00:05:00+00:00,2026-09-01T00:05:00+00:00,HTTP,False
scen_000028,inc_scen_000028_01,search_node_4,es_01,search_node_4,0,0.0,2026-09-01T00:05:00+00:00,2026-09-01T00:05:00+00:00,HTTP,False
scen_000028,inc_scen_000028_01,search_node_5,es_01,search_node_5,0,0.0,2026-09-01T00:05:00+00:00,2026-09-01T00:05:00+00:00,HTTP,False
scen_000028,inc_scen_000028_01,search_node_6,es_01,search_node_6,0,0.0,2026-09-01T00:05:00+00:00,2026-09-01T00:05:00+00:00,HTTP,False
scen_000028,inc_scen_000028_01,search_node_7,es_01,search_node_7,0,0.0,2026-09-01T00:05:00+00:00,2026-09-01T00:05:00+00:00,HTTP,False
scen_000028,inc_scen_000028_01,search_node_8,es_01,search_node_8,0,0.0,2026-09-01T00:05:00+00:00,2026-09-01T00:05:00+00:00,HTTP,False
scen_000028,inc_scen_000028_01,search_node_9,es_01,search_node_9,0,0.0,2026-09-01T00:05:00+00:00,2026-09-01T00:05:00+00:00,HTTP,False
scen_000028,inc_scen_000028_01,search_node_10,es_01,search_node_10,0,0.0,2026-09-01T00:05:00+00:00,2026-09-01T00:05:00+00:00,HTTP,False
scen_000028,inc_scen_000028_01,search_node_11,es_01,search_node_11,0,0.0,2026-09-01T00:05:00+00:00,2026-09-01T00:05:00+00:00,HTTP,False
scen_000028,inc_scen_000028_01,search_node_12,es_01,search_node_12,0,0.0,2026-09-01T00:05:00+00:00,2026-09-01T00:05:00+00:00,HTTP,False
scen_000028,inc_scen_000028_01,search_node_13,es_01,search_node_13,0,0.0,2026-09-01T00:05:00+00:00,2026-09-01T00:05:00+00:00,HTTP,False
scen_000028,inc_scen_000028_01,search_node_14,es_01,search_node_14,0,0.0,2026-09-01T00:05:00+00:00,2026-09-01T00:05:00+00:00,HTTP,False
scen_000028,inc_scen_000028_01,search_node_15,es_01,search_node_15,0,0.0,2026-09-01T00:05:00+00:00,2026-09-01T00:05:00+00:00,HTTP,False
scen_000028,inc_scen_000028_01,search_node_16,es_01,search_node_16,0,0.0,2026-09-01T00:05:00+00:00,2026-09-01T00:05:00+00:00,HTTP,False
scen_000028,inc_scen_000028_01,search_node_17,es_01,search_node_17,0,0.0,2026-09-01T00:05:00+00:00,2026-09-01T00:05:00+00:00,HTTP,False
scen_000028,inc_scen_000028_01,search_node_18,es_01,search_node_18,0,0.0,2026-09-01T00:05:00+00:00,2026-09-01T00:05:00+00:00,HTTP,False
scen_000028,inc_scen_000028_01,search_node_19,es_01,search_node_19,0,0.0,2026-09-01T00:05:00+00:00,2026-09-01T00:05:00+00:00,HTTP,False
scen_000028,inc_scen_000028_01,search_node_20,es_01,search_node_20,0,0.0,2026-09-01T00:05:00+00:00,2026-09-01T00:05:00+00:00,HTTP,False
scen_000028,inc_scen_000028_01,search_node_22,es_01,search_node_22,0,0.0,2026-09-01T00:05:00+00:00,2026-09-01T00:05:00+00:00,HTTP,False
scen_000028,inc_scen_000028_01,search_node_23,es_01,search_node_23,0,0.0,2026-09-01T00:05:00+00:00,2026-09-01T00:05:00+00:00,HTTP,False
scen_000028,inc_scen_000028_01,search_node_24,es_01,search_node_24,0,0.0,2026-09-01T00:05:00+00:00,2026-09-01T00:05:00+00:00,HTTP,False
scen_000028,inc_scen_000028_01,search_node_25,es_01,search_node_25,0,0.0,2026-09-01T00:05:00+00:00,2026-09-01T00:05:00+00:00,HTTP,False
scen_000028,inc_scen_000028_01,search_node_26,es_01,search_node_26,0,0.0,2026-09-01T00:05:00+00:00,2026-09-01T00:05:00+00:00,HTTP,False
scen_000028,inc_scen_000028_01,search_node_27,es_01,search_node_27,0,0.0,2026-09-01T00:05:00+00:00,2026-09-01T00:05:00+00:00,HTTP,False
scen_000028,inc_scen_000028_01,search_node_28,es_01,search_node_28,0,0.0,2026-09-01T00:05:00+00:00,2026-09-01T00:05:00+00:00,HTTP,False
scen_000028,inc_scen_000028_01,search_node_29,es_01,search_node_29,0,0.0,2026-09-01T00:05:00+00:00,2026-09-01T00:05:00+00:00,HTTP,False
scen_000028,inc_scen_000028_01,search_node_30,es_01,search_node_30,0,0.0,2026-09-01T00:05:00+00:00,2026-09-01T00:05:00+00:00,HTTP,False
scen_000028,inc_scen_000028_01,search_node_31,es_01,search_node_31,0,0.0,2026-09-01T00:05:00+00:00,2026-09-01T00:05:00+00:00,HTTP,False
scen_000028,inc_scen_000028_01,search_node_32,es_01,search_node_32,0,0.0,2026-09-01T00:05:00+00:00,2026-09-01T00:05:00+00:00,HTTP,False
scen_000028,inc_scen_000028_01,search_node_33,es_01,search_node_33,0,0.0,2026-09-01T00:05:00+00:00,2026-09-01T00:05:00+00:00,HTTP,False
scen_000028,inc_scen_000028_02,search_node_26,es_01,search_node_26,1,6.47,2026-09-01T00:08:44+00:00,2026-09-01T00:08:50.466746+00:00,HTTP,True
scen_000028,inc_scen_000028_02,gw_01,rec_01,gw_01,0,0.0,2026-09-01T00:08:44+00:00,2026-09-01T00:08:44+00:00,HTTP,False
scen_000028,inc_scen_000028_02,gw_01,search_node_1,gw_01,0,0.0,2026-09-01T00:08:44+00:00,2026-09-01T00:08:44+00:00,HTTP,False
scen_000028,inc_scen_000028_02,gw_01,search_node_2,gw_01,0,0.0,2026-09-01T00:08:44+00:00,2026-09-01T00:08:44+00:00,HTTP,False
scen_000028,inc_scen_000028_02,gw_01,search_node_3,gw_01,0,0.0,2026-09-01T00:08:44+00:00,2026-09-01T00:08:44+00:00,HTTP,False
scen_000028,inc_scen_000028_02,gw_01,search_node_4,gw_01,0,0.0,2026-09-01T00:08:44+00:00,2026-09-01T00:08:44+00:00,HTTP,False
scen_000028,inc_scen_000028_02,gw_01,search_node_5,gw_01,0,0.0,2026-09-01T00:08:44+00:00,2026-09-01T00:08:44+00:00,HTTP,False
scen_000028,inc_scen_000028_02,gw_01,search_node_6,gw_01,0,0.0,2026-09-01T00:08:44+00:00,2026-09-01T00:08:44+00:00,HTTP,False
scen_000028,inc_scen_000028_02,gw_01,search_node_7,gw_01,0,0.0,2026-09-01T00:08:44+00:00,2026-09-01T00:08:44+00:00,HTTP,False
scen_000028,inc_scen_000028_02,gw_01,search_node_8,gw_01,0,0.0,2026-09-01T00:08:44+00:00,2026-09-01T00:08:44+00:00,HTTP,False
scen_000028,inc_scen_000028_02,gw_01,search_node_9,gw_01,0,0.0,2026-09-01T00:08:44+00:00,2026-09-01T00:08:44+00:00,HTTP,False
scen_000028,inc_scen_000028_02,gw_01,search_node_10,gw_01,0,0.0,2026-09-01T00:08:44+00:00,2026-09-01T00:08:44+00:00,HTTP,False
scen_000028,inc_scen_000028_02,gw_01,search_node_11,gw_01,0,0.0,2026-09-01T00:08:44+00:00,2026-09-01T00:08:44+00:00,HTTP,False
scen_000028,inc_scen_000028_02,gw_01,search_node_12,gw_01,0,0.0,2026-09-01T00:08:44+00:00,2026-09-01T00:08:44+00:00,HTTP,False
scen_000028,inc_scen_000028_02,gw_01,search_node_13,gw_01,0,0.0,2026-09-01T00:08:44+00:00,2026-09-01T00:08:44+00:00,HTTP,False
scen_000028,inc_scen_000028_02,gw_01,search_node_14,gw_01,0,0.0,2026-09-01T00:08:44+00:00,2026-09-01T00:08:44+00:00,HTTP,False
scen_000028,inc_scen_000028_02,gw_01,search_node_15,gw_01,0,0.0,2026-09-01T00:08:44+00:00,2026-09-01T00:08:44+00:00,HTTP,False
scen_000028,inc_scen_000028_02,gw_01,search_node_16,gw_01,0,0.0,2026-09-01T00:08:44+00:00,2026-09-01T00:08:44+00:00,HTTP,False
scen_000028,inc_scen_000028_02,gw_01,search_node_17,gw_01,0,0.0,2026-09-01T00:08:44+00:00,2026-09-01T00:08:44+00:00,HTTP,False
scen_000028,inc_scen_000028_02,gw_01,search_node_18,gw_01,0,0.0,2026-09-01T00:08:44+00:00,2026-09-01T00:08:44+00:00,HTTP,False
scen_000028,inc_scen_000028_02,gw_01,search_node_19,gw_01,0,0.0,2026-09-01T00:08:44+00:00,2026-09-01T00:08:44+00:00,HTTP,False
scen_000028,inc_scen_000028_02,gw_01,search_node_20,gw_01,0,0.0,2026-09-01T00:08:44+00:00,2026-09-01T00:08:44+00:00,HTTP,False
scen_000028,inc_scen_000028_02,gw_01,search_node_21,gw_01,0,0.0,2026-09-01T00:08:44+00:00,2026-09-01T00:08:44+00:00,HTTP,False
scen_000028,inc_scen_000028_02,gw_01,search_node_22,gw_01,0,0.0,2026-09-01T00:08:44+00:00,2026-09-01T00:08:44+00:00,HTTP,False
scen_000028,inc_scen_000028_02,gw_01,search_node_23,gw_01,0,0.0,2026-09-01T00:08:44+00:00,2026-09-01T00:08:44+00:00,HTTP,False
scen_000028,inc_scen_000028_02,gw_01,search_node_24,gw_01,0,0.0,2026-09-01T00:08:44+00:00,2026-09-01T00:08:44+00:00,HTTP,False
scen_000028,inc_scen_000028_02,gw_01,search_node_25,gw_01,0,0.0,2026-09-01T00:08:44+00:00,2026-09-01T00:08:44+00:00,HTTP,False
scen_000028,inc_scen_000028_02,gw_01,search_node_26,gw_01,0,0.0,2026-09-01T00:08:44+00:00,2026-09-01T00:08:44+00:00,HTTP,False
scen_000028,inc_scen_000028_02,gw_01,search_node_27,gw_01,0,0.0,2026-09-01T00:08:44+00:00,2026-09-01T00:08:44+00:00,HTTP,False
scen_000028,inc_scen_000028_02,gw_01,search_node_28,gw_01,0,0.0,2026-09-01T00:08:44+00:00,2026-09-01T00:08:44+00:00,HTTP,False
scen_000028,inc_scen_000028_02,gw_01,search_node_29,gw_01,0,0.0,2026-09-01T00:08:44+00:00,2026-09-01T00:08:44+00:00,HTTP,False
scen_000028,inc_scen_000028_02,gw_01,search_node_30,gw_01,0,0.0,2026-09-01T00:08:44+00:00,2026-09-01T00:08:44+00:00,HTTP,False
scen_000028,inc_scen_000028_02,gw_01,search_node_31,gw_01,0,0.0,2026-09-01T00:08:44+00:00,2026-09-01T00:08:44+00:00,HTTP,False
scen_000028,inc_scen_000028_02,gw_01,search_node_32,gw_01,0,0.0,2026-09-01T00:08:44+00:00,2026-09-01T00:08:44+00:00,HTTP,False
scen_000028,inc_scen_000028_02,gw_01,search_node_33,gw_01,0,0.0,2026-09-01T00:08:44+00:00,2026-09-01T00:08:44+00:00,HTTP,False
scen_000028,inc_scen_000028_02,rec_01,redis_01,rec_01,0,0.0,2026-09-01T00:08:44+00:00,2026-09-01T00:08:44+00:00,CACHE,False
scen_000028,inc_scen_000028_02,rec_01,es_01,rec_01,0,0.0,2026-09-01T00:08:44+00:00,2026-09-01T00:08:44+00:00,HTTP,False
scen_000028,inc_scen_000028_02,rec_01,mongo_01,rec_01,0,0.0,2026-09-01T00:08:44+00:00,2026-09-01T00:08:44+00:00,DATABASE,False
scen_000028,inc_scen_000028_02,search_node_1,es_01,search_node_1,0,0.0,2026-09-01T00:08:44+00:00,2026-09-01T00:08:44+00:00,HTTP,False
scen_000028,inc_scen_000028_02,search_node_2,es_01,search_node_2,0,0.0,2026-09-01T00:08:44+00:00,2026-09-01T00:08:44+00:00,HTTP,False
scen_000028,inc_scen_000028_02,search_node_3,es_01,search_node_3,0,0.0,2026-09-01T00:08:44+00:00,2026-09-01T00:08:44+00:00,HTTP,False
scen_000028,inc_scen_000028_02,search_node_4,es_01,search_node_4,0,0.0,2026-09-01T00:08:44+00:00,2026-09-01T00:08:44+00:00,HTTP,False
scen_000028,inc_scen_000028_02,search_node_5,es_01,search_node_5,0,0.0,2026-09-01T00:08:44+00:00,2026-09-01T00:08:44+00:00,HTTP,False
scen_000028,inc_scen_000028_02,search_node_6,es_01,search_node_6,0,0.0,2026-09-01T00:08:44+00:00,2026-09-01T00:08:44+00:00,HTTP,False
scen_000028,inc_scen_000028_02,search_node_7,es_01,search_node_7,0,0.0,2026-09-01T00:08:44+00:00,2026-09-01T00:08:44+00:00,HTTP,False
scen_000028,inc_scen_000028_02,search_node_8,es_01,search_node_8,0,0.0,2026-09-01T00:08:44+00:00,2026-09-01T00:08:44+00:00,HTTP,False
scen_000028,inc_scen_000028_02,search_node_9,es_01,search_node_9,0,0.0,2026-09-01T00:08:44+00:00,2026-09-01T00:08:44+00:00,HTTP,False
scen_000028,inc_scen_000028_02,search_node_10,es_01,search_node_10,0,0.0,2026-09-01T00:08:44+00:00,2026-09-01T00:08:44+00:00,HTTP,False
scen_000028,inc_scen_000028_02,search_node_11,es_01,search_node_11,0,0.0,2026-09-01T00:08:44+00:00,2026-09-01T00:08:44+00:00,HTTP,False
scen_000028,inc_scen_000028_02,search_node_12,es_01,search_node_12,0,0.0,2026-09-01T00:08:44+00:00,2026-09-01T00:08:44+00:00,HTTP,False
scen_000028,inc_scen_000028_02,search_node_13,es_01,search_node_13,0,0.0,2026-09-01T00:08:44+00:00,2026-09-01T00:08:44+00:00,HTTP,False
scen_000028,inc_scen_000028_02,search_node_14,es_01,search_node_14,0,0.0,2026-09-01T00:08:44+00:00,2026-09-01T00:08:44+00:00,HTTP,False
scen_000028,inc_scen_000028_02,search_node_15,es_01,search_node_15,0,0.0,2026-09-01T00:08:44+00:00,2026-09-01T00:08:44+00:00,HTTP,False
scen_000028,inc_scen_000028_02,search_node_16,es_01,search_node_16,0,0.0,2026-09-01T00:08:44+00:00,2026-09-01T00:08:44+00:00,HTTP,False
scen_000028,inc_scen_000028_02,search_node_17,es_01,search_node_17,0,0.0,2026-09-01T00:08:44+00:00,2026-09-01T00:08:44+00:00,HTTP,False
scen_000028,inc_scen_000028_02,search_node_18,es_01,search_node_18,0,0.0,2026-09-01T00:08:44+00:00,2026-09-01T00:08:44+00:00,HTTP,False
scen_000028,inc_scen_000028_02,search_node_19,es_01,search_node_19,0,0.0,2026-09-01T00:08:44+00:00,2026-09-01T00:08:44+00:00,HTTP,False
scen_000028,inc_scen_000028_02,search_node_20,es_01,search_node_20,0,0.0,2026-09-01T00:08:44+00:00,2026-09-01T00:08:44+00:00,HTTP,False
scen_000028,inc_scen_000028_02,search_node_21,es_01,search_node_21,0,0.0,2026-09-01T00:08:44+00:00,2026-09-01T00:08:44+00:00,HTTP,False
scen_000028,inc_scen_000028_02,search_node_22,es_01,search_node_22,0,0.0,2026-09-01T00:08:44+00:00,2026-09-01T00:08:44+00:00,HTTP,False
scen_000028,inc_scen_000028_02,search_node_23,es_01,search_node_23,0,0.0,2026-09-01T00:08:44+00:00,2026-09-01T00:08:44+00:00,HTTP,False
scen_000028,inc_scen_000028_02,search_node_24,es_01,search_node_24,0,0.0,2026-09-01T00:08:44+00:00,2026-09-01T00:08:44+00:00,HTTP,False
scen_000028,inc_scen_000028_02,search_node_25,es_01,search_node_25,0,0.0,2026-09-01T00:08:44+00:00,2026-09-01T00:08:44+00:00,HTTP,False
scen_000028,inc_scen_000028_02,search_node_27,es_01,search_node_27,0,0.0,2026-09-01T00:08:44+00:00,2026-09-01T00:08:44+00:00,HTTP,False
scen_000028,inc_scen_000028_02,search_node_28,es_01,search_node_28,0,0.0,2026-09-01T00:08:44+00:00,2026-09-01T00:08:44+00:00,HTTP,False
scen_000028,inc_scen_000028_02,search_node_29,es_01,search_node_29,0,0.0,2026-09-01T00:08:44+00:00,2026-09-01T00:08:44+00:00,HTTP,False
scen_000028,inc_scen_000028_02,search_node_30,es_01,search_node_30,0,0.0,2026-09-01T00:08:44+00:00,2026-09-01T00:08:44+00:00,HTTP,False
scen_000028,inc_scen_000028_02,search_node_31,es_01,search_node_31,0,0.0,2026-09-01T00:08:44+00:00,2026-09-01T00:08:44+00:00,HTTP,False
scen_000028,inc_scen_000028_02,search_node_32,es_01,search_node_32,0,0.0,2026-09-01T00:08:44+00:00,2026-09-01T00:08:44+00:00,HTTP,False
scen_000028,inc_scen_000028_02,search_node_33,es_01,search_node_33,0,0.0,2026-09-01T00:08:44+00:00,2026-09-01T00:08:44+00:00,HTTP,False
scen_000029,inc_scen_000029_01,node_03,node_07,node_03,1,4.76,2026-09-01T00:05:00+00:00,2026-09-01T00:05:04.757299+00:00,CACHE,True
scen_000029,inc_scen_000029_01,node_07,node_08,node_07,2,10.29,2026-09-01T00:05:04.757299+00:00,2026-09-01T00:05:15.051335+00:00,MESSAGE_QUEUE,True
scen_000029,inc_scen_000029_01,node_07,node_11,node_07,2,4.23,2026-09-01T00:05:04.757299+00:00,2026-09-01T00:05:08.983321+00:00,STORAGE,True
scen_000029,inc_scen_000029_01,node_07,node_15,node_07,2,10.68,2026-09-01T00:05:04.757299+00:00,2026-09-01T00:05:15.432566+00:00,MESSAGE_QUEUE,True
scen_000029,inc_scen_000029_01,node_08,node_10,node_08,3,12.64,2026-09-01T00:05:15.051335+00:00,2026-09-01T00:05:27.687178+00:00,HTTP,True
scen_000029,inc_scen_000029_01,node_08,node_13,node_08,3,5.64,2026-09-01T00:05:15.051335+00:00,2026-09-01T00:05:20.686389+00:00,TCP,True
scen_000029,inc_scen_000029_01,node_08,node_23,node_08,3,7.42,2026-09-01T00:05:15.051335+00:00,2026-09-01T00:05:22.466931+00:00,STORAGE,True
scen_000029,inc_scen_000029_01,node_11,node_24,node_11,3,11.28,2026-09-01T00:05:08.983321+00:00,2026-09-01T00:05:20.265070+00:00,DATABASE,True
scen_000029,inc_scen_000029_01,node_11,node_19,node_11,3,18.55,2026-09-01T00:05:08.983321+00:00,2026-09-01T00:05:27.530491+00:00,MESSAGE_QUEUE,True
scen_000029,inc_scen_000029_01,node_10,node_16,node_10,4,5.69,2026-09-01T00:05:27.687178+00:00,2026-09-01T00:05:33.381139+00:00,DNS,True
scen_000029,inc_scen_000029_01,node_13,node_20,node_13,4,8.56,2026-09-01T00:05:20.686389+00:00,2026-09-01T00:05:29.247508+00:00,CACHE,True
scen_000029,inc_scen_000029_01,node_13,node_04,node_13,4,7.39,2026-09-01T00:05:20.686389+00:00,2026-09-01T00:05:28.079652+00:00,HTTP,True
scen_000029,inc_scen_000029_01,node_23,node_09,node_23,4,5.6,2026-09-01T00:05:22.466931+00:00,2026-09-01T00:05:28.065702+00:00,MESSAGE_QUEUE,True
scen_000029,inc_scen_000029_01,node_23,node_06,node_23,4,11.79,2026-09-01T00:05:22.466931+00:00,2026-09-01T00:05:34.254107+00:00,TCP,True
scen_000029,inc_scen_000029_01,node_24,node_14,node_24,4,14.47,2026-09-01T00:05:20.265070+00:00,2026-09-01T00:05:34.735074+00:00,DATABASE,True
scen_000029,inc_scen_000029_01,node_20,node_22,node_20,5,6.86,2026-09-01T00:05:29.247508+00:00,2026-09-01T00:05:36.107213+00:00,STORAGE,True
scen_000029,inc_scen_000029_01,node_20,node_02,node_20,5,8.92,2026-09-01T00:05:29.247508+00:00,2026-09-01T00:05:38.172341+00:00,HTTP,True
scen_000029,inc_scen_000029_01,node_04,node_05,node_04,5,3.35,2026-09-01T00:05:28.079652+00:00,2026-09-01T00:05:31.427667+00:00,CACHE,True
scen_000029,inc_scen_000029_01,node_04,node_12,node_04,5,13.62,2026-09-01T00:05:28.079652+00:00,2026-09-01T00:05:41.697749+00:00,DNS,True
scen_000029,inc_scen_000029_01,node_09,node_18,node_09,5,15.6,2026-09-01T00:05:28.065702+00:00,2026-09-01T00:05:43.667096+00:00,CACHE,True
scen_000029,inc_scen_000029_01,node_00,node_01,node_00,0,0.0,2026-09-01T00:05:00+00:00,2026-09-01T00:05:00+00:00,CACHE,False
scen_000029,inc_scen_000029_01,node_00,node_02,node_00,0,0.0,2026-09-01T00:05:00+00:00,2026-09-01T00:05:00+00:00,DNS,False
scen_000029,inc_scen_000029_01,node_00,node_14,node_00,0,0.0,2026-09-01T00:05:00+00:00,2026-09-01T00:05:00+00:00,MESSAGE_QUEUE,False
scen_000029,inc_scen_000029_01,node_00,node_20,node_00,0,0.0,2026-09-01T00:05:00+00:00,2026-09-01T00:05:00+00:00,MESSAGE_QUEUE,False
scen_000029,inc_scen_000029_01,node_01,node_04,node_01,0,0.0,2026-09-01T00:05:00+00:00,2026-09-01T00:05:00+00:00,TCP,False
scen_000029,inc_scen_000029_01,node_01,node_21,node_01,0,0.0,2026-09-01T00:05:00+00:00,2026-09-01T00:05:00+00:00,STORAGE,False
scen_000029,inc_scen_000029_01,node_01,node_10,node_01,0,0.0,2026-09-01T00:05:00+00:00,2026-09-01T00:05:00+00:00,DATABASE,False
scen_000029,inc_scen_000029_01,node_02,node_17,node_02,0,0.0,2026-09-01T00:05:00+00:00,2026-09-01T00:05:00+00:00,STORAGE,False
scen_000029,inc_scen_000029_01,node_17,node_22,node_17,0,0.0,2026-09-01T00:05:00+00:00,2026-09-01T00:05:00+00:00,STORAGE,False
scen_000029,inc_scen_000029_01,node_17,node_24,node_17,0,0.0,2026-09-01T00:05:00+00:00,2026-09-01T00:05:00+00:00,DNS,False
scen_000029,inc_scen_000029_01,node_17,node_06,node_17,0,0.0,2026-09-01T00:05:00+00:00,2026-09-01T00:05:00+00:00,DATABASE,False
scen_000029,inc_scen_000029_02,node_00,node_01,node_00,0,0.0,2026-09-01T00:06:00+00:00,2026-09-01T00:06:00+00:00,CACHE,False
scen_000029,inc_scen_000029_02,node_00,node_02,node_00,0,0.0,2026-09-01T00:06:00+00:00,2026-09-01T00:06:00+00:00,DNS,False
scen_000029,inc_scen_000029_02,node_00,node_14,node_00,0,0.0,2026-09-01T00:06:00+00:00,2026-09-01T00:06:00+00:00,MESSAGE_QUEUE,False
scen_000029,inc_scen_000029_02,node_00,node_20,node_00,0,0.0,2026-09-01T00:06:00+00:00,2026-09-01T00:06:00+00:00,MESSAGE_QUEUE,False
scen_000029,inc_scen_000029_02,node_01,node_04,node_01,0,0.0,2026-09-01T00:06:00+00:00,2026-09-01T00:06:00+00:00,TCP,False
scen_000029,inc_scen_000029_02,node_01,node_21,node_01,0,0.0,2026-09-01T00:06:00+00:00,2026-09-01T00:06:00+00:00,STORAGE,False
scen_000029,inc_scen_000029_02,node_01,node_10,node_01,0,0.0,2026-09-01T00:06:00+00:00,2026-09-01T00:06:00+00:00,DATABASE,False
scen_000029,inc_scen_000029_02,node_02,node_03,node_02,0,0.0,2026-09-01T00:06:00+00:00,2026-09-01T00:06:00+00:00,CACHE,False
scen_000029,inc_scen_000029_02,node_02,node_06,node_02,0,0.0,2026-09-01T00:06:00+00:00,2026-09-01T00:06:00+00:00,MESSAGE_QUEUE,False
scen_000029,inc_scen_000029_02,node_02,node_09,node_02,0,0.0,2026-09-01T00:06:00+00:00,2026-09-01T00:06:00+00:00,HTTP,False
scen_000029,inc_scen_000029_02,node_02,node_17,node_02,0,0.0,2026-09-01T00:06:00+00:00,2026-09-01T00:06:00+00:00,STORAGE,False
scen_000029,inc_scen_000029_02,node_03,node_07,node_03,0,0.0,2026-09-01T00:06:00+00:00,2026-09-01T00:06:00+00:00,CACHE,False
scen_000029,inc_scen_000029_02,node_04,node_05,node_04,0,0.0,2026-09-01T00:06:00+00:00,2026-09-01T00:06:00+00:00,CACHE,False
scen_000029,inc_scen_000029_02,node_04,node_07,node_04,0,0.0,2026-09-01T00:06:00+00:00,2026-09-01T00:06:00+00:00,MESSAGE_QUEUE,False
scen_000029,inc_scen_000029_02,node_04,node_12,node_04,0,0.0,2026-09-01T00:06:00+00:00,2026-09-01T00:06:00+00:00,DNS,False
scen_000029,inc_scen_000029_02,node_04,node_19,node_04,0,0.0,2026-09-01T00:06:00+00:00,2026-09-01T00:06:00+00:00,DNS,False
scen_000029,inc_scen_000029_02,node_05,node_14,node_05,0,0.0,2026-09-01T00:06:00+00:00,2026-09-01T00:06:00+00:00,MESSAGE_QUEUE,False
scen_000029,inc_scen_000029_02,node_05,node_09,node_05,0,0.0,2026-09-01T00:06:00+00:00,2026-09-01T00:06:00+00:00,DNS,False
scen_000029,inc_scen_000029_02,node_07,node_08,node_07,0,0.0,2026-09-01T00:06:00+00:00,2026-09-01T00:06:00+00:00,MESSAGE_QUEUE,False
scen_000029,inc_scen_000029_02,node_07,node_11,node_07,0,0.0,2026-09-01T00:06:00+00:00,2026-09-01T00:06:00+00:00,STORAGE,False
scen_000029,inc_scen_000029_02,node_07,node_15,node_07,0,0.0,2026-09-01T00:06:00+00:00,2026-09-01T00:06:00+00:00,MESSAGE_QUEUE,False
scen_000029,inc_scen_000029_02,node_08,node_10,node_08,0,0.0,2026-09-01T00:06:00+00:00,2026-09-01T00:06:00+00:00,HTTP,False
scen_000029,inc_scen_000029_02,node_08,node_13,node_08,0,0.0,2026-09-01T00:06:00+00:00,2026-09-01T00:06:00+00:00,TCP,False
scen_000029,inc_scen_000029_02,node_08,node_23,node_08,0,0.0,2026-09-01T00:06:00+00:00,2026-09-01T00:06:00+00:00,STORAGE,False
scen_000029,inc_scen_000029_02,node_09,node_18,node_09,0,0.0,2026-09-01T00:06:00+00:00,2026-09-01T00:06:00+00:00,CACHE,False
scen_000029,inc_scen_000029_02,node_09,node_03,node_09,0,0.0,2026-09-01T00:06:00+00:00,2026-09-01T00:06:00+00:00,MESSAGE_QUEUE,False
scen_000029,inc_scen_000029_02,node_10,node_16,node_10,0,0.0,2026-09-01T00:06:00+00:00,2026-09-01T00:06:00+00:00,DNS,False
scen_000029,inc_scen_000029_02,node_11,node_24,node_11,0,0.0,2026-09-01T00:06:00+00:00,2026-09-01T00:06:00+00:00,DATABASE,False
scen_000029,inc_scen_000029_02,node_11,node_19,node_11,0,0.0,2026-09-01T00:06:00+00:00,2026-09-01T00:06:00+00:00,MESSAGE_QUEUE,False
scen_000029,inc_scen_000029_02,node_13,node_20,node_13,0,0.0,2026-09-01T00:06:00+00:00,2026-09-01T00:06:00+00:00,CACHE,False
scen_000029,inc_scen_000029_02,node_13,node_04,node_13,0,0.0,2026-09-01T00:06:00+00:00,2026-09-01T00:06:00+00:00,HTTP,False
scen_000029,inc_scen_000029_02,node_14,node_12,node_14,0,0.0,2026-09-01T00:06:00+00:00,2026-09-01T00:06:00+00:00,DATABASE,False
scen_000029,inc_scen_000029_02,node_15,node_07,node_15,0,0.0,2026-09-01T00:06:00+00:00,2026-09-01T00:06:00+00:00,CACHE,False
scen_000029,inc_scen_000029_02,node_16,node_13,node_16,0,0.0,2026-09-01T00:06:00+00:00,2026-09-01T00:06:00+00:00,TCP,False
scen_000029,inc_scen_000029_02,node_17,node_22,node_17,0,0.0,2026-09-01T00:06:00+00:00,2026-09-01T00:06:00+00:00,STORAGE,False
scen_000029,inc_scen_000029_02,node_17,node_24,node_17,0,0.0,2026-09-01T00:06:00+00:00,2026-09-01T00:06:00+00:00,DNS,False
scen_000029,inc_scen_000029_02,node_17,node_06,node_17,0,0.0,2026-09-01T00:06:00+00:00,2026-09-01T00:06:00+00:00,DATABASE,False
scen_000029,inc_scen_000029_02,node_18,node_06,node_18,0,0.0,2026-09-01T00:06:00+00:00,2026-09-01T00:06:00+00:00,TCP,False
scen_000029,inc_scen_000029_02,node_18,node_09,node_18,0,0.0,2026-09-01T00:06:00+00:00,2026-09-01T00:06:00+00:00,MESSAGE_QUEUE,False
scen_000029,inc_scen_000029_02,node_20,node_22,node_20,0,0.0,2026-09-01T00:06:00+00:00,2026-09-01T00:06:00+00:00,STORAGE,False
scen_000029,inc_scen_000029_02,node_20,node_02,node_20,0,0.0,2026-09-01T00:06:00+00:00,2026-09-01T00:06:00+00:00,HTTP,False
scen_000029,inc_scen_000029_02,node_20,node_09,node_20,0,0.0,2026-09-01T00:06:00+00:00,2026-09-01T00:06:00+00:00,DATABASE,False
scen_000029,inc_scen_000029_02,node_22,node_16,node_22,0,0.0,2026-09-01T00:06:00+00:00,2026-09-01T00:06:00+00:00,HTTP,False
scen_000029,inc_scen_000029_02,node_22,node_19,node_22,0,0.0,2026-09-01T00:06:00+00:00,2026-09-01T00:06:00+00:00,HTTP,False
scen_000029,inc_scen_000029_02,node_23,node_09,node_23,0,0.0,2026-09-01T00:06:00+00:00,2026-09-01T00:06:00+00:00,MESSAGE_QUEUE,False
scen_000029,inc_scen_000029_02,node_23,node_06,node_23,0,0.0,2026-09-01T00:06:00+00:00,2026-09-01T00:06:00+00:00,TCP,False
scen_000029,inc_scen_000029_02,node_24,node_14,node_24,0,0.0,2026-09-01T00:06:00+00:00,2026-09-01T00:06:00+00:00,DATABASE,False
scen_000030,inc_scen_000030_01,consumer_1,db_event,consumer_1,1,30.57,2026-09-01T00:05:00+00:00,2026-09-01T00:05:30.568718+00:00,DATABASE,True
scen_000030,inc_scen_000030_01,ingest_01,kafka_broker,ingest_01,0,0.0,2026-09-01T00:05:00+00:00,2026-09-01T00:05:00+00:00,MESSAGE_QUEUE,False
scen_000030,inc_scen_000030_01,kafka_broker,notif_01,kafka_broker,0,0.0,2026-09-01T00:05:00+00:00,2026-09-01T00:05:00+00:00,MESSAGE_QUEUE,False
scen_000030,inc_scen_000030_01,kafka_broker,user_01,kafka_broker,0,0.0,2026-09-01T00:05:00+00:00,2026-09-01T00:05:00+00:00,MESSAGE_QUEUE,False
scen_000030,inc_scen_000030_01,kafka_broker,consumer_1,kafka_broker,0,0.0,2026-09-01T00:05:00+00:00,2026-09-01T00:05:00+00:00,MESSAGE_QUEUE,False
scen_000030,inc_scen_000030_01,kafka_broker,consumer_2,kafka_broker,0,0.0,2026-09-01T00:05:00+00:00,2026-09-01T00:05:00+00:00,MESSAGE_QUEUE,False
scen_000030,inc_scen_000030_01,kafka_broker,consumer_3,kafka_broker,0,0.0,2026-09-01T00:05:00+00:00,2026-09-01T00:05:00+00:00,MESSAGE_QUEUE,False
scen_000030,inc_scen_000030_01,kafka_broker,consumer_4,kafka_broker,0,0.0,2026-09-01T00:05:00+00:00,2026-09-01T00:05:00+00:00,MESSAGE_QUEUE,False
scen_000030,inc_scen_000030_01,kafka_broker,consumer_5,kafka_broker,0,0.0,2026-09-01T00:05:00+00:00,2026-09-01T00:05:00+00:00,MESSAGE_QUEUE,False
scen_000030,inc_scen_000030_01,kafka_broker,consumer_6,kafka_broker,0,0.0,2026-09-01T00:05:00+00:00,2026-09-01T00:05:00+00:00,MESSAGE_QUEUE,False
scen_000030,inc_scen_000030_01,kafka_broker,consumer_7,kafka_broker,0,0.0,2026-09-01T00:05:00+00:00,2026-09-01T00:05:00+00:00,MESSAGE_QUEUE,False
scen_000030,inc_scen_000030_01,notif_01,db_event,notif_01,0,0.0,2026-09-01T00:05:00+00:00,2026-09-01T00:05:00+00:00,DATABASE,False
scen_000030,inc_scen_000030_01,consumer_2,db_event,consumer_2,0,0.0,2026-09-01T00:05:00+00:00,2026-09-01T00:05:00+00:00,DATABASE,False
scen_000030,inc_scen_000030_01,consumer_3,db_event,consumer_3,0,0.0,2026-09-01T00:05:00+00:00,2026-09-01T00:05:00+00:00,DATABASE,False
scen_000030,inc_scen_000030_01,consumer_4,db_event,consumer_4,0,0.0,2026-09-01T00:05:00+00:00,2026-09-01T00:05:00+00:00,DATABASE,False
scen_000030,inc_scen_000030_01,consumer_5,db_event,consumer_5,0,0.0,2026-09-01T00:05:00+00:00,2026-09-01T00:05:00+00:00,DATABASE,False
scen_000030,inc_scen_000030_01,consumer_6,db_event,consumer_6,0,0.0,2026-09-01T00:05:00+00:00,2026-09-01T00:05:00+00:00,DATABASE,False
scen_000030,inc_scen_000030_01,consumer_7,db_event,consumer_7,0,0.0,2026-09-01T00:05:00+00:00,2026-09-01T00:05:00+00:00,DATABASE,False
scen_000030,inc_scen_000030_02,consumer_5,db_event,consumer_5,1,7.22,2026-09-01T00:09:34+00:00,2026-09-01T00:09:41.223798+00:00,DATABASE,True
scen_000030,inc_scen_000030_02,ingest_01,kafka_broker,ingest_01,0,0.0,2026-09-01T00:09:34+00:00,2026-09-01T00:09:34+00:00,MESSAGE_QUEUE,False
scen_000030,inc_scen_000030_02,kafka_broker,notif_01,kafka_broker,0,0.0,2026-09-01T00:09:34+00:00,2026-09-01T00:09:34+00:00,MESSAGE_QUEUE,False
scen_000030,inc_scen_000030_02,kafka_broker,user_01,kafka_broker,0,0.0,2026-09-01T00:09:34+00:00,2026-09-01T00:09:34+00:00,MESSAGE_QUEUE,False
scen_000030,inc_scen_000030_02,kafka_broker,consumer_1,kafka_broker,0,0.0,2026-09-01T00:09:34+00:00,2026-09-01T00:09:34+00:00,MESSAGE_QUEUE,False
scen_000030,inc_scen_000030_02,kafka_broker,consumer_2,kafka_broker,0,0.0,2026-09-01T00:09:34+00:00,2026-09-01T00:09:34+00:00,MESSAGE_QUEUE,False
scen_000030,inc_scen_000030_02,kafka_broker,consumer_3,kafka_broker,0,0.0,2026-09-01T00:09:34+00:00,2026-09-01T00:09:34+00:00,MESSAGE_QUEUE,False
scen_000030,inc_scen_000030_02,kafka_broker,consumer_4,kafka_broker,0,0.0,2026-09-01T00:09:34+00:00,2026-09-01T00:09:34+00:00,MESSAGE_QUEUE,False
scen_000030,inc_scen_000030_02,kafka_broker,consumer_5,kafka_broker,0,0.0,2026-09-01T00:09:34+00:00,2026-09-01T00:09:34+00:00,MESSAGE_QUEUE,False
scen_000030,inc_scen_000030_02,kafka_broker,consumer_6,kafka_broker,0,0.0,2026-09-01T00:09:34+00:00,2026-09-01T00:09:34+00:00,MESSAGE_QUEUE,False
scen_000030,inc_scen_000030_02,kafka_broker,consumer_7,kafka_broker,0,0.0,2026-09-01T00:09:34+00:00,2026-09-01T00:09:34+00:00,MESSAGE_QUEUE,False
scen_000030,inc_scen_000030_02,notif_01,db_event,notif_01,0,0.0,2026-09-01T00:09:34+00:00,2026-09-01T00:09:34+00:00,DATABASE,False
scen_000030,inc_scen_000030_02,consumer_1,db_event,consumer_1,0,0.0,2026-09-01T00:09:34+00:00,2026-09-01T00:09:34+00:00,DATABASE,False
scen_000030,inc_scen_000030_02,consumer_2,db_event,consumer_2,0,0.0,2026-09-01T00:09:34+00:00,2026-09-01T00:09:34+00:00,DATABASE,False
scen_000030,inc_scen_000030_02,consumer_3,db_event,consumer_3,0,0.0,2026-09-01T00:09:34+00:00,2026-09-01T00:09:34+00:00,DATABASE,False
scen_000030,inc_scen_000030_02,consumer_4,db_event,consumer_4,0,0.0,2026-09-01T00:09:34+00:00,2026-09-01T00:09:34+00:00,DATABASE,False
scen_000030,inc_scen_000030_02,consumer_6,db_event,consumer_6,0,0.0,2026-09-01T00:09:34+00:00,2026-09-01T00:09:34+00:00,DATABASE,False
scen_000030,inc_scen_000030_02,consumer_7,db_event,consumer_7,0,0.0,2026-09-01T00:09:34+00:00,2026-09-01T00:09:34+00:00,DATABASE,False
scen_000031,inc_scen_000031_01,node_15,node_14,node_15,1,2.64,2026-09-01T00:05:00+00:00,2026-09-01T00:05:02.640117+00:00,HTTP,True
scen_000031,inc_scen_000031_01,node_00,node_01,node_00,0,0.0,2026-09-01T00:05:00+00:00,2026-09-01T00:05:00+00:00,DNS,False
scen_000031,inc_scen_000031_01,node_00,node_03,node_00,0,0.0,2026-09-01T00:05:00+00:00,2026-09-01T00:05:00+00:00,STORAGE,False
scen_000031,inc_scen_000031_01,node_00,node_05,node_00,0,0.0,2026-09-01T00:05:00+00:00,2026-09-01T00:05:00+00:00,TCP,False
scen_000031,inc_scen_000031_01,node_00,node_25,node_00,0,0.0,2026-09-01T00:05:00+00:00,2026-09-01T00:05:00+00:00,STORAGE,False
scen_000031,inc_scen_000031_01,node_01,node_02,node_01,0,0.0,2026-09-01T00:05:00+00:00,2026-09-01T00:05:00+00:00,HTTP,False
scen_000031,inc_scen_000031_01,node_01,node_08,node_01,0,0.0,2026-09-01T00:05:00+00:00,2026-09-01T00:05:00+00:00,DNS,False
scen_000031,inc_scen_000031_01,node_03,node_04,node_03,0,0.0,2026-09-01T00:05:00+00:00,2026-09-01T00:05:00+00:00,CACHE,False
scen_000031,inc_scen_000031_01,node_03,node_06,node_03,0,0.0,2026-09-01T00:05:00+00:00,2026-09-01T00:05:00+00:00,MESSAGE_QUEUE,False
scen_000031,inc_scen_000031_01,node_03,node_11,node_03,0,0.0,2026-09-01T00:05:00+00:00,2026-09-01T00:05:00+00:00,HTTP,False
scen_000031,inc_scen_000031_01,node_03,node_17,node_03,0,0.0,2026-09-01T00:05:00+00:00,2026-09-01T00:05:00+00:00,MESSAGE_QUEUE,False
scen_000031,inc_scen_000031_01,node_04,node_08,node_04,0,0.0,2026-09-01T00:05:00+00:00,2026-09-01T00:05:00+00:00,STORAGE,False
scen_000031,inc_scen_000031_01,node_05,node_07,node_05,0,0.0,2026-09-01T00:05:00+00:00,2026-09-01T00:05:00+00:00,DNS,False
scen_000031,inc_scen_000031_01,node_05,node_16,node_05,0,0.0,2026-09-01T00:05:00+00:00,2026-09-01T00:05:00+00:00,MESSAGE_QUEUE,False
scen_000031,inc_scen_000031_01,node_05,node_09,node_05,0,0.0,2026-09-01T00:05:00+00:00,2026-09-01T00:05:00+00:00,MESSAGE_QUEUE,False
scen_000031,inc_scen_000031_01,node_06,node_09,node_06,0,0.0,2026-09-01T00:05:00+00:00,2026-09-01T00:05:00+00:00,CACHE,False
scen_000031,inc_scen_000031_01,node_06,node_13,node_06,0,0.0,2026-09-01T00:05:00+00:00,2026-09-01T00:05:00+00:00,HTTP,False
scen_000031,inc_scen_000031_01,node_06,node_16,node_06,0,0.0,2026-09-01T00:05:00+00:00,2026-09-01T00:05:00+00:00,DNS,False
scen_000031,inc_scen_000031_01,node_07,node_12,node_07,0,0.0,2026-09-01T00:05:00+00:00,2026-09-01T00:05:00+00:00,DATABASE,False
scen_000031,inc_scen_000031_01,node_07,node_14,node_07,0,0.0,2026-09-01T00:05:00+00:00,2026-09-01T00:05:00+00:00,DNS,False
scen_000031,inc_scen_000031_01,node_07,node_20,node_07,0,0.0,2026-09-01T00:05:00+00:00,2026-09-01T00:05:00+00:00,DNS,False
scen_000031,inc_scen_000031_01,node_08,node_10,node_08,0,0.0,2026-09-01T00:05:00+00:00,2026-09-01T00:05:00+00:00,MESSAGE_QUEUE,False
scen_000031,inc_scen_000031_01,node_08,node_05,node_08,0,0.0,2026-09-01T00:05:00+00:00,2026-09-01T00:05:00+00:00,HTTP,False
scen_000031,inc_scen_000031_01,node_09,node_18,node_09,0,0.0,2026-09-01T00:05:00+00:00,2026-09-01T00:05:00+00:00,MESSAGE_QUEUE,False
scen_000031,inc_scen_000031_01,node_09,node_05,node_09,0,0.0,2026-09-01T00:05:00+00:00,2026-09-01T00:05:00+00:00,TCP,False
scen_000031,inc_scen_000031_01,node_09,node_22,node_09,0,0.0,2026-09-01T00:05:00+00:00,2026-09-01T00:05:00+00:00,STORAGE,False
scen_000031,inc_scen_000031_01,node_10,node_20,node_10,0,0.0,2026-09-01T00:05:00+00:00,2026-09-01T00:05:00+00:00,TCP,False
scen_000031,inc_scen_000031_01,node_10,node_00,node_10,0,0.0,2026-09-01T00:05:00+00:00,2026-09-01T00:05:00+00:00,DATABASE,False
scen_000031,inc_scen_000031_01,node_11,node_14,node_11,0,0.0,2026-09-01T00:05:00+00:00,2026-09-01T00:05:00+00:00,DNS,False
scen_000031,inc_scen_000031_01,node_11,node_20,node_11,0,0.0,2026-09-01T00:05:00+00:00,2026-09-01T00:05:00+00:00,CACHE,False
scen_000031,inc_scen_000031_01,node_11,node_22,node_11,0,0.0,2026-09-01T00:05:00+00:00,2026-09-01T00:05:00+00:00,CACHE,False
scen_000031,inc_scen_000031_01,node_12,node_19,node_12,0,0.0,2026-09-01T00:05:00+00:00,2026-09-01T00:05:00+00:00,DATABASE,False
scen_000031,inc_scen_000031_01,node_13,node_15,node_13,0,0.0,2026-09-01T00:05:00+00:00,2026-09-01T00:05:00+00:00,HTTP,False
scen_000031,inc_scen_000031_01,node_13,node_23,node_13,0,0.0,2026-09-01T00:05:00+00:00,2026-09-01T00:05:00+00:00,HTTP,False
scen_000031,inc_scen_000031_01,node_16,node_02,node_16,0,0.0,2026-09-01T00:05:00+00:00,2026-09-01T00:05:00+00:00,DATABASE,False
scen_000031,inc_scen_000031_01,node_16,node_00,node_16,0,0.0,2026-09-01T00:05:00+00:00,2026-09-01T00:05:00+00:00,DNS,False
scen_000031,inc_scen_000031_01,node_17,node_24,node_17,0,0.0,2026-09-01T00:05:00+00:00,2026-09-01T00:05:00+00:00,HTTP,False
scen_000031,inc_scen_000031_01,node_17,node_21,node_17,0,0.0,2026-09-01T00:05:00+00:00,2026-09-01T00:05:00+00:00,DATABASE,False
scen_000031,inc_scen_000031_01,node_17,node_25,node_17,0,0.0,2026-09-01T00:05:00+00:00,2026-09-01T00:05:00+00:00,DATABASE,False
scen_000031,inc_scen_000031_01,node_18,node_19,node_18,0,0.0,2026-09-01T00:05:00+00:00,2026-09-01T00:05:00+00:00,CACHE,False
scen_000031,inc_scen_000031_01,node_18,node_14,node_18,0,0.0,2026-09-01T00:05:00+00:00,2026-09-01T00:05:00+00:00,CACHE,False
scen_000031,inc_scen_000031_01,node_19,node_21,node_19,0,0.0,2026-09-01T00:05:00+00:00,2026-09-01T00:05:00+00:00,DNS,False
scen_000031,inc_scen_000031_01,node_19,node_24,node_19,0,0.0,2026-09-01T00:05:00+00:00,2026-09-01T00:05:00+00:00,MESSAGE_QUEUE,False
scen_000031,inc_scen_000031_01,node_19,node_11,node_19,0,0.0,2026-09-01T00:05:00+00:00,2026-09-01T00:05:00+00:00,TCP,False
scen_000031,inc_scen_000031_01,node_19,node_20,node_19,0,0.0,2026-09-01T00:05:00+00:00,2026-09-01T00:05:00+00:00,TCP,False
scen_000031,inc_scen_000031_01,node_20,node_16,node_20,0,0.0,2026-09-01T00:05:00+00:00,2026-09-01T00:05:00+00:00,TCP,False
scen_000031,inc_scen_000031_01,node_20,node_23,node_20,0,0.0,2026-09-01T00:05:00+00:00,2026-09-01T00:05:00+00:00,HTTP,False
scen_000031,inc_scen_000031_01,node_22,node_10,node_22,0,0.0,2026-09-01T00:05:00+00:00,2026-09-01T00:05:00+00:00,STORAGE,False
scen_000032,inc_scen_000032_01,node_17,node_18,node_17,1,17.83,2026-09-01T00:05:00+00:00,2026-09-01T00:05:17.830648+00:00,CACHE,True
scen_000032,inc_scen_000032_01,node_17,node_08,node_17,1,5.78,2026-09-01T00:05:00+00:00,2026-09-01T00:05:05.783090+00:00,HTTP,True
scen_000032,inc_scen_000032_01,node_17,node_09,node_17,1,5.37,2026-09-01T00:05:00+00:00,2026-09-01T00:05:05.366356+00:00,HTTP,True
scen_000032,inc_scen_000032_01,node_18,node_15,node_18,2,8.47,2026-09-01T00:05:17.830648+00:00,2026-09-01T00:05:26.302476+00:00,STORAGE,True
scen_000032,inc_scen_000032_01,node_08,node_13,node_08,2,4.33,2026-09-01T00:05:05.783090+00:00,2026-09-01T00:05:10.117745+00:00,CACHE,True
scen_000032,inc_scen_000032_01,node_15,node_16,node_15,3,11.49,2026-09-01T00:05:26.302476+00:00,2026-09-01T00:05:37.792709+00:00,DATABASE,True
scen_000032,inc_scen_000032_01,node_15,node_12,node_15,3,19.22,2026-09-01T00:05:26.302476+00:00,2026-09-01T00:05:45.520600+00:00,TCP,True
scen_000032,inc_scen_000032_01,node_13,node_14,node_13,3,19.02,2026-09-01T00:05:10.117745+00:00,2026-09-01T00:05:29.142501+00:00,HTTP,True
scen_000032,inc_scen_000032_01,node_13,node_07,node_13,3,5.2,2026-09-01T00:05:10.117745+00:00,2026-09-01T00:05:15.320603+00:00,HTTP,True
scen_000032,inc_scen_000032_01,node_12,node_10,node_12,4,21.1,2026-09-01T00:05:45.520600+00:00,2026-09-01T00:06:06.622310+00:00,STORAGE,True
scen_000032,inc_scen_000032_01,node_10,node_03,node_10,5,7.08,2026-09-01T00:06:06.622310+00:00,2026-09-01T00:06:13.702214+00:00,CACHE,True
scen_000032,inc_scen_000032_01,node_10,node_01,node_10,5,19.07,2026-09-01T00:06:06.622310+00:00,2026-09-01T00:06:25.687996+00:00,STORAGE,True
scen_000032,inc_scen_000032_01,node_00,node_01,node_00,0,0.0,2026-09-01T00:05:00+00:00,2026-09-01T00:05:00+00:00,STORAGE,False
scen_000032,inc_scen_000032_01,node_00,node_03,node_00,0,0.0,2026-09-01T00:05:00+00:00,2026-09-01T00:05:00+00:00,CACHE,False
scen_000032,inc_scen_000032_01,node_00,node_07,node_00,0,0.0,2026-09-01T00:05:00+00:00,2026-09-01T00:05:00+00:00,CACHE,False
scen_000032,inc_scen_000032_01,node_01,node_02,node_01,0,0.0,2026-09-01T00:05:00+00:00,2026-09-01T00:05:00+00:00,DATABASE,False
scen_000032,inc_scen_000032_01,node_01,node_04,node_01,0,0.0,2026-09-01T00:05:00+00:00,2026-09-01T00:05:00+00:00,HTTP,False
scen_000032,inc_scen_000032_01,node_01,node_06,node_01,0,0.0,2026-09-01T00:05:00+00:00,2026-09-01T00:05:00+00:00,DNS,False
scen_000032,inc_scen_000032_01,node_01,node_11,node_01,0,0.0,2026-09-01T00:05:00+00:00,2026-09-01T00:05:00+00:00,STORAGE,False
scen_000032,inc_scen_000032_01,node_02,node_06,node_02,0,0.0,2026-09-01T00:05:00+00:00,2026-09-01T00:05:00+00:00,MESSAGE_QUEUE,False
scen_000032,inc_scen_000032_01,node_02,node_16,node_02,0,0.0,2026-09-01T00:05:00+00:00,2026-09-01T00:05:00+00:00,HTTP,False
scen_000032,inc_scen_000032_01,node_04,node_05,node_04,0,0.0,2026-09-01T00:05:00+00:00,2026-09-01T00:05:00+00:00,DNS,False
scen_000032,inc_scen_000032_01,node_04,node_08,node_04,0,0.0,2026-09-01T00:05:00+00:00,2026-09-01T00:05:00+00:00,CACHE,False
scen_000032,inc_scen_000032_01,node_04,node_10,node_04,0,0.0,2026-09-01T00:05:00+00:00,2026-09-01T00:05:00+00:00,TCP,False
scen_000032,inc_scen_000032_01,node_04,node_07,node_04,0,0.0,2026-09-01T00:05:00+00:00,2026-09-01T00:05:00+00:00,DATABASE,False
scen_000032,inc_scen_000032_01,node_05,node_01,node_05,0,0.0,2026-09-01T00:05:00+00:00,2026-09-01T00:05:00+00:00,MESSAGE_QUEUE,False
scen_000032,inc_scen_000032_01,node_06,node_12,node_06,0,0.0,2026-09-01T00:05:00+00:00,2026-09-01T00:05:00+00:00,MESSAGE_QUEUE,False
scen_000032,inc_scen_000032_01,node_06,node_13,node_06,0,0.0,2026-09-01T00:05:00+00:00,2026-09-01T00:05:00+00:00,MESSAGE_QUEUE,False
scen_000032,inc_scen_000032_01,node_06,node_15,node_06,0,0.0,2026-09-01T00:05:00+00:00,2026-09-01T00:05:00+00:00,HTTP,False
scen_000032,inc_scen_000032_01,node_06,node_01,node_06,0,0.0,2026-09-01T00:05:00+00:00,2026-09-01T00:05:00+00:00,CACHE,False
scen_000032,inc_scen_000032_01,node_11,node_03,node_11,0,0.0,2026-09-01T00:05:00+00:00,2026-09-01T00:05:00+00:00,STORAGE,False
scen_000033,inc_scen_000033_01,node_09,node_10,node_09,1,2.5,2026-09-01T00:05:00+00:00,2026-09-01T00:05:02.503619+00:00,HTTP,True
scen_000033,inc_scen_000033_01,node_09,node_03,node_09,1,12.84,2026-09-01T00:05:00+00:00,2026-09-01T00:05:12.836761+00:00,HTTP,True
scen_000033,inc_scen_000033_01,node_10,node_06,node_10,2,22.91,2026-09-01T00:05:02.503619+00:00,2026-09-01T00:05:25.418058+00:00,CACHE,True
scen_000033,inc_scen_000033_01,node_03,node_05,node_03,2,14.98,2026-09-01T00:05:12.836761+00:00,2026-09-01T00:05:27.812640+00:00,CACHE,True
scen_000033,inc_scen_000033_01,node_03,node_07,node_03,2,2.07,2026-09-01T00:05:12.836761+00:00,2026-09-01T00:05:14.910266+00:00,STORAGE,True
scen_000033,inc_scen_000033_01,node_03,node_17,node_03,2,8.74,2026-09-01T00:05:12.836761+00:00,2026-09-01T00:05:21.579283+00:00,CACHE,True
scen_000033,inc_scen_000033_01,node_03,node_04,node_03,2,9.22,2026-09-01T00:05:12.836761+00:00,2026-09-01T00:05:22.057434+00:00,DNS,True
scen_000033,inc_scen_000033_01,node_06,node_13,node_06,3,8.35,2026-09-01T00:05:25.418058+00:00,2026-09-01T00:05:33.769219+00:00,DATABASE,True
scen_000033,inc_scen_000033_01,node_05,node_08,node_05,3,8.49,2026-09-01T00:05:27.812640+00:00,2026-09-01T00:05:36.298603+00:00,TCP,True
scen_000033,inc_scen_000033_01,node_05,node_12,node_05,3,14.68,2026-09-01T00:05:27.812640+00:00,2026-09-01T00:05:42.491278+00:00,STORAGE,True
scen_000033,inc_scen_000033_01,node_17,node_16,node_17,3,19.34,2026-09-01T00:05:21.579283+00:00,2026-09-01T00:05:40.915384+00:00,DATABASE,True
scen_000033,inc_scen_000033_01,node_12,node_14,node_12,4,5.69,2026-09-01T00:05:42.491278+00:00,2026-09-01T00:05:48.178786+00:00,TCP,True
scen_000033,inc_scen_000033_01,node_12,node_11,node_12,4,4.56,2026-09-01T00:05:42.491278+00:00,2026-09-01T00:05:47.056228+00:00,HTTP,True
scen_000033,inc_scen_000033_01,node_11,node_15,node_11,5,9.98,2026-09-01T00:05:47.056228+00:00,2026-09-01T00:05:57.038341+00:00,STORAGE,True
scen_000033,inc_scen_000033_01,node_00,node_01,node_00,0,0.0,2026-09-01T00:05:00+00:00,2026-09-01T00:05:00+00:00,HTTP,False
scen_000033,inc_scen_000033_01,node_00,node_11,node_00,0,0.0,2026-09-01T00:05:00+00:00,2026-09-01T00:05:00+00:00,DNS,False
scen_000033,inc_scen_000033_01,node_00,node_05,node_00,0,0.0,2026-09-01T00:05:00+00:00,2026-09-01T00:05:00+00:00,DNS,False
scen_000033,inc_scen_000033_01,node_01,node_02,node_01,0,0.0,2026-09-01T00:05:00+00:00,2026-09-01T00:05:00+00:00,MESSAGE_QUEUE,False
scen_000033,inc_scen_000033_01,node_01,node_04,node_01,0,0.0,2026-09-01T00:05:00+00:00,2026-09-01T00:05:00+00:00,CACHE,False
scen_000033,inc_scen_000033_01,node_01,node_06,node_01,0,0.0,2026-09-01T00:05:00+00:00,2026-09-01T00:05:00+00:00,DNS,False
scen_000033,inc_scen_000033_01,node_01,node_13,node_01,0,0.0,2026-09-01T00:05:00+00:00,2026-09-01T00:05:00+00:00,DATABASE,False
scen_000033,inc_scen_000033_01,node_01,node_07,node_01,0,0.0,2026-09-01T00:05:00+00:00,2026-09-01T00:05:00+00:00,TCP,False
scen_000033,inc_scen_000033_01,node_01,node_09,node_01,0,0.0,2026-09-01T00:05:00+00:00,2026-09-01T00:05:00+00:00,CACHE,False
scen_000033,inc_scen_000033_01,node_02,node_03,node_02,0,0.0,2026-09-01T00:05:00+00:00,2026-09-01T00:05:00+00:00,DNS,False
scen_000033,inc_scen_000033_01,node_02,node_16,node_02,0,0.0,2026-09-01T00:05:00+00:00,2026-09-01T00:05:00+00:00,MESSAGE_QUEUE,False
scen_000034,inc_scen_000034_01,consumer_14,db_event,consumer_14,1,4.39,2026-09-01T00:05:00+00:00,2026-09-01T00:05:04.386851+00:00,DATABASE,True
scen_000034,inc_scen_000034_01,ingest_01,kafka_broker,ingest_01,0,0.0,2026-09-01T00:05:00+00:00,2026-09-01T00:05:00+00:00,MESSAGE_QUEUE,False
scen_000034,inc_scen_000034_01,kafka_broker,notif_01,kafka_broker,0,0.0,2026-09-01T00:05:00+00:00,2026-09-01T00:05:00+00:00,MESSAGE_QUEUE,False
scen_000034,inc_scen_000034_01,kafka_broker,user_01,kafka_broker,0,0.0,2026-09-01T00:05:00+00:00,2026-09-01T00:05:00+00:00,MESSAGE_QUEUE,False
scen_000034,inc_scen_000034_01,kafka_broker,consumer_1,kafka_broker,0,0.0,2026-09-01T00:05:00+00:00,2026-09-01T00:05:00+00:00,MESSAGE_QUEUE,False
scen_000034,inc_scen_000034_01,kafka_broker,consumer_2,kafka_broker,0,0.0,2026-09-01T00:05:00+00:00,2026-09-01T00:05:00+00:00,MESSAGE_QUEUE,False
scen_000034,inc_scen_000034_01,kafka_broker,consumer_3,kafka_broker,0,0.0,2026-09-01T00:05:00+00:00,2026-09-01T00:05:00+00:00,MESSAGE_QUEUE,False
scen_000034,inc_scen_000034_01,kafka_broker,consumer_4,kafka_broker,0,0.0,2026-09-01T00:05:00+00:00,2026-09-01T00:05:00+00:00,MESSAGE_QUEUE,False
scen_000034,inc_scen_000034_01,kafka_broker,consumer_5,kafka_broker,0,0.0,2026-09-01T00:05:00+00:00,2026-09-01T00:05:00+00:00,MESSAGE_QUEUE,False
scen_000034,inc_scen_000034_01,kafka_broker,consumer_6,kafka_broker,0,0.0,2026-09-01T00:05:00+00:00,2026-09-01T00:05:00+00:00,MESSAGE_QUEUE,False
scen_000034,inc_scen_000034_01,kafka_broker,consumer_7,kafka_broker,0,0.0,2026-09-01T00:05:00+00:00,2026-09-01T00:05:00+00:00,MESSAGE_QUEUE,False
scen_000034,inc_scen_000034_01,kafka_broker,consumer_8,kafka_broker,0,0.0,2026-09-01T00:05:00+00:00,2026-09-01T00:05:00+00:00,MESSAGE_QUEUE,False
scen_000034,inc_scen_000034_01,kafka_broker,consumer_9,kafka_broker,0,0.0,2026-09-01T00:05:00+00:00,2026-09-01T00:05:00+00:00,MESSAGE_QUEUE,False
scen_000034,inc_scen_000034_01,kafka_broker,consumer_10,kafka_broker,0,0.0,2026-09-01T00:05:00+00:00,2026-09-01T00:05:00+00:00,MESSAGE_QUEUE,False
scen_000034,inc_scen_000034_01,kafka_broker,consumer_11,kafka_broker,0,0.0,2026-09-01T00:05:00+00:00,2026-09-01T00:05:00+00:00,MESSAGE_QUEUE,False
scen_000034,inc_scen_000034_01,kafka_broker,consumer_12,kafka_broker,0,0.0,2026-09-01T00:05:00+00:00,2026-09-01T00:05:00+00:00,MESSAGE_QUEUE,False
scen_000034,inc_scen_000034_01,kafka_broker,consumer_13,kafka_broker,0,0.0,2026-09-01T00:05:00+00:00,2026-09-01T00:05:00+00:00,MESSAGE_QUEUE,False
scen_000034,inc_scen_000034_01,kafka_broker,consumer_14,kafka_broker,0,0.0,2026-09-01T00:05:00+00:00,2026-09-01T00:05:00+00:00,MESSAGE_QUEUE,False
scen_000034,inc_scen_000034_01,kafka_broker,consumer_15,kafka_broker,0,0.0,2026-09-01T00:05:00+00:00,2026-09-01T00:05:00+00:00,MESSAGE_QUEUE,False
scen_000034,inc_scen_000034_01,kafka_broker,consumer_16,kafka_broker,0,0.0,2026-09-01T00:05:00+00:00,2026-09-01T00:05:00+00:00,MESSAGE_QUEUE,False
scen_000034,inc_scen_000034_01,kafka_broker,consumer_17,kafka_broker,0,0.0,2026-09-01T00:05:00+00:00,2026-09-01T00:05:00+00:00,MESSAGE_QUEUE,False
scen_000034,inc_scen_000034_01,kafka_broker,consumer_18,kafka_broker,0,0.0,2026-09-01T00:05:00+00:00,2026-09-01T00:05:00+00:00,MESSAGE_QUEUE,False
scen_000034,inc_scen_000034_01,kafka_broker,consumer_19,kafka_broker,0,0.0,2026-09-01T00:05:00+00:00,2026-09-01T00:05:00+00:00,MESSAGE_QUEUE,False
scen_000034,inc_scen_000034_01,kafka_broker,consumer_20,kafka_broker,0,0.0,2026-09-01T00:05:00+00:00,2026-09-01T00:05:00+00:00,MESSAGE_QUEUE,False
scen_000034,inc_scen_000034_01,kafka_broker,consumer_21,kafka_broker,0,0.0,2026-09-01T00:05:00+00:00,2026-09-01T00:05:00+00:00,MESSAGE_QUEUE,False
scen_000034,inc_scen_000034_01,notif_01,db_event,notif_01,0,0.0,2026-09-01T00:05:00+00:00,2026-09-01T00:05:00+00:00,DATABASE,False
scen_000034,inc_scen_000034_01,consumer_1,db_event,consumer_1,0,0.0,2026-09-01T00:05:00+00:00,2026-09-01T00:05:00+00:00,DATABASE,False
scen_000034,inc_scen_000034_01,consumer_2,db_event,consumer_2,0,0.0,2026-09-01T00:05:00+00:00,2026-09-01T00:05:00+00:00,DATABASE,False
scen_000034,inc_scen_000034_01,consumer_3,db_event,consumer_3,0,0.0,2026-09-01T00:05:00+00:00,2026-09-01T00:05:00+00:00,DATABASE,False
scen_000034,inc_scen_000034_01,consumer_4,db_event,consumer_4,0,0.0,2026-09-01T00:05:00+00:00,2026-09-01T00:05:00+00:00,DATABASE,False
scen_000034,inc_scen_000034_01,consumer_5,db_event,consumer_5,0,0.0,2026-09-01T00:05:00+00:00,2026-09-01T00:05:00+00:00,DATABASE,False
scen_000034,inc_scen_000034_01,consumer_6,db_event,consumer_6,0,0.0,2026-09-01T00:05:00+00:00,2026-09-01T00:05:00+00:00,DATABASE,False
scen_000034,inc_scen_000034_01,consumer_7,db_event,consumer_7,0,0.0,2026-09-01T00:05:00+00:00,2026-09-01T00:05:00+00:00,DATABASE,False
scen_000034,inc_scen_000034_01,consumer_8,db_event,consumer_8,0,0.0,2026-09-01T00:05:00+00:00,2026-09-01T00:05:00+00:00,DATABASE,False
scen_000034,inc_scen_000034_01,consumer_9,db_event,consumer_9,0,0.0,2026-09-01T00:05:00+00:00,2026-09-01T00:05:00+00:00,DATABASE,False
scen_000034,inc_scen_000034_01,consumer_10,db_event,consumer_10,0,0.0,2026-09-01T00:05:00+00:00,2026-09-01T00:05:00+00:00,DATABASE,False
scen_000034,inc_scen_000034_01,consumer_11,db_event,consumer_11,0,0.0,2026-09-01T00:05:00+00:00,2026-09-01T00:05:00+00:00,DATABASE,False
scen_000034,inc_scen_000034_01,consumer_12,db_event,consumer_12,0,0.0,2026-09-01T00:05:00+00:00,2026-09-01T00:05:00+00:00,DATABASE,False
scen_000034,inc_scen_000034_01,consumer_13,db_event,consumer_13,0,0.0,2026-09-01T00:05:00+00:00,2026-09-01T00:05:00+00:00,DATABASE,False
scen_000034,inc_scen_000034_01,consumer_15,db_event,consumer_15,0,0.0,2026-09-01T00:05:00+00:00,2026-09-01T00:05:00+00:00,DATABASE,False
scen_000034,inc_scen_000034_01,consumer_16,db_event,consumer_16,0,0.0,2026-09-01T00:05:00+00:00,2026-09-01T00:05:00+00:00,DATABASE,False
scen_000034,inc_scen_000034_01,consumer_17,db_event,consumer_17,0,0.0,2026-09-01T00:05:00+00:00,2026-09-01T00:05:00+00:00,DATABASE,False
scen_000034,inc_scen_000034_01,consumer_18,db_event,consumer_18,0,0.0,2026-09-01T00:05:00+00:00,2026-09-01T00:05:00+00:00,DATABASE,False
scen_000034,inc_scen_000034_01,consumer_19,db_event,consumer_19,0,0.0,2026-09-01T00:05:00+00:00,2026-09-01T00:05:00+00:00,DATABASE,False
scen_000034,inc_scen_000034_01,consumer_20,db_event,consumer_20,0,0.0,2026-09-01T00:05:00+00:00,2026-09-01T00:05:00+00:00,DATABASE,False
scen_000034,inc_scen_000034_01,consumer_21,db_event,consumer_21,0,0.0,2026-09-01T00:05:00+00:00,2026-09-01T00:05:00+00:00,DATABASE,False
scen_000035,inc_scen_000035_01,node_00,node_01,node_00,0,0.0,2026-09-01T00:05:00+00:00,2026-09-01T00:05:00+00:00,STORAGE,False
scen_000035,inc_scen_000035_01,node_00,node_02,node_00,0,0.0,2026-09-01T00:05:00+00:00,2026-09-01T00:05:00+00:00,DATABASE,False
scen_000035,inc_scen_000035_01,node_00,node_04,node_00,0,0.0,2026-09-01T00:05:00+00:00,2026-09-01T00:05:00+00:00,DNS,False
scen_000035,inc_scen_000035_01,node_00,node_05,node_00,0,0.0,2026-09-01T00:05:00+00:00,2026-09-01T00:05:00+00:00,MESSAGE_QUEUE,False
scen_000035,inc_scen_000035_01,node_00,node_06,node_00,0,0.0,2026-09-01T00:05:00+00:00,2026-09-01T00:05:00+00:00,STORAGE,False
scen_000035,inc_scen_000035_01,node_00,node_17,node_00,0,0.0,2026-09-01T00:05:00+00:00,2026-09-01T00:05:00+00:00,TCP,False
scen_000035,inc_scen_000035_01,node_00,node_20,node_00,0,0.0,2026-09-01T00:05:00+00:00,2026-09-01T00:05:00+00:00,HTTP,False
scen_000035,inc_scen_000035_01,node_01,node_38,node_01,0,0.0,2026-09-01T00:05:00+00:00,2026-09-01T00:05:00+00:00,HTTP,False
scen_000035,inc_scen_000035_01,node_02,node_03,node_02,0,0.0,2026-09-01T00:05:00+00:00,2026-09-01T00:05:00+00:00,HTTP,False
scen_000035,inc_scen_000035_01,node_02,node_08,node_02,0,0.0,2026-09-01T00:05:00+00:00,2026-09-01T00:05:00+00:00,MESSAGE_QUEUE,False
scen_000035,inc_scen_000035_01,node_02,node_39,node_02,0,0.0,2026-09-01T00:05:00+00:00,2026-09-01T00:05:00+00:00,STORAGE,False
scen_000035,inc_scen_000035_01,node_02,node_33,node_02,0,0.0,2026-09-01T00:05:00+00:00,2026-09-01T00:05:00+00:00,DATABASE,False
scen_000035,inc_scen_000035_01,node_02,node_23,node_02,0,0.0,2026-09-01T00:05:00+00:00,2026-09-01T00:05:00+00:00,DATABASE,False
scen_000035,inc_scen_000035_01,node_03,node_09,node_03,0,0.0,2026-09-01T00:05:00+00:00,2026-09-01T00:05:00+00:00,DATABASE,False
scen_000035,inc_scen_000035_01,node_03,node_12,node_03,0,0.0,2026-09-01T00:05:00+00:00,2026-09-01T00:05:00+00:00,CACHE,False
scen_000035,inc_scen_000035_01,node_03,node_38,node_03,0,0.0,2026-09-01T00:05:00+00:00,2026-09-01T00:05:00+00:00,CACHE,False
scen_000035,inc_scen_000035_01,node_04,node_13,node_04,0,0.0,2026-09-01T00:05:00+00:00,2026-09-01T00:05:00+00:00,TCP,False
scen_000035,inc_scen_000035_01,node_04,node_15,node_04,0,0.0,2026-09-01T00:05:00+00:00,2026-09-01T00:05:00+00:00,TCP,False
scen_000035,inc_scen_000035_01,node_05,node_16,node_05,0,0.0,2026-09-01T00:05:00+00:00,2026-09-01T00:05:00+00:00,HTTP,False
scen_000035,inc_scen_000035_01,node_06,node_07,node_06,0,0.0,2026-09-01T00:05:00+00:00,2026-09-01T00:05:00+00:00,DNS,False
scen_000035,inc_scen_000035_01,node_06,node_10,node_06,0,0.0,2026-09-01T00:05:00+00:00,2026-09-01T00:05:00+00:00,TCP,False
scen_000035,inc_scen_000035_01,node_06,node_17,node_06,0,0.0,2026-09-01T00:05:00+00:00,2026-09-01T00:05:00+00:00,CACHE,False
scen_000035,inc_scen_000035_01,node_07,node_11,node_07,0,0.0,2026-09-01T00:05:00+00:00,2026-09-01T00:05:00+00:00,MESSAGE_QUEUE,False
scen_000035,inc_scen_000035_01,node_07,node_14,node_07,0,0.0,2026-09-01T00:05:00+00:00,2026-09-01T00:05:00+00:00,STORAGE,False
scen_000035,inc_scen_000035_01,node_07,node_30,node_07,0,0.0,2026-09-01T00:05:00+00:00,2026-09-01T00:05:00+00:00,DNS,False
scen_000035,inc_scen_000035_01,node_08,node_36,node_08,0,0.0,2026-09-01T00:05:00+00:00,2026-09-01T00:05:00+00:00,DNS,False
scen_000035,inc_scen_000035_01,node_09,node_42,node_09,0,0.0,2026-09-01T00:05:00+00:00,2026-09-01T00:05:00+00:00,MESSAGE_QUEUE,False
scen_000035,inc_scen_000035_01,node_09,node_41,node_09,0,0.0,2026-09-01T00:05:00+00:00,2026-09-01T00:05:00+00:00,DNS,False
scen_000035,inc_scen_000035_01,node_10,node_22,node_10,0,0.0,2026-09-01T00:05:00+00:00,2026-09-01T00:05:00+00:00,STORAGE,False
scen_000035,inc_scen_000035_01,node_10,node_27,node_10,0,0.0,2026-09-01T00:05:00+00:00,2026-09-01T00:05:00+00:00,HTTP,False
scen_000035,inc_scen_000035_01,node_11,node_18,node_11,0,0.0,2026-09-01T00:05:00+00:00,2026-09-01T00:05:00+00:00,HTTP,False
scen_000035,inc_scen_000035_01,node_11,node_19,node_11,0,0.0,2026-09-01T00:05:00+00:00,2026-09-01T00:05:00+00:00,DATABASE,False
scen_000035,inc_scen_000035_01,node_11,node_30,node_11,0,0.0,2026-09-01T00:05:00+00:00,2026-09-01T00:05:00+00:00,STORAGE,False
scen_000035,inc_scen_000035_01,node_12,node_20,node_12,0,0.0,2026-09-01T00:05:00+00:00,2026-09-01T00:05:00+00:00,MESSAGE_QUEUE,False
scen_000035,inc_scen_000035_01,node_12,node_26,node_12,0,0.0,2026-09-01T00:05:00+00:00,2026-09-01T00:05:00+00:00,STORAGE,False
scen_000035,inc_scen_000035_01,node_12,node_41,node_12,0,0.0,2026-09-01T00:05:00+00:00,2026-09-01T00:05:00+00:00,MESSAGE_QUEUE,False
scen_000035,inc_scen_000035_01,node_12,node_45,node_12,0,0.0,2026-09-01T00:05:00+00:00,2026-09-01T00:05:00+00:00,STORAGE,False
scen_000035,inc_scen_000035_01,node_12,node_36,node_12,0,0.0,2026-09-01T00:05:00+00:00,2026-09-01T00:05:00+00:00,HTTP,False
scen_000035,inc_scen_000035_01,node_13,node_33,node_13,0,0.0,2026-09-01T00:05:00+00:00,2026-09-01T00:05:00+00:00,MESSAGE_QUEUE,False
scen_000035,inc_scen_000035_01,node_13,node_35,node_13,0,0.0,2026-09-01T00:05:00+00:00,2026-09-01T00:05:00+00:00,DATABASE,False
scen_000035,inc_scen_000035_01,node_14,node_23,node_14,0,0.0,2026-09-01T00:05:00+00:00,2026-09-01T00:05:00+00:00,DATABASE,False
scen_000035,inc_scen_000035_01,node_14,node_32,node_14,0,0.0,2026-09-01T00:05:00+00:00,2026-09-01T00:05:00+00:00,DATABASE,False
scen_000035,inc_scen_000035_01,node_14,node_44,node_14,0,0.0,2026-09-01T00:05:00+00:00,2026-09-01T00:05:00+00:00,MESSAGE_QUEUE,False
scen_000035,inc_scen_000035_01,node_14,node_37,node_14,0,0.0,2026-09-01T00:05:00+00:00,2026-09-01T00:05:00+00:00,STORAGE,False
scen_000035,inc_scen_000035_01,node_17,node_29,node_17,0,0.0,2026-09-01T00:05:00+00:00,2026-09-01T00:05:00+00:00,DNS,False
scen_000035,inc_scen_000035_01,node_17,node_31,node_17,0,0.0,2026-09-01T00:05:00+00:00,2026-09-01T00:05:00+00:00,TCP,False
scen_000035,inc_scen_000035_01,node_17,node_46,node_17,0,0.0,2026-09-01T00:05:00+00:00,2026-09-01T00:05:00+00:00,CACHE,False
scen_000035,inc_scen_000035_01,node_17,node_40,node_17,0,0.0,2026-09-01T00:05:00+00:00,2026-09-01T00:05:00+00:00,DNS,False
scen_000035,inc_scen_000035_01,node_17,node_08,node_17,0,0.0,2026-09-01T00:05:00+00:00,2026-09-01T00:05:00+00:00,DATABASE,False
scen_000035,inc_scen_000035_01,node_17,node_00,node_17,0,0.0,2026-09-01T00:05:00+00:00,2026-09-01T00:05:00+00:00,DNS,False
scen_000035,inc_scen_000035_01,node_18,node_02,node_18,0,0.0,2026-09-01T00:05:00+00:00,2026-09-01T00:05:00+00:00,STORAGE,False
scen_000035,inc_scen_000035_01,node_18,node_06,node_18,0,0.0,2026-09-01T00:05:00+00:00,2026-09-01T00:05:00+00:00,MESSAGE_QUEUE,False
scen_000035,inc_scen_000035_01,node_18,node_20,node_18,0,0.0,2026-09-01T00:05:00+00:00,2026-09-01T00:05:00+00:00,HTTP,False
scen_000035,inc_scen_000035_01,node_19,node_28,node_19,0,0.0,2026-09-01T00:05:00+00:00,2026-09-01T00:05:00+00:00,DNS,False
scen_000035,inc_scen_000035_01,node_19,node_29,node_19,0,0.0,2026-09-01T00:05:00+00:00,2026-09-01T00:05:00+00:00,STORAGE,False
scen_000035,inc_scen_000035_01,node_20,node_21,node_20,0,0.0,2026-09-01T00:05:00+00:00,2026-09-01T00:05:00+00:00,TCP,False
scen_000035,inc_scen_000035_01,node_22,node_27,node_22,0,0.0,2026-09-01T00:05:00+00:00,2026-09-01T00:05:00+00:00,HTTP,False
scen_000035,inc_scen_000035_01,node_22,node_34,node_22,0,0.0,2026-09-01T00:05:00+00:00,2026-09-01T00:05:00+00:00,CACHE,False
scen_000035,inc_scen_000035_01,node_23,node_24,node_23,0,0.0,2026-09-01T00:05:00+00:00,2026-09-01T00:05:00+00:00,HTTP,False
scen_000035,inc_scen_000035_01,node_23,node_25,node_23,0,0.0,2026-09-01T00:05:00+00:00,2026-09-01T00:05:00+00:00,DNS,False
scen_000035,inc_scen_000035_01,node_23,node_36,node_23,0,0.0,2026-09-01T00:05:00+00:00,2026-09-01T00:05:00+00:00,CACHE,False
scen_000035,inc_scen_000035_01,node_23,node_18,node_23,0,0.0,2026-09-01T00:05:00+00:00,2026-09-01T00:05:00+00:00,HTTP,False
scen_000035,inc_scen_000035_01,node_24,node_27,node_24,0,0.0,2026-09-01T00:05:00+00:00,2026-09-01T00:05:00+00:00,MESSAGE_QUEUE,False
scen_000035,inc_scen_000035_01,node_25,node_37,node_25,0,0.0,2026-09-01T00:05:00+00:00,2026-09-01T00:05:00+00:00,MESSAGE_QUEUE,False
scen_000035,inc_scen_000035_01,node_25,node_18,node_25,0,0.0,2026-09-01T00:05:00+00:00,2026-09-01T00:05:00+00:00,DATABASE,False
scen_000035,inc_scen_000035_01,node_25,node_13,node_25,0,0.0,2026-09-01T00:05:00+00:00,2026-09-01T00:05:00+00:00,MESSAGE_QUEUE,False
scen_000035,inc_scen_000035_01,node_28,node_43,node_28,0,0.0,2026-09-01T00:05:00+00:00,2026-09-01T00:05:00+00:00,TCP,False
scen_000035,inc_scen_000035_01,node_29,node_40,node_29,0,0.0,2026-09-01T00:05:00+00:00,2026-09-01T00:05:00+00:00,TCP,False
scen_000035,inc_scen_000035_01,node_29,node_33,node_29,0,0.0,2026-09-01T00:05:00+00:00,2026-09-01T00:05:00+00:00,MESSAGE_QUEUE,False
scen_000035,inc_scen_000035_01,node_31,node_05,node_31,0,0.0,2026-09-01T00:05:00+00:00,2026-09-01T00:05:00+00:00,CACHE,False
scen_000035,inc_scen_000035_01,node_31,node_02,node_31,0,0.0,2026-09-01T00:05:00+00:00,2026-09-01T00:05:00+00:00,DNS,False
scen_000035,inc_scen_000035_01,node_31,node_27,node_31,0,0.0,2026-09-01T00:05:00+00:00,2026-09-01T00:05:00+00:00,DATABASE,False
scen_000035,inc_scen_000035_01,node_34,node_13,node_34,0,0.0,2026-09-01T00:05:00+00:00,2026-09-01T00:05:00+00:00,MESSAGE_QUEUE,False
scen_000035,inc_scen_000035_01,node_34,node_21,node_34,0,0.0,2026-09-01T00:05:00+00:00,2026-09-01T00:05:00+00:00,CACHE,False
scen_000035,inc_scen_000035_01,node_35,node_09,node_35,0,0.0,2026-09-01T00:05:00+00:00,2026-09-01T00:05:00+00:00,STORAGE,False
scen_000035,inc_scen_000035_01,node_36,node_30,node_36,0,0.0,2026-09-01T00:05:00+00:00,2026-09-01T00:05:00+00:00,MESSAGE_QUEUE,False
scen_000035,inc_scen_000035_01,node_36,node_29,node_36,0,0.0,2026-09-01T00:05:00+00:00,2026-09-01T00:05:00+00:00,CACHE,False
scen_000035,inc_scen_000035_01,node_37,node_13,node_37,0,0.0,2026-09-01T00:05:00+00:00,2026-09-01T00:05:00+00:00,HTTP,False
scen_000035,inc_scen_000035_01,node_39,node_35,node_39,0,0.0,2026-09-01T00:05:00+00:00,2026-09-01T00:05:00+00:00,HTTP,False
scen_000035,inc_scen_000035_01,node_40,node_43,node_40,0,0.0,2026-09-01T00:05:00+00:00,2026-09-01T00:05:00+00:00,MESSAGE_QUEUE,False
scen_000035,inc_scen_000035_01,node_40,node_33,node_40,0,0.0,2026-09-01T00:05:00+00:00,2026-09-01T00:05:00+00:00,MESSAGE_QUEUE,False
scen_000035,inc_scen_000035_01,node_40,node_23,node_40,0,0.0,2026-09-01T00:05:00+00:00,2026-09-01T00:05:00+00:00,HTTP,False
scen_000035,inc_scen_000035_01,node_40,node_20,node_40,0,0.0,2026-09-01T00:05:00+00:00,2026-09-01T00:05:00+00:00,CACHE,False
scen_000035,inc_scen_000035_01,node_40,node_26,node_40,0,0.0,2026-09-01T00:05:00+00:00,2026-09-01T00:05:00+00:00,DNS,False
scen_000035,inc_scen_000035_01,node_40,node_19,node_40,0,0.0,2026-09-01T00:05:00+00:00,2026-09-01T00:05:00+00:00,DNS,False
scen_000035,inc_scen_000035_01,node_42,node_30,node_42,0,0.0,2026-09-01T00:05:00+00:00,2026-09-01T00:05:00+00:00,CACHE,False
scen_000035,inc_scen_000035_01,node_42,node_32,node_42,0,0.0,2026-09-01T00:05:00+00:00,2026-09-01T00:05:00+00:00,HTTP,False
scen_000035,inc_scen_000035_01,node_42,node_10,node_42,0,0.0,2026-09-01T00:05:00+00:00,2026-09-01T00:05:00+00:00,MESSAGE_QUEUE,False
scen_000035,inc_scen_000035_01,node_45,node_41,node_45,0,0.0,2026-09-01T00:05:00+00:00,2026-09-01T00:05:00+00:00,STORAGE,False
scen_000035,inc_scen_000035_01,node_46,node_09,node_46,0,0.0,2026-09-01T00:05:00+00:00,2026-09-01T00:05:00+00:00,STORAGE,False
scen_000037,inc_scen_000037_01,ecom_aux_19,cache_01,ecom_aux_19,1,7.4,2026-09-01T00:05:00+00:00,2026-09-01T00:05:07.403610+00:00,CACHE,True
scen_000037,inc_scen_000037_01,gw_01,auth_01,gw_01,0,0.0,2026-09-01T00:05:00+00:00,2026-09-01T00:05:00+00:00,HTTP,False
scen_000037,inc_scen_000037_01,gw_01,order_01,gw_01,0,0.0,2026-09-01T00:05:00+00:00,2026-09-01T00:05:00+00:00,HTTP,False
scen_000037,inc_scen_000037_01,gw_01,ecom_aux_1,gw_01,0,0.0,2026-09-01T00:05:00+00:00,2026-09-01T00:05:00+00:00,HTTP,False
scen_000037,inc_scen_000037_01,gw_01,ecom_aux_2,gw_01,0,0.0,2026-09-01T00:05:00+00:00,2026-09-01T00:05:00+00:00,HTTP,False
scen_000037,inc_scen_000037_01,gw_01,ecom_aux_3,gw_01,0,0.0,2026-09-01T00:05:00+00:00,2026-09-01T00:05:00+00:00,HTTP,False
scen_000037,inc_scen_000037_01,gw_01,ecom_aux_4,gw_01,0,0.0,2026-09-01T00:05:00+00:00,2026-09-01T00:05:00+00:00,HTTP,False
scen_000037,inc_scen_000037_01,gw_01,ecom_aux_5,gw_01,0,0.0,2026-09-01T00:05:00+00:00,2026-09-01T00:05:00+00:00,HTTP,False
scen_000037,inc_scen_000037_01,gw_01,ecom_aux_6,gw_01,0,0.0,2026-09-01T00:05:00+00:00,2026-09-01T00:05:00+00:00,HTTP,False
scen_000037,inc_scen_000037_01,gw_01,ecom_aux_7,gw_01,0,0.0,2026-09-01T00:05:00+00:00,2026-09-01T00:05:00+00:00,HTTP,False
scen_000037,inc_scen_000037_01,gw_01,ecom_aux_8,gw_01,0,0.0,2026-09-01T00:05:00+00:00,2026-09-01T00:05:00+00:00,HTTP,False
scen_000037,inc_scen_000037_01,gw_01,ecom_aux_9,gw_01,0,0.0,2026-09-01T00:05:00+00:00,2026-09-01T00:05:00+00:00,HTTP,False
scen_000037,inc_scen_000037_01,gw_01,ecom_aux_10,gw_01,0,0.0,2026-09-01T00:05:00+00:00,2026-09-01T00:05:00+00:00,HTTP,False
scen_000037,inc_scen_000037_01,gw_01,ecom_aux_11,gw_01,0,0.0,2026-09-01T00:05:00+00:00,2026-09-01T00:05:00+00:00,HTTP,False
scen_000037,inc_scen_000037_01,gw_01,ecom_aux_12,gw_01,0,0.0,2026-09-01T00:05:00+00:00,2026-09-01T00:05:00+00:00,HTTP,False
scen_000037,inc_scen_000037_01,gw_01,ecom_aux_13,gw_01,0,0.0,2026-09-01T00:05:00+00:00,2026-09-01T00:05:00+00:00,HTTP,False
scen_000037,inc_scen_000037_01,gw_01,ecom_aux_14,gw_01,0,0.0,2026-09-01T00:05:00+00:00,2026-09-01T00:05:00+00:00,HTTP,False
scen_000037,inc_scen_000037_01,gw_01,ecom_aux_15,gw_01,0,0.0,2026-09-01T00:05:00+00:00,2026-09-01T00:05:00+00:00,HTTP,False
scen_000037,inc_scen_000037_01,gw_01,ecom_aux_16,gw_01,0,0.0,2026-09-01T00:05:00+00:00,2026-09-01T00:05:00+00:00,HTTP,False
scen_000037,inc_scen_000037_01,gw_01,ecom_aux_17,gw_01,0,0.0,2026-09-01T00:05:00+00:00,2026-09-01T00:05:00+00:00,HTTP,False
scen_000037,inc_scen_000037_01,gw_01,ecom_aux_18,gw_01,0,0.0,2026-09-01T00:05:00+00:00,2026-09-01T00:05:00+00:00,HTTP,False
scen_000037,inc_scen_000037_01,gw_01,ecom_aux_19,gw_01,0,0.0,2026-09-01T00:05:00+00:00,2026-09-01T00:05:00+00:00,HTTP,False
scen_000037,inc_scen_000037_01,gw_01,ecom_aux_20,gw_01,0,0.0,2026-09-01T00:05:00+00:00,2026-09-01T00:05:00+00:00,HTTP,False
scen_000037,inc_scen_000037_01,gw_01,ecom_aux_21,gw_01,0,0.0,2026-09-01T00:05:00+00:00,2026-09-01T00:05:00+00:00,HTTP,False
scen_000037,inc_scen_000037_01,gw_01,ecom_aux_22,gw_01,0,0.0,2026-09-01T00:05:00+00:00,2026-09-01T00:05:00+00:00,HTTP,False
scen_000037,inc_scen_000037_01,gw_01,ecom_aux_23,gw_01,0,0.0,2026-09-01T00:05:00+00:00,2026-09-01T00:05:00+00:00,HTTP,False
scen_000037,inc_scen_000037_01,gw_01,ecom_aux_24,gw_01,0,0.0,2026-09-01T00:05:00+00:00,2026-09-01T00:05:00+00:00,HTTP,False
scen_000037,inc_scen_000037_01,gw_01,ecom_aux_25,gw_01,0,0.0,2026-09-01T00:05:00+00:00,2026-09-01T00:05:00+00:00,HTTP,False
scen_000037,inc_scen_000037_01,gw_01,ecom_aux_26,gw_01,0,0.0,2026-09-01T00:05:00+00:00,2026-09-01T00:05:00+00:00,HTTP,False
scen_000037,inc_scen_000037_01,gw_01,ecom_aux_27,gw_01,0,0.0,2026-09-01T00:05:00+00:00,2026-09-01T00:05:00+00:00,HTTP,False
scen_000037,inc_scen_000037_01,order_01,pay_01,order_01,0,0.0,2026-09-01T00:05:00+00:00,2026-09-01T00:05:00+00:00,HTTP,False
scen_000037,inc_scen_000037_01,order_01,inv_01,order_01,0,0.0,2026-09-01T00:05:00+00:00,2026-09-01T00:05:00+00:00,HTTP,False
scen_000037,inc_scen_000037_01,order_01,cache_01,order_01,0,0.0,2026-09-01T00:05:00+00:00,2026-09-01T00:05:00+00:00,CACHE,False
scen_000037,inc_scen_000037_01,order_01,mq_01,order_01,0,0.0,2026-09-01T00:05:00+00:00,2026-09-01T00:05:00+00:00,MESSAGE_QUEUE,False
scen_000037,inc_scen_000037_01,pay_01,db_master,pay_01,0,0.0,2026-09-01T00:05:00+00:00,2026-09-01T00:05:00+00:00,DATABASE,False
scen_000037,inc_scen_000037_01,inv_01,db_master,inv_01,0,0.0,2026-09-01T00:05:00+00:00,2026-09-01T00:05:00+00:00,DATABASE,False
scen_000037,inc_scen_000037_01,ecom_aux_1,cache_01,ecom_aux_1,0,0.0,2026-09-01T00:05:00+00:00,2026-09-01T00:05:00+00:00,CACHE,False
scen_000037,inc_scen_000037_01,ecom_aux_2,cache_01,ecom_aux_2,0,0.0,2026-09-01T00:05:00+00:00,2026-09-01T00:05:00+00:00,CACHE,False
scen_000037,inc_scen_000037_01,ecom_aux_3,cache_01,ecom_aux_3,0,0.0,2026-09-01T00:05:00+00:00,2026-09-01T00:05:00+00:00,CACHE,False
scen_000037,inc_scen_000037_01,ecom_aux_4,cache_01,ecom_aux_4,0,0.0,2026-09-01T00:05:00+00:00,2026-09-01T00:05:00+00:00,CACHE,False
scen_000037,inc_scen_000037_01,ecom_aux_5,cache_01,ecom_aux_5,0,0.0,2026-09-01T00:05:00+00:00,2026-09-01T00:05:00+00:00,CACHE,False
scen_000037,inc_scen_000037_01,ecom_aux_6,cache_01,ecom_aux_6,0,0.0,2026-09-01T00:05:00+00:00,2026-09-01T00:05:00+00:00,CACHE,False
scen_000037,inc_scen_000037_01,ecom_aux_7,cache_01,ecom_aux_7,0,0.0,2026-09-01T00:05:00+00:00,2026-09-01T00:05:00+00:00,CACHE,False
scen_000037,inc_scen_000037_01,ecom_aux_8,cache_01,ecom_aux_8,0,0.0,2026-09-01T00:05:00+00:00,2026-09-01T00:05:00+00:00,CACHE,False
scen_000037,inc_scen_000037_01,ecom_aux_9,cache_01,ecom_aux_9,0,0.0,2026-09-01T00:05:00+00:00,2026-09-01T00:05:00+00:00,CACHE,False
scen_000037,inc_scen_000037_01,ecom_aux_10,cache_01,ecom_aux_10,0,0.0,2026-09-01T00:05:00+00:00,2026-09-01T00:05:00+00:00,CACHE,False
scen_000037,inc_scen_000037_01,ecom_aux_11,cache_01,ecom_aux_11,0,0.0,2026-09-01T00:05:00+00:00,2026-09-01T00:05:00+00:00,CACHE,False
scen_000037,inc_scen_000037_01,ecom_aux_12,cache_01,ecom_aux_12,0,0.0,2026-09-01T00:05:00+00:00,2026-09-01T00:05:00+00:00,CACHE,False
scen_000037,inc_scen_000037_01,ecom_aux_13,cache_01,ecom_aux_13,0,0.0,2026-09-01T00:05:00+00:00,2026-09-01T00:05:00+00:00,CACHE,False
scen_000037,inc_scen_000037_01,ecom_aux_14,cache_01,ecom_aux_14,0,0.0,2026-09-01T00:05:00+00:00,2026-09-01T00:05:00+00:00,CACHE,False
scen_000037,inc_scen_000037_01,ecom_aux_15,cache_01,ecom_aux_15,0,0.0,2026-09-01T00:05:00+00:00,2026-09-01T00:05:00+00:00,CACHE,False
scen_000037,inc_scen_000037_01,ecom_aux_16,cache_01,ecom_aux_16,0,0.0,2026-09-01T00:05:00+00:00,2026-09-01T00:05:00+00:00,CACHE,False
scen_000037,inc_scen_000037_01,ecom_aux_17,cache_01,ecom_aux_17,0,0.0,2026-09-01T00:05:00+00:00,2026-09-01T00:05:00+00:00,CACHE,False
scen_000037,inc_scen_000037_01,ecom_aux_18,cache_01,ecom_aux_18,0,0.0,2026-09-01T00:05:00+00:00,2026-09-01T00:05:00+00:00,CACHE,False
scen_000037,inc_scen_000037_01,ecom_aux_20,cache_01,ecom_aux_20,0,0.0,2026-09-01T00:05:00+00:00,2026-09-01T00:05:00+00:00,CACHE,False
scen_000037,inc_scen_000037_01,ecom_aux_21,cache_01,ecom_aux_21,0,0.0,2026-09-01T00:05:00+00:00,2026-09-01T00:05:00+00:00,CACHE,False
scen_000037,inc_scen_000037_01,ecom_aux_22,cache_01,ecom_aux_22,0,0.0,2026-09-01T00:05:00+00:00,2026-09-01T00:05:00+00:00,CACHE,False
scen_000037,inc_scen_000037_01,ecom_aux_23,cache_01,ecom_aux_23,0,0.0,2026-09-01T00:05:00+00:00,2026-09-01T00:05:00+00:00,CACHE,False
scen_000037,inc_scen_000037_01,ecom_aux_24,cache_01,ecom_aux_24,0,0.0,2026-09-01T00:05:00+00:00,2026-09-01T00:05:00+00:00,CACHE,False
scen_000037,inc_scen_000037_01,ecom_aux_25,cache_01,ecom_aux_25,0,0.0,2026-09-01T00:05:00+00:00,2026-09-01T00:05:00+00:00,CACHE,False
scen_000037,inc_scen_000037_01,ecom_aux_26,cache_01,ecom_aux_26,0,0.0,2026-09-01T00:05:00+00:00,2026-09-01T00:05:00+00:00,CACHE,False
scen_000037,inc_scen_000037_01,ecom_aux_27,cache_01,ecom_aux_27,0,0.0,2026-09-01T00:05:00+00:00,2026-09-01T00:05:00+00:00,CACHE,False
scen_000038,inc_scen_000038_01,node_07,node_10,node_07,1,12.31,2026-09-01T00:05:00+00:00,2026-09-01T00:05:12.312738+00:00,DATABASE,True
scen_000038,inc_scen_000038_01,node_10,node_15,node_10,2,7.62,2026-09-01T00:05:12.312738+00:00,2026-09-01T00:05:19.928153+00:00,HTTP,True
scen_000038,inc_scen_000038_01,node_10,node_01,node_10,2,18.01,2026-09-01T00:05:12.312738+00:00,2026-09-01T00:05:30.327550+00:00,CACHE,True
scen_000038,inc_scen_000038_01,node_15,node_16,node_15,3,5.21,2026-09-01T00:05:19.928153+00:00,2026-09-01T00:05:25.137162+00:00,MESSAGE_QUEUE,True
scen_000038,inc_scen_000038_01,node_15,node_18,node_15,3,18.05,2026-09-01T00:05:19.928153+00:00,2026-09-01T00:05:37.979751+00:00,STORAGE,True
scen_000038,inc_scen_000038_01,node_15,node_25,node_15,3,13.17,2026-09-01T00:05:19.928153+00:00,2026-09-01T00:05:33.095434+00:00,DATABASE,True
scen_000038,inc_scen_000038_01,node_01,node_03,node_01,3,10.57,2026-09-01T00:05:30.327550+00:00,2026-09-01T00:05:40.899031+00:00,HTTP,True
scen_000038,inc_scen_000038_01,node_01,node_04,node_01,3,2.5,2026-09-01T00:05:30.327550+00:00,2026-09-01T00:05:32.825310+00:00,DNS,True
scen_000038,inc_scen_000038_01,node_01,node_05,node_01,3,8.16,2026-09-01T00:05:30.327550+00:00,2026-09-01T00:05:38.485858+00:00,DATABASE,True
scen_000038,inc_scen_000038_01,node_01,node_06,node_01,3,16.02,2026-09-01T00:05:30.327550+00:00,2026-09-01T00:05:46.344346+00:00,MESSAGE_QUEUE,True
scen_000038,inc_scen_000038_01,node_03,node_23,node_03,4,7.97,2026-09-01T00:05:40.899031+00:00,2026-09-01T00:05:48.871557+00:00,TCP,True
scen_000038,inc_scen_000038_01,node_04,node_22,node_04,4,14.76,2026-09-01T00:05:32.825310+00:00,2026-09-01T00:05:47.586578+00:00,CACHE,True
scen_000038,inc_scen_000038_01,node_05,node_09,node_05,4,7.44,2026-09-01T00:05:38.485858+00:00,2026-09-01T00:05:45.928019+00:00,DNS,True
scen_000038,inc_scen_000038_01,node_05,node_14,node_05,4,5.87,2026-09-01T00:05:38.485858+00:00,2026-09-01T00:05:44.354642+00:00,DNS,True
scen_000038,inc_scen_000038_01,node_05,node_21,node_05,4,4.4,2026-09-01T00:05:38.485858+00:00,2026-09-01T00:05:42.882648+00:00,HTTP,True
scen_000038,inc_scen_000038_01,node_06,node_08,node_06,4,3.33,2026-09-01T00:05:46.344346+00:00,2026-09-01T00:05:49.678130+00:00,DNS,True
scen_000038,inc_scen_000038_01,node_06,node_11,node_06,4,15.89,2026-09-01T00:05:46.344346+00:00,2026-09-01T00:06:02.231851+00:00,HTTP,True
scen_000038,inc_scen_000038_01,node_06,node_12,node_06,4,7.55,2026-09-01T00:05:46.344346+00:00,2026-09-01T00:05:53.892538+00:00,DATABASE,True
scen_000038,inc_scen_000038_01,node_09,node_00,node_09,5,11.71,2026-09-01T00:05:45.928019+00:00,2026-09-01T00:05:57.633987+00:00,STORAGE,True
scen_000038,inc_scen_000038_01,node_08,node_17,node_08,5,16.72,2026-09-01T00:05:49.678130+00:00,2026-09-01T00:06:06.398416+00:00,DNS,True
scen_000038,inc_scen_000038_01,node_12,node_19,node_12,5,7.28,2026-09-01T00:05:53.892538+00:00,2026-09-01T00:06:01.172460+00:00,MESSAGE_QUEUE,True
scen_000038,inc_scen_000038_01,node_00,node_02,node_00,0,0.0,2026-09-01T00:05:00+00:00,2026-09-01T00:05:00+00:00,CACHE,False
scen_000038,inc_scen_000038_01,node_00,node_13,node_00,0,0.0,2026-09-01T00:05:00+00:00,2026-09-01T00:05:00+00:00,MESSAGE_QUEUE,False
scen_000038,inc_scen_000038_01,node_13,node_19,node_13,0,0.0,2026-09-01T00:05:00+00:00,2026-09-01T00:05:00+00:00,STORAGE,False
scen_000038,inc_scen_000038_01,node_13,node_24,node_13,0,0.0,2026-09-01T00:05:00+00:00,2026-09-01T00:05:00+00:00,DATABASE,False
scen_000038,inc_scen_000038_01,node_17,node_20,node_17,0,0.0,2026-09-01T00:05:00+00:00,2026-09-01T00:05:00+00:00,STORAGE,False
scen_000038,inc_scen_000038_01,node_20,node_06,node_20,0,0.0,2026-09-01T00:05:00+00:00,2026-09-01T00:05:00+00:00,CACHE,False
scen_000038,inc_scen_000038_01,node_24,node_12,node_24,0,0.0,2026-09-01T00:05:00+00:00,2026-09-01T00:05:00+00:00,STORAGE,False
scen_000038,inc_scen_000038_01,node_24,node_01,node_24,0,0.0,2026-09-01T00:05:00+00:00,2026-09-01T00:05:00+00:00,DATABASE,False
scen_000038,inc_scen_000038_01,node_24,node_19,node_24,0,0.0,2026-09-01T00:05:00+00:00,2026-09-01T00:05:00+00:00,STORAGE,False
scen_000039,inc_scen_000039_01,gw_01,auth_01,gw_01,0,0.0,2026-09-01T00:05:00+00:00,2026-09-01T00:05:00+00:00,HTTP,False
scen_000039,inc_scen_000039_01,gw_01,order_01,gw_01,0,0.0,2026-09-01T00:05:00+00:00,2026-09-01T00:05:00+00:00,HTTP,False
scen_000039,inc_scen_000039_01,gw_01,ecom_aux_1,gw_01,0,0.0,2026-09-01T00:05:00+00:00,2026-09-01T00:05:00+00:00,HTTP,False
scen_000039,inc_scen_000039_01,gw_01,ecom_aux_2,gw_01,0,0.0,2026-09-01T00:05:00+00:00,2026-09-01T00:05:00+00:00,HTTP,False
scen_000039,inc_scen_000039_01,gw_01,ecom_aux_3,gw_01,0,0.0,2026-09-01T00:05:00+00:00,2026-09-01T00:05:00+00:00,HTTP,False
scen_000039,inc_scen_000039_01,gw_01,ecom_aux_4,gw_01,0,0.0,2026-09-01T00:05:00+00:00,2026-09-01T00:05:00+00:00,HTTP,False
scen_000039,inc_scen_000039_01,gw_01,ecom_aux_5,gw_01,0,0.0,2026-09-01T00:05:00+00:00,2026-09-01T00:05:00+00:00,HTTP,False
scen_000039,inc_scen_000039_01,gw_01,ecom_aux_6,gw_01,0,0.0,2026-09-01T00:05:00+00:00,2026-09-01T00:05:00+00:00,HTTP,False
scen_000039,inc_scen_000039_01,gw_01,ecom_aux_7,gw_01,0,0.0,2026-09-01T00:05:00+00:00,2026-09-01T00:05:00+00:00,HTTP,False
scen_000039,inc_scen_000039_01,gw_01,ecom_aux_8,gw_01,0,0.0,2026-09-01T00:05:00+00:00,2026-09-01T00:05:00+00:00,HTTP,False
scen_000039,inc_scen_000039_01,gw_01,ecom_aux_9,gw_01,0,0.0,2026-09-01T00:05:00+00:00,2026-09-01T00:05:00+00:00,HTTP,False
scen_000039,inc_scen_000039_01,gw_01,ecom_aux_10,gw_01,0,0.0,2026-09-01T00:05:00+00:00,2026-09-01T00:05:00+00:00,HTTP,False
scen_000039,inc_scen_000039_01,gw_01,ecom_aux_11,gw_01,0,0.0,2026-09-01T00:05:00+00:00,2026-09-01T00:05:00+00:00,HTTP,False
scen_000039,inc_scen_000039_01,gw_01,ecom_aux_12,gw_01,0,0.0,2026-09-01T00:05:00+00:00,2026-09-01T00:05:00+00:00,HTTP,False
scen_000039,inc_scen_000039_01,gw_01,ecom_aux_13,gw_01,0,0.0,2026-09-01T00:05:00+00:00,2026-09-01T00:05:00+00:00,HTTP,False
scen_000039,inc_scen_000039_01,gw_01,ecom_aux_14,gw_01,0,0.0,2026-09-01T00:05:00+00:00,2026-09-01T00:05:00+00:00,HTTP,False
scen_000039,inc_scen_000039_01,gw_01,ecom_aux_15,gw_01,0,0.0,2026-09-01T00:05:00+00:00,2026-09-01T00:05:00+00:00,HTTP,False
scen_000039,inc_scen_000039_01,gw_01,ecom_aux_16,gw_01,0,0.0,2026-09-01T00:05:00+00:00,2026-09-01T00:05:00+00:00,HTTP,False
scen_000039,inc_scen_000039_01,gw_01,ecom_aux_17,gw_01,0,0.0,2026-09-01T00:05:00+00:00,2026-09-01T00:05:00+00:00,HTTP,False
scen_000039,inc_scen_000039_01,gw_01,ecom_aux_18,gw_01,0,0.0,2026-09-01T00:05:00+00:00,2026-09-01T00:05:00+00:00,HTTP,False
scen_000039,inc_scen_000039_01,gw_01,ecom_aux_19,gw_01,0,0.0,2026-09-01T00:05:00+00:00,2026-09-01T00:05:00+00:00,HTTP,False
scen_000039,inc_scen_000039_01,gw_01,ecom_aux_20,gw_01,0,0.0,2026-09-01T00:05:00+00:00,2026-09-01T00:05:00+00:00,HTTP,False
scen_000039,inc_scen_000039_01,gw_01,ecom_aux_21,gw_01,0,0.0,2026-09-01T00:05:00+00:00,2026-09-01T00:05:00+00:00,HTTP,False
scen_000039,inc_scen_000039_01,order_01,pay_01,order_01,0,0.0,2026-09-01T00:05:00+00:00,2026-09-01T00:05:00+00:00,HTTP,False
scen_000039,inc_scen_000039_01,order_01,inv_01,order_01,0,0.0,2026-09-01T00:05:00+00:00,2026-09-01T00:05:00+00:00,HTTP,False
scen_000039,inc_scen_000039_01,order_01,cache_01,order_01,0,0.0,2026-09-01T00:05:00+00:00,2026-09-01T00:05:00+00:00,CACHE,False
scen_000039,inc_scen_000039_01,order_01,mq_01,order_01,0,0.0,2026-09-01T00:05:00+00:00,2026-09-01T00:05:00+00:00,MESSAGE_QUEUE,False
scen_000039,inc_scen_000039_01,pay_01,db_master,pay_01,0,0.0,2026-09-01T00:05:00+00:00,2026-09-01T00:05:00+00:00,DATABASE,False
scen_000039,inc_scen_000039_01,inv_01,db_master,inv_01,0,0.0,2026-09-01T00:05:00+00:00,2026-09-01T00:05:00+00:00,DATABASE,False
scen_000039,inc_scen_000039_01,ecom_aux_1,cache_01,ecom_aux_1,0,0.0,2026-09-01T00:05:00+00:00,2026-09-01T00:05:00+00:00,CACHE,False
scen_000039,inc_scen_000039_01,ecom_aux_2,cache_01,ecom_aux_2,0,0.0,2026-09-01T00:05:00+00:00,2026-09-01T00:05:00+00:00,CACHE,False
scen_000039,inc_scen_000039_01,ecom_aux_3,cache_01,ecom_aux_3,0,0.0,2026-09-01T00:05:00+00:00,2026-09-01T00:05:00+00:00,CACHE,False
scen_000039,inc_scen_000039_01,ecom_aux_4,cache_01,ecom_aux_4,0,0.0,2026-09-01T00:05:00+00:00,2026-09-01T00:05:00+00:00,CACHE,False
scen_000039,inc_scen_000039_01,ecom_aux_5,cache_01,ecom_aux_5,0,0.0,2026-09-01T00:05:00+00:00,2026-09-01T00:05:00+00:00,CACHE,False
scen_000039,inc_scen_000039_01,ecom_aux_6,cache_01,ecom_aux_6,0,0.0,2026-09-01T00:05:00+00:00,2026-09-01T00:05:00+00:00,CACHE,False
scen_000039,inc_scen_000039_01,ecom_aux_7,cache_01,ecom_aux_7,0,0.0,2026-09-01T00:05:00+00:00,2026-09-01T00:05:00+00:00,CACHE,False
scen_000039,inc_scen_000039_01,ecom_aux_8,cache_01,ecom_aux_8,0,0.0,2026-09-01T00:05:00+00:00,2026-09-01T00:05:00+00:00,CACHE,False
scen_000039,inc_scen_000039_01,ecom_aux_9,cache_01,ecom_aux_9,0,0.0,2026-09-01T00:05:00+00:00,2026-09-01T00:05:00+00:00,CACHE,False
scen_000039,inc_scen_000039_01,ecom_aux_10,cache_01,ecom_aux_10,0,0.0,2026-09-01T00:05:00+00:00,2026-09-01T00:05:00+00:00,CACHE,False
scen_000039,inc_scen_000039_01,ecom_aux_11,cache_01,ecom_aux_11,0,0.0,2026-09-01T00:05:00+00:00,2026-09-01T00:05:00+00:00,CACHE,False
scen_000039,inc_scen_000039_01,ecom_aux_12,cache_01,ecom_aux_12,0,0.0,2026-09-01T00:05:00+00:00,2026-09-01T00:05:00+00:00,CACHE,False
scen_000039,inc_scen_000039_01,ecom_aux_13,cache_01,ecom_aux_13,0,0.0,2026-09-01T00:05:00+00:00,2026-09-01T00:05:00+00:00,CACHE,False
scen_000039,inc_scen_000039_01,ecom_aux_14,cache_01,ecom_aux_14,0,0.0,2026-09-01T00:05:00+00:00,2026-09-01T00:05:00+00:00,CACHE,False
scen_000039,inc_scen_000039_01,ecom_aux_15,cache_01,ecom_aux_15,0,0.0,2026-09-01T00:05:00+00:00,2026-09-01T00:05:00+00:00,CACHE,False
scen_000039,inc_scen_000039_01,ecom_aux_16,cache_01,ecom_aux_16,0,0.0,2026-09-01T00:05:00+00:00,2026-09-01T00:05:00+00:00,CACHE,False
scen_000039,inc_scen_000039_01,ecom_aux_17,cache_01,ecom_aux_17,0,0.0,2026-09-01T00:05:00+00:00,2026-09-01T00:05:00+00:00,CACHE,False
scen_000039,inc_scen_000039_01,ecom_aux_18,cache_01,ecom_aux_18,0,0.0,2026-09-01T00:05:00+00:00,2026-09-01T00:05:00+00:00,CACHE,False
scen_000039,inc_scen_000039_01,ecom_aux_19,cache_01,ecom_aux_19,0,0.0,2026-09-01T00:05:00+00:00,2026-09-01T00:05:00+00:00,CACHE,False
scen_000039,inc_scen_000039_01,ecom_aux_20,cache_01,ecom_aux_20,0,0.0,2026-09-01T00:05:00+00:00,2026-09-01T00:05:00+00:00,CACHE,False
scen_000039,inc_scen_000039_01,ecom_aux_21,cache_01,ecom_aux_21,0,0.0,2026-09-01T00:05:00+00:00,2026-09-01T00:05:00+00:00,CACHE,False
scen_000039,inc_scen_000039_02,ecom_aux_20,cache_01,ecom_aux_20,1,7.67,2026-09-01T00:08:00+00:00,2026-09-01T00:08:07.668180+00:00,CACHE,True
scen_000039,inc_scen_000039_02,gw_01,auth_01,gw_01,0,0.0,2026-09-01T00:08:00+00:00,2026-09-01T00:08:00+00:00,HTTP,False
scen_000039,inc_scen_000039_02,gw_01,order_01,gw_01,0,0.0,2026-09-01T00:08:00+00:00,2026-09-01T00:08:00+00:00,HTTP,False
scen_000039,inc_scen_000039_02,gw_01,ecom_aux_1,gw_01,0,0.0,2026-09-01T00:08:00+00:00,2026-09-01T00:08:00+00:00,HTTP,False
scen_000039,inc_scen_000039_02,gw_01,ecom_aux_2,gw_01,0,0.0,2026-09-01T00:08:00+00:00,2026-09-01T00:08:00+00:00,HTTP,False
scen_000039,inc_scen_000039_02,gw_01,ecom_aux_3,gw_01,0,0.0,2026-09-01T00:08:00+00:00,2026-09-01T00:08:00+00:00,HTTP,False
scen_000039,inc_scen_000039_02,gw_01,ecom_aux_4,gw_01,0,0.0,2026-09-01T00:08:00+00:00,2026-09-01T00:08:00+00:00,HTTP,False
scen_000039,inc_scen_000039_02,gw_01,ecom_aux_5,gw_01,0,0.0,2026-09-01T00:08:00+00:00,2026-09-01T00:08:00+00:00,HTTP,False
scen_000039,inc_scen_000039_02,gw_01,ecom_aux_6,gw_01,0,0.0,2026-09-01T00:08:00+00:00,2026-09-01T00:08:00+00:00,HTTP,False
scen_000039,inc_scen_000039_02,gw_01,ecom_aux_7,gw_01,0,0.0,2026-09-01T00:08:00+00:00,2026-09-01T00:08:00+00:00,HTTP,False
scen_000039,inc_scen_000039_02,gw_01,ecom_aux_8,gw_01,0,0.0,2026-09-01T00:08:00+00:00,2026-09-01T00:08:00+00:00,HTTP,False
scen_000039,inc_scen_000039_02,gw_01,ecom_aux_9,gw_01,0,0.0,2026-09-01T00:08:00+00:00,2026-09-01T00:08:00+00:00,HTTP,False
scen_000039,inc_scen_000039_02,gw_01,ecom_aux_10,gw_01,0,0.0,2026-09-01T00:08:00+00:00,2026-09-01T00:08:00+00:00,HTTP,False
scen_000039,inc_scen_000039_02,gw_01,ecom_aux_11,gw_01,0,0.0,2026-09-01T00:08:00+00:00,2026-09-01T00:08:00+00:00,HTTP,False
scen_000039,inc_scen_000039_02,gw_01,ecom_aux_12,gw_01,0,0.0,2026-09-01T00:08:00+00:00,2026-09-01T00:08:00+00:00,HTTP,False
scen_000039,inc_scen_000039_02,gw_01,ecom_aux_13,gw_01,0,0.0,2026-09-01T00:08:00+00:00,2026-09-01T00:08:00+00:00,HTTP,False
scen_000039,inc_scen_000039_02,gw_01,ecom_aux_14,gw_01,0,0.0,2026-09-01T00:08:00+00:00,2026-09-01T00:08:00+00:00,HTTP,False
scen_000039,inc_scen_000039_02,gw_01,ecom_aux_15,gw_01,0,0.0,2026-09-01T00:08:00+00:00,2026-09-01T00:08:00+00:00,HTTP,False
scen_000039,inc_scen_000039_02,gw_01,ecom_aux_16,gw_01,0,0.0,2026-09-01T00:08:00+00:00,2026-09-01T00:08:00+00:00,HTTP,False
scen_000039,inc_scen_000039_02,gw_01,ecom_aux_17,gw_01,0,0.0,2026-09-01T00:08:00+00:00,2026-09-01T00:08:00+00:00,HTTP,False
scen_000039,inc_scen_000039_02,gw_01,ecom_aux_18,gw_01,0,0.0,2026-09-01T00:08:00+00:00,2026-09-01T00:08:00+00:00,HTTP,False
scen_000039,inc_scen_000039_02,gw_01,ecom_aux_19,gw_01,0,0.0,2026-09-01T00:08:00+00:00,2026-09-01T00:08:00+00:00,HTTP,False
scen_000039,inc_scen_000039_02,gw_01,ecom_aux_20,gw_01,0,0.0,2026-09-01T00:08:00+00:00,2026-09-01T00:08:00+00:00,HTTP,False
scen_000039,inc_scen_000039_02,gw_01,ecom_aux_21,gw_01,0,0.0,2026-09-01T00:08:00+00:00,2026-09-01T00:08:00+00:00,HTTP,False
scen_000039,inc_scen_000039_02,order_01,pay_01,order_01,0,0.0,2026-09-01T00:08:00+00:00,2026-09-01T00:08:00+00:00,HTTP,False
scen_000039,inc_scen_000039_02,order_01,inv_01,order_01,0,0.0,2026-09-01T00:08:00+00:00,2026-09-01T00:08:00+00:00,HTTP,False
scen_000039,inc_scen_000039_02,order_01,cache_01,order_01,0,0.0,2026-09-01T00:08:00+00:00,2026-09-01T00:08:00+00:00,CACHE,False
scen_000039,inc_scen_000039_02,order_01,mq_01,order_01,0,0.0,2026-09-01T00:08:00+00:00,2026-09-01T00:08:00+00:00,MESSAGE_QUEUE,False
scen_000039,inc_scen_000039_02,pay_01,db_master,pay_01,0,0.0,2026-09-01T00:08:00+00:00,2026-09-01T00:08:00+00:00,DATABASE,False
scen_000039,inc_scen_000039_02,inv_01,db_master,inv_01,0,0.0,2026-09-01T00:08:00+00:00,2026-09-01T00:08:00+00:00,DATABASE,False
scen_000039,inc_scen_000039_02,ecom_aux_1,cache_01,ecom_aux_1,0,0.0,2026-09-01T00:08:00+00:00,2026-09-01T00:08:00+00:00,CACHE,False
scen_000039,inc_scen_000039_02,ecom_aux_2,cache_01,ecom_aux_2,0,0.0,2026-09-01T00:08:00+00:00,2026-09-01T00:08:00+00:00,CACHE,False
scen_000039,inc_scen_000039_02,ecom_aux_3,cache_01,ecom_aux_3,0,0.0,2026-09-01T00:08:00+00:00,2026-09-01T00:08:00+00:00,CACHE,False
scen_000039,inc_scen_000039_02,ecom_aux_4,cache_01,ecom_aux_4,0,0.0,2026-09-01T00:08:00+00:00,2026-09-01T00:08:00+00:00,CACHE,False
scen_000039,inc_scen_000039_02,ecom_aux_5,cache_01,ecom_aux_5,0,0.0,2026-09-01T00:08:00+00:00,2026-09-01T00:08:00+00:00,CACHE,False
scen_000039,inc_scen_000039_02,ecom_aux_6,cache_01,ecom_aux_6,0,0.0,2026-09-01T00:08:00+00:00,2026-09-01T00:08:00+00:00,CACHE,False
scen_000039,inc_scen_000039_02,ecom_aux_7,cache_01,ecom_aux_7,0,0.0,2026-09-01T00:08:00+00:00,2026-09-01T00:08:00+00:00,CACHE,False
scen_000039,inc_scen_000039_02,ecom_aux_8,cache_01,ecom_aux_8,0,0.0,2026-09-01T00:08:00+00:00,2026-09-01T00:08:00+00:00,CACHE,False
scen_000039,inc_scen_000039_02,ecom_aux_9,cache_01,ecom_aux_9,0,0.0,2026-09-01T00:08:00+00:00,2026-09-01T00:08:00+00:00,CACHE,False
scen_000039,inc_scen_000039_02,ecom_aux_10,cache_01,ecom_aux_10,0,0.0,2026-09-01T00:08:00+00:00,2026-09-01T00:08:00+00:00,CACHE,False
scen_000039,inc_scen_000039_02,ecom_aux_11,cache_01,ecom_aux_11,0,0.0,2026-09-01T00:08:00+00:00,2026-09-01T00:08:00+00:00,CACHE,False
scen_000039,inc_scen_000039_02,ecom_aux_12,cache_01,ecom_aux_12,0,0.0,2026-09-01T00:08:00+00:00,2026-09-01T00:08:00+00:00,CACHE,False
scen_000039,inc_scen_000039_02,ecom_aux_13,cache_01,ecom_aux_13,0,0.0,2026-09-01T00:08:00+00:00,2026-09-01T00:08:00+00:00,CACHE,False
scen_000039,inc_scen_000039_02,ecom_aux_14,cache_01,ecom_aux_14,0,0.0,2026-09-01T00:08:00+00:00,2026-09-01T00:08:00+00:00,CACHE,False
scen_000039,inc_scen_000039_02,ecom_aux_15,cache_01,ecom_aux_15,0,0.0,2026-09-01T00:08:00+00:00,2026-09-01T00:08:00+00:00,CACHE,False
scen_000039,inc_scen_000039_02,ecom_aux_16,cache_01,ecom_aux_16,0,0.0,2026-09-01T00:08:00+00:00,2026-09-01T00:08:00+00:00,CACHE,False
scen_000039,inc_scen_000039_02,ecom_aux_17,cache_01,ecom_aux_17,0,0.0,2026-09-01T00:08:00+00:00,2026-09-01T00:08:00+00:00,CACHE,False
scen_000039,inc_scen_000039_02,ecom_aux_18,cache_01,ecom_aux_18,0,0.0,2026-09-01T00:08:00+00:00,2026-09-01T00:08:00+00:00,CACHE,False
scen_000039,inc_scen_000039_02,ecom_aux_19,cache_01,ecom_aux_19,0,0.0,2026-09-01T00:08:00+00:00,2026-09-01T00:08:00+00:00,CACHE,False
scen_000039,inc_scen_000039_02,ecom_aux_21,cache_01,ecom_aux_21,0,0.0,2026-09-01T00:08:00+00:00,2026-09-01T00:08:00+00:00,CACHE,False
scen_000040,inc_scen_000040_01,consumer_8,db_event,consumer_8,1,8.81,2026-09-01T00:05:00+00:00,2026-09-01T00:05:08.812044+00:00,DATABASE,True
scen_000040,inc_scen_000040_01,ingest_01,kafka_broker,ingest_01,0,0.0,2026-09-01T00:05:00+00:00,2026-09-01T00:05:00+00:00,MESSAGE_QUEUE,False
scen_000040,inc_scen_000040_01,kafka_broker,notif_01,kafka_broker,0,0.0,2026-09-01T00:05:00+00:00,2026-09-01T00:05:00+00:00,MESSAGE_QUEUE,False
scen_000040,inc_scen_000040_01,kafka_broker,user_01,kafka_broker,0,0.0,2026-09-01T00:05:00+00:00,2026-09-01T00:05:00+00:00,MESSAGE_QUEUE,False
scen_000040,inc_scen_000040_01,kafka_broker,consumer_1,kafka_broker,0,0.0,2026-09-01T00:05:00+00:00,2026-09-01T00:05:00+00:00,MESSAGE_QUEUE,False
scen_000040,inc_scen_000040_01,kafka_broker,consumer_2,kafka_broker,0,0.0,2026-09-01T00:05:00+00:00,2026-09-01T00:05:00+00:00,MESSAGE_QUEUE,False
scen_000040,inc_scen_000040_01,kafka_broker,consumer_3,kafka_broker,0,0.0,2026-09-01T00:05:00+00:00,2026-09-01T00:05:00+00:00,MESSAGE_QUEUE,False
scen_000040,inc_scen_000040_01,kafka_broker,consumer_4,kafka_broker,0,0.0,2026-09-01T00:05:00+00:00,2026-09-01T00:05:00+00:00,MESSAGE_QUEUE,False
scen_000040,inc_scen_000040_01,kafka_broker,consumer_5,kafka_broker,0,0.0,2026-09-01T00:05:00+00:00,2026-09-01T00:05:00+00:00,MESSAGE_QUEUE,False
scen_000040,inc_scen_000040_01,kafka_broker,consumer_6,kafka_broker,0,0.0,2026-09-01T00:05:00+00:00,2026-09-01T00:05:00+00:00,MESSAGE_QUEUE,False
scen_000040,inc_scen_000040_01,kafka_broker,consumer_7,kafka_broker,0,0.0,2026-09-01T00:05:00+00:00,2026-09-01T00:05:00+00:00,MESSAGE_QUEUE,False
scen_000040,inc_scen_000040_01,kafka_broker,consumer_8,kafka_broker,0,0.0,2026-09-01T00:05:00+00:00,2026-09-01T00:05:00+00:00,MESSAGE_QUEUE,False
scen_000040,inc_scen_000040_01,kafka_broker,consumer_9,kafka_broker,0,0.0,2026-09-01T00:05:00+00:00,2026-09-01T00:05:00+00:00,MESSAGE_QUEUE,False
scen_000040,inc_scen_000040_01,kafka_broker,consumer_10,kafka_broker,0,0.0,2026-09-01T00:05:00+00:00,2026-09-01T00:05:00+00:00,MESSAGE_QUEUE,False
scen_000040,inc_scen_000040_01,kafka_broker,consumer_11,kafka_broker,0,0.0,2026-09-01T00:05:00+00:00,2026-09-01T00:05:00+00:00,MESSAGE_QUEUE,False
scen_000040,inc_scen_000040_01,notif_01,db_event,notif_01,0,0.0,2026-09-01T00:05:00+00:00,2026-09-01T00:05:00+00:00,DATABASE,False
scen_000040,inc_scen_000040_01,consumer_1,db_event,consumer_1,0,0.0,2026-09-01T00:05:00+00:00,2026-09-01T00:05:00+00:00,DATABASE,False
scen_000040,inc_scen_000040_01,consumer_2,db_event,consumer_2,0,0.0,2026-09-01T00:05:00+00:00,2026-09-01T00:05:00+00:00,DATABASE,False
scen_000040,inc_scen_000040_01,consumer_3,db_event,consumer_3,0,0.0,2026-09-01T00:05:00+00:00,2026-09-01T00:05:00+00:00,DATABASE,False
scen_000040,inc_scen_000040_01,consumer_4,db_event,consumer_4,0,0.0,2026-09-01T00:05:00+00:00,2026-09-01T00:05:00+00:00,DATABASE,False
scen_000040,inc_scen_000040_01,consumer_5,db_event,consumer_5,0,0.0,2026-09-01T00:05:00+00:00,2026-09-01T00:05:00+00:00,DATABASE,False
scen_000040,inc_scen_000040_01,consumer_6,db_event,consumer_6,0,0.0,2026-09-01T00:05:00+00:00,2026-09-01T00:05:00+00:00,DATABASE,False
scen_000040,inc_scen_000040_01,consumer_7,db_event,consumer_7,0,0.0,2026-09-01T00:05:00+00:00,2026-09-01T00:05:00+00:00,DATABASE,False
scen_000040,inc_scen_000040_01,consumer_9,db_event,consumer_9,0,0.0,2026-09-01T00:05:00+00:00,2026-09-01T00:05:00+00:00,DATABASE,False
scen_000040,inc_scen_000040_01,consumer_10,db_event,consumer_10,0,0.0,2026-09-01T00:05:00+00:00,2026-09-01T00:05:00+00:00,DATABASE,False
scen_000040,inc_scen_000040_01,consumer_11,db_event,consumer_11,0,0.0,2026-09-01T00:05:00+00:00,2026-09-01T00:05:00+00:00,DATABASE,False
scen_000040,inc_scen_000040_02,consumer_11,db_event,consumer_11,1,11.97,2026-09-01T00:06:19+00:00,2026-09-01T00:06:30.968650+00:00,DATABASE,True
scen_000040,inc_scen_000040_02,ingest_01,kafka_broker,ingest_01,0,0.0,2026-09-01T00:06:19+00:00,2026-09-01T00:06:19+00:00,MESSAGE_QUEUE,False
scen_000040,inc_scen_000040_02,kafka_broker,notif_01,kafka_broker,0,0.0,2026-09-01T00:06:19+00:00,2026-09-01T00:06:19+00:00,MESSAGE_QUEUE,False
scen_000040,inc_scen_000040_02,kafka_broker,user_01,kafka_broker,0,0.0,2026-09-01T00:06:19+00:00,2026-09-01T00:06:19+00:00,MESSAGE_QUEUE,False
scen_000040,inc_scen_000040_02,kafka_broker,consumer_1,kafka_broker,0,0.0,2026-09-01T00:06:19+00:00,2026-09-01T00:06:19+00:00,MESSAGE_QUEUE,False
scen_000040,inc_scen_000040_02,kafka_broker,consumer_2,kafka_broker,0,0.0,2026-09-01T00:06:19+00:00,2026-09-01T00:06:19+00:00,MESSAGE_QUEUE,False
scen_000040,inc_scen_000040_02,kafka_broker,consumer_3,kafka_broker,0,0.0,2026-09-01T00:06:19+00:00,2026-09-01T00:06:19+00:00,MESSAGE_QUEUE,False
scen_000040,inc_scen_000040_02,kafka_broker,consumer_4,kafka_broker,0,0.0,2026-09-01T00:06:19+00:00,2026-09-01T00:06:19+00:00,MESSAGE_QUEUE,False
scen_000040,inc_scen_000040_02,kafka_broker,consumer_5,kafka_broker,0,0.0,2026-09-01T00:06:19+00:00,2026-09-01T00:06:19+00:00,MESSAGE_QUEUE,False
scen_000040,inc_scen_000040_02,kafka_broker,consumer_6,kafka_broker,0,0.0,2026-09-01T00:06:19+00:00,2026-09-01T00:06:19+00:00,MESSAGE_QUEUE,False
scen_000040,inc_scen_000040_02,kafka_broker,consumer_7,kafka_broker,0,0.0,2026-09-01T00:06:19+00:00,2026-09-01T00:06:19+00:00,MESSAGE_QUEUE,False
scen_000040,inc_scen_000040_02,kafka_broker,consumer_8,kafka_broker,0,0.0,2026-09-01T00:06:19+00:00,2026-09-01T00:06:19+00:00,MESSAGE_QUEUE,False
scen_000040,inc_scen_000040_02,kafka_broker,consumer_9,kafka_broker,0,0.0,2026-09-01T00:06:19+00:00,2026-09-01T00:06:19+00:00,MESSAGE_QUEUE,False
scen_000040,inc_scen_000040_02,kafka_broker,consumer_10,kafka_broker,0,0.0,2026-09-01T00:06:19+00:00,2026-09-01T00:06:19+00:00,MESSAGE_QUEUE,False
scen_000040,inc_scen_000040_02,kafka_broker,consumer_11,kafka_broker,0,0.0,2026-09-01T00:06:19+00:00,2026-09-01T00:06:19+00:00,MESSAGE_QUEUE,False
scen_000040,inc_scen_000040_02,notif_01,db_event,notif_01,0,0.0,2026-09-01T00:06:19+00:00,2026-09-01T00:06:19+00:00,DATABASE,False
scen_000040,inc_scen_000040_02,consumer_1,db_event,consumer_1,0,0.0,2026-09-01T00:06:19+00:00,2026-09-01T00:06:19+00:00,DATABASE,False
scen_000040,inc_scen_000040_02,consumer_2,db_event,consumer_2,0,0.0,2026-09-01T00:06:19+00:00,2026-09-01T00:06:19+00:00,DATABASE,False
scen_000040,inc_scen_000040_02,consumer_3,db_event,consumer_3,0,0.0,2026-09-01T00:06:19+00:00,2026-09-01T00:06:19+00:00,DATABASE,False
scen_000040,inc_scen_000040_02,consumer_4,db_event,consumer_4,0,0.0,2026-09-01T00:06:19+00:00,2026-09-01T00:06:19+00:00,DATABASE,False
scen_000040,inc_scen_000040_02,consumer_5,db_event,consumer_5,0,0.0,2026-09-01T00:06:19+00:00,2026-09-01T00:06:19+00:00,DATABASE,False
scen_000040,inc_scen_000040_02,consumer_6,db_event,consumer_6,0,0.0,2026-09-01T00:06:19+00:00,2026-09-01T00:06:19+00:00,DATABASE,False
scen_000040,inc_scen_000040_02,consumer_7,db_event,consumer_7,0,0.0,2026-09-01T00:06:19+00:00,2026-09-01T00:06:19+00:00,DATABASE,False
scen_000040,inc_scen_000040_02,consumer_8,db_event,consumer_8,0,0.0,2026-09-01T00:06:19+00:00,2026-09-01T00:06:19+00:00,DATABASE,False
scen_000040,inc_scen_000040_02,consumer_9,db_event,consumer_9,0,0.0,2026-09-01T00:06:19+00:00,2026-09-01T00:06:19+00:00,DATABASE,False
scen_000040,inc_scen_000040_02,consumer_10,db_event,consumer_10,0,0.0,2026-09-01T00:06:19+00:00,2026-09-01T00:06:19+00:00,DATABASE,False
scen_000041,inc_scen_000041_01,node_02,node_06,node_02,1,6.23,2026-09-01T00:05:00+00:00,2026-09-01T00:05:06.228274+00:00,HTTP,True
scen_000041,inc_scen_000041_01,node_02,node_20,node_02,1,19.25,2026-09-01T00:05:00+00:00,2026-09-01T00:05:19.250182+00:00,STORAGE,True
scen_000041,inc_scen_000041_01,node_02,node_07,node_02,1,29.06,2026-09-01T00:05:00+00:00,2026-09-01T00:05:29.062263+00:00,DNS,True
scen_000041,inc_scen_000041_01,node_06,node_22,node_06,2,15.79,2026-09-01T00:05:06.228274+00:00,2026-09-01T00:05:22.018263+00:00,TCP,True
scen_000041,inc_scen_000041_01,node_20,node_23,node_20,2,5.53,2026-09-01T00:05:19.250182+00:00,2026-09-01T00:05:24.777096+00:00,DNS,True
scen_000041,inc_scen_000041_01,node_20,node_25,node_20,2,2.75,2026-09-01T00:05:19.250182+00:00,2026-09-01T00:05:22.001400+00:00,CACHE,True
scen_000041,inc_scen_000041_01,node_20,node_15,node_20,2,4.05,2026-09-01T00:05:19.250182+00:00,2026-09-01T00:05:23.299483+00:00,MESSAGE_QUEUE,True
scen_000041,inc_scen_000041_01,node_20,node_19,node_20,2,19.4,2026-09-01T00:05:19.250182+00:00,2026-09-01T00:05:38.648564+00:00,CACHE,True
scen_000041,inc_scen_000041_01,node_07,node_14,node_07,2,16.44,2026-09-01T00:05:29.062263+00:00,2026-09-01T00:05:45.501865+00:00,CACHE,True
scen_000041,inc_scen_000041_01,node_07,node_03,node_07,2,4.26,2026-09-01T00:05:29.062263+00:00,2026-09-01T00:05:33.326634+00:00,STORAGE,True
scen_000041,inc_scen_000041_01,node_07,node_12,node_07,2,3.57,2026-09-01T00:05:29.062263+00:00,2026-09-01T00:05:32.635853+00:00,STORAGE,True
scen_000041,inc_scen_000041_01,node_22,node_16,node_22,3,7.77,2026-09-01T00:05:22.018263+00:00,2026-09-01T00:05:29.783526+00:00,DNS,True
scen_000041,inc_scen_000041_01,node_23,node_24,node_23,3,3.76,2026-09-01T00:05:24.777096+00:00,2026-09-01T00:05:28.540376+00:00,TCP,True
scen_000041,inc_scen_000041_01,node_23,node_26,node_23,3,1.12,2026-09-01T00:05:24.777096+00:00,2026-09-01T00:05:25.893936+00:00,HTTP,True
scen_000041,inc_scen_000041_01,node_15,node_21,node_15,3,1.8,2026-09-01T00:05:23.299483+00:00,2026-09-01T00:05:25.103728+00:00,CACHE,True
scen_000041,inc_scen_000041_01,node_14,node_13,node_14,3,10.53,2026-09-01T00:05:45.501865+00:00,2026-09-01T00:05:56.030701+00:00,TCP,True
scen_000041,inc_scen_000041_01,node_03,node_08,node_03,3,9.09,2026-09-01T00:05:33.326634+00:00,2026-09-01T00:05:42.421304+00:00,HTTP,True
scen_000041,inc_scen_000041_01,node_03,node_10,node_03,3,8.16,2026-09-01T00:05:33.326634+00:00,2026-09-01T00:05:41.485133+00:00,TCP,True
scen_000041,inc_scen_000041_01,node_03,node_18,node_03,3,14.38,2026-09-01T00:05:33.326634+00:00,2026-09-01T00:05:47.705656+00:00,CACHE,True
scen_000041,inc_scen_000041_01,node_12,node_27,node_12,3,19.2,2026-09-01T00:05:32.635853+00:00,2026-09-01T00:05:51.839821+00:00,MESSAGE_QUEUE,True
scen_000041,inc_scen_000041_01,node_18,node_00,node_18,4,10.81,2026-09-01T00:05:47.705656+00:00,2026-09-01T00:05:58.519367+00:00,DATABASE,True
scen_000041,inc_scen_000041_01,node_00,node_01,node_00,5,12.69,2026-09-01T00:05:58.519367+00:00,2026-09-01T00:06:11.207431+00:00,HTTP,True
scen_000041,inc_scen_000041_01,node_00,node_05,node_00,5,13.35,2026-09-01T00:05:58.519367+00:00,2026-09-01T00:06:11.870684+00:00,CACHE,True
scen_000041,inc_scen_000041_01,node_01,node_04,node_01,0,0.0,2026-09-01T00:05:00+00:00,2026-09-01T00:05:00+00:00,TCP,False
scen_000041,inc_scen_000041_01,node_01,node_09,node_01,0,0.0,2026-09-01T00:05:00+00:00,2026-09-01T00:05:00+00:00,DATABASE,False
scen_000041,inc_scen_000041_01,node_04,node_07,node_04,0,0.0,2026-09-01T00:05:00+00:00,2026-09-01T00:05:00+00:00,CACHE,False
scen_000041,inc_scen_000041_01,node_09,node_11,node_09,0,0.0,2026-09-01T00:05:00+00:00,2026-09-01T00:05:00+00:00,STORAGE,False
scen_000041,inc_scen_000041_01,node_09,node_12,node_09,0,0.0,2026-09-01T00:05:00+00:00,2026-09-01T00:05:00+00:00,HTTP,False
scen_000041,inc_scen_000041_01,node_09,node_15,node_09,0,0.0,2026-09-01T00:05:00+00:00,2026-09-01T00:05:00+00:00,MESSAGE_QUEUE,False
scen_000041,inc_scen_000041_01,node_09,node_17,node_09,0,0.0,2026-09-01T00:05:00+00:00,2026-09-01T00:05:00+00:00,TCP,False
scen_000041,inc_scen_000041_01,node_11,node_19,node_11,0,0.0,2026-09-01T00:05:00+00:00,2026-09-01T00:05:00+00:00,MESSAGE_QUEUE,False
scen_000041,inc_scen_000041_01,node_11,node_12,node_11,0,0.0,2026-09-01T00:05:00+00:00,2026-09-01T00:05:00+00:00,MESSAGE_QUEUE,False
scen_000041,inc_scen_000041_01,node_11,node_21,node_11,0,0.0,2026-09-01T00:05:00+00:00,2026-09-01T00:05:00+00:00,DATABASE,False
scen_000041,inc_scen_000041_01,node_17,node_02,node_17,0,0.0,2026-09-01T00:05:00+00:00,2026-09-01T00:05:00+00:00,CACHE,False
scen_000041,inc_scen_000041_01,node_17,node_22,node_17,0,0.0,2026-09-01T00:05:00+00:00,2026-09-01T00:05:00+00:00,DATABASE,False
scen_000042,inc_scen_000042_01,ecom_aux_15,cache_01,ecom_aux_15,1,10.02,2026-09-01T00:05:00+00:00,2026-09-01T00:05:10.016543+00:00,CACHE,True
scen_000042,inc_scen_000042_01,gw_01,auth_01,gw_01,0,0.0,2026-09-01T00:05:00+00:00,2026-09-01T00:05:00+00:00,HTTP,False
scen_000042,inc_scen_000042_01,gw_01,order_01,gw_01,0,0.0,2026-09-01T00:05:00+00:00,2026-09-01T00:05:00+00:00,HTTP,False
scen_000042,inc_scen_000042_01,gw_01,ecom_aux_1,gw_01,0,0.0,2026-09-01T00:05:00+00:00,2026-09-01T00:05:00+00:00,HTTP,False
scen_000042,inc_scen_000042_01,gw_01,ecom_aux_2,gw_01,0,0.0,2026-09-01T00:05:00+00:00,2026-09-01T00:05:00+00:00,HTTP,False
scen_000042,inc_scen_000042_01,gw_01,ecom_aux_3,gw_01,0,0.0,2026-09-01T00:05:00+00:00,2026-09-01T00:05:00+00:00,HTTP,False
scen_000042,inc_scen_000042_01,gw_01,ecom_aux_4,gw_01,0,0.0,2026-09-01T00:05:00+00:00,2026-09-01T00:05:00+00:00,HTTP,False
scen_000042,inc_scen_000042_01,gw_01,ecom_aux_5,gw_01,0,0.0,2026-09-01T00:05:00+00:00,2026-09-01T00:05:00+00:00,HTTP,False
scen_000042,inc_scen_000042_01,gw_01,ecom_aux_6,gw_01,0,0.0,2026-09-01T00:05:00+00:00,2026-09-01T00:05:00+00:00,HTTP,False
scen_000042,inc_scen_000042_01,gw_01,ecom_aux_7,gw_01,0,0.0,2026-09-01T00:05:00+00:00,2026-09-01T00:05:00+00:00,HTTP,False
scen_000042,inc_scen_000042_01,gw_01,ecom_aux_8,gw_01,0,0.0,2026-09-01T00:05:00+00:00,2026-09-01T00:05:00+00:00,HTTP,False
scen_000042,inc_scen_000042_01,gw_01,ecom_aux_9,gw_01,0,0.0,2026-09-01T00:05:00+00:00,2026-09-01T00:05:00+00:00,HTTP,False
scen_000042,inc_scen_000042_01,gw_01,ecom_aux_10,gw_01,0,0.0,2026-09-01T00:05:00+00:00,2026-09-01T00:05:00+00:00,HTTP,False
scen_000042,inc_scen_000042_01,gw_01,ecom_aux_11,gw_01,0,0.0,2026-09-01T00:05:00+00:00,2026-09-01T00:05:00+00:00,HTTP,False
scen_000042,inc_scen_000042_01,gw_01,ecom_aux_12,gw_01,0,0.0,2026-09-01T00:05:00+00:00,2026-09-01T00:05:00+00:00,HTTP,False
scen_000042,inc_scen_000042_01,gw_01,ecom_aux_13,gw_01,0,0.0,2026-09-01T00:05:00+00:00,2026-09-01T00:05:00+00:00,HTTP,False
scen_000042,inc_scen_000042_01,gw_01,ecom_aux_14,gw_01,0,0.0,2026-09-01T00:05:00+00:00,2026-09-01T00:05:00+00:00,HTTP,False
scen_000042,inc_scen_000042_01,gw_01,ecom_aux_15,gw_01,0,0.0,2026-09-01T00:05:00+00:00,2026-09-01T00:05:00+00:00,HTTP,False
scen_000042,inc_scen_000042_01,gw_01,ecom_aux_16,gw_01,0,0.0,2026-09-01T00:05:00+00:00,2026-09-01T00:05:00+00:00,HTTP,False
scen_000042,inc_scen_000042_01,gw_01,ecom_aux_17,gw_01,0,0.0,2026-09-01T00:05:00+00:00,2026-09-01T00:05:00+00:00,HTTP,False
scen_000042,inc_scen_000042_01,gw_01,ecom_aux_18,gw_01,0,0.0,2026-09-01T00:05:00+00:00,2026-09-01T00:05:00+00:00,HTTP,False
scen_000042,inc_scen_000042_01,gw_01,ecom_aux_19,gw_01,0,0.0,2026-09-01T00:05:00+00:00,2026-09-01T00:05:00+00:00,HTTP,False
scen_000042,inc_scen_000042_01,gw_01,ecom_aux_20,gw_01,0,0.0,2026-09-01T00:05:00+00:00,2026-09-01T00:05:00+00:00,HTTP,False
scen_000042,inc_scen_000042_01,gw_01,ecom_aux_21,gw_01,0,0.0,2026-09-01T00:05:00+00:00,2026-09-01T00:05:00+00:00,HTTP,False
scen_000042,inc_scen_000042_01,gw_01,ecom_aux_22,gw_01,0,0.0,2026-09-01T00:05:00+00:00,2026-09-01T00:05:00+00:00,HTTP,False
scen_000042,inc_scen_000042_01,gw_01,ecom_aux_23,gw_01,0,0.0,2026-09-01T00:05:00+00:00,2026-09-01T00:05:00+00:00,HTTP,False
scen_000042,inc_scen_000042_01,gw_01,ecom_aux_24,gw_01,0,0.0,2026-09-01T00:05:00+00:00,2026-09-01T00:05:00+00:00,HTTP,False
scen_000042,inc_scen_000042_01,gw_01,ecom_aux_25,gw_01,0,0.0,2026-09-01T00:05:00+00:00,2026-09-01T00:05:00+00:00,HTTP,False
scen_000042,inc_scen_000042_01,order_01,pay_01,order_01,0,0.0,2026-09-01T00:05:00+00:00,2026-09-01T00:05:00+00:00,HTTP,False
scen_000042,inc_scen_000042_01,order_01,inv_01,order_01,0,0.0,2026-09-01T00:05:00+00:00,2026-09-01T00:05:00+00:00,HTTP,False
scen_000042,inc_scen_000042_01,order_01,cache_01,order_01,0,0.0,2026-09-01T00:05:00+00:00,2026-09-01T00:05:00+00:00,CACHE,False
scen_000042,inc_scen_000042_01,order_01,mq_01,order_01,0,0.0,2026-09-01T00:05:00+00:00,2026-09-01T00:05:00+00:00,MESSAGE_QUEUE,False
scen_000042,inc_scen_000042_01,pay_01,db_master,pay_01,0,0.0,2026-09-01T00:05:00+00:00,2026-09-01T00:05:00+00:00,DATABASE,False
scen_000042,inc_scen_000042_01,inv_01,db_master,inv_01,0,0.0,2026-09-01T00:05:00+00:00,2026-09-01T00:05:00+00:00,DATABASE,False
scen_000042,inc_scen_000042_01,ecom_aux_1,cache_01,ecom_aux_1,0,0.0,2026-09-01T00:05:00+00:00,2026-09-01T00:05:00+00:00,CACHE,False
scen_000042,inc_scen_000042_01,ecom_aux_2,cache_01,ecom_aux_2,0,0.0,2026-09-01T00:05:00+00:00,2026-09-01T00:05:00+00:00,CACHE,False
scen_000042,inc_scen_000042_01,ecom_aux_3,cache_01,ecom_aux_3,0,0.0,2026-09-01T00:05:00+00:00,2026-09-01T00:05:00+00:00,CACHE,False
scen_000042,inc_scen_000042_01,ecom_aux_4,cache_01,ecom_aux_4,0,0.0,2026-09-01T00:05:00+00:00,2026-09-01T00:05:00+00:00,CACHE,False
scen_000042,inc_scen_000042_01,ecom_aux_5,cache_01,ecom_aux_5,0,0.0,2026-09-01T00:05:00+00:00,2026-09-01T00:05:00+00:00,CACHE,False
scen_000042,inc_scen_000042_01,ecom_aux_6,cache_01,ecom_aux_6,0,0.0,2026-09-01T00:05:00+00:00,2026-09-01T00:05:00+00:00,CACHE,False
scen_000042,inc_scen_000042_01,ecom_aux_7,cache_01,ecom_aux_7,0,0.0,2026-09-01T00:05:00+00:00,2026-09-01T00:05:00+00:00,CACHE,False
scen_000042,inc_scen_000042_01,ecom_aux_8,cache_01,ecom_aux_8,0,0.0,2026-09-01T00:05:00+00:00,2026-09-01T00:05:00+00:00,CACHE,False
scen_000042,inc_scen_000042_01,ecom_aux_9,cache_01,ecom_aux_9,0,0.0,2026-09-01T00:05:00+00:00,2026-09-01T00:05:00+00:00,CACHE,False
scen_000042,inc_scen_000042_01,ecom_aux_10,cache_01,ecom_aux_10,0,0.0,2026-09-01T00:05:00+00:00,2026-09-01T00:05:00+00:00,CACHE,False
scen_000042,inc_scen_000042_01,ecom_aux_11,cache_01,ecom_aux_11,0,0.0,2026-09-01T00:05:00+00:00,2026-09-01T00:05:00+00:00,CACHE,False
scen_000042,inc_scen_000042_01,ecom_aux_12,cache_01,ecom_aux_12,0,0.0,2026-09-01T00:05:00+00:00,2026-09-01T00:05:00+00:00,CACHE,False
scen_000042,inc_scen_000042_01,ecom_aux_13,cache_01,ecom_aux_13,0,0.0,2026-09-01T00:05:00+00:00,2026-09-01T00:05:00+00:00,CACHE,False
scen_000042,inc_scen_000042_01,ecom_aux_14,cache_01,ecom_aux_14,0,0.0,2026-09-01T00:05:00+00:00,2026-09-01T00:05:00+00:00,CACHE,False
scen_000042,inc_scen_000042_01,ecom_aux_16,cache_01,ecom_aux_16,0,0.0,2026-09-01T00:05:00+00:00,2026-09-01T00:05:00+00:00,CACHE,False
scen_000042,inc_scen_000042_01,ecom_aux_17,cache_01,ecom_aux_17,0,0.0,2026-09-01T00:05:00+00:00,2026-09-01T00:05:00+00:00,CACHE,False
scen_000042,inc_scen_000042_01,ecom_aux_18,cache_01,ecom_aux_18,0,0.0,2026-09-01T00:05:00+00:00,2026-09-01T00:05:00+00:00,CACHE,False
scen_000042,inc_scen_000042_01,ecom_aux_19,cache_01,ecom_aux_19,0,0.0,2026-09-01T00:05:00+00:00,2026-09-01T00:05:00+00:00,CACHE,False
scen_000042,inc_scen_000042_01,ecom_aux_20,cache_01,ecom_aux_20,0,0.0,2026-09-01T00:05:00+00:00,2026-09-01T00:05:00+00:00,CACHE,False
scen_000042,inc_scen_000042_01,ecom_aux_21,cache_01,ecom_aux_21,0,0.0,2026-09-01T00:05:00+00:00,2026-09-01T00:05:00+00:00,CACHE,False
scen_000042,inc_scen_000042_01,ecom_aux_22,cache_01,ecom_aux_22,0,0.0,2026-09-01T00:05:00+00:00,2026-09-01T00:05:00+00:00,CACHE,False
scen_000042,inc_scen_000042_01,ecom_aux_23,cache_01,ecom_aux_23,0,0.0,2026-09-01T00:05:00+00:00,2026-09-01T00:05:00+00:00,CACHE,False
scen_000042,inc_scen_000042_01,ecom_aux_24,cache_01,ecom_aux_24,0,0.0,2026-09-01T00:05:00+00:00,2026-09-01T00:05:00+00:00,CACHE,False
scen_000042,inc_scen_000042_01,ecom_aux_25,cache_01,ecom_aux_25,0,0.0,2026-09-01T00:05:00+00:00,2026-09-01T00:05:00+00:00,CACHE,False
scen_000043,inc_scen_000043_01,search_node_15,es_01,search_node_15,1,8.24,2026-09-01T00:05:00+00:00,2026-09-01T00:05:08.238998+00:00,HTTP,True
scen_000043,inc_scen_000043_01,gw_01,rec_01,gw_01,0,0.0,2026-09-01T00:05:00+00:00,2026-09-01T00:05:00+00:00,HTTP,False
scen_000043,inc_scen_000043_01,gw_01,search_node_1,gw_01,0,0.0,2026-09-01T00:05:00+00:00,2026-09-01T00:05:00+00:00,HTTP,False
scen_000043,inc_scen_000043_01,gw_01,search_node_2,gw_01,0,0.0,2026-09-01T00:05:00+00:00,2026-09-01T00:05:00+00:00,HTTP,False
scen_000043,inc_scen_000043_01,gw_01,search_node_3,gw_01,0,0.0,2026-09-01T00:05:00+00:00,2026-09-01T00:05:00+00:00,HTTP,False
scen_000043,inc_scen_000043_01,gw_01,search_node_4,gw_01,0,0.0,2026-09-01T00:05:00+00:00,2026-09-01T00:05:00+00:00,HTTP,False
scen_000043,inc_scen_000043_01,gw_01,search_node_5,gw_01,0,0.0,2026-09-01T00:05:00+00:00,2026-09-01T00:05:00+00:00,HTTP,False
scen_000043,inc_scen_000043_01,gw_01,search_node_6,gw_01,0,0.0,2026-09-01T00:05:00+00:00,2026-09-01T00:05:00+00:00,HTTP,False
scen_000043,inc_scen_000043_01,gw_01,search_node_7,gw_01,0,0.0,2026-09-01T00:05:00+00:00,2026-09-01T00:05:00+00:00,HTTP,False
scen_000043,inc_scen_000043_01,gw_01,search_node_8,gw_01,0,0.0,2026-09-01T00:05:00+00:00,2026-09-01T00:05:00+00:00,HTTP,False
scen_000043,inc_scen_000043_01,gw_01,search_node_9,gw_01,0,0.0,2026-09-01T00:05:00+00:00,2026-09-01T00:05:00+00:00,HTTP,False
scen_000043,inc_scen_000043_01,gw_01,search_node_10,gw_01,0,0.0,2026-09-01T00:05:00+00:00,2026-09-01T00:05:00+00:00,HTTP,False
scen_000043,inc_scen_000043_01,gw_01,search_node_11,gw_01,0,0.0,2026-09-01T00:05:00+00:00,2026-09-01T00:05:00+00:00,HTTP,False
scen_000043,inc_scen_000043_01,gw_01,search_node_12,gw_01,0,0.0,2026-09-01T00:05:00+00:00,2026-09-01T00:05:00+00:00,HTTP,False
scen_000043,inc_scen_000043_01,gw_01,search_node_13,gw_01,0,0.0,2026-09-01T00:05:00+00:00,2026-09-01T00:05:00+00:00,HTTP,False
scen_000043,inc_scen_000043_01,gw_01,search_node_14,gw_01,0,0.0,2026-09-01T00:05:00+00:00,2026-09-01T00:05:00+00:00,HTTP,False
scen_000043,inc_scen_000043_01,gw_01,search_node_15,gw_01,0,0.0,2026-09-01T00:05:00+00:00,2026-09-01T00:05:00+00:00,HTTP,False
scen_000043,inc_scen_000043_01,gw_01,search_node_16,gw_01,0,0.0,2026-09-01T00:05:00+00:00,2026-09-01T00:05:00+00:00,HTTP,False
scen_000043,inc_scen_000043_01,gw_01,search_node_17,gw_01,0,0.0,2026-09-01T00:05:00+00:00,2026-09-01T00:05:00+00:00,HTTP,False
scen_000043,inc_scen_000043_01,gw_01,search_node_18,gw_01,0,0.0,2026-09-01T00:05:00+00:00,2026-09-01T00:05:00+00:00,HTTP,False
scen_000043,inc_scen_000043_01,gw_01,search_node_19,gw_01,0,0.0,2026-09-01T00:05:00+00:00,2026-09-01T00:05:00+00:00,HTTP,False
scen_000043,inc_scen_000043_01,gw_01,search_node_20,gw_01,0,0.0,2026-09-01T00:05:00+00:00,2026-09-01T00:05:00+00:00,HTTP,False
scen_000043,inc_scen_000043_01,gw_01,search_node_21,gw_01,0,0.0,2026-09-01T00:05:00+00:00,2026-09-01T00:05:00+00:00,HTTP,False
scen_000043,inc_scen_000043_01,gw_01,search_node_22,gw_01,0,0.0,2026-09-01T00:05:00+00:00,2026-09-01T00:05:00+00:00,HTTP,False
scen_000043,inc_scen_000043_01,gw_01,search_node_23,gw_01,0,0.0,2026-09-01T00:05:00+00:00,2026-09-01T00:05:00+00:00,HTTP,False
scen_000043,inc_scen_000043_01,gw_01,search_node_24,gw_01,0,0.0,2026-09-01T00:05:00+00:00,2026-09-01T00:05:00+00:00,HTTP,False
scen_000043,inc_scen_000043_01,gw_01,search_node_25,gw_01,0,0.0,2026-09-01T00:05:00+00:00,2026-09-01T00:05:00+00:00,HTTP,False
scen_000043,inc_scen_000043_01,gw_01,search_node_26,gw_01,0,0.0,2026-09-01T00:05:00+00:00,2026-09-01T00:05:00+00:00,HTTP,False
scen_000043,inc_scen_000043_01,gw_01,search_node_27,gw_01,0,0.0,2026-09-01T00:05:00+00:00,2026-09-01T00:05:00+00:00,HTTP,False
scen_000043,inc_scen_000043_01,gw_01,search_node_28,gw_01,0,0.0,2026-09-01T00:05:00+00:00,2026-09-01T00:05:00+00:00,HTTP,False
scen_000043,inc_scen_000043_01,gw_01,search_node_29,gw_01,0,0.0,2026-09-01T00:05:00+00:00,2026-09-01T00:05:00+00:00,HTTP,False
scen_000043,inc_scen_000043_01,gw_01,search_node_30,gw_01,0,0.0,2026-09-01T00:05:00+00:00,2026-09-01T00:05:00+00:00,HTTP,False
scen_000043,inc_scen_000043_01,gw_01,search_node_31,gw_01,0,0.0,2026-09-01T00:05:00+00:00,2026-09-01T00:05:00+00:00,HTTP,False
scen_000043,inc_scen_000043_01,gw_01,search_node_32,gw_01,0,0.0,2026-09-01T00:05:00+00:00,2026-09-01T00:05:00+00:00,HTTP,False
scen_000043,inc_scen_000043_01,gw_01,search_node_33,gw_01,0,0.0,2026-09-01T00:05:00+00:00,2026-09-01T00:05:00+00:00,HTTP,False
scen_000043,inc_scen_000043_01,gw_01,search_node_34,gw_01,0,0.0,2026-09-01T00:05:00+00:00,2026-09-01T00:05:00+00:00,HTTP,False
scen_000043,inc_scen_000043_01,gw_01,search_node_35,gw_01,0,0.0,2026-09-01T00:05:00+00:00,2026-09-01T00:05:00+00:00,HTTP,False
scen_000043,inc_scen_000043_01,rec_01,redis_01,rec_01,0,0.0,2026-09-01T00:05:00+00:00,2026-09-01T00:05:00+00:00,CACHE,False
scen_000043,inc_scen_000043_01,rec_01,es_01,rec_01,0,0.0,2026-09-01T00:05:00+00:00,2026-09-01T00:05:00+00:00,HTTP,False
scen_000043,inc_scen_000043_01,rec_01,mongo_01,rec_01,0,0.0,2026-09-01T00:05:00+00:00,2026-09-01T00:05:00+00:00,DATABASE,False
scen_000043,inc_scen_000043_01,search_node_1,es_01,search_node_1,0,0.0,2026-09-01T00:05:00+00:00,2026-09-01T00:05:00+00:00,HTTP,False
scen_000043,inc_scen_000043_01,search_node_2,es_01,search_node_2,0,0.0,2026-09-01T00:05:00+00:00,2026-09-01T00:05:00+00:00,HTTP,False
scen_000043,inc_scen_000043_01,search_node_3,es_01,search_node_3,0,0.0,2026-09-01T00:05:00+00:00,2026-09-01T00:05:00+00:00,HTTP,False
scen_000043,inc_scen_000043_01,search_node_4,es_01,search_node_4,0,0.0,2026-09-01T00:05:00+00:00,2026-09-01T00:05:00+00:00,HTTP,False
scen_000043,inc_scen_000043_01,search_node_5,es_01,search_node_5,0,0.0,2026-09-01T00:05:00+00:00,2026-09-01T00:05:00+00:00,HTTP,False
scen_000043,inc_scen_000043_01,search_node_6,es_01,search_node_6,0,0.0,2026-09-01T00:05:00+00:00,2026-09-01T00:05:00+00:00,HTTP,False
scen_000043,inc_scen_000043_01,search_node_7,es_01,search_node_7,0,0.0,2026-09-01T00:05:00+00:00,2026-09-01T00:05:00+00:00,HTTP,False
scen_000043,inc_scen_000043_01,search_node_8,es_01,search_node_8,0,0.0,2026-09-01T00:05:00+00:00,2026-09-01T00:05:00+00:00,HTTP,False
scen_000043,inc_scen_000043_01,search_node_9,es_01,search_node_9,0,0.0,2026-09-01T00:05:00+00:00,2026-09-01T00:05:00+00:00,HTTP,False
scen_000043,inc_scen_000043_01,search_node_10,es_01,search_node_10,0,0.0,2026-09-01T00:05:00+00:00,2026-09-01T00:05:00+00:00,HTTP,False
scen_000043,inc_scen_000043_01,search_node_11,es_01,search_node_11,0,0.0,2026-09-01T00:05:00+00:00,2026-09-01T00:05:00+00:00,HTTP,False
scen_000043,inc_scen_000043_01,search_node_12,es_01,search_node_12,0,0.0,2026-09-01T00:05:00+00:00,2026-09-01T00:05:00+00:00,HTTP,False
scen_000043,inc_scen_000043_01,search_node_13,es_01,search_node_13,0,0.0,2026-09-01T00:05:00+00:00,2026-09-01T00:05:00+00:00,HTTP,False
scen_000043,inc_scen_000043_01,search_node_14,es_01,search_node_14,0,0.0,2026-09-01T00:05:00+00:00,2026-09-01T00:05:00+00:00,HTTP,False
scen_000043,inc_scen_000043_01,search_node_16,es_01,search_node_16,0,0.0,2026-09-01T00:05:00+00:00,2026-09-01T00:05:00+00:00,HTTP,False
scen_000043,inc_scen_000043_01,search_node_17,es_01,search_node_17,0,0.0,2026-09-01T00:05:00+00:00,2026-09-01T00:05:00+00:00,HTTP,False
scen_000043,inc_scen_000043_01,search_node_18,es_01,search_node_18,0,0.0,2026-09-01T00:05:00+00:00,2026-09-01T00:05:00+00:00,HTTP,False
scen_000043,inc_scen_000043_01,search_node_19,es_01,search_node_19,0,0.0,2026-09-01T00:05:00+00:00,2026-09-01T00:05:00+00:00,HTTP,False
scen_000043,inc_scen_000043_01,search_node_20,es_01,search_node_20,0,0.0,2026-09-01T00:05:00+00:00,2026-09-01T00:05:00+00:00,HTTP,False
scen_000043,inc_scen_000043_01,search_node_21,es_01,search_node_21,0,0.0,2026-09-01T00:05:00+00:00,2026-09-01T00:05:00+00:00,HTTP,False
scen_000043,inc_scen_000043_01,search_node_22,es_01,search_node_22,0,0.0,2026-09-01T00:05:00+00:00,2026-09-01T00:05:00+00:00,HTTP,False
scen_000043,inc_scen_000043_01,search_node_23,es_01,search_node_23,0,0.0,2026-09-01T00:05:00+00:00,2026-09-01T00:05:00+00:00,HTTP,False
scen_000043,inc_scen_000043_01,search_node_24,es_01,search_node_24,0,0.0,2026-09-01T00:05:00+00:00,2026-09-01T00:05:00+00:00,HTTP,False
scen_000043,inc_scen_000043_01,search_node_25,es_01,search_node_25,0,0.0,2026-09-01T00:05:00+00:00,2026-09-01T00:05:00+00:00,HTTP,False
scen_000043,inc_scen_000043_01,search_node_26,es_01,search_node_26,0,0.0,2026-09-01T00:05:00+00:00,2026-09-01T00:05:00+00:00,HTTP,False
scen_000043,inc_scen_000043_01,search_node_27,es_01,search_node_27,0,0.0,2026-09-01T00:05:00+00:00,2026-09-01T00:05:00+00:00,HTTP,False
scen_000043,inc_scen_000043_01,search_node_28,es_01,search_node_28,0,0.0,2026-09-01T00:05:00+00:00,2026-09-01T00:05:00+00:00,HTTP,False
scen_000043,inc_scen_000043_01,search_node_29,es_01,search_node_29,0,0.0,2026-09-01T00:05:00+00:00,2026-09-01T00:05:00+00:00,HTTP,False
scen_000043,inc_scen_000043_01,search_node_30,es_01,search_node_30,0,0.0,2026-09-01T00:05:00+00:00,2026-09-01T00:05:00+00:00,HTTP,False
scen_000043,inc_scen_000043_01,search_node_31,es_01,search_node_31,0,0.0,2026-09-01T00:05:00+00:00,2026-09-01T00:05:00+00:00,HTTP,False
scen_000043,inc_scen_000043_01,search_node_32,es_01,search_node_32,0,0.0,2026-09-01T00:05:00+00:00,2026-09-01T00:05:00+00:00,HTTP,False
scen_000043,inc_scen_000043_01,search_node_33,es_01,search_node_33,0,0.0,2026-09-01T00:05:00+00:00,2026-09-01T00:05:00+00:00,HTTP,False
scen_000043,inc_scen_000043_01,search_node_34,es_01,search_node_34,0,0.0,2026-09-01T00:05:00+00:00,2026-09-01T00:05:00+00:00,HTTP,False
scen_000043,inc_scen_000043_01,search_node_35,es_01,search_node_35,0,0.0,2026-09-01T00:05:00+00:00,2026-09-01T00:05:00+00:00,HTTP,False
scen_000044,inc_scen_000044_01,node_01,node_03,node_01,1,7.85,2026-09-01T00:05:00+00:00,2026-09-01T00:05:07.849772+00:00,STORAGE,True
scen_000044,inc_scen_000044_01,node_01,node_06,node_01,1,19.97,2026-09-01T00:05:00+00:00,2026-09-01T00:05:19.972336+00:00,CACHE,True
scen_000044,inc_scen_000044_01,node_03,node_04,node_03,2,8.72,2026-09-01T00:05:07.849772+00:00,2026-09-01T00:05:16.568169+00:00,HTTP,True
scen_000044,inc_scen_000044_01,node_06,node_02,node_06,2,13.88,2026-09-01T00:05:19.972336+00:00,2026-09-01T00:05:33.849994+00:00,STORAGE,True
scen_000044,inc_scen_000044_01,node_04,node_05,node_04,3,6.63,2026-09-01T00:05:16.568169+00:00,2026-09-01T00:05:23.196332+00:00,MESSAGE_QUEUE,True
scen_000044,inc_scen_000044_01,node_04,node_07,node_04,3,22.87,2026-09-01T00:05:16.568169+00:00,2026-09-01T00:05:39.436527+00:00,CACHE,True
scen_000044,inc_scen_000044_01,node_00,node_01,node_00,0,0.0,2026-09-01T00:05:00+00:00,2026-09-01T00:05:00+00:00,DNS,False
scen_000044,inc_scen_000044_01,node_00,node_02,node_00,0,0.0,2026-09-01T00:05:00+00:00,2026-09-01T00:05:00+00:00,MESSAGE_QUEUE,False
scen_000046,inc_scen_000046_01,ecom_aux_9,cache_01,ecom_aux_9,1,3.18,2026-09-01T00:05:00+00:00,2026-09-01T00:05:03.179278+00:00,CACHE,True
scen_000046,inc_scen_000046_01,gw_01,auth_01,gw_01,0,0.0,2026-09-01T00:05:00+00:00,2026-09-01T00:05:00+00:00,HTTP,False
scen_000046,inc_scen_000046_01,gw_01,order_01,gw_01,0,0.0,2026-09-01T00:05:00+00:00,2026-09-01T00:05:00+00:00,HTTP,False
scen_000046,inc_scen_000046_01,gw_01,ecom_aux_1,gw_01,0,0.0,2026-09-01T00:05:00+00:00,2026-09-01T00:05:00+00:00,HTTP,False
scen_000046,inc_scen_000046_01,gw_01,ecom_aux_2,gw_01,0,0.0,2026-09-01T00:05:00+00:00,2026-09-01T00:05:00+00:00,HTTP,False
scen_000046,inc_scen_000046_01,gw_01,ecom_aux_3,gw_01,0,0.0,2026-09-01T00:05:00+00:00,2026-09-01T00:05:00+00:00,HTTP,False
scen_000046,inc_scen_000046_01,gw_01,ecom_aux_4,gw_01,0,0.0,2026-09-01T00:05:00+00:00,2026-09-01T00:05:00+00:00,HTTP,False
scen_000046,inc_scen_000046_01,gw_01,ecom_aux_5,gw_01,0,0.0,2026-09-01T00:05:00+00:00,2026-09-01T00:05:00+00:00,HTTP,False
scen_000046,inc_scen_000046_01,gw_01,ecom_aux_6,gw_01,0,0.0,2026-09-01T00:05:00+00:00,2026-09-01T00:05:00+00:00,HTTP,False
scen_000046,inc_scen_000046_01,gw_01,ecom_aux_7,gw_01,0,0.0,2026-09-01T00:05:00+00:00,2026-09-01T00:05:00+00:00,HTTP,False
scen_000046,inc_scen_000046_01,gw_01,ecom_aux_8,gw_01,0,0.0,2026-09-01T00:05:00+00:00,2026-09-01T00:05:00+00:00,HTTP,False
scen_000046,inc_scen_000046_01,gw_01,ecom_aux_9,gw_01,0,0.0,2026-09-01T00:05:00+00:00,2026-09-01T00:05:00+00:00,HTTP,False
scen_000046,inc_scen_000046_01,gw_01,ecom_aux_10,gw_01,0,0.0,2026-09-01T00:05:00+00:00,2026-09-01T00:05:00+00:00,HTTP,False
scen_000046,inc_scen_000046_01,gw_01,ecom_aux_11,gw_01,0,0.0,2026-09-01T00:05:00+00:00,2026-09-01T00:05:00+00:00,HTTP,False
scen_000046,inc_scen_000046_01,gw_01,ecom_aux_12,gw_01,0,0.0,2026-09-01T00:05:00+00:00,2026-09-01T00:05:00+00:00,HTTP,False
scen_000046,inc_scen_000046_01,gw_01,ecom_aux_13,gw_01,0,0.0,2026-09-01T00:05:00+00:00,2026-09-01T00:05:00+00:00,HTTP,False
scen_000046,inc_scen_000046_01,gw_01,ecom_aux_14,gw_01,0,0.0,2026-09-01T00:05:00+00:00,2026-09-01T00:05:00+00:00,HTTP,False
scen_000046,inc_scen_000046_01,gw_01,ecom_aux_15,gw_01,0,0.0,2026-09-01T00:05:00+00:00,2026-09-01T00:05:00+00:00,HTTP,False
scen_000046,inc_scen_000046_01,gw_01,ecom_aux_16,gw_01,0,0.0,2026-09-01T00:05:00+00:00,2026-09-01T00:05:00+00:00,HTTP,False
scen_000046,inc_scen_000046_01,gw_01,ecom_aux_17,gw_01,0,0.0,2026-09-01T00:05:00+00:00,2026-09-01T00:05:00+00:00,HTTP,False
scen_000046,inc_scen_000046_01,gw_01,ecom_aux_18,gw_01,0,0.0,2026-09-01T00:05:00+00:00,2026-09-01T00:05:00+00:00,HTTP,False
scen_000046,inc_scen_000046_01,gw_01,ecom_aux_19,gw_01,0,0.0,2026-09-01T00:05:00+00:00,2026-09-01T00:05:00+00:00,HTTP,False
scen_000046,inc_scen_000046_01,gw_01,ecom_aux_20,gw_01,0,0.0,2026-09-01T00:05:00+00:00,2026-09-01T00:05:00+00:00,HTTP,False
scen_000046,inc_scen_000046_01,gw_01,ecom_aux_21,gw_01,0,0.0,2026-09-01T00:05:00+00:00,2026-09-01T00:05:00+00:00,HTTP,False
scen_000046,inc_scen_000046_01,gw_01,ecom_aux_22,gw_01,0,0.0,2026-09-01T00:05:00+00:00,2026-09-01T00:05:00+00:00,HTTP,False
scen_000046,inc_scen_000046_01,gw_01,ecom_aux_23,gw_01,0,0.0,2026-09-01T00:05:00+00:00,2026-09-01T00:05:00+00:00,HTTP,False
scen_000046,inc_scen_000046_01,gw_01,ecom_aux_24,gw_01,0,0.0,2026-09-01T00:05:00+00:00,2026-09-01T00:05:00+00:00,HTTP,False
scen_000046,inc_scen_000046_01,gw_01,ecom_aux_25,gw_01,0,0.0,2026-09-01T00:05:00+00:00,2026-09-01T00:05:00+00:00,HTTP,False
scen_000046,inc_scen_000046_01,gw_01,ecom_aux_26,gw_01,0,0.0,2026-09-01T00:05:00+00:00,2026-09-01T00:05:00+00:00,HTTP,False
scen_000046,inc_scen_000046_01,gw_01,ecom_aux_27,gw_01,0,0.0,2026-09-01T00:05:00+00:00,2026-09-01T00:05:00+00:00,HTTP,False
scen_000046,inc_scen_000046_01,gw_01,ecom_aux_28,gw_01,0,0.0,2026-09-01T00:05:00+00:00,2026-09-01T00:05:00+00:00,HTTP,False
scen_000046,inc_scen_000046_01,order_01,pay_01,order_01,0,0.0,2026-09-01T00:05:00+00:00,2026-09-01T00:05:00+00:00,HTTP,False
scen_000046,inc_scen_000046_01,order_01,inv_01,order_01,0,0.0,2026-09-01T00:05:00+00:00,2026-09-01T00:05:00+00:00,HTTP,False
scen_000046,inc_scen_000046_01,order_01,cache_01,order_01,0,0.0,2026-09-01T00:05:00+00:00,2026-09-01T00:05:00+00:00,CACHE,False
scen_000046,inc_scen_000046_01,order_01,mq_01,order_01,0,0.0,2026-09-01T00:05:00+00:00,2026-09-01T00:05:00+00:00,MESSAGE_QUEUE,False
scen_000046,inc_scen_000046_01,pay_01,db_master,pay_01,0,0.0,2026-09-01T00:05:00+00:00,2026-09-01T00:05:00+00:00,DATABASE,False
scen_000046,inc_scen_000046_01,inv_01,db_master,inv_01,0,0.0,2026-09-01T00:05:00+00:00,2026-09-01T00:05:00+00:00,DATABASE,False
scen_000046,inc_scen_000046_01,ecom_aux_1,cache_01,ecom_aux_1,0,0.0,2026-09-01T00:05:00+00:00,2026-09-01T00:05:00+00:00,CACHE,False
scen_000046,inc_scen_000046_01,ecom_aux_2,cache_01,ecom_aux_2,0,0.0,2026-09-01T00:05:00+00:00,2026-09-01T00:05:00+00:00,CACHE,False
scen_000046,inc_scen_000046_01,ecom_aux_3,cache_01,ecom_aux_3,0,0.0,2026-09-01T00:05:00+00:00,2026-09-01T00:05:00+00:00,CACHE,False
scen_000046,inc_scen_000046_01,ecom_aux_4,cache_01,ecom_aux_4,0,0.0,2026-09-01T00:05:00+00:00,2026-09-01T00:05:00+00:00,CACHE,False
scen_000046,inc_scen_000046_01,ecom_aux_5,cache_01,ecom_aux_5,0,0.0,2026-09-01T00:05:00+00:00,2026-09-01T00:05:00+00:00,CACHE,False
scen_000046,inc_scen_000046_01,ecom_aux_6,cache_01,ecom_aux_6,0,0.0,2026-09-01T00:05:00+00:00,2026-09-01T00:05:00+00:00,CACHE,False
scen_000046,inc_scen_000046_01,ecom_aux_7,cache_01,ecom_aux_7,0,0.0,2026-09-01T00:05:00+00:00,2026-09-01T00:05:00+00:00,CACHE,False
scen_000046,inc_scen_000046_01,ecom_aux_8,cache_01,ecom_aux_8,0,0.0,2026-09-01T00:05:00+00:00,2026-09-01T00:05:00+00:00,CACHE,False
scen_000046,inc_scen_000046_01,ecom_aux_10,cache_01,ecom_aux_10,0,0.0,2026-09-01T00:05:00+00:00,2026-09-01T00:05:00+00:00,CACHE,False
scen_000046,inc_scen_000046_01,ecom_aux_11,cache_01,ecom_aux_11,0,0.0,2026-09-01T00:05:00+00:00,2026-09-01T00:05:00+00:00,CACHE,False
scen_000046,inc_scen_000046_01,ecom_aux_12,cache_01,ecom_aux_12,0,0.0,2026-09-01T00:05:00+00:00,2026-09-01T00:05:00+00:00,CACHE,False
scen_000046,inc_scen_000046_01,ecom_aux_13,cache_01,ecom_aux_13,0,0.0,2026-09-01T00:05:00+00:00,2026-09-01T00:05:00+00:00,CACHE,False
scen_000046,inc_scen_000046_01,ecom_aux_14,cache_01,ecom_aux_14,0,0.0,2026-09-01T00:05:00+00:00,2026-09-01T00:05:00+00:00,CACHE,False
scen_000046,inc_scen_000046_01,ecom_aux_15,cache_01,ecom_aux_15,0,0.0,2026-09-01T00:05:00+00:00,2026-09-01T00:05:00+00:00,CACHE,False
scen_000046,inc_scen_000046_01,ecom_aux_16,cache_01,ecom_aux_16,0,0.0,2026-09-01T00:05:00+00:00,2026-09-01T00:05:00+00:00,CACHE,False
scen_000046,inc_scen_000046_01,ecom_aux_17,cache_01,ecom_aux_17,0,0.0,2026-09-01T00:05:00+00:00,2026-09-01T00:05:00+00:00,CACHE,False
scen_000046,inc_scen_000046_01,ecom_aux_18,cache_01,ecom_aux_18,0,0.0,2026-09-01T00:05:00+00:00,2026-09-01T00:05:00+00:00,CACHE,False
scen_000046,inc_scen_000046_01,ecom_aux_19,cache_01,ecom_aux_19,0,0.0,2026-09-01T00:05:00+00:00,2026-09-01T00:05:00+00:00,CACHE,False
scen_000046,inc_scen_000046_01,ecom_aux_20,cache_01,ecom_aux_20,0,0.0,2026-09-01T00:05:00+00:00,2026-09-01T00:05:00+00:00,CACHE,False
scen_000046,inc_scen_000046_01,ecom_aux_21,cache_01,ecom_aux_21,0,0.0,2026-09-01T00:05:00+00:00,2026-09-01T00:05:00+00:00,CACHE,False
scen_000046,inc_scen_000046_01,ecom_aux_22,cache_01,ecom_aux_22,0,0.0,2026-09-01T00:05:00+00:00,2026-09-01T00:05:00+00:00,CACHE,False
scen_000046,inc_scen_000046_01,ecom_aux_23,cache_01,ecom_aux_23,0,0.0,2026-09-01T00:05:00+00:00,2026-09-01T00:05:00+00:00,CACHE,False
scen_000046,inc_scen_000046_01,ecom_aux_24,cache_01,ecom_aux_24,0,0.0,2026-09-01T00:05:00+00:00,2026-09-01T00:05:00+00:00,CACHE,False
scen_000046,inc_scen_000046_01,ecom_aux_25,cache_01,ecom_aux_25,0,0.0,2026-09-01T00:05:00+00:00,2026-09-01T00:05:00+00:00,CACHE,False
scen_000046,inc_scen_000046_01,ecom_aux_26,cache_01,ecom_aux_26,0,0.0,2026-09-01T00:05:00+00:00,2026-09-01T00:05:00+00:00,CACHE,False
scen_000046,inc_scen_000046_01,ecom_aux_27,cache_01,ecom_aux_27,0,0.0,2026-09-01T00:05:00+00:00,2026-09-01T00:05:00+00:00,CACHE,False
scen_000046,inc_scen_000046_01,ecom_aux_28,cache_01,ecom_aux_28,0,0.0,2026-09-01T00:05:00+00:00,2026-09-01T00:05:00+00:00,CACHE,False
scen_000047,inc_scen_000047_01,search_node_5,es_01,search_node_5,1,11.92,2026-09-01T00:05:00+00:00,2026-09-01T00:05:11.919859+00:00,HTTP,True
scen_000047,inc_scen_000047_01,gw_01,rec_01,gw_01,0,0.0,2026-09-01T00:05:00+00:00,2026-09-01T00:05:00+00:00,HTTP,False
scen_000047,inc_scen_000047_01,gw_01,search_node_1,gw_01,0,0.0,2026-09-01T00:05:00+00:00,2026-09-01T00:05:00+00:00,HTTP,False
scen_000047,inc_scen_000047_01,gw_01,search_node_2,gw_01,0,0.0,2026-09-01T00:05:00+00:00,2026-09-01T00:05:00+00:00,HTTP,False
scen_000047,inc_scen_000047_01,gw_01,search_node_3,gw_01,0,0.0,2026-09-01T00:05:00+00:00,2026-09-01T00:05:00+00:00,HTTP,False
scen_000047,inc_scen_000047_01,gw_01,search_node_4,gw_01,0,0.0,2026-09-01T00:05:00+00:00,2026-09-01T00:05:00+00:00,HTTP,False
scen_000047,inc_scen_000047_01,gw_01,search_node_5,gw_01,0,0.0,2026-09-01T00:05:00+00:00,2026-09-01T00:05:00+00:00,HTTP,False
scen_000047,inc_scen_000047_01,gw_01,search_node_6,gw_01,0,0.0,2026-09-01T00:05:00+00:00,2026-09-01T00:05:00+00:00,HTTP,False
scen_000047,inc_scen_000047_01,gw_01,search_node_7,gw_01,0,0.0,2026-09-01T00:05:00+00:00,2026-09-01T00:05:00+00:00,HTTP,False
scen_000047,inc_scen_000047_01,gw_01,search_node_8,gw_01,0,0.0,2026-09-01T00:05:00+00:00,2026-09-01T00:05:00+00:00,HTTP,False
scen_000047,inc_scen_000047_01,rec_01,redis_01,rec_01,0,0.0,2026-09-01T00:05:00+00:00,2026-09-01T00:05:00+00:00,CACHE,False
scen_000047,inc_scen_000047_01,rec_01,es_01,rec_01,0,0.0,2026-09-01T00:05:00+00:00,2026-09-01T00:05:00+00:00,HTTP,False
scen_000047,inc_scen_000047_01,rec_01,mongo_01,rec_01,0,0.0,2026-09-01T00:05:00+00:00,2026-09-01T00:05:00+00:00,DATABASE,False
scen_000047,inc_scen_000047_01,search_node_1,es_01,search_node_1,0,0.0,2026-09-01T00:05:00+00:00,2026-09-01T00:05:00+00:00,HTTP,False
scen_000047,inc_scen_000047_01,search_node_2,es_01,search_node_2,0,0.0,2026-09-01T00:05:00+00:00,2026-09-01T00:05:00+00:00,HTTP,False
scen_000047,inc_scen_000047_01,search_node_3,es_01,search_node_3,0,0.0,2026-09-01T00:05:00+00:00,2026-09-01T00:05:00+00:00,HTTP,False
scen_000047,inc_scen_000047_01,search_node_4,es_01,search_node_4,0,0.0,2026-09-01T00:05:00+00:00,2026-09-01T00:05:00+00:00,HTTP,False
scen_000047,inc_scen_000047_01,search_node_6,es_01,search_node_6,0,0.0,2026-09-01T00:05:00+00:00,2026-09-01T00:05:00+00:00,HTTP,False
scen_000047,inc_scen_000047_01,search_node_7,es_01,search_node_7,0,0.0,2026-09-01T00:05:00+00:00,2026-09-01T00:05:00+00:00,HTTP,False
scen_000047,inc_scen_000047_01,search_node_8,es_01,search_node_8,0,0.0,2026-09-01T00:05:00+00:00,2026-09-01T00:05:00+00:00,HTTP,False
scen_000049,inc_scen_000049_01,ecom_aux_17,cache_01,ecom_aux_17,1,13.88,2026-09-01T00:05:00+00:00,2026-09-01T00:05:13.882103+00:00,CACHE,True
scen_000049,inc_scen_000049_01,gw_01,auth_01,gw_01,0,0.0,2026-09-01T00:05:00+00:00,2026-09-01T00:05:00+00:00,HTTP,False
scen_000049,inc_scen_000049_01,gw_01,order_01,gw_01,0,0.0,2026-09-01T00:05:00+00:00,2026-09-01T00:05:00+00:00,HTTP,False
scen_000049,inc_scen_000049_01,gw_01,ecom_aux_1,gw_01,0,0.0,2026-09-01T00:05:00+00:00,2026-09-01T00:05:00+00:00,HTTP,False
scen_000049,inc_scen_000049_01,gw_01,ecom_aux_2,gw_01,0,0.0,2026-09-01T00:05:00+00:00,2026-09-01T00:05:00+00:00,HTTP,False
scen_000049,inc_scen_000049_01,gw_01,ecom_aux_3,gw_01,0,0.0,2026-09-01T00:05:00+00:00,2026-09-01T00:05:00+00:00,HTTP,False
scen_000049,inc_scen_000049_01,gw_01,ecom_aux_4,gw_01,0,0.0,2026-09-01T00:05:00+00:00,2026-09-01T00:05:00+00:00,HTTP,False
scen_000049,inc_scen_000049_01,gw_01,ecom_aux_5,gw_01,0,0.0,2026-09-01T00:05:00+00:00,2026-09-01T00:05:00+00:00,HTTP,False
scen_000049,inc_scen_000049_01,gw_01,ecom_aux_6,gw_01,0,0.0,2026-09-01T00:05:00+00:00,2026-09-01T00:05:00+00:00,HTTP,False
scen_000049,inc_scen_000049_01,gw_01,ecom_aux_7,gw_01,0,0.0,2026-09-01T00:05:00+00:00,2026-09-01T00:05:00+00:00,HTTP,False
scen_000049,inc_scen_000049_01,gw_01,ecom_aux_8,gw_01,0,0.0,2026-09-01T00:05:00+00:00,2026-09-01T00:05:00+00:00,HTTP,False
scen_000049,inc_scen_000049_01,gw_01,ecom_aux_9,gw_01,0,0.0,2026-09-01T00:05:00+00:00,2026-09-01T00:05:00+00:00,HTTP,False
scen_000049,inc_scen_000049_01,gw_01,ecom_aux_10,gw_01,0,0.0,2026-09-01T00:05:00+00:00,2026-09-01T00:05:00+00:00,HTTP,False
scen_000049,inc_scen_000049_01,gw_01,ecom_aux_11,gw_01,0,0.0,2026-09-01T00:05:00+00:00,2026-09-01T00:05:00+00:00,HTTP,False
scen_000049,inc_scen_000049_01,gw_01,ecom_aux_12,gw_01,0,0.0,2026-09-01T00:05:00+00:00,2026-09-01T00:05:00+00:00,HTTP,False
scen_000049,inc_scen_000049_01,gw_01,ecom_aux_13,gw_01,0,0.0,2026-09-01T00:05:00+00:00,2026-09-01T00:05:00+00:00,HTTP,False
scen_000049,inc_scen_000049_01,gw_01,ecom_aux_14,gw_01,0,0.0,2026-09-01T00:05:00+00:00,2026-09-01T00:05:00+00:00,HTTP,False
scen_000049,inc_scen_000049_01,gw_01,ecom_aux_15,gw_01,0,0.0,2026-09-01T00:05:00+00:00,2026-09-01T00:05:00+00:00,HTTP,False
scen_000049,inc_scen_000049_01,gw_01,ecom_aux_16,gw_01,0,0.0,2026-09-01T00:05:00+00:00,2026-09-01T00:05:00+00:00,HTTP,False
scen_000049,inc_scen_000049_01,gw_01,ecom_aux_17,gw_01,0,0.0,2026-09-01T00:05:00+00:00,2026-09-01T00:05:00+00:00,HTTP,False
scen_000049,inc_scen_000049_01,gw_01,ecom_aux_18,gw_01,0,0.0,2026-09-01T00:05:00+00:00,2026-09-01T00:05:00+00:00,HTTP,False
scen_000049,inc_scen_000049_01,gw_01,ecom_aux_19,gw_01,0,0.0,2026-09-01T00:05:00+00:00,2026-09-01T00:05:00+00:00,HTTP,False
scen_000049,inc_scen_000049_01,gw_01,ecom_aux_20,gw_01,0,0.0,2026-09-01T00:05:00+00:00,2026-09-01T00:05:00+00:00,HTTP,False
scen_000049,inc_scen_000049_01,gw_01,ecom_aux_21,gw_01,0,0.0,2026-09-01T00:05:00+00:00,2026-09-01T00:05:00+00:00,HTTP,False
scen_000049,inc_scen_000049_01,gw_01,ecom_aux_22,gw_01,0,0.0,2026-09-01T00:05:00+00:00,2026-09-01T00:05:00+00:00,HTTP,False
scen_000049,inc_scen_000049_01,gw_01,ecom_aux_23,gw_01,0,0.0,2026-09-01T00:05:00+00:00,2026-09-01T00:05:00+00:00,HTTP,False
scen_000049,inc_scen_000049_01,gw_01,ecom_aux_24,gw_01,0,0.0,2026-09-01T00:05:00+00:00,2026-09-01T00:05:00+00:00,HTTP,False
scen_000049,inc_scen_000049_01,gw_01,ecom_aux_25,gw_01,0,0.0,2026-09-01T00:05:00+00:00,2026-09-01T00:05:00+00:00,HTTP,False
scen_000049,inc_scen_000049_01,gw_01,ecom_aux_26,gw_01,0,0.0,2026-09-01T00:05:00+00:00,2026-09-01T00:05:00+00:00,HTTP,False
scen_000049,inc_scen_000049_01,gw_01,ecom_aux_27,gw_01,0,0.0,2026-09-01T00:05:00+00:00,2026-09-01T00:05:00+00:00,HTTP,False
scen_000049,inc_scen_000049_01,order_01,pay_01,order_01,0,0.0,2026-09-01T00:05:00+00:00,2026-09-01T00:05:00+00:00,HTTP,False
scen_000049,inc_scen_000049_01,order_01,inv_01,order_01,0,0.0,2026-09-01T00:05:00+00:00,2026-09-01T00:05:00+00:00,HTTP,False
scen_000049,inc_scen_000049_01,order_01,cache_01,order_01,0,0.0,2026-09-01T00:05:00+00:00,2026-09-01T00:05:00+00:00,CACHE,False
scen_000049,inc_scen_000049_01,order_01,mq_01,order_01,0,0.0,2026-09-01T00:05:00+00:00,2026-09-01T00:05:00+00:00,MESSAGE_QUEUE,False
scen_000049,inc_scen_000049_01,pay_01,db_master,pay_01,0,0.0,2026-09-01T00:05:00+00:00,2026-09-01T00:05:00+00:00,DATABASE,False
scen_000049,inc_scen_000049_01,inv_01,db_master,inv_01,0,0.0,2026-09-01T00:05:00+00:00,2026-09-01T00:05:00+00:00,DATABASE,False
scen_000049,inc_scen_000049_01,ecom_aux_1,cache_01,ecom_aux_1,0,0.0,2026-09-01T00:05:00+00:00,2026-09-01T00:05:00+00:00,CACHE,False
scen_000049,inc_scen_000049_01,ecom_aux_2,cache_01,ecom_aux_2,0,0.0,2026-09-01T00:05:00+00:00,2026-09-01T00:05:00+00:00,CACHE,False
scen_000049,inc_scen_000049_01,ecom_aux_3,cache_01,ecom_aux_3,0,0.0,2026-09-01T00:05:00+00:00,2026-09-01T00:05:00+00:00,CACHE,False
scen_000049,inc_scen_000049_01,ecom_aux_4,cache_01,ecom_aux_4,0,0.0,2026-09-01T00:05:00+00:00,2026-09-01T00:05:00+00:00,CACHE,False
scen_000049,inc_scen_000049_01,ecom_aux_5,cache_01,ecom_aux_5,0,0.0,2026-09-01T00:05:00+00:00,2026-09-01T00:05:00+00:00,CACHE,False
scen_000049,inc_scen_000049_01,ecom_aux_6,cache_01,ecom_aux_6,0,0.0,2026-09-01T00:05:00+00:00,2026-09-01T00:05:00+00:00,CACHE,False
scen_000049,inc_scen_000049_01,ecom_aux_7,cache_01,ecom_aux_7,0,0.0,2026-09-01T00:05:00+00:00,2026-09-01T00:05:00+00:00,CACHE,False
scen_000049,inc_scen_000049_01,ecom_aux_8,cache_01,ecom_aux_8,0,0.0,2026-09-01T00:05:00+00:00,2026-09-01T00:05:00+00:00,CACHE,False
scen_000049,inc_scen_000049_01,ecom_aux_9,cache_01,ecom_aux_9,0,0.0,2026-09-01T00:05:00+00:00,2026-09-01T00:05:00+00:00,CACHE,False
scen_000049,inc_scen_000049_01,ecom_aux_10,cache_01,ecom_aux_10,0,0.0,2026-09-01T00:05:00+00:00,2026-09-01T00:05:00+00:00,CACHE,False
scen_000049,inc_scen_000049_01,ecom_aux_11,cache_01,ecom_aux_11,0,0.0,2026-09-01T00:05:00+00:00,2026-09-01T00:05:00+00:00,CACHE,False
scen_000049,inc_scen_000049_01,ecom_aux_12,cache_01,ecom_aux_12,0,0.0,2026-09-01T00:05:00+00:00,2026-09-01T00:05:00+00:00,CACHE,False
scen_000049,inc_scen_000049_01,ecom_aux_13,cache_01,ecom_aux_13,0,0.0,2026-09-01T00:05:00+00:00,2026-09-01T00:05:00+00:00,CACHE,False
scen_000049,inc_scen_000049_01,ecom_aux_14,cache_01,ecom_aux_14,0,0.0,2026-09-01T00:05:00+00:00,2026-09-01T00:05:00+00:00,CACHE,False
scen_000049,inc_scen_000049_01,ecom_aux_15,cache_01,ecom_aux_15,0,0.0,2026-09-01T00:05:00+00:00,2026-09-01T00:05:00+00:00,CACHE,False
scen_000049,inc_scen_000049_01,ecom_aux_16,cache_01,ecom_aux_16,0,0.0,2026-09-01T00:05:00+00:00,2026-09-01T00:05:00+00:00,CACHE,False
scen_000049,inc_scen_000049_01,ecom_aux_18,cache_01,ecom_aux_18,0,0.0,2026-09-01T00:05:00+00:00,2026-09-01T00:05:00+00:00,CACHE,False
scen_000049,inc_scen_000049_01,ecom_aux_19,cache_01,ecom_aux_19,0,0.0,2026-09-01T00:05:00+00:00,2026-09-01T00:05:00+00:00,CACHE,False
scen_000049,inc_scen_000049_01,ecom_aux_20,cache_01,ecom_aux_20,0,0.0,2026-09-01T00:05:00+00:00,2026-09-01T00:05:00+00:00,CACHE,False
scen_000049,inc_scen_000049_01,ecom_aux_21,cache_01,ecom_aux_21,0,0.0,2026-09-01T00:05:00+00:00,2026-09-01T00:05:00+00:00,CACHE,False
scen_000049,inc_scen_000049_01,ecom_aux_22,cache_01,ecom_aux_22,0,0.0,2026-09-01T00:05:00+00:00,2026-09-01T00:05:00+00:00,CACHE,False
scen_000049,inc_scen_000049_01,ecom_aux_23,cache_01,ecom_aux_23,0,0.0,2026-09-01T00:05:00+00:00,2026-09-01T00:05:00+00:00,CACHE,False
scen_000049,inc_scen_000049_01,ecom_aux_24,cache_01,ecom_aux_24,0,0.0,2026-09-01T00:05:00+00:00,2026-09-01T00:05:00+00:00,CACHE,False
scen_000049,inc_scen_000049_01,ecom_aux_25,cache_01,ecom_aux_25,0,0.0,2026-09-01T00:05:00+00:00,2026-09-01T00:05:00+00:00,CACHE,False
scen_000049,inc_scen_000049_01,ecom_aux_26,cache_01,ecom_aux_26,0,0.0,2026-09-01T00:05:00+00:00,2026-09-01T00:05:00+00:00,CACHE,False
scen_000049,inc_scen_000049_01,ecom_aux_27,cache_01,ecom_aux_27,0,0.0,2026-09-01T00:05:00+00:00,2026-09-01T00:05:00+00:00,CACHE,False
scen_000050,inc_scen_000050_01,kafka_broker,notif_01,kafka_broker,1,9.27,2026-09-01T00:05:00+00:00,2026-09-01T00:05:09.270155+00:00,MESSAGE_QUEUE,True
scen_000050,inc_scen_000050_01,kafka_broker,user_01,kafka_broker,1,15.31,2026-09-01T00:05:00+00:00,2026-09-01T00:05:15.307874+00:00,MESSAGE_QUEUE,True
scen_000050,inc_scen_000050_01,kafka_broker,consumer_1,kafka_broker,1,1.42,2026-09-01T00:05:00+00:00,2026-09-01T00:05:01.424326+00:00,MESSAGE_QUEUE,True
scen_000050,inc_scen_000050_01,kafka_broker,consumer_2,kafka_broker,1,17.1,2026-09-01T00:05:00+00:00,2026-09-01T00:05:17.101832+00:00,MESSAGE_QUEUE,True
scen_000050,inc_scen_000050_01,kafka_broker,consumer_3,kafka_broker,1,12.22,2026-09-01T00:05:00+00:00,2026-09-01T00:05:12.216795+00:00,MESSAGE_QUEUE,True
scen_000050,inc_scen_000050_01,notif_01,db_event,notif_01,2,7.24,2026-09-01T00:05:09.270155+00:00,2026-09-01T00:05:16.506658+00:00,DATABASE,True
scen_000050,inc_scen_000050_01,ingest_01,kafka_broker,ingest_01,0,0.0,2026-09-01T00:05:00+00:00,2026-09-01T00:05:00+00:00,MESSAGE_QUEUE,False
scen_000051,inc_scen_000051_01,node_00,node_01,node_00,0,0.0,2026-09-01T00:05:00+00:00,2026-09-01T00:05:00+00:00,DNS,False
scen_000051,inc_scen_000051_01,node_00,node_02,node_00,0,0.0,2026-09-01T00:05:00+00:00,2026-09-01T00:05:00+00:00,CACHE,False
scen_000051,inc_scen_000051_01,node_00,node_03,node_00,0,0.0,2026-09-01T00:05:00+00:00,2026-09-01T00:05:00+00:00,CACHE,False
scen_000051,inc_scen_000051_01,node_00,node_05,node_00,0,0.0,2026-09-01T00:05:00+00:00,2026-09-01T00:05:00+00:00,STORAGE,False
scen_000051,inc_scen_000051_01,node_00,node_18,node_00,0,0.0,2026-09-01T00:05:00+00:00,2026-09-01T00:05:00+00:00,MESSAGE_QUEUE,False
scen_000051,inc_scen_000051_01,node_00,node_19,node_00,0,0.0,2026-09-01T00:05:00+00:00,2026-09-01T00:05:00+00:00,HTTP,False
scen_000051,inc_scen_000051_01,node_01,node_04,node_01,0,0.0,2026-09-01T00:05:00+00:00,2026-09-01T00:05:00+00:00,STORAGE,False
scen_000051,inc_scen_000051_01,node_01,node_14,node_01,0,0.0,2026-09-01T00:05:00+00:00,2026-09-01T00:05:00+00:00,DNS,False
scen_000051,inc_scen_000051_01,node_01,node_15,node_01,0,0.0,2026-09-01T00:05:00+00:00,2026-09-01T00:05:00+00:00,CACHE,False
scen_000051,inc_scen_000051_01,node_02,node_06,node_02,0,0.0,2026-09-01T00:05:00+00:00,2026-09-01T00:05:00+00:00,MESSAGE_QUEUE,False
scen_000051,inc_scen_000051_01,node_02,node_10,node_02,0,0.0,2026-09-01T00:05:00+00:00,2026-09-01T00:05:00+00:00,DNS,False
scen_000051,inc_scen_000051_01,node_02,node_11,node_02,0,0.0,2026-09-01T00:05:00+00:00,2026-09-01T00:05:00+00:00,DATABASE,False
scen_000051,inc_scen_000051_01,node_02,node_30,node_02,0,0.0,2026-09-01T00:05:00+00:00,2026-09-01T00:05:00+00:00,HTTP,False
scen_000051,inc_scen_000051_01,node_03,node_17,node_03,0,0.0,2026-09-01T00:05:00+00:00,2026-09-01T00:05:00+00:00,CACHE,False
scen_000051,inc_scen_000051_01,node_04,node_08,node_04,0,0.0,2026-09-01T00:05:00+00:00,2026-09-01T00:05:00+00:00,HTTP,False
scen_000051,inc_scen_000051_01,node_04,node_28,node_04,0,0.0,2026-09-01T00:05:00+00:00,2026-09-01T00:05:00+00:00,HTTP,False
scen_000051,inc_scen_000051_01,node_04,node_39,node_04,0,0.0,2026-09-01T00:05:00+00:00,2026-09-01T00:05:00+00:00,MESSAGE_QUEUE,False
scen_000051,inc_scen_000051_01,node_04,node_05,node_04,0,0.0,2026-09-01T00:05:00+00:00,2026-09-01T00:05:00+00:00,DNS,False
scen_000051,inc_scen_000051_01,node_05,node_07,node_05,0,0.0,2026-09-01T00:05:00+00:00,2026-09-01T00:05:00+00:00,DATABASE,False
scen_000051,inc_scen_000051_01,node_05,node_12,node_05,0,0.0,2026-09-01T00:05:00+00:00,2026-09-01T00:05:00+00:00,DNS,False
scen_000051,inc_scen_000051_01,node_05,node_21,node_05,0,0.0,2026-09-01T00:05:00+00:00,2026-09-01T00:05:00+00:00,STORAGE,False
scen_000051,inc_scen_000051_01,node_06,node_32,node_06,0,0.0,2026-09-01T00:05:00+00:00,2026-09-01T00:05:00+00:00,HTTP,False
scen_000051,inc_scen_000051_01,node_06,node_35,node_06,0,0.0,2026-09-01T00:05:00+00:00,2026-09-01T00:05:00+00:00,STORAGE,False
scen_000051,inc_scen_000051_01,node_06,node_24,node_06,0,0.0,2026-09-01T00:05:00+00:00,2026-09-01T00:05:00+00:00,STORAGE,False
scen_000051,inc_scen_000051_01,node_06,node_34,node_06,0,0.0,2026-09-01T00:05:00+00:00,2026-09-01T00:05:00+00:00,MESSAGE_QUEUE,False
scen_000051,inc_scen_000051_01,node_07,node_25,node_07,0,0.0,2026-09-01T00:05:00+00:00,2026-09-01T00:05:00+00:00,DNS,False
scen_000051,inc_scen_000051_01,node_07,node_26,node_07,0,0.0,2026-09-01T00:05:00+00:00,2026-09-01T00:05:00+00:00,CACHE,False
scen_000051,inc_scen_000051_01,node_07,node_18,node_07,0,0.0,2026-09-01T00:05:00+00:00,2026-09-01T00:05:00+00:00,CACHE,False
scen_000051,inc_scen_000051_01,node_07,node_30,node_07,0,0.0,2026-09-01T00:05:00+00:00,2026-09-01T00:05:00+00:00,STORAGE,False
scen_000051,inc_scen_000051_01,node_08,node_09,node_08,0,0.0,2026-09-01T00:05:00+00:00,2026-09-01T00:05:00+00:00,MESSAGE_QUEUE,False
scen_000051,inc_scen_000051_01,node_08,node_23,node_08,0,0.0,2026-09-01T00:05:00+00:00,2026-09-01T00:05:00+00:00,DATABASE,False
scen_000051,inc_scen_000051_01,node_08,node_10,node_08,0,0.0,2026-09-01T00:05:00+00:00,2026-09-01T00:05:00+00:00,CACHE,False
scen_000051,inc_scen_000051_01,node_08,node_29,node_08,0,0.0,2026-09-01T00:05:00+00:00,2026-09-01T00:05:00+00:00,MESSAGE_QUEUE,False
scen_000051,inc_scen_000051_01,node_09,node_13,node_09,0,0.0,2026-09-01T00:05:00+00:00,2026-09-01T00:05:00+00:00,TCP,False
scen_000051,inc_scen_000051_01,node_09,node_37,node_09,0,0.0,2026-09-01T00:05:00+00:00,2026-09-01T00:05:00+00:00,DATABASE,False
scen_000051,inc_scen_000051_01,node_09,node_16,node_09,0,0.0,2026-09-01T00:05:00+00:00,2026-09-01T00:05:00+00:00,STORAGE,False
scen_000051,inc_scen_000051_01,node_09,node_31,node_09,0,0.0,2026-09-01T00:05:00+00:00,2026-09-01T00:05:00+00:00,CACHE,False
scen_000051,inc_scen_000051_01,node_09,node_00,node_09,0,0.0,2026-09-01T00:05:00+00:00,2026-09-01T00:05:00+00:00,MESSAGE_QUEUE,False
scen_000051,inc_scen_000051_01,node_10,node_18,node_10,0,0.0,2026-09-01T00:05:00+00:00,2026-09-01T00:05:00+00:00,MESSAGE_QUEUE,False
scen_000051,inc_scen_000051_01,node_11,node_16,node_11,0,0.0,2026-09-01T00:05:00+00:00,2026-09-01T00:05:00+00:00,DATABASE,False
scen_000051,inc_scen_000051_01,node_11,node_20,node_11,0,0.0,2026-09-01T00:05:00+00:00,2026-09-01T00:05:00+00:00,DNS,False
scen_000051,inc_scen_000051_01,node_11,node_29,node_11,0,0.0,2026-09-01T00:05:00+00:00,2026-09-01T00:05:00+00:00,STORAGE,False
scen_000051,inc_scen_000051_01,node_11,node_05,node_11,0,0.0,2026-09-01T00:05:00+00:00,2026-09-01T00:05:00+00:00,CACHE,False
scen_000051,inc_scen_000051_01,node_11,node_12,node_11,0,0.0,2026-09-01T00:05:00+00:00,2026-09-01T00:05:00+00:00,HTTP,False
scen_000051,inc_scen_000051_01,node_14,node_38,node_14,0,0.0,2026-09-01T00:05:00+00:00,2026-09-01T00:05:00+00:00,CACHE,False
scen_000051,inc_scen_000051_01,node_15,node_38,node_15,0,0.0,2026-09-01T00:05:00+00:00,2026-09-01T00:05:00+00:00,MESSAGE_QUEUE,False
scen_000051,inc_scen_000051_01,node_15,node_20,node_15,0,0.0,2026-09-01T00:05:00+00:00,2026-09-01T00:05:00+00:00,MESSAGE_QUEUE,False
scen_000051,inc_scen_000051_01,node_16,node_22,node_16,0,0.0,2026-09-01T00:05:00+00:00,2026-09-01T00:05:00+00:00,DNS,False
scen_000051,inc_scen_000051_01,node_16,node_24,node_16,0,0.0,2026-09-01T00:05:00+00:00,2026-09-01T00:05:00+00:00,MESSAGE_QUEUE,False
scen_000051,inc_scen_000051_01,node_16,node_36,node_16,0,0.0,2026-09-01T00:05:00+00:00,2026-09-01T00:05:00+00:00,STORAGE,False
scen_000051,inc_scen_000051_01,node_16,node_13,node_16,0,0.0,2026-09-01T00:05:00+00:00,2026-09-01T00:05:00+00:00,STORAGE,False
scen_000051,inc_scen_000051_01,node_17,node_27,node_17,0,0.0,2026-09-01T00:05:00+00:00,2026-09-01T00:05:00+00:00,DNS,False
scen_000051,inc_scen_000051_01,node_18,node_40,node_18,0,0.0,2026-09-01T00:05:00+00:00,2026-09-01T00:05:00+00:00,STORAGE,False
scen_000051,inc_scen_000051_01,node_19,node_34,node_19,0,0.0,2026-09-01T00:05:00+00:00,2026-09-01T00:05:00+00:00,DATABASE,False
scen_000051,inc_scen_000051_01,node_19,node_25,node_19,0,0.0,2026-09-01T00:05:00+00:00,2026-09-01T00:05:00+00:00,HTTP,False
scen_000051,inc_scen_000051_01,node_21,node_33,node_21,0,0.0,2026-09-01T00:05:00+00:00,2026-09-01T00:05:00+00:00,CACHE,False
scen_000051,inc_scen_000051_01,node_21,node_40,node_21,0,0.0,2026-09-01T00:05:00+00:00,2026-09-01T00:05:00+00:00,TCP,False
scen_000051,inc_scen_000051_01,node_21,node_38,node_21,0,0.0,2026-09-01T00:05:00+00:00,2026-09-01T00:05:00+00:00,HTTP,False
scen_000051,inc_scen_000051_01,node_23,node_24,node_23,0,0.0,2026-09-01T00:05:00+00:00,2026-09-01T00:05:00+00:00,DNS,False
scen_000051,inc_scen_000051_01,node_24,node_31,node_24,0,0.0,2026-09-01T00:05:00+00:00,2026-09-01T00:05:00+00:00,DNS,False
scen_000051,inc_scen_000051_01,node_24,node_41,node_24,0,0.0,2026-09-01T00:05:00+00:00,2026-09-01T00:05:00+00:00,DATABASE,False
scen_000051,inc_scen_000051_01,node_24,node_12,node_24,0,0.0,2026-09-01T00:05:00+00:00,2026-09-01T00:05:00+00:00,DNS,False
scen_000051,inc_scen_000051_01,node_24,node_25,node_24,0,0.0,2026-09-01T00:05:00+00:00,2026-09-01T00:05:00+00:00,STORAGE,False
scen_000051,inc_scen_000051_01,node_25,node_07,node_25,0,0.0,2026-09-01T00:05:00+00:00,2026-09-01T00:05:00+00:00,TCP,False
scen_000051,inc_scen_000051_01,node_26,node_03,node_26,0,0.0,2026-09-01T00:05:00+00:00,2026-09-01T00:05:00+00:00,HTTP,False
scen_000051,inc_scen_000051_01,node_26,node_00,node_26,0,0.0,2026-09-01T00:05:00+00:00,2026-09-01T00:05:00+00:00,HTTP,False
scen_000051,inc_scen_000051_01,node_27,node_09,node_27,0,0.0,2026-09-01T00:05:00+00:00,2026-09-01T00:05:00+00:00,TCP,False
scen_000051,inc_scen_000051_01,node_27,node_12,node_27,0,0.0,2026-09-01T00:05:00+00:00,2026-09-01T00:05:00+00:00,CACHE,False
scen_000051,inc_scen_000051_01,node_28,node_22,node_28,0,0.0,2026-09-01T00:05:00+00:00,2026-09-01T00:05:00+00:00,HTTP,False
scen_000051,inc_scen_000051_01,node_28,node_33,node_28,0,0.0,2026-09-01T00:05:00+00:00,2026-09-01T00:05:00+00:00,DATABASE,False
scen_000051,inc_scen_000051_01,node_29,node_30,node_29,0,0.0,2026-09-01T00:05:00+00:00,2026-09-01T00:05:00+00:00,STORAGE,False
scen_000051,inc_scen_000051_01,node_30,node_17,node_30,0,0.0,2026-09-01T00:05:00+00:00,2026-09-01T00:05:00+00:00,DNS,False
scen_000051,inc_scen_000051_01,node_31,node_13,node_31,0,0.0,2026-09-01T00:05:00+00:00,2026-09-01T00:05:00+00:00,TCP,False
scen_000051,inc_scen_000051_01,node_31,node_33,node_31,0,0.0,2026-09-01T00:05:00+00:00,2026-09-01T00:05:00+00:00,DNS,False
scen_000051,inc_scen_000051_01,node_33,node_11,node_33,0,0.0,2026-09-01T00:05:00+00:00,2026-09-01T00:05:00+00:00,DNS,False
scen_000051,inc_scen_000051_01,node_36,node_15,node_36,0,0.0,2026-09-01T00:05:00+00:00,2026-09-01T00:05:00+00:00,TCP,False
scen_000051,inc_scen_000051_01,node_40,node_19,node_40,0,0.0,2026-09-01T00:05:00+00:00,2026-09-01T00:05:00+00:00,STORAGE,False
scen_000051,inc_scen_000051_01,node_41,node_24,node_41,0,0.0,2026-09-01T00:05:00+00:00,2026-09-01T00:05:00+00:00,CACHE,False
scen_000051,inc_scen_000051_01,node_41,node_09,node_41,0,0.0,2026-09-01T00:05:00+00:00,2026-09-01T00:05:00+00:00,MESSAGE_QUEUE,False
scen_000051,inc_scen_000051_01,node_41,node_26,node_41,0,0.0,2026-09-01T00:05:00+00:00,2026-09-01T00:05:00+00:00,STORAGE,False
scen_000052,inc_scen_000052_01,ingest_01,kafka_broker,ingest_01,1,14.29,2026-09-01T00:05:00+00:00,2026-09-01T00:05:14.294155+00:00,MESSAGE_QUEUE,True
scen_000052,inc_scen_000052_01,kafka_broker,notif_01,kafka_broker,2,14.36,2026-09-01T00:05:14.294155+00:00,2026-09-01T00:05:28.653840+00:00,MESSAGE_QUEUE,True
scen_000052,inc_scen_000052_01,kafka_broker,user_01,kafka_broker,2,1.85,2026-09-01T00:05:14.294155+00:00,2026-09-01T00:05:16.144094+00:00,MESSAGE_QUEUE,True
scen_000052,inc_scen_000052_01,kafka_broker,consumer_1,kafka_broker,2,14.42,2026-09-01T00:05:14.294155+00:00,2026-09-01T00:05:28.710303+00:00,MESSAGE_QUEUE,True
scen_000052,inc_scen_000052_01,kafka_broker,consumer_2,kafka_broker,2,10.63,2026-09-01T00:05:14.294155+00:00,2026-09-01T00:05:24.923846+00:00,MESSAGE_QUEUE,True
scen_000052,inc_scen_000052_01,kafka_broker,consumer_3,kafka_broker,2,3.04,2026-09-01T00:05:14.294155+00:00,2026-09-01T00:05:17.332614+00:00,MESSAGE_QUEUE,True
scen_000052,inc_scen_000052_01,kafka_broker,consumer_4,kafka_broker,2,23.68,2026-09-01T00:05:14.294155+00:00,2026-09-01T00:05:37.970180+00:00,MESSAGE_QUEUE,True
scen_000052,inc_scen_000052_01,kafka_broker,consumer_5,kafka_broker,2,7.52,2026-09-01T00:05:14.294155+00:00,2026-09-01T00:05:21.819128+00:00,MESSAGE_QUEUE,True
scen_000052,inc_scen_000052_01,kafka_broker,consumer_6,kafka_broker,2,9.41,2026-09-01T00:05:14.294155+00:00,2026-09-01T00:05:23.700744+00:00,MESSAGE_QUEUE,True
scen_000052,inc_scen_000052_01,kafka_broker,consumer_7,kafka_broker,2,12.34,2026-09-01T00:05:14.294155+00:00,2026-09-01T00:05:26.636152+00:00,MESSAGE_QUEUE,True
scen_000052,inc_scen_000052_01,kafka_broker,consumer_8,kafka_broker,2,8.93,2026-09-01T00:05:14.294155+00:00,2026-09-01T00:05:23.226091+00:00,MESSAGE_QUEUE,True
scen_000052,inc_scen_000052_01,kafka_broker,consumer_9,kafka_broker,2,16.14,2026-09-01T00:05:14.294155+00:00,2026-09-01T00:05:30.438490+00:00,MESSAGE_QUEUE,True
scen_000052,inc_scen_000052_01,kafka_broker,consumer_10,kafka_broker,2,18.83,2026-09-01T00:05:14.294155+00:00,2026-09-01T00:05:33.126439+00:00,MESSAGE_QUEUE,True
scen_000052,inc_scen_000052_01,kafka_broker,consumer_11,kafka_broker,2,3.31,2026-09-01T00:05:14.294155+00:00,2026-09-01T00:05:17.605007+00:00,MESSAGE_QUEUE,True
scen_000052,inc_scen_000052_01,kafka_broker,consumer_12,kafka_broker,2,14.66,2026-09-01T00:05:14.294155+00:00,2026-09-01T00:05:28.954707+00:00,MESSAGE_QUEUE,True
scen_000052,inc_scen_000052_01,kafka_broker,consumer_13,kafka_broker,2,10.61,2026-09-01T00:05:14.294155+00:00,2026-09-01T00:05:24.908739+00:00,MESSAGE_QUEUE,True
scen_000052,inc_scen_000052_01,kafka_broker,consumer_14,kafka_broker,2,7.79,2026-09-01T00:05:14.294155+00:00,2026-09-01T00:05:22.088673+00:00,MESSAGE_QUEUE,True
scen_000052,inc_scen_000052_01,kafka_broker,consumer_15,kafka_broker,2,13.99,2026-09-01T00:05:14.294155+00:00,2026-09-01T00:05:28.282795+00:00,MESSAGE_QUEUE,True
scen_000052,inc_scen_000052_01,kafka_broker,consumer_16,kafka_broker,2,18.49,2026-09-01T00:05:14.294155+00:00,2026-09-01T00:05:32.784183+00:00,MESSAGE_QUEUE,True
scen_000052,inc_scen_000052_01,kafka_broker,consumer_17,kafka_broker,2,3.73,2026-09-01T00:05:14.294155+00:00,2026-09-01T00:05:18.027565+00:00,MESSAGE_QUEUE,True
scen_000052,inc_scen_000052_01,kafka_broker,consumer_18,kafka_broker,2,20.65,2026-09-01T00:05:14.294155+00:00,2026-09-01T00:05:34.949020+00:00,MESSAGE_QUEUE,True
scen_000052,inc_scen_000052_01,kafka_broker,consumer_19,kafka_broker,2,21.27,2026-09-01T00:05:14.294155+00:00,2026-09-01T00:05:35.563998+00:00,MESSAGE_QUEUE,True
scen_000052,inc_scen_000052_01,kafka_broker,consumer_20,kafka_broker,2,9.13,2026-09-01T00:05:14.294155+00:00,2026-09-01T00:05:23.428656+00:00,MESSAGE_QUEUE,True
scen_000052,inc_scen_000052_01,kafka_broker,consumer_21,kafka_broker,2,5.02,2026-09-01T00:05:14.294155+00:00,2026-09-01T00:05:19.309563+00:00,MESSAGE_QUEUE,True
scen_000052,inc_scen_000052_01,kafka_broker,consumer_22,kafka_broker,2,11.81,2026-09-01T00:05:14.294155+00:00,2026-09-01T00:05:26.108571+00:00,MESSAGE_QUEUE,True
scen_000052,inc_scen_000052_01,kafka_broker,consumer_23,kafka_broker,2,6.67,2026-09-01T00:05:14.294155+00:00,2026-09-01T00:05:20.962054+00:00,MESSAGE_QUEUE,True
scen_000052,inc_scen_000052_01,notif_01,db_event,notif_01,3,9.39,2026-09-01T00:05:28.653840+00:00,2026-09-01T00:05:38.043791+00:00,DATABASE,True
scen_000053,inc_scen_000053_01,sub_svc_3,db_01,sub_svc_3,1,11.8,2026-09-01T00:05:00+00:00,2026-09-01T00:05:11.801741+00:00,DATABASE,True
scen_000053,inc_scen_000053_01,gw_01,auth_01,gw_01,0,0.0,2026-09-01T00:05:00+00:00,2026-09-01T00:05:00+00:00,HTTP,False
scen_000053,inc_scen_000053_01,gw_01,web_01,gw_01,0,0.0,2026-09-01T00:05:00+00:00,2026-09-01T00:05:00+00:00,HTTP,False
scen_000053,inc_scen_000053_01,lb_01,gw_01,lb_01,0,0.0,2026-09-01T00:05:00+00:00,2026-09-01T00:05:00+00:00,HTTP,False
scen_000053,inc_scen_000053_01,auth_01,db_01,auth_01,0,0.0,2026-09-01T00:05:00+00:00,2026-09-01T00:05:00+00:00,DATABASE,False
scen_000053,inc_scen_000053_01,web_01,db_01,web_01,0,0.0,2026-09-01T00:05:00+00:00,2026-09-01T00:05:00+00:00,DATABASE,False
scen_000053,inc_scen_000053_01,web_01,sub_svc_2,web_01,0,0.0,2026-09-01T00:05:00+00:00,2026-09-01T00:05:00+00:00,HTTP,False
scen_000053,inc_scen_000053_01,web_01,sub_svc_3,web_01,0,0.0,2026-09-01T00:05:00+00:00,2026-09-01T00:05:00+00:00,HTTP,False
scen_000053,inc_scen_000053_01,web_01,sub_svc_4,web_01,0,0.0,2026-09-01T00:05:00+00:00,2026-09-01T00:05:00+00:00,HTTP,False
scen_000053,inc_scen_000053_01,web_01,sub_svc_5,web_01,0,0.0,2026-09-01T00:05:00+00:00,2026-09-01T00:05:00+00:00,HTTP,False
scen_000053,inc_scen_000053_01,web_01,sub_svc_6,web_01,0,0.0,2026-09-01T00:05:00+00:00,2026-09-01T00:05:00+00:00,HTTP,False
scen_000053,inc_scen_000053_01,web_01,sub_svc_7,web_01,0,0.0,2026-09-01T00:05:00+00:00,2026-09-01T00:05:00+00:00,HTTP,False
scen_000053,inc_scen_000053_01,web_01,sub_svc_8,web_01,0,0.0,2026-09-01T00:05:00+00:00,2026-09-01T00:05:00+00:00,HTTP,False
scen_000053,inc_scen_000053_01,web_01,sub_svc_9,web_01,0,0.0,2026-09-01T00:05:00+00:00,2026-09-01T00:05:00+00:00,HTTP,False
scen_000053,inc_scen_000053_01,web_01,sub_svc_10,web_01,0,0.0,2026-09-01T00:05:00+00:00,2026-09-01T00:05:00+00:00,HTTP,False
scen_000053,inc_scen_000053_01,web_01,sub_svc_11,web_01,0,0.0,2026-09-01T00:05:00+00:00,2026-09-01T00:05:00+00:00,HTTP,False
scen_000053,inc_scen_000053_01,sub_svc_2,db_01,sub_svc_2,0,0.0,2026-09-01T00:05:00+00:00,2026-09-01T00:05:00+00:00,DATABASE,False
scen_000053,inc_scen_000053_01,sub_svc_4,db_01,sub_svc_4,0,0.0,2026-09-01T00:05:00+00:00,2026-09-01T00:05:00+00:00,DATABASE,False
scen_000053,inc_scen_000053_01,sub_svc_5,db_01,sub_svc_5,0,0.0,2026-09-01T00:05:00+00:00,2026-09-01T00:05:00+00:00,DATABASE,False
scen_000053,inc_scen_000053_01,sub_svc_6,db_01,sub_svc_6,0,0.0,2026-09-01T00:05:00+00:00,2026-09-01T00:05:00+00:00,DATABASE,False
scen_000053,inc_scen_000053_01,sub_svc_7,db_01,sub_svc_7,0,0.0,2026-09-01T00:05:00+00:00,2026-09-01T00:05:00+00:00,DATABASE,False
scen_000053,inc_scen_000053_01,sub_svc_8,db_01,sub_svc_8,0,0.0,2026-09-01T00:05:00+00:00,2026-09-01T00:05:00+00:00,DATABASE,False
scen_000053,inc_scen_000053_01,sub_svc_9,db_01,sub_svc_9,0,0.0,2026-09-01T00:05:00+00:00,2026-09-01T00:05:00+00:00,DATABASE,False
scen_000053,inc_scen_000053_01,sub_svc_10,db_01,sub_svc_10,0,0.0,2026-09-01T00:05:00+00:00,2026-09-01T00:05:00+00:00,DATABASE,False
scen_000053,inc_scen_000053_01,sub_svc_11,db_01,sub_svc_11,0,0.0,2026-09-01T00:05:00+00:00,2026-09-01T00:05:00+00:00,DATABASE,False
scen_000054,inc_scen_000054_01,consumer_31,db_event,consumer_31,1,10.23,2026-09-01T00:05:00+00:00,2026-09-01T00:05:10.231198+00:00,DATABASE,True
scen_000054,inc_scen_000054_01,ingest_01,kafka_broker,ingest_01,0,0.0,2026-09-01T00:05:00+00:00,2026-09-01T00:05:00+00:00,MESSAGE_QUEUE,False
scen_000054,inc_scen_000054_01,kafka_broker,notif_01,kafka_broker,0,0.0,2026-09-01T00:05:00+00:00,2026-09-01T00:05:00+00:00,MESSAGE_QUEUE,False
scen_000054,inc_scen_000054_01,kafka_broker,user_01,kafka_broker,0,0.0,2026-09-01T00:05:00+00:00,2026-09-01T00:05:00+00:00,MESSAGE_QUEUE,False
scen_000054,inc_scen_000054_01,kafka_broker,consumer_1,kafka_broker,0,0.0,2026-09-01T00:05:00+00:00,2026-09-01T00:05:00+00:00,MESSAGE_QUEUE,False
scen_000054,inc_scen_000054_01,kafka_broker,consumer_2,kafka_broker,0,0.0,2026-09-01T00:05:00+00:00,2026-09-01T00:05:00+00:00,MESSAGE_QUEUE,False
scen_000054,inc_scen_000054_01,kafka_broker,consumer_3,kafka_broker,0,0.0,2026-09-01T00:05:00+00:00,2026-09-01T00:05:00+00:00,MESSAGE_QUEUE,False
scen_000054,inc_scen_000054_01,kafka_broker,consumer_4,kafka_broker,0,0.0,2026-09-01T00:05:00+00:00,2026-09-01T00:05:00+00:00,MESSAGE_QUEUE,False
scen_000054,inc_scen_000054_01,kafka_broker,consumer_5,kafka_broker,0,0.0,2026-09-01T00:05:00+00:00,2026-09-01T00:05:00+00:00,MESSAGE_QUEUE,False
scen_000054,inc_scen_000054_01,kafka_broker,consumer_6,kafka_broker,0,0.0,2026-09-01T00:05:00+00:00,2026-09-01T00:05:00+00:00,MESSAGE_QUEUE,False
scen_000054,inc_scen_000054_01,kafka_broker,consumer_7,kafka_broker,0,0.0,2026-09-01T00:05:00+00:00,2026-09-01T00:05:00+00:00,MESSAGE_QUEUE,False
scen_000054,inc_scen_000054_01,kafka_broker,consumer_8,kafka_broker,0,0.0,2026-09-01T00:05:00+00:00,2026-09-01T00:05:00+00:00,MESSAGE_QUEUE,False
scen_000054,inc_scen_000054_01,kafka_broker,consumer_9,kafka_broker,0,0.0,2026-09-01T00:05:00+00:00,2026-09-01T00:05:00+00:00,MESSAGE_QUEUE,False
scen_000054,inc_scen_000054_01,kafka_broker,consumer_10,kafka_broker,0,0.0,2026-09-01T00:05:00+00:00,2026-09-01T00:05:00+00:00,MESSAGE_QUEUE,False
scen_000054,inc_scen_000054_01,kafka_broker,consumer_11,kafka_broker,0,0.0,2026-09-01T00:05:00+00:00,2026-09-01T00:05:00+00:00,MESSAGE_QUEUE,False
scen_000054,inc_scen_000054_01,kafka_broker,consumer_12,kafka_broker,0,0.0,2026-09-01T00:05:00+00:00,2026-09-01T00:05:00+00:00,MESSAGE_QUEUE,False
scen_000054,inc_scen_000054_01,kafka_broker,consumer_13,kafka_broker,0,0.0,2026-09-01T00:05:00+00:00,2026-09-01T00:05:00+00:00,MESSAGE_QUEUE,False
scen_000054,inc_scen_000054_01,kafka_broker,consumer_14,kafka_broker,0,0.0,2026-09-01T00:05:00+00:00,2026-09-01T00:05:00+00:00,MESSAGE_QUEUE,False
scen_000054,inc_scen_000054_01,kafka_broker,consumer_15,kafka_broker,0,0.0,2026-09-01T00:05:00+00:00,2026-09-01T00:05:00+00:00,MESSAGE_QUEUE,False
scen_000054,inc_scen_000054_01,kafka_broker,consumer_16,kafka_broker,0,0.0,2026-09-01T00:05:00+00:00,2026-09-01T00:05:00+00:00,MESSAGE_QUEUE,False
scen_000054,inc_scen_000054_01,kafka_broker,consumer_17,kafka_broker,0,0.0,2026-09-01T00:05:00+00:00,2026-09-01T00:05:00+00:00,MESSAGE_QUEUE,False
scen_000054,inc_scen_000054_01,kafka_broker,consumer_18,kafka_broker,0,0.0,2026-09-01T00:05:00+00:00,2026-09-01T00:05:00+00:00,MESSAGE_QUEUE,False
scen_000054,inc_scen_000054_01,kafka_broker,consumer_19,kafka_broker,0,0.0,2026-09-01T00:05:00+00:00,2026-09-01T00:05:00+00:00,MESSAGE_QUEUE,False
scen_000054,inc_scen_000054_01,kafka_broker,consumer_20,kafka_broker,0,0.0,2026-09-01T00:05:00+00:00,2026-09-01T00:05:00+00:00,MESSAGE_QUEUE,False
scen_000054,inc_scen_000054_01,kafka_broker,consumer_21,kafka_broker,0,0.0,2026-09-01T00:05:00+00:00,2026-09-01T00:05:00+00:00,MESSAGE_QUEUE,False
scen_000054,inc_scen_000054_01,kafka_broker,consumer_22,kafka_broker,0,0.0,2026-09-01T00:05:00+00:00,2026-09-01T00:05:00+00:00,MESSAGE_QUEUE,False
scen_000054,inc_scen_000054_01,kafka_broker,consumer_23,kafka_broker,0,0.0,2026-09-01T00:05:00+00:00,2026-09-01T00:05:00+00:00,MESSAGE_QUEUE,False
scen_000054,inc_scen_000054_01,kafka_broker,consumer_24,kafka_broker,0,0.0,2026-09-01T00:05:00+00:00,2026-09-01T00:05:00+00:00,MESSAGE_QUEUE,False
scen_000054,inc_scen_000054_01,kafka_broker,consumer_25,kafka_broker,0,0.0,2026-09-01T00:05:00+00:00,2026-09-01T00:05:00+00:00,MESSAGE_QUEUE,False
scen_000054,inc_scen_000054_01,kafka_broker,consumer_26,kafka_broker,0,0.0,2026-09-01T00:05:00+00:00,2026-09-01T00:05:00+00:00,MESSAGE_QUEUE,False
scen_000054,inc_scen_000054_01,kafka_broker,consumer_27,kafka_broker,0,0.0,2026-09-01T00:05:00+00:00,2026-09-01T00:05:00+00:00,MESSAGE_QUEUE,False
scen_000054,inc_scen_000054_01,kafka_broker,consumer_28,kafka_broker,0,0.0,2026-09-01T00:05:00+00:00,2026-09-01T00:05:00+00:00,MESSAGE_QUEUE,False
scen_000054,inc_scen_000054_01,kafka_broker,consumer_29,kafka_broker,0,0.0,2026-09-01T00:05:00+00:00,2026-09-01T00:05:00+00:00,MESSAGE_QUEUE,False
scen_000054,inc_scen_000054_01,kafka_broker,consumer_30,kafka_broker,0,0.0,2026-09-01T00:05:00+00:00,2026-09-01T00:05:00+00:00,MESSAGE_QUEUE,False
scen_000054,inc_scen_000054_01,kafka_broker,consumer_31,kafka_broker,0,0.0,2026-09-01T00:05:00+00:00,2026-09-01T00:05:00+00:00,MESSAGE_QUEUE,False
scen_000054,inc_scen_000054_01,kafka_broker,consumer_32,kafka_broker,0,0.0,2026-09-01T00:05:00+00:00,2026-09-01T00:05:00+00:00,MESSAGE_QUEUE,False
scen_000054,inc_scen_000054_01,kafka_broker,consumer_33,kafka_broker,0,0.0,2026-09-01T00:05:00+00:00,2026-09-01T00:05:00+00:00,MESSAGE_QUEUE,False
scen_000054,inc_scen_000054_01,kafka_broker,consumer_34,kafka_broker,0,0.0,2026-09-01T00:05:00+00:00,2026-09-01T00:05:00+00:00,MESSAGE_QUEUE,False
scen_000054,inc_scen_000054_01,kafka_broker,consumer_35,kafka_broker,0,0.0,2026-09-01T00:05:00+00:00,2026-09-01T00:05:00+00:00,MESSAGE_QUEUE,False
scen_000054,inc_scen_000054_01,kafka_broker,consumer_36,kafka_broker,0,0.0,2026-09-01T00:05:00+00:00,2026-09-01T00:05:00+00:00,MESSAGE_QUEUE,False
scen_000054,inc_scen_000054_01,kafka_broker,consumer_37,kafka_broker,0,0.0,2026-09-01T00:05:00+00:00,2026-09-01T00:05:00+00:00,MESSAGE_QUEUE,False
scen_000054,inc_scen_000054_01,kafka_broker,consumer_38,kafka_broker,0,0.0,2026-09-01T00:05:00+00:00,2026-09-01T00:05:00+00:00,MESSAGE_QUEUE,False
scen_000054,inc_scen_000054_01,kafka_broker,consumer_39,kafka_broker,0,0.0,2026-09-01T00:05:00+00:00,2026-09-01T00:05:00+00:00,MESSAGE_QUEUE,False
scen_000054,inc_scen_000054_01,kafka_broker,consumer_40,kafka_broker,0,0.0,2026-09-01T00:05:00+00:00,2026-09-01T00:05:00+00:00,MESSAGE_QUEUE,False
scen_000054,inc_scen_000054_01,kafka_broker,consumer_41,kafka_broker,0,0.0,2026-09-01T00:05:00+00:00,2026-09-01T00:05:00+00:00,MESSAGE_QUEUE,False
scen_000054,inc_scen_000054_01,kafka_broker,consumer_42,kafka_broker,0,0.0,2026-09-01T00:05:00+00:00,2026-09-01T00:05:00+00:00,MESSAGE_QUEUE,False
scen_000054,inc_scen_000054_01,notif_01,db_event,notif_01,0,0.0,2026-09-01T00:05:00+00:00,2026-09-01T00:05:00+00:00,DATABASE,False
scen_000054,inc_scen_000054_01,consumer_1,db_event,consumer_1,0,0.0,2026-09-01T00:05:00+00:00,2026-09-01T00:05:00+00:00,DATABASE,False
scen_000054,inc_scen_000054_01,consumer_2,db_event,consumer_2,0,0.0,2026-09-01T00:05:00+00:00,2026-09-01T00:05:00+00:00,DATABASE,False
scen_000054,inc_scen_000054_01,consumer_3,db_event,consumer_3,0,0.0,2026-09-01T00:05:00+00:00,2026-09-01T00:05:00+00:00,DATABASE,False
scen_000054,inc_scen_000054_01,consumer_4,db_event,consumer_4,0,0.0,2026-09-01T00:05:00+00:00,2026-09-01T00:05:00+00:00,DATABASE,False
scen_000054,inc_scen_000054_01,consumer_5,db_event,consumer_5,0,0.0,2026-09-01T00:05:00+00:00,2026-09-01T00:05:00+00:00,DATABASE,False
scen_000054,inc_scen_000054_01,consumer_6,db_event,consumer_6,0,0.0,2026-09-01T00:05:00+00:00,2026-09-01T00:05:00+00:00,DATABASE,False
scen_000054,inc_scen_000054_01,consumer_7,db_event,consumer_7,0,0.0,2026-09-01T00:05:00+00:00,2026-09-01T00:05:00+00:00,DATABASE,False
scen_000054,inc_scen_000054_01,consumer_8,db_event,consumer_8,0,0.0,2026-09-01T00:05:00+00:00,2026-09-01T00:05:00+00:00,DATABASE,False
scen_000054,inc_scen_000054_01,consumer_9,db_event,consumer_9,0,0.0,2026-09-01T00:05:00+00:00,2026-09-01T00:05:00+00:00,DATABASE,False
scen_000054,inc_scen_000054_01,consumer_10,db_event,consumer_10,0,0.0,2026-09-01T00:05:00+00:00,2026-09-01T00:05:00+00:00,DATABASE,False
scen_000054,inc_scen_000054_01,consumer_11,db_event,consumer_11,0,0.0,2026-09-01T00:05:00+00:00,2026-09-01T00:05:00+00:00,DATABASE,False
scen_000054,inc_scen_000054_01,consumer_12,db_event,consumer_12,0,0.0,2026-09-01T00:05:00+00:00,2026-09-01T00:05:00+00:00,DATABASE,False
scen_000054,inc_scen_000054_01,consumer_13,db_event,consumer_13,0,0.0,2026-09-01T00:05:00+00:00,2026-09-01T00:05:00+00:00,DATABASE,False
scen_000054,inc_scen_000054_01,consumer_14,db_event,consumer_14,0,0.0,2026-09-01T00:05:00+00:00,2026-09-01T00:05:00+00:00,DATABASE,False
scen_000054,inc_scen_000054_01,consumer_15,db_event,consumer_15,0,0.0,2026-09-01T00:05:00+00:00,2026-09-01T00:05:00+00:00,DATABASE,False
scen_000054,inc_scen_000054_01,consumer_16,db_event,consumer_16,0,0.0,2026-09-01T00:05:00+00:00,2026-09-01T00:05:00+00:00,DATABASE,False
scen_000054,inc_scen_000054_01,consumer_17,db_event,consumer_17,0,0.0,2026-09-01T00:05:00+00:00,2026-09-01T00:05:00+00:00,DATABASE,False
scen_000054,inc_scen_000054_01,consumer_18,db_event,consumer_18,0,0.0,2026-09-01T00:05:00+00:00,2026-09-01T00:05:00+00:00,DATABASE,False
scen_000054,inc_scen_000054_01,consumer_19,db_event,consumer_19,0,0.0,2026-09-01T00:05:00+00:00,2026-09-01T00:05:00+00:00,DATABASE,False
scen_000054,inc_scen_000054_01,consumer_20,db_event,consumer_20,0,0.0,2026-09-01T00:05:00+00:00,2026-09-01T00:05:00+00:00,DATABASE,False
scen_000054,inc_scen_000054_01,consumer_21,db_event,consumer_21,0,0.0,2026-09-01T00:05:00+00:00,2026-09-01T00:05:00+00:00,DATABASE,False
scen_000054,inc_scen_000054_01,consumer_22,db_event,consumer_22,0,0.0,2026-09-01T00:05:00+00:00,2026-09-01T00:05:00+00:00,DATABASE,False
scen_000054,inc_scen_000054_01,consumer_23,db_event,consumer_23,0,0.0,2026-09-01T00:05:00+00:00,2026-09-01T00:05:00+00:00,DATABASE,False
scen_000054,inc_scen_000054_01,consumer_24,db_event,consumer_24,0,0.0,2026-09-01T00:05:00+00:00,2026-09-01T00:05:00+00:00,DATABASE,False
scen_000054,inc_scen_000054_01,consumer_25,db_event,consumer_25,0,0.0,2026-09-01T00:05:00+00:00,2026-09-01T00:05:00+00:00,DATABASE,False
scen_000054,inc_scen_000054_01,consumer_26,db_event,consumer_26,0,0.0,2026-09-01T00:05:00+00:00,2026-09-01T00:05:00+00:00,DATABASE,False
scen_000054,inc_scen_000054_01,consumer_27,db_event,consumer_27,0,0.0,2026-09-01T00:05:00+00:00,2026-09-01T00:05:00+00:00,DATABASE,False
scen_000054,inc_scen_000054_01,consumer_28,db_event,consumer_28,0,0.0,2026-09-01T00:05:00+00:00,2026-09-01T00:05:00+00:00,DATABASE,False
scen_000054,inc_scen_000054_01,consumer_29,db_event,consumer_29,0,0.0,2026-09-01T00:05:00+00:00,2026-09-01T00:05:00+00:00,DATABASE,False
scen_000054,inc_scen_000054_01,consumer_30,db_event,consumer_30,0,0.0,2026-09-01T00:05:00+00:00,2026-09-01T00:05:00+00:00,DATABASE,False
scen_000054,inc_scen_000054_01,consumer_32,db_event,consumer_32,0,0.0,2026-09-01T00:05:00+00:00,2026-09-01T00:05:00+00:00,DATABASE,False
scen_000054,inc_scen_000054_01,consumer_33,db_event,consumer_33,0,0.0,2026-09-01T00:05:00+00:00,2026-09-01T00:05:00+00:00,DATABASE,False
scen_000054,inc_scen_000054_01,consumer_34,db_event,consumer_34,0,0.0,2026-09-01T00:05:00+00:00,2026-09-01T00:05:00+00:00,DATABASE,False
scen_000054,inc_scen_000054_01,consumer_35,db_event,consumer_35,0,0.0,2026-09-01T00:05:00+00:00,2026-09-01T00:05:00+00:00,DATABASE,False
scen_000054,inc_scen_000054_01,consumer_36,db_event,consumer_36,0,0.0,2026-09-01T00:05:00+00:00,2026-09-01T00:05:00+00:00,DATABASE,False
scen_000054,inc_scen_000054_01,consumer_37,db_event,consumer_37,0,0.0,2026-09-01T00:05:00+00:00,2026-09-01T00:05:00+00:00,DATABASE,False
scen_000054,inc_scen_000054_01,consumer_38,db_event,consumer_38,0,0.0,2026-09-01T00:05:00+00:00,2026-09-01T00:05:00+00:00,DATABASE,False
scen_000054,inc_scen_000054_01,consumer_39,db_event,consumer_39,0,0.0,2026-09-01T00:05:00+00:00,2026-09-01T00:05:00+00:00,DATABASE,False
scen_000054,inc_scen_000054_01,consumer_40,db_event,consumer_40,0,0.0,2026-09-01T00:05:00+00:00,2026-09-01T00:05:00+00:00,DATABASE,False
scen_000054,inc_scen_000054_01,consumer_41,db_event,consumer_41,0,0.0,2026-09-01T00:05:00+00:00,2026-09-01T00:05:00+00:00,DATABASE,False
scen_000054,inc_scen_000054_01,consumer_42,db_event,consumer_42,0,0.0,2026-09-01T00:05:00+00:00,2026-09-01T00:05:00+00:00,DATABASE,False
scen_000057,inc_scen_000057_01,ecom_aux_11,cache_01,ecom_aux_11,1,10.87,2026-09-01T00:05:00+00:00,2026-09-01T00:05:10.869084+00:00,CACHE,True
scen_000057,inc_scen_000057_01,gw_01,auth_01,gw_01,0,0.0,2026-09-01T00:05:00+00:00,2026-09-01T00:05:00+00:00,HTTP,False
scen_000057,inc_scen_000057_01,gw_01,order_01,gw_01,0,0.0,2026-09-01T00:05:00+00:00,2026-09-01T00:05:00+00:00,HTTP,False
scen_000057,inc_scen_000057_01,gw_01,ecom_aux_1,gw_01,0,0.0,2026-09-01T00:05:00+00:00,2026-09-01T00:05:00+00:00,HTTP,False
scen_000057,inc_scen_000057_01,gw_01,ecom_aux_2,gw_01,0,0.0,2026-09-01T00:05:00+00:00,2026-09-01T00:05:00+00:00,HTTP,False
scen_000057,inc_scen_000057_01,gw_01,ecom_aux_3,gw_01,0,0.0,2026-09-01T00:05:00+00:00,2026-09-01T00:05:00+00:00,HTTP,False
scen_000057,inc_scen_000057_01,gw_01,ecom_aux_4,gw_01,0,0.0,2026-09-01T00:05:00+00:00,2026-09-01T00:05:00+00:00,HTTP,False
scen_000057,inc_scen_000057_01,gw_01,ecom_aux_5,gw_01,0,0.0,2026-09-01T00:05:00+00:00,2026-09-01T00:05:00+00:00,HTTP,False
scen_000057,inc_scen_000057_01,gw_01,ecom_aux_6,gw_01,0,0.0,2026-09-01T00:05:00+00:00,2026-09-01T00:05:00+00:00,HTTP,False
scen_000057,inc_scen_000057_01,gw_01,ecom_aux_7,gw_01,0,0.0,2026-09-01T00:05:00+00:00,2026-09-01T00:05:00+00:00,HTTP,False
scen_000057,inc_scen_000057_01,gw_01,ecom_aux_8,gw_01,0,0.0,2026-09-01T00:05:00+00:00,2026-09-01T00:05:00+00:00,HTTP,False
scen_000057,inc_scen_000057_01,gw_01,ecom_aux_9,gw_01,0,0.0,2026-09-01T00:05:00+00:00,2026-09-01T00:05:00+00:00,HTTP,False
scen_000057,inc_scen_000057_01,gw_01,ecom_aux_10,gw_01,0,0.0,2026-09-01T00:05:00+00:00,2026-09-01T00:05:00+00:00,HTTP,False
scen_000057,inc_scen_000057_01,gw_01,ecom_aux_11,gw_01,0,0.0,2026-09-01T00:05:00+00:00,2026-09-01T00:05:00+00:00,HTTP,False
scen_000057,inc_scen_000057_01,gw_01,ecom_aux_12,gw_01,0,0.0,2026-09-01T00:05:00+00:00,2026-09-01T00:05:00+00:00,HTTP,False
scen_000057,inc_scen_000057_01,gw_01,ecom_aux_13,gw_01,0,0.0,2026-09-01T00:05:00+00:00,2026-09-01T00:05:00+00:00,HTTP,False
scen_000057,inc_scen_000057_01,gw_01,ecom_aux_14,gw_01,0,0.0,2026-09-01T00:05:00+00:00,2026-09-01T00:05:00+00:00,HTTP,False
scen_000057,inc_scen_000057_01,gw_01,ecom_aux_15,gw_01,0,0.0,2026-09-01T00:05:00+00:00,2026-09-01T00:05:00+00:00,HTTP,False
scen_000057,inc_scen_000057_01,gw_01,ecom_aux_16,gw_01,0,0.0,2026-09-01T00:05:00+00:00,2026-09-01T00:05:00+00:00,HTTP,False
scen_000057,inc_scen_000057_01,gw_01,ecom_aux_17,gw_01,0,0.0,2026-09-01T00:05:00+00:00,2026-09-01T00:05:00+00:00,HTTP,False
scen_000057,inc_scen_000057_01,gw_01,ecom_aux_18,gw_01,0,0.0,2026-09-01T00:05:00+00:00,2026-09-01T00:05:00+00:00,HTTP,False
scen_000057,inc_scen_000057_01,gw_01,ecom_aux_19,gw_01,0,0.0,2026-09-01T00:05:00+00:00,2026-09-01T00:05:00+00:00,HTTP,False
scen_000057,inc_scen_000057_01,gw_01,ecom_aux_20,gw_01,0,0.0,2026-09-01T00:05:00+00:00,2026-09-01T00:05:00+00:00,HTTP,False
scen_000057,inc_scen_000057_01,gw_01,ecom_aux_21,gw_01,0,0.0,2026-09-01T00:05:00+00:00,2026-09-01T00:05:00+00:00,HTTP,False
scen_000057,inc_scen_000057_01,gw_01,ecom_aux_22,gw_01,0,0.0,2026-09-01T00:05:00+00:00,2026-09-01T00:05:00+00:00,HTTP,False
scen_000057,inc_scen_000057_01,gw_01,ecom_aux_23,gw_01,0,0.0,2026-09-01T00:05:00+00:00,2026-09-01T00:05:00+00:00,HTTP,False
scen_000057,inc_scen_000057_01,gw_01,ecom_aux_24,gw_01,0,0.0,2026-09-01T00:05:00+00:00,2026-09-01T00:05:00+00:00,HTTP,False
scen_000057,inc_scen_000057_01,gw_01,ecom_aux_25,gw_01,0,0.0,2026-09-01T00:05:00+00:00,2026-09-01T00:05:00+00:00,HTTP,False
scen_000057,inc_scen_000057_01,gw_01,ecom_aux_26,gw_01,0,0.0,2026-09-01T00:05:00+00:00,2026-09-01T00:05:00+00:00,HTTP,False
scen_000057,inc_scen_000057_01,gw_01,ecom_aux_27,gw_01,0,0.0,2026-09-01T00:05:00+00:00,2026-09-01T00:05:00+00:00,HTTP,False
scen_000057,inc_scen_000057_01,gw_01,ecom_aux_28,gw_01,0,0.0,2026-09-01T00:05:00+00:00,2026-09-01T00:05:00+00:00,HTTP,False
scen_000057,inc_scen_000057_01,gw_01,ecom_aux_29,gw_01,0,0.0,2026-09-01T00:05:00+00:00,2026-09-01T00:05:00+00:00,HTTP,False
scen_000057,inc_scen_000057_01,order_01,pay_01,order_01,0,0.0,2026-09-01T00:05:00+00:00,2026-09-01T00:05:00+00:00,HTTP,False
scen_000057,inc_scen_000057_01,order_01,inv_01,order_01,0,0.0,2026-09-01T00:05:00+00:00,2026-09-01T00:05:00+00:00,HTTP,False
scen_000057,inc_scen_000057_01,order_01,cache_01,order_01,0,0.0,2026-09-01T00:05:00+00:00,2026-09-01T00:05:00+00:00,CACHE,False
scen_000057,inc_scen_000057_01,order_01,mq_01,order_01,0,0.0,2026-09-01T00:05:00+00:00,2026-09-01T00:05:00+00:00,MESSAGE_QUEUE,False
scen_000057,inc_scen_000057_01,pay_01,db_master,pay_01,0,0.0,2026-09-01T00:05:00+00:00,2026-09-01T00:05:00+00:00,DATABASE,False
scen_000057,inc_scen_000057_01,inv_01,db_master,inv_01,0,0.0,2026-09-01T00:05:00+00:00,2026-09-01T00:05:00+00:00,DATABASE,False
scen_000057,inc_scen_000057_01,ecom_aux_1,cache_01,ecom_aux_1,0,0.0,2026-09-01T00:05:00+00:00,2026-09-01T00:05:00+00:00,CACHE,False
scen_000057,inc_scen_000057_01,ecom_aux_2,cache_01,ecom_aux_2,0,0.0,2026-09-01T00:05:00+00:00,2026-09-01T00:05:00+00:00,CACHE,False
scen_000057,inc_scen_000057_01,ecom_aux_3,cache_01,ecom_aux_3,0,0.0,2026-09-01T00:05:00+00:00,2026-09-01T00:05:00+00:00,CACHE,False
scen_000057,inc_scen_000057_01,ecom_aux_4,cache_01,ecom_aux_4,0,0.0,2026-09-01T00:05:00+00:00,2026-09-01T00:05:00+00:00,CACHE,False
scen_000057,inc_scen_000057_01,ecom_aux_5,cache_01,ecom_aux_5,0,0.0,2026-09-01T00:05:00+00:00,2026-09-01T00:05:00+00:00,CACHE,False
scen_000057,inc_scen_000057_01,ecom_aux_6,cache_01,ecom_aux_6,0,0.0,2026-09-01T00:05:00+00:00,2026-09-01T00:05:00+00:00,CACHE,False
scen_000057,inc_scen_000057_01,ecom_aux_7,cache_01,ecom_aux_7,0,0.0,2026-09-01T00:05:00+00:00,2026-09-01T00:05:00+00:00,CACHE,False
scen_000057,inc_scen_000057_01,ecom_aux_8,cache_01,ecom_aux_8,0,0.0,2026-09-01T00:05:00+00:00,2026-09-01T00:05:00+00:00,CACHE,False
scen_000057,inc_scen_000057_01,ecom_aux_9,cache_01,ecom_aux_9,0,0.0,2026-09-01T00:05:00+00:00,2026-09-01T00:05:00+00:00,CACHE,False
scen_000057,inc_scen_000057_01,ecom_aux_10,cache_01,ecom_aux_10,0,0.0,2026-09-01T00:05:00+00:00,2026-09-01T00:05:00+00:00,CACHE,False
scen_000057,inc_scen_000057_01,ecom_aux_12,cache_01,ecom_aux_12,0,0.0,2026-09-01T00:05:00+00:00,2026-09-01T00:05:00+00:00,CACHE,False
scen_000057,inc_scen_000057_01,ecom_aux_13,cache_01,ecom_aux_13,0,0.0,2026-09-01T00:05:00+00:00,2026-09-01T00:05:00+00:00,CACHE,False
scen_000057,inc_scen_000057_01,ecom_aux_14,cache_01,ecom_aux_14,0,0.0,2026-09-01T00:05:00+00:00,2026-09-01T00:05:00+00:00,CACHE,False
scen_000057,inc_scen_000057_01,ecom_aux_15,cache_01,ecom_aux_15,0,0.0,2026-09-01T00:05:00+00:00,2026-09-01T00:05:00+00:00,CACHE,False
scen_000057,inc_scen_000057_01,ecom_aux_16,cache_01,ecom_aux_16,0,0.0,2026-09-01T00:05:00+00:00,2026-09-01T00:05:00+00:00,CACHE,False
scen_000057,inc_scen_000057_01,ecom_aux_17,cache_01,ecom_aux_17,0,0.0,2026-09-01T00:05:00+00:00,2026-09-01T00:05:00+00:00,CACHE,False
scen_000057,inc_scen_000057_01,ecom_aux_18,cache_01,ecom_aux_18,0,0.0,2026-09-01T00:05:00+00:00,2026-09-01T00:05:00+00:00,CACHE,False
scen_000057,inc_scen_000057_01,ecom_aux_19,cache_01,ecom_aux_19,0,0.0,2026-09-01T00:05:00+00:00,2026-09-01T00:05:00+00:00,CACHE,False
scen_000057,inc_scen_000057_01,ecom_aux_20,cache_01,ecom_aux_20,0,0.0,2026-09-01T00:05:00+00:00,2026-09-01T00:05:00+00:00,CACHE,False
scen_000057,inc_scen_000057_01,ecom_aux_21,cache_01,ecom_aux_21,0,0.0,2026-09-01T00:05:00+00:00,2026-09-01T00:05:00+00:00,CACHE,False
scen_000057,inc_scen_000057_01,ecom_aux_22,cache_01,ecom_aux_22,0,0.0,2026-09-01T00:05:00+00:00,2026-09-01T00:05:00+00:00,CACHE,False
scen_000057,inc_scen_000057_01,ecom_aux_23,cache_01,ecom_aux_23,0,0.0,2026-09-01T00:05:00+00:00,2026-09-01T00:05:00+00:00,CACHE,False
scen_000057,inc_scen_000057_01,ecom_aux_24,cache_01,ecom_aux_24,0,0.0,2026-09-01T00:05:00+00:00,2026-09-01T00:05:00+00:00,CACHE,False
scen_000057,inc_scen_000057_01,ecom_aux_25,cache_01,ecom_aux_25,0,0.0,2026-09-01T00:05:00+00:00,2026-09-01T00:05:00+00:00,CACHE,False
scen_000057,inc_scen_000057_01,ecom_aux_26,cache_01,ecom_aux_26,0,0.0,2026-09-01T00:05:00+00:00,2026-09-01T00:05:00+00:00,CACHE,False
scen_000057,inc_scen_000057_01,ecom_aux_27,cache_01,ecom_aux_27,0,0.0,2026-09-01T00:05:00+00:00,2026-09-01T00:05:00+00:00,CACHE,False
scen_000057,inc_scen_000057_01,ecom_aux_28,cache_01,ecom_aux_28,0,0.0,2026-09-01T00:05:00+00:00,2026-09-01T00:05:00+00:00,CACHE,False
scen_000057,inc_scen_000057_01,ecom_aux_29,cache_01,ecom_aux_29,0,0.0,2026-09-01T00:05:00+00:00,2026-09-01T00:05:00+00:00,CACHE,False
scen_000058,inc_scen_000058_01,sub_svc_28,db_01,sub_svc_28,1,3.01,2026-09-01T00:05:00+00:00,2026-09-01T00:05:03.007630+00:00,DATABASE,True
scen_000058,inc_scen_000058_01,gw_01,auth_01,gw_01,0,0.0,2026-09-01T00:05:00+00:00,2026-09-01T00:05:00+00:00,HTTP,False
scen_000058,inc_scen_000058_01,gw_01,web_01,gw_01,0,0.0,2026-09-01T00:05:00+00:00,2026-09-01T00:05:00+00:00,HTTP,False
scen_000058,inc_scen_000058_01,lb_01,gw_01,lb_01,0,0.0,2026-09-01T00:05:00+00:00,2026-09-01T00:05:00+00:00,HTTP,False
scen_000058,inc_scen_000058_01,auth_01,db_01,auth_01,0,0.0,2026-09-01T00:05:00+00:00,2026-09-01T00:05:00+00:00,DATABASE,False
scen_000058,inc_scen_000058_01,web_01,db_01,web_01,0,0.0,2026-09-01T00:05:00+00:00,2026-09-01T00:05:00+00:00,DATABASE,False
scen_000058,inc_scen_000058_01,web_01,sub_svc_2,web_01,0,0.0,2026-09-01T00:05:00+00:00,2026-09-01T00:05:00+00:00,HTTP,False
scen_000058,inc_scen_000058_01,web_01,sub_svc_3,web_01,0,0.0,2026-09-01T00:05:00+00:00,2026-09-01T00:05:00+00:00,HTTP,False
scen_000058,inc_scen_000058_01,web_01,sub_svc_4,web_01,0,0.0,2026-09-01T00:05:00+00:00,2026-09-01T00:05:00+00:00,HTTP,False
scen_000058,inc_scen_000058_01,web_01,sub_svc_5,web_01,0,0.0,2026-09-01T00:05:00+00:00,2026-09-01T00:05:00+00:00,HTTP,False
scen_000058,inc_scen_000058_01,web_01,sub_svc_6,web_01,0,0.0,2026-09-01T00:05:00+00:00,2026-09-01T00:05:00+00:00,HTTP,False
scen_000058,inc_scen_000058_01,web_01,sub_svc_7,web_01,0,0.0,2026-09-01T00:05:00+00:00,2026-09-01T00:05:00+00:00,HTTP,False
scen_000058,inc_scen_000058_01,web_01,sub_svc_8,web_01,0,0.0,2026-09-01T00:05:00+00:00,2026-09-01T00:05:00+00:00,HTTP,False
scen_000058,inc_scen_000058_01,web_01,sub_svc_9,web_01,0,0.0,2026-09-01T00:05:00+00:00,2026-09-01T00:05:00+00:00,HTTP,False
scen_000058,inc_scen_000058_01,web_01,sub_svc_10,web_01,0,0.0,2026-09-01T00:05:00+00:00,2026-09-01T00:05:00+00:00,HTTP,False
scen_000058,inc_scen_000058_01,web_01,sub_svc_11,web_01,0,0.0,2026-09-01T00:05:00+00:00,2026-09-01T00:05:00+00:00,HTTP,False
scen_000058,inc_scen_000058_01,web_01,sub_svc_12,web_01,0,0.0,2026-09-01T00:05:00+00:00,2026-09-01T00:05:00+00:00,HTTP,False
scen_000058,inc_scen_000058_01,web_01,sub_svc_13,web_01,0,0.0,2026-09-01T00:05:00+00:00,2026-09-01T00:05:00+00:00,HTTP,False
scen_000058,inc_scen_000058_01,web_01,sub_svc_14,web_01,0,0.0,2026-09-01T00:05:00+00:00,2026-09-01T00:05:00+00:00,HTTP,False
scen_000058,inc_scen_000058_01,web_01,sub_svc_15,web_01,0,0.0,2026-09-01T00:05:00+00:00,2026-09-01T00:05:00+00:00,HTTP,False
scen_000058,inc_scen_000058_01,web_01,sub_svc_16,web_01,0,0.0,2026-09-01T00:05:00+00:00,2026-09-01T00:05:00+00:00,HTTP,False
scen_000058,inc_scen_000058_01,web_01,sub_svc_17,web_01,0,0.0,2026-09-01T00:05:00+00:00,2026-09-01T00:05:00+00:00,HTTP,False
scen_000058,inc_scen_000058_01,web_01,sub_svc_18,web_01,0,0.0,2026-09-01T00:05:00+00:00,2026-09-01T00:05:00+00:00,HTTP,False
scen_000058,inc_scen_000058_01,web_01,sub_svc_19,web_01,0,0.0,2026-09-01T00:05:00+00:00,2026-09-01T00:05:00+00:00,HTTP,False
scen_000058,inc_scen_000058_01,web_01,sub_svc_20,web_01,0,0.0,2026-09-01T00:05:00+00:00,2026-09-01T00:05:00+00:00,HTTP,False
scen_000058,inc_scen_000058_01,web_01,sub_svc_21,web_01,0,0.0,2026-09-01T00:05:00+00:00,2026-09-01T00:05:00+00:00,HTTP,False
scen_000058,inc_scen_000058_01,web_01,sub_svc_22,web_01,0,0.0,2026-09-01T00:05:00+00:00,2026-09-01T00:05:00+00:00,HTTP,False
scen_000058,inc_scen_000058_01,web_01,sub_svc_23,web_01,0,0.0,2026-09-01T00:05:00+00:00,2026-09-01T00:05:00+00:00,HTTP,False
scen_000058,inc_scen_000058_01,web_01,sub_svc_24,web_01,0,0.0,2026-09-01T00:05:00+00:00,2026-09-01T00:05:00+00:00,HTTP,False
scen_000058,inc_scen_000058_01,web_01,sub_svc_25,web_01,0,0.0,2026-09-01T00:05:00+00:00,2026-09-01T00:05:00+00:00,HTTP,False
scen_000058,inc_scen_000058_01,web_01,sub_svc_26,web_01,0,0.0,2026-09-01T00:05:00+00:00,2026-09-01T00:05:00+00:00,HTTP,False
scen_000058,inc_scen_000058_01,web_01,sub_svc_27,web_01,0,0.0,2026-09-01T00:05:00+00:00,2026-09-01T00:05:00+00:00,HTTP,False
scen_000058,inc_scen_000058_01,web_01,sub_svc_28,web_01,0,0.0,2026-09-01T00:05:00+00:00,2026-09-01T00:05:00+00:00,HTTP,False
scen_000058,inc_scen_000058_01,web_01,sub_svc_29,web_01,0,0.0,2026-09-01T00:05:00+00:00,2026-09-01T00:05:00+00:00,HTTP,False
scen_000058,inc_scen_000058_01,web_01,sub_svc_30,web_01,0,0.0,2026-09-01T00:05:00+00:00,2026-09-01T00:05:00+00:00,HTTP,False
scen_000058,inc_scen_000058_01,web_01,sub_svc_31,web_01,0,0.0,2026-09-01T00:05:00+00:00,2026-09-01T00:05:00+00:00,HTTP,False
scen_000058,inc_scen_000058_01,web_01,sub_svc_32,web_01,0,0.0,2026-09-01T00:05:00+00:00,2026-09-01T00:05:00+00:00,HTTP,False
scen_000058,inc_scen_000058_01,web_01,sub_svc_33,web_01,0,0.0,2026-09-01T00:05:00+00:00,2026-09-01T00:05:00+00:00,HTTP,False
scen_000058,inc_scen_000058_01,web_01,sub_svc_34,web_01,0,0.0,2026-09-01T00:05:00+00:00,2026-09-01T00:05:00+00:00,HTTP,False
scen_000058,inc_scen_000058_01,web_01,sub_svc_35,web_01,0,0.0,2026-09-01T00:05:00+00:00,2026-09-01T00:05:00+00:00,HTTP,False
scen_000058,inc_scen_000058_01,web_01,sub_svc_36,web_01,0,0.0,2026-09-01T00:05:00+00:00,2026-09-01T00:05:00+00:00,HTTP,False
scen_000058,inc_scen_000058_01,web_01,sub_svc_37,web_01,0,0.0,2026-09-01T00:05:00+00:00,2026-09-01T00:05:00+00:00,HTTP,False
scen_000058,inc_scen_000058_01,web_01,sub_svc_38,web_01,0,0.0,2026-09-01T00:05:00+00:00,2026-09-01T00:05:00+00:00,HTTP,False
scen_000058,inc_scen_000058_01,sub_svc_2,db_01,sub_svc_2,0,0.0,2026-09-01T00:05:00+00:00,2026-09-01T00:05:00+00:00,DATABASE,False
scen_000058,inc_scen_000058_01,sub_svc_3,db_01,sub_svc_3,0,0.0,2026-09-01T00:05:00+00:00,2026-09-01T00:05:00+00:00,DATABASE,False
scen_000058,inc_scen_000058_01,sub_svc_4,db_01,sub_svc_4,0,0.0,2026-09-01T00:05:00+00:00,2026-09-01T00:05:00+00:00,DATABASE,False
scen_000058,inc_scen_000058_01,sub_svc_5,db_01,sub_svc_5,0,0.0,2026-09-01T00:05:00+00:00,2026-09-01T00:05:00+00:00,DATABASE,False
scen_000058,inc_scen_000058_01,sub_svc_6,db_01,sub_svc_6,0,0.0,2026-09-01T00:05:00+00:00,2026-09-01T00:05:00+00:00,DATABASE,False
scen_000058,inc_scen_000058_01,sub_svc_7,db_01,sub_svc_7,0,0.0,2026-09-01T00:05:00+00:00,2026-09-01T00:05:00+00:00,DATABASE,False
scen_000058,inc_scen_000058_01,sub_svc_8,db_01,sub_svc_8,0,0.0,2026-09-01T00:05:00+00:00,2026-09-01T00:05:00+00:00,DATABASE,False
scen_000058,inc_scen_000058_01,sub_svc_9,db_01,sub_svc_9,0,0.0,2026-09-01T00:05:00+00:00,2026-09-01T00:05:00+00:00,DATABASE,False
scen_000058,inc_scen_000058_01,sub_svc_10,db_01,sub_svc_10,0,0.0,2026-09-01T00:05:00+00:00,2026-09-01T00:05:00+00:00,DATABASE,False
scen_000058,inc_scen_000058_01,sub_svc_11,db_01,sub_svc_11,0,0.0,2026-09-01T00:05:00+00:00,2026-09-01T00:05:00+00:00,DATABASE,False
scen_000058,inc_scen_000058_01,sub_svc_12,db_01,sub_svc_12,0,0.0,2026-09-01T00:05:00+00:00,2026-09-01T00:05:00+00:00,DATABASE,False
scen_000058,inc_scen_000058_01,sub_svc_13,db_01,sub_svc_13,0,0.0,2026-09-01T00:05:00+00:00,2026-09-01T00:05:00+00:00,DATABASE,False
scen_000058,inc_scen_000058_01,sub_svc_14,db_01,sub_svc_14,0,0.0,2026-09-01T00:05:00+00:00,2026-09-01T00:05:00+00:00,DATABASE,False
scen_000058,inc_scen_000058_01,sub_svc_15,db_01,sub_svc_15,0,0.0,2026-09-01T00:05:00+00:00,2026-09-01T00:05:00+00:00,DATABASE,False
scen_000058,inc_scen_000058_01,sub_svc_16,db_01,sub_svc_16,0,0.0,2026-09-01T00:05:00+00:00,2026-09-01T00:05:00+00:00,DATABASE,False
scen_000058,inc_scen_000058_01,sub_svc_17,db_01,sub_svc_17,0,0.0,2026-09-01T00:05:00+00:00,2026-09-01T00:05:00+00:00,DATABASE,False
scen_000058,inc_scen_000058_01,sub_svc_18,db_01,sub_svc_18,0,0.0,2026-09-01T00:05:00+00:00,2026-09-01T00:05:00+00:00,DATABASE,False
scen_000058,inc_scen_000058_01,sub_svc_19,db_01,sub_svc_19,0,0.0,2026-09-01T00:05:00+00:00,2026-09-01T00:05:00+00:00,DATABASE,False
scen_000058,inc_scen_000058_01,sub_svc_20,db_01,sub_svc_20,0,0.0,2026-09-01T00:05:00+00:00,2026-09-01T00:05:00+00:00,DATABASE,False
scen_000058,inc_scen_000058_01,sub_svc_21,db_01,sub_svc_21,0,0.0,2026-09-01T00:05:00+00:00,2026-09-01T00:05:00+00:00,DATABASE,False
scen_000058,inc_scen_000058_01,sub_svc_22,db_01,sub_svc_22,0,0.0,2026-09-01T00:05:00+00:00,2026-09-01T00:05:00+00:00,DATABASE,False
scen_000058,inc_scen_000058_01,sub_svc_23,db_01,sub_svc_23,0,0.0,2026-09-01T00:05:00+00:00,2026-09-01T00:05:00+00:00,DATABASE,False
scen_000058,inc_scen_000058_01,sub_svc_24,db_01,sub_svc_24,0,0.0,2026-09-01T00:05:00+00:00,2026-09-01T00:05:00+00:00,DATABASE,False
scen_000058,inc_scen_000058_01,sub_svc_25,db_01,sub_svc_25,0,0.0,2026-09-01T00:05:00+00:00,2026-09-01T00:05:00+00:00,DATABASE,False
scen_000058,inc_scen_000058_01,sub_svc_26,db_01,sub_svc_26,0,0.0,2026-09-01T00:05:00+00:00,2026-09-01T00:05:00+00:00,DATABASE,False
scen_000058,inc_scen_000058_01,sub_svc_27,db_01,sub_svc_27,0,0.0,2026-09-01T00:05:00+00:00,2026-09-01T00:05:00+00:00,DATABASE,False
scen_000058,inc_scen_000058_01,sub_svc_29,db_01,sub_svc_29,0,0.0,2026-09-01T00:05:00+00:00,2026-09-01T00:05:00+00:00,DATABASE,False
scen_000058,inc_scen_000058_01,sub_svc_30,db_01,sub_svc_30,0,0.0,2026-09-01T00:05:00+00:00,2026-09-01T00:05:00+00:00,DATABASE,False
scen_000058,inc_scen_000058_01,sub_svc_31,db_01,sub_svc_31,0,0.0,2026-09-01T00:05:00+00:00,2026-09-01T00:05:00+00:00,DATABASE,False
scen_000058,inc_scen_000058_01,sub_svc_32,db_01,sub_svc_32,0,0.0,2026-09-01T00:05:00+00:00,2026-09-01T00:05:00+00:00,DATABASE,False
scen_000058,inc_scen_000058_01,sub_svc_33,db_01,sub_svc_33,0,0.0,2026-09-01T00:05:00+00:00,2026-09-01T00:05:00+00:00,DATABASE,False
scen_000058,inc_scen_000058_01,sub_svc_34,db_01,sub_svc_34,0,0.0,2026-09-01T00:05:00+00:00,2026-09-01T00:05:00+00:00,DATABASE,False
scen_000058,inc_scen_000058_01,sub_svc_35,db_01,sub_svc_35,0,0.0,2026-09-01T00:05:00+00:00,2026-09-01T00:05:00+00:00,DATABASE,False
scen_000058,inc_scen_000058_01,sub_svc_36,db_01,sub_svc_36,0,0.0,2026-09-01T00:05:00+00:00,2026-09-01T00:05:00+00:00,DATABASE,False
scen_000058,inc_scen_000058_01,sub_svc_37,db_01,sub_svc_37,0,0.0,2026-09-01T00:05:00+00:00,2026-09-01T00:05:00+00:00,DATABASE,False
scen_000058,inc_scen_000058_01,sub_svc_38,db_01,sub_svc_38,0,0.0,2026-09-01T00:05:00+00:00,2026-09-01T00:05:00+00:00,DATABASE,False
scen_000060,inc_scen_000060_01,search_node_28,es_01,search_node_28,1,15.71,2026-09-01T00:05:00+00:00,2026-09-01T00:05:15.707428+00:00,HTTP,True
scen_000060,inc_scen_000060_01,gw_01,rec_01,gw_01,0,0.0,2026-09-01T00:05:00+00:00,2026-09-01T00:05:00+00:00,HTTP,False
scen_000060,inc_scen_000060_01,gw_01,search_node_1,gw_01,0,0.0,2026-09-01T00:05:00+00:00,2026-09-01T00:05:00+00:00,HTTP,False
scen_000060,inc_scen_000060_01,gw_01,search_node_2,gw_01,0,0.0,2026-09-01T00:05:00+00:00,2026-09-01T00:05:00+00:00,HTTP,False
scen_000060,inc_scen_000060_01,gw_01,search_node_3,gw_01,0,0.0,2026-09-01T00:05:00+00:00,2026-09-01T00:05:00+00:00,HTTP,False
scen_000060,inc_scen_000060_01,gw_01,search_node_4,gw_01,0,0.0,2026-09-01T00:05:00+00:00,2026-09-01T00:05:00+00:00,HTTP,False
scen_000060,inc_scen_000060_01,gw_01,search_node_5,gw_01,0,0.0,2026-09-01T00:05:00+00:00,2026-09-01T00:05:00+00:00,HTTP,False
scen_000060,inc_scen_000060_01,gw_01,search_node_6,gw_01,0,0.0,2026-09-01T00:05:00+00:00,2026-09-01T00:05:00+00:00,HTTP,False
scen_000060,inc_scen_000060_01,gw_01,search_node_7,gw_01,0,0.0,2026-09-01T00:05:00+00:00,2026-09-01T00:05:00+00:00,HTTP,False
scen_000060,inc_scen_000060_01,gw_01,search_node_8,gw_01,0,0.0,2026-09-01T00:05:00+00:00,2026-09-01T00:05:00+00:00,HTTP,False
scen_000060,inc_scen_000060_01,gw_01,search_node_9,gw_01,0,0.0,2026-09-01T00:05:00+00:00,2026-09-01T00:05:00+00:00,HTTP,False
scen_000060,inc_scen_000060_01,gw_01,search_node_10,gw_01,0,0.0,2026-09-01T00:05:00+00:00,2026-09-01T00:05:00+00:00,HTTP,False
scen_000060,inc_scen_000060_01,gw_01,search_node_11,gw_01,0,0.0,2026-09-01T00:05:00+00:00,2026-09-01T00:05:00+00:00,HTTP,False
scen_000060,inc_scen_000060_01,gw_01,search_node_12,gw_01,0,0.0,2026-09-01T00:05:00+00:00,2026-09-01T00:05:00+00:00,HTTP,False
scen_000060,inc_scen_000060_01,gw_01,search_node_13,gw_01,0,0.0,2026-09-01T00:05:00+00:00,2026-09-01T00:05:00+00:00,HTTP,False
scen_000060,inc_scen_000060_01,gw_01,search_node_14,gw_01,0,0.0,2026-09-01T00:05:00+00:00,2026-09-01T00:05:00+00:00,HTTP,False
scen_000060,inc_scen_000060_01,gw_01,search_node_15,gw_01,0,0.0,2026-09-01T00:05:00+00:00,2026-09-01T00:05:00+00:00,HTTP,False
scen_000060,inc_scen_000060_01,gw_01,search_node_16,gw_01,0,0.0,2026-09-01T00:05:00+00:00,2026-09-01T00:05:00+00:00,HTTP,False
scen_000060,inc_scen_000060_01,gw_01,search_node_17,gw_01,0,0.0,2026-09-01T00:05:00+00:00,2026-09-01T00:05:00+00:00,HTTP,False
scen_000060,inc_scen_000060_01,gw_01,search_node_18,gw_01,0,0.0,2026-09-01T00:05:00+00:00,2026-09-01T00:05:00+00:00,HTTP,False
scen_000060,inc_scen_000060_01,gw_01,search_node_19,gw_01,0,0.0,2026-09-01T00:05:00+00:00,2026-09-01T00:05:00+00:00,HTTP,False
scen_000060,inc_scen_000060_01,gw_01,search_node_20,gw_01,0,0.0,2026-09-01T00:05:00+00:00,2026-09-01T00:05:00+00:00,HTTP,False
scen_000060,inc_scen_000060_01,gw_01,search_node_21,gw_01,0,0.0,2026-09-01T00:05:00+00:00,2026-09-01T00:05:00+00:00,HTTP,False
scen_000060,inc_scen_000060_01,gw_01,search_node_22,gw_01,0,0.0,2026-09-01T00:05:00+00:00,2026-09-01T00:05:00+00:00,HTTP,False
scen_000060,inc_scen_000060_01,gw_01,search_node_23,gw_01,0,0.0,2026-09-01T00:05:00+00:00,2026-09-01T00:05:00+00:00,HTTP,False
scen_000060,inc_scen_000060_01,gw_01,search_node_24,gw_01,0,0.0,2026-09-01T00:05:00+00:00,2026-09-01T00:05:00+00:00,HTTP,False
scen_000060,inc_scen_000060_01,gw_01,search_node_25,gw_01,0,0.0,2026-09-01T00:05:00+00:00,2026-09-01T00:05:00+00:00,HTTP,False
scen_000060,inc_scen_000060_01,gw_01,search_node_26,gw_01,0,0.0,2026-09-01T00:05:00+00:00,2026-09-01T00:05:00+00:00,HTTP,False
scen_000060,inc_scen_000060_01,gw_01,search_node_27,gw_01,0,0.0,2026-09-01T00:05:00+00:00,2026-09-01T00:05:00+00:00,HTTP,False
scen_000060,inc_scen_000060_01,gw_01,search_node_28,gw_01,0,0.0,2026-09-01T00:05:00+00:00,2026-09-01T00:05:00+00:00,HTTP,False
scen_000060,inc_scen_000060_01,gw_01,search_node_29,gw_01,0,0.0,2026-09-01T00:05:00+00:00,2026-09-01T00:05:00+00:00,HTTP,False
scen_000060,inc_scen_000060_01,gw_01,search_node_30,gw_01,0,0.0,2026-09-01T00:05:00+00:00,2026-09-01T00:05:00+00:00,HTTP,False
scen_000060,inc_scen_000060_01,gw_01,search_node_31,gw_01,0,0.0,2026-09-01T00:05:00+00:00,2026-09-01T00:05:00+00:00,HTTP,False
scen_000060,inc_scen_000060_01,rec_01,redis_01,rec_01,0,0.0,2026-09-01T00:05:00+00:00,2026-09-01T00:05:00+00:00,CACHE,False
scen_000060,inc_scen_000060_01,rec_01,es_01,rec_01,0,0.0,2026-09-01T00:05:00+00:00,2026-09-01T00:05:00+00:00,HTTP,False
scen_000060,inc_scen_000060_01,rec_01,mongo_01,rec_01,0,0.0,2026-09-01T00:05:00+00:00,2026-09-01T00:05:00+00:00,DATABASE,False
scen_000060,inc_scen_000060_01,search_node_1,es_01,search_node_1,0,0.0,2026-09-01T00:05:00+00:00,2026-09-01T00:05:00+00:00,HTTP,False
scen_000060,inc_scen_000060_01,search_node_2,es_01,search_node_2,0,0.0,2026-09-01T00:05:00+00:00,2026-09-01T00:05:00+00:00,HTTP,False
scen_000060,inc_scen_000060_01,search_node_3,es_01,search_node_3,0,0.0,2026-09-01T00:05:00+00:00,2026-09-01T00:05:00+00:00,HTTP,False
scen_000060,inc_scen_000060_01,search_node_4,es_01,search_node_4,0,0.0,2026-09-01T00:05:00+00:00,2026-09-01T00:05:00+00:00,HTTP,False
scen_000060,inc_scen_000060_01,search_node_5,es_01,search_node_5,0,0.0,2026-09-01T00:05:00+00:00,2026-09-01T00:05:00+00:00,HTTP,False
scen_000060,inc_scen_000060_01,search_node_6,es_01,search_node_6,0,0.0,2026-09-01T00:05:00+00:00,2026-09-01T00:05:00+00:00,HTTP,False
scen_000060,inc_scen_000060_01,search_node_7,es_01,search_node_7,0,0.0,2026-09-01T00:05:00+00:00,2026-09-01T00:05:00+00:00,HTTP,False
scen_000060,inc_scen_000060_01,search_node_8,es_01,search_node_8,0,0.0,2026-09-01T00:05:00+00:00,2026-09-01T00:05:00+00:00,HTTP,False
scen_000060,inc_scen_000060_01,search_node_9,es_01,search_node_9,0,0.0,2026-09-01T00:05:00+00:00,2026-09-01T00:05:00+00:00,HTTP,False
scen_000060,inc_scen_000060_01,search_node_10,es_01,search_node_10,0,0.0,2026-09-01T00:05:00+00:00,2026-09-01T00:05:00+00:00,HTTP,False
scen_000060,inc_scen_000060_01,search_node_11,es_01,search_node_11,0,0.0,2026-09-01T00:05:00+00:00,2026-09-01T00:05:00+00:00,HTTP,False
scen_000060,inc_scen_000060_01,search_node_12,es_01,search_node_12,0,0.0,2026-09-01T00:05:00+00:00,2026-09-01T00:05:00+00:00,HTTP,False
scen_000060,inc_scen_000060_01,search_node_13,es_01,search_node_13,0,0.0,2026-09-01T00:05:00+00:00,2026-09-01T00:05:00+00:00,HTTP,False
scen_000060,inc_scen_000060_01,search_node_14,es_01,search_node_14,0,0.0,2026-09-01T00:05:00+00:00,2026-09-01T00:05:00+00:00,HTTP,False
scen_000060,inc_scen_000060_01,search_node_15,es_01,search_node_15,0,0.0,2026-09-01T00:05:00+00:00,2026-09-01T00:05:00+00:00,HTTP,False
scen_000060,inc_scen_000060_01,search_node_16,es_01,search_node_16,0,0.0,2026-09-01T00:05:00+00:00,2026-09-01T00:05:00+00:00,HTTP,False
scen_000060,inc_scen_000060_01,search_node_17,es_01,search_node_17,0,0.0,2026-09-01T00:05:00+00:00,2026-09-01T00:05:00+00:00,HTTP,False
scen_000060,inc_scen_000060_01,search_node_18,es_01,search_node_18,0,0.0,2026-09-01T00:05:00+00:00,2026-09-01T00:05:00+00:00,HTTP,False
scen_000060,inc_scen_000060_01,search_node_19,es_01,search_node_19,0,0.0,2026-09-01T00:05:00+00:00,2026-09-01T00:05:00+00:00,HTTP,False
scen_000060,inc_scen_000060_01,search_node_20,es_01,search_node_20,0,0.0,2026-09-01T00:05:00+00:00,2026-09-01T00:05:00+00:00,HTTP,False
scen_000060,inc_scen_000060_01,search_node_21,es_01,search_node_21,0,0.0,2026-09-01T00:05:00+00:00,2026-09-01T00:05:00+00:00,HTTP,False
scen_000060,inc_scen_000060_01,search_node_22,es_01,search_node_22,0,0.0,2026-09-01T00:05:00+00:00,2026-09-01T00:05:00+00:00,HTTP,False
scen_000060,inc_scen_000060_01,search_node_23,es_01,search_node_23,0,0.0,2026-09-01T00:05:00+00:00,2026-09-01T00:05:00+00:00,HTTP,False
scen_000060,inc_scen_000060_01,search_node_24,es_01,search_node_24,0,0.0,2026-09-01T00:05:00+00:00,2026-09-01T00:05:00+00:00,HTTP,False
scen_000060,inc_scen_000060_01,search_node_25,es_01,search_node_25,0,0.0,2026-09-01T00:05:00+00:00,2026-09-01T00:05:00+00:00,HTTP,False
scen_000060,inc_scen_000060_01,search_node_26,es_01,search_node_26,0,0.0,2026-09-01T00:05:00+00:00,2026-09-01T00:05:00+00:00,HTTP,False
scen_000060,inc_scen_000060_01,search_node_27,es_01,search_node_27,0,0.0,2026-09-01T00:05:00+00:00,2026-09-01T00:05:00+00:00,HTTP,False
scen_000060,inc_scen_000060_01,search_node_29,es_01,search_node_29,0,0.0,2026-09-01T00:05:00+00:00,2026-09-01T00:05:00+00:00,HTTP,False
scen_000060,inc_scen_000060_01,search_node_30,es_01,search_node_30,0,0.0,2026-09-01T00:05:00+00:00,2026-09-01T00:05:00+00:00,HTTP,False
scen_000060,inc_scen_000060_01,search_node_31,es_01,search_node_31,0,0.0,2026-09-01T00:05:00+00:00,2026-09-01T00:05:00+00:00,HTTP,False
scen_000060,inc_scen_000060_02,search_node_27,es_01,search_node_27,1,8.14,2026-09-01T00:08:35+00:00,2026-09-01T00:08:43.137570+00:00,HTTP,True
scen_000060,inc_scen_000060_02,gw_01,rec_01,gw_01,0,0.0,2026-09-01T00:08:35+00:00,2026-09-01T00:08:35+00:00,HTTP,False
scen_000060,inc_scen_000060_02,gw_01,search_node_1,gw_01,0,0.0,2026-09-01T00:08:35+00:00,2026-09-01T00:08:35+00:00,HTTP,False
scen_000060,inc_scen_000060_02,gw_01,search_node_2,gw_01,0,0.0,2026-09-01T00:08:35+00:00,2026-09-01T00:08:35+00:00,HTTP,False
scen_000060,inc_scen_000060_02,gw_01,search_node_3,gw_01,0,0.0,2026-09-01T00:08:35+00:00,2026-09-01T00:08:35+00:00,HTTP,False
scen_000060,inc_scen_000060_02,gw_01,search_node_4,gw_01,0,0.0,2026-09-01T00:08:35+00:00,2026-09-01T00:08:35+00:00,HTTP,False
scen_000060,inc_scen_000060_02,gw_01,search_node_5,gw_01,0,0.0,2026-09-01T00:08:35+00:00,2026-09-01T00:08:35+00:00,HTTP,False
scen_000060,inc_scen_000060_02,gw_01,search_node_6,gw_01,0,0.0,2026-09-01T00:08:35+00:00,2026-09-01T00:08:35+00:00,HTTP,False
scen_000060,inc_scen_000060_02,gw_01,search_node_7,gw_01,0,0.0,2026-09-01T00:08:35+00:00,2026-09-01T00:08:35+00:00,HTTP,False
scen_000060,inc_scen_000060_02,gw_01,search_node_8,gw_01,0,0.0,2026-09-01T00:08:35+00:00,2026-09-01T00:08:35+00:00,HTTP,False
scen_000060,inc_scen_000060_02,gw_01,search_node_9,gw_01,0,0.0,2026-09-01T00:08:35+00:00,2026-09-01T00:08:35+00:00,HTTP,False
scen_000060,inc_scen_000060_02,gw_01,search_node_10,gw_01,0,0.0,2026-09-01T00:08:35+00:00,2026-09-01T00:08:35+00:00,HTTP,False
scen_000060,inc_scen_000060_02,gw_01,search_node_11,gw_01,0,0.0,2026-09-01T00:08:35+00:00,2026-09-01T00:08:35+00:00,HTTP,False
scen_000060,inc_scen_000060_02,gw_01,search_node_12,gw_01,0,0.0,2026-09-01T00:08:35+00:00,2026-09-01T00:08:35+00:00,HTTP,False
scen_000060,inc_scen_000060_02,gw_01,search_node_13,gw_01,0,0.0,2026-09-01T00:08:35+00:00,2026-09-01T00:08:35+00:00,HTTP,False
scen_000060,inc_scen_000060_02,gw_01,search_node_14,gw_01,0,0.0,2026-09-01T00:08:35+00:00,2026-09-01T00:08:35+00:00,HTTP,False
scen_000060,inc_scen_000060_02,gw_01,search_node_15,gw_01,0,0.0,2026-09-01T00:08:35+00:00,2026-09-01T00:08:35+00:00,HTTP,False
scen_000060,inc_scen_000060_02,gw_01,search_node_16,gw_01,0,0.0,2026-09-01T00:08:35+00:00,2026-09-01T00:08:35+00:00,HTTP,False
scen_000060,inc_scen_000060_02,gw_01,search_node_17,gw_01,0,0.0,2026-09-01T00:08:35+00:00,2026-09-01T00:08:35+00:00,HTTP,False
scen_000060,inc_scen_000060_02,gw_01,search_node_18,gw_01,0,0.0,2026-09-01T00:08:35+00:00,2026-09-01T00:08:35+00:00,HTTP,False
scen_000060,inc_scen_000060_02,gw_01,search_node_19,gw_01,0,0.0,2026-09-01T00:08:35+00:00,2026-09-01T00:08:35+00:00,HTTP,False
scen_000060,inc_scen_000060_02,gw_01,search_node_20,gw_01,0,0.0,2026-09-01T00:08:35+00:00,2026-09-01T00:08:35+00:00,HTTP,False
scen_000060,inc_scen_000060_02,gw_01,search_node_21,gw_01,0,0.0,2026-09-01T00:08:35+00:00,2026-09-01T00:08:35+00:00,HTTP,False
scen_000060,inc_scen_000060_02,gw_01,search_node_22,gw_01,0,0.0,2026-09-01T00:08:35+00:00,2026-09-01T00:08:35+00:00,HTTP,False
scen_000060,inc_scen_000060_02,gw_01,search_node_23,gw_01,0,0.0,2026-09-01T00:08:35+00:00,2026-09-01T00:08:35+00:00,HTTP,False
scen_000060,inc_scen_000060_02,gw_01,search_node_24,gw_01,0,0.0,2026-09-01T00:08:35+00:00,2026-09-01T00:08:35+00:00,HTTP,False
scen_000060,inc_scen_000060_02,gw_01,search_node_25,gw_01,0,0.0,2026-09-01T00:08:35+00:00,2026-09-01T00:08:35+00:00,HTTP,False
scen_000060,inc_scen_000060_02,gw_01,search_node_26,gw_01,0,0.0,2026-09-01T00:08:35+00:00,2026-09-01T00:08:35+00:00,HTTP,False
scen_000060,inc_scen_000060_02,gw_01,search_node_27,gw_01,0,0.0,2026-09-01T00:08:35+00:00,2026-09-01T00:08:35+00:00,HTTP,False
scen_000060,inc_scen_000060_02,gw_01,search_node_28,gw_01,0,0.0,2026-09-01T00:08:35+00:00,2026-09-01T00:08:35+00:00,HTTP,False
scen_000060,inc_scen_000060_02,gw_01,search_node_29,gw_01,0,0.0,2026-09-01T00:08:35+00:00,2026-09-01T00:08:35+00:00,HTTP,False
scen_000060,inc_scen_000060_02,gw_01,search_node_30,gw_01,0,0.0,2026-09-01T00:08:35+00:00,2026-09-01T00:08:35+00:00,HTTP,False
scen_000060,inc_scen_000060_02,gw_01,search_node_31,gw_01,0,0.0,2026-09-01T00:08:35+00:00,2026-09-01T00:08:35+00:00,HTTP,False
scen_000060,inc_scen_000060_02,rec_01,redis_01,rec_01,0,0.0,2026-09-01T00:08:35+00:00,2026-09-01T00:08:35+00:00,CACHE,False
scen_000060,inc_scen_000060_02,rec_01,es_01,rec_01,0,0.0,2026-09-01T00:08:35+00:00,2026-09-01T00:08:35+00:00,HTTP,False
scen_000060,inc_scen_000060_02,rec_01,mongo_01,rec_01,0,0.0,2026-09-01T00:08:35+00:00,2026-09-01T00:08:35+00:00,DATABASE,False
scen_000060,inc_scen_000060_02,search_node_1,es_01,search_node_1,0,0.0,2026-09-01T00:08:35+00:00,2026-09-01T00:08:35+00:00,HTTP,False
scen_000060,inc_scen_000060_02,search_node_2,es_01,search_node_2,0,0.0,2026-09-01T00:08:35+00:00,2026-09-01T00:08:35+00:00,HTTP,False
scen_000060,inc_scen_000060_02,search_node_3,es_01,search_node_3,0,0.0,2026-09-01T00:08:35+00:00,2026-09-01T00:08:35+00:00,HTTP,False
scen_000060,inc_scen_000060_02,search_node_4,es_01,search_node_4,0,0.0,2026-09-01T00:08:35+00:00,2026-09-01T00:08:35+00:00,HTTP,False
scen_000060,inc_scen_000060_02,search_node_5,es_01,search_node_5,0,0.0,2026-09-01T00:08:35+00:00,2026-09-01T00:08:35+00:00,HTTP,False
scen_000060,inc_scen_000060_02,search_node_6,es_01,search_node_6,0,0.0,2026-09-01T00:08:35+00:00,2026-09-01T00:08:35+00:00,HTTP,False
scen_000060,inc_scen_000060_02,search_node_7,es_01,search_node_7,0,0.0,2026-09-01T00:08:35+00:00,2026-09-01T00:08:35+00:00,HTTP,False
scen_000060,inc_scen_000060_02,search_node_8,es_01,search_node_8,0,0.0,2026-09-01T00:08:35+00:00,2026-09-01T00:08:35+00:00,HTTP,False
scen_000060,inc_scen_000060_02,search_node_9,es_01,search_node_9,0,0.0,2026-09-01T00:08:35+00:00,2026-09-01T00:08:35+00:00,HTTP,False
scen_000060,inc_scen_000060_02,search_node_10,es_01,search_node_10,0,0.0,2026-09-01T00:08:35+00:00,2026-09-01T00:08:35+00:00,HTTP,False
scen_000060,inc_scen_000060_02,search_node_11,es_01,search_node_11,0,0.0,2026-09-01T00:08:35+00:00,2026-09-01T00:08:35+00:00,HTTP,False
scen_000060,inc_scen_000060_02,search_node_12,es_01,search_node_12,0,0.0,2026-09-01T00:08:35+00:00,2026-09-01T00:08:35+00:00,HTTP,False
scen_000060,inc_scen_000060_02,search_node_13,es_01,search_node_13,0,0.0,2026-09-01T00:08:35+00:00,2026-09-01T00:08:35+00:00,HTTP,False
scen_000060,inc_scen_000060_02,search_node_14,es_01,search_node_14,0,0.0,2026-09-01T00:08:35+00:00,2026-09-01T00:08:35+00:00,HTTP,False
scen_000060,inc_scen_000060_02,search_node_15,es_01,search_node_15,0,0.0,2026-09-01T00:08:35+00:00,2026-09-01T00:08:35+00:00,HTTP,False
scen_000060,inc_scen_000060_02,search_node_16,es_01,search_node_16,0,0.0,2026-09-01T00:08:35+00:00,2026-09-01T00:08:35+00:00,HTTP,False
scen_000060,inc_scen_000060_02,search_node_17,es_01,search_node_17,0,0.0,2026-09-01T00:08:35+00:00,2026-09-01T00:08:35+00:00,HTTP,False
scen_000060,inc_scen_000060_02,search_node_18,es_01,search_node_18,0,0.0,2026-09-01T00:08:35+00:00,2026-09-01T00:08:35+00:00,HTTP,False
scen_000060,inc_scen_000060_02,search_node_19,es_01,search_node_19,0,0.0,2026-09-01T00:08:35+00:00,2026-09-01T00:08:35+00:00,HTTP,False
scen_000060,inc_scen_000060_02,search_node_20,es_01,search_node_20,0,0.0,2026-09-01T00:08:35+00:00,2026-09-01T00:08:35+00:00,HTTP,False
scen_000060,inc_scen_000060_02,search_node_21,es_01,search_node_21,0,0.0,2026-09-01T00:08:35+00:00,2026-09-01T00:08:35+00:00,HTTP,False
scen_000060,inc_scen_000060_02,search_node_22,es_01,search_node_22,0,0.0,2026-09-01T00:08:35+00:00,2026-09-01T00:08:35+00:00,HTTP,False
scen_000060,inc_scen_000060_02,search_node_23,es_01,search_node_23,0,0.0,2026-09-01T00:08:35+00:00,2026-09-01T00:08:35+00:00,HTTP,False
scen_000060,inc_scen_000060_02,search_node_24,es_01,search_node_24,0,0.0,2026-09-01T00:08:35+00:00,2026-09-01T00:08:35+00:00,HTTP,False
scen_000060,inc_scen_000060_02,search_node_25,es_01,search_node_25,0,0.0,2026-09-01T00:08:35+00:00,2026-09-01T00:08:35+00:00,HTTP,False
scen_000060,inc_scen_000060_02,search_node_26,es_01,search_node_26,0,0.0,2026-09-01T00:08:35+00:00,2026-09-01T00:08:35+00:00,HTTP,False
scen_000060,inc_scen_000060_02,search_node_28,es_01,search_node_28,0,0.0,2026-09-01T00:08:35+00:00,2026-09-01T00:08:35+00:00,HTTP,False
scen_000060,inc_scen_000060_02,search_node_29,es_01,search_node_29,0,0.0,2026-09-01T00:08:35+00:00,2026-09-01T00:08:35+00:00,HTTP,False
scen_000060,inc_scen_000060_02,search_node_30,es_01,search_node_30,0,0.0,2026-09-01T00:08:35+00:00,2026-09-01T00:08:35+00:00,HTTP,False
scen_000060,inc_scen_000060_02,search_node_31,es_01,search_node_31,0,0.0,2026-09-01T00:08:35+00:00,2026-09-01T00:08:35+00:00,HTTP,False
scen_000061,inc_scen_000061_01,ecom_aux_4,cache_01,ecom_aux_4,1,13.07,2026-09-01T00:05:00+00:00,2026-09-01T00:05:13.072778+00:00,CACHE,True
scen_000061,inc_scen_000061_01,gw_01,auth_01,gw_01,0,0.0,2026-09-01T00:05:00+00:00,2026-09-01T00:05:00+00:00,HTTP,False
scen_000061,inc_scen_000061_01,gw_01,order_01,gw_01,0,0.0,2026-09-01T00:05:00+00:00,2026-09-01T00:05:00+00:00,HTTP,False
scen_000061,inc_scen_000061_01,gw_01,ecom_aux_1,gw_01,0,0.0,2026-09-01T00:05:00+00:00,2026-09-01T00:05:00+00:00,HTTP,False
scen_000061,inc_scen_000061_01,gw_01,ecom_aux_2,gw_01,0,0.0,2026-09-01T00:05:00+00:00,2026-09-01T00:05:00+00:00,HTTP,False
scen_000061,inc_scen_000061_01,gw_01,ecom_aux_3,gw_01,0,0.0,2026-09-01T00:05:00+00:00,2026-09-01T00:05:00+00:00,HTTP,False
scen_000061,inc_scen_000061_01,gw_01,ecom_aux_4,gw_01,0,0.0,2026-09-01T00:05:00+00:00,2026-09-01T00:05:00+00:00,HTTP,False
scen_000061,inc_scen_000061_01,gw_01,ecom_aux_5,gw_01,0,0.0,2026-09-01T00:05:00+00:00,2026-09-01T00:05:00+00:00,HTTP,False
scen_000061,inc_scen_000061_01,gw_01,ecom_aux_6,gw_01,0,0.0,2026-09-01T00:05:00+00:00,2026-09-01T00:05:00+00:00,HTTP,False
scen_000061,inc_scen_000061_01,gw_01,ecom_aux_7,gw_01,0,0.0,2026-09-01T00:05:00+00:00,2026-09-01T00:05:00+00:00,HTTP,False
scen_000061,inc_scen_000061_01,gw_01,ecom_aux_8,gw_01,0,0.0,2026-09-01T00:05:00+00:00,2026-09-01T00:05:00+00:00,HTTP,False
scen_000061,inc_scen_000061_01,gw_01,ecom_aux_9,gw_01,0,0.0,2026-09-01T00:05:00+00:00,2026-09-01T00:05:00+00:00,HTTP,False
scen_000061,inc_scen_000061_01,gw_01,ecom_aux_10,gw_01,0,0.0,2026-09-01T00:05:00+00:00,2026-09-01T00:05:00+00:00,HTTP,False
scen_000061,inc_scen_000061_01,gw_01,ecom_aux_11,gw_01,0,0.0,2026-09-01T00:05:00+00:00,2026-09-01T00:05:00+00:00,HTTP,False
scen_000061,inc_scen_000061_01,gw_01,ecom_aux_12,gw_01,0,0.0,2026-09-01T00:05:00+00:00,2026-09-01T00:05:00+00:00,HTTP,False
scen_000061,inc_scen_000061_01,gw_01,ecom_aux_13,gw_01,0,0.0,2026-09-01T00:05:00+00:00,2026-09-01T00:05:00+00:00,HTTP,False
scen_000061,inc_scen_000061_01,gw_01,ecom_aux_14,gw_01,0,0.0,2026-09-01T00:05:00+00:00,2026-09-01T00:05:00+00:00,HTTP,False
scen_000061,inc_scen_000061_01,gw_01,ecom_aux_15,gw_01,0,0.0,2026-09-01T00:05:00+00:00,2026-09-01T00:05:00+00:00,HTTP,False
scen_000061,inc_scen_000061_01,gw_01,ecom_aux_16,gw_01,0,0.0,2026-09-01T00:05:00+00:00,2026-09-01T00:05:00+00:00,HTTP,False
scen_000061,inc_scen_000061_01,gw_01,ecom_aux_17,gw_01,0,0.0,2026-09-01T00:05:00+00:00,2026-09-01T00:05:00+00:00,HTTP,False
scen_000061,inc_scen_000061_01,gw_01,ecom_aux_18,gw_01,0,0.0,2026-09-01T00:05:00+00:00,2026-09-01T00:05:00+00:00,HTTP,False
scen_000061,inc_scen_000061_01,gw_01,ecom_aux_19,gw_01,0,0.0,2026-09-01T00:05:00+00:00,2026-09-01T00:05:00+00:00,HTTP,False
scen_000061,inc_scen_000061_01,gw_01,ecom_aux_20,gw_01,0,0.0,2026-09-01T00:05:00+00:00,2026-09-01T00:05:00+00:00,HTTP,False
scen_000061,inc_scen_000061_01,gw_01,ecom_aux_21,gw_01,0,0.0,2026-09-01T00:05:00+00:00,2026-09-01T00:05:00+00:00,HTTP,False
scen_000061,inc_scen_000061_01,gw_01,ecom_aux_22,gw_01,0,0.0,2026-09-01T00:05:00+00:00,2026-09-01T00:05:00+00:00,HTTP,False
scen_000061,inc_scen_000061_01,gw_01,ecom_aux_23,gw_01,0,0.0,2026-09-01T00:05:00+00:00,2026-09-01T00:05:00+00:00,HTTP,False
scen_000061,inc_scen_000061_01,gw_01,ecom_aux_24,gw_01,0,0.0,2026-09-01T00:05:00+00:00,2026-09-01T00:05:00+00:00,HTTP,False
scen_000061,inc_scen_000061_01,gw_01,ecom_aux_25,gw_01,0,0.0,2026-09-01T00:05:00+00:00,2026-09-01T00:05:00+00:00,HTTP,False
scen_000061,inc_scen_000061_01,gw_01,ecom_aux_26,gw_01,0,0.0,2026-09-01T00:05:00+00:00,2026-09-01T00:05:00+00:00,HTTP,False
scen_000061,inc_scen_000061_01,gw_01,ecom_aux_27,gw_01,0,0.0,2026-09-01T00:05:00+00:00,2026-09-01T00:05:00+00:00,HTTP,False
scen_000061,inc_scen_000061_01,gw_01,ecom_aux_28,gw_01,0,0.0,2026-09-01T00:05:00+00:00,2026-09-01T00:05:00+00:00,HTTP,False
scen_000061,inc_scen_000061_01,gw_01,ecom_aux_29,gw_01,0,0.0,2026-09-01T00:05:00+00:00,2026-09-01T00:05:00+00:00,HTTP,False
scen_000061,inc_scen_000061_01,gw_01,ecom_aux_30,gw_01,0,0.0,2026-09-01T00:05:00+00:00,2026-09-01T00:05:00+00:00,HTTP,False
scen_000061,inc_scen_000061_01,gw_01,ecom_aux_31,gw_01,0,0.0,2026-09-01T00:05:00+00:00,2026-09-01T00:05:00+00:00,HTTP,False
scen_000061,inc_scen_000061_01,gw_01,ecom_aux_32,gw_01,0,0.0,2026-09-01T00:05:00+00:00,2026-09-01T00:05:00+00:00,HTTP,False
scen_000061,inc_scen_000061_01,gw_01,ecom_aux_33,gw_01,0,0.0,2026-09-01T00:05:00+00:00,2026-09-01T00:05:00+00:00,HTTP,False
scen_000061,inc_scen_000061_01,gw_01,ecom_aux_34,gw_01,0,0.0,2026-09-01T00:05:00+00:00,2026-09-01T00:05:00+00:00,HTTP,False
scen_000061,inc_scen_000061_01,gw_01,ecom_aux_35,gw_01,0,0.0,2026-09-01T00:05:00+00:00,2026-09-01T00:05:00+00:00,HTTP,False
scen_000061,inc_scen_000061_01,gw_01,ecom_aux_36,gw_01,0,0.0,2026-09-01T00:05:00+00:00,2026-09-01T00:05:00+00:00,HTTP,False
scen_000061,inc_scen_000061_01,order_01,pay_01,order_01,0,0.0,2026-09-01T00:05:00+00:00,2026-09-01T00:05:00+00:00,HTTP,False
scen_000061,inc_scen_000061_01,order_01,inv_01,order_01,0,0.0,2026-09-01T00:05:00+00:00,2026-09-01T00:05:00+00:00,HTTP,False
scen_000061,inc_scen_000061_01,order_01,cache_01,order_01,0,0.0,2026-09-01T00:05:00+00:00,2026-09-01T00:05:00+00:00,CACHE,False
scen_000061,inc_scen_000061_01,order_01,mq_01,order_01,0,0.0,2026-09-01T00:05:00+00:00,2026-09-01T00:05:00+00:00,MESSAGE_QUEUE,False
scen_000061,inc_scen_000061_01,pay_01,db_master,pay_01,0,0.0,2026-09-01T00:05:00+00:00,2026-09-01T00:05:00+00:00,DATABASE,False
scen_000061,inc_scen_000061_01,inv_01,db_master,inv_01,0,0.0,2026-09-01T00:05:00+00:00,2026-09-01T00:05:00+00:00,DATABASE,False
scen_000061,inc_scen_000061_01,ecom_aux_1,cache_01,ecom_aux_1,0,0.0,2026-09-01T00:05:00+00:00,2026-09-01T00:05:00+00:00,CACHE,False
scen_000061,inc_scen_000061_01,ecom_aux_2,cache_01,ecom_aux_2,0,0.0,2026-09-01T00:05:00+00:00,2026-09-01T00:05:00+00:00,CACHE,False
scen_000061,inc_scen_000061_01,ecom_aux_3,cache_01,ecom_aux_3,0,0.0,2026-09-01T00:05:00+00:00,2026-09-01T00:05:00+00:00,CACHE,False
scen_000061,inc_scen_000061_01,ecom_aux_5,cache_01,ecom_aux_5,0,0.0,2026-09-01T00:05:00+00:00,2026-09-01T00:05:00+00:00,CACHE,False
scen_000061,inc_scen_000061_01,ecom_aux_6,cache_01,ecom_aux_6,0,0.0,2026-09-01T00:05:00+00:00,2026-09-01T00:05:00+00:00,CACHE,False
scen_000061,inc_scen_000061_01,ecom_aux_7,cache_01,ecom_aux_7,0,0.0,2026-09-01T00:05:00+00:00,2026-09-01T00:05:00+00:00,CACHE,False
scen_000061,inc_scen_000061_01,ecom_aux_8,cache_01,ecom_aux_8,0,0.0,2026-09-01T00:05:00+00:00,2026-09-01T00:05:00+00:00,CACHE,False
scen_000061,inc_scen_000061_01,ecom_aux_9,cache_01,ecom_aux_9,0,0.0,2026-09-01T00:05:00+00:00,2026-09-01T00:05:00+00:00,CACHE,False
scen_000061,inc_scen_000061_01,ecom_aux_10,cache_01,ecom_aux_10,0,0.0,2026-09-01T00:05:00+00:00,2026-09-01T00:05:00+00:00,CACHE,False
scen_000061,inc_scen_000061_01,ecom_aux_11,cache_01,ecom_aux_11,0,0.0,2026-09-01T00:05:00+00:00,2026-09-01T00:05:00+00:00,CACHE,False
scen_000061,inc_scen_000061_01,ecom_aux_12,cache_01,ecom_aux_12,0,0.0,2026-09-01T00:05:00+00:00,2026-09-01T00:05:00+00:00,CACHE,False
scen_000061,inc_scen_000061_01,ecom_aux_13,cache_01,ecom_aux_13,0,0.0,2026-09-01T00:05:00+00:00,2026-09-01T00:05:00+00:00,CACHE,False
scen_000061,inc_scen_000061_01,ecom_aux_14,cache_01,ecom_aux_14,0,0.0,2026-09-01T00:05:00+00:00,2026-09-01T00:05:00+00:00,CACHE,False
scen_000061,inc_scen_000061_01,ecom_aux_15,cache_01,ecom_aux_15,0,0.0,2026-09-01T00:05:00+00:00,2026-09-01T00:05:00+00:00,CACHE,False
scen_000061,inc_scen_000061_01,ecom_aux_16,cache_01,ecom_aux_16,0,0.0,2026-09-01T00:05:00+00:00,2026-09-01T00:05:00+00:00,CACHE,False
scen_000061,inc_scen_000061_01,ecom_aux_17,cache_01,ecom_aux_17,0,0.0,2026-09-01T00:05:00+00:00,2026-09-01T00:05:00+00:00,CACHE,False
scen_000061,inc_scen_000061_01,ecom_aux_18,cache_01,ecom_aux_18,0,0.0,2026-09-01T00:05:00+00:00,2026-09-01T00:05:00+00:00,CACHE,False
scen_000061,inc_scen_000061_01,ecom_aux_19,cache_01,ecom_aux_19,0,0.0,2026-09-01T00:05:00+00:00,2026-09-01T00:05:00+00:00,CACHE,False
scen_000061,inc_scen_000061_01,ecom_aux_20,cache_01,ecom_aux_20,0,0.0,2026-09-01T00:05:00+00:00,2026-09-01T00:05:00+00:00,CACHE,False
scen_000061,inc_scen_000061_01,ecom_aux_21,cache_01,ecom_aux_21,0,0.0,2026-09-01T00:05:00+00:00,2026-09-01T00:05:00+00:00,CACHE,False
scen_000061,inc_scen_000061_01,ecom_aux_22,cache_01,ecom_aux_22,0,0.0,2026-09-01T00:05:00+00:00,2026-09-01T00:05:00+00:00,CACHE,False
scen_000061,inc_scen_000061_01,ecom_aux_23,cache_01,ecom_aux_23,0,0.0,2026-09-01T00:05:00+00:00,2026-09-01T00:05:00+00:00,CACHE,False
scen_000061,inc_scen_000061_01,ecom_aux_24,cache_01,ecom_aux_24,0,0.0,2026-09-01T00:05:00+00:00,2026-09-01T00:05:00+00:00,CACHE,False
scen_000061,inc_scen_000061_01,ecom_aux_25,cache_01,ecom_aux_25,0,0.0,2026-09-01T00:05:00+00:00,2026-09-01T00:05:00+00:00,CACHE,False
scen_000061,inc_scen_000061_01,ecom_aux_26,cache_01,ecom_aux_26,0,0.0,2026-09-01T00:05:00+00:00,2026-09-01T00:05:00+00:00,CACHE,False
scen_000061,inc_scen_000061_01,ecom_aux_27,cache_01,ecom_aux_27,0,0.0,2026-09-01T00:05:00+00:00,2026-09-01T00:05:00+00:00,CACHE,False
scen_000061,inc_scen_000061_01,ecom_aux_28,cache_01,ecom_aux_28,0,0.0,2026-09-01T00:05:00+00:00,2026-09-01T00:05:00+00:00,CACHE,False
scen_000061,inc_scen_000061_01,ecom_aux_29,cache_01,ecom_aux_29,0,0.0,2026-09-01T00:05:00+00:00,2026-09-01T00:05:00+00:00,CACHE,False
scen_000061,inc_scen_000061_01,ecom_aux_30,cache_01,ecom_aux_30,0,0.0,2026-09-01T00:05:00+00:00,2026-09-01T00:05:00+00:00,CACHE,False
scen_000061,inc_scen_000061_01,ecom_aux_31,cache_01,ecom_aux_31,0,0.0,2026-09-01T00:05:00+00:00,2026-09-01T00:05:00+00:00,CACHE,False
scen_000061,inc_scen_000061_01,ecom_aux_32,cache_01,ecom_aux_32,0,0.0,2026-09-01T00:05:00+00:00,2026-09-01T00:05:00+00:00,CACHE,False
scen_000061,inc_scen_000061_01,ecom_aux_33,cache_01,ecom_aux_33,0,0.0,2026-09-01T00:05:00+00:00,2026-09-01T00:05:00+00:00,CACHE,False
scen_000061,inc_scen_000061_01,ecom_aux_34,cache_01,ecom_aux_34,0,0.0,2026-09-01T00:05:00+00:00,2026-09-01T00:05:00+00:00,CACHE,False
scen_000061,inc_scen_000061_01,ecom_aux_35,cache_01,ecom_aux_35,0,0.0,2026-09-01T00:05:00+00:00,2026-09-01T00:05:00+00:00,CACHE,False
scen_000061,inc_scen_000061_01,ecom_aux_36,cache_01,ecom_aux_36,0,0.0,2026-09-01T00:05:00+00:00,2026-09-01T00:05:00+00:00,CACHE,False
scen_000062,inc_scen_000062_01,node_08,node_10,node_08,1,16.18,2026-09-01T00:05:00+00:00,2026-09-01T00:05:16.181363+00:00,HTTP,True
scen_000062,inc_scen_000062_01,node_08,node_04,node_08,1,0.77,2026-09-01T00:05:00+00:00,2026-09-01T00:05:00.769153+00:00,DNS,True
scen_000062,inc_scen_000062_01,node_08,node_00,node_08,1,21.57,2026-09-01T00:05:00+00:00,2026-09-01T00:05:21.567530+00:00,TCP,True
scen_000062,inc_scen_000062_01,node_10,node_12,node_10,2,10.28,2026-09-01T00:05:16.181363+00:00,2026-09-01T00:05:26.456664+00:00,DNS,True
scen_000062,inc_scen_000062_01,node_10,node_09,node_10,2,8.09,2026-09-01T00:05:16.181363+00:00,2026-09-01T00:05:24.271827+00:00,STORAGE,True
scen_000062,inc_scen_000062_01,node_10,node_02,node_10,2,4.13,2026-09-01T00:05:16.181363+00:00,2026-09-01T00:05:20.307538+00:00,CACHE,True
scen_000062,inc_scen_000062_01,node_04,node_11,node_04,2,20.25,2026-09-01T00:05:00.769153+00:00,2026-09-01T00:05:21.019888+00:00,STORAGE,True
scen_000062,inc_scen_000062_01,node_00,node_01,node_00,2,26.16,2026-09-01T00:05:21.567530+00:00,2026-09-01T00:05:47.731856+00:00,DATABASE,True
scen_000062,inc_scen_000062_01,node_00,node_03,node_00,2,14.58,2026-09-01T00:05:21.567530+00:00,2026-09-01T00:05:36.147832+00:00,CACHE,True
scen_000062,inc_scen_000062_01,node_02,node_06,node_02,3,9.23,2026-09-01T00:05:20.307538+00:00,2026-09-01T00:05:29.537909+00:00,CACHE,True
scen_000062,inc_scen_000062_01,node_03,node_05,node_03,3,17.19,2026-09-01T00:05:36.147832+00:00,2026-09-01T00:05:53.335028+00:00,HTTP,True
scen_000062,inc_scen_000062_01,node_05,node_07,node_05,4,13.81,2026-09-01T00:05:53.335028+00:00,2026-09-01T00:06:07.145708+00:00,DNS,True
scen_000065,inc_scen_000065_01,consumer_14,db_event,consumer_14,1,7.27,2026-09-01T00:05:00+00:00,2026-09-01T00:05:07.266718+00:00,DATABASE,True
scen_000065,inc_scen_000065_01,ingest_01,kafka_broker,ingest_01,0,0.0,2026-09-01T00:05:00+00:00,2026-09-01T00:05:00+00:00,MESSAGE_QUEUE,False
scen_000065,inc_scen_000065_01,kafka_broker,notif_01,kafka_broker,0,0.0,2026-09-01T00:05:00+00:00,2026-09-01T00:05:00+00:00,MESSAGE_QUEUE,False
scen_000065,inc_scen_000065_01,kafka_broker,user_01,kafka_broker,0,0.0,2026-09-01T00:05:00+00:00,2026-09-01T00:05:00+00:00,MESSAGE_QUEUE,False
scen_000065,inc_scen_000065_01,kafka_broker,consumer_1,kafka_broker,0,0.0,2026-09-01T00:05:00+00:00,2026-09-01T00:05:00+00:00,MESSAGE_QUEUE,False
scen_000065,inc_scen_000065_01,kafka_broker,consumer_2,kafka_broker,0,0.0,2026-09-01T00:05:00+00:00,2026-09-01T00:05:00+00:00,MESSAGE_QUEUE,False
scen_000065,inc_scen_000065_01,kafka_broker,consumer_3,kafka_broker,0,0.0,2026-09-01T00:05:00+00:00,2026-09-01T00:05:00+00:00,MESSAGE_QUEUE,False
scen_000065,inc_scen_000065_01,kafka_broker,consumer_4,kafka_broker,0,0.0,2026-09-01T00:05:00+00:00,2026-09-01T00:05:00+00:00,MESSAGE_QUEUE,False
scen_000065,inc_scen_000065_01,kafka_broker,consumer_5,kafka_broker,0,0.0,2026-09-01T00:05:00+00:00,2026-09-01T00:05:00+00:00,MESSAGE_QUEUE,False
scen_000065,inc_scen_000065_01,kafka_broker,consumer_6,kafka_broker,0,0.0,2026-09-01T00:05:00+00:00,2026-09-01T00:05:00+00:00,MESSAGE_QUEUE,False
scen_000065,inc_scen_000065_01,kafka_broker,consumer_7,kafka_broker,0,0.0,2026-09-01T00:05:00+00:00,2026-09-01T00:05:00+00:00,MESSAGE_QUEUE,False
scen_000065,inc_scen_000065_01,kafka_broker,consumer_8,kafka_broker,0,0.0,2026-09-01T00:05:00+00:00,2026-09-01T00:05:00+00:00,MESSAGE_QUEUE,False
scen_000065,inc_scen_000065_01,kafka_broker,consumer_9,kafka_broker,0,0.0,2026-09-01T00:05:00+00:00,2026-09-01T00:05:00+00:00,MESSAGE_QUEUE,False
scen_000065,inc_scen_000065_01,kafka_broker,consumer_10,kafka_broker,0,0.0,2026-09-01T00:05:00+00:00,2026-09-01T00:05:00+00:00,MESSAGE_QUEUE,False
scen_000065,inc_scen_000065_01,kafka_broker,consumer_11,kafka_broker,0,0.0,2026-09-01T00:05:00+00:00,2026-09-01T00:05:00+00:00,MESSAGE_QUEUE,False
scen_000065,inc_scen_000065_01,kafka_broker,consumer_12,kafka_broker,0,0.0,2026-09-01T00:05:00+00:00,2026-09-01T00:05:00+00:00,MESSAGE_QUEUE,False
scen_000065,inc_scen_000065_01,kafka_broker,consumer_13,kafka_broker,0,0.0,2026-09-01T00:05:00+00:00,2026-09-01T00:05:00+00:00,MESSAGE_QUEUE,False
scen_000065,inc_scen_000065_01,kafka_broker,consumer_14,kafka_broker,0,0.0,2026-09-01T00:05:00+00:00,2026-09-01T00:05:00+00:00,MESSAGE_QUEUE,False
scen_000065,inc_scen_000065_01,kafka_broker,consumer_15,kafka_broker,0,0.0,2026-09-01T00:05:00+00:00,2026-09-01T00:05:00+00:00,MESSAGE_QUEUE,False
scen_000065,inc_scen_000065_01,kafka_broker,consumer_16,kafka_broker,0,0.0,2026-09-01T00:05:00+00:00,2026-09-01T00:05:00+00:00,MESSAGE_QUEUE,False
scen_000065,inc_scen_000065_01,kafka_broker,consumer_17,kafka_broker,0,0.0,2026-09-01T00:05:00+00:00,2026-09-01T00:05:00+00:00,MESSAGE_QUEUE,False
scen_000065,inc_scen_000065_01,kafka_broker,consumer_18,kafka_broker,0,0.0,2026-09-01T00:05:00+00:00,2026-09-01T00:05:00+00:00,MESSAGE_QUEUE,False
scen_000065,inc_scen_000065_01,kafka_broker,consumer_19,kafka_broker,0,0.0,2026-09-01T00:05:00+00:00,2026-09-01T00:05:00+00:00,MESSAGE_QUEUE,False
scen_000065,inc_scen_000065_01,notif_01,db_event,notif_01,0,0.0,2026-09-01T00:05:00+00:00,2026-09-01T00:05:00+00:00,DATABASE,False
scen_000065,inc_scen_000065_01,consumer_1,db_event,consumer_1,0,0.0,2026-09-01T00:05:00+00:00,2026-09-01T00:05:00+00:00,DATABASE,False
scen_000065,inc_scen_000065_01,consumer_2,db_event,consumer_2,0,0.0,2026-09-01T00:05:00+00:00,2026-09-01T00:05:00+00:00,DATABASE,False
scen_000065,inc_scen_000065_01,consumer_3,db_event,consumer_3,0,0.0,2026-09-01T00:05:00+00:00,2026-09-01T00:05:00+00:00,DATABASE,False
scen_000065,inc_scen_000065_01,consumer_4,db_event,consumer_4,0,0.0,2026-09-01T00:05:00+00:00,2026-09-01T00:05:00+00:00,DATABASE,False
scen_000065,inc_scen_000065_01,consumer_5,db_event,consumer_5,0,0.0,2026-09-01T00:05:00+00:00,2026-09-01T00:05:00+00:00,DATABASE,False
scen_000065,inc_scen_000065_01,consumer_6,db_event,consumer_6,0,0.0,2026-09-01T00:05:00+00:00,2026-09-01T00:05:00+00:00,DATABASE,False
scen_000065,inc_scen_000065_01,consumer_7,db_event,consumer_7,0,0.0,2026-09-01T00:05:00+00:00,2026-09-01T00:05:00+00:00,DATABASE,False
scen_000065,inc_scen_000065_01,consumer_8,db_event,consumer_8,0,0.0,2026-09-01T00:05:00+00:00,2026-09-01T00:05:00+00:00,DATABASE,False
scen_000065,inc_scen_000065_01,consumer_9,db_event,consumer_9,0,0.0,2026-09-01T00:05:00+00:00,2026-09-01T00:05:00+00:00,DATABASE,False
scen_000065,inc_scen_000065_01,consumer_10,db_event,consumer_10,0,0.0,2026-09-01T00:05:00+00:00,2026-09-01T00:05:00+00:00,DATABASE,False
scen_000065,inc_scen_000065_01,consumer_11,db_event,consumer_11,0,0.0,2026-09-01T00:05:00+00:00,2026-09-01T00:05:00+00:00,DATABASE,False
scen_000065,inc_scen_000065_01,consumer_12,db_event,consumer_12,0,0.0,2026-09-01T00:05:00+00:00,2026-09-01T00:05:00+00:00,DATABASE,False
scen_000065,inc_scen_000065_01,consumer_13,db_event,consumer_13,0,0.0,2026-09-01T00:05:00+00:00,2026-09-01T00:05:00+00:00,DATABASE,False
scen_000065,inc_scen_000065_01,consumer_15,db_event,consumer_15,0,0.0,2026-09-01T00:05:00+00:00,2026-09-01T00:05:00+00:00,DATABASE,False
scen_000065,inc_scen_000065_01,consumer_16,db_event,consumer_16,0,0.0,2026-09-01T00:05:00+00:00,2026-09-01T00:05:00+00:00,DATABASE,False
scen_000065,inc_scen_000065_01,consumer_17,db_event,consumer_17,0,0.0,2026-09-01T00:05:00+00:00,2026-09-01T00:05:00+00:00,DATABASE,False
scen_000065,inc_scen_000065_01,consumer_18,db_event,consumer_18,0,0.0,2026-09-01T00:05:00+00:00,2026-09-01T00:05:00+00:00,DATABASE,False
scen_000065,inc_scen_000065_01,consumer_19,db_event,consumer_19,0,0.0,2026-09-01T00:05:00+00:00,2026-09-01T00:05:00+00:00,DATABASE,False
scen_000066,inc_scen_000066_01,node_08,node_07,node_08,1,1.62,2026-09-01T00:05:00+00:00,2026-09-01T00:05:01.616359+00:00,DATABASE,True
scen_000066,inc_scen_000066_01,node_07,node_05,node_07,2,14.5,2026-09-01T00:05:01.616359+00:00,2026-09-01T00:05:16.111936+00:00,STORAGE,True
scen_000066,inc_scen_000066_01,node_05,node_03,node_05,3,22.0,2026-09-01T00:05:16.111936+00:00,2026-09-01T00:05:38.116483+00:00,DATABASE,True
scen_000066,inc_scen_000066_01,node_03,node_04,node_03,4,12.0,2026-09-01T00:05:38.116483+00:00,2026-09-01T00:05:50.112396+00:00,CACHE,True
scen_000066,inc_scen_000066_01,node_04,node_06,node_04,5,1.57,2026-09-01T00:05:50.112396+00:00,2026-09-01T00:05:51.686737+00:00,MESSAGE_QUEUE,True
scen_000066,inc_scen_000066_01,node_04,node_09,node_04,5,4.09,2026-09-01T00:05:50.112396+00:00,2026-09-01T00:05:54.207157+00:00,HTTP,True
scen_000066,inc_scen_000066_01,node_00,node_01,node_00,0,0.0,2026-09-01T00:05:00+00:00,2026-09-01T00:05:00+00:00,DATABASE,False
scen_000066,inc_scen_000066_01,node_00,node_02,node_00,0,0.0,2026-09-01T00:05:00+00:00,2026-09-01T00:05:00+00:00,TCP,False
scen_000066,inc_scen_000066_01,node_00,node_03,node_00,0,0.0,2026-09-01T00:05:00+00:00,2026-09-01T00:05:00+00:00,DATABASE,False
scen_000066,inc_scen_000066_01,node_02,node_04,node_02,0,0.0,2026-09-01T00:05:00+00:00,2026-09-01T00:05:00+00:00,DATABASE,False
scen_000066,inc_scen_000066_01,node_02,node_07,node_02,0,0.0,2026-09-01T00:05:00+00:00,2026-09-01T00:05:00+00:00,DNS,False
scen_000066,inc_scen_000066_01,node_02,node_08,node_02,0,0.0,2026-09-01T00:05:00+00:00,2026-09-01T00:05:00+00:00,STORAGE,False
scen_000066,inc_scen_000066_01,node_09,node_00,node_09,0,0.0,2026-09-01T00:05:00+00:00,2026-09-01T00:05:00+00:00,DATABASE,False
scen_000067,inc_scen_000067_01,ingest_01,kafka_broker,ingest_01,0,0.0,2026-09-01T00:05:00+00:00,2026-09-01T00:05:00+00:00,MESSAGE_QUEUE,False
scen_000067,inc_scen_000067_01,kafka_broker,notif_01,kafka_broker,0,0.0,2026-09-01T00:05:00+00:00,2026-09-01T00:05:00+00:00,MESSAGE_QUEUE,False
scen_000067,inc_scen_000067_01,kafka_broker,user_01,kafka_broker,0,0.0,2026-09-01T00:05:00+00:00,2026-09-01T00:05:00+00:00,MESSAGE_QUEUE,False
scen_000067,inc_scen_000067_01,kafka_broker,consumer_1,kafka_broker,0,0.0,2026-09-01T00:05:00+00:00,2026-09-01T00:05:00+00:00,MESSAGE_QUEUE,False
scen_000067,inc_scen_000067_01,kafka_broker,consumer_2,kafka_broker,0,0.0,2026-09-01T00:05:00+00:00,2026-09-01T00:05:00+00:00,MESSAGE_QUEUE,False
scen_000067,inc_scen_000067_01,kafka_broker,consumer_3,kafka_broker,0,0.0,2026-09-01T00:05:00+00:00,2026-09-01T00:05:00+00:00,MESSAGE_QUEUE,False
scen_000067,inc_scen_000067_01,kafka_broker,consumer_4,kafka_broker,0,0.0,2026-09-01T00:05:00+00:00,2026-09-01T00:05:00+00:00,MESSAGE_QUEUE,False
scen_000067,inc_scen_000067_01,kafka_broker,consumer_5,kafka_broker,0,0.0,2026-09-01T00:05:00+00:00,2026-09-01T00:05:00+00:00,MESSAGE_QUEUE,False
scen_000067,inc_scen_000067_01,kafka_broker,consumer_6,kafka_broker,0,0.0,2026-09-01T00:05:00+00:00,2026-09-01T00:05:00+00:00,MESSAGE_QUEUE,False
scen_000067,inc_scen_000067_01,notif_01,db_event,notif_01,0,0.0,2026-09-01T00:05:00+00:00,2026-09-01T00:05:00+00:00,DATABASE,False
scen_000067,inc_scen_000067_01,consumer_1,db_event,consumer_1,0,0.0,2026-09-01T00:05:00+00:00,2026-09-01T00:05:00+00:00,DATABASE,False
scen_000067,inc_scen_000067_01,consumer_2,db_event,consumer_2,0,0.0,2026-09-01T00:05:00+00:00,2026-09-01T00:05:00+00:00,DATABASE,False
scen_000067,inc_scen_000067_01,consumer_3,db_event,consumer_3,0,0.0,2026-09-01T00:05:00+00:00,2026-09-01T00:05:00+00:00,DATABASE,False
scen_000067,inc_scen_000067_01,consumer_4,db_event,consumer_4,0,0.0,2026-09-01T00:05:00+00:00,2026-09-01T00:05:00+00:00,DATABASE,False
scen_000067,inc_scen_000067_01,consumer_5,db_event,consumer_5,0,0.0,2026-09-01T00:05:00+00:00,2026-09-01T00:05:00+00:00,DATABASE,False
scen_000067,inc_scen_000067_01,consumer_6,db_event,consumer_6,0,0.0,2026-09-01T00:05:00+00:00,2026-09-01T00:05:00+00:00,DATABASE,False
scen_000068,inc_scen_000068_01,ecom_aux_21,cache_01,ecom_aux_21,1,20.82,2026-09-01T00:05:00+00:00,2026-09-01T00:05:20.816081+00:00,CACHE,True
scen_000068,inc_scen_000068_01,gw_01,auth_01,gw_01,0,0.0,2026-09-01T00:05:00+00:00,2026-09-01T00:05:00+00:00,HTTP,False
scen_000068,inc_scen_000068_01,gw_01,order_01,gw_01,0,0.0,2026-09-01T00:05:00+00:00,2026-09-01T00:05:00+00:00,HTTP,False
scen_000068,inc_scen_000068_01,gw_01,ecom_aux_1,gw_01,0,0.0,2026-09-01T00:05:00+00:00,2026-09-01T00:05:00+00:00,HTTP,False
scen_000068,inc_scen_000068_01,gw_01,ecom_aux_2,gw_01,0,0.0,2026-09-01T00:05:00+00:00,2026-09-01T00:05:00+00:00,HTTP,False
scen_000068,inc_scen_000068_01,gw_01,ecom_aux_3,gw_01,0,0.0,2026-09-01T00:05:00+00:00,2026-09-01T00:05:00+00:00,HTTP,False
scen_000068,inc_scen_000068_01,gw_01,ecom_aux_4,gw_01,0,0.0,2026-09-01T00:05:00+00:00,2026-09-01T00:05:00+00:00,HTTP,False
scen_000068,inc_scen_000068_01,gw_01,ecom_aux_5,gw_01,0,0.0,2026-09-01T00:05:00+00:00,2026-09-01T00:05:00+00:00,HTTP,False
scen_000068,inc_scen_000068_01,gw_01,ecom_aux_6,gw_01,0,0.0,2026-09-01T00:05:00+00:00,2026-09-01T00:05:00+00:00,HTTP,False
scen_000068,inc_scen_000068_01,gw_01,ecom_aux_7,gw_01,0,0.0,2026-09-01T00:05:00+00:00,2026-09-01T00:05:00+00:00,HTTP,False
scen_000068,inc_scen_000068_01,gw_01,ecom_aux_8,gw_01,0,0.0,2026-09-01T00:05:00+00:00,2026-09-01T00:05:00+00:00,HTTP,False
scen_000068,inc_scen_000068_01,gw_01,ecom_aux_9,gw_01,0,0.0,2026-09-01T00:05:00+00:00,2026-09-01T00:05:00+00:00,HTTP,False
scen_000068,inc_scen_000068_01,gw_01,ecom_aux_10,gw_01,0,0.0,2026-09-01T00:05:00+00:00,2026-09-01T00:05:00+00:00,HTTP,False
scen_000068,inc_scen_000068_01,gw_01,ecom_aux_11,gw_01,0,0.0,2026-09-01T00:05:00+00:00,2026-09-01T00:05:00+00:00,HTTP,False
scen_000068,inc_scen_000068_01,gw_01,ecom_aux_12,gw_01,0,0.0,2026-09-01T00:05:00+00:00,2026-09-01T00:05:00+00:00,HTTP,False
scen_000068,inc_scen_000068_01,gw_01,ecom_aux_13,gw_01,0,0.0,2026-09-01T00:05:00+00:00,2026-09-01T00:05:00+00:00,HTTP,False
scen_000068,inc_scen_000068_01,gw_01,ecom_aux_14,gw_01,0,0.0,2026-09-01T00:05:00+00:00,2026-09-01T00:05:00+00:00,HTTP,False
scen_000068,inc_scen_000068_01,gw_01,ecom_aux_15,gw_01,0,0.0,2026-09-01T00:05:00+00:00,2026-09-01T00:05:00+00:00,HTTP,False
scen_000068,inc_scen_000068_01,gw_01,ecom_aux_16,gw_01,0,0.0,2026-09-01T00:05:00+00:00,2026-09-01T00:05:00+00:00,HTTP,False
scen_000068,inc_scen_000068_01,gw_01,ecom_aux_17,gw_01,0,0.0,2026-09-01T00:05:00+00:00,2026-09-01T00:05:00+00:00,HTTP,False
scen_000068,inc_scen_000068_01,gw_01,ecom_aux_18,gw_01,0,0.0,2026-09-01T00:05:00+00:00,2026-09-01T00:05:00+00:00,HTTP,False
scen_000068,inc_scen_000068_01,gw_01,ecom_aux_19,gw_01,0,0.0,2026-09-01T00:05:00+00:00,2026-09-01T00:05:00+00:00,HTTP,False
scen_000068,inc_scen_000068_01,gw_01,ecom_aux_20,gw_01,0,0.0,2026-09-01T00:05:00+00:00,2026-09-01T00:05:00+00:00,HTTP,False
scen_000068,inc_scen_000068_01,gw_01,ecom_aux_21,gw_01,0,0.0,2026-09-01T00:05:00+00:00,2026-09-01T00:05:00+00:00,HTTP,False
scen_000068,inc_scen_000068_01,gw_01,ecom_aux_22,gw_01,0,0.0,2026-09-01T00:05:00+00:00,2026-09-01T00:05:00+00:00,HTTP,False
scen_000068,inc_scen_000068_01,order_01,pay_01,order_01,0,0.0,2026-09-01T00:05:00+00:00,2026-09-01T00:05:00+00:00,HTTP,False
scen_000068,inc_scen_000068_01,order_01,inv_01,order_01,0,0.0,2026-09-01T00:05:00+00:00,2026-09-01T00:05:00+00:00,HTTP,False
scen_000068,inc_scen_000068_01,order_01,cache_01,order_01,0,0.0,2026-09-01T00:05:00+00:00,2026-09-01T00:05:00+00:00,CACHE,False
scen_000068,inc_scen_000068_01,order_01,mq_01,order_01,0,0.0,2026-09-01T00:05:00+00:00,2026-09-01T00:05:00+00:00,MESSAGE_QUEUE,False
scen_000068,inc_scen_000068_01,pay_01,db_master,pay_01,0,0.0,2026-09-01T00:05:00+00:00,2026-09-01T00:05:00+00:00,DATABASE,False
scen_000068,inc_scen_000068_01,inv_01,db_master,inv_01,0,0.0,2026-09-01T00:05:00+00:00,2026-09-01T00:05:00+00:00,DATABASE,False
scen_000068,inc_scen_000068_01,ecom_aux_1,cache_01,ecom_aux_1,0,0.0,2026-09-01T00:05:00+00:00,2026-09-01T00:05:00+00:00,CACHE,False
scen_000068,inc_scen_000068_01,ecom_aux_2,cache_01,ecom_aux_2,0,0.0,2026-09-01T00:05:00+00:00,2026-09-01T00:05:00+00:00,CACHE,False
scen_000068,inc_scen_000068_01,ecom_aux_3,cache_01,ecom_aux_3,0,0.0,2026-09-01T00:05:00+00:00,2026-09-01T00:05:00+00:00,CACHE,False
scen_000068,inc_scen_000068_01,ecom_aux_4,cache_01,ecom_aux_4,0,0.0,2026-09-01T00:05:00+00:00,2026-09-01T00:05:00+00:00,CACHE,False
scen_000068,inc_scen_000068_01,ecom_aux_5,cache_01,ecom_aux_5,0,0.0,2026-09-01T00:05:00+00:00,2026-09-01T00:05:00+00:00,CACHE,False
scen_000068,inc_scen_000068_01,ecom_aux_6,cache_01,ecom_aux_6,0,0.0,2026-09-01T00:05:00+00:00,2026-09-01T00:05:00+00:00,CACHE,False
scen_000068,inc_scen_000068_01,ecom_aux_7,cache_01,ecom_aux_7,0,0.0,2026-09-01T00:05:00+00:00,2026-09-01T00:05:00+00:00,CACHE,False
scen_000068,inc_scen_000068_01,ecom_aux_8,cache_01,ecom_aux_8,0,0.0,2026-09-01T00:05:00+00:00,2026-09-01T00:05:00+00:00,CACHE,False
scen_000068,inc_scen_000068_01,ecom_aux_9,cache_01,ecom_aux_9,0,0.0,2026-09-01T00:05:00+00:00,2026-09-01T00:05:00+00:00,CACHE,False
scen_000068,inc_scen_000068_01,ecom_aux_10,cache_01,ecom_aux_10,0,0.0,2026-09-01T00:05:00+00:00,2026-09-01T00:05:00+00:00,CACHE,False
scen_000068,inc_scen_000068_01,ecom_aux_11,cache_01,ecom_aux_11,0,0.0,2026-09-01T00:05:00+00:00,2026-09-01T00:05:00+00:00,CACHE,False
scen_000068,inc_scen_000068_01,ecom_aux_12,cache_01,ecom_aux_12,0,0.0,2026-09-01T00:05:00+00:00,2026-09-01T00:05:00+00:00,CACHE,False
scen_000068,inc_scen_000068_01,ecom_aux_13,cache_01,ecom_aux_13,0,0.0,2026-09-01T00:05:00+00:00,2026-09-01T00:05:00+00:00,CACHE,False
scen_000068,inc_scen_000068_01,ecom_aux_14,cache_01,ecom_aux_14,0,0.0,2026-09-01T00:05:00+00:00,2026-09-01T00:05:00+00:00,CACHE,False
scen_000068,inc_scen_000068_01,ecom_aux_15,cache_01,ecom_aux_15,0,0.0,2026-09-01T00:05:00+00:00,2026-09-01T00:05:00+00:00,CACHE,False
scen_000068,inc_scen_000068_01,ecom_aux_16,cache_01,ecom_aux_16,0,0.0,2026-09-01T00:05:00+00:00,2026-09-01T00:05:00+00:00,CACHE,False
scen_000068,inc_scen_000068_01,ecom_aux_17,cache_01,ecom_aux_17,0,0.0,2026-09-01T00:05:00+00:00,2026-09-01T00:05:00+00:00,CACHE,False
scen_000068,inc_scen_000068_01,ecom_aux_18,cache_01,ecom_aux_18,0,0.0,2026-09-01T00:05:00+00:00,2026-09-01T00:05:00+00:00,CACHE,False
scen_000068,inc_scen_000068_01,ecom_aux_19,cache_01,ecom_aux_19,0,0.0,2026-09-01T00:05:00+00:00,2026-09-01T00:05:00+00:00,CACHE,False
scen_000068,inc_scen_000068_01,ecom_aux_20,cache_01,ecom_aux_20,0,0.0,2026-09-01T00:05:00+00:00,2026-09-01T00:05:00+00:00,CACHE,False
scen_000068,inc_scen_000068_01,ecom_aux_22,cache_01,ecom_aux_22,0,0.0,2026-09-01T00:05:00+00:00,2026-09-01T00:05:00+00:00,CACHE,False
scen_000069,inc_scen_000069_01,consumer_9,db_event,consumer_9,1,8.58,2026-09-01T00:05:00+00:00,2026-09-01T00:05:08.580049+00:00,DATABASE,True
scen_000069,inc_scen_000069_01,ingest_01,kafka_broker,ingest_01,0,0.0,2026-09-01T00:05:00+00:00,2026-09-01T00:05:00+00:00,MESSAGE_QUEUE,False
scen_000069,inc_scen_000069_01,kafka_broker,notif_01,kafka_broker,0,0.0,2026-09-01T00:05:00+00:00,2026-09-01T00:05:00+00:00,MESSAGE_QUEUE,False
scen_000069,inc_scen_000069_01,kafka_broker,user_01,kafka_broker,0,0.0,2026-09-01T00:05:00+00:00,2026-09-01T00:05:00+00:00,MESSAGE_QUEUE,False
scen_000069,inc_scen_000069_01,kafka_broker,consumer_1,kafka_broker,0,0.0,2026-09-01T00:05:00+00:00,2026-09-01T00:05:00+00:00,MESSAGE_QUEUE,False
scen_000069,inc_scen_000069_01,kafka_broker,consumer_2,kafka_broker,0,0.0,2026-09-01T00:05:00+00:00,2026-09-01T00:05:00+00:00,MESSAGE_QUEUE,False
scen_000069,inc_scen_000069_01,kafka_broker,consumer_3,kafka_broker,0,0.0,2026-09-01T00:05:00+00:00,2026-09-01T00:05:00+00:00,MESSAGE_QUEUE,False
scen_000069,inc_scen_000069_01,kafka_broker,consumer_4,kafka_broker,0,0.0,2026-09-01T00:05:00+00:00,2026-09-01T00:05:00+00:00,MESSAGE_QUEUE,False
scen_000069,inc_scen_000069_01,kafka_broker,consumer_5,kafka_broker,0,0.0,2026-09-01T00:05:00+00:00,2026-09-01T00:05:00+00:00,MESSAGE_QUEUE,False
scen_000069,inc_scen_000069_01,kafka_broker,consumer_6,kafka_broker,0,0.0,2026-09-01T00:05:00+00:00,2026-09-01T00:05:00+00:00,MESSAGE_QUEUE,False
scen_000069,inc_scen_000069_01,kafka_broker,consumer_7,kafka_broker,0,0.0,2026-09-01T00:05:00+00:00,2026-09-01T00:05:00+00:00,MESSAGE_QUEUE,False
scen_000069,inc_scen_000069_01,kafka_broker,consumer_8,kafka_broker,0,0.0,2026-09-01T00:05:00+00:00,2026-09-01T00:05:00+00:00,MESSAGE_QUEUE,False
scen_000069,inc_scen_000069_01,kafka_broker,consumer_9,kafka_broker,0,0.0,2026-09-01T00:05:00+00:00,2026-09-01T00:05:00+00:00,MESSAGE_QUEUE,False
scen_000069,inc_scen_000069_01,kafka_broker,consumer_10,kafka_broker,0,0.0,2026-09-01T00:05:00+00:00,2026-09-01T00:05:00+00:00,MESSAGE_QUEUE,False
scen_000069,inc_scen_000069_01,kafka_broker,consumer_11,kafka_broker,0,0.0,2026-09-01T00:05:00+00:00,2026-09-01T00:05:00+00:00,MESSAGE_QUEUE,False
scen_000069,inc_scen_000069_01,kafka_broker,consumer_12,kafka_broker,0,0.0,2026-09-01T00:05:00+00:00,2026-09-01T00:05:00+00:00,MESSAGE_QUEUE,False
scen_000069,inc_scen_000069_01,kafka_broker,consumer_13,kafka_broker,0,0.0,2026-09-01T00:05:00+00:00,2026-09-01T00:05:00+00:00,MESSAGE_QUEUE,False
scen_000069,inc_scen_000069_01,kafka_broker,consumer_14,kafka_broker,0,0.0,2026-09-01T00:05:00+00:00,2026-09-01T00:05:00+00:00,MESSAGE_QUEUE,False
scen_000069,inc_scen_000069_01,kafka_broker,consumer_15,kafka_broker,0,0.0,2026-09-01T00:05:00+00:00,2026-09-01T00:05:00+00:00,MESSAGE_QUEUE,False
scen_000069,inc_scen_000069_01,kafka_broker,consumer_16,kafka_broker,0,0.0,2026-09-01T00:05:00+00:00,2026-09-01T00:05:00+00:00,MESSAGE_QUEUE,False
scen_000069,inc_scen_000069_01,kafka_broker,consumer_17,kafka_broker,0,0.0,2026-09-01T00:05:00+00:00,2026-09-01T00:05:00+00:00,MESSAGE_QUEUE,False
scen_000069,inc_scen_000069_01,kafka_broker,consumer_18,kafka_broker,0,0.0,2026-09-01T00:05:00+00:00,2026-09-01T00:05:00+00:00,MESSAGE_QUEUE,False
scen_000069,inc_scen_000069_01,kafka_broker,consumer_19,kafka_broker,0,0.0,2026-09-01T00:05:00+00:00,2026-09-01T00:05:00+00:00,MESSAGE_QUEUE,False
scen_000069,inc_scen_000069_01,kafka_broker,consumer_20,kafka_broker,0,0.0,2026-09-01T00:05:00+00:00,2026-09-01T00:05:00+00:00,MESSAGE_QUEUE,False
scen_000069,inc_scen_000069_01,kafka_broker,consumer_21,kafka_broker,0,0.0,2026-09-01T00:05:00+00:00,2026-09-01T00:05:00+00:00,MESSAGE_QUEUE,False
scen_000069,inc_scen_000069_01,kafka_broker,consumer_22,kafka_broker,0,0.0,2026-09-01T00:05:00+00:00,2026-09-01T00:05:00+00:00,MESSAGE_QUEUE,False
scen_000069,inc_scen_000069_01,kafka_broker,consumer_23,kafka_broker,0,0.0,2026-09-01T00:05:00+00:00,2026-09-01T00:05:00+00:00,MESSAGE_QUEUE,False
scen_000069,inc_scen_000069_01,kafka_broker,consumer_24,kafka_broker,0,0.0,2026-09-01T00:05:00+00:00,2026-09-01T00:05:00+00:00,MESSAGE_QUEUE,False
scen_000069,inc_scen_000069_01,kafka_broker,consumer_25,kafka_broker,0,0.0,2026-09-01T00:05:00+00:00,2026-09-01T00:05:00+00:00,MESSAGE_QUEUE,False
scen_000069,inc_scen_000069_01,kafka_broker,consumer_26,kafka_broker,0,0.0,2026-09-01T00:05:00+00:00,2026-09-01T00:05:00+00:00,MESSAGE_QUEUE,False
scen_000069,inc_scen_000069_01,kafka_broker,consumer_27,kafka_broker,0,0.0,2026-09-01T00:05:00+00:00,2026-09-01T00:05:00+00:00,MESSAGE_QUEUE,False
scen_000069,inc_scen_000069_01,kafka_broker,consumer_28,kafka_broker,0,0.0,2026-09-01T00:05:00+00:00,2026-09-01T00:05:00+00:00,MESSAGE_QUEUE,False
scen_000069,inc_scen_000069_01,kafka_broker,consumer_29,kafka_broker,0,0.0,2026-09-01T00:05:00+00:00,2026-09-01T00:05:00+00:00,MESSAGE_QUEUE,False
scen_000069,inc_scen_000069_01,notif_01,db_event,notif_01,0,0.0,2026-09-01T00:05:00+00:00,2026-09-01T00:05:00+00:00,DATABASE,False
scen_000069,inc_scen_000069_01,consumer_1,db_event,consumer_1,0,0.0,2026-09-01T00:05:00+00:00,2026-09-01T00:05:00+00:00,DATABASE,False
scen_000069,inc_scen_000069_01,consumer_2,db_event,consumer_2,0,0.0,2026-09-01T00:05:00+00:00,2026-09-01T00:05:00+00:00,DATABASE,False
scen_000069,inc_scen_000069_01,consumer_3,db_event,consumer_3,0,0.0,2026-09-01T00:05:00+00:00,2026-09-01T00:05:00+00:00,DATABASE,False
scen_000069,inc_scen_000069_01,consumer_4,db_event,consumer_4,0,0.0,2026-09-01T00:05:00+00:00,2026-09-01T00:05:00+00:00,DATABASE,False
scen_000069,inc_scen_000069_01,consumer_5,db_event,consumer_5,0,0.0,2026-09-01T00:05:00+00:00,2026-09-01T00:05:00+00:00,DATABASE,False
scen_000069,inc_scen_000069_01,consumer_6,db_event,consumer_6,0,0.0,2026-09-01T00:05:00+00:00,2026-09-01T00:05:00+00:00,DATABASE,False
scen_000069,inc_scen_000069_01,consumer_7,db_event,consumer_7,0,0.0,2026-09-01T00:05:00+00:00,2026-09-01T00:05:00+00:00,DATABASE,False
scen_000069,inc_scen_000069_01,consumer_8,db_event,consumer_8,0,0.0,2026-09-01T00:05:00+00:00,2026-09-01T00:05:00+00:00,DATABASE,False
scen_000069,inc_scen_000069_01,consumer_10,db_event,consumer_10,0,0.0,2026-09-01T00:05:00+00:00,2026-09-01T00:05:00+00:00,DATABASE,False
scen_000069,inc_scen_000069_01,consumer_11,db_event,consumer_11,0,0.0,2026-09-01T00:05:00+00:00,2026-09-01T00:05:00+00:00,DATABASE,False
scen_000069,inc_scen_000069_01,consumer_12,db_event,consumer_12,0,0.0,2026-09-01T00:05:00+00:00,2026-09-01T00:05:00+00:00,DATABASE,False
scen_000069,inc_scen_000069_01,consumer_13,db_event,consumer_13,0,0.0,2026-09-01T00:05:00+00:00,2026-09-01T00:05:00+00:00,DATABASE,False
scen_000069,inc_scen_000069_01,consumer_14,db_event,consumer_14,0,0.0,2026-09-01T00:05:00+00:00,2026-09-01T00:05:00+00:00,DATABASE,False
scen_000069,inc_scen_000069_01,consumer_15,db_event,consumer_15,0,0.0,2026-09-01T00:05:00+00:00,2026-09-01T00:05:00+00:00,DATABASE,False
scen_000069,inc_scen_000069_01,consumer_16,db_event,consumer_16,0,0.0,2026-09-01T00:05:00+00:00,2026-09-01T00:05:00+00:00,DATABASE,False
scen_000069,inc_scen_000069_01,consumer_17,db_event,consumer_17,0,0.0,2026-09-01T00:05:00+00:00,2026-09-01T00:05:00+00:00,DATABASE,False
scen_000069,inc_scen_000069_01,consumer_18,db_event,consumer_18,0,0.0,2026-09-01T00:05:00+00:00,2026-09-01T00:05:00+00:00,DATABASE,False
scen_000069,inc_scen_000069_01,consumer_19,db_event,consumer_19,0,0.0,2026-09-01T00:05:00+00:00,2026-09-01T00:05:00+00:00,DATABASE,False
scen_000069,inc_scen_000069_01,consumer_20,db_event,consumer_20,0,0.0,2026-09-01T00:05:00+00:00,2026-09-01T00:05:00+00:00,DATABASE,False
scen_000069,inc_scen_000069_01,consumer_21,db_event,consumer_21,0,0.0,2026-09-01T00:05:00+00:00,2026-09-01T00:05:00+00:00,DATABASE,False
scen_000069,inc_scen_000069_01,consumer_22,db_event,consumer_22,0,0.0,2026-09-01T00:05:00+00:00,2026-09-01T00:05:00+00:00,DATABASE,False
scen_000069,inc_scen_000069_01,consumer_23,db_event,consumer_23,0,0.0,2026-09-01T00:05:00+00:00,2026-09-01T00:05:00+00:00,DATABASE,False
scen_000069,inc_scen_000069_01,consumer_24,db_event,consumer_24,0,0.0,2026-09-01T00:05:00+00:00,2026-09-01T00:05:00+00:00,DATABASE,False
scen_000069,inc_scen_000069_01,consumer_25,db_event,consumer_25,0,0.0,2026-09-01T00:05:00+00:00,2026-09-01T00:05:00+00:00,DATABASE,False
scen_000069,inc_scen_000069_01,consumer_26,db_event,consumer_26,0,0.0,2026-09-01T00:05:00+00:00,2026-09-01T00:05:00+00:00,DATABASE,False
scen_000069,inc_scen_000069_01,consumer_27,db_event,consumer_27,0,0.0,2026-09-01T00:05:00+00:00,2026-09-01T00:05:00+00:00,DATABASE,False
scen_000069,inc_scen_000069_01,consumer_28,db_event,consumer_28,0,0.0,2026-09-01T00:05:00+00:00,2026-09-01T00:05:00+00:00,DATABASE,False
scen_000069,inc_scen_000069_01,consumer_29,db_event,consumer_29,0,0.0,2026-09-01T00:05:00+00:00,2026-09-01T00:05:00+00:00,DATABASE,False
scen_000070,inc_scen_000070_01,ecom_aux_3,cache_01,ecom_aux_3,1,10.46,2026-09-01T00:05:00+00:00,2026-09-01T00:05:10.459218+00:00,CACHE,True
scen_000070,inc_scen_000070_01,gw_01,auth_01,gw_01,0,0.0,2026-09-01T00:05:00+00:00,2026-09-01T00:05:00+00:00,HTTP,False
scen_000070,inc_scen_000070_01,gw_01,order_01,gw_01,0,0.0,2026-09-01T00:05:00+00:00,2026-09-01T00:05:00+00:00,HTTP,False
scen_000070,inc_scen_000070_01,gw_01,ecom_aux_1,gw_01,0,0.0,2026-09-01T00:05:00+00:00,2026-09-01T00:05:00+00:00,HTTP,False
scen_000070,inc_scen_000070_01,gw_01,ecom_aux_2,gw_01,0,0.0,2026-09-01T00:05:00+00:00,2026-09-01T00:05:00+00:00,HTTP,False
scen_000070,inc_scen_000070_01,gw_01,ecom_aux_3,gw_01,0,0.0,2026-09-01T00:05:00+00:00,2026-09-01T00:05:00+00:00,HTTP,False
scen_000070,inc_scen_000070_01,gw_01,ecom_aux_4,gw_01,0,0.0,2026-09-01T00:05:00+00:00,2026-09-01T00:05:00+00:00,HTTP,False
scen_000070,inc_scen_000070_01,gw_01,ecom_aux_5,gw_01,0,0.0,2026-09-01T00:05:00+00:00,2026-09-01T00:05:00+00:00,HTTP,False
scen_000070,inc_scen_000070_01,order_01,pay_01,order_01,0,0.0,2026-09-01T00:05:00+00:00,2026-09-01T00:05:00+00:00,HTTP,False
scen_000070,inc_scen_000070_01,order_01,inv_01,order_01,0,0.0,2026-09-01T00:05:00+00:00,2026-09-01T00:05:00+00:00,HTTP,False
scen_000070,inc_scen_000070_01,order_01,cache_01,order_01,0,0.0,2026-09-01T00:05:00+00:00,2026-09-01T00:05:00+00:00,CACHE,False
scen_000070,inc_scen_000070_01,order_01,mq_01,order_01,0,0.0,2026-09-01T00:05:00+00:00,2026-09-01T00:05:00+00:00,MESSAGE_QUEUE,False
scen_000070,inc_scen_000070_01,pay_01,db_master,pay_01,0,0.0,2026-09-01T00:05:00+00:00,2026-09-01T00:05:00+00:00,DATABASE,False
scen_000070,inc_scen_000070_01,inv_01,db_master,inv_01,0,0.0,2026-09-01T00:05:00+00:00,2026-09-01T00:05:00+00:00,DATABASE,False
scen_000070,inc_scen_000070_01,ecom_aux_1,cache_01,ecom_aux_1,0,0.0,2026-09-01T00:05:00+00:00,2026-09-01T00:05:00+00:00,CACHE,False
scen_000070,inc_scen_000070_01,ecom_aux_2,cache_01,ecom_aux_2,0,0.0,2026-09-01T00:05:00+00:00,2026-09-01T00:05:00+00:00,CACHE,False
scen_000070,inc_scen_000070_01,ecom_aux_4,cache_01,ecom_aux_4,0,0.0,2026-09-01T00:05:00+00:00,2026-09-01T00:05:00+00:00,CACHE,False
scen_000070,inc_scen_000070_01,ecom_aux_5,cache_01,ecom_aux_5,0,0.0,2026-09-01T00:05:00+00:00,2026-09-01T00:05:00+00:00,CACHE,False
scen_000071,inc_scen_000071_01,node_25,node_07,node_25,1,6.01,2026-09-01T00:05:00+00:00,2026-09-01T00:05:06.007514+00:00,DATABASE,True
scen_000071,inc_scen_000071_01,node_07,node_06,node_07,2,1.32,2026-09-01T00:05:06.007514+00:00,2026-09-01T00:05:07.330085+00:00,DNS,True
scen_000071,inc_scen_000071_01,node_07,node_27,node_07,2,16.58,2026-09-01T00:05:06.007514+00:00,2026-09-01T00:05:22.590806+00:00,STORAGE,True
scen_000071,inc_scen_000071_01,node_06,node_18,node_06,3,3.91,2026-09-01T00:05:07.330085+00:00,2026-09-01T00:05:11.242773+00:00,DATABASE,True
scen_000071,inc_scen_000071_01,node_27,node_01,node_27,3,4.75,2026-09-01T00:05:22.590806+00:00,2026-09-01T00:05:27.343843+00:00,TCP,True
scen_000071,inc_scen_000071_01,node_01,node_03,node_01,4,2.69,2026-09-01T00:05:27.343843+00:00,2026-09-01T00:05:30.033482+00:00,DNS,True
scen_000071,inc_scen_000071_01,node_01,node_08,node_01,4,8.89,2026-09-01T00:05:27.343843+00:00,2026-09-01T00:05:36.231300+00:00,DNS,True
scen_000071,inc_scen_000071_01,node_01,node_13,node_01,4,13.43,2026-09-01T00:05:27.343843+00:00,2026-09-01T00:05:40.768931+00:00,TCP,True
scen_000071,inc_scen_000071_01,node_01,node_15,node_01,4,18.4,2026-09-01T00:05:27.343843+00:00,2026-09-01T00:05:45.738870+00:00,TCP,True
scen_000071,inc_scen_000071_01,node_01,node_02,node_01,4,6.61,2026-09-01T00:05:27.343843+00:00,2026-09-01T00:05:33.955118+00:00,STORAGE,True
scen_000071,inc_scen_000071_01,node_01,node_14,node_01,4,14.75,2026-09-01T00:05:27.343843+00:00,2026-09-01T00:05:42.089346+00:00,HTTP,True
scen_000071,inc_scen_000071_01,node_03,node_05,node_03,5,0.27,2026-09-01T00:05:30.033482+00:00,2026-09-01T00:05:30.304885+00:00,CACHE,True
scen_000071,inc_scen_000071_01,node_08,node_10,node_08,5,10.44,2026-09-01T00:05:36.231300+00:00,2026-09-01T00:05:46.672936+00:00,DNS,True
scen_000071,inc_scen_000071_01,node_08,node_26,node_08,5,9.0,2026-09-01T00:05:36.231300+00:00,2026-09-01T00:05:45.227512+00:00,CACHE,True
scen_000071,inc_scen_000071_01,node_08,node_22,node_08,5,6.46,2026-09-01T00:05:36.231300+00:00,2026-09-01T00:05:42.694486+00:00,TCP,True
scen_000071,inc_scen_000071_01,node_15,node_30,node_15,5,4.69,2026-09-01T00:05:45.738870+00:00,2026-09-01T00:05:50.427197+00:00,HTTP,True
scen_000071,inc_scen_000071_01,node_15,node_11,node_15,5,15.16,2026-09-01T00:05:45.738870+00:00,2026-09-01T00:06:00.902945+00:00,DATABASE,True
scen_000071,inc_scen_000071_01,node_02,node_16,node_02,5,7.0,2026-09-01T00:05:33.955118+00:00,2026-09-01T00:05:40.957950+00:00,STORAGE,True
scen_000071,inc_scen_000071_01,node_00,node_01,node_00,0,0.0,2026-09-01T00:05:00+00:00,2026-09-01T00:05:00+00:00,DNS,False
scen_000071,inc_scen_000071_01,node_00,node_02,node_00,0,0.0,2026-09-01T00:05:00+00:00,2026-09-01T00:05:00+00:00,HTTP,False
scen_000071,inc_scen_000071_01,node_00,node_04,node_00,0,0.0,2026-09-01T00:05:00+00:00,2026-09-01T00:05:00+00:00,CACHE,False
scen_000071,inc_scen_000071_01,node_00,node_24,node_00,0,0.0,2026-09-01T00:05:00+00:00,2026-09-01T00:05:00+00:00,DATABASE,False
scen_000071,inc_scen_000071_01,node_04,node_09,node_04,0,0.0,2026-09-01T00:05:00+00:00,2026-09-01T00:05:00+00:00,STORAGE,False
scen_000071,inc_scen_000071_01,node_04,node_22,node_04,0,0.0,2026-09-01T00:05:00+00:00,2026-09-01T00:05:00+00:00,DATABASE,False
scen_000071,inc_scen_000071_01,node_05,node_17,node_05,0,0.0,2026-09-01T00:05:00+00:00,2026-09-01T00:05:00+00:00,DNS,False
scen_000071,inc_scen_000071_01,node_09,node_12,node_09,0,0.0,2026-09-01T00:05:00+00:00,2026-09-01T00:05:00+00:00,DNS,False
scen_000071,inc_scen_000071_01,node_09,node_19,node_09,0,0.0,2026-09-01T00:05:00+00:00,2026-09-01T00:05:00+00:00,STORAGE,False
scen_000071,inc_scen_000071_01,node_10,node_21,node_10,0,0.0,2026-09-01T00:05:00+00:00,2026-09-01T00:05:00+00:00,DNS,False
scen_000071,inc_scen_000071_01,node_10,node_23,node_10,0,0.0,2026-09-01T00:05:00+00:00,2026-09-01T00:05:00+00:00,HTTP,False
scen_000071,inc_scen_000071_01,node_11,node_32,node_11,0,0.0,2026-09-01T00:05:00+00:00,2026-09-01T00:05:00+00:00,HTTP,False
scen_000071,inc_scen_000071_01,node_11,node_21,node_11,0,0.0,2026-09-01T00:05:00+00:00,2026-09-01T00:05:00+00:00,CACHE,False
scen_000071,inc_scen_000071_01,node_12,node_14,node_12,0,0.0,2026-09-01T00:05:00+00:00,2026-09-01T00:05:00+00:00,STORAGE,False
scen_000071,inc_scen_000071_01,node_16,node_20,node_16,0,0.0,2026-09-01T00:05:00+00:00,2026-09-01T00:05:00+00:00,TCP,False
scen_000071,inc_scen_000071_01,node_17,node_28,node_17,0,0.0,2026-09-01T00:05:00+00:00,2026-09-01T00:05:00+00:00,HTTP,False
scen_000071,inc_scen_000071_01,node_17,node_09,node_17,0,0.0,2026-09-01T00:05:00+00:00,2026-09-01T00:05:00+00:00,MESSAGE_QUEUE,False
scen_000071,inc_scen_000071_01,node_17,node_15,node_17,0,0.0,2026-09-01T00:05:00+00:00,2026-09-01T00:05:00+00:00,STORAGE,False
scen_000071,inc_scen_000071_01,node_20,node_22,node_20,0,0.0,2026-09-01T00:05:00+00:00,2026-09-01T00:05:00+00:00,CACHE,False
scen_000071,inc_scen_000071_01,node_22,node_00,node_22,0,0.0,2026-09-01T00:05:00+00:00,2026-09-01T00:05:00+00:00,DNS,False
scen_000071,inc_scen_000071_01,node_23,node_29,node_23,0,0.0,2026-09-01T00:05:00+00:00,2026-09-01T00:05:00+00:00,DATABASE,False
scen_000071,inc_scen_000071_01,node_23,node_31,node_23,0,0.0,2026-09-01T00:05:00+00:00,2026-09-01T00:05:00+00:00,STORAGE,False
scen_000071,inc_scen_000071_01,node_24,node_05,node_24,0,0.0,2026-09-01T00:05:00+00:00,2026-09-01T00:05:00+00:00,MESSAGE_QUEUE,False
scen_000071,inc_scen_000071_01,node_28,node_19,node_28,0,0.0,2026-09-01T00:05:00+00:00,2026-09-01T00:05:00+00:00,MESSAGE_QUEUE,False
scen_000071,inc_scen_000071_01,node_29,node_05,node_29,0,0.0,2026-09-01T00:05:00+00:00,2026-09-01T00:05:00+00:00,CACHE,False
scen_000071,inc_scen_000071_01,node_30,node_20,node_30,0,0.0,2026-09-01T00:05:00+00:00,2026-09-01T00:05:00+00:00,TCP,False
scen_000071,inc_scen_000071_01,node_31,node_00,node_31,0,0.0,2026-09-01T00:05:00+00:00,2026-09-01T00:05:00+00:00,HTTP,False
scen_000071,inc_scen_000071_01,node_31,node_29,node_31,0,0.0,2026-09-01T00:05:00+00:00,2026-09-01T00:05:00+00:00,CACHE,False
scen_000072,inc_scen_000072_01,ecom_aux_8,cache_01,ecom_aux_8,1,8.08,2026-09-01T00:05:00+00:00,2026-09-01T00:05:08.080559+00:00,CACHE,True
scen_000072,inc_scen_000072_01,gw_01,auth_01,gw_01,0,0.0,2026-09-01T00:05:00+00:00,2026-09-01T00:05:00+00:00,HTTP,False
scen_000072,inc_scen_000072_01,gw_01,order_01,gw_01,0,0.0,2026-09-01T00:05:00+00:00,2026-09-01T00:05:00+00:00,HTTP,False
scen_000072,inc_scen_000072_01,gw_01,ecom_aux_1,gw_01,0,0.0,2026-09-01T00:05:00+00:00,2026-09-01T00:05:00+00:00,HTTP,False
scen_000072,inc_scen_000072_01,gw_01,ecom_aux_2,gw_01,0,0.0,2026-09-01T00:05:00+00:00,2026-09-01T00:05:00+00:00,HTTP,False
scen_000072,inc_scen_000072_01,gw_01,ecom_aux_3,gw_01,0,0.0,2026-09-01T00:05:00+00:00,2026-09-01T00:05:00+00:00,HTTP,False
scen_000072,inc_scen_000072_01,gw_01,ecom_aux_4,gw_01,0,0.0,2026-09-01T00:05:00+00:00,2026-09-01T00:05:00+00:00,HTTP,False
scen_000072,inc_scen_000072_01,gw_01,ecom_aux_5,gw_01,0,0.0,2026-09-01T00:05:00+00:00,2026-09-01T00:05:00+00:00,HTTP,False
scen_000072,inc_scen_000072_01,gw_01,ecom_aux_6,gw_01,0,0.0,2026-09-01T00:05:00+00:00,2026-09-01T00:05:00+00:00,HTTP,False
scen_000072,inc_scen_000072_01,gw_01,ecom_aux_7,gw_01,0,0.0,2026-09-01T00:05:00+00:00,2026-09-01T00:05:00+00:00,HTTP,False
scen_000072,inc_scen_000072_01,gw_01,ecom_aux_8,gw_01,0,0.0,2026-09-01T00:05:00+00:00,2026-09-01T00:05:00+00:00,HTTP,False
scen_000072,inc_scen_000072_01,gw_01,ecom_aux_9,gw_01,0,0.0,2026-09-01T00:05:00+00:00,2026-09-01T00:05:00+00:00,HTTP,False
scen_000072,inc_scen_000072_01,gw_01,ecom_aux_10,gw_01,0,0.0,2026-09-01T00:05:00+00:00,2026-09-01T00:05:00+00:00,HTTP,False
scen_000072,inc_scen_000072_01,gw_01,ecom_aux_11,gw_01,0,0.0,2026-09-01T00:05:00+00:00,2026-09-01T00:05:00+00:00,HTTP,False
scen_000072,inc_scen_000072_01,gw_01,ecom_aux_12,gw_01,0,0.0,2026-09-01T00:05:00+00:00,2026-09-01T00:05:00+00:00,HTTP,False
scen_000072,inc_scen_000072_01,gw_01,ecom_aux_13,gw_01,0,0.0,2026-09-01T00:05:00+00:00,2026-09-01T00:05:00+00:00,HTTP,False
scen_000072,inc_scen_000072_01,gw_01,ecom_aux_14,gw_01,0,0.0,2026-09-01T00:05:00+00:00,2026-09-01T00:05:00+00:00,HTTP,False
scen_000072,inc_scen_000072_01,gw_01,ecom_aux_15,gw_01,0,0.0,2026-09-01T00:05:00+00:00,2026-09-01T00:05:00+00:00,HTTP,False
scen_000072,inc_scen_000072_01,gw_01,ecom_aux_16,gw_01,0,0.0,2026-09-01T00:05:00+00:00,2026-09-01T00:05:00+00:00,HTTP,False
scen_000072,inc_scen_000072_01,gw_01,ecom_aux_17,gw_01,0,0.0,2026-09-01T00:05:00+00:00,2026-09-01T00:05:00+00:00,HTTP,False
scen_000072,inc_scen_000072_01,gw_01,ecom_aux_18,gw_01,0,0.0,2026-09-01T00:05:00+00:00,2026-09-01T00:05:00+00:00,HTTP,False
scen_000072,inc_scen_000072_01,gw_01,ecom_aux_19,gw_01,0,0.0,2026-09-01T00:05:00+00:00,2026-09-01T00:05:00+00:00,HTTP,False
scen_000072,inc_scen_000072_01,gw_01,ecom_aux_20,gw_01,0,0.0,2026-09-01T00:05:00+00:00,2026-09-01T00:05:00+00:00,HTTP,False
scen_000072,inc_scen_000072_01,gw_01,ecom_aux_21,gw_01,0,0.0,2026-09-01T00:05:00+00:00,2026-09-01T00:05:00+00:00,HTTP,False
scen_000072,inc_scen_000072_01,gw_01,ecom_aux_22,gw_01,0,0.0,2026-09-01T00:05:00+00:00,2026-09-01T00:05:00+00:00,HTTP,False
scen_000072,inc_scen_000072_01,gw_01,ecom_aux_23,gw_01,0,0.0,2026-09-01T00:05:00+00:00,2026-09-01T00:05:00+00:00,HTTP,False
scen_000072,inc_scen_000072_01,gw_01,ecom_aux_24,gw_01,0,0.0,2026-09-01T00:05:00+00:00,2026-09-01T00:05:00+00:00,HTTP,False
scen_000072,inc_scen_000072_01,gw_01,ecom_aux_25,gw_01,0,0.0,2026-09-01T00:05:00+00:00,2026-09-01T00:05:00+00:00,HTTP,False
scen_000072,inc_scen_000072_01,gw_01,ecom_aux_26,gw_01,0,0.0,2026-09-01T00:05:00+00:00,2026-09-01T00:05:00+00:00,HTTP,False
scen_000072,inc_scen_000072_01,gw_01,ecom_aux_27,gw_01,0,0.0,2026-09-01T00:05:00+00:00,2026-09-01T00:05:00+00:00,HTTP,False
scen_000072,inc_scen_000072_01,gw_01,ecom_aux_28,gw_01,0,0.0,2026-09-01T00:05:00+00:00,2026-09-01T00:05:00+00:00,HTTP,False
scen_000072,inc_scen_000072_01,gw_01,ecom_aux_29,gw_01,0,0.0,2026-09-01T00:05:00+00:00,2026-09-01T00:05:00+00:00,HTTP,False
scen_000072,inc_scen_000072_01,gw_01,ecom_aux_30,gw_01,0,0.0,2026-09-01T00:05:00+00:00,2026-09-01T00:05:00+00:00,HTTP,False
scen_000072,inc_scen_000072_01,gw_01,ecom_aux_31,gw_01,0,0.0,2026-09-01T00:05:00+00:00,2026-09-01T00:05:00+00:00,HTTP,False
scen_000072,inc_scen_000072_01,gw_01,ecom_aux_32,gw_01,0,0.0,2026-09-01T00:05:00+00:00,2026-09-01T00:05:00+00:00,HTTP,False
scen_000072,inc_scen_000072_01,gw_01,ecom_aux_33,gw_01,0,0.0,2026-09-01T00:05:00+00:00,2026-09-01T00:05:00+00:00,HTTP,False
scen_000072,inc_scen_000072_01,gw_01,ecom_aux_34,gw_01,0,0.0,2026-09-01T00:05:00+00:00,2026-09-01T00:05:00+00:00,HTTP,False
scen_000072,inc_scen_000072_01,gw_01,ecom_aux_35,gw_01,0,0.0,2026-09-01T00:05:00+00:00,2026-09-01T00:05:00+00:00,HTTP,False
scen_000072,inc_scen_000072_01,gw_01,ecom_aux_36,gw_01,0,0.0,2026-09-01T00:05:00+00:00,2026-09-01T00:05:00+00:00,HTTP,False
scen_000072,inc_scen_000072_01,gw_01,ecom_aux_37,gw_01,0,0.0,2026-09-01T00:05:00+00:00,2026-09-01T00:05:00+00:00,HTTP,False
scen_000072,inc_scen_000072_01,gw_01,ecom_aux_38,gw_01,0,0.0,2026-09-01T00:05:00+00:00,2026-09-01T00:05:00+00:00,HTTP,False
scen_000072,inc_scen_000072_01,order_01,pay_01,order_01,0,0.0,2026-09-01T00:05:00+00:00,2026-09-01T00:05:00+00:00,HTTP,False
scen_000072,inc_scen_000072_01,order_01,inv_01,order_01,0,0.0,2026-09-01T00:05:00+00:00,2026-09-01T00:05:00+00:00,HTTP,False
scen_000072,inc_scen_000072_01,order_01,cache_01,order_01,0,0.0,2026-09-01T00:05:00+00:00,2026-09-01T00:05:00+00:00,CACHE,False
scen_000072,inc_scen_000072_01,order_01,mq_01,order_01,0,0.0,2026-09-01T00:05:00+00:00,2026-09-01T00:05:00+00:00,MESSAGE_QUEUE,False
scen_000072,inc_scen_000072_01,pay_01,db_master,pay_01,0,0.0,2026-09-01T00:05:00+00:00,2026-09-01T00:05:00+00:00,DATABASE,False
scen_000072,inc_scen_000072_01,inv_01,db_master,inv_01,0,0.0,2026-09-01T00:05:00+00:00,2026-09-01T00:05:00+00:00,DATABASE,False
scen_000072,inc_scen_000072_01,ecom_aux_1,cache_01,ecom_aux_1,0,0.0,2026-09-01T00:05:00+00:00,2026-09-01T00:05:00+00:00,CACHE,False
scen_000072,inc_scen_000072_01,ecom_aux_2,cache_01,ecom_aux_2,0,0.0,2026-09-01T00:05:00+00:00,2026-09-01T00:05:00+00:00,CACHE,False
scen_000072,inc_scen_000072_01,ecom_aux_3,cache_01,ecom_aux_3,0,0.0,2026-09-01T00:05:00+00:00,2026-09-01T00:05:00+00:00,CACHE,False
scen_000072,inc_scen_000072_01,ecom_aux_4,cache_01,ecom_aux_4,0,0.0,2026-09-01T00:05:00+00:00,2026-09-01T00:05:00+00:00,CACHE,False
scen_000072,inc_scen_000072_01,ecom_aux_5,cache_01,ecom_aux_5,0,0.0,2026-09-01T00:05:00+00:00,2026-09-01T00:05:00+00:00,CACHE,False
scen_000072,inc_scen_000072_01,ecom_aux_6,cache_01,ecom_aux_6,0,0.0,2026-09-01T00:05:00+00:00,2026-09-01T00:05:00+00:00,CACHE,False
scen_000072,inc_scen_000072_01,ecom_aux_7,cache_01,ecom_aux_7,0,0.0,2026-09-01T00:05:00+00:00,2026-09-01T00:05:00+00:00,CACHE,False
scen_000072,inc_scen_000072_01,ecom_aux_9,cache_01,ecom_aux_9,0,0.0,2026-09-01T00:05:00+00:00,2026-09-01T00:05:00+00:00,CACHE,False
scen_000072,inc_scen_000072_01,ecom_aux_10,cache_01,ecom_aux_10,0,0.0,2026-09-01T00:05:00+00:00,2026-09-01T00:05:00+00:00,CACHE,False
scen_000072,inc_scen_000072_01,ecom_aux_11,cache_01,ecom_aux_11,0,0.0,2026-09-01T00:05:00+00:00,2026-09-01T00:05:00+00:00,CACHE,False
scen_000072,inc_scen_000072_01,ecom_aux_12,cache_01,ecom_aux_12,0,0.0,2026-09-01T00:05:00+00:00,2026-09-01T00:05:00+00:00,CACHE,False
scen_000072,inc_scen_000072_01,ecom_aux_13,cache_01,ecom_aux_13,0,0.0,2026-09-01T00:05:00+00:00,2026-09-01T00:05:00+00:00,CACHE,False
scen_000072,inc_scen_000072_01,ecom_aux_14,cache_01,ecom_aux_14,0,0.0,2026-09-01T00:05:00+00:00,2026-09-01T00:05:00+00:00,CACHE,False
scen_000072,inc_scen_000072_01,ecom_aux_15,cache_01,ecom_aux_15,0,0.0,2026-09-01T00:05:00+00:00,2026-09-01T00:05:00+00:00,CACHE,False
scen_000072,inc_scen_000072_01,ecom_aux_16,cache_01,ecom_aux_16,0,0.0,2026-09-01T00:05:00+00:00,2026-09-01T00:05:00+00:00,CACHE,False
scen_000072,inc_scen_000072_01,ecom_aux_17,cache_01,ecom_aux_17,0,0.0,2026-09-01T00:05:00+00:00,2026-09-01T00:05:00+00:00,CACHE,False
scen_000072,inc_scen_000072_01,ecom_aux_18,cache_01,ecom_aux_18,0,0.0,2026-09-01T00:05:00+00:00,2026-09-01T00:05:00+00:00,CACHE,False
scen_000072,inc_scen_000072_01,ecom_aux_19,cache_01,ecom_aux_19,0,0.0,2026-09-01T00:05:00+00:00,2026-09-01T00:05:00+00:00,CACHE,False
scen_000072,inc_scen_000072_01,ecom_aux_20,cache_01,ecom_aux_20,0,0.0,2026-09-01T00:05:00+00:00,2026-09-01T00:05:00+00:00,CACHE,False
scen_000072,inc_scen_000072_01,ecom_aux_21,cache_01,ecom_aux_21,0,0.0,2026-09-01T00:05:00+00:00,2026-09-01T00:05:00+00:00,CACHE,False
scen_000072,inc_scen_000072_01,ecom_aux_22,cache_01,ecom_aux_22,0,0.0,2026-09-01T00:05:00+00:00,2026-09-01T00:05:00+00:00,CACHE,False
scen_000072,inc_scen_000072_01,ecom_aux_23,cache_01,ecom_aux_23,0,0.0,2026-09-01T00:05:00+00:00,2026-09-01T00:05:00+00:00,CACHE,False
scen_000072,inc_scen_000072_01,ecom_aux_24,cache_01,ecom_aux_24,0,0.0,2026-09-01T00:05:00+00:00,2026-09-01T00:05:00+00:00,CACHE,False
scen_000072,inc_scen_000072_01,ecom_aux_25,cache_01,ecom_aux_25,0,0.0,2026-09-01T00:05:00+00:00,2026-09-01T00:05:00+00:00,CACHE,False
scen_000072,inc_scen_000072_01,ecom_aux_26,cache_01,ecom_aux_26,0,0.0,2026-09-01T00:05:00+00:00,2026-09-01T00:05:00+00:00,CACHE,False
scen_000072,inc_scen_000072_01,ecom_aux_27,cache_01,ecom_aux_27,0,0.0,2026-09-01T00:05:00+00:00,2026-09-01T00:05:00+00:00,CACHE,False
scen_000072,inc_scen_000072_01,ecom_aux_28,cache_01,ecom_aux_28,0,0.0,2026-09-01T00:05:00+00:00,2026-09-01T00:05:00+00:00,CACHE,False
scen_000072,inc_scen_000072_01,ecom_aux_29,cache_01,ecom_aux_29,0,0.0,2026-09-01T00:05:00+00:00,2026-09-01T00:05:00+00:00,CACHE,False
scen_000072,inc_scen_000072_01,ecom_aux_30,cache_01,ecom_aux_30,0,0.0,2026-09-01T00:05:00+00:00,2026-09-01T00:05:00+00:00,CACHE,False
scen_000072,inc_scen_000072_01,ecom_aux_31,cache_01,ecom_aux_31,0,0.0,2026-09-01T00:05:00+00:00,2026-09-01T00:05:00+00:00,CACHE,False
scen_000072,inc_scen_000072_01,ecom_aux_32,cache_01,ecom_aux_32,0,0.0,2026-09-01T00:05:00+00:00,2026-09-01T00:05:00+00:00,CACHE,False
scen_000072,inc_scen_000072_01,ecom_aux_33,cache_01,ecom_aux_33,0,0.0,2026-09-01T00:05:00+00:00,2026-09-01T00:05:00+00:00,CACHE,False
scen_000072,inc_scen_000072_01,ecom_aux_34,cache_01,ecom_aux_34,0,0.0,2026-09-01T00:05:00+00:00,2026-09-01T00:05:00+00:00,CACHE,False
scen_000072,inc_scen_000072_01,ecom_aux_35,cache_01,ecom_aux_35,0,0.0,2026-09-01T00:05:00+00:00,2026-09-01T00:05:00+00:00,CACHE,False
scen_000072,inc_scen_000072_01,ecom_aux_36,cache_01,ecom_aux_36,0,0.0,2026-09-01T00:05:00+00:00,2026-09-01T00:05:00+00:00,CACHE,False
scen_000072,inc_scen_000072_01,ecom_aux_37,cache_01,ecom_aux_37,0,0.0,2026-09-01T00:05:00+00:00,2026-09-01T00:05:00+00:00,CACHE,False
scen_000072,inc_scen_000072_01,ecom_aux_38,cache_01,ecom_aux_38,0,0.0,2026-09-01T00:05:00+00:00,2026-09-01T00:05:00+00:00,CACHE,False
scen_000074,inc_scen_000074_01,consumer_17,db_event,consumer_17,1,4.53,2026-09-01T00:05:00+00:00,2026-09-01T00:05:04.532777+00:00,DATABASE,True
scen_000074,inc_scen_000074_01,ingest_01,kafka_broker,ingest_01,0,0.0,2026-09-01T00:05:00+00:00,2026-09-01T00:05:00+00:00,MESSAGE_QUEUE,False
scen_000074,inc_scen_000074_01,kafka_broker,notif_01,kafka_broker,0,0.0,2026-09-01T00:05:00+00:00,2026-09-01T00:05:00+00:00,MESSAGE_QUEUE,False
scen_000074,inc_scen_000074_01,kafka_broker,user_01,kafka_broker,0,0.0,2026-09-01T00:05:00+00:00,2026-09-01T00:05:00+00:00,MESSAGE_QUEUE,False
scen_000074,inc_scen_000074_01,kafka_broker,consumer_1,kafka_broker,0,0.0,2026-09-01T00:05:00+00:00,2026-09-01T00:05:00+00:00,MESSAGE_QUEUE,False
scen_000074,inc_scen_000074_01,kafka_broker,consumer_2,kafka_broker,0,0.0,2026-09-01T00:05:00+00:00,2026-09-01T00:05:00+00:00,MESSAGE_QUEUE,False
scen_000074,inc_scen_000074_01,kafka_broker,consumer_3,kafka_broker,0,0.0,2026-09-01T00:05:00+00:00,2026-09-01T00:05:00+00:00,MESSAGE_QUEUE,False
scen_000074,inc_scen_000074_01,kafka_broker,consumer_4,kafka_broker,0,0.0,2026-09-01T00:05:00+00:00,2026-09-01T00:05:00+00:00,MESSAGE_QUEUE,False
scen_000074,inc_scen_000074_01,kafka_broker,consumer_5,kafka_broker,0,0.0,2026-09-01T00:05:00+00:00,2026-09-01T00:05:00+00:00,MESSAGE_QUEUE,False
scen_000074,inc_scen_000074_01,kafka_broker,consumer_6,kafka_broker,0,0.0,2026-09-01T00:05:00+00:00,2026-09-01T00:05:00+00:00,MESSAGE_QUEUE,False
scen_000074,inc_scen_000074_01,kafka_broker,consumer_7,kafka_broker,0,0.0,2026-09-01T00:05:00+00:00,2026-09-01T00:05:00+00:00,MESSAGE_QUEUE,False
scen_000074,inc_scen_000074_01,kafka_broker,consumer_8,kafka_broker,0,0.0,2026-09-01T00:05:00+00:00,2026-09-01T00:05:00+00:00,MESSAGE_QUEUE,False
scen_000074,inc_scen_000074_01,kafka_broker,consumer_9,kafka_broker,0,0.0,2026-09-01T00:05:00+00:00,2026-09-01T00:05:00+00:00,MESSAGE_QUEUE,False
scen_000074,inc_scen_000074_01,kafka_broker,consumer_10,kafka_broker,0,0.0,2026-09-01T00:05:00+00:00,2026-09-01T00:05:00+00:00,MESSAGE_QUEUE,False
scen_000074,inc_scen_000074_01,kafka_broker,consumer_11,kafka_broker,0,0.0,2026-09-01T00:05:00+00:00,2026-09-01T00:05:00+00:00,MESSAGE_QUEUE,False
scen_000074,inc_scen_000074_01,kafka_broker,consumer_12,kafka_broker,0,0.0,2026-09-01T00:05:00+00:00,2026-09-01T00:05:00+00:00,MESSAGE_QUEUE,False
scen_000074,inc_scen_000074_01,kafka_broker,consumer_13,kafka_broker,0,0.0,2026-09-01T00:05:00+00:00,2026-09-01T00:05:00+00:00,MESSAGE_QUEUE,False
scen_000074,inc_scen_000074_01,kafka_broker,consumer_14,kafka_broker,0,0.0,2026-09-01T00:05:00+00:00,2026-09-01T00:05:00+00:00,MESSAGE_QUEUE,False
scen_000074,inc_scen_000074_01,kafka_broker,consumer_15,kafka_broker,0,0.0,2026-09-01T00:05:00+00:00,2026-09-01T00:05:00+00:00,MESSAGE_QUEUE,False
scen_000074,inc_scen_000074_01,kafka_broker,consumer_16,kafka_broker,0,0.0,2026-09-01T00:05:00+00:00,2026-09-01T00:05:00+00:00,MESSAGE_QUEUE,False
scen_000074,inc_scen_000074_01,kafka_broker,consumer_17,kafka_broker,0,0.0,2026-09-01T00:05:00+00:00,2026-09-01T00:05:00+00:00,MESSAGE_QUEUE,False
scen_000074,inc_scen_000074_01,kafka_broker,consumer_18,kafka_broker,0,0.0,2026-09-01T00:05:00+00:00,2026-09-01T00:05:00+00:00,MESSAGE_QUEUE,False
scen_000074,inc_scen_000074_01,kafka_broker,consumer_19,kafka_broker,0,0.0,2026-09-01T00:05:00+00:00,2026-09-01T00:05:00+00:00,MESSAGE_QUEUE,False
scen_000074,inc_scen_000074_01,kafka_broker,consumer_20,kafka_broker,0,0.0,2026-09-01T00:05:00+00:00,2026-09-01T00:05:00+00:00,MESSAGE_QUEUE,False
scen_000074,inc_scen_000074_01,kafka_broker,consumer_21,kafka_broker,0,0.0,2026-09-01T00:05:00+00:00,2026-09-01T00:05:00+00:00,MESSAGE_QUEUE,False
scen_000074,inc_scen_000074_01,kafka_broker,consumer_22,kafka_broker,0,0.0,2026-09-01T00:05:00+00:00,2026-09-01T00:05:00+00:00,MESSAGE_QUEUE,False
scen_000074,inc_scen_000074_01,kafka_broker,consumer_23,kafka_broker,0,0.0,2026-09-01T00:05:00+00:00,2026-09-01T00:05:00+00:00,MESSAGE_QUEUE,False
scen_000074,inc_scen_000074_01,kafka_broker,consumer_24,kafka_broker,0,0.0,2026-09-01T00:05:00+00:00,2026-09-01T00:05:00+00:00,MESSAGE_QUEUE,False
scen_000074,inc_scen_000074_01,kafka_broker,consumer_25,kafka_broker,0,0.0,2026-09-01T00:05:00+00:00,2026-09-01T00:05:00+00:00,MESSAGE_QUEUE,False
scen_000074,inc_scen_000074_01,kafka_broker,consumer_26,kafka_broker,0,0.0,2026-09-01T00:05:00+00:00,2026-09-01T00:05:00+00:00,MESSAGE_QUEUE,False
scen_000074,inc_scen_000074_01,kafka_broker,consumer_27,kafka_broker,0,0.0,2026-09-01T00:05:00+00:00,2026-09-01T00:05:00+00:00,MESSAGE_QUEUE,False
scen_000074,inc_scen_000074_01,notif_01,db_event,notif_01,0,0.0,2026-09-01T00:05:00+00:00,2026-09-01T00:05:00+00:00,DATABASE,False
scen_000074,inc_scen_000074_01,consumer_1,db_event,consumer_1,0,0.0,2026-09-01T00:05:00+00:00,2026-09-01T00:05:00+00:00,DATABASE,False
scen_000074,inc_scen_000074_01,consumer_2,db_event,consumer_2,0,0.0,2026-09-01T00:05:00+00:00,2026-09-01T00:05:00+00:00,DATABASE,False
scen_000074,inc_scen_000074_01,consumer_3,db_event,consumer_3,0,0.0,2026-09-01T00:05:00+00:00,2026-09-01T00:05:00+00:00,DATABASE,False
scen_000074,inc_scen_000074_01,consumer_4,db_event,consumer_4,0,0.0,2026-09-01T00:05:00+00:00,2026-09-01T00:05:00+00:00,DATABASE,False
scen_000074,inc_scen_000074_01,consumer_5,db_event,consumer_5,0,0.0,2026-09-01T00:05:00+00:00,2026-09-01T00:05:00+00:00,DATABASE,False
scen_000074,inc_scen_000074_01,consumer_6,db_event,consumer_6,0,0.0,2026-09-01T00:05:00+00:00,2026-09-01T00:05:00+00:00,DATABASE,False
scen_000074,inc_scen_000074_01,consumer_7,db_event,consumer_7,0,0.0,2026-09-01T00:05:00+00:00,2026-09-01T00:05:00+00:00,DATABASE,False
scen_000074,inc_scen_000074_01,consumer_8,db_event,consumer_8,0,0.0,2026-09-01T00:05:00+00:00,2026-09-01T00:05:00+00:00,DATABASE,False
scen_000074,inc_scen_000074_01,consumer_9,db_event,consumer_9,0,0.0,2026-09-01T00:05:00+00:00,2026-09-01T00:05:00+00:00,DATABASE,False
scen_000074,inc_scen_000074_01,consumer_10,db_event,consumer_10,0,0.0,2026-09-01T00:05:00+00:00,2026-09-01T00:05:00+00:00,DATABASE,False
scen_000074,inc_scen_000074_01,consumer_11,db_event,consumer_11,0,0.0,2026-09-01T00:05:00+00:00,2026-09-01T00:05:00+00:00,DATABASE,False
scen_000074,inc_scen_000074_01,consumer_12,db_event,consumer_12,0,0.0,2026-09-01T00:05:00+00:00,2026-09-01T00:05:00+00:00,DATABASE,False
scen_000074,inc_scen_000074_01,consumer_13,db_event,consumer_13,0,0.0,2026-09-01T00:05:00+00:00,2026-09-01T00:05:00+00:00,DATABASE,False
scen_000074,inc_scen_000074_01,consumer_14,db_event,consumer_14,0,0.0,2026-09-01T00:05:00+00:00,2026-09-01T00:05:00+00:00,DATABASE,False
scen_000074,inc_scen_000074_01,consumer_15,db_event,consumer_15,0,0.0,2026-09-01T00:05:00+00:00,2026-09-01T00:05:00+00:00,DATABASE,False
scen_000074,inc_scen_000074_01,consumer_16,db_event,consumer_16,0,0.0,2026-09-01T00:05:00+00:00,2026-09-01T00:05:00+00:00,DATABASE,False
scen_000074,inc_scen_000074_01,consumer_18,db_event,consumer_18,0,0.0,2026-09-01T00:05:00+00:00,2026-09-01T00:05:00+00:00,DATABASE,False
scen_000074,inc_scen_000074_01,consumer_19,db_event,consumer_19,0,0.0,2026-09-01T00:05:00+00:00,2026-09-01T00:05:00+00:00,DATABASE,False
scen_000074,inc_scen_000074_01,consumer_20,db_event,consumer_20,0,0.0,2026-09-01T00:05:00+00:00,2026-09-01T00:05:00+00:00,DATABASE,False
scen_000074,inc_scen_000074_01,consumer_21,db_event,consumer_21,0,0.0,2026-09-01T00:05:00+00:00,2026-09-01T00:05:00+00:00,DATABASE,False
scen_000074,inc_scen_000074_01,consumer_22,db_event,consumer_22,0,0.0,2026-09-01T00:05:00+00:00,2026-09-01T00:05:00+00:00,DATABASE,False
scen_000074,inc_scen_000074_01,consumer_23,db_event,consumer_23,0,0.0,2026-09-01T00:05:00+00:00,2026-09-01T00:05:00+00:00,DATABASE,False
scen_000074,inc_scen_000074_01,consumer_24,db_event,consumer_24,0,0.0,2026-09-01T00:05:00+00:00,2026-09-01T00:05:00+00:00,DATABASE,False
scen_000074,inc_scen_000074_01,consumer_25,db_event,consumer_25,0,0.0,2026-09-01T00:05:00+00:00,2026-09-01T00:05:00+00:00,DATABASE,False
scen_000074,inc_scen_000074_01,consumer_26,db_event,consumer_26,0,0.0,2026-09-01T00:05:00+00:00,2026-09-01T00:05:00+00:00,DATABASE,False
scen_000074,inc_scen_000074_01,consumer_27,db_event,consumer_27,0,0.0,2026-09-01T00:05:00+00:00,2026-09-01T00:05:00+00:00,DATABASE,False
scen_000075,inc_scen_000075_01,consumer_8,db_event,consumer_8,1,0.51,2026-09-01T00:05:00+00:00,2026-09-01T00:05:00.508111+00:00,DATABASE,True
scen_000075,inc_scen_000075_01,ingest_01,kafka_broker,ingest_01,0,0.0,2026-09-01T00:05:00+00:00,2026-09-01T00:05:00+00:00,MESSAGE_QUEUE,False
scen_000075,inc_scen_000075_01,kafka_broker,notif_01,kafka_broker,0,0.0,2026-09-01T00:05:00+00:00,2026-09-01T00:05:00+00:00,MESSAGE_QUEUE,False
scen_000075,inc_scen_000075_01,kafka_broker,user_01,kafka_broker,0,0.0,2026-09-01T00:05:00+00:00,2026-09-01T00:05:00+00:00,MESSAGE_QUEUE,False
scen_000075,inc_scen_000075_01,kafka_broker,consumer_1,kafka_broker,0,0.0,2026-09-01T00:05:00+00:00,2026-09-01T00:05:00+00:00,MESSAGE_QUEUE,False
scen_000075,inc_scen_000075_01,kafka_broker,consumer_2,kafka_broker,0,0.0,2026-09-01T00:05:00+00:00,2026-09-01T00:05:00+00:00,MESSAGE_QUEUE,False
scen_000075,inc_scen_000075_01,kafka_broker,consumer_3,kafka_broker,0,0.0,2026-09-01T00:05:00+00:00,2026-09-01T00:05:00+00:00,MESSAGE_QUEUE,False
scen_000075,inc_scen_000075_01,kafka_broker,consumer_4,kafka_broker,0,0.0,2026-09-01T00:05:00+00:00,2026-09-01T00:05:00+00:00,MESSAGE_QUEUE,False
scen_000075,inc_scen_000075_01,kafka_broker,consumer_5,kafka_broker,0,0.0,2026-09-01T00:05:00+00:00,2026-09-01T00:05:00+00:00,MESSAGE_QUEUE,False
scen_000075,inc_scen_000075_01,kafka_broker,consumer_6,kafka_broker,0,0.0,2026-09-01T00:05:00+00:00,2026-09-01T00:05:00+00:00,MESSAGE_QUEUE,False
scen_000075,inc_scen_000075_01,kafka_broker,consumer_7,kafka_broker,0,0.0,2026-09-01T00:05:00+00:00,2026-09-01T00:05:00+00:00,MESSAGE_QUEUE,False
scen_000075,inc_scen_000075_01,kafka_broker,consumer_8,kafka_broker,0,0.0,2026-09-01T00:05:00+00:00,2026-09-01T00:05:00+00:00,MESSAGE_QUEUE,False
scen_000075,inc_scen_000075_01,kafka_broker,consumer_9,kafka_broker,0,0.0,2026-09-01T00:05:00+00:00,2026-09-01T00:05:00+00:00,MESSAGE_QUEUE,False
scen_000075,inc_scen_000075_01,kafka_broker,consumer_10,kafka_broker,0,0.0,2026-09-01T00:05:00+00:00,2026-09-01T00:05:00+00:00,MESSAGE_QUEUE,False
scen_000075,inc_scen_000075_01,kafka_broker,consumer_11,kafka_broker,0,0.0,2026-09-01T00:05:00+00:00,2026-09-01T00:05:00+00:00,MESSAGE_QUEUE,False
scen_000075,inc_scen_000075_01,kafka_broker,consumer_12,kafka_broker,0,0.0,2026-09-01T00:05:00+00:00,2026-09-01T00:05:00+00:00,MESSAGE_QUEUE,False
scen_000075,inc_scen_000075_01,kafka_broker,consumer_13,kafka_broker,0,0.0,2026-09-01T00:05:00+00:00,2026-09-01T00:05:00+00:00,MESSAGE_QUEUE,False
scen_000075,inc_scen_000075_01,kafka_broker,consumer_14,kafka_broker,0,0.0,2026-09-01T00:05:00+00:00,2026-09-01T00:05:00+00:00,MESSAGE_QUEUE,False
scen_000075,inc_scen_000075_01,kafka_broker,consumer_15,kafka_broker,0,0.0,2026-09-01T00:05:00+00:00,2026-09-01T00:05:00+00:00,MESSAGE_QUEUE,False
scen_000075,inc_scen_000075_01,kafka_broker,consumer_16,kafka_broker,0,0.0,2026-09-01T00:05:00+00:00,2026-09-01T00:05:00+00:00,MESSAGE_QUEUE,False
scen_000075,inc_scen_000075_01,kafka_broker,consumer_17,kafka_broker,0,0.0,2026-09-01T00:05:00+00:00,2026-09-01T00:05:00+00:00,MESSAGE_QUEUE,False
scen_000075,inc_scen_000075_01,kafka_broker,consumer_18,kafka_broker,0,0.0,2026-09-01T00:05:00+00:00,2026-09-01T00:05:00+00:00,MESSAGE_QUEUE,False
scen_000075,inc_scen_000075_01,kafka_broker,consumer_19,kafka_broker,0,0.0,2026-09-01T00:05:00+00:00,2026-09-01T00:05:00+00:00,MESSAGE_QUEUE,False
scen_000075,inc_scen_000075_01,kafka_broker,consumer_20,kafka_broker,0,0.0,2026-09-01T00:05:00+00:00,2026-09-01T00:05:00+00:00,MESSAGE_QUEUE,False
scen_000075,inc_scen_000075_01,kafka_broker,consumer_21,kafka_broker,0,0.0,2026-09-01T00:05:00+00:00,2026-09-01T00:05:00+00:00,MESSAGE_QUEUE,False
scen_000075,inc_scen_000075_01,kafka_broker,consumer_22,kafka_broker,0,0.0,2026-09-01T00:05:00+00:00,2026-09-01T00:05:00+00:00,MESSAGE_QUEUE,False
scen_000075,inc_scen_000075_01,kafka_broker,consumer_23,kafka_broker,0,0.0,2026-09-01T00:05:00+00:00,2026-09-01T00:05:00+00:00,MESSAGE_QUEUE,False
scen_000075,inc_scen_000075_01,kafka_broker,consumer_24,kafka_broker,0,0.0,2026-09-01T00:05:00+00:00,2026-09-01T00:05:00+00:00,MESSAGE_QUEUE,False
scen_000075,inc_scen_000075_01,kafka_broker,consumer_25,kafka_broker,0,0.0,2026-09-01T00:05:00+00:00,2026-09-01T00:05:00+00:00,MESSAGE_QUEUE,False
scen_000075,inc_scen_000075_01,kafka_broker,consumer_26,kafka_broker,0,0.0,2026-09-01T00:05:00+00:00,2026-09-01T00:05:00+00:00,MESSAGE_QUEUE,False
scen_000075,inc_scen_000075_01,kafka_broker,consumer_27,kafka_broker,0,0.0,2026-09-01T00:05:00+00:00,2026-09-01T00:05:00+00:00,MESSAGE_QUEUE,False
scen_000075,inc_scen_000075_01,kafka_broker,consumer_28,kafka_broker,0,0.0,2026-09-01T00:05:00+00:00,2026-09-01T00:05:00+00:00,MESSAGE_QUEUE,False
scen_000075,inc_scen_000075_01,kafka_broker,consumer_29,kafka_broker,0,0.0,2026-09-01T00:05:00+00:00,2026-09-01T00:05:00+00:00,MESSAGE_QUEUE,False
scen_000075,inc_scen_000075_01,notif_01,db_event,notif_01,0,0.0,2026-09-01T00:05:00+00:00,2026-09-01T00:05:00+00:00,DATABASE,False
scen_000075,inc_scen_000075_01,consumer_1,db_event,consumer_1,0,0.0,2026-09-01T00:05:00+00:00,2026-09-01T00:05:00+00:00,DATABASE,False
scen_000075,inc_scen_000075_01,consumer_2,db_event,consumer_2,0,0.0,2026-09-01T00:05:00+00:00,2026-09-01T00:05:00+00:00,DATABASE,False
scen_000075,inc_scen_000075_01,consumer_3,db_event,consumer_3,0,0.0,2026-09-01T00:05:00+00:00,2026-09-01T00:05:00+00:00,DATABASE,False
scen_000075,inc_scen_000075_01,consumer_4,db_event,consumer_4,0,0.0,2026-09-01T00:05:00+00:00,2026-09-01T00:05:00+00:00,DATABASE,False
scen_000075,inc_scen_000075_01,consumer_5,db_event,consumer_5,0,0.0,2026-09-01T00:05:00+00:00,2026-09-01T00:05:00+00:00,DATABASE,False
scen_000075,inc_scen_000075_01,consumer_6,db_event,consumer_6,0,0.0,2026-09-01T00:05:00+00:00,2026-09-01T00:05:00+00:00,DATABASE,False
scen_000075,inc_scen_000075_01,consumer_7,db_event,consumer_7,0,0.0,2026-09-01T00:05:00+00:00,2026-09-01T00:05:00+00:00,DATABASE,False
scen_000075,inc_scen_000075_01,consumer_9,db_event,consumer_9,0,0.0,2026-09-01T00:05:00+00:00,2026-09-01T00:05:00+00:00,DATABASE,False
scen_000075,inc_scen_000075_01,consumer_10,db_event,consumer_10,0,0.0,2026-09-01T00:05:00+00:00,2026-09-01T00:05:00+00:00,DATABASE,False
scen_000075,inc_scen_000075_01,consumer_11,db_event,consumer_11,0,0.0,2026-09-01T00:05:00+00:00,2026-09-01T00:05:00+00:00,DATABASE,False
scen_000075,inc_scen_000075_01,consumer_12,db_event,consumer_12,0,0.0,2026-09-01T00:05:00+00:00,2026-09-01T00:05:00+00:00,DATABASE,False
scen_000075,inc_scen_000075_01,consumer_13,db_event,consumer_13,0,0.0,2026-09-01T00:05:00+00:00,2026-09-01T00:05:00+00:00,DATABASE,False
scen_000075,inc_scen_000075_01,consumer_14,db_event,consumer_14,0,0.0,2026-09-01T00:05:00+00:00,2026-09-01T00:05:00+00:00,DATABASE,False
scen_000075,inc_scen_000075_01,consumer_15,db_event,consumer_15,0,0.0,2026-09-01T00:05:00+00:00,2026-09-01T00:05:00+00:00,DATABASE,False
scen_000075,inc_scen_000075_01,consumer_16,db_event,consumer_16,0,0.0,2026-09-01T00:05:00+00:00,2026-09-01T00:05:00+00:00,DATABASE,False
scen_000075,inc_scen_000075_01,consumer_17,db_event,consumer_17,0,0.0,2026-09-01T00:05:00+00:00,2026-09-01T00:05:00+00:00,DATABASE,False
scen_000075,inc_scen_000075_01,consumer_18,db_event,consumer_18,0,0.0,2026-09-01T00:05:00+00:00,2026-09-01T00:05:00+00:00,DATABASE,False
scen_000075,inc_scen_000075_01,consumer_19,db_event,consumer_19,0,0.0,2026-09-01T00:05:00+00:00,2026-09-01T00:05:00+00:00,DATABASE,False
scen_000075,inc_scen_000075_01,consumer_20,db_event,consumer_20,0,0.0,2026-09-01T00:05:00+00:00,2026-09-01T00:05:00+00:00,DATABASE,False
scen_000075,inc_scen_000075_01,consumer_21,db_event,consumer_21,0,0.0,2026-09-01T00:05:00+00:00,2026-09-01T00:05:00+00:00,DATABASE,False
scen_000075,inc_scen_000075_01,consumer_22,db_event,consumer_22,0,0.0,2026-09-01T00:05:00+00:00,2026-09-01T00:05:00+00:00,DATABASE,False
scen_000075,inc_scen_000075_01,consumer_23,db_event,consumer_23,0,0.0,2026-09-01T00:05:00+00:00,2026-09-01T00:05:00+00:00,DATABASE,False
scen_000075,inc_scen_000075_01,consumer_24,db_event,consumer_24,0,0.0,2026-09-01T00:05:00+00:00,2026-09-01T00:05:00+00:00,DATABASE,False
scen_000075,inc_scen_000075_01,consumer_25,db_event,consumer_25,0,0.0,2026-09-01T00:05:00+00:00,2026-09-01T00:05:00+00:00,DATABASE,False
scen_000075,inc_scen_000075_01,consumer_26,db_event,consumer_26,0,0.0,2026-09-01T00:05:00+00:00,2026-09-01T00:05:00+00:00,DATABASE,False
scen_000075,inc_scen_000075_01,consumer_27,db_event,consumer_27,0,0.0,2026-09-01T00:05:00+00:00,2026-09-01T00:05:00+00:00,DATABASE,False
scen_000075,inc_scen_000075_01,consumer_28,db_event,consumer_28,0,0.0,2026-09-01T00:05:00+00:00,2026-09-01T00:05:00+00:00,DATABASE,False
scen_000075,inc_scen_000075_01,consumer_29,db_event,consumer_29,0,0.0,2026-09-01T00:05:00+00:00,2026-09-01T00:05:00+00:00,DATABASE,False
scen_000076,inc_scen_000076_01,sub_svc_17,db_01,sub_svc_17,1,2.17,2026-09-01T00:05:00+00:00,2026-09-01T00:05:02.174263+00:00,DATABASE,True
scen_000076,inc_scen_000076_01,gw_01,auth_01,gw_01,0,0.0,2026-09-01T00:05:00+00:00,2026-09-01T00:05:00+00:00,HTTP,False
scen_000076,inc_scen_000076_01,gw_01,web_01,gw_01,0,0.0,2026-09-01T00:05:00+00:00,2026-09-01T00:05:00+00:00,HTTP,False
scen_000076,inc_scen_000076_01,lb_01,gw_01,lb_01,0,0.0,2026-09-01T00:05:00+00:00,2026-09-01T00:05:00+00:00,HTTP,False
scen_000076,inc_scen_000076_01,auth_01,db_01,auth_01,0,0.0,2026-09-01T00:05:00+00:00,2026-09-01T00:05:00+00:00,DATABASE,False
scen_000076,inc_scen_000076_01,web_01,db_01,web_01,0,0.0,2026-09-01T00:05:00+00:00,2026-09-01T00:05:00+00:00,DATABASE,False
scen_000076,inc_scen_000076_01,web_01,sub_svc_2,web_01,0,0.0,2026-09-01T00:05:00+00:00,2026-09-01T00:05:00+00:00,HTTP,False
scen_000076,inc_scen_000076_01,web_01,sub_svc_3,web_01,0,0.0,2026-09-01T00:05:00+00:00,2026-09-01T00:05:00+00:00,HTTP,False
scen_000076,inc_scen_000076_01,web_01,sub_svc_4,web_01,0,0.0,2026-09-01T00:05:00+00:00,2026-09-01T00:05:00+00:00,HTTP,False
scen_000076,inc_scen_000076_01,web_01,sub_svc_5,web_01,0,0.0,2026-09-01T00:05:00+00:00,2026-09-01T00:05:00+00:00,HTTP,False
scen_000076,inc_scen_000076_01,web_01,sub_svc_6,web_01,0,0.0,2026-09-01T00:05:00+00:00,2026-09-01T00:05:00+00:00,HTTP,False
scen_000076,inc_scen_000076_01,web_01,sub_svc_7,web_01,0,0.0,2026-09-01T00:05:00+00:00,2026-09-01T00:05:00+00:00,HTTP,False
scen_000076,inc_scen_000076_01,web_01,sub_svc_8,web_01,0,0.0,2026-09-01T00:05:00+00:00,2026-09-01T00:05:00+00:00,HTTP,False
scen_000076,inc_scen_000076_01,web_01,sub_svc_9,web_01,0,0.0,2026-09-01T00:05:00+00:00,2026-09-01T00:05:00+00:00,HTTP,False
scen_000076,inc_scen_000076_01,web_01,sub_svc_10,web_01,0,0.0,2026-09-01T00:05:00+00:00,2026-09-01T00:05:00+00:00,HTTP,False
scen_000076,inc_scen_000076_01,web_01,sub_svc_11,web_01,0,0.0,2026-09-01T00:05:00+00:00,2026-09-01T00:05:00+00:00,HTTP,False
scen_000076,inc_scen_000076_01,web_01,sub_svc_12,web_01,0,0.0,2026-09-01T00:05:00+00:00,2026-09-01T00:05:00+00:00,HTTP,False
scen_000076,inc_scen_000076_01,web_01,sub_svc_13,web_01,0,0.0,2026-09-01T00:05:00+00:00,2026-09-01T00:05:00+00:00,HTTP,False
scen_000076,inc_scen_000076_01,web_01,sub_svc_14,web_01,0,0.0,2026-09-01T00:05:00+00:00,2026-09-01T00:05:00+00:00,HTTP,False
scen_000076,inc_scen_000076_01,web_01,sub_svc_15,web_01,0,0.0,2026-09-01T00:05:00+00:00,2026-09-01T00:05:00+00:00,HTTP,False
scen_000076,inc_scen_000076_01,web_01,sub_svc_16,web_01,0,0.0,2026-09-01T00:05:00+00:00,2026-09-01T00:05:00+00:00,HTTP,False
scen_000076,inc_scen_000076_01,web_01,sub_svc_17,web_01,0,0.0,2026-09-01T00:05:00+00:00,2026-09-01T00:05:00+00:00,HTTP,False
scen_000076,inc_scen_000076_01,web_01,sub_svc_18,web_01,0,0.0,2026-09-01T00:05:00+00:00,2026-09-01T00:05:00+00:00,HTTP,False
scen_000076,inc_scen_000076_01,web_01,sub_svc_19,web_01,0,0.0,2026-09-01T00:05:00+00:00,2026-09-01T00:05:00+00:00,HTTP,False
scen_000076,inc_scen_000076_01,web_01,sub_svc_20,web_01,0,0.0,2026-09-01T00:05:00+00:00,2026-09-01T00:05:00+00:00,HTTP,False
scen_000076,inc_scen_000076_01,sub_svc_2,db_01,sub_svc_2,0,0.0,2026-09-01T00:05:00+00:00,2026-09-01T00:05:00+00:00,DATABASE,False
scen_000076,inc_scen_000076_01,sub_svc_3,db_01,sub_svc_3,0,0.0,2026-09-01T00:05:00+00:00,2026-09-01T00:05:00+00:00,DATABASE,False
scen_000076,inc_scen_000076_01,sub_svc_4,db_01,sub_svc_4,0,0.0,2026-09-01T00:05:00+00:00,2026-09-01T00:05:00+00:00,DATABASE,False
scen_000076,inc_scen_000076_01,sub_svc_5,db_01,sub_svc_5,0,0.0,2026-09-01T00:05:00+00:00,2026-09-01T00:05:00+00:00,DATABASE,False
scen_000076,inc_scen_000076_01,sub_svc_6,db_01,sub_svc_6,0,0.0,2026-09-01T00:05:00+00:00,2026-09-01T00:05:00+00:00,DATABASE,False
scen_000076,inc_scen_000076_01,sub_svc_7,db_01,sub_svc_7,0,0.0,2026-09-01T00:05:00+00:00,2026-09-01T00:05:00+00:00,DATABASE,False
scen_000076,inc_scen_000076_01,sub_svc_8,db_01,sub_svc_8,0,0.0,2026-09-01T00:05:00+00:00,2026-09-01T00:05:00+00:00,DATABASE,False
scen_000076,inc_scen_000076_01,sub_svc_9,db_01,sub_svc_9,0,0.0,2026-09-01T00:05:00+00:00,2026-09-01T00:05:00+00:00,DATABASE,False
scen_000076,inc_scen_000076_01,sub_svc_10,db_01,sub_svc_10,0,0.0,2026-09-01T00:05:00+00:00,2026-09-01T00:05:00+00:00,DATABASE,False
scen_000076,inc_scen_000076_01,sub_svc_11,db_01,sub_svc_11,0,0.0,2026-09-01T00:05:00+00:00,2026-09-01T00:05:00+00:00,DATABASE,False
scen_000076,inc_scen_000076_01,sub_svc_12,db_01,sub_svc_12,0,0.0,2026-09-01T00:05:00+00:00,2026-09-01T00:05:00+00:00,DATABASE,False
scen_000076,inc_scen_000076_01,sub_svc_13,db_01,sub_svc_13,0,0.0,2026-09-01T00:05:00+00:00,2026-09-01T00:05:00+00:00,DATABASE,False
scen_000076,inc_scen_000076_01,sub_svc_14,db_01,sub_svc_14,0,0.0,2026-09-01T00:05:00+00:00,2026-09-01T00:05:00+00:00,DATABASE,False
scen_000076,inc_scen_000076_01,sub_svc_15,db_01,sub_svc_15,0,0.0,2026-09-01T00:05:00+00:00,2026-09-01T00:05:00+00:00,DATABASE,False
scen_000076,inc_scen_000076_01,sub_svc_16,db_01,sub_svc_16,0,0.0,2026-09-01T00:05:00+00:00,2026-09-01T00:05:00+00:00,DATABASE,False
scen_000076,inc_scen_000076_01,sub_svc_18,db_01,sub_svc_18,0,0.0,2026-09-01T00:05:00+00:00,2026-09-01T00:05:00+00:00,DATABASE,False
scen_000076,inc_scen_000076_01,sub_svc_19,db_01,sub_svc_19,0,0.0,2026-09-01T00:05:00+00:00,2026-09-01T00:05:00+00:00,DATABASE,False
scen_000076,inc_scen_000076_01,sub_svc_20,db_01,sub_svc_20,0,0.0,2026-09-01T00:05:00+00:00,2026-09-01T00:05:00+00:00,DATABASE,False
scen_000077,inc_scen_000077_01,gw_01,auth_01,gw_01,1,11.02,2026-09-01T00:05:00+00:00,2026-09-01T00:05:11.018580+00:00,HTTP,True
scen_000077,inc_scen_000077_01,gw_01,web_01,gw_01,1,26.96,2026-09-01T00:05:00+00:00,2026-09-01T00:05:26.963759+00:00,HTTP,True
scen_000077,inc_scen_000077_01,auth_01,db_01,auth_01,2,15.82,2026-09-01T00:05:11.018580+00:00,2026-09-01T00:05:26.839486+00:00,DATABASE,True
scen_000077,inc_scen_000077_01,web_01,sub_svc_2,web_01,2,18.01,2026-09-01T00:05:26.963759+00:00,2026-09-01T00:05:44.971259+00:00,HTTP,True
scen_000077,inc_scen_000077_01,web_01,sub_svc_3,web_01,2,5.19,2026-09-01T00:05:26.963759+00:00,2026-09-01T00:05:32.149691+00:00,HTTP,True
scen_000077,inc_scen_000077_01,web_01,sub_svc_4,web_01,2,11.74,2026-09-01T00:05:26.963759+00:00,2026-09-01T00:05:38.702631+00:00,HTTP,True
scen_000077,inc_scen_000077_01,web_01,sub_svc_5,web_01,2,3.48,2026-09-01T00:05:26.963759+00:00,2026-09-01T00:05:30.448208+00:00,HTTP,True
scen_000077,inc_scen_000077_01,lb_01,gw_01,lb_01,0,0.0,2026-09-01T00:05:00+00:00,2026-09-01T00:05:00+00:00,HTTP,False
scen_000078,inc_scen_000078_01,search_node_8,es_01,search_node_8,1,18.84,2026-09-01T00:05:00+00:00,2026-09-01T00:05:18.838370+00:00,HTTP,True
scen_000078,inc_scen_000078_01,gw_01,rec_01,gw_01,0,0.0,2026-09-01T00:05:00+00:00,2026-09-01T00:05:00+00:00,HTTP,False
scen_000078,inc_scen_000078_01,gw_01,search_node_1,gw_01,0,0.0,2026-09-01T00:05:00+00:00,2026-09-01T00:05:00+00:00,HTTP,False
scen_000078,inc_scen_000078_01,gw_01,search_node_2,gw_01,0,0.0,2026-09-01T00:05:00+00:00,2026-09-01T00:05:00+00:00,HTTP,False
scen_000078,inc_scen_000078_01,gw_01,search_node_3,gw_01,0,0.0,2026-09-01T00:05:00+00:00,2026-09-01T00:05:00+00:00,HTTP,False
scen_000078,inc_scen_000078_01,gw_01,search_node_4,gw_01,0,0.0,2026-09-01T00:05:00+00:00,2026-09-01T00:05:00+00:00,HTTP,False
scen_000078,inc_scen_000078_01,gw_01,search_node_5,gw_01,0,0.0,2026-09-01T00:05:00+00:00,2026-09-01T00:05:00+00:00,HTTP,False
scen_000078,inc_scen_000078_01,gw_01,search_node_6,gw_01,0,0.0,2026-09-01T00:05:00+00:00,2026-09-01T00:05:00+00:00,HTTP,False
scen_000078,inc_scen_000078_01,gw_01,search_node_7,gw_01,0,0.0,2026-09-01T00:05:00+00:00,2026-09-01T00:05:00+00:00,HTTP,False
scen_000078,inc_scen_000078_01,gw_01,search_node_8,gw_01,0,0.0,2026-09-01T00:05:00+00:00,2026-09-01T00:05:00+00:00,HTTP,False
scen_000078,inc_scen_000078_01,gw_01,search_node_9,gw_01,0,0.0,2026-09-01T00:05:00+00:00,2026-09-01T00:05:00+00:00,HTTP,False
scen_000078,inc_scen_000078_01,gw_01,search_node_10,gw_01,0,0.0,2026-09-01T00:05:00+00:00,2026-09-01T00:05:00+00:00,HTTP,False
scen_000078,inc_scen_000078_01,gw_01,search_node_11,gw_01,0,0.0,2026-09-01T00:05:00+00:00,2026-09-01T00:05:00+00:00,HTTP,False
scen_000078,inc_scen_000078_01,gw_01,search_node_12,gw_01,0,0.0,2026-09-01T00:05:00+00:00,2026-09-01T00:05:00+00:00,HTTP,False
scen_000078,inc_scen_000078_01,gw_01,search_node_13,gw_01,0,0.0,2026-09-01T00:05:00+00:00,2026-09-01T00:05:00+00:00,HTTP,False
scen_000078,inc_scen_000078_01,gw_01,search_node_14,gw_01,0,0.0,2026-09-01T00:05:00+00:00,2026-09-01T00:05:00+00:00,HTTP,False
scen_000078,inc_scen_000078_01,gw_01,search_node_15,gw_01,0,0.0,2026-09-01T00:05:00+00:00,2026-09-01T00:05:00+00:00,HTTP,False
scen_000078,inc_scen_000078_01,gw_01,search_node_16,gw_01,0,0.0,2026-09-01T00:05:00+00:00,2026-09-01T00:05:00+00:00,HTTP,False
scen_000078,inc_scen_000078_01,gw_01,search_node_17,gw_01,0,0.0,2026-09-01T00:05:00+00:00,2026-09-01T00:05:00+00:00,HTTP,False
scen_000078,inc_scen_000078_01,gw_01,search_node_18,gw_01,0,0.0,2026-09-01T00:05:00+00:00,2026-09-01T00:05:00+00:00,HTTP,False
scen_000078,inc_scen_000078_01,gw_01,search_node_19,gw_01,0,0.0,2026-09-01T00:05:00+00:00,2026-09-01T00:05:00+00:00,HTTP,False
scen_000078,inc_scen_000078_01,gw_01,search_node_20,gw_01,0,0.0,2026-09-01T00:05:00+00:00,2026-09-01T00:05:00+00:00,HTTP,False
scen_000078,inc_scen_000078_01,gw_01,search_node_21,gw_01,0,0.0,2026-09-01T00:05:00+00:00,2026-09-01T00:05:00+00:00,HTTP,False
scen_000078,inc_scen_000078_01,gw_01,search_node_22,gw_01,0,0.0,2026-09-01T00:05:00+00:00,2026-09-01T00:05:00+00:00,HTTP,False
scen_000078,inc_scen_000078_01,gw_01,search_node_23,gw_01,0,0.0,2026-09-01T00:05:00+00:00,2026-09-01T00:05:00+00:00,HTTP,False
scen_000078,inc_scen_000078_01,gw_01,search_node_24,gw_01,0,0.0,2026-09-01T00:05:00+00:00,2026-09-01T00:05:00+00:00,HTTP,False
scen_000078,inc_scen_000078_01,gw_01,search_node_25,gw_01,0,0.0,2026-09-01T00:05:00+00:00,2026-09-01T00:05:00+00:00,HTTP,False
scen_000078,inc_scen_000078_01,gw_01,search_node_26,gw_01,0,0.0,2026-09-01T00:05:00+00:00,2026-09-01T00:05:00+00:00,HTTP,False
scen_000078,inc_scen_000078_01,rec_01,redis_01,rec_01,0,0.0,2026-09-01T00:05:00+00:00,2026-09-01T00:05:00+00:00,CACHE,False
scen_000078,inc_scen_000078_01,rec_01,es_01,rec_01,0,0.0,2026-09-01T00:05:00+00:00,2026-09-01T00:05:00+00:00,HTTP,False
scen_000078,inc_scen_000078_01,rec_01,mongo_01,rec_01,0,0.0,2026-09-01T00:05:00+00:00,2026-09-01T00:05:00+00:00,DATABASE,False
scen_000078,inc_scen_000078_01,search_node_1,es_01,search_node_1,0,0.0,2026-09-01T00:05:00+00:00,2026-09-01T00:05:00+00:00,HTTP,False
scen_000078,inc_scen_000078_01,search_node_2,es_01,search_node_2,0,0.0,2026-09-01T00:05:00+00:00,2026-09-01T00:05:00+00:00,HTTP,False
scen_000078,inc_scen_000078_01,search_node_3,es_01,search_node_3,0,0.0,2026-09-01T00:05:00+00:00,2026-09-01T00:05:00+00:00,HTTP,False
scen_000078,inc_scen_000078_01,search_node_4,es_01,search_node_4,0,0.0,2026-09-01T00:05:00+00:00,2026-09-01T00:05:00+00:00,HTTP,False
scen_000078,inc_scen_000078_01,search_node_5,es_01,search_node_5,0,0.0,2026-09-01T00:05:00+00:00,2026-09-01T00:05:00+00:00,HTTP,False
scen_000078,inc_scen_000078_01,search_node_6,es_01,search_node_6,0,0.0,2026-09-01T00:05:00+00:00,2026-09-01T00:05:00+00:00,HTTP,False
scen_000078,inc_scen_000078_01,search_node_7,es_01,search_node_7,0,0.0,2026-09-01T00:05:00+00:00,2026-09-01T00:05:00+00:00,HTTP,False
scen_000078,inc_scen_000078_01,search_node_9,es_01,search_node_9,0,0.0,2026-09-01T00:05:00+00:00,2026-09-01T00:05:00+00:00,HTTP,False
scen_000078,inc_scen_000078_01,search_node_10,es_01,search_node_10,0,0.0,2026-09-01T00:05:00+00:00,2026-09-01T00:05:00+00:00,HTTP,False
scen_000078,inc_scen_000078_01,search_node_11,es_01,search_node_11,0,0.0,2026-09-01T00:05:00+00:00,2026-09-01T00:05:00+00:00,HTTP,False
scen_000078,inc_scen_000078_01,search_node_12,es_01,search_node_12,0,0.0,2026-09-01T00:05:00+00:00,2026-09-01T00:05:00+00:00,HTTP,False
scen_000078,inc_scen_000078_01,search_node_13,es_01,search_node_13,0,0.0,2026-09-01T00:05:00+00:00,2026-09-01T00:05:00+00:00,HTTP,False
scen_000078,inc_scen_000078_01,search_node_14,es_01,search_node_14,0,0.0,2026-09-01T00:05:00+00:00,2026-09-01T00:05:00+00:00,HTTP,False
scen_000078,inc_scen_000078_01,search_node_15,es_01,search_node_15,0,0.0,2026-09-01T00:05:00+00:00,2026-09-01T00:05:00+00:00,HTTP,False
scen_000078,inc_scen_000078_01,search_node_16,es_01,search_node_16,0,0.0,2026-09-01T00:05:00+00:00,2026-09-01T00:05:00+00:00,HTTP,False
scen_000078,inc_scen_000078_01,search_node_17,es_01,search_node_17,0,0.0,2026-09-01T00:05:00+00:00,2026-09-01T00:05:00+00:00,HTTP,False
scen_000078,inc_scen_000078_01,search_node_18,es_01,search_node_18,0,0.0,2026-09-01T00:05:00+00:00,2026-09-01T00:05:00+00:00,HTTP,False
scen_000078,inc_scen_000078_01,search_node_19,es_01,search_node_19,0,0.0,2026-09-01T00:05:00+00:00,2026-09-01T00:05:00+00:00,HTTP,False
scen_000078,inc_scen_000078_01,search_node_20,es_01,search_node_20,0,0.0,2026-09-01T00:05:00+00:00,2026-09-01T00:05:00+00:00,HTTP,False
scen_000078,inc_scen_000078_01,search_node_21,es_01,search_node_21,0,0.0,2026-09-01T00:05:00+00:00,2026-09-01T00:05:00+00:00,HTTP,False
scen_000078,inc_scen_000078_01,search_node_22,es_01,search_node_22,0,0.0,2026-09-01T00:05:00+00:00,2026-09-01T00:05:00+00:00,HTTP,False
scen_000078,inc_scen_000078_01,search_node_23,es_01,search_node_23,0,0.0,2026-09-01T00:05:00+00:00,2026-09-01T00:05:00+00:00,HTTP,False
scen_000078,inc_scen_000078_01,search_node_24,es_01,search_node_24,0,0.0,2026-09-01T00:05:00+00:00,2026-09-01T00:05:00+00:00,HTTP,False
scen_000078,inc_scen_000078_01,search_node_25,es_01,search_node_25,0,0.0,2026-09-01T00:05:00+00:00,2026-09-01T00:05:00+00:00,HTTP,False
scen_000078,inc_scen_000078_01,search_node_26,es_01,search_node_26,0,0.0,2026-09-01T00:05:00+00:00,2026-09-01T00:05:00+00:00,HTTP,False
scen_000079,inc_scen_000079_01,node_02,node_04,node_02,1,6.7,2026-09-01T00:05:00+00:00,2026-09-01T00:05:06.697392+00:00,DATABASE,True
scen_000079,inc_scen_000079_01,node_02,node_07,node_02,1,9.54,2026-09-01T00:05:00+00:00,2026-09-01T00:05:09.543135+00:00,CACHE,True
scen_000079,inc_scen_000079_01,node_02,node_03,node_02,1,2.14,2026-09-01T00:05:00+00:00,2026-09-01T00:05:02.139628+00:00,MESSAGE_QUEUE,True
scen_000079,inc_scen_000079_01,node_03,node_05,node_03,2,14.25,2026-09-01T00:05:02.139628+00:00,2026-09-01T00:05:16.387265+00:00,MESSAGE_QUEUE,True
scen_000079,inc_scen_000079_01,node_05,node_06,node_05,3,12.26,2026-09-01T00:05:16.387265+00:00,2026-09-01T00:05:28.644820+00:00,STORAGE,True
scen_000079,inc_scen_000079_01,node_06,node_08,node_06,4,6.34,2026-09-01T00:05:28.644820+00:00,2026-09-01T00:05:34.982865+00:00,TCP,True
scen_000079,inc_scen_000079_01,node_06,node_10,node_06,4,12.69,2026-09-01T00:05:28.644820+00:00,2026-09-01T00:05:41.335732+00:00,DNS,True
scen_000079,inc_scen_000079_01,node_08,node_09,node_08,5,10.85,2026-09-01T00:05:34.982865+00:00,2026-09-01T00:05:45.835316+00:00,STORAGE,True
scen_000079,inc_scen_000079_01,node_10,node_00,node_10,5,2.42,2026-09-01T00:05:41.335732+00:00,2026-09-01T00:05:43.752458+00:00,TCP,True
scen_000079,inc_scen_000079_01,node_00,node_01,node_00,0,0.0,2026-09-01T00:05:00+00:00,2026-09-01T00:05:00+00:00,DNS,False
scen_000079,inc_scen_000079_01,node_01,node_05,node_01,0,0.0,2026-09-01T00:05:00+00:00,2026-09-01T00:05:00+00:00,HTTP,False
scen_000079,inc_scen_000079_01,node_01,node_00,node_01,0,0.0,2026-09-01T00:05:00+00:00,2026-09-01T00:05:00+00:00,HTTP,False
scen_000082,inc_scen_000082_01,node_00,node_01,node_00,0,0.0,2026-09-01T00:05:00+00:00,2026-09-01T00:05:00+00:00,CACHE,False
scen_000082,inc_scen_000082_01,node_00,node_02,node_00,0,0.0,2026-09-01T00:05:00+00:00,2026-09-01T00:05:00+00:00,TCP,False
scen_000082,inc_scen_000082_01,node_00,node_10,node_00,0,0.0,2026-09-01T00:05:00+00:00,2026-09-01T00:05:00+00:00,MESSAGE_QUEUE,False
scen_000082,inc_scen_000082_01,node_00,node_25,node_00,0,0.0,2026-09-01T00:05:00+00:00,2026-09-01T00:05:00+00:00,MESSAGE_QUEUE,False
scen_000082,inc_scen_000082_01,node_00,node_26,node_00,0,0.0,2026-09-01T00:05:00+00:00,2026-09-01T00:05:00+00:00,HTTP,False
scen_000082,inc_scen_000082_01,node_01,node_03,node_01,0,0.0,2026-09-01T00:05:00+00:00,2026-09-01T00:05:00+00:00,CACHE,False
scen_000082,inc_scen_000082_01,node_01,node_04,node_01,0,0.0,2026-09-01T00:05:00+00:00,2026-09-01T00:05:00+00:00,DATABASE,False
scen_000082,inc_scen_000082_01,node_01,node_07,node_01,0,0.0,2026-09-01T00:05:00+00:00,2026-09-01T00:05:00+00:00,CACHE,False
scen_000082,inc_scen_000082_01,node_01,node_18,node_01,0,0.0,2026-09-01T00:05:00+00:00,2026-09-01T00:05:00+00:00,DATABASE,False
scen_000082,inc_scen_000082_01,node_01,node_20,node_01,0,0.0,2026-09-01T00:05:00+00:00,2026-09-01T00:05:00+00:00,STORAGE,False
scen_000082,inc_scen_000082_01,node_01,node_21,node_01,0,0.0,2026-09-01T00:05:00+00:00,2026-09-01T00:05:00+00:00,TCP,False
scen_000082,inc_scen_000082_01,node_01,node_22,node_01,0,0.0,2026-09-01T00:05:00+00:00,2026-09-01T00:05:00+00:00,TCP,False
scen_000082,inc_scen_000082_01,node_01,node_24,node_01,0,0.0,2026-09-01T00:05:00+00:00,2026-09-01T00:05:00+00:00,DATABASE,False
scen_000082,inc_scen_000082_01,node_03,node_05,node_03,0,0.0,2026-09-01T00:05:00+00:00,2026-09-01T00:05:00+00:00,MESSAGE_QUEUE,False
scen_000082,inc_scen_000082_01,node_03,node_06,node_03,0,0.0,2026-09-01T00:05:00+00:00,2026-09-01T00:05:00+00:00,HTTP,False
scen_000082,inc_scen_000082_01,node_03,node_09,node_03,0,0.0,2026-09-01T00:05:00+00:00,2026-09-01T00:05:00+00:00,DATABASE,False
scen_000082,inc_scen_000082_01,node_03,node_02,node_03,0,0.0,2026-09-01T00:05:00+00:00,2026-09-01T00:05:00+00:00,DNS,False
scen_000082,inc_scen_000082_01,node_05,node_11,node_05,0,0.0,2026-09-01T00:05:00+00:00,2026-09-01T00:05:00+00:00,DATABASE,False
scen_000082,inc_scen_000082_01,node_05,node_27,node_05,0,0.0,2026-09-01T00:05:00+00:00,2026-09-01T00:05:00+00:00,CACHE,False
scen_000082,inc_scen_000082_01,node_05,node_04,node_05,0,0.0,2026-09-01T00:05:00+00:00,2026-09-01T00:05:00+00:00,DNS,False
scen_000082,inc_scen_000082_01,node_05,node_07,node_05,0,0.0,2026-09-01T00:05:00+00:00,2026-09-01T00:05:00+00:00,CACHE,False
scen_000082,inc_scen_000082_01,node_05,node_02,node_05,0,0.0,2026-09-01T00:05:00+00:00,2026-09-01T00:05:00+00:00,MESSAGE_QUEUE,False
scen_000082,inc_scen_000082_01,node_06,node_11,node_06,0,0.0,2026-09-01T00:05:00+00:00,2026-09-01T00:05:00+00:00,HTTP,False
scen_000082,inc_scen_000082_01,node_07,node_08,node_07,0,0.0,2026-09-01T00:05:00+00:00,2026-09-01T00:05:00+00:00,CACHE,False
scen_000082,inc_scen_000082_01,node_07,node_12,node_07,0,0.0,2026-09-01T00:05:00+00:00,2026-09-01T00:05:00+00:00,MESSAGE_QUEUE,False
scen_000082,inc_scen_000082_01,node_08,node_13,node_08,0,0.0,2026-09-01T00:05:00+00:00,2026-09-01T00:05:00+00:00,STORAGE,False
scen_000082,inc_scen_000082_01,node_08,node_10,node_08,0,0.0,2026-09-01T00:05:00+00:00,2026-09-01T00:05:00+00:00,DNS,False
scen_000082,inc_scen_000082_01,node_08,node_20,node_08,0,0.0,2026-09-01T00:05:00+00:00,2026-09-01T00:05:00+00:00,CACHE,False
scen_000082,inc_scen_000082_01,node_09,node_15,node_09,0,0.0,2026-09-01T00:05:00+00:00,2026-09-01T00:05:00+00:00,TCP,False
scen_000082,inc_scen_000082_01,node_09,node_16,node_09,0,0.0,2026-09-01T00:05:00+00:00,2026-09-01T00:05:00+00:00,DATABASE,False
scen_000082,inc_scen_000082_01,node_09,node_11,node_09,0,0.0,2026-09-01T00:05:00+00:00,2026-09-01T00:05:00+00:00,DNS,False
scen_000082,inc_scen_000082_01,node_10,node_16,node_10,0,0.0,2026-09-01T00:05:00+00:00,2026-09-01T00:05:00+00:00,TCP,False
scen_000082,inc_scen_000082_01,node_11,node_20,node_11,0,0.0,2026-09-01T00:05:00+00:00,2026-09-01T00:05:00+00:00,TCP,False
scen_000082,inc_scen_000082_01,node_12,node_14,node_12,0,0.0,2026-09-01T00:05:00+00:00,2026-09-01T00:05:00+00:00,MESSAGE_QUEUE,False
scen_000082,inc_scen_000082_01,node_12,node_05,node_12,0,0.0,2026-09-01T00:05:00+00:00,2026-09-01T00:05:00+00:00,TCP,False
scen_000082,inc_scen_000082_01,node_12,node_20,node_12,0,0.0,2026-09-01T00:05:00+00:00,2026-09-01T00:05:00+00:00,TCP,False
scen_000082,inc_scen_000082_01,node_13,node_23,node_13,0,0.0,2026-09-01T00:05:00+00:00,2026-09-01T00:05:00+00:00,HTTP,False
scen_000082,inc_scen_000082_01,node_14,node_17,node_14,0,0.0,2026-09-01T00:05:00+00:00,2026-09-01T00:05:00+00:00,HTTP,False
scen_000082,inc_scen_000082_01,node_14,node_19,node_14,0,0.0,2026-09-01T00:05:00+00:00,2026-09-01T00:05:00+00:00,MESSAGE_QUEUE,False
scen_000082,inc_scen_000082_01,node_14,node_09,node_14,0,0.0,2026-09-01T00:05:00+00:00,2026-09-01T00:05:00+00:00,TCP,False
scen_000082,inc_scen_000082_01,node_16,node_08,node_16,0,0.0,2026-09-01T00:05:00+00:00,2026-09-01T00:05:00+00:00,CACHE,False
scen_000082,inc_scen_000082_01,node_16,node_01,node_16,0,0.0,2026-09-01T00:05:00+00:00,2026-09-01T00:05:00+00:00,DATABASE,False
scen_000082,inc_scen_000082_01,node_16,node_00,node_16,0,0.0,2026-09-01T00:05:00+00:00,2026-09-01T00:05:00+00:00,TCP,False
scen_000082,inc_scen_000082_01,node_18,node_24,node_18,0,0.0,2026-09-01T00:05:00+00:00,2026-09-01T00:05:00+00:00,MESSAGE_QUEUE,False
scen_000082,inc_scen_000082_01,node_18,node_11,node_18,0,0.0,2026-09-01T00:05:00+00:00,2026-09-01T00:05:00+00:00,TCP,False
scen_000082,inc_scen_000082_01,node_19,node_27,node_19,0,0.0,2026-09-01T00:05:00+00:00,2026-09-01T00:05:00+00:00,TCP,False
scen_000082,inc_scen_000082_01,node_19,node_01,node_19,0,0.0,2026-09-01T00:05:00+00:00,2026-09-01T00:05:00+00:00,DATABASE,False
scen_000082,inc_scen_000082_01,node_19,node_20,node_19,0,0.0,2026-09-01T00:05:00+00:00,2026-09-01T00:05:00+00:00,DATABASE,False
scen_000082,inc_scen_000082_01,node_22,node_23,node_22,0,0.0,2026-09-01T00:05:00+00:00,2026-09-01T00:05:00+00:00,TCP,False
scen_000082,inc_scen_000082_01,node_22,node_25,node_22,0,0.0,2026-09-01T00:05:00+00:00,2026-09-01T00:05:00+00:00,TCP,False
scen_000082,inc_scen_000082_01,node_23,node_26,node_23,0,0.0,2026-09-01T00:05:00+00:00,2026-09-01T00:05:00+00:00,STORAGE,False
scen_000082,inc_scen_000082_01,node_23,node_07,node_23,0,0.0,2026-09-01T00:05:00+00:00,2026-09-01T00:05:00+00:00,TCP,False
scen_000082,inc_scen_000082_01,node_24,node_28,node_24,0,0.0,2026-09-01T00:05:00+00:00,2026-09-01T00:05:00+00:00,MESSAGE_QUEUE,False
scen_000082,inc_scen_000082_01,node_24,node_11,node_24,0,0.0,2026-09-01T00:05:00+00:00,2026-09-01T00:05:00+00:00,DATABASE,False
scen_000082,inc_scen_000082_02,node_00,node_01,node_00,1,3.7,2026-09-01T00:07:14+00:00,2026-09-01T00:07:17.700207+00:00,CACHE,True
scen_000082,inc_scen_000082_02,node_00,node_02,node_00,1,11.44,2026-09-01T00:07:14+00:00,2026-09-01T00:07:25.439005+00:00,TCP,True
scen_000082,inc_scen_000082_02,node_00,node_10,node_00,1,19.42,2026-09-01T00:07:14+00:00,2026-09-01T00:07:33.421799+00:00,MESSAGE_QUEUE,True
scen_000082,inc_scen_000082_02,node_00,node_25,node_00,1,9.58,2026-09-01T00:07:14+00:00,2026-09-01T00:07:23.582768+00:00,MESSAGE_QUEUE,True
scen_000082,inc_scen_000082_02,node_00,node_26,node_00,1,16.27,2026-09-01T00:07:14+00:00,2026-09-01T00:07:30.266147+00:00,HTTP,True
scen_000082,inc_scen_000082_02,node_01,node_03,node_01,2,6.21,2026-09-01T00:07:17.700207+00:00,2026-09-01T00:07:23.911261+00:00,CACHE,True
scen_000082,inc_scen_000082_02,node_01,node_04,node_01,2,11.18,2026-09-01T00:07:17.700207+00:00,2026-09-01T00:07:28.880244+00:00,DATABASE,True
scen_000082,inc_scen_000082_02,node_01,node_07,node_01,2,10.31,2026-09-01T00:07:17.700207+00:00,2026-09-01T00:07:28.005585+00:00,CACHE,True
scen_000082,inc_scen_000082_02,node_01,node_18,node_01,2,10.45,2026-09-01T00:07:17.700207+00:00,2026-09-01T00:07:28.150876+00:00,DATABASE,True
scen_000082,inc_scen_000082_02,node_01,node_20,node_01,2,11.14,2026-09-01T00:07:17.700207+00:00,2026-09-01T00:07:28.841665+00:00,STORAGE,True
scen_000082,inc_scen_000082_02,node_01,node_21,node_01,2,20.86,2026-09-01T00:07:17.700207+00:00,2026-09-01T00:07:38.561057+00:00,TCP,True
scen_000082,inc_scen_000082_02,node_01,node_22,node_01,2,5.39,2026-09-01T00:07:17.700207+00:00,2026-09-01T00:07:23.090145+00:00,TCP,True
scen_000082,inc_scen_000082_02,node_01,node_24,node_01,2,4.46,2026-09-01T00:07:17.700207+00:00,2026-09-01T00:07:22.156816+00:00,DATABASE,True
scen_000082,inc_scen_000082_02,node_10,node_16,node_10,2,5.0,2026-09-01T00:07:33.421799+00:00,2026-09-01T00:07:38.425433+00:00,TCP,True
scen_000082,inc_scen_000082_02,node_03,node_05,node_03,3,9.82,2026-09-01T00:07:23.911261+00:00,2026-09-01T00:07:33.732921+00:00,MESSAGE_QUEUE,True
scen_000082,inc_scen_000082_02,node_03,node_06,node_03,3,21.53,2026-09-01T00:07:23.911261+00:00,2026-09-01T00:07:45.440200+00:00,HTTP,True
scen_000082,inc_scen_000082_02,node_03,node_09,node_03,3,7.96,2026-09-01T00:07:23.911261+00:00,2026-09-01T00:07:31.874849+00:00,DATABASE,True
scen_000082,inc_scen_000082_02,node_07,node_08,node_07,3,16.45,2026-09-01T00:07:28.005585+00:00,2026-09-01T00:07:44.452976+00:00,CACHE,True
scen_000082,inc_scen_000082_02,node_07,node_12,node_07,3,4.19,2026-09-01T00:07:28.005585+00:00,2026-09-01T00:07:32.195252+00:00,MESSAGE_QUEUE,True
scen_000082,inc_scen_000082_02,node_18,node_11,node_18,3,10.55,2026-09-01T00:07:28.150876+00:00,2026-09-01T00:07:38.699430+00:00,TCP,True
scen_000082,inc_scen_000082_02,node_22,node_23,node_22,3,9.07,2026-09-01T00:07:23.090145+00:00,2026-09-01T00:07:32.162035+00:00,TCP,True
scen_000082,inc_scen_000082_02,node_24,node_28,node_24,3,20.69,2026-09-01T00:07:22.156816+00:00,2026-09-01T00:07:42.849532+00:00,MESSAGE_QUEUE,True
scen_000082,inc_scen_000082_02,node_05,node_27,node_05,4,10.57,2026-09-01T00:07:33.732921+00:00,2026-09-01T00:07:44.303776+00:00,CACHE,True
scen_000082,inc_scen_000082_02,node_09,node_15,node_09,4,19.74,2026-09-01T00:07:31.874849+00:00,2026-09-01T00:07:51.612919+00:00,TCP,True
scen_000082,inc_scen_000082_02,node_08,node_13,node_08,4,15.71,2026-09-01T00:07:44.452976+00:00,2026-09-01T00:08:00.165932+00:00,STORAGE,True
scen_000082,inc_scen_000082_02,node_12,node_14,node_12,4,15.19,2026-09-01T00:07:32.195252+00:00,2026-09-01T00:07:47.386712+00:00,MESSAGE_QUEUE,True
scen_000082,inc_scen_000082_02,node_14,node_17,node_14,5,16.88,2026-09-01T00:07:47.386712+00:00,2026-09-01T00:08:04.262682+00:00,HTTP,True
scen_000082,inc_scen_000082_02,node_14,node_19,node_14,5,1.83,2026-09-01T00:07:47.386712+00:00,2026-09-01T00:07:49.217997+00:00,MESSAGE_QUEUE,True
scen_000083,inc_scen_000083_01,consumer_26,db_event,consumer_26,1,20.86,2026-09-01T00:05:00+00:00,2026-09-01T00:05:20.860492+00:00,DATABASE,True
scen_000083,inc_scen_000083_01,ingest_01,kafka_broker,ingest_01,0,0.0,2026-09-01T00:05:00+00:00,2026-09-01T00:05:00+00:00,MESSAGE_QUEUE,False
scen_000083,inc_scen_000083_01,kafka_broker,notif_01,kafka_broker,0,0.0,2026-09-01T00:05:00+00:00,2026-09-01T00:05:00+00:00,MESSAGE_QUEUE,False
scen_000083,inc_scen_000083_01,kafka_broker,user_01,kafka_broker,0,0.0,2026-09-01T00:05:00+00:00,2026-09-01T00:05:00+00:00,MESSAGE_QUEUE,False
scen_000083,inc_scen_000083_01,kafka_broker,consumer_1,kafka_broker,0,0.0,2026-09-01T00:05:00+00:00,2026-09-01T00:05:00+00:00,MESSAGE_QUEUE,False
scen_000083,inc_scen_000083_01,kafka_broker,consumer_2,kafka_broker,0,0.0,2026-09-01T00:05:00+00:00,2026-09-01T00:05:00+00:00,MESSAGE_QUEUE,False
scen_000083,inc_scen_000083_01,kafka_broker,consumer_3,kafka_broker,0,0.0,2026-09-01T00:05:00+00:00,2026-09-01T00:05:00+00:00,MESSAGE_QUEUE,False
scen_000083,inc_scen_000083_01,kafka_broker,consumer_4,kafka_broker,0,0.0,2026-09-01T00:05:00+00:00,2026-09-01T00:05:00+00:00,MESSAGE_QUEUE,False
scen_000083,inc_scen_000083_01,kafka_broker,consumer_5,kafka_broker,0,0.0,2026-09-01T00:05:00+00:00,2026-09-01T00:05:00+00:00,MESSAGE_QUEUE,False
scen_000083,inc_scen_000083_01,kafka_broker,consumer_6,kafka_broker,0,0.0,2026-09-01T00:05:00+00:00,2026-09-01T00:05:00+00:00,MESSAGE_QUEUE,False
scen_000083,inc_scen_000083_01,kafka_broker,consumer_7,kafka_broker,0,0.0,2026-09-01T00:05:00+00:00,2026-09-01T00:05:00+00:00,MESSAGE_QUEUE,False
scen_000083,inc_scen_000083_01,kafka_broker,consumer_8,kafka_broker,0,0.0,2026-09-01T00:05:00+00:00,2026-09-01T00:05:00+00:00,MESSAGE_QUEUE,False
scen_000083,inc_scen_000083_01,kafka_broker,consumer_9,kafka_broker,0,0.0,2026-09-01T00:05:00+00:00,2026-09-01T00:05:00+00:00,MESSAGE_QUEUE,False
scen_000083,inc_scen_000083_01,kafka_broker,consumer_10,kafka_broker,0,0.0,2026-09-01T00:05:00+00:00,2026-09-01T00:05:00+00:00,MESSAGE_QUEUE,False
scen_000083,inc_scen_000083_01,kafka_broker,consumer_11,kafka_broker,0,0.0,2026-09-01T00:05:00+00:00,2026-09-01T00:05:00+00:00,MESSAGE_QUEUE,False
scen_000083,inc_scen_000083_01,kafka_broker,consumer_12,kafka_broker,0,0.0,2026-09-01T00:05:00+00:00,2026-09-01T00:05:00+00:00,MESSAGE_QUEUE,False
scen_000083,inc_scen_000083_01,kafka_broker,consumer_13,kafka_broker,0,0.0,2026-09-01T00:05:00+00:00,2026-09-01T00:05:00+00:00,MESSAGE_QUEUE,False
scen_000083,inc_scen_000083_01,kafka_broker,consumer_14,kafka_broker,0,0.0,2026-09-01T00:05:00+00:00,2026-09-01T00:05:00+00:00,MESSAGE_QUEUE,False
scen_000083,inc_scen_000083_01,kafka_broker,consumer_15,kafka_broker,0,0.0,2026-09-01T00:05:00+00:00,2026-09-01T00:05:00+00:00,MESSAGE_QUEUE,False
scen_000083,inc_scen_000083_01,kafka_broker,consumer_16,kafka_broker,0,0.0,2026-09-01T00:05:00+00:00,2026-09-01T00:05:00+00:00,MESSAGE_QUEUE,False
scen_000083,inc_scen_000083_01,kafka_broker,consumer_17,kafka_broker,0,0.0,2026-09-01T00:05:00+00:00,2026-09-01T00:05:00+00:00,MESSAGE_QUEUE,False
scen_000083,inc_scen_000083_01,kafka_broker,consumer_18,kafka_broker,0,0.0,2026-09-01T00:05:00+00:00,2026-09-01T00:05:00+00:00,MESSAGE_QUEUE,False
scen_000083,inc_scen_000083_01,kafka_broker,consumer_19,kafka_broker,0,0.0,2026-09-01T00:05:00+00:00,2026-09-01T00:05:00+00:00,MESSAGE_QUEUE,False
scen_000083,inc_scen_000083_01,kafka_broker,consumer_20,kafka_broker,0,0.0,2026-09-01T00:05:00+00:00,2026-09-01T00:05:00+00:00,MESSAGE_QUEUE,False
scen_000083,inc_scen_000083_01,kafka_broker,consumer_21,kafka_broker,0,0.0,2026-09-01T00:05:00+00:00,2026-09-01T00:05:00+00:00,MESSAGE_QUEUE,False
scen_000083,inc_scen_000083_01,kafka_broker,consumer_22,kafka_broker,0,0.0,2026-09-01T00:05:00+00:00,2026-09-01T00:05:00+00:00,MESSAGE_QUEUE,False
scen_000083,inc_scen_000083_01,kafka_broker,consumer_23,kafka_broker,0,0.0,2026-09-01T00:05:00+00:00,2026-09-01T00:05:00+00:00,MESSAGE_QUEUE,False
scen_000083,inc_scen_000083_01,kafka_broker,consumer_24,kafka_broker,0,0.0,2026-09-01T00:05:00+00:00,2026-09-01T00:05:00+00:00,MESSAGE_QUEUE,False
scen_000083,inc_scen_000083_01,kafka_broker,consumer_25,kafka_broker,0,0.0,2026-09-01T00:05:00+00:00,2026-09-01T00:05:00+00:00,MESSAGE_QUEUE,False
scen_000083,inc_scen_000083_01,kafka_broker,consumer_26,kafka_broker,0,0.0,2026-09-01T00:05:00+00:00,2026-09-01T00:05:00+00:00,MESSAGE_QUEUE,False
scen_000083,inc_scen_000083_01,kafka_broker,consumer_27,kafka_broker,0,0.0,2026-09-01T00:05:00+00:00,2026-09-01T00:05:00+00:00,MESSAGE_QUEUE,False
scen_000083,inc_scen_000083_01,kafka_broker,consumer_28,kafka_broker,0,0.0,2026-09-01T00:05:00+00:00,2026-09-01T00:05:00+00:00,MESSAGE_QUEUE,False
scen_000083,inc_scen_000083_01,notif_01,db_event,notif_01,0,0.0,2026-09-01T00:05:00+00:00,2026-09-01T00:05:00+00:00,DATABASE,False
scen_000083,inc_scen_000083_01,consumer_1,db_event,consumer_1,0,0.0,2026-09-01T00:05:00+00:00,2026-09-01T00:05:00+00:00,DATABASE,False
scen_000083,inc_scen_000083_01,consumer_2,db_event,consumer_2,0,0.0,2026-09-01T00:05:00+00:00,2026-09-01T00:05:00+00:00,DATABASE,False
scen_000083,inc_scen_000083_01,consumer_3,db_event,consumer_3,0,0.0,2026-09-01T00:05:00+00:00,2026-09-01T00:05:00+00:00,DATABASE,False
scen_000083,inc_scen_000083_01,consumer_4,db_event,consumer_4,0,0.0,2026-09-01T00:05:00+00:00,2026-09-01T00:05:00+00:00,DATABASE,False
scen_000083,inc_scen_000083_01,consumer_5,db_event,consumer_5,0,0.0,2026-09-01T00:05:00+00:00,2026-09-01T00:05:00+00:00,DATABASE,False
scen_000083,inc_scen_000083_01,consumer_6,db_event,consumer_6,0,0.0,2026-09-01T00:05:00+00:00,2026-09-01T00:05:00+00:00,DATABASE,False
scen_000083,inc_scen_000083_01,consumer_7,db_event,consumer_7,0,0.0,2026-09-01T00:05:00+00:00,2026-09-01T00:05:00+00:00,DATABASE,False
scen_000083,inc_scen_000083_01,consumer_8,db_event,consumer_8,0,0.0,2026-09-01T00:05:00+00:00,2026-09-01T00:05:00+00:00,DATABASE,False
scen_000083,inc_scen_000083_01,consumer_9,db_event,consumer_9,0,0.0,2026-09-01T00:05:00+00:00,2026-09-01T00:05:00+00:00,DATABASE,False
scen_000083,inc_scen_000083_01,consumer_10,db_event,consumer_10,0,0.0,2026-09-01T00:05:00+00:00,2026-09-01T00:05:00+00:00,DATABASE,False
scen_000083,inc_scen_000083_01,consumer_11,db_event,consumer_11,0,0.0,2026-09-01T00:05:00+00:00,2026-09-01T00:05:00+00:00,DATABASE,False
scen_000083,inc_scen_000083_01,consumer_12,db_event,consumer_12,0,0.0,2026-09-01T00:05:00+00:00,2026-09-01T00:05:00+00:00,DATABASE,False
scen_000083,inc_scen_000083_01,consumer_13,db_event,consumer_13,0,0.0,2026-09-01T00:05:00+00:00,2026-09-01T00:05:00+00:00,DATABASE,False
scen_000083,inc_scen_000083_01,consumer_14,db_event,consumer_14,0,0.0,2026-09-01T00:05:00+00:00,2026-09-01T00:05:00+00:00,DATABASE,False
scen_000083,inc_scen_000083_01,consumer_15,db_event,consumer_15,0,0.0,2026-09-01T00:05:00+00:00,2026-09-01T00:05:00+00:00,DATABASE,False
scen_000083,inc_scen_000083_01,consumer_16,db_event,consumer_16,0,0.0,2026-09-01T00:05:00+00:00,2026-09-01T00:05:00+00:00,DATABASE,False
scen_000083,inc_scen_000083_01,consumer_17,db_event,consumer_17,0,0.0,2026-09-01T00:05:00+00:00,2026-09-01T00:05:00+00:00,DATABASE,False
scen_000083,inc_scen_000083_01,consumer_18,db_event,consumer_18,0,0.0,2026-09-01T00:05:00+00:00,2026-09-01T00:05:00+00:00,DATABASE,False
scen_000083,inc_scen_000083_01,consumer_19,db_event,consumer_19,0,0.0,2026-09-01T00:05:00+00:00,2026-09-01T00:05:00+00:00,DATABASE,False
scen_000083,inc_scen_000083_01,consumer_20,db_event,consumer_20,0,0.0,2026-09-01T00:05:00+00:00,2026-09-01T00:05:00+00:00,DATABASE,False
scen_000083,inc_scen_000083_01,consumer_21,db_event,consumer_21,0,0.0,2026-09-01T00:05:00+00:00,2026-09-01T00:05:00+00:00,DATABASE,False
scen_000083,inc_scen_000083_01,consumer_22,db_event,consumer_22,0,0.0,2026-09-01T00:05:00+00:00,2026-09-01T00:05:00+00:00,DATABASE,False
scen_000083,inc_scen_000083_01,consumer_23,db_event,consumer_23,0,0.0,2026-09-01T00:05:00+00:00,2026-09-01T00:05:00+00:00,DATABASE,False
scen_000083,inc_scen_000083_01,consumer_24,db_event,consumer_24,0,0.0,2026-09-01T00:05:00+00:00,2026-09-01T00:05:00+00:00,DATABASE,False
scen_000083,inc_scen_000083_01,consumer_25,db_event,consumer_25,0,0.0,2026-09-01T00:05:00+00:00,2026-09-01T00:05:00+00:00,DATABASE,False
scen_000083,inc_scen_000083_01,consumer_27,db_event,consumer_27,0,0.0,2026-09-01T00:05:00+00:00,2026-09-01T00:05:00+00:00,DATABASE,False
scen_000083,inc_scen_000083_01,consumer_28,db_event,consumer_28,0,0.0,2026-09-01T00:05:00+00:00,2026-09-01T00:05:00+00:00,DATABASE,False
scen_000084,inc_scen_000084_01,consumer_3,db_event,consumer_3,1,17.42,2026-09-01T00:05:00+00:00,2026-09-01T00:05:17.420159+00:00,DATABASE,True
scen_000084,inc_scen_000084_01,ingest_01,kafka_broker,ingest_01,0,0.0,2026-09-01T00:05:00+00:00,2026-09-01T00:05:00+00:00,MESSAGE_QUEUE,False
scen_000084,inc_scen_000084_01,kafka_broker,notif_01,kafka_broker,0,0.0,2026-09-01T00:05:00+00:00,2026-09-01T00:05:00+00:00,MESSAGE_QUEUE,False
scen_000084,inc_scen_000084_01,kafka_broker,user_01,kafka_broker,0,0.0,2026-09-01T00:05:00+00:00,2026-09-01T00:05:00+00:00,MESSAGE_QUEUE,False
scen_000084,inc_scen_000084_01,kafka_broker,consumer_1,kafka_broker,0,0.0,2026-09-01T00:05:00+00:00,2026-09-01T00:05:00+00:00,MESSAGE_QUEUE,False
scen_000084,inc_scen_000084_01,kafka_broker,consumer_2,kafka_broker,0,0.0,2026-09-01T00:05:00+00:00,2026-09-01T00:05:00+00:00,MESSAGE_QUEUE,False
scen_000084,inc_scen_000084_01,kafka_broker,consumer_3,kafka_broker,0,0.0,2026-09-01T00:05:00+00:00,2026-09-01T00:05:00+00:00,MESSAGE_QUEUE,False
scen_000084,inc_scen_000084_01,kafka_broker,consumer_4,kafka_broker,0,0.0,2026-09-01T00:05:00+00:00,2026-09-01T00:05:00+00:00,MESSAGE_QUEUE,False
scen_000084,inc_scen_000084_01,kafka_broker,consumer_5,kafka_broker,0,0.0,2026-09-01T00:05:00+00:00,2026-09-01T00:05:00+00:00,MESSAGE_QUEUE,False
scen_000084,inc_scen_000084_01,kafka_broker,consumer_6,kafka_broker,0,0.0,2026-09-01T00:05:00+00:00,2026-09-01T00:05:00+00:00,MESSAGE_QUEUE,False
scen_000084,inc_scen_000084_01,kafka_broker,consumer_7,kafka_broker,0,0.0,2026-09-01T00:05:00+00:00,2026-09-01T00:05:00+00:00,MESSAGE_QUEUE,False
scen_000084,inc_scen_000084_01,kafka_broker,consumer_8,kafka_broker,0,0.0,2026-09-01T00:05:00+00:00,2026-09-01T00:05:00+00:00,MESSAGE_QUEUE,False
scen_000084,inc_scen_000084_01,kafka_broker,consumer_9,kafka_broker,0,0.0,2026-09-01T00:05:00+00:00,2026-09-01T00:05:00+00:00,MESSAGE_QUEUE,False
scen_000084,inc_scen_000084_01,kafka_broker,consumer_10,kafka_broker,0,0.0,2026-09-01T00:05:00+00:00,2026-09-01T00:05:00+00:00,MESSAGE_QUEUE,False
scen_000084,inc_scen_000084_01,kafka_broker,consumer_11,kafka_broker,0,0.0,2026-09-01T00:05:00+00:00,2026-09-01T00:05:00+00:00,MESSAGE_QUEUE,False
scen_000084,inc_scen_000084_01,kafka_broker,consumer_12,kafka_broker,0,0.0,2026-09-01T00:05:00+00:00,2026-09-01T00:05:00+00:00,MESSAGE_QUEUE,False
scen_000084,inc_scen_000084_01,kafka_broker,consumer_13,kafka_broker,0,0.0,2026-09-01T00:05:00+00:00,2026-09-01T00:05:00+00:00,MESSAGE_QUEUE,False
scen_000084,inc_scen_000084_01,kafka_broker,consumer_14,kafka_broker,0,0.0,2026-09-01T00:05:00+00:00,2026-09-01T00:05:00+00:00,MESSAGE_QUEUE,False
scen_000084,inc_scen_000084_01,kafka_broker,consumer_15,kafka_broker,0,0.0,2026-09-01T00:05:00+00:00,2026-09-01T00:05:00+00:00,MESSAGE_QUEUE,False
scen_000084,inc_scen_000084_01,kafka_broker,consumer_16,kafka_broker,0,0.0,2026-09-01T00:05:00+00:00,2026-09-01T00:05:00+00:00,MESSAGE_QUEUE,False
scen_000084,inc_scen_000084_01,kafka_broker,consumer_17,kafka_broker,0,0.0,2026-09-01T00:05:00+00:00,2026-09-01T00:05:00+00:00,MESSAGE_QUEUE,False
scen_000084,inc_scen_000084_01,kafka_broker,consumer_18,kafka_broker,0,0.0,2026-09-01T00:05:00+00:00,2026-09-01T00:05:00+00:00,MESSAGE_QUEUE,False
scen_000084,inc_scen_000084_01,kafka_broker,consumer_19,kafka_broker,0,0.0,2026-09-01T00:05:00+00:00,2026-09-01T00:05:00+00:00,MESSAGE_QUEUE,False
scen_000084,inc_scen_000084_01,notif_01,db_event,notif_01,0,0.0,2026-09-01T00:05:00+00:00,2026-09-01T00:05:00+00:00,DATABASE,False
scen_000084,inc_scen_000084_01,consumer_1,db_event,consumer_1,0,0.0,2026-09-01T00:05:00+00:00,2026-09-01T00:05:00+00:00,DATABASE,False
scen_000084,inc_scen_000084_01,consumer_2,db_event,consumer_2,0,0.0,2026-09-01T00:05:00+00:00,2026-09-01T00:05:00+00:00,DATABASE,False
scen_000084,inc_scen_000084_01,consumer_4,db_event,consumer_4,0,0.0,2026-09-01T00:05:00+00:00,2026-09-01T00:05:00+00:00,DATABASE,False
scen_000084,inc_scen_000084_01,consumer_5,db_event,consumer_5,0,0.0,2026-09-01T00:05:00+00:00,2026-09-01T00:05:00+00:00,DATABASE,False
scen_000084,inc_scen_000084_01,consumer_6,db_event,consumer_6,0,0.0,2026-09-01T00:05:00+00:00,2026-09-01T00:05:00+00:00,DATABASE,False
scen_000084,inc_scen_000084_01,consumer_7,db_event,consumer_7,0,0.0,2026-09-01T00:05:00+00:00,2026-09-01T00:05:00+00:00,DATABASE,False
scen_000084,inc_scen_000084_01,consumer_8,db_event,consumer_8,0,0.0,2026-09-01T00:05:00+00:00,2026-09-01T00:05:00+00:00,DATABASE,False
scen_000084,inc_scen_000084_01,consumer_9,db_event,consumer_9,0,0.0,2026-09-01T00:05:00+00:00,2026-09-01T00:05:00+00:00,DATABASE,False
scen_000084,inc_scen_000084_01,consumer_10,db_event,consumer_10,0,0.0,2026-09-01T00:05:00+00:00,2026-09-01T00:05:00+00:00,DATABASE,False
scen_000084,inc_scen_000084_01,consumer_11,db_event,consumer_11,0,0.0,2026-09-01T00:05:00+00:00,2026-09-01T00:05:00+00:00,DATABASE,False
scen_000084,inc_scen_000084_01,consumer_12,db_event,consumer_12,0,0.0,2026-09-01T00:05:00+00:00,2026-09-01T00:05:00+00:00,DATABASE,False
scen_000084,inc_scen_000084_01,consumer_13,db_event,consumer_13,0,0.0,2026-09-01T00:05:00+00:00,2026-09-01T00:05:00+00:00,DATABASE,False
scen_000084,inc_scen_000084_01,consumer_14,db_event,consumer_14,0,0.0,2026-09-01T00:05:00+00:00,2026-09-01T00:05:00+00:00,DATABASE,False
scen_000084,inc_scen_000084_01,consumer_15,db_event,consumer_15,0,0.0,2026-09-01T00:05:00+00:00,2026-09-01T00:05:00+00:00,DATABASE,False
scen_000084,inc_scen_000084_01,consumer_16,db_event,consumer_16,0,0.0,2026-09-01T00:05:00+00:00,2026-09-01T00:05:00+00:00,DATABASE,False
scen_000084,inc_scen_000084_01,consumer_17,db_event,consumer_17,0,0.0,2026-09-01T00:05:00+00:00,2026-09-01T00:05:00+00:00,DATABASE,False
scen_000084,inc_scen_000084_01,consumer_18,db_event,consumer_18,0,0.0,2026-09-01T00:05:00+00:00,2026-09-01T00:05:00+00:00,DATABASE,False
scen_000084,inc_scen_000084_01,consumer_19,db_event,consumer_19,0,0.0,2026-09-01T00:05:00+00:00,2026-09-01T00:05:00+00:00,DATABASE,False
scen_000085,inc_scen_000085_01,sub_svc_5,db_01,sub_svc_5,1,15.66,2026-09-01T00:05:00+00:00,2026-09-01T00:05:15.656452+00:00,DATABASE,True
scen_000085,inc_scen_000085_01,gw_01,auth_01,gw_01,0,0.0,2026-09-01T00:05:00+00:00,2026-09-01T00:05:00+00:00,HTTP,False
scen_000085,inc_scen_000085_01,gw_01,web_01,gw_01,0,0.0,2026-09-01T00:05:00+00:00,2026-09-01T00:05:00+00:00,HTTP,False
scen_000085,inc_scen_000085_01,lb_01,gw_01,lb_01,0,0.0,2026-09-01T00:05:00+00:00,2026-09-01T00:05:00+00:00,HTTP,False
scen_000085,inc_scen_000085_01,auth_01,db_01,auth_01,0,0.0,2026-09-01T00:05:00+00:00,2026-09-01T00:05:00+00:00,DATABASE,False
scen_000085,inc_scen_000085_01,web_01,db_01,web_01,0,0.0,2026-09-01T00:05:00+00:00,2026-09-01T00:05:00+00:00,DATABASE,False
scen_000085,inc_scen_000085_01,web_01,sub_svc_2,web_01,0,0.0,2026-09-01T00:05:00+00:00,2026-09-01T00:05:00+00:00,HTTP,False
scen_000085,inc_scen_000085_01,web_01,sub_svc_3,web_01,0,0.0,2026-09-01T00:05:00+00:00,2026-09-01T00:05:00+00:00,HTTP,False
scen_000085,inc_scen_000085_01,web_01,sub_svc_4,web_01,0,0.0,2026-09-01T00:05:00+00:00,2026-09-01T00:05:00+00:00,HTTP,False
scen_000085,inc_scen_000085_01,web_01,sub_svc_5,web_01,0,0.0,2026-09-01T00:05:00+00:00,2026-09-01T00:05:00+00:00,HTTP,False
scen_000085,inc_scen_000085_01,web_01,sub_svc_6,web_01,0,0.0,2026-09-01T00:05:00+00:00,2026-09-01T00:05:00+00:00,HTTP,False
scen_000085,inc_scen_000085_01,sub_svc_2,db_01,sub_svc_2,0,0.0,2026-09-01T00:05:00+00:00,2026-09-01T00:05:00+00:00,DATABASE,False
scen_000085,inc_scen_000085_01,sub_svc_3,db_01,sub_svc_3,0,0.0,2026-09-01T00:05:00+00:00,2026-09-01T00:05:00+00:00,DATABASE,False
scen_000085,inc_scen_000085_01,sub_svc_4,db_01,sub_svc_4,0,0.0,2026-09-01T00:05:00+00:00,2026-09-01T00:05:00+00:00,DATABASE,False
scen_000085,inc_scen_000085_01,sub_svc_6,db_01,sub_svc_6,0,0.0,2026-09-01T00:05:00+00:00,2026-09-01T00:05:00+00:00,DATABASE,False
scen_000086,inc_scen_000086_01,ecom_aux_11,cache_01,ecom_aux_11,1,10.23,2026-09-01T00:05:00+00:00,2026-09-01T00:05:10.234192+00:00,CACHE,True
scen_000086,inc_scen_000086_01,gw_01,auth_01,gw_01,0,0.0,2026-09-01T00:05:00+00:00,2026-09-01T00:05:00+00:00,HTTP,False
scen_000086,inc_scen_000086_01,gw_01,order_01,gw_01,0,0.0,2026-09-01T00:05:00+00:00,2026-09-01T00:05:00+00:00,HTTP,False
scen_000086,inc_scen_000086_01,gw_01,ecom_aux_1,gw_01,0,0.0,2026-09-01T00:05:00+00:00,2026-09-01T00:05:00+00:00,HTTP,False
scen_000086,inc_scen_000086_01,gw_01,ecom_aux_2,gw_01,0,0.0,2026-09-01T00:05:00+00:00,2026-09-01T00:05:00+00:00,HTTP,False
scen_000086,inc_scen_000086_01,gw_01,ecom_aux_3,gw_01,0,0.0,2026-09-01T00:05:00+00:00,2026-09-01T00:05:00+00:00,HTTP,False
scen_000086,inc_scen_000086_01,gw_01,ecom_aux_4,gw_01,0,0.0,2026-09-01T00:05:00+00:00,2026-09-01T00:05:00+00:00,HTTP,False
scen_000086,inc_scen_000086_01,gw_01,ecom_aux_5,gw_01,0,0.0,2026-09-01T00:05:00+00:00,2026-09-01T00:05:00+00:00,HTTP,False
scen_000086,inc_scen_000086_01,gw_01,ecom_aux_6,gw_01,0,0.0,2026-09-01T00:05:00+00:00,2026-09-01T00:05:00+00:00,HTTP,False
scen_000086,inc_scen_000086_01,gw_01,ecom_aux_7,gw_01,0,0.0,2026-09-01T00:05:00+00:00,2026-09-01T00:05:00+00:00,HTTP,False
scen_000086,inc_scen_000086_01,gw_01,ecom_aux_8,gw_01,0,0.0,2026-09-01T00:05:00+00:00,2026-09-01T00:05:00+00:00,HTTP,False
scen_000086,inc_scen_000086_01,gw_01,ecom_aux_9,gw_01,0,0.0,2026-09-01T00:05:00+00:00,2026-09-01T00:05:00+00:00,HTTP,False
scen_000086,inc_scen_000086_01,gw_01,ecom_aux_10,gw_01,0,0.0,2026-09-01T00:05:00+00:00,2026-09-01T00:05:00+00:00,HTTP,False
scen_000086,inc_scen_000086_01,gw_01,ecom_aux_11,gw_01,0,0.0,2026-09-01T00:05:00+00:00,2026-09-01T00:05:00+00:00,HTTP,False
scen_000086,inc_scen_000086_01,gw_01,ecom_aux_12,gw_01,0,0.0,2026-09-01T00:05:00+00:00,2026-09-01T00:05:00+00:00,HTTP,False
scen_000086,inc_scen_000086_01,gw_01,ecom_aux_13,gw_01,0,0.0,2026-09-01T00:05:00+00:00,2026-09-01T00:05:00+00:00,HTTP,False
scen_000086,inc_scen_000086_01,gw_01,ecom_aux_14,gw_01,0,0.0,2026-09-01T00:05:00+00:00,2026-09-01T00:05:00+00:00,HTTP,False
scen_000086,inc_scen_000086_01,gw_01,ecom_aux_15,gw_01,0,0.0,2026-09-01T00:05:00+00:00,2026-09-01T00:05:00+00:00,HTTP,False
scen_000086,inc_scen_000086_01,order_01,pay_01,order_01,0,0.0,2026-09-01T00:05:00+00:00,2026-09-01T00:05:00+00:00,HTTP,False
scen_000086,inc_scen_000086_01,order_01,inv_01,order_01,0,0.0,2026-09-01T00:05:00+00:00,2026-09-01T00:05:00+00:00,HTTP,False
scen_000086,inc_scen_000086_01,order_01,cache_01,order_01,0,0.0,2026-09-01T00:05:00+00:00,2026-09-01T00:05:00+00:00,CACHE,False
scen_000086,inc_scen_000086_01,order_01,mq_01,order_01,0,0.0,2026-09-01T00:05:00+00:00,2026-09-01T00:05:00+00:00,MESSAGE_QUEUE,False
scen_000086,inc_scen_000086_01,pay_01,db_master,pay_01,0,0.0,2026-09-01T00:05:00+00:00,2026-09-01T00:05:00+00:00,DATABASE,False
scen_000086,inc_scen_000086_01,inv_01,db_master,inv_01,0,0.0,2026-09-01T00:05:00+00:00,2026-09-01T00:05:00+00:00,DATABASE,False
scen_000086,inc_scen_000086_01,ecom_aux_1,cache_01,ecom_aux_1,0,0.0,2026-09-01T00:05:00+00:00,2026-09-01T00:05:00+00:00,CACHE,False
scen_000086,inc_scen_000086_01,ecom_aux_2,cache_01,ecom_aux_2,0,0.0,2026-09-01T00:05:00+00:00,2026-09-01T00:05:00+00:00,CACHE,False
scen_000086,inc_scen_000086_01,ecom_aux_3,cache_01,ecom_aux_3,0,0.0,2026-09-01T00:05:00+00:00,2026-09-01T00:05:00+00:00,CACHE,False
scen_000086,inc_scen_000086_01,ecom_aux_4,cache_01,ecom_aux_4,0,0.0,2026-09-01T00:05:00+00:00,2026-09-01T00:05:00+00:00,CACHE,False
scen_000086,inc_scen_000086_01,ecom_aux_5,cache_01,ecom_aux_5,0,0.0,2026-09-01T00:05:00+00:00,2026-09-01T00:05:00+00:00,CACHE,False
scen_000086,inc_scen_000086_01,ecom_aux_6,cache_01,ecom_aux_6,0,0.0,2026-09-01T00:05:00+00:00,2026-09-01T00:05:00+00:00,CACHE,False
scen_000086,inc_scen_000086_01,ecom_aux_7,cache_01,ecom_aux_7,0,0.0,2026-09-01T00:05:00+00:00,2026-09-01T00:05:00+00:00,CACHE,False
scen_000086,inc_scen_000086_01,ecom_aux_8,cache_01,ecom_aux_8,0,0.0,2026-09-01T00:05:00+00:00,2026-09-01T00:05:00+00:00,CACHE,False
scen_000086,inc_scen_000086_01,ecom_aux_9,cache_01,ecom_aux_9,0,0.0,2026-09-01T00:05:00+00:00,2026-09-01T00:05:00+00:00,CACHE,False
scen_000086,inc_scen_000086_01,ecom_aux_10,cache_01,ecom_aux_10,0,0.0,2026-09-01T00:05:00+00:00,2026-09-01T00:05:00+00:00,CACHE,False
scen_000086,inc_scen_000086_01,ecom_aux_12,cache_01,ecom_aux_12,0,0.0,2026-09-01T00:05:00+00:00,2026-09-01T00:05:00+00:00,CACHE,False
scen_000086,inc_scen_000086_01,ecom_aux_13,cache_01,ecom_aux_13,0,0.0,2026-09-01T00:05:00+00:00,2026-09-01T00:05:00+00:00,CACHE,False
scen_000086,inc_scen_000086_01,ecom_aux_14,cache_01,ecom_aux_14,0,0.0,2026-09-01T00:05:00+00:00,2026-09-01T00:05:00+00:00,CACHE,False
scen_000086,inc_scen_000086_01,ecom_aux_15,cache_01,ecom_aux_15,0,0.0,2026-09-01T00:05:00+00:00,2026-09-01T00:05:00+00:00,CACHE,False
scen_000087,inc_scen_000087_01,pay_01,db_master,pay_01,1,10.55,2026-09-01T00:05:00+00:00,2026-09-01T00:05:10.545573+00:00,DATABASE,True
scen_000087,inc_scen_000087_01,gw_01,auth_01,gw_01,0,0.0,2026-09-01T00:05:00+00:00,2026-09-01T00:05:00+00:00,HTTP,False
scen_000087,inc_scen_000087_01,gw_01,order_01,gw_01,0,0.0,2026-09-01T00:05:00+00:00,2026-09-01T00:05:00+00:00,HTTP,False
scen_000087,inc_scen_000087_01,gw_01,ecom_aux_1,gw_01,0,0.0,2026-09-01T00:05:00+00:00,2026-09-01T00:05:00+00:00,HTTP,False
scen_000087,inc_scen_000087_01,gw_01,ecom_aux_2,gw_01,0,0.0,2026-09-01T00:05:00+00:00,2026-09-01T00:05:00+00:00,HTTP,False
scen_000087,inc_scen_000087_01,gw_01,ecom_aux_3,gw_01,0,0.0,2026-09-01T00:05:00+00:00,2026-09-01T00:05:00+00:00,HTTP,False
scen_000087,inc_scen_000087_01,gw_01,ecom_aux_4,gw_01,0,0.0,2026-09-01T00:05:00+00:00,2026-09-01T00:05:00+00:00,HTTP,False
scen_000087,inc_scen_000087_01,gw_01,ecom_aux_5,gw_01,0,0.0,2026-09-01T00:05:00+00:00,2026-09-01T00:05:00+00:00,HTTP,False
scen_000087,inc_scen_000087_01,gw_01,ecom_aux_6,gw_01,0,0.0,2026-09-01T00:05:00+00:00,2026-09-01T00:05:00+00:00,HTTP,False
scen_000087,inc_scen_000087_01,gw_01,ecom_aux_7,gw_01,0,0.0,2026-09-01T00:05:00+00:00,2026-09-01T00:05:00+00:00,HTTP,False
scen_000087,inc_scen_000087_01,gw_01,ecom_aux_8,gw_01,0,0.0,2026-09-01T00:05:00+00:00,2026-09-01T00:05:00+00:00,HTTP,False
scen_000087,inc_scen_000087_01,gw_01,ecom_aux_9,gw_01,0,0.0,2026-09-01T00:05:00+00:00,2026-09-01T00:05:00+00:00,HTTP,False
scen_000087,inc_scen_000087_01,gw_01,ecom_aux_10,gw_01,0,0.0,2026-09-01T00:05:00+00:00,2026-09-01T00:05:00+00:00,HTTP,False
scen_000087,inc_scen_000087_01,gw_01,ecom_aux_11,gw_01,0,0.0,2026-09-01T00:05:00+00:00,2026-09-01T00:05:00+00:00,HTTP,False
scen_000087,inc_scen_000087_01,order_01,pay_01,order_01,0,0.0,2026-09-01T00:05:00+00:00,2026-09-01T00:05:00+00:00,HTTP,False
scen_000087,inc_scen_000087_01,order_01,inv_01,order_01,0,0.0,2026-09-01T00:05:00+00:00,2026-09-01T00:05:00+00:00,HTTP,False
scen_000087,inc_scen_000087_01,order_01,cache_01,order_01,0,0.0,2026-09-01T00:05:00+00:00,2026-09-01T00:05:00+00:00,CACHE,False
scen_000087,inc_scen_000087_01,order_01,mq_01,order_01,0,0.0,2026-09-01T00:05:00+00:00,2026-09-01T00:05:00+00:00,MESSAGE_QUEUE,False
scen_000087,inc_scen_000087_01,inv_01,db_master,inv_01,0,0.0,2026-09-01T00:05:00+00:00,2026-09-01T00:05:00+00:00,DATABASE,False
scen_000087,inc_scen_000087_01,ecom_aux_1,cache_01,ecom_aux_1,0,0.0,2026-09-01T00:05:00+00:00,2026-09-01T00:05:00+00:00,CACHE,False
scen_000087,inc_scen_000087_01,ecom_aux_2,cache_01,ecom_aux_2,0,0.0,2026-09-01T00:05:00+00:00,2026-09-01T00:05:00+00:00,CACHE,False
scen_000087,inc_scen_000087_01,ecom_aux_3,cache_01,ecom_aux_3,0,0.0,2026-09-01T00:05:00+00:00,2026-09-01T00:05:00+00:00,CACHE,False
scen_000087,inc_scen_000087_01,ecom_aux_4,cache_01,ecom_aux_4,0,0.0,2026-09-01T00:05:00+00:00,2026-09-01T00:05:00+00:00,CACHE,False
scen_000087,inc_scen_000087_01,ecom_aux_5,cache_01,ecom_aux_5,0,0.0,2026-09-01T00:05:00+00:00,2026-09-01T00:05:00+00:00,CACHE,False
scen_000087,inc_scen_000087_01,ecom_aux_6,cache_01,ecom_aux_6,0,0.0,2026-09-01T00:05:00+00:00,2026-09-01T00:05:00+00:00,CACHE,False
scen_000087,inc_scen_000087_01,ecom_aux_7,cache_01,ecom_aux_7,0,0.0,2026-09-01T00:05:00+00:00,2026-09-01T00:05:00+00:00,CACHE,False
scen_000087,inc_scen_000087_01,ecom_aux_8,cache_01,ecom_aux_8,0,0.0,2026-09-01T00:05:00+00:00,2026-09-01T00:05:00+00:00,CACHE,False
scen_000087,inc_scen_000087_01,ecom_aux_9,cache_01,ecom_aux_9,0,0.0,2026-09-01T00:05:00+00:00,2026-09-01T00:05:00+00:00,CACHE,False
scen_000087,inc_scen_000087_01,ecom_aux_10,cache_01,ecom_aux_10,0,0.0,2026-09-01T00:05:00+00:00,2026-09-01T00:05:00+00:00,CACHE,False
scen_000087,inc_scen_000087_01,ecom_aux_11,cache_01,ecom_aux_11,0,0.0,2026-09-01T00:05:00+00:00,2026-09-01T00:05:00+00:00,CACHE,False
scen_000089,inc_scen_000089_01,node_26,node_29,node_26,1,4.95,2026-09-01T00:05:00+00:00,2026-09-01T00:05:04.947334+00:00,CACHE,True
scen_000089,inc_scen_000089_01,node_29,node_32,node_29,2,4.42,2026-09-01T00:05:04.947334+00:00,2026-09-01T00:05:09.363530+00:00,HTTP,True
scen_000089,inc_scen_000089_01,node_29,node_24,node_29,2,11.26,2026-09-01T00:05:04.947334+00:00,2026-09-01T00:05:16.203605+00:00,TCP,True
scen_000089,inc_scen_000089_01,node_32,node_36,node_32,3,2.89,2026-09-01T00:05:09.363530+00:00,2026-09-01T00:05:12.256709+00:00,DNS,True
scen_000089,inc_scen_000089_01,node_00,node_01,node_00,0,0.0,2026-09-01T00:05:00+00:00,2026-09-01T00:05:00+00:00,STORAGE,False
scen_000089,inc_scen_000089_01,node_00,node_08,node_00,0,0.0,2026-09-01T00:05:00+00:00,2026-09-01T00:05:00+00:00,CACHE,False
scen_000089,inc_scen_000089_01,node_00,node_19,node_00,0,0.0,2026-09-01T00:05:00+00:00,2026-09-01T00:05:00+00:00,TCP,False
scen_000089,inc_scen_000089_01,node_01,node_02,node_01,0,0.0,2026-09-01T00:05:00+00:00,2026-09-01T00:05:00+00:00,DATABASE,False
scen_000089,inc_scen_000089_01,node_01,node_03,node_01,0,0.0,2026-09-01T00:05:00+00:00,2026-09-01T00:05:00+00:00,MESSAGE_QUEUE,False
scen_000089,inc_scen_000089_01,node_01,node_04,node_01,0,0.0,2026-09-01T00:05:00+00:00,2026-09-01T00:05:00+00:00,CACHE,False
scen_000089,inc_scen_000089_01,node_01,node_05,node_01,0,0.0,2026-09-01T00:05:00+00:00,2026-09-01T00:05:00+00:00,CACHE,False
scen_000089,inc_scen_000089_01,node_01,node_14,node_01,0,0.0,2026-09-01T00:05:00+00:00,2026-09-01T00:05:00+00:00,TCP,False
scen_000089,inc_scen_000089_01,node_01,node_18,node_01,0,0.0,2026-09-01T00:05:00+00:00,2026-09-01T00:05:00+00:00,DNS,False
scen_000089,inc_scen_000089_01,node_01,node_12,node_01,0,0.0,2026-09-01T00:05:00+00:00,2026-09-01T00:05:00+00:00,CACHE,False
scen_000089,inc_scen_000089_01,node_01,node_34,node_01,0,0.0,2026-09-01T00:05:00+00:00,2026-09-01T00:05:00+00:00,STORAGE,False
scen_000089,inc_scen_000089_01,node_02,node_06,node_02,0,0.0,2026-09-01T00:05:00+00:00,2026-09-01T00:05:00+00:00,MESSAGE_QUEUE,False
scen_000089,inc_scen_000089_01,node_02,node_15,node_02,0,0.0,2026-09-01T00:05:00+00:00,2026-09-01T00:05:00+00:00,DNS,False
scen_000089,inc_scen_000089_01,node_02,node_19,node_02,0,0.0,2026-09-01T00:05:00+00:00,2026-09-01T00:05:00+00:00,MESSAGE_QUEUE,False
scen_000089,inc_scen_000089_01,node_02,node_35,node_02,0,0.0,2026-09-01T00:05:00+00:00,2026-09-01T00:05:00+00:00,MESSAGE_QUEUE,False
scen_000089,inc_scen_000089_01,node_03,node_07,node_03,0,0.0,2026-09-01T00:05:00+00:00,2026-09-01T00:05:00+00:00,MESSAGE_QUEUE,False
scen_000089,inc_scen_000089_01,node_03,node_10,node_03,0,0.0,2026-09-01T00:05:00+00:00,2026-09-01T00:05:00+00:00,CACHE,False
scen_000089,inc_scen_000089_01,node_03,node_22,node_03,0,0.0,2026-09-01T00:05:00+00:00,2026-09-01T00:05:00+00:00,MESSAGE_QUEUE,False
scen_000089,inc_scen_000089_01,node_03,node_31,node_03,0,0.0,2026-09-01T00:05:00+00:00,2026-09-01T00:05:00+00:00,STORAGE,False
scen_000089,inc_scen_000089_01,node_03,node_18,node_03,0,0.0,2026-09-01T00:05:00+00:00,2026-09-01T00:05:00+00:00,CACHE,False
scen_000089,inc_scen_000089_01,node_03,node_25,node_03,0,0.0,2026-09-01T00:05:00+00:00,2026-09-01T00:05:00+00:00,DNS,False
scen_000089,inc_scen_000089_01,node_04,node_11,node_04,0,0.0,2026-09-01T00:05:00+00:00,2026-09-01T00:05:00+00:00,MESSAGE_QUEUE,False
scen_000089,inc_scen_000089_01,node_04,node_13,node_04,0,0.0,2026-09-01T00:05:00+00:00,2026-09-01T00:05:00+00:00,DATABASE,False
scen_000089,inc_scen_000089_01,node_04,node_26,node_04,0,0.0,2026-09-01T00:05:00+00:00,2026-09-01T00:05:00+00:00,CACHE,False
scen_000089,inc_scen_000089_01,node_04,node_09,node_04,0,0.0,2026-09-01T00:05:00+00:00,2026-09-01T00:05:00+00:00,DNS,False
scen_000089,inc_scen_000089_01,node_05,node_12,node_05,0,0.0,2026-09-01T00:05:00+00:00,2026-09-01T00:05:00+00:00,TCP,False
scen_000089,inc_scen_000089_01,node_05,node_02,node_05,0,0.0,2026-09-01T00:05:00+00:00,2026-09-01T00:05:00+00:00,MESSAGE_QUEUE,False
scen_000089,inc_scen_000089_01,node_06,node_16,node_06,0,0.0,2026-09-01T00:05:00+00:00,2026-09-01T00:05:00+00:00,DNS,False
scen_000089,inc_scen_000089_01,node_06,node_35,node_06,0,0.0,2026-09-01T00:05:00+00:00,2026-09-01T00:05:00+00:00,DNS,False
scen_000089,inc_scen_000089_01,node_06,node_09,node_06,0,0.0,2026-09-01T00:05:00+00:00,2026-09-01T00:05:00+00:00,TCP,False
scen_000089,inc_scen_000089_01,node_07,node_23,node_07,0,0.0,2026-09-01T00:05:00+00:00,2026-09-01T00:05:00+00:00,HTTP,False
scen_000089,inc_scen_000089_01,node_07,node_11,node_07,0,0.0,2026-09-01T00:05:00+00:00,2026-09-01T00:05:00+00:00,DNS,False
scen_000089,inc_scen_000089_01,node_08,node_09,node_08,0,0.0,2026-09-01T00:05:00+00:00,2026-09-01T00:05:00+00:00,STORAGE,False
scen_000089,inc_scen_000089_01,node_08,node_17,node_08,0,0.0,2026-09-01T00:05:00+00:00,2026-09-01T00:05:00+00:00,TCP,False
scen_000089,inc_scen_000089_01,node_09,node_27,node_09,0,0.0,2026-09-01T00:05:00+00:00,2026-09-01T00:05:00+00:00,CACHE,False
scen_000089,inc_scen_000089_01,node_10,node_05,node_10,0,0.0,2026-09-01T00:05:00+00:00,2026-09-01T00:05:00+00:00,MESSAGE_QUEUE,False
scen_000089,inc_scen_000089_01,node_10,node_01,node_10,0,0.0,2026-09-01T00:05:00+00:00,2026-09-01T00:05:00+00:00,HTTP,False
scen_000089,inc_scen_000089_01,node_11,node_20,node_11,0,0.0,2026-09-01T00:05:00+00:00,2026-09-01T00:05:00+00:00,MESSAGE_QUEUE,False
scen_000089,inc_scen_000089_01,node_12,node_18,node_12,0,0.0,2026-09-01T00:05:00+00:00,2026-09-01T00:05:00+00:00,TCP,False
scen_000089,inc_scen_000089_01,node_12,node_05,node_12,0,0.0,2026-09-01T00:05:00+00:00,2026-09-01T00:05:00+00:00,MESSAGE_QUEUE,False
scen_000089,inc_scen_000089_01,node_12,node_08,node_12,0,0.0,2026-09-01T00:05:00+00:00,2026-09-01T00:05:00+00:00,TCP,False
scen_000089,inc_scen_000089_01,node_13,node_26,node_13,0,0.0,2026-09-01T00:05:00+00:00,2026-09-01T00:05:00+00:00,CACHE,False
scen_000089,inc_scen_000089_01,node_14,node_25,node_14,0,0.0,2026-09-01T00:05:00+00:00,2026-09-01T00:05:00+00:00,DATABASE,False
scen_000089,inc_scen_000089_01,node_14,node_18,node_14,0,0.0,2026-09-01T00:05:00+00:00,2026-09-01T00:05:00+00:00,CACHE,False
scen_000089,inc_scen_000089_01,node_14,node_36,node_14,0,0.0,2026-09-01T00:05:00+00:00,2026-09-01T00:05:00+00:00,CACHE,False
scen_000089,inc_scen_000089_01,node_15,node_33,node_15,0,0.0,2026-09-01T00:05:00+00:00,2026-09-01T00:05:00+00:00,HTTP,False
scen_000089,inc_scen_000089_01,node_15,node_37,node_15,0,0.0,2026-09-01T00:05:00+00:00,2026-09-01T00:05:00+00:00,HTTP,False
scen_000089,inc_scen_000089_01,node_15,node_25,node_15,0,0.0,2026-09-01T00:05:00+00:00,2026-09-01T00:05:00+00:00,MESSAGE_QUEUE,False
scen_000089,inc_scen_000089_01,node_15,node_21,node_15,0,0.0,2026-09-01T00:05:00+00:00,2026-09-01T00:05:00+00:00,CACHE,False
scen_000089,inc_scen_000089_01,node_16,node_36,node_16,0,0.0,2026-09-01T00:05:00+00:00,2026-09-01T00:05:00+00:00,DATABASE,False
scen_000089,inc_scen_000089_01,node_18,node_06,node_18,0,0.0,2026-09-01T00:05:00+00:00,2026-09-01T00:05:00+00:00,TCP,False
scen_000089,inc_scen_000089_01,node_18,node_22,node_18,0,0.0,2026-09-01T00:05:00+00:00,2026-09-01T00:05:00+00:00,STORAGE,False
scen_000089,inc_scen_000089_01,node_20,node_21,node_20,0,0.0,2026-09-01T00:05:00+00:00,2026-09-01T00:05:00+00:00,STORAGE,False
scen_000089,inc_scen_000089_01,node_20,node_36,node_20,0,0.0,2026-09-01T00:05:00+00:00,2026-09-01T00:05:00+00:00,CACHE,False
scen_000089,inc_scen_000089_01,node_21,node_04,node_21,0,0.0,2026-09-01T00:05:00+00:00,2026-09-01T00:05:00+00:00,MESSAGE_QUEUE,False
scen_000089,inc_scen_000089_01,node_21,node_08,node_21,0,0.0,2026-09-01T00:05:00+00:00,2026-09-01T00:05:00+00:00,DATABASE,False
scen_000089,inc_scen_000089_01,node_22,node_24,node_22,0,0.0,2026-09-01T00:05:00+00:00,2026-09-01T00:05:00+00:00,MESSAGE_QUEUE,False
scen_000089,inc_scen_000089_01,node_22,node_30,node_22,0,0.0,2026-09-01T00:05:00+00:00,2026-09-01T00:05:00+00:00,DNS,False
scen_000089,inc_scen_000089_01,node_25,node_28,node_25,0,0.0,2026-09-01T00:05:00+00:00,2026-09-01T00:05:00+00:00,HTTP,False
scen_000089,inc_scen_000089_01,node_25,node_34,node_25,0,0.0,2026-09-01T00:05:00+00:00,2026-09-01T00:05:00+00:00,STORAGE,False
scen_000089,inc_scen_000089_01,node_25,node_22,node_25,0,0.0,2026-09-01T00:05:00+00:00,2026-09-01T00:05:00+00:00,STORAGE,False
scen_000089,inc_scen_000089_01,node_27,node_33,node_27,0,0.0,2026-09-01T00:05:00+00:00,2026-09-01T00:05:00+00:00,STORAGE,False
scen_000089,inc_scen_000089_01,node_28,node_10,node_28,0,0.0,2026-09-01T00:05:00+00:00,2026-09-01T00:05:00+00:00,HTTP,False
scen_000089,inc_scen_000089_01,node_30,node_34,node_30,0,0.0,2026-09-01T00:05:00+00:00,2026-09-01T00:05:00+00:00,HTTP,False
scen_000089,inc_scen_000089_01,node_33,node_32,node_33,0,0.0,2026-09-01T00:05:00+00:00,2026-09-01T00:05:00+00:00,DNS,False
scen_000089,inc_scen_000089_01,node_33,node_10,node_33,0,0.0,2026-09-01T00:05:00+00:00,2026-09-01T00:05:00+00:00,MESSAGE_QUEUE,False
scen_000089,inc_scen_000089_01,node_37,node_38,node_37,0,0.0,2026-09-01T00:05:00+00:00,2026-09-01T00:05:00+00:00,DATABASE,False
scen_000089,inc_scen_000089_01,node_38,node_36,node_38,0,0.0,2026-09-01T00:05:00+00:00,2026-09-01T00:05:00+00:00,DATABASE,False
scen_000089,inc_scen_000089_01,node_38,node_33,node_38,0,0.0,2026-09-01T00:05:00+00:00,2026-09-01T00:05:00+00:00,STORAGE,False
scen_000091,inc_scen_000091_01,search_node_40,es_01,search_node_40,1,14.87,2026-09-01T00:05:00+00:00,2026-09-01T00:05:14.870425+00:00,HTTP,True
scen_000091,inc_scen_000091_01,gw_01,rec_01,gw_01,0,0.0,2026-09-01T00:05:00+00:00,2026-09-01T00:05:00+00:00,HTTP,False
scen_000091,inc_scen_000091_01,gw_01,search_node_1,gw_01,0,0.0,2026-09-01T00:05:00+00:00,2026-09-01T00:05:00+00:00,HTTP,False
scen_000091,inc_scen_000091_01,gw_01,search_node_2,gw_01,0,0.0,2026-09-01T00:05:00+00:00,2026-09-01T00:05:00+00:00,HTTP,False
scen_000091,inc_scen_000091_01,gw_01,search_node_3,gw_01,0,0.0,2026-09-01T00:05:00+00:00,2026-09-01T00:05:00+00:00,HTTP,False
scen_000091,inc_scen_000091_01,gw_01,search_node_4,gw_01,0,0.0,2026-09-01T00:05:00+00:00,2026-09-01T00:05:00+00:00,HTTP,False
scen_000091,inc_scen_000091_01,gw_01,search_node_5,gw_01,0,0.0,2026-09-01T00:05:00+00:00,2026-09-01T00:05:00+00:00,HTTP,False
scen_000091,inc_scen_000091_01,gw_01,search_node_6,gw_01,0,0.0,2026-09-01T00:05:00+00:00,2026-09-01T00:05:00+00:00,HTTP,False
scen_000091,inc_scen_000091_01,gw_01,search_node_7,gw_01,0,0.0,2026-09-01T00:05:00+00:00,2026-09-01T00:05:00+00:00,HTTP,False
scen_000091,inc_scen_000091_01,gw_01,search_node_8,gw_01,0,0.0,2026-09-01T00:05:00+00:00,2026-09-01T00:05:00+00:00,HTTP,False
scen_000091,inc_scen_000091_01,gw_01,search_node_9,gw_01,0,0.0,2026-09-01T00:05:00+00:00,2026-09-01T00:05:00+00:00,HTTP,False
scen_000091,inc_scen_000091_01,gw_01,search_node_10,gw_01,0,0.0,2026-09-01T00:05:00+00:00,2026-09-01T00:05:00+00:00,HTTP,False
scen_000091,inc_scen_000091_01,gw_01,search_node_11,gw_01,0,0.0,2026-09-01T00:05:00+00:00,2026-09-01T00:05:00+00:00,HTTP,False
scen_000091,inc_scen_000091_01,gw_01,search_node_12,gw_01,0,0.0,2026-09-01T00:05:00+00:00,2026-09-01T00:05:00+00:00,HTTP,False
scen_000091,inc_scen_000091_01,gw_01,search_node_13,gw_01,0,0.0,2026-09-01T00:05:00+00:00,2026-09-01T00:05:00+00:00,HTTP,False
scen_000091,inc_scen_000091_01,gw_01,search_node_14,gw_01,0,0.0,2026-09-01T00:05:00+00:00,2026-09-01T00:05:00+00:00,HTTP,False
scen_000091,inc_scen_000091_01,gw_01,search_node_15,gw_01,0,0.0,2026-09-01T00:05:00+00:00,2026-09-01T00:05:00+00:00,HTTP,False
scen_000091,inc_scen_000091_01,gw_01,search_node_16,gw_01,0,0.0,2026-09-01T00:05:00+00:00,2026-09-01T00:05:00+00:00,HTTP,False
scen_000091,inc_scen_000091_01,gw_01,search_node_17,gw_01,0,0.0,2026-09-01T00:05:00+00:00,2026-09-01T00:05:00+00:00,HTTP,False
scen_000091,inc_scen_000091_01,gw_01,search_node_18,gw_01,0,0.0,2026-09-01T00:05:00+00:00,2026-09-01T00:05:00+00:00,HTTP,False
scen_000091,inc_scen_000091_01,gw_01,search_node_19,gw_01,0,0.0,2026-09-01T00:05:00+00:00,2026-09-01T00:05:00+00:00,HTTP,False
scen_000091,inc_scen_000091_01,gw_01,search_node_20,gw_01,0,0.0,2026-09-01T00:05:00+00:00,2026-09-01T00:05:00+00:00,HTTP,False
scen_000091,inc_scen_000091_01,gw_01,search_node_21,gw_01,0,0.0,2026-09-01T00:05:00+00:00,2026-09-01T00:05:00+00:00,HTTP,False
scen_000091,inc_scen_000091_01,gw_01,search_node_22,gw_01,0,0.0,2026-09-01T00:05:00+00:00,2026-09-01T00:05:00+00:00,HTTP,False
scen_000091,inc_scen_000091_01,gw_01,search_node_23,gw_01,0,0.0,2026-09-01T00:05:00+00:00,2026-09-01T00:05:00+00:00,HTTP,False
scen_000091,inc_scen_000091_01,gw_01,search_node_24,gw_01,0,0.0,2026-09-01T00:05:00+00:00,2026-09-01T00:05:00+00:00,HTTP,False
scen_000091,inc_scen_000091_01,gw_01,search_node_25,gw_01,0,0.0,2026-09-01T00:05:00+00:00,2026-09-01T00:05:00+00:00,HTTP,False
scen_000091,inc_scen_000091_01,gw_01,search_node_26,gw_01,0,0.0,2026-09-01T00:05:00+00:00,2026-09-01T00:05:00+00:00,HTTP,False
scen_000091,inc_scen_000091_01,gw_01,search_node_27,gw_01,0,0.0,2026-09-01T00:05:00+00:00,2026-09-01T00:05:00+00:00,HTTP,False
scen_000091,inc_scen_000091_01,gw_01,search_node_28,gw_01,0,0.0,2026-09-01T00:05:00+00:00,2026-09-01T00:05:00+00:00,HTTP,False
scen_000091,inc_scen_000091_01,gw_01,search_node_29,gw_01,0,0.0,2026-09-01T00:05:00+00:00,2026-09-01T00:05:00+00:00,HTTP,False
scen_000091,inc_scen_000091_01,gw_01,search_node_30,gw_01,0,0.0,2026-09-01T00:05:00+00:00,2026-09-01T00:05:00+00:00,HTTP,False
scen_000091,inc_scen_000091_01,gw_01,search_node_31,gw_01,0,0.0,2026-09-01T00:05:00+00:00,2026-09-01T00:05:00+00:00,HTTP,False
scen_000091,inc_scen_000091_01,gw_01,search_node_32,gw_01,0,0.0,2026-09-01T00:05:00+00:00,2026-09-01T00:05:00+00:00,HTTP,False
scen_000091,inc_scen_000091_01,gw_01,search_node_33,gw_01,0,0.0,2026-09-01T00:05:00+00:00,2026-09-01T00:05:00+00:00,HTTP,False
scen_000091,inc_scen_000091_01,gw_01,search_node_34,gw_01,0,0.0,2026-09-01T00:05:00+00:00,2026-09-01T00:05:00+00:00,HTTP,False
scen_000091,inc_scen_000091_01,gw_01,search_node_35,gw_01,0,0.0,2026-09-01T00:05:00+00:00,2026-09-01T00:05:00+00:00,HTTP,False
scen_000091,inc_scen_000091_01,gw_01,search_node_36,gw_01,0,0.0,2026-09-01T00:05:00+00:00,2026-09-01T00:05:00+00:00,HTTP,False
scen_000091,inc_scen_000091_01,gw_01,search_node_37,gw_01,0,0.0,2026-09-01T00:05:00+00:00,2026-09-01T00:05:00+00:00,HTTP,False
scen_000091,inc_scen_000091_01,gw_01,search_node_38,gw_01,0,0.0,2026-09-01T00:05:00+00:00,2026-09-01T00:05:00+00:00,HTTP,False
scen_000091,inc_scen_000091_01,gw_01,search_node_39,gw_01,0,0.0,2026-09-01T00:05:00+00:00,2026-09-01T00:05:00+00:00,HTTP,False
scen_000091,inc_scen_000091_01,gw_01,search_node_40,gw_01,0,0.0,2026-09-01T00:05:00+00:00,2026-09-01T00:05:00+00:00,HTTP,False
scen_000091,inc_scen_000091_01,gw_01,search_node_41,gw_01,0,0.0,2026-09-01T00:05:00+00:00,2026-09-01T00:05:00+00:00,HTTP,False
scen_000091,inc_scen_000091_01,gw_01,search_node_42,gw_01,0,0.0,2026-09-01T00:05:00+00:00,2026-09-01T00:05:00+00:00,HTTP,False
scen_000091,inc_scen_000091_01,gw_01,search_node_43,gw_01,0,0.0,2026-09-01T00:05:00+00:00,2026-09-01T00:05:00+00:00,HTTP,False
scen_000091,inc_scen_000091_01,gw_01,search_node_44,gw_01,0,0.0,2026-09-01T00:05:00+00:00,2026-09-01T00:05:00+00:00,HTTP,False
scen_000091,inc_scen_000091_01,gw_01,search_node_45,gw_01,0,0.0,2026-09-01T00:05:00+00:00,2026-09-01T00:05:00+00:00,HTTP,False
scen_000091,inc_scen_000091_01,rec_01,redis_01,rec_01,0,0.0,2026-09-01T00:05:00+00:00,2026-09-01T00:05:00+00:00,CACHE,False
scen_000091,inc_scen_000091_01,rec_01,es_01,rec_01,0,0.0,2026-09-01T00:05:00+00:00,2026-09-01T00:05:00+00:00,HTTP,False
scen_000091,inc_scen_000091_01,rec_01,mongo_01,rec_01,0,0.0,2026-09-01T00:05:00+00:00,2026-09-01T00:05:00+00:00,DATABASE,False
scen_000091,inc_scen_000091_01,search_node_1,es_01,search_node_1,0,0.0,2026-09-01T00:05:00+00:00,2026-09-01T00:05:00+00:00,HTTP,False
scen_000091,inc_scen_000091_01,search_node_2,es_01,search_node_2,0,0.0,2026-09-01T00:05:00+00:00,2026-09-01T00:05:00+00:00,HTTP,False
scen_000091,inc_scen_000091_01,search_node_3,es_01,search_node_3,0,0.0,2026-09-01T00:05:00+00:00,2026-09-01T00:05:00+00:00,HTTP,False
scen_000091,inc_scen_000091_01,search_node_4,es_01,search_node_4,0,0.0,2026-09-01T00:05:00+00:00,2026-09-01T00:05:00+00:00,HTTP,False
scen_000091,inc_scen_000091_01,search_node_5,es_01,search_node_5,0,0.0,2026-09-01T00:05:00+00:00,2026-09-01T00:05:00+00:00,HTTP,False
scen_000091,inc_scen_000091_01,search_node_6,es_01,search_node_6,0,0.0,2026-09-01T00:05:00+00:00,2026-09-01T00:05:00+00:00,HTTP,False
scen_000091,inc_scen_000091_01,search_node_7,es_01,search_node_7,0,0.0,2026-09-01T00:05:00+00:00,2026-09-01T00:05:00+00:00,HTTP,False
scen_000091,inc_scen_000091_01,search_node_8,es_01,search_node_8,0,0.0,2026-09-01T00:05:00+00:00,2026-09-01T00:05:00+00:00,HTTP,False
scen_000091,inc_scen_000091_01,search_node_9,es_01,search_node_9,0,0.0,2026-09-01T00:05:00+00:00,2026-09-01T00:05:00+00:00,HTTP,False
scen_000091,inc_scen_000091_01,search_node_10,es_01,search_node_10,0,0.0,2026-09-01T00:05:00+00:00,2026-09-01T00:05:00+00:00,HTTP,False
scen_000091,inc_scen_000091_01,search_node_11,es_01,search_node_11,0,0.0,2026-09-01T00:05:00+00:00,2026-09-01T00:05:00+00:00,HTTP,False
scen_000091,inc_scen_000091_01,search_node_12,es_01,search_node_12,0,0.0,2026-09-01T00:05:00+00:00,2026-09-01T00:05:00+00:00,HTTP,False
scen_000091,inc_scen_000091_01,search_node_13,es_01,search_node_13,0,0.0,2026-09-01T00:05:00+00:00,2026-09-01T00:05:00+00:00,HTTP,False
scen_000091,inc_scen_000091_01,search_node_14,es_01,search_node_14,0,0.0,2026-09-01T00:05:00+00:00,2026-09-01T00:05:00+00:00,HTTP,False
scen_000091,inc_scen_000091_01,search_node_15,es_01,search_node_15,0,0.0,2026-09-01T00:05:00+00:00,2026-09-01T00:05:00+00:00,HTTP,False
scen_000091,inc_scen_000091_01,search_node_16,es_01,search_node_16,0,0.0,2026-09-01T00:05:00+00:00,2026-09-01T00:05:00+00:00,HTTP,False
scen_000091,inc_scen_000091_01,search_node_17,es_01,search_node_17,0,0.0,2026-09-01T00:05:00+00:00,2026-09-01T00:05:00+00:00,HTTP,False
scen_000091,inc_scen_000091_01,search_node_18,es_01,search_node_18,0,0.0,2026-09-01T00:05:00+00:00,2026-09-01T00:05:00+00:00,HTTP,False
scen_000091,inc_scen_000091_01,search_node_19,es_01,search_node_19,0,0.0,2026-09-01T00:05:00+00:00,2026-09-01T00:05:00+00:00,HTTP,False
scen_000091,inc_scen_000091_01,search_node_20,es_01,search_node_20,0,0.0,2026-09-01T00:05:00+00:00,2026-09-01T00:05:00+00:00,HTTP,False
scen_000091,inc_scen_000091_01,search_node_21,es_01,search_node_21,0,0.0,2026-09-01T00:05:00+00:00,2026-09-01T00:05:00+00:00,HTTP,False
scen_000091,inc_scen_000091_01,search_node_22,es_01,search_node_22,0,0.0,2026-09-01T00:05:00+00:00,2026-09-01T00:05:00+00:00,HTTP,False
scen_000091,inc_scen_000091_01,search_node_23,es_01,search_node_23,0,0.0,2026-09-01T00:05:00+00:00,2026-09-01T00:05:00+00:00,HTTP,False
scen_000091,inc_scen_000091_01,search_node_24,es_01,search_node_24,0,0.0,2026-09-01T00:05:00+00:00,2026-09-01T00:05:00+00:00,HTTP,False
scen_000091,inc_scen_000091_01,search_node_25,es_01,search_node_25,0,0.0,2026-09-01T00:05:00+00:00,2026-09-01T00:05:00+00:00,HTTP,False
scen_000091,inc_scen_000091_01,search_node_26,es_01,search_node_26,0,0.0,2026-09-01T00:05:00+00:00,2026-09-01T00:05:00+00:00,HTTP,False
scen_000091,inc_scen_000091_01,search_node_27,es_01,search_node_27,0,0.0,2026-09-01T00:05:00+00:00,2026-09-01T00:05:00+00:00,HTTP,False
scen_000091,inc_scen_000091_01,search_node_28,es_01,search_node_28,0,0.0,2026-09-01T00:05:00+00:00,2026-09-01T00:05:00+00:00,HTTP,False
scen_000091,inc_scen_000091_01,search_node_29,es_01,search_node_29,0,0.0,2026-09-01T00:05:00+00:00,2026-09-01T00:05:00+00:00,HTTP,False
scen_000091,inc_scen_000091_01,search_node_30,es_01,search_node_30,0,0.0,2026-09-01T00:05:00+00:00,2026-09-01T00:05:00+00:00,HTTP,False
scen_000091,inc_scen_000091_01,search_node_31,es_01,search_node_31,0,0.0,2026-09-01T00:05:00+00:00,2026-09-01T00:05:00+00:00,HTTP,False
scen_000091,inc_scen_000091_01,search_node_32,es_01,search_node_32,0,0.0,2026-09-01T00:05:00+00:00,2026-09-01T00:05:00+00:00,HTTP,False
scen_000091,inc_scen_000091_01,search_node_33,es_01,search_node_33,0,0.0,2026-09-01T00:05:00+00:00,2026-09-01T00:05:00+00:00,HTTP,False
scen_000091,inc_scen_000091_01,search_node_34,es_01,search_node_34,0,0.0,2026-09-01T00:05:00+00:00,2026-09-01T00:05:00+00:00,HTTP,False
scen_000091,inc_scen_000091_01,search_node_35,es_01,search_node_35,0,0.0,2026-09-01T00:05:00+00:00,2026-09-01T00:05:00+00:00,HTTP,False
scen_000091,inc_scen_000091_01,search_node_36,es_01,search_node_36,0,0.0,2026-09-01T00:05:00+00:00,2026-09-01T00:05:00+00:00,HTTP,False
scen_000091,inc_scen_000091_01,search_node_37,es_01,search_node_37,0,0.0,2026-09-01T00:05:00+00:00,2026-09-01T00:05:00+00:00,HTTP,False
scen_000091,inc_scen_000091_01,search_node_38,es_01,search_node_38,0,0.0,2026-09-01T00:05:00+00:00,2026-09-01T00:05:00+00:00,HTTP,False
scen_000091,inc_scen_000091_01,search_node_39,es_01,search_node_39,0,0.0,2026-09-01T00:05:00+00:00,2026-09-01T00:05:00+00:00,HTTP,False
scen_000091,inc_scen_000091_01,search_node_41,es_01,search_node_41,0,0.0,2026-09-01T00:05:00+00:00,2026-09-01T00:05:00+00:00,HTTP,False
scen_000091,inc_scen_000091_01,search_node_42,es_01,search_node_42,0,0.0,2026-09-01T00:05:00+00:00,2026-09-01T00:05:00+00:00,HTTP,False
scen_000091,inc_scen_000091_01,search_node_43,es_01,search_node_43,0,0.0,2026-09-01T00:05:00+00:00,2026-09-01T00:05:00+00:00,HTTP,False
scen_000091,inc_scen_000091_01,search_node_44,es_01,search_node_44,0,0.0,2026-09-01T00:05:00+00:00,2026-09-01T00:05:00+00:00,HTTP,False
scen_000091,inc_scen_000091_01,search_node_45,es_01,search_node_45,0,0.0,2026-09-01T00:05:00+00:00,2026-09-01T00:05:00+00:00,HTTP,False
scen_000092,inc_scen_000092_01,ecom_aux_37,cache_01,ecom_aux_37,1,13.97,2026-09-01T00:05:00+00:00,2026-09-01T00:05:13.973637+00:00,CACHE,True
scen_000092,inc_scen_000092_01,gw_01,auth_01,gw_01,0,0.0,2026-09-01T00:05:00+00:00,2026-09-01T00:05:00+00:00,HTTP,False
scen_000092,inc_scen_000092_01,gw_01,order_01,gw_01,0,0.0,2026-09-01T00:05:00+00:00,2026-09-01T00:05:00+00:00,HTTP,False
scen_000092,inc_scen_000092_01,gw_01,ecom_aux_1,gw_01,0,0.0,2026-09-01T00:05:00+00:00,2026-09-01T00:05:00+00:00,HTTP,False
scen_000092,inc_scen_000092_01,gw_01,ecom_aux_2,gw_01,0,0.0,2026-09-01T00:05:00+00:00,2026-09-01T00:05:00+00:00,HTTP,False
scen_000092,inc_scen_000092_01,gw_01,ecom_aux_3,gw_01,0,0.0,2026-09-01T00:05:00+00:00,2026-09-01T00:05:00+00:00,HTTP,False
scen_000092,inc_scen_000092_01,gw_01,ecom_aux_4,gw_01,0,0.0,2026-09-01T00:05:00+00:00,2026-09-01T00:05:00+00:00,HTTP,False
scen_000092,inc_scen_000092_01,gw_01,ecom_aux_5,gw_01,0,0.0,2026-09-01T00:05:00+00:00,2026-09-01T00:05:00+00:00,HTTP,False
scen_000092,inc_scen_000092_01,gw_01,ecom_aux_6,gw_01,0,0.0,2026-09-01T00:05:00+00:00,2026-09-01T00:05:00+00:00,HTTP,False
scen_000092,inc_scen_000092_01,gw_01,ecom_aux_7,gw_01,0,0.0,2026-09-01T00:05:00+00:00,2026-09-01T00:05:00+00:00,HTTP,False
scen_000092,inc_scen_000092_01,gw_01,ecom_aux_8,gw_01,0,0.0,2026-09-01T00:05:00+00:00,2026-09-01T00:05:00+00:00,HTTP,False
scen_000092,inc_scen_000092_01,gw_01,ecom_aux_9,gw_01,0,0.0,2026-09-01T00:05:00+00:00,2026-09-01T00:05:00+00:00,HTTP,False
scen_000092,inc_scen_000092_01,gw_01,ecom_aux_10,gw_01,0,0.0,2026-09-01T00:05:00+00:00,2026-09-01T00:05:00+00:00,HTTP,False
scen_000092,inc_scen_000092_01,gw_01,ecom_aux_11,gw_01,0,0.0,2026-09-01T00:05:00+00:00,2026-09-01T00:05:00+00:00,HTTP,False
scen_000092,inc_scen_000092_01,gw_01,ecom_aux_12,gw_01,0,0.0,2026-09-01T00:05:00+00:00,2026-09-01T00:05:00+00:00,HTTP,False
scen_000092,inc_scen_000092_01,gw_01,ecom_aux_13,gw_01,0,0.0,2026-09-01T00:05:00+00:00,2026-09-01T00:05:00+00:00,HTTP,False
scen_000092,inc_scen_000092_01,gw_01,ecom_aux_14,gw_01,0,0.0,2026-09-01T00:05:00+00:00,2026-09-01T00:05:00+00:00,HTTP,False
scen_000092,inc_scen_000092_01,gw_01,ecom_aux_15,gw_01,0,0.0,2026-09-01T00:05:00+00:00,2026-09-01T00:05:00+00:00,HTTP,False
scen_000092,inc_scen_000092_01,gw_01,ecom_aux_16,gw_01,0,0.0,2026-09-01T00:05:00+00:00,2026-09-01T00:05:00+00:00,HTTP,False
scen_000092,inc_scen_000092_01,gw_01,ecom_aux_17,gw_01,0,0.0,2026-09-01T00:05:00+00:00,2026-09-01T00:05:00+00:00,HTTP,False
scen_000092,inc_scen_000092_01,gw_01,ecom_aux_18,gw_01,0,0.0,2026-09-01T00:05:00+00:00,2026-09-01T00:05:00+00:00,HTTP,False
scen_000092,inc_scen_000092_01,gw_01,ecom_aux_19,gw_01,0,0.0,2026-09-01T00:05:00+00:00,2026-09-01T00:05:00+00:00,HTTP,False
scen_000092,inc_scen_000092_01,gw_01,ecom_aux_20,gw_01,0,0.0,2026-09-01T00:05:00+00:00,2026-09-01T00:05:00+00:00,HTTP,False
scen_000092,inc_scen_000092_01,gw_01,ecom_aux_21,gw_01,0,0.0,2026-09-01T00:05:00+00:00,2026-09-01T00:05:00+00:00,HTTP,False
scen_000092,inc_scen_000092_01,gw_01,ecom_aux_22,gw_01,0,0.0,2026-09-01T00:05:00+00:00,2026-09-01T00:05:00+00:00,HTTP,False
scen_000092,inc_scen_000092_01,gw_01,ecom_aux_23,gw_01,0,0.0,2026-09-01T00:05:00+00:00,2026-09-01T00:05:00+00:00,HTTP,False
scen_000092,inc_scen_000092_01,gw_01,ecom_aux_24,gw_01,0,0.0,2026-09-01T00:05:00+00:00,2026-09-01T00:05:00+00:00,HTTP,False
scen_000092,inc_scen_000092_01,gw_01,ecom_aux_25,gw_01,0,0.0,2026-09-01T00:05:00+00:00,2026-09-01T00:05:00+00:00,HTTP,False
scen_000092,inc_scen_000092_01,gw_01,ecom_aux_26,gw_01,0,0.0,2026-09-01T00:05:00+00:00,2026-09-01T00:05:00+00:00,HTTP,False
scen_000092,inc_scen_000092_01,gw_01,ecom_aux_27,gw_01,0,0.0,2026-09-01T00:05:00+00:00,2026-09-01T00:05:00+00:00,HTTP,False
scen_000092,inc_scen_000092_01,gw_01,ecom_aux_28,gw_01,0,0.0,2026-09-01T00:05:00+00:00,2026-09-01T00:05:00+00:00,HTTP,False
scen_000092,inc_scen_000092_01,gw_01,ecom_aux_29,gw_01,0,0.0,2026-09-01T00:05:00+00:00,2026-09-01T00:05:00+00:00,HTTP,False
scen_000092,inc_scen_000092_01,gw_01,ecom_aux_30,gw_01,0,0.0,2026-09-01T00:05:00+00:00,2026-09-01T00:05:00+00:00,HTTP,False
scen_000092,inc_scen_000092_01,gw_01,ecom_aux_31,gw_01,0,0.0,2026-09-01T00:05:00+00:00,2026-09-01T00:05:00+00:00,HTTP,False
scen_000092,inc_scen_000092_01,gw_01,ecom_aux_32,gw_01,0,0.0,2026-09-01T00:05:00+00:00,2026-09-01T00:05:00+00:00,HTTP,False
scen_000092,inc_scen_000092_01,gw_01,ecom_aux_33,gw_01,0,0.0,2026-09-01T00:05:00+00:00,2026-09-01T00:05:00+00:00,HTTP,False
scen_000092,inc_scen_000092_01,gw_01,ecom_aux_34,gw_01,0,0.0,2026-09-01T00:05:00+00:00,2026-09-01T00:05:00+00:00,HTTP,False
scen_000092,inc_scen_000092_01,gw_01,ecom_aux_35,gw_01,0,0.0,2026-09-01T00:05:00+00:00,2026-09-01T00:05:00+00:00,HTTP,False
scen_000092,inc_scen_000092_01,gw_01,ecom_aux_36,gw_01,0,0.0,2026-09-01T00:05:00+00:00,2026-09-01T00:05:00+00:00,HTTP,False
scen_000092,inc_scen_000092_01,gw_01,ecom_aux_37,gw_01,0,0.0,2026-09-01T00:05:00+00:00,2026-09-01T00:05:00+00:00,HTTP,False
scen_000092,inc_scen_000092_01,gw_01,ecom_aux_38,gw_01,0,0.0,2026-09-01T00:05:00+00:00,2026-09-01T00:05:00+00:00,HTTP,False
scen_000092,inc_scen_000092_01,gw_01,ecom_aux_39,gw_01,0,0.0,2026-09-01T00:05:00+00:00,2026-09-01T00:05:00+00:00,HTTP,False
scen_000092,inc_scen_000092_01,gw_01,ecom_aux_40,gw_01,0,0.0,2026-09-01T00:05:00+00:00,2026-09-01T00:05:00+00:00,HTTP,False
scen_000092,inc_scen_000092_01,order_01,pay_01,order_01,0,0.0,2026-09-01T00:05:00+00:00,2026-09-01T00:05:00+00:00,HTTP,False
scen_000092,inc_scen_000092_01,order_01,inv_01,order_01,0,0.0,2026-09-01T00:05:00+00:00,2026-09-01T00:05:00+00:00,HTTP,False
scen_000092,inc_scen_000092_01,order_01,cache_01,order_01,0,0.0,2026-09-01T00:05:00+00:00,2026-09-01T00:05:00+00:00,CACHE,False
scen_000092,inc_scen_000092_01,order_01,mq_01,order_01,0,0.0,2026-09-01T00:05:00+00:00,2026-09-01T00:05:00+00:00,MESSAGE_QUEUE,False
scen_000092,inc_scen_000092_01,pay_01,db_master,pay_01,0,0.0,2026-09-01T00:05:00+00:00,2026-09-01T00:05:00+00:00,DATABASE,False
scen_000092,inc_scen_000092_01,inv_01,db_master,inv_01,0,0.0,2026-09-01T00:05:00+00:00,2026-09-01T00:05:00+00:00,DATABASE,False
scen_000092,inc_scen_000092_01,ecom_aux_1,cache_01,ecom_aux_1,0,0.0,2026-09-01T00:05:00+00:00,2026-09-01T00:05:00+00:00,CACHE,False
scen_000092,inc_scen_000092_01,ecom_aux_2,cache_01,ecom_aux_2,0,0.0,2026-09-01T00:05:00+00:00,2026-09-01T00:05:00+00:00,CACHE,False
scen_000092,inc_scen_000092_01,ecom_aux_3,cache_01,ecom_aux_3,0,0.0,2026-09-01T00:05:00+00:00,2026-09-01T00:05:00+00:00,CACHE,False
scen_000092,inc_scen_000092_01,ecom_aux_4,cache_01,ecom_aux_4,0,0.0,2026-09-01T00:05:00+00:00,2026-09-01T00:05:00+00:00,CACHE,False
scen_000092,inc_scen_000092_01,ecom_aux_5,cache_01,ecom_aux_5,0,0.0,2026-09-01T00:05:00+00:00,2026-09-01T00:05:00+00:00,CACHE,False
scen_000092,inc_scen_000092_01,ecom_aux_6,cache_01,ecom_aux_6,0,0.0,2026-09-01T00:05:00+00:00,2026-09-01T00:05:00+00:00,CACHE,False
scen_000092,inc_scen_000092_01,ecom_aux_7,cache_01,ecom_aux_7,0,0.0,2026-09-01T00:05:00+00:00,2026-09-01T00:05:00+00:00,CACHE,False
scen_000092,inc_scen_000092_01,ecom_aux_8,cache_01,ecom_aux_8,0,0.0,2026-09-01T00:05:00+00:00,2026-09-01T00:05:00+00:00,CACHE,False
scen_000092,inc_scen_000092_01,ecom_aux_9,cache_01,ecom_aux_9,0,0.0,2026-09-01T00:05:00+00:00,2026-09-01T00:05:00+00:00,CACHE,False
scen_000092,inc_scen_000092_01,ecom_aux_10,cache_01,ecom_aux_10,0,0.0,2026-09-01T00:05:00+00:00,2026-09-01T00:05:00+00:00,CACHE,False
scen_000092,inc_scen_000092_01,ecom_aux_11,cache_01,ecom_aux_11,0,0.0,2026-09-01T00:05:00+00:00,2026-09-01T00:05:00+00:00,CACHE,False
scen_000092,inc_scen_000092_01,ecom_aux_12,cache_01,ecom_aux_12,0,0.0,2026-09-01T00:05:00+00:00,2026-09-01T00:05:00+00:00,CACHE,False
scen_000092,inc_scen_000092_01,ecom_aux_13,cache_01,ecom_aux_13,0,0.0,2026-09-01T00:05:00+00:00,2026-09-01T00:05:00+00:00,CACHE,False
scen_000092,inc_scen_000092_01,ecom_aux_14,cache_01,ecom_aux_14,0,0.0,2026-09-01T00:05:00+00:00,2026-09-01T00:05:00+00:00,CACHE,False
scen_000092,inc_scen_000092_01,ecom_aux_15,cache_01,ecom_aux_15,0,0.0,2026-09-01T00:05:00+00:00,2026-09-01T00:05:00+00:00,CACHE,False
scen_000092,inc_scen_000092_01,ecom_aux_16,cache_01,ecom_aux_16,0,0.0,2026-09-01T00:05:00+00:00,2026-09-01T00:05:00+00:00,CACHE,False
scen_000092,inc_scen_000092_01,ecom_aux_17,cache_01,ecom_aux_17,0,0.0,2026-09-01T00:05:00+00:00,2026-09-01T00:05:00+00:00,CACHE,False
scen_000092,inc_scen_000092_01,ecom_aux_18,cache_01,ecom_aux_18,0,0.0,2026-09-01T00:05:00+00:00,2026-09-01T00:05:00+00:00,CACHE,False
scen_000092,inc_scen_000092_01,ecom_aux_19,cache_01,ecom_aux_19,0,0.0,2026-09-01T00:05:00+00:00,2026-09-01T00:05:00+00:00,CACHE,False
scen_000092,inc_scen_000092_01,ecom_aux_20,cache_01,ecom_aux_20,0,0.0,2026-09-01T00:05:00+00:00,2026-09-01T00:05:00+00:00,CACHE,False
scen_000092,inc_scen_000092_01,ecom_aux_21,cache_01,ecom_aux_21,0,0.0,2026-09-01T00:05:00+00:00,2026-09-01T00:05:00+00:00,CACHE,False
scen_000092,inc_scen_000092_01,ecom_aux_22,cache_01,ecom_aux_22,0,0.0,2026-09-01T00:05:00+00:00,2026-09-01T00:05:00+00:00,CACHE,False
scen_000092,inc_scen_000092_01,ecom_aux_23,cache_01,ecom_aux_23,0,0.0,2026-09-01T00:05:00+00:00,2026-09-01T00:05:00+00:00,CACHE,False
scen_000092,inc_scen_000092_01,ecom_aux_24,cache_01,ecom_aux_24,0,0.0,2026-09-01T00:05:00+00:00,2026-09-01T00:05:00+00:00,CACHE,False
scen_000092,inc_scen_000092_01,ecom_aux_25,cache_01,ecom_aux_25,0,0.0,2026-09-01T00:05:00+00:00,2026-09-01T00:05:00+00:00,CACHE,False
scen_000092,inc_scen_000092_01,ecom_aux_26,cache_01,ecom_aux_26,0,0.0,2026-09-01T00:05:00+00:00,2026-09-01T00:05:00+00:00,CACHE,False
scen_000092,inc_scen_000092_01,ecom_aux_27,cache_01,ecom_aux_27,0,0.0,2026-09-01T00:05:00+00:00,2026-09-01T00:05:00+00:00,CACHE,False
scen_000092,inc_scen_000092_01,ecom_aux_28,cache_01,ecom_aux_28,0,0.0,2026-09-01T00:05:00+00:00,2026-09-01T00:05:00+00:00,CACHE,False
scen_000092,inc_scen_000092_01,ecom_aux_29,cache_01,ecom_aux_29,0,0.0,2026-09-01T00:05:00+00:00,2026-09-01T00:05:00+00:00,CACHE,False
scen_000092,inc_scen_000092_01,ecom_aux_30,cache_01,ecom_aux_30,0,0.0,2026-09-01T00:05:00+00:00,2026-09-01T00:05:00+00:00,CACHE,False
scen_000092,inc_scen_000092_01,ecom_aux_31,cache_01,ecom_aux_31,0,0.0,2026-09-01T00:05:00+00:00,2026-09-01T00:05:00+00:00,CACHE,False
scen_000092,inc_scen_000092_01,ecom_aux_32,cache_01,ecom_aux_32,0,0.0,2026-09-01T00:05:00+00:00,2026-09-01T00:05:00+00:00,CACHE,False
scen_000092,inc_scen_000092_01,ecom_aux_33,cache_01,ecom_aux_33,0,0.0,2026-09-01T00:05:00+00:00,2026-09-01T00:05:00+00:00,CACHE,False
scen_000092,inc_scen_000092_01,ecom_aux_34,cache_01,ecom_aux_34,0,0.0,2026-09-01T00:05:00+00:00,2026-09-01T00:05:00+00:00,CACHE,False
scen_000092,inc_scen_000092_01,ecom_aux_35,cache_01,ecom_aux_35,0,0.0,2026-09-01T00:05:00+00:00,2026-09-01T00:05:00+00:00,CACHE,False
scen_000092,inc_scen_000092_01,ecom_aux_36,cache_01,ecom_aux_36,0,0.0,2026-09-01T00:05:00+00:00,2026-09-01T00:05:00+00:00,CACHE,False
scen_000092,inc_scen_000092_01,ecom_aux_38,cache_01,ecom_aux_38,0,0.0,2026-09-01T00:05:00+00:00,2026-09-01T00:05:00+00:00,CACHE,False
scen_000092,inc_scen_000092_01,ecom_aux_39,cache_01,ecom_aux_39,0,0.0,2026-09-01T00:05:00+00:00,2026-09-01T00:05:00+00:00,CACHE,False
scen_000092,inc_scen_000092_01,ecom_aux_40,cache_01,ecom_aux_40,0,0.0,2026-09-01T00:05:00+00:00,2026-09-01T00:05:00+00:00,CACHE,False
scen_000093,inc_scen_000093_01,consumer_13,db_event,consumer_13,1,6.75,2026-09-01T00:05:00+00:00,2026-09-01T00:05:06.754239+00:00,DATABASE,True
scen_000093,inc_scen_000093_01,ingest_01,kafka_broker,ingest_01,0,0.0,2026-09-01T00:05:00+00:00,2026-09-01T00:05:00+00:00,MESSAGE_QUEUE,False
scen_000093,inc_scen_000093_01,kafka_broker,notif_01,kafka_broker,0,0.0,2026-09-01T00:05:00+00:00,2026-09-01T00:05:00+00:00,MESSAGE_QUEUE,False
scen_000093,inc_scen_000093_01,kafka_broker,user_01,kafka_broker,0,0.0,2026-09-01T00:05:00+00:00,2026-09-01T00:05:00+00:00,MESSAGE_QUEUE,False
scen_000093,inc_scen_000093_01,kafka_broker,consumer_1,kafka_broker,0,0.0,2026-09-01T00:05:00+00:00,2026-09-01T00:05:00+00:00,MESSAGE_QUEUE,False
scen_000093,inc_scen_000093_01,kafka_broker,consumer_2,kafka_broker,0,0.0,2026-09-01T00:05:00+00:00,2026-09-01T00:05:00+00:00,MESSAGE_QUEUE,False
scen_000093,inc_scen_000093_01,kafka_broker,consumer_3,kafka_broker,0,0.0,2026-09-01T00:05:00+00:00,2026-09-01T00:05:00+00:00,MESSAGE_QUEUE,False
scen_000093,inc_scen_000093_01,kafka_broker,consumer_4,kafka_broker,0,0.0,2026-09-01T00:05:00+00:00,2026-09-01T00:05:00+00:00,MESSAGE_QUEUE,False
scen_000093,inc_scen_000093_01,kafka_broker,consumer_5,kafka_broker,0,0.0,2026-09-01T00:05:00+00:00,2026-09-01T00:05:00+00:00,MESSAGE_QUEUE,False
scen_000093,inc_scen_000093_01,kafka_broker,consumer_6,kafka_broker,0,0.0,2026-09-01T00:05:00+00:00,2026-09-01T00:05:00+00:00,MESSAGE_QUEUE,False
scen_000093,inc_scen_000093_01,kafka_broker,consumer_7,kafka_broker,0,0.0,2026-09-01T00:05:00+00:00,2026-09-01T00:05:00+00:00,MESSAGE_QUEUE,False
scen_000093,inc_scen_000093_01,kafka_broker,consumer_8,kafka_broker,0,0.0,2026-09-01T00:05:00+00:00,2026-09-01T00:05:00+00:00,MESSAGE_QUEUE,False
scen_000093,inc_scen_000093_01,kafka_broker,consumer_9,kafka_broker,0,0.0,2026-09-01T00:05:00+00:00,2026-09-01T00:05:00+00:00,MESSAGE_QUEUE,False
scen_000093,inc_scen_000093_01,kafka_broker,consumer_10,kafka_broker,0,0.0,2026-09-01T00:05:00+00:00,2026-09-01T00:05:00+00:00,MESSAGE_QUEUE,False
scen_000093,inc_scen_000093_01,kafka_broker,consumer_11,kafka_broker,0,0.0,2026-09-01T00:05:00+00:00,2026-09-01T00:05:00+00:00,MESSAGE_QUEUE,False
scen_000093,inc_scen_000093_01,kafka_broker,consumer_12,kafka_broker,0,0.0,2026-09-01T00:05:00+00:00,2026-09-01T00:05:00+00:00,MESSAGE_QUEUE,False
scen_000093,inc_scen_000093_01,kafka_broker,consumer_13,kafka_broker,0,0.0,2026-09-01T00:05:00+00:00,2026-09-01T00:05:00+00:00,MESSAGE_QUEUE,False
scen_000093,inc_scen_000093_01,kafka_broker,consumer_14,kafka_broker,0,0.0,2026-09-01T00:05:00+00:00,2026-09-01T00:05:00+00:00,MESSAGE_QUEUE,False
scen_000093,inc_scen_000093_01,kafka_broker,consumer_15,kafka_broker,0,0.0,2026-09-01T00:05:00+00:00,2026-09-01T00:05:00+00:00,MESSAGE_QUEUE,False
scen_000093,inc_scen_000093_01,kafka_broker,consumer_16,kafka_broker,0,0.0,2026-09-01T00:05:00+00:00,2026-09-01T00:05:00+00:00,MESSAGE_QUEUE,False
scen_000093,inc_scen_000093_01,kafka_broker,consumer_17,kafka_broker,0,0.0,2026-09-01T00:05:00+00:00,2026-09-01T00:05:00+00:00,MESSAGE_QUEUE,False
scen_000093,inc_scen_000093_01,kafka_broker,consumer_18,kafka_broker,0,0.0,2026-09-01T00:05:00+00:00,2026-09-01T00:05:00+00:00,MESSAGE_QUEUE,False
scen_000093,inc_scen_000093_01,kafka_broker,consumer_19,kafka_broker,0,0.0,2026-09-01T00:05:00+00:00,2026-09-01T00:05:00+00:00,MESSAGE_QUEUE,False
scen_000093,inc_scen_000093_01,kafka_broker,consumer_20,kafka_broker,0,0.0,2026-09-01T00:05:00+00:00,2026-09-01T00:05:00+00:00,MESSAGE_QUEUE,False
scen_000093,inc_scen_000093_01,kafka_broker,consumer_21,kafka_broker,0,0.0,2026-09-01T00:05:00+00:00,2026-09-01T00:05:00+00:00,MESSAGE_QUEUE,False
scen_000093,inc_scen_000093_01,kafka_broker,consumer_22,kafka_broker,0,0.0,2026-09-01T00:05:00+00:00,2026-09-01T00:05:00+00:00,MESSAGE_QUEUE,False
scen_000093,inc_scen_000093_01,kafka_broker,consumer_23,kafka_broker,0,0.0,2026-09-01T00:05:00+00:00,2026-09-01T00:05:00+00:00,MESSAGE_QUEUE,False
scen_000093,inc_scen_000093_01,kafka_broker,consumer_24,kafka_broker,0,0.0,2026-09-01T00:05:00+00:00,2026-09-01T00:05:00+00:00,MESSAGE_QUEUE,False
scen_000093,inc_scen_000093_01,kafka_broker,consumer_25,kafka_broker,0,0.0,2026-09-01T00:05:00+00:00,2026-09-01T00:05:00+00:00,MESSAGE_QUEUE,False
scen_000093,inc_scen_000093_01,kafka_broker,consumer_26,kafka_broker,0,0.0,2026-09-01T00:05:00+00:00,2026-09-01T00:05:00+00:00,MESSAGE_QUEUE,False
scen_000093,inc_scen_000093_01,kafka_broker,consumer_27,kafka_broker,0,0.0,2026-09-01T00:05:00+00:00,2026-09-01T00:05:00+00:00,MESSAGE_QUEUE,False
scen_000093,inc_scen_000093_01,kafka_broker,consumer_28,kafka_broker,0,0.0,2026-09-01T00:05:00+00:00,2026-09-01T00:05:00+00:00,MESSAGE_QUEUE,False
scen_000093,inc_scen_000093_01,kafka_broker,consumer_29,kafka_broker,0,0.0,2026-09-01T00:05:00+00:00,2026-09-01T00:05:00+00:00,MESSAGE_QUEUE,False
scen_000093,inc_scen_000093_01,kafka_broker,consumer_30,kafka_broker,0,0.0,2026-09-01T00:05:00+00:00,2026-09-01T00:05:00+00:00,MESSAGE_QUEUE,False
scen_000093,inc_scen_000093_01,kafka_broker,consumer_31,kafka_broker,0,0.0,2026-09-01T00:05:00+00:00,2026-09-01T00:05:00+00:00,MESSAGE_QUEUE,False
scen_000093,inc_scen_000093_01,kafka_broker,consumer_32,kafka_broker,0,0.0,2026-09-01T00:05:00+00:00,2026-09-01T00:05:00+00:00,MESSAGE_QUEUE,False
scen_000093,inc_scen_000093_01,kafka_broker,consumer_33,kafka_broker,0,0.0,2026-09-01T00:05:00+00:00,2026-09-01T00:05:00+00:00,MESSAGE_QUEUE,False
scen_000093,inc_scen_000093_01,kafka_broker,consumer_34,kafka_broker,0,0.0,2026-09-01T00:05:00+00:00,2026-09-01T00:05:00+00:00,MESSAGE_QUEUE,False
scen_000093,inc_scen_000093_01,kafka_broker,consumer_35,kafka_broker,0,0.0,2026-09-01T00:05:00+00:00,2026-09-01T00:05:00+00:00,MESSAGE_QUEUE,False
scen_000093,inc_scen_000093_01,kafka_broker,consumer_36,kafka_broker,0,0.0,2026-09-01T00:05:00+00:00,2026-09-01T00:05:00+00:00,MESSAGE_QUEUE,False
scen_000093,inc_scen_000093_01,kafka_broker,consumer_37,kafka_broker,0,0.0,2026-09-01T00:05:00+00:00,2026-09-01T00:05:00+00:00,MESSAGE_QUEUE,False
scen_000093,inc_scen_000093_01,kafka_broker,consumer_38,kafka_broker,0,0.0,2026-09-01T00:05:00+00:00,2026-09-01T00:05:00+00:00,MESSAGE_QUEUE,False
scen_000093,inc_scen_000093_01,kafka_broker,consumer_39,kafka_broker,0,0.0,2026-09-01T00:05:00+00:00,2026-09-01T00:05:00+00:00,MESSAGE_QUEUE,False
scen_000093,inc_scen_000093_01,kafka_broker,consumer_40,kafka_broker,0,0.0,2026-09-01T00:05:00+00:00,2026-09-01T00:05:00+00:00,MESSAGE_QUEUE,False
scen_000093,inc_scen_000093_01,notif_01,db_event,notif_01,0,0.0,2026-09-01T00:05:00+00:00,2026-09-01T00:05:00+00:00,DATABASE,False
scen_000093,inc_scen_000093_01,consumer_1,db_event,consumer_1,0,0.0,2026-09-01T00:05:00+00:00,2026-09-01T00:05:00+00:00,DATABASE,False
scen_000093,inc_scen_000093_01,consumer_2,db_event,consumer_2,0,0.0,2026-09-01T00:05:00+00:00,2026-09-01T00:05:00+00:00,DATABASE,False
scen_000093,inc_scen_000093_01,consumer_3,db_event,consumer_3,0,0.0,2026-09-01T00:05:00+00:00,2026-09-01T00:05:00+00:00,DATABASE,False
scen_000093,inc_scen_000093_01,consumer_4,db_event,consumer_4,0,0.0,2026-09-01T00:05:00+00:00,2026-09-01T00:05:00+00:00,DATABASE,False
scen_000093,inc_scen_000093_01,consumer_5,db_event,consumer_5,0,0.0,2026-09-01T00:05:00+00:00,2026-09-01T00:05:00+00:00,DATABASE,False
scen_000093,inc_scen_000093_01,consumer_6,db_event,consumer_6,0,0.0,2026-09-01T00:05:00+00:00,2026-09-01T00:05:00+00:00,DATABASE,False
scen_000093,inc_scen_000093_01,consumer_7,db_event,consumer_7,0,0.0,2026-09-01T00:05:00+00:00,2026-09-01T00:05:00+00:00,DATABASE,False
scen_000093,inc_scen_000093_01,consumer_8,db_event,consumer_8,0,0.0,2026-09-01T00:05:00+00:00,2026-09-01T00:05:00+00:00,DATABASE,False
scen_000093,inc_scen_000093_01,consumer_9,db_event,consumer_9,0,0.0,2026-09-01T00:05:00+00:00,2026-09-01T00:05:00+00:00,DATABASE,False
scen_000093,inc_scen_000093_01,consumer_10,db_event,consumer_10,0,0.0,2026-09-01T00:05:00+00:00,2026-09-01T00:05:00+00:00,DATABASE,False
scen_000093,inc_scen_000093_01,consumer_11,db_event,consumer_11,0,0.0,2026-09-01T00:05:00+00:00,2026-09-01T00:05:00+00:00,DATABASE,False
scen_000093,inc_scen_000093_01,consumer_12,db_event,consumer_12,0,0.0,2026-09-01T00:05:00+00:00,2026-09-01T00:05:00+00:00,DATABASE,False
scen_000093,inc_scen_000093_01,consumer_14,db_event,consumer_14,0,0.0,2026-09-01T00:05:00+00:00,2026-09-01T00:05:00+00:00,DATABASE,False
scen_000093,inc_scen_000093_01,consumer_15,db_event,consumer_15,0,0.0,2026-09-01T00:05:00+00:00,2026-09-01T00:05:00+00:00,DATABASE,False
scen_000093,inc_scen_000093_01,consumer_16,db_event,consumer_16,0,0.0,2026-09-01T00:05:00+00:00,2026-09-01T00:05:00+00:00,DATABASE,False
scen_000093,inc_scen_000093_01,consumer_17,db_event,consumer_17,0,0.0,2026-09-01T00:05:00+00:00,2026-09-01T00:05:00+00:00,DATABASE,False
scen_000093,inc_scen_000093_01,consumer_18,db_event,consumer_18,0,0.0,2026-09-01T00:05:00+00:00,2026-09-01T00:05:00+00:00,DATABASE,False
scen_000093,inc_scen_000093_01,consumer_19,db_event,consumer_19,0,0.0,2026-09-01T00:05:00+00:00,2026-09-01T00:05:00+00:00,DATABASE,False
scen_000093,inc_scen_000093_01,consumer_20,db_event,consumer_20,0,0.0,2026-09-01T00:05:00+00:00,2026-09-01T00:05:00+00:00,DATABASE,False
scen_000093,inc_scen_000093_01,consumer_21,db_event,consumer_21,0,0.0,2026-09-01T00:05:00+00:00,2026-09-01T00:05:00+00:00,DATABASE,False
scen_000093,inc_scen_000093_01,consumer_22,db_event,consumer_22,0,0.0,2026-09-01T00:05:00+00:00,2026-09-01T00:05:00+00:00,DATABASE,False
scen_000093,inc_scen_000093_01,consumer_23,db_event,consumer_23,0,0.0,2026-09-01T00:05:00+00:00,2026-09-01T00:05:00+00:00,DATABASE,False
scen_000093,inc_scen_000093_01,consumer_24,db_event,consumer_24,0,0.0,2026-09-01T00:05:00+00:00,2026-09-01T00:05:00+00:00,DATABASE,False
scen_000093,inc_scen_000093_01,consumer_25,db_event,consumer_25,0,0.0,2026-09-01T00:05:00+00:00,2026-09-01T00:05:00+00:00,DATABASE,False
scen_000093,inc_scen_000093_01,consumer_26,db_event,consumer_26,0,0.0,2026-09-01T00:05:00+00:00,2026-09-01T00:05:00+00:00,DATABASE,False
scen_000093,inc_scen_000093_01,consumer_27,db_event,consumer_27,0,0.0,2026-09-01T00:05:00+00:00,2026-09-01T00:05:00+00:00,DATABASE,False
scen_000093,inc_scen_000093_01,consumer_28,db_event,consumer_28,0,0.0,2026-09-01T00:05:00+00:00,2026-09-01T00:05:00+00:00,DATABASE,False
scen_000093,inc_scen_000093_01,consumer_29,db_event,consumer_29,0,0.0,2026-09-01T00:05:00+00:00,2026-09-01T00:05:00+00:00,DATABASE,False
scen_000093,inc_scen_000093_01,consumer_30,db_event,consumer_30,0,0.0,2026-09-01T00:05:00+00:00,2026-09-01T00:05:00+00:00,DATABASE,False
scen_000093,inc_scen_000093_01,consumer_31,db_event,consumer_31,0,0.0,2026-09-01T00:05:00+00:00,2026-09-01T00:05:00+00:00,DATABASE,False
scen_000093,inc_scen_000093_01,consumer_32,db_event,consumer_32,0,0.0,2026-09-01T00:05:00+00:00,2026-09-01T00:05:00+00:00,DATABASE,False
scen_000093,inc_scen_000093_01,consumer_33,db_event,consumer_33,0,0.0,2026-09-01T00:05:00+00:00,2026-09-01T00:05:00+00:00,DATABASE,False
scen_000093,inc_scen_000093_01,consumer_34,db_event,consumer_34,0,0.0,2026-09-01T00:05:00+00:00,2026-09-01T00:05:00+00:00,DATABASE,False
scen_000093,inc_scen_000093_01,consumer_35,db_event,consumer_35,0,0.0,2026-09-01T00:05:00+00:00,2026-09-01T00:05:00+00:00,DATABASE,False
scen_000093,inc_scen_000093_01,consumer_36,db_event,consumer_36,0,0.0,2026-09-01T00:05:00+00:00,2026-09-01T00:05:00+00:00,DATABASE,False
scen_000093,inc_scen_000093_01,consumer_37,db_event,consumer_37,0,0.0,2026-09-01T00:05:00+00:00,2026-09-01T00:05:00+00:00,DATABASE,False
scen_000093,inc_scen_000093_01,consumer_38,db_event,consumer_38,0,0.0,2026-09-01T00:05:00+00:00,2026-09-01T00:05:00+00:00,DATABASE,False
scen_000093,inc_scen_000093_01,consumer_39,db_event,consumer_39,0,0.0,2026-09-01T00:05:00+00:00,2026-09-01T00:05:00+00:00,DATABASE,False
scen_000093,inc_scen_000093_01,consumer_40,db_event,consumer_40,0,0.0,2026-09-01T00:05:00+00:00,2026-09-01T00:05:00+00:00,DATABASE,False
scen_000095,inc_scen_000095_01,node_22,node_25,node_22,1,4.44,2026-09-01T00:05:00+00:00,2026-09-01T00:05:04.438106+00:00,STORAGE,True
scen_000095,inc_scen_000095_01,node_22,node_36,node_22,1,11.66,2026-09-01T00:05:00+00:00,2026-09-01T00:05:11.655286+00:00,TCP,True
scen_000095,inc_scen_000095_01,node_00,node_01,node_00,0,0.0,2026-09-01T00:05:00+00:00,2026-09-01T00:05:00+00:00,STORAGE,False
scen_000095,inc_scen_000095_01,node_00,node_02,node_00,0,0.0,2026-09-01T00:05:00+00:00,2026-09-01T00:05:00+00:00,TCP,False
scen_000095,inc_scen_000095_01,node_00,node_11,node_00,0,0.0,2026-09-01T00:05:00+00:00,2026-09-01T00:05:00+00:00,DNS,False
scen_000095,inc_scen_000095_01,node_01,node_03,node_01,0,0.0,2026-09-01T00:05:00+00:00,2026-09-01T00:05:00+00:00,CACHE,False
scen_000095,inc_scen_000095_01,node_01,node_30,node_01,0,0.0,2026-09-01T00:05:00+00:00,2026-09-01T00:05:00+00:00,DATABASE,False
scen_000095,inc_scen_000095_01,node_01,node_38,node_01,0,0.0,2026-09-01T00:05:00+00:00,2026-09-01T00:05:00+00:00,MESSAGE_QUEUE,False
scen_000095,inc_scen_000095_01,node_01,node_34,node_01,0,0.0,2026-09-01T00:05:00+00:00,2026-09-01T00:05:00+00:00,MESSAGE_QUEUE,False
scen_000095,inc_scen_000095_01,node_01,node_22,node_01,0,0.0,2026-09-01T00:05:00+00:00,2026-09-01T00:05:00+00:00,MESSAGE_QUEUE,False
scen_000095,inc_scen_000095_01,node_02,node_04,node_02,0,0.0,2026-09-01T00:05:00+00:00,2026-09-01T00:05:00+00:00,MESSAGE_QUEUE,False
scen_000095,inc_scen_000095_01,node_02,node_07,node_02,0,0.0,2026-09-01T00:05:00+00:00,2026-09-01T00:05:00+00:00,CACHE,False
scen_000095,inc_scen_000095_01,node_02,node_16,node_02,0,0.0,2026-09-01T00:05:00+00:00,2026-09-01T00:05:00+00:00,MESSAGE_QUEUE,False
scen_000095,inc_scen_000095_01,node_02,node_37,node_02,0,0.0,2026-09-01T00:05:00+00:00,2026-09-01T00:05:00+00:00,TCP,False
scen_000095,inc_scen_000095_01,node_02,node_14,node_02,0,0.0,2026-09-01T00:05:00+00:00,2026-09-01T00:05:00+00:00,STORAGE,False
scen_000095,inc_scen_000095_01,node_03,node_05,node_03,0,0.0,2026-09-01T00:05:00+00:00,2026-09-01T00:05:00+00:00,HTTP,False
scen_000095,inc_scen_000095_01,node_03,node_08,node_03,0,0.0,2026-09-01T00:05:00+00:00,2026-09-01T00:05:00+00:00,DNS,False
scen_000095,inc_scen_000095_01,node_03,node_27,node_03,0,0.0,2026-09-01T00:05:00+00:00,2026-09-01T00:05:00+00:00,HTTP,False
scen_000095,inc_scen_000095_01,node_03,node_28,node_03,0,0.0,2026-09-01T00:05:00+00:00,2026-09-01T00:05:00+00:00,CACHE,False
scen_000095,inc_scen_000095_01,node_04,node_06,node_04,0,0.0,2026-09-01T00:05:00+00:00,2026-09-01T00:05:00+00:00,DATABASE,False
scen_000095,inc_scen_000095_01,node_04,node_18,node_04,0,0.0,2026-09-01T00:05:00+00:00,2026-09-01T00:05:00+00:00,DNS,False
scen_000095,inc_scen_000095_01,node_05,node_12,node_05,0,0.0,2026-09-01T00:05:00+00:00,2026-09-01T00:05:00+00:00,STORAGE,False
scen_000095,inc_scen_000095_01,node_06,node_09,node_06,0,0.0,2026-09-01T00:05:00+00:00,2026-09-01T00:05:00+00:00,HTTP,False
scen_000095,inc_scen_000095_01,node_06,node_13,node_06,0,0.0,2026-09-01T00:05:00+00:00,2026-09-01T00:05:00+00:00,MESSAGE_QUEUE,False
scen_000095,inc_scen_000095_01,node_06,node_33,node_06,0,0.0,2026-09-01T00:05:00+00:00,2026-09-01T00:05:00+00:00,DNS,False
scen_000095,inc_scen_000095_01,node_06,node_34,node_06,0,0.0,2026-09-01T00:05:00+00:00,2026-09-01T00:05:00+00:00,TCP,False
scen_000095,inc_scen_000095_01,node_06,node_42,node_06,0,0.0,2026-09-01T00:05:00+00:00,2026-09-01T00:05:00+00:00,MESSAGE_QUEUE,False
scen_000095,inc_scen_000095_01,node_06,node_38,node_06,0,0.0,2026-09-01T00:05:00+00:00,2026-09-01T00:05:00+00:00,TCP,False
scen_000095,inc_scen_000095_01,node_06,node_36,node_06,0,0.0,2026-09-01T00:05:00+00:00,2026-09-01T00:05:00+00:00,TCP,False
scen_000095,inc_scen_000095_01,node_07,node_15,node_07,0,0.0,2026-09-01T00:05:00+00:00,2026-09-01T00:05:00+00:00,STORAGE,False
scen_000095,inc_scen_000095_01,node_07,node_24,node_07,0,0.0,2026-09-01T00:05:00+00:00,2026-09-01T00:05:00+00:00,DATABASE,False
scen_000095,inc_scen_000095_01,node_07,node_16,node_07,0,0.0,2026-09-01T00:05:00+00:00,2026-09-01T00:05:00+00:00,HTTP,False
scen_000095,inc_scen_000095_01,node_08,node_10,node_08,0,0.0,2026-09-01T00:05:00+00:00,2026-09-01T00:05:00+00:00,DNS,False
scen_000095,inc_scen_000095_01,node_08,node_14,node_08,0,0.0,2026-09-01T00:05:00+00:00,2026-09-01T00:05:00+00:00,CACHE,False
scen_000095,inc_scen_000095_01,node_08,node_42,node_08,0,0.0,2026-09-01T00:05:00+00:00,2026-09-01T00:05:00+00:00,CACHE,False
scen_000095,inc_scen_000095_01,node_08,node_00,node_08,0,0.0,2026-09-01T00:05:00+00:00,2026-09-01T00:05:00+00:00,CACHE,False
scen_000095,inc_scen_000095_01,node_09,node_19,node_09,0,0.0,2026-09-01T00:05:00+00:00,2026-09-01T00:05:00+00:00,MESSAGE_QUEUE,False
scen_000095,inc_scen_000095_01,node_10,node_04,node_10,0,0.0,2026-09-01T00:05:00+00:00,2026-09-01T00:05:00+00:00,DNS,False
scen_000095,inc_scen_000095_01,node_10,node_24,node_10,0,0.0,2026-09-01T00:05:00+00:00,2026-09-01T00:05:00+00:00,STORAGE,False
scen_000095,inc_scen_000095_01,node_11,node_19,node_11,0,0.0,2026-09-01T00:05:00+00:00,2026-09-01T00:05:00+00:00,DATABASE,False
scen_000095,inc_scen_000095_01,node_11,node_35,node_11,0,0.0,2026-09-01T00:05:00+00:00,2026-09-01T00:05:00+00:00,CACHE,False
scen_000095,inc_scen_000095_01,node_11,node_36,node_11,0,0.0,2026-09-01T00:05:00+00:00,2026-09-01T00:05:00+00:00,CACHE,False
scen_000095,inc_scen_000095_01,node_11,node_06,node_11,0,0.0,2026-09-01T00:05:00+00:00,2026-09-01T00:05:00+00:00,DATABASE,False
scen_000095,inc_scen_000095_01,node_12,node_17,node_12,0,0.0,2026-09-01T00:05:00+00:00,2026-09-01T00:05:00+00:00,MESSAGE_QUEUE,False
scen_000095,inc_scen_000095_01,node_12,node_20,node_12,0,0.0,2026-09-01T00:05:00+00:00,2026-09-01T00:05:00+00:00,TCP,False
scen_000095,inc_scen_000095_01,node_12,node_31,node_12,0,0.0,2026-09-01T00:05:00+00:00,2026-09-01T00:05:00+00:00,DATABASE,False
scen_000095,inc_scen_000095_01,node_12,node_27,node_12,0,0.0,2026-09-01T00:05:00+00:00,2026-09-01T00:05:00+00:00,STORAGE,False
scen_000095,inc_scen_000095_01,node_13,node_26,node_13,0,0.0,2026-09-01T00:05:00+00:00,2026-09-01T00:05:00+00:00,HTTP,False
scen_000095,inc_scen_000095_01,node_14,node_23,node_14,0,0.0,2026-09-01T00:05:00+00:00,2026-09-01T00:05:00+00:00,HTTP,False
scen_000095,inc_scen_000095_01,node_15,node_11,node_15,0,0.0,2026-09-01T00:05:00+00:00,2026-09-01T00:05:00+00:00,STORAGE,False
scen_000095,inc_scen_000095_01,node_17,node_21,node_17,0,0.0,2026-09-01T00:05:00+00:00,2026-09-01T00:05:00+00:00,DATABASE,False
scen_000095,inc_scen_000095_01,node_17,node_25,node_17,0,0.0,2026-09-01T00:05:00+00:00,2026-09-01T00:05:00+00:00,TCP,False
scen_000095,inc_scen_000095_01,node_18,node_21,node_18,0,0.0,2026-09-01T00:05:00+00:00,2026-09-01T00:05:00+00:00,MESSAGE_QUEUE,False
scen_000095,inc_scen_000095_01,node_18,node_30,node_18,0,0.0,2026-09-01T00:05:00+00:00,2026-09-01T00:05:00+00:00,TCP,False
scen_000095,inc_scen_000095_01,node_18,node_40,node_18,0,0.0,2026-09-01T00:05:00+00:00,2026-09-01T00:05:00+00:00,MESSAGE_QUEUE,False
scen_000095,inc_scen_000095_01,node_18,node_32,node_18,0,0.0,2026-09-01T00:05:00+00:00,2026-09-01T00:05:00+00:00,STORAGE,False
scen_000095,inc_scen_000095_01,node_19,node_13,node_19,0,0.0,2026-09-01T00:05:00+00:00,2026-09-01T00:05:00+00:00,TCP,False
scen_000095,inc_scen_000095_01,node_20,node_22,node_20,0,0.0,2026-09-01T00:05:00+00:00,2026-09-01T00:05:00+00:00,DATABASE,False
scen_000095,inc_scen_000095_01,node_20,node_18,node_20,0,0.0,2026-09-01T00:05:00+00:00,2026-09-01T00:05:00+00:00,STORAGE,False
scen_000095,inc_scen_000095_01,node_21,node_41,node_21,0,0.0,2026-09-01T00:05:00+00:00,2026-09-01T00:05:00+00:00,TCP,False
scen_000095,inc_scen_000095_01,node_21,node_03,node_21,0,0.0,2026-09-01T00:05:00+00:00,2026-09-01T00:05:00+00:00,DNS,False
scen_000095,inc_scen_000095_01,node_23,node_11,node_23,0,0.0,2026-09-01T00:05:00+00:00,2026-09-01T00:05:00+00:00,TCP,False
scen_000095,inc_scen_000095_01,node_24,node_42,node_24,0,0.0,2026-09-01T00:05:00+00:00,2026-09-01T00:05:00+00:00,HTTP,False
scen_000095,inc_scen_000095_01,node_26,node_37,node_26,0,0.0,2026-09-01T00:05:00+00:00,2026-09-01T00:05:00+00:00,DNS,False
scen_000095,inc_scen_000095_01,node_27,node_09,node_27,0,0.0,2026-09-01T00:05:00+00:00,2026-09-01T00:05:00+00:00,MESSAGE_QUEUE,False
scen_000095,inc_scen_000095_01,node_27,node_14,node_27,0,0.0,2026-09-01T00:05:00+00:00,2026-09-01T00:05:00+00:00,HTTP,False
scen_000095,inc_scen_000095_01,node_27,node_06,node_27,0,0.0,2026-09-01T00:05:00+00:00,2026-09-01T00:05:00+00:00,TCP,False
scen_000095,inc_scen_000095_01,node_28,node_29,node_28,0,0.0,2026-09-01T00:05:00+00:00,2026-09-01T00:05:00+00:00,HTTP,False
scen_000095,inc_scen_000095_01,node_28,node_05,node_28,0,0.0,2026-09-01T00:05:00+00:00,2026-09-01T00:05:00+00:00,DATABASE,False
scen_000095,inc_scen_000095_01,node_29,node_04,node_29,0,0.0,2026-09-01T00:05:00+00:00,2026-09-01T00:05:00+00:00,TCP,False
scen_000095,inc_scen_000095_01,node_30,node_06,node_30,0,0.0,2026-09-01T00:05:00+00:00,2026-09-01T00:05:00+00:00,MESSAGE_QUEUE,False
scen_000095,inc_scen_000095_01,node_31,node_32,node_31,0,0.0,2026-09-01T00:05:00+00:00,2026-09-01T00:05:00+00:00,TCP,False
scen_000095,inc_scen_000095_01,node_32,node_38,node_32,0,0.0,2026-09-01T00:05:00+00:00,2026-09-01T00:05:00+00:00,MESSAGE_QUEUE,False
scen_000095,inc_scen_000095_01,node_32,node_41,node_32,0,0.0,2026-09-01T00:05:00+00:00,2026-09-01T00:05:00+00:00,MESSAGE_QUEUE,False
scen_000095,inc_scen_000095_01,node_32,node_26,node_32,0,0.0,2026-09-01T00:05:00+00:00,2026-09-01T00:05:00+00:00,MESSAGE_QUEUE,False
scen_000095,inc_scen_000095_01,node_32,node_09,node_32,0,0.0,2026-09-01T00:05:00+00:00,2026-09-01T00:05:00+00:00,DATABASE,False
scen_000095,inc_scen_000095_01,node_34,node_39,node_34,0,0.0,2026-09-01T00:05:00+00:00,2026-09-01T00:05:00+00:00,HTTP,False
scen_000095,inc_scen_000095_01,node_34,node_03,node_34,0,0.0,2026-09-01T00:05:00+00:00,2026-09-01T00:05:00+00:00,TCP,False
scen_000095,inc_scen_000095_01,node_34,node_16,node_34,0,0.0,2026-09-01T00:05:00+00:00,2026-09-01T00:05:00+00:00,DATABASE,False
scen_000095,inc_scen_000095_01,node_37,node_22,node_37,0,0.0,2026-09-01T00:05:00+00:00,2026-09-01T00:05:00+00:00,MESSAGE_QUEUE,False
scen_000095,inc_scen_000095_01,node_38,node_23,node_38,0,0.0,2026-09-01T00:05:00+00:00,2026-09-01T00:05:00+00:00,DATABASE,False
scen_000095,inc_scen_000095_01,node_41,node_32,node_41,0,0.0,2026-09-01T00:05:00+00:00,2026-09-01T00:05:00+00:00,MESSAGE_QUEUE,False
scen_000095,inc_scen_000095_02,node_34,node_39,node_34,1,12.29,2026-09-01T00:09:52+00:00,2026-09-01T00:10:04.291798+00:00,HTTP,True
scen_000095,inc_scen_000095_02,node_34,node_03,node_34,1,20.56,2026-09-01T00:09:52+00:00,2026-09-01T00:10:12.564748+00:00,TCP,True
scen_000095,inc_scen_000095_02,node_34,node_16,node_34,1,10.0,2026-09-01T00:09:52+00:00,2026-09-01T00:10:02.004918+00:00,DATABASE,True
scen_000095,inc_scen_000095_02,node_03,node_05,node_03,2,10.52,2026-09-01T00:10:12.564748+00:00,2026-09-01T00:10:23.084398+00:00,HTTP,True
scen_000095,inc_scen_000095_02,node_03,node_08,node_03,2,7.31,2026-09-01T00:10:12.564748+00:00,2026-09-01T00:10:19.870290+00:00,DNS,True
scen_000095,inc_scen_000095_02,node_03,node_27,node_03,2,2.29,2026-09-01T00:10:12.564748+00:00,2026-09-01T00:10:14.851176+00:00,HTTP,True
scen_000095,inc_scen_000095_02,node_03,node_28,node_03,2,9.92,2026-09-01T00:10:12.564748+00:00,2026-09-01T00:10:22.485555+00:00,CACHE,True
scen_000095,inc_scen_000095_02,node_05,node_12,node_05,3,6.17,2026-09-01T00:10:23.084398+00:00,2026-09-01T00:10:29.256396+00:00,STORAGE,True
scen_000095,inc_scen_000095_02,node_08,node_10,node_08,3,22.57,2026-09-01T00:10:19.870290+00:00,2026-09-01T00:10:42.442353+00:00,DNS,True
scen_000095,inc_scen_000095_02,node_08,node_14,node_08,3,13.04,2026-09-01T00:10:19.870290+00:00,2026-09-01T00:10:32.912496+00:00,CACHE,True
scen_000095,inc_scen_000095_02,node_08,node_42,node_08,3,7.21,2026-09-01T00:10:19.870290+00:00,2026-09-01T00:10:27.080707+00:00,CACHE,True
scen_000095,inc_scen_000095_02,node_08,node_00,node_08,3,13.27,2026-09-01T00:10:19.870290+00:00,2026-09-01T00:10:33.139635+00:00,CACHE,True
scen_000095,inc_scen_000095_02,node_27,node_09,node_27,3,13.2,2026-09-01T00:10:14.851176+00:00,2026-09-01T00:10:28.049810+00:00,MESSAGE_QUEUE,True
scen_000095,inc_scen_000095_02,node_27,node_06,node_27,3,13.33,2026-09-01T00:10:14.851176+00:00,2026-09-01T00:10:28.178015+00:00,TCP,True
scen_000095,inc_scen_000095_02,node_28,node_29,node_28,3,11.52,2026-09-01T00:10:22.485555+00:00,2026-09-01T00:10:34.003588+00:00,HTTP,True
scen_000095,inc_scen_000095_02,node_12,node_17,node_12,4,14.61,2026-09-01T00:10:29.256396+00:00,2026-09-01T00:10:43.868278+00:00,MESSAGE_QUEUE,True
scen_000095,inc_scen_000095_02,node_12,node_20,node_12,4,7.31,2026-09-01T00:10:29.256396+00:00,2026-09-01T00:10:36.566699+00:00,TCP,True
scen_000095,inc_scen_000095_02,node_12,node_31,node_12,4,21.3,2026-09-01T00:10:29.256396+00:00,2026-09-01T00:10:50.552184+00:00,DATABASE,True
scen_000095,inc_scen_000095_02,node_10,node_04,node_10,4,6.35,2026-09-01T00:10:42.442353+00:00,2026-09-01T00:10:48.792404+00:00,DNS,True
scen_000095,inc_scen_000095_02,node_10,node_24,node_10,4,5.14,2026-09-01T00:10:42.442353+00:00,2026-09-01T00:10:47.585493+00:00,STORAGE,True
scen_000095,inc_scen_000095_02,node_14,node_23,node_14,4,28.71,2026-09-01T00:10:32.912496+00:00,2026-09-01T00:11:01.617583+00:00,HTTP,True
scen_000095,inc_scen_000095_02,node_00,node_01,node_00,4,6.08,2026-09-01T00:10:33.139635+00:00,2026-09-01T00:10:39.217583+00:00,STORAGE,True
scen_000095,inc_scen_000095_02,node_00,node_02,node_00,4,7.47,2026-09-01T00:10:33.139635+00:00,2026-09-01T00:10:40.604956+00:00,TCP,True
scen_000095,inc_scen_000095_02,node_00,node_11,node_00,4,22.73,2026-09-01T00:10:33.139635+00:00,2026-09-01T00:10:55.867397+00:00,DNS,True
scen_000095,inc_scen_000095_02,node_09,node_19,node_09,4,18.81,2026-09-01T00:10:28.049810+00:00,2026-09-01T00:10:46.861148+00:00,MESSAGE_QUEUE,True
scen_000095,inc_scen_000095_02,node_06,node_13,node_06,4,2.16,2026-09-01T00:10:28.178015+00:00,2026-09-01T00:10:30.341989+00:00,MESSAGE_QUEUE,True
scen_000095,inc_scen_000095_02,node_06,node_33,node_06,4,6.13,2026-09-01T00:10:28.178015+00:00,2026-09-01T00:10:34.309108+00:00,DNS,True
scen_000095,inc_scen_000095_02,node_06,node_38,node_06,4,16.66,2026-09-01T00:10:28.178015+00:00,2026-09-01T00:10:44.841231+00:00,TCP,True
scen_000095,inc_scen_000095_02,node_06,node_36,node_06,4,4.87,2026-09-01T00:10:28.178015+00:00,2026-09-01T00:10:33.044604+00:00,TCP,True
scen_000095,inc_scen_000095_02,node_17,node_21,node_17,5,14.44,2026-09-01T00:10:43.868278+00:00,2026-09-01T00:10:58.303504+00:00,DATABASE,True
scen_000095,inc_scen_000095_02,node_17,node_25,node_17,5,24.67,2026-09-01T00:10:43.868278+00:00,2026-09-01T00:11:08.541010+00:00,TCP,True
scen_000095,inc_scen_000095_02,node_20,node_22,node_20,5,7.1,2026-09-01T00:10:36.566699+00:00,2026-09-01T00:10:43.665404+00:00,DATABASE,True
scen_000095,inc_scen_000095_02,node_20,node_18,node_20,5,10.23,2026-09-01T00:10:36.566699+00:00,2026-09-01T00:10:46.794927+00:00,STORAGE,True
scen_000095,inc_scen_000095_02,node_31,node_32,node_31,5,9.31,2026-09-01T00:10:50.552184+00:00,2026-09-01T00:10:59.858341+00:00,TCP,True
scen_000095,inc_scen_000095_02,node_01,node_30,node_01,5,2.49,2026-09-01T00:10:39.217583+00:00,2026-09-01T00:10:41.702956+00:00,DATABASE,True
scen_000095,inc_scen_000095_02,node_02,node_07,node_02,5,11.7,2026-09-01T00:10:40.604956+00:00,2026-09-01T00:10:52.300438+00:00,CACHE,True
scen_000095,inc_scen_000095_02,node_02,node_37,node_02,5,11.86,2026-09-01T00:10:40.604956+00:00,2026-09-01T00:10:52.461555+00:00,TCP,True
scen_000095,inc_scen_000095_02,node_11,node_35,node_11,5,13.63,2026-09-01T00:10:55.867397+00:00,2026-09-01T00:11:09.496697+00:00,CACHE,True
scen_000095,inc_scen_000095_02,node_13,node_26,node_13,5,20.3,2026-09-01T00:10:30.341989+00:00,2026-09-01T00:10:50.643618+00:00,HTTP,True
scen_000095,inc_scen_000095_02,node_07,node_15,node_07,0,0.0,2026-09-01T00:09:52+00:00,2026-09-01T00:09:52+00:00,STORAGE,False
scen_000095,inc_scen_000095_02,node_15,node_11,node_15,0,0.0,2026-09-01T00:09:52+00:00,2026-09-01T00:09:52+00:00,STORAGE,False
scen_000095,inc_scen_000095_02,node_18,node_40,node_18,0,0.0,2026-09-01T00:09:52+00:00,2026-09-01T00:09:52+00:00,MESSAGE_QUEUE,False
scen_000095,inc_scen_000095_02,node_21,node_41,node_21,0,0.0,2026-09-01T00:09:52+00:00,2026-09-01T00:09:52+00:00,TCP,False
scen_000095,inc_scen_000095_02,node_32,node_41,node_32,0,0.0,2026-09-01T00:09:52+00:00,2026-09-01T00:09:52+00:00,MESSAGE_QUEUE,False
scen_000095,inc_scen_000095_02,node_41,node_32,node_41,0,0.0,2026-09-01T00:09:52+00:00,2026-09-01T00:09:52+00:00,MESSAGE_QUEUE,False
scen_000096,inc_scen_000096_01,consumer_15,db_event,consumer_15,1,8.23,2026-09-01T00:05:00+00:00,2026-09-01T00:05:08.234422+00:00,DATABASE,True
scen_000096,inc_scen_000096_01,ingest_01,kafka_broker,ingest_01,0,0.0,2026-09-01T00:05:00+00:00,2026-09-01T00:05:00+00:00,MESSAGE_QUEUE,False
scen_000096,inc_scen_000096_01,kafka_broker,notif_01,kafka_broker,0,0.0,2026-09-01T00:05:00+00:00,2026-09-01T00:05:00+00:00,MESSAGE_QUEUE,False
scen_000096,inc_scen_000096_01,kafka_broker,user_01,kafka_broker,0,0.0,2026-09-01T00:05:00+00:00,2026-09-01T00:05:00+00:00,MESSAGE_QUEUE,False
scen_000096,inc_scen_000096_01,kafka_broker,consumer_1,kafka_broker,0,0.0,2026-09-01T00:05:00+00:00,2026-09-01T00:05:00+00:00,MESSAGE_QUEUE,False
scen_000096,inc_scen_000096_01,kafka_broker,consumer_2,kafka_broker,0,0.0,2026-09-01T00:05:00+00:00,2026-09-01T00:05:00+00:00,MESSAGE_QUEUE,False
scen_000096,inc_scen_000096_01,kafka_broker,consumer_3,kafka_broker,0,0.0,2026-09-01T00:05:00+00:00,2026-09-01T00:05:00+00:00,MESSAGE_QUEUE,False
scen_000096,inc_scen_000096_01,kafka_broker,consumer_4,kafka_broker,0,0.0,2026-09-01T00:05:00+00:00,2026-09-01T00:05:00+00:00,MESSAGE_QUEUE,False
scen_000096,inc_scen_000096_01,kafka_broker,consumer_5,kafka_broker,0,0.0,2026-09-01T00:05:00+00:00,2026-09-01T00:05:00+00:00,MESSAGE_QUEUE,False
scen_000096,inc_scen_000096_01,kafka_broker,consumer_6,kafka_broker,0,0.0,2026-09-01T00:05:00+00:00,2026-09-01T00:05:00+00:00,MESSAGE_QUEUE,False
scen_000096,inc_scen_000096_01,kafka_broker,consumer_7,kafka_broker,0,0.0,2026-09-01T00:05:00+00:00,2026-09-01T00:05:00+00:00,MESSAGE_QUEUE,False
scen_000096,inc_scen_000096_01,kafka_broker,consumer_8,kafka_broker,0,0.0,2026-09-01T00:05:00+00:00,2026-09-01T00:05:00+00:00,MESSAGE_QUEUE,False
scen_000096,inc_scen_000096_01,kafka_broker,consumer_9,kafka_broker,0,0.0,2026-09-01T00:05:00+00:00,2026-09-01T00:05:00+00:00,MESSAGE_QUEUE,False
scen_000096,inc_scen_000096_01,kafka_broker,consumer_10,kafka_broker,0,0.0,2026-09-01T00:05:00+00:00,2026-09-01T00:05:00+00:00,MESSAGE_QUEUE,False
scen_000096,inc_scen_000096_01,kafka_broker,consumer_11,kafka_broker,0,0.0,2026-09-01T00:05:00+00:00,2026-09-01T00:05:00+00:00,MESSAGE_QUEUE,False
scen_000096,inc_scen_000096_01,kafka_broker,consumer_12,kafka_broker,0,0.0,2026-09-01T00:05:00+00:00,2026-09-01T00:05:00+00:00,MESSAGE_QUEUE,False
scen_000096,inc_scen_000096_01,kafka_broker,consumer_13,kafka_broker,0,0.0,2026-09-01T00:05:00+00:00,2026-09-01T00:05:00+00:00,MESSAGE_QUEUE,False
scen_000096,inc_scen_000096_01,kafka_broker,consumer_14,kafka_broker,0,0.0,2026-09-01T00:05:00+00:00,2026-09-01T00:05:00+00:00,MESSAGE_QUEUE,False
scen_000096,inc_scen_000096_01,kafka_broker,consumer_15,kafka_broker,0,0.0,2026-09-01T00:05:00+00:00,2026-09-01T00:05:00+00:00,MESSAGE_QUEUE,False
scen_000096,inc_scen_000096_01,kafka_broker,consumer_16,kafka_broker,0,0.0,2026-09-01T00:05:00+00:00,2026-09-01T00:05:00+00:00,MESSAGE_QUEUE,False
scen_000096,inc_scen_000096_01,kafka_broker,consumer_17,kafka_broker,0,0.0,2026-09-01T00:05:00+00:00,2026-09-01T00:05:00+00:00,MESSAGE_QUEUE,False
scen_000096,inc_scen_000096_01,kafka_broker,consumer_18,kafka_broker,0,0.0,2026-09-01T00:05:00+00:00,2026-09-01T00:05:00+00:00,MESSAGE_QUEUE,False
scen_000096,inc_scen_000096_01,kafka_broker,consumer_19,kafka_broker,0,0.0,2026-09-01T00:05:00+00:00,2026-09-01T00:05:00+00:00,MESSAGE_QUEUE,False
scen_000096,inc_scen_000096_01,kafka_broker,consumer_20,kafka_broker,0,0.0,2026-09-01T00:05:00+00:00,2026-09-01T00:05:00+00:00,MESSAGE_QUEUE,False
scen_000096,inc_scen_000096_01,kafka_broker,consumer_21,kafka_broker,0,0.0,2026-09-01T00:05:00+00:00,2026-09-01T00:05:00+00:00,MESSAGE_QUEUE,False
scen_000096,inc_scen_000096_01,kafka_broker,consumer_22,kafka_broker,0,0.0,2026-09-01T00:05:00+00:00,2026-09-01T00:05:00+00:00,MESSAGE_QUEUE,False
scen_000096,inc_scen_000096_01,kafka_broker,consumer_23,kafka_broker,0,0.0,2026-09-01T00:05:00+00:00,2026-09-01T00:05:00+00:00,MESSAGE_QUEUE,False
scen_000096,inc_scen_000096_01,kafka_broker,consumer_24,kafka_broker,0,0.0,2026-09-01T00:05:00+00:00,2026-09-01T00:05:00+00:00,MESSAGE_QUEUE,False
scen_000096,inc_scen_000096_01,kafka_broker,consumer_25,kafka_broker,0,0.0,2026-09-01T00:05:00+00:00,2026-09-01T00:05:00+00:00,MESSAGE_QUEUE,False
scen_000096,inc_scen_000096_01,kafka_broker,consumer_26,kafka_broker,0,0.0,2026-09-01T00:05:00+00:00,2026-09-01T00:05:00+00:00,MESSAGE_QUEUE,False
scen_000096,inc_scen_000096_01,notif_01,db_event,notif_01,0,0.0,2026-09-01T00:05:00+00:00,2026-09-01T00:05:00+00:00,DATABASE,False
scen_000096,inc_scen_000096_01,consumer_1,db_event,consumer_1,0,0.0,2026-09-01T00:05:00+00:00,2026-09-01T00:05:00+00:00,DATABASE,False
scen_000096,inc_scen_000096_01,consumer_2,db_event,consumer_2,0,0.0,2026-09-01T00:05:00+00:00,2026-09-01T00:05:00+00:00,DATABASE,False
scen_000096,inc_scen_000096_01,consumer_3,db_event,consumer_3,0,0.0,2026-09-01T00:05:00+00:00,2026-09-01T00:05:00+00:00,DATABASE,False
scen_000096,inc_scen_000096_01,consumer_4,db_event,consumer_4,0,0.0,2026-09-01T00:05:00+00:00,2026-09-01T00:05:00+00:00,DATABASE,False
scen_000096,inc_scen_000096_01,consumer_5,db_event,consumer_5,0,0.0,2026-09-01T00:05:00+00:00,2026-09-01T00:05:00+00:00,DATABASE,False
scen_000096,inc_scen_000096_01,consumer_6,db_event,consumer_6,0,0.0,2026-09-01T00:05:00+00:00,2026-09-01T00:05:00+00:00,DATABASE,False
scen_000096,inc_scen_000096_01,consumer_7,db_event,consumer_7,0,0.0,2026-09-01T00:05:00+00:00,2026-09-01T00:05:00+00:00,DATABASE,False
scen_000096,inc_scen_000096_01,consumer_8,db_event,consumer_8,0,0.0,2026-09-01T00:05:00+00:00,2026-09-01T00:05:00+00:00,DATABASE,False
scen_000096,inc_scen_000096_01,consumer_9,db_event,consumer_9,0,0.0,2026-09-01T00:05:00+00:00,2026-09-01T00:05:00+00:00,DATABASE,False
scen_000096,inc_scen_000096_01,consumer_10,db_event,consumer_10,0,0.0,2026-09-01T00:05:00+00:00,2026-09-01T00:05:00+00:00,DATABASE,False
scen_000096,inc_scen_000096_01,consumer_11,db_event,consumer_11,0,0.0,2026-09-01T00:05:00+00:00,2026-09-01T00:05:00+00:00,DATABASE,False
scen_000096,inc_scen_000096_01,consumer_12,db_event,consumer_12,0,0.0,2026-09-01T00:05:00+00:00,2026-09-01T00:05:00+00:00,DATABASE,False
scen_000096,inc_scen_000096_01,consumer_13,db_event,consumer_13,0,0.0,2026-09-01T00:05:00+00:00,2026-09-01T00:05:00+00:00,DATABASE,False
scen_000096,inc_scen_000096_01,consumer_14,db_event,consumer_14,0,0.0,2026-09-01T00:05:00+00:00,2026-09-01T00:05:00+00:00,DATABASE,False
scen_000096,inc_scen_000096_01,consumer_16,db_event,consumer_16,0,0.0,2026-09-01T00:05:00+00:00,2026-09-01T00:05:00+00:00,DATABASE,False
scen_000096,inc_scen_000096_01,consumer_17,db_event,consumer_17,0,0.0,2026-09-01T00:05:00+00:00,2026-09-01T00:05:00+00:00,DATABASE,False
scen_000096,inc_scen_000096_01,consumer_18,db_event,consumer_18,0,0.0,2026-09-01T00:05:00+00:00,2026-09-01T00:05:00+00:00,DATABASE,False
scen_000096,inc_scen_000096_01,consumer_19,db_event,consumer_19,0,0.0,2026-09-01T00:05:00+00:00,2026-09-01T00:05:00+00:00,DATABASE,False
scen_000096,inc_scen_000096_01,consumer_20,db_event,consumer_20,0,0.0,2026-09-01T00:05:00+00:00,2026-09-01T00:05:00+00:00,DATABASE,False
scen_000096,inc_scen_000096_01,consumer_21,db_event,consumer_21,0,0.0,2026-09-01T00:05:00+00:00,2026-09-01T00:05:00+00:00,DATABASE,False
scen_000096,inc_scen_000096_01,consumer_22,db_event,consumer_22,0,0.0,2026-09-01T00:05:00+00:00,2026-09-01T00:05:00+00:00,DATABASE,False
scen_000096,inc_scen_000096_01,consumer_23,db_event,consumer_23,0,0.0,2026-09-01T00:05:00+00:00,2026-09-01T00:05:00+00:00,DATABASE,False
scen_000096,inc_scen_000096_01,consumer_24,db_event,consumer_24,0,0.0,2026-09-01T00:05:00+00:00,2026-09-01T00:05:00+00:00,DATABASE,False
scen_000096,inc_scen_000096_01,consumer_25,db_event,consumer_25,0,0.0,2026-09-01T00:05:00+00:00,2026-09-01T00:05:00+00:00,DATABASE,False
scen_000096,inc_scen_000096_01,consumer_26,db_event,consumer_26,0,0.0,2026-09-01T00:05:00+00:00,2026-09-01T00:05:00+00:00,DATABASE,False
scen_000097,inc_scen_000097_01,node_19,node_29,node_19,1,1.56,2026-09-01T00:05:00+00:00,2026-09-01T00:05:01.559500+00:00,STORAGE,True
scen_000097,inc_scen_000097_01,node_19,node_34,node_19,1,3.2,2026-09-01T00:05:00+00:00,2026-09-01T00:05:03.195236+00:00,STORAGE,True
scen_000097,inc_scen_000097_01,node_34,node_11,node_34,2,12.17,2026-09-01T00:05:03.195236+00:00,2026-09-01T00:05:15.363825+00:00,CACHE,True
scen_000097,inc_scen_000097_01,node_11,node_31,node_11,3,22.05,2026-09-01T00:05:15.363825+00:00,2026-09-01T00:05:37.417200+00:00,STORAGE,True
scen_000097,inc_scen_000097_01,node_11,node_10,node_11,3,13.21,2026-09-01T00:05:15.363825+00:00,2026-09-01T00:05:28.577755+00:00,TCP,True
scen_000097,inc_scen_000097_01,node_10,node_26,node_10,4,16.82,2026-09-01T00:05:28.577755+00:00,2026-09-01T00:05:45.399827+00:00,CACHE,True
scen_000097,inc_scen_000097_01,node_10,node_33,node_10,4,19.55,2026-09-01T00:05:28.577755+00:00,2026-09-01T00:05:48.130019+00:00,DATABASE,True
scen_000097,inc_scen_000097_01,node_10,node_23,node_10,4,6.58,2026-09-01T00:05:28.577755+00:00,2026-09-01T00:05:35.159588+00:00,MESSAGE_QUEUE,True
scen_000097,inc_scen_000097_01,node_10,node_25,node_10,4,12.05,2026-09-01T00:05:28.577755+00:00,2026-09-01T00:05:40.623299+00:00,DATABASE,True
scen_000097,inc_scen_000097_01,node_26,node_20,node_26,5,10.36,2026-09-01T00:05:45.399827+00:00,2026-09-01T00:05:55.755446+00:00,DNS,True
scen_000097,inc_scen_000097_01,node_26,node_13,node_26,5,21.39,2026-09-01T00:05:45.399827+00:00,2026-09-01T00:06:06.786641+00:00,DNS,True
scen_000097,inc_scen_000097_01,node_25,node_30,node_25,5,15.33,2026-09-01T00:05:40.623299+00:00,2026-09-01T00:05:55.953840+00:00,TCP,True
scen_000097,inc_scen_000097_01,node_25,node_32,node_25,5,7.38,2026-09-01T00:05:40.623299+00:00,2026-09-01T00:05:48.006959+00:00,MESSAGE_QUEUE,True
scen_000097,inc_scen_000097_01,node_00,node_01,node_00,0,0.0,2026-09-01T00:05:00+00:00,2026-09-01T00:05:00+00:00,CACHE,False
scen_000097,inc_scen_000097_01,node_00,node_02,node_00,0,0.0,2026-09-01T00:05:00+00:00,2026-09-01T00:05:00+00:00,DNS,False
scen_000097,inc_scen_000097_01,node_00,node_23,node_00,0,0.0,2026-09-01T00:05:00+00:00,2026-09-01T00:05:00+00:00,DNS,False
scen_000097,inc_scen_000097_01,node_00,node_15,node_00,0,0.0,2026-09-01T00:05:00+00:00,2026-09-01T00:05:00+00:00,HTTP,False
scen_000097,inc_scen_000097_01,node_01,node_04,node_01,0,0.0,2026-09-01T00:05:00+00:00,2026-09-01T00:05:00+00:00,TCP,False
scen_000097,inc_scen_000097_01,node_01,node_07,node_01,0,0.0,2026-09-01T00:05:00+00:00,2026-09-01T00:05:00+00:00,TCP,False
scen_000097,inc_scen_000097_01,node_01,node_18,node_01,0,0.0,2026-09-01T00:05:00+00:00,2026-09-01T00:05:00+00:00,MESSAGE_QUEUE,False
scen_000097,inc_scen_000097_01,node_01,node_24,node_01,0,0.0,2026-09-01T00:05:00+00:00,2026-09-01T00:05:00+00:00,HTTP,False
scen_000097,inc_scen_000097_01,node_01,node_00,node_01,0,0.0,2026-09-01T00:05:00+00:00,2026-09-01T00:05:00+00:00,DNS,False
scen_000097,inc_scen_000097_01,node_02,node_03,node_02,0,0.0,2026-09-01T00:05:00+00:00,2026-09-01T00:05:00+00:00,TCP,False
scen_000097,inc_scen_000097_01,node_02,node_14,node_02,0,0.0,2026-09-01T00:05:00+00:00,2026-09-01T00:05:00+00:00,STORAGE,False
scen_000097,inc_scen_000097_01,node_02,node_31,node_02,0,0.0,2026-09-01T00:05:00+00:00,2026-09-01T00:05:00+00:00,DNS,False
scen_000097,inc_scen_000097_01,node_03,node_05,node_03,0,0.0,2026-09-01T00:05:00+00:00,2026-09-01T00:05:00+00:00,DATABASE,False
scen_000097,inc_scen_000097_01,node_03,node_06,node_03,0,0.0,2026-09-01T00:05:00+00:00,2026-09-01T00:05:00+00:00,DATABASE,False
scen_000097,inc_scen_000097_01,node_03,node_04,node_03,0,0.0,2026-09-01T00:05:00+00:00,2026-09-01T00:05:00+00:00,CACHE,False
scen_000097,inc_scen_000097_01,node_04,node_10,node_04,0,0.0,2026-09-01T00:05:00+00:00,2026-09-01T00:05:00+00:00,MESSAGE_QUEUE,False
scen_000097,inc_scen_000097_01,node_04,node_11,node_04,0,0.0,2026-09-01T00:05:00+00:00,2026-09-01T00:05:00+00:00,DNS,False
scen_000097,inc_scen_000097_01,node_04,node_20,node_04,0,0.0,2026-09-01T00:05:00+00:00,2026-09-01T00:05:00+00:00,DATABASE,False
scen_000097,inc_scen_000097_01,node_04,node_22,node_04,0,0.0,2026-09-01T00:05:00+00:00,2026-09-01T00:05:00+00:00,MESSAGE_QUEUE,False
scen_000097,inc_scen_000097_01,node_05,node_09,node_05,0,0.0,2026-09-01T00:05:00+00:00,2026-09-01T00:05:00+00:00,TCP,False
scen_000097,inc_scen_000097_01,node_05,node_12,node_05,0,0.0,2026-09-01T00:05:00+00:00,2026-09-01T00:05:00+00:00,MESSAGE_QUEUE,False
scen_000097,inc_scen_000097_01,node_05,node_19,node_05,0,0.0,2026-09-01T00:05:00+00:00,2026-09-01T00:05:00+00:00,TCP,False
scen_000097,inc_scen_000097_01,node_06,node_08,node_06,0,0.0,2026-09-01T00:05:00+00:00,2026-09-01T00:05:00+00:00,STORAGE,False
scen_000097,inc_scen_000097_01,node_06,node_12,node_06,0,0.0,2026-09-01T00:05:00+00:00,2026-09-01T00:05:00+00:00,HTTP,False
scen_000097,inc_scen_000097_01,node_07,node_21,node_07,0,0.0,2026-09-01T00:05:00+00:00,2026-09-01T00:05:00+00:00,TCP,False
scen_000097,inc_scen_000097_01,node_07,node_12,node_07,0,0.0,2026-09-01T00:05:00+00:00,2026-09-01T00:05:00+00:00,CACHE,False
scen_000097,inc_scen_000097_01,node_08,node_16,node_08,0,0.0,2026-09-01T00:05:00+00:00,2026-09-01T00:05:00+00:00,HTTP,False
scen_000097,inc_scen_000097_01,node_09,node_02,node_09,0,0.0,2026-09-01T00:05:00+00:00,2026-09-01T00:05:00+00:00,DATABASE,False
scen_000097,inc_scen_000097_01,node_12,node_13,node_12,0,0.0,2026-09-01T00:05:00+00:00,2026-09-01T00:05:00+00:00,DATABASE,False
scen_000097,inc_scen_000097_01,node_12,node_15,node_12,0,0.0,2026-09-01T00:05:00+00:00,2026-09-01T00:05:00+00:00,DATABASE,False
scen_000097,inc_scen_000097_01,node_12,node_22,node_12,0,0.0,2026-09-01T00:05:00+00:00,2026-09-01T00:05:00+00:00,HTTP,False
scen_000097,inc_scen_000097_01,node_12,node_34,node_12,0,0.0,2026-09-01T00:05:00+00:00,2026-09-01T00:05:00+00:00,DNS,False
scen_000097,inc_scen_000097_01,node_15,node_17,node_15,0,0.0,2026-09-01T00:05:00+00:00,2026-09-01T00:05:00+00:00,TCP,False
scen_000097,inc_scen_000097_01,node_15,node_07,node_15,0,0.0,2026-09-01T00:05:00+00:00,2026-09-01T00:05:00+00:00,MESSAGE_QUEUE,False
scen_000097,inc_scen_000097_01,node_15,node_23,node_15,0,0.0,2026-09-01T00:05:00+00:00,2026-09-01T00:05:00+00:00,MESSAGE_QUEUE,False
scen_000097,inc_scen_000097_01,node_16,node_28,node_16,0,0.0,2026-09-01T00:05:00+00:00,2026-09-01T00:05:00+00:00,CACHE,False
scen_000097,inc_scen_000097_01,node_16,node_20,node_16,0,0.0,2026-09-01T00:05:00+00:00,2026-09-01T00:05:00+00:00,TCP,False
scen_000097,inc_scen_000097_01,node_16,node_25,node_16,0,0.0,2026-09-01T00:05:00+00:00,2026-09-01T00:05:00+00:00,STORAGE,False
scen_000097,inc_scen_000097_01,node_17,node_27,node_17,0,0.0,2026-09-01T00:05:00+00:00,2026-09-01T00:05:00+00:00,DNS,False
scen_000097,inc_scen_000097_01,node_17,node_02,node_17,0,0.0,2026-09-01T00:05:00+00:00,2026-09-01T00:05:00+00:00,DNS,False
scen_000097,inc_scen_000097_01,node_18,node_28,node_18,0,0.0,2026-09-01T00:05:00+00:00,2026-09-01T00:05:00+00:00,STORAGE,False
scen_000097,inc_scen_000097_01,node_18,node_32,node_18,0,0.0,2026-09-01T00:05:00+00:00,2026-09-01T00:05:00+00:00,STORAGE,False
scen_000097,inc_scen_000097_01,node_20,node_27,node_20,0,0.0,2026-09-01T00:05:00+00:00,2026-09-01T00:05:00+00:00,TCP,False
scen_000097,inc_scen_000097_01,node_20,node_21,node_20,0,0.0,2026-09-01T00:05:00+00:00,2026-09-01T00:05:00+00:00,DNS,False
scen_000097,inc_scen_000097_01,node_21,node_35,node_21,0,0.0,2026-09-01T00:05:00+00:00,2026-09-01T00:05:00+00:00,HTTP,False
scen_000097,inc_scen_000097_01,node_21,node_30,node_21,0,0.0,2026-09-01T00:05:00+00:00,2026-09-01T00:05:00+00:00,STORAGE,False
scen_000097,inc_scen_000097_01,node_27,node_31,node_27,0,0.0,2026-09-01T00:05:00+00:00,2026-09-01T00:05:00+00:00,STORAGE,False
scen_000097,inc_scen_000097_01,node_28,node_12,node_28,0,0.0,2026-09-01T00:05:00+00:00,2026-09-01T00:05:00+00:00,HTTP,False
scen_000097,inc_scen_000097_01,node_32,node_01,node_32,0,0.0,2026-09-01T00:05:00+00:00,2026-09-01T00:05:00+00:00,MESSAGE_QUEUE,False
scen_000097,inc_scen_000097_01,node_35,node_18,node_35,0,0.0,2026-09-01T00:05:00+00:00,2026-09-01T00:05:00+00:00,TCP,False
scen_000097,inc_scen_000097_02,node_03,node_05,node_03,1,15.92,2026-09-01T00:09:16+00:00,2026-09-01T00:09:31.920172+00:00,DATABASE,True
scen_000097,inc_scen_000097_02,node_03,node_06,node_03,1,9.42,2026-09-01T00:09:16+00:00,2026-09-01T00:09:25.415268+00:00,DATABASE,True
scen_000097,inc_scen_000097_02,node_03,node_04,node_03,1,19.92,2026-09-01T00:09:16+00:00,2026-09-01T00:09:35.921231+00:00,CACHE,True
scen_000097,inc_scen_000097_02,node_05,node_09,node_05,2,12.5,2026-09-01T00:09:31.920172+00:00,2026-09-01T00:09:44.422965+00:00,TCP,True
scen_000097,inc_scen_000097_02,node_05,node_12,node_05,2,2.3,2026-09-01T00:09:31.920172+00:00,2026-09-01T00:09:34.221170+00:00,MESSAGE_QUEUE,True
scen_000097,inc_scen_000097_02,node_05,node_19,node_05,2,15.01,2026-09-01T00:09:31.920172+00:00,2026-09-01T00:09:46.932895+00:00,TCP,True
scen_000097,inc_scen_000097_02,node_06,node_08,node_06,2,4.3,2026-09-01T00:09:25.415268+00:00,2026-09-01T00:09:29.718633+00:00,STORAGE,True
scen_000097,inc_scen_000097_02,node_04,node_10,node_04,2,11.09,2026-09-01T00:09:35.921231+00:00,2026-09-01T00:09:47.013051+00:00,MESSAGE_QUEUE,True
scen_000097,inc_scen_000097_02,node_04,node_11,node_04,2,16.36,2026-09-01T00:09:35.921231+00:00,2026-09-01T00:09:52.282782+00:00,DNS,True
scen_000097,inc_scen_000097_02,node_04,node_20,node_04,2,14.0,2026-09-01T00:09:35.921231+00:00,2026-09-01T00:09:49.918304+00:00,DATABASE,True
scen_000097,inc_scen_000097_02,node_04,node_22,node_04,2,1.36,2026-09-01T00:09:35.921231+00:00,2026-09-01T00:09:37.283783+00:00,MESSAGE_QUEUE,True
scen_000097,inc_scen_000097_02,node_09,node_02,node_09,3,7.35,2026-09-01T00:09:44.422965+00:00,2026-09-01T00:09:51.769351+00:00,DATABASE,True
scen_000097,inc_scen_000097_02,node_12,node_13,node_12,3,2.1,2026-09-01T00:09:34.221170+00:00,2026-09-01T00:09:36.319791+00:00,DATABASE,True
scen_000097,inc_scen_000097_02,node_12,node_15,node_12,3,1.39,2026-09-01T00:09:34.221170+00:00,2026-09-01T00:09:35.607551+00:00,DATABASE,True
scen_000097,inc_scen_000097_02,node_12,node_34,node_12,3,4.03,2026-09-01T00:09:34.221170+00:00,2026-09-01T00:09:38.246707+00:00,DNS,True
scen_000097,inc_scen_000097_02,node_19,node_29,node_19,3,6.88,2026-09-01T00:09:46.932895+00:00,2026-09-01T00:09:53.813956+00:00,STORAGE,True
scen_000097,inc_scen_000097_02,node_08,node_16,node_08,3,13.05,2026-09-01T00:09:29.718633+00:00,2026-09-01T00:09:42.772653+00:00,HTTP,True
scen_000097,inc_scen_000097_02,node_10,node_26,node_10,3,17.58,2026-09-01T00:09:47.013051+00:00,2026-09-01T00:10:04.593396+00:00,CACHE,True
scen_000097,inc_scen_000097_02,node_10,node_33,node_10,3,7.53,2026-09-01T00:09:47.013051+00:00,2026-09-01T00:09:54.542361+00:00,DATABASE,True
scen_000097,inc_scen_000097_02,node_10,node_23,node_10,3,8.52,2026-09-01T00:09:47.013051+00:00,2026-09-01T00:09:55.530389+00:00,MESSAGE_QUEUE,True
scen_000097,inc_scen_000097_02,node_10,node_25,node_10,3,9.59,2026-09-01T00:09:47.013051+00:00,2026-09-01T00:09:56.599052+00:00,DATABASE,True
scen_000097,inc_scen_000097_02,node_11,node_31,node_11,3,12.34,2026-09-01T00:09:52.282782+00:00,2026-09-01T00:10:04.619935+00:00,STORAGE,True
scen_000097,inc_scen_000097_02,node_20,node_27,node_20,3,6.27,2026-09-01T00:09:49.918304+00:00,2026-09-01T00:09:56.187949+00:00,TCP,True
scen_000097,inc_scen_000097_02,node_20,node_21,node_20,3,19.65,2026-09-01T00:09:49.918304+00:00,2026-09-01T00:10:09.573154+00:00,DNS,True
scen_000097,inc_scen_000097_02,node_02,node_14,node_02,4,8.86,2026-09-01T00:09:51.769351+00:00,2026-09-01T00:10:00.630003+00:00,STORAGE,True
scen_000097,inc_scen_000097_02,node_15,node_17,node_15,4,6.13,2026-09-01T00:09:35.607551+00:00,2026-09-01T00:09:41.734026+00:00,TCP,True
scen_000097,inc_scen_000097_02,node_15,node_07,node_15,4,14.26,2026-09-01T00:09:35.607551+00:00,2026-09-01T00:09:49.872034+00:00,MESSAGE_QUEUE,True
scen_000097,inc_scen_000097_02,node_16,node_28,node_16,4,4.81,2026-09-01T00:09:42.772653+00:00,2026-09-01T00:09:47.581595+00:00,CACHE,True
scen_000097,inc_scen_000097_02,node_25,node_30,node_25,4,7.71,2026-09-01T00:09:56.599052+00:00,2026-09-01T00:10:04.312974+00:00,TCP,True
scen_000097,inc_scen_000097_02,node_25,node_32,node_25,4,15.16,2026-09-01T00:09:56.599052+00:00,2026-09-01T00:10:11.757440+00:00,MESSAGE_QUEUE,True
scen_000097,inc_scen_000097_02,node_21,node_35,node_21,4,11.15,2026-09-01T00:10:09.573154+00:00,2026-09-01T00:10:20.721408+00:00,HTTP,True
scen_000097,inc_scen_000097_02,node_32,node_01,node_32,5,5.47,2026-09-01T00:10:11.757440+00:00,2026-09-01T00:10:17.226142+00:00,MESSAGE_QUEUE,True
scen_000097,inc_scen_000097_02,node_35,node_18,node_35,5,5.26,2026-09-01T00:10:20.721408+00:00,2026-09-01T00:10:25.981679+00:00,TCP,True
scen_000097,inc_scen_000097_02,node_00,node_01,node_00,0,0.0,2026-09-01T00:09:16+00:00,2026-09-01T00:09:16+00:00,CACHE,False
scen_000097,inc_scen_000097_02,node_00,node_02,node_00,0,0.0,2026-09-01T00:09:16+00:00,2026-09-01T00:09:16+00:00,DNS,False
scen_000097,inc_scen_000097_02,node_00,node_23,node_00,0,0.0,2026-09-01T00:09:16+00:00,2026-09-01T00:09:16+00:00,DNS,False
scen_000097,inc_scen_000097_02,node_00,node_15,node_00,0,0.0,2026-09-01T00:09:16+00:00,2026-09-01T00:09:16+00:00,HTTP,False
scen_000097,inc_scen_000097_02,node_01,node_24,node_01,0,0.0,2026-09-01T00:09:16+00:00,2026-09-01T00:09:16+00:00,HTTP,False
scen_000097,inc_scen_000097_02,node_01,node_00,node_01,0,0.0,2026-09-01T00:09:16+00:00,2026-09-01T00:09:16+00:00,DNS,False
scen_000098,inc_scen_000098_01,sub_svc_16,db_01,sub_svc_16,1,15.83,2026-09-01T00:05:00+00:00,2026-09-01T00:05:15.833347+00:00,DATABASE,True
scen_000098,inc_scen_000098_01,gw_01,auth_01,gw_01,0,0.0,2026-09-01T00:05:00+00:00,2026-09-01T00:05:00+00:00,HTTP,False
scen_000098,inc_scen_000098_01,gw_01,web_01,gw_01,0,0.0,2026-09-01T00:05:00+00:00,2026-09-01T00:05:00+00:00,HTTP,False
scen_000098,inc_scen_000098_01,lb_01,gw_01,lb_01,0,0.0,2026-09-01T00:05:00+00:00,2026-09-01T00:05:00+00:00,HTTP,False
scen_000098,inc_scen_000098_01,auth_01,db_01,auth_01,0,0.0,2026-09-01T00:05:00+00:00,2026-09-01T00:05:00+00:00,DATABASE,False
scen_000098,inc_scen_000098_01,web_01,db_01,web_01,0,0.0,2026-09-01T00:05:00+00:00,2026-09-01T00:05:00+00:00,DATABASE,False
scen_000098,inc_scen_000098_01,web_01,sub_svc_2,web_01,0,0.0,2026-09-01T00:05:00+00:00,2026-09-01T00:05:00+00:00,HTTP,False
scen_000098,inc_scen_000098_01,web_01,sub_svc_3,web_01,0,0.0,2026-09-01T00:05:00+00:00,2026-09-01T00:05:00+00:00,HTTP,False
scen_000098,inc_scen_000098_01,web_01,sub_svc_4,web_01,0,0.0,2026-09-01T00:05:00+00:00,2026-09-01T00:05:00+00:00,HTTP,False
scen_000098,inc_scen_000098_01,web_01,sub_svc_5,web_01,0,0.0,2026-09-01T00:05:00+00:00,2026-09-01T00:05:00+00:00,HTTP,False
scen_000098,inc_scen_000098_01,web_01,sub_svc_6,web_01,0,0.0,2026-09-01T00:05:00+00:00,2026-09-01T00:05:00+00:00,HTTP,False
scen_000098,inc_scen_000098_01,web_01,sub_svc_7,web_01,0,0.0,2026-09-01T00:05:00+00:00,2026-09-01T00:05:00+00:00,HTTP,False
scen_000098,inc_scen_000098_01,web_01,sub_svc_8,web_01,0,0.0,2026-09-01T00:05:00+00:00,2026-09-01T00:05:00+00:00,HTTP,False
scen_000098,inc_scen_000098_01,web_01,sub_svc_9,web_01,0,0.0,2026-09-01T00:05:00+00:00,2026-09-01T00:05:00+00:00,HTTP,False
scen_000098,inc_scen_000098_01,web_01,sub_svc_10,web_01,0,0.0,2026-09-01T00:05:00+00:00,2026-09-01T00:05:00+00:00,HTTP,False
scen_000098,inc_scen_000098_01,web_01,sub_svc_11,web_01,0,0.0,2026-09-01T00:05:00+00:00,2026-09-01T00:05:00+00:00,HTTP,False
scen_000098,inc_scen_000098_01,web_01,sub_svc_12,web_01,0,0.0,2026-09-01T00:05:00+00:00,2026-09-01T00:05:00+00:00,HTTP,False
scen_000098,inc_scen_000098_01,web_01,sub_svc_13,web_01,0,0.0,2026-09-01T00:05:00+00:00,2026-09-01T00:05:00+00:00,HTTP,False
scen_000098,inc_scen_000098_01,web_01,sub_svc_14,web_01,0,0.0,2026-09-01T00:05:00+00:00,2026-09-01T00:05:00+00:00,HTTP,False
scen_000098,inc_scen_000098_01,web_01,sub_svc_15,web_01,0,0.0,2026-09-01T00:05:00+00:00,2026-09-01T00:05:00+00:00,HTTP,False
scen_000098,inc_scen_000098_01,web_01,sub_svc_16,web_01,0,0.0,2026-09-01T00:05:00+00:00,2026-09-01T00:05:00+00:00,HTTP,False
scen_000098,inc_scen_000098_01,web_01,sub_svc_17,web_01,0,0.0,2026-09-01T00:05:00+00:00,2026-09-01T00:05:00+00:00,HTTP,False
scen_000098,inc_scen_000098_01,web_01,sub_svc_18,web_01,0,0.0,2026-09-01T00:05:00+00:00,2026-09-01T00:05:00+00:00,HTTP,False
scen_000098,inc_scen_000098_01,web_01,sub_svc_19,web_01,0,0.0,2026-09-01T00:05:00+00:00,2026-09-01T00:05:00+00:00,HTTP,False
scen_000098,inc_scen_000098_01,web_01,sub_svc_20,web_01,0,0.0,2026-09-01T00:05:00+00:00,2026-09-01T00:05:00+00:00,HTTP,False
scen_000098,inc_scen_000098_01,web_01,sub_svc_21,web_01,0,0.0,2026-09-01T00:05:00+00:00,2026-09-01T00:05:00+00:00,HTTP,False
scen_000098,inc_scen_000098_01,web_01,sub_svc_22,web_01,0,0.0,2026-09-01T00:05:00+00:00,2026-09-01T00:05:00+00:00,HTTP,False
scen_000098,inc_scen_000098_01,web_01,sub_svc_23,web_01,0,0.0,2026-09-01T00:05:00+00:00,2026-09-01T00:05:00+00:00,HTTP,False
scen_000098,inc_scen_000098_01,web_01,sub_svc_24,web_01,0,0.0,2026-09-01T00:05:00+00:00,2026-09-01T00:05:00+00:00,HTTP,False
scen_000098,inc_scen_000098_01,web_01,sub_svc_25,web_01,0,0.0,2026-09-01T00:05:00+00:00,2026-09-01T00:05:00+00:00,HTTP,False
scen_000098,inc_scen_000098_01,web_01,sub_svc_26,web_01,0,0.0,2026-09-01T00:05:00+00:00,2026-09-01T00:05:00+00:00,HTTP,False
scen_000098,inc_scen_000098_01,web_01,sub_svc_27,web_01,0,0.0,2026-09-01T00:05:00+00:00,2026-09-01T00:05:00+00:00,HTTP,False
scen_000098,inc_scen_000098_01,web_01,sub_svc_28,web_01,0,0.0,2026-09-01T00:05:00+00:00,2026-09-01T00:05:00+00:00,HTTP,False
scen_000098,inc_scen_000098_01,web_01,sub_svc_29,web_01,0,0.0,2026-09-01T00:05:00+00:00,2026-09-01T00:05:00+00:00,HTTP,False
scen_000098,inc_scen_000098_01,web_01,sub_svc_30,web_01,0,0.0,2026-09-01T00:05:00+00:00,2026-09-01T00:05:00+00:00,HTTP,False
scen_000098,inc_scen_000098_01,web_01,sub_svc_31,web_01,0,0.0,2026-09-01T00:05:00+00:00,2026-09-01T00:05:00+00:00,HTTP,False
scen_000098,inc_scen_000098_01,web_01,sub_svc_32,web_01,0,0.0,2026-09-01T00:05:00+00:00,2026-09-01T00:05:00+00:00,HTTP,False
scen_000098,inc_scen_000098_01,web_01,sub_svc_33,web_01,0,0.0,2026-09-01T00:05:00+00:00,2026-09-01T00:05:00+00:00,HTTP,False
scen_000098,inc_scen_000098_01,web_01,sub_svc_34,web_01,0,0.0,2026-09-01T00:05:00+00:00,2026-09-01T00:05:00+00:00,HTTP,False
scen_000098,inc_scen_000098_01,web_01,sub_svc_35,web_01,0,0.0,2026-09-01T00:05:00+00:00,2026-09-01T00:05:00+00:00,HTTP,False
scen_000098,inc_scen_000098_01,web_01,sub_svc_36,web_01,0,0.0,2026-09-01T00:05:00+00:00,2026-09-01T00:05:00+00:00,HTTP,False
scen_000098,inc_scen_000098_01,web_01,sub_svc_37,web_01,0,0.0,2026-09-01T00:05:00+00:00,2026-09-01T00:05:00+00:00,HTTP,False
scen_000098,inc_scen_000098_01,web_01,sub_svc_38,web_01,0,0.0,2026-09-01T00:05:00+00:00,2026-09-01T00:05:00+00:00,HTTP,False
scen_000098,inc_scen_000098_01,web_01,sub_svc_39,web_01,0,0.0,2026-09-01T00:05:00+00:00,2026-09-01T00:05:00+00:00,HTTP,False
scen_000098,inc_scen_000098_01,web_01,sub_svc_40,web_01,0,0.0,2026-09-01T00:05:00+00:00,2026-09-01T00:05:00+00:00,HTTP,False
scen_000098,inc_scen_000098_01,web_01,sub_svc_41,web_01,0,0.0,2026-09-01T00:05:00+00:00,2026-09-01T00:05:00+00:00,HTTP,False
scen_000098,inc_scen_000098_01,web_01,sub_svc_42,web_01,0,0.0,2026-09-01T00:05:00+00:00,2026-09-01T00:05:00+00:00,HTTP,False
scen_000098,inc_scen_000098_01,web_01,sub_svc_43,web_01,0,0.0,2026-09-01T00:05:00+00:00,2026-09-01T00:05:00+00:00,HTTP,False
scen_000098,inc_scen_000098_01,sub_svc_2,db_01,sub_svc_2,0,0.0,2026-09-01T00:05:00+00:00,2026-09-01T00:05:00+00:00,DATABASE,False
scen_000098,inc_scen_000098_01,sub_svc_3,db_01,sub_svc_3,0,0.0,2026-09-01T00:05:00+00:00,2026-09-01T00:05:00+00:00,DATABASE,False
scen_000098,inc_scen_000098_01,sub_svc_4,db_01,sub_svc_4,0,0.0,2026-09-01T00:05:00+00:00,2026-09-01T00:05:00+00:00,DATABASE,False
scen_000098,inc_scen_000098_01,sub_svc_5,db_01,sub_svc_5,0,0.0,2026-09-01T00:05:00+00:00,2026-09-01T00:05:00+00:00,DATABASE,False
scen_000098,inc_scen_000098_01,sub_svc_6,db_01,sub_svc_6,0,0.0,2026-09-01T00:05:00+00:00,2026-09-01T00:05:00+00:00,DATABASE,False
scen_000098,inc_scen_000098_01,sub_svc_7,db_01,sub_svc_7,0,0.0,2026-09-01T00:05:00+00:00,2026-09-01T00:05:00+00:00,DATABASE,False
scen_000098,inc_scen_000098_01,sub_svc_8,db_01,sub_svc_8,0,0.0,2026-09-01T00:05:00+00:00,2026-09-01T00:05:00+00:00,DATABASE,False
scen_000098,inc_scen_000098_01,sub_svc_9,db_01,sub_svc_9,0,0.0,2026-09-01T00:05:00+00:00,2026-09-01T00:05:00+00:00,DATABASE,False
scen_000098,inc_scen_000098_01,sub_svc_10,db_01,sub_svc_10,0,0.0,2026-09-01T00:05:00+00:00,2026-09-01T00:05:00+00:00,DATABASE,False
scen_000098,inc_scen_000098_01,sub_svc_11,db_01,sub_svc_11,0,0.0,2026-09-01T00:05:00+00:00,2026-09-01T00:05:00+00:00,DATABASE,False
scen_000098,inc_scen_000098_01,sub_svc_12,db_01,sub_svc_12,0,0.0,2026-09-01T00:05:00+00:00,2026-09-01T00:05:00+00:00,DATABASE,False
scen_000098,inc_scen_000098_01,sub_svc_13,db_01,sub_svc_13,0,0.0,2026-09-01T00:05:00+00:00,2026-09-01T00:05:00+00:00,DATABASE,False
scen_000098,inc_scen_000098_01,sub_svc_14,db_01,sub_svc_14,0,0.0,2026-09-01T00:05:00+00:00,2026-09-01T00:05:00+00:00,DATABASE,False
scen_000098,inc_scen_000098_01,sub_svc_15,db_01,sub_svc_15,0,0.0,2026-09-01T00:05:00+00:00,2026-09-01T00:05:00+00:00,DATABASE,False
scen_000098,inc_scen_000098_01,sub_svc_17,db_01,sub_svc_17,0,0.0,2026-09-01T00:05:00+00:00,2026-09-01T00:05:00+00:00,DATABASE,False
scen_000098,inc_scen_000098_01,sub_svc_18,db_01,sub_svc_18,0,0.0,2026-09-01T00:05:00+00:00,2026-09-01T00:05:00+00:00,DATABASE,False
scen_000098,inc_scen_000098_01,sub_svc_19,db_01,sub_svc_19,0,0.0,2026-09-01T00:05:00+00:00,2026-09-01T00:05:00+00:00,DATABASE,False
scen_000098,inc_scen_000098_01,sub_svc_20,db_01,sub_svc_20,0,0.0,2026-09-01T00:05:00+00:00,2026-09-01T00:05:00+00:00,DATABASE,False
scen_000098,inc_scen_000098_01,sub_svc_21,db_01,sub_svc_21,0,0.0,2026-09-01T00:05:00+00:00,2026-09-01T00:05:00+00:00,DATABASE,False
scen_000098,inc_scen_000098_01,sub_svc_22,db_01,sub_svc_22,0,0.0,2026-09-01T00:05:00+00:00,2026-09-01T00:05:00+00:00,DATABASE,False
scen_000098,inc_scen_000098_01,sub_svc_23,db_01,sub_svc_23,0,0.0,2026-09-01T00:05:00+00:00,2026-09-01T00:05:00+00:00,DATABASE,False
scen_000098,inc_scen_000098_01,sub_svc_24,db_01,sub_svc_24,0,0.0,2026-09-01T00:05:00+00:00,2026-09-01T00:05:00+00:00,DATABASE,False
scen_000098,inc_scen_000098_01,sub_svc_25,db_01,sub_svc_25,0,0.0,2026-09-01T00:05:00+00:00,2026-09-01T00:05:00+00:00,DATABASE,False
scen_000098,inc_scen_000098_01,sub_svc_26,db_01,sub_svc_26,0,0.0,2026-09-01T00:05:00+00:00,2026-09-01T00:05:00+00:00,DATABASE,False
scen_000098,inc_scen_000098_01,sub_svc_27,db_01,sub_svc_27,0,0.0,2026-09-01T00:05:00+00:00,2026-09-01T00:05:00+00:00,DATABASE,False
scen_000098,inc_scen_000098_01,sub_svc_28,db_01,sub_svc_28,0,0.0,2026-09-01T00:05:00+00:00,2026-09-01T00:05:00+00:00,DATABASE,False
scen_000098,inc_scen_000098_01,sub_svc_29,db_01,sub_svc_29,0,0.0,2026-09-01T00:05:00+00:00,2026-09-01T00:05:00+00:00,DATABASE,False
scen_000098,inc_scen_000098_01,sub_svc_30,db_01,sub_svc_30,0,0.0,2026-09-01T00:05:00+00:00,2026-09-01T00:05:00+00:00,DATABASE,False
scen_000098,inc_scen_000098_01,sub_svc_31,db_01,sub_svc_31,0,0.0,2026-09-01T00:05:00+00:00,2026-09-01T00:05:00+00:00,DATABASE,False
scen_000098,inc_scen_000098_01,sub_svc_32,db_01,sub_svc_32,0,0.0,2026-09-01T00:05:00+00:00,2026-09-01T00:05:00+00:00,DATABASE,False
scen_000098,inc_scen_000098_01,sub_svc_33,db_01,sub_svc_33,0,0.0,2026-09-01T00:05:00+00:00,2026-09-01T00:05:00+00:00,DATABASE,False
scen_000098,inc_scen_000098_01,sub_svc_34,db_01,sub_svc_34,0,0.0,2026-09-01T00:05:00+00:00,2026-09-01T00:05:00+00:00,DATABASE,False
scen_000098,inc_scen_000098_01,sub_svc_35,db_01,sub_svc_35,0,0.0,2026-09-01T00:05:00+00:00,2026-09-01T00:05:00+00:00,DATABASE,False
scen_000098,inc_scen_000098_01,sub_svc_36,db_01,sub_svc_36,0,0.0,2026-09-01T00:05:00+00:00,2026-09-01T00:05:00+00:00,DATABASE,False
scen_000098,inc_scen_000098_01,sub_svc_37,db_01,sub_svc_37,0,0.0,2026-09-01T00:05:00+00:00,2026-09-01T00:05:00+00:00,DATABASE,False
scen_000098,inc_scen_000098_01,sub_svc_38,db_01,sub_svc_38,0,0.0,2026-09-01T00:05:00+00:00,2026-09-01T00:05:00+00:00,DATABASE,False
scen_000098,inc_scen_000098_01,sub_svc_39,db_01,sub_svc_39,0,0.0,2026-09-01T00:05:00+00:00,2026-09-01T00:05:00+00:00,DATABASE,False
scen_000098,inc_scen_000098_01,sub_svc_40,db_01,sub_svc_40,0,0.0,2026-09-01T00:05:00+00:00,2026-09-01T00:05:00+00:00,DATABASE,False
scen_000098,inc_scen_000098_01,sub_svc_41,db_01,sub_svc_41,0,0.0,2026-09-01T00:05:00+00:00,2026-09-01T00:05:00+00:00,DATABASE,False
scen_000098,inc_scen_000098_01,sub_svc_42,db_01,sub_svc_42,0,0.0,2026-09-01T00:05:00+00:00,2026-09-01T00:05:00+00:00,DATABASE,False
scen_000098,inc_scen_000098_01,sub_svc_43,db_01,sub_svc_43,0,0.0,2026-09-01T00:05:00+00:00,2026-09-01T00:05:00+00:00,DATABASE,False
scen_000099,inc_scen_000099_01,sub_svc_8,db_01,sub_svc_8,1,6.4,2026-09-01T00:05:00+00:00,2026-09-01T00:05:06.402764+00:00,DATABASE,True
scen_000099,inc_scen_000099_01,gw_01,auth_01,gw_01,0,0.0,2026-09-01T00:05:00+00:00,2026-09-01T00:05:00+00:00,HTTP,False
scen_000099,inc_scen_000099_01,gw_01,web_01,gw_01,0,0.0,2026-09-01T00:05:00+00:00,2026-09-01T00:05:00+00:00,HTTP,False
scen_000099,inc_scen_000099_01,lb_01,gw_01,lb_01,0,0.0,2026-09-01T00:05:00+00:00,2026-09-01T00:05:00+00:00,HTTP,False
scen_000099,inc_scen_000099_01,auth_01,db_01,auth_01,0,0.0,2026-09-01T00:05:00+00:00,2026-09-01T00:05:00+00:00,DATABASE,False
scen_000099,inc_scen_000099_01,web_01,db_01,web_01,0,0.0,2026-09-01T00:05:00+00:00,2026-09-01T00:05:00+00:00,DATABASE,False
scen_000099,inc_scen_000099_01,web_01,sub_svc_2,web_01,0,0.0,2026-09-01T00:05:00+00:00,2026-09-01T00:05:00+00:00,HTTP,False
scen_000099,inc_scen_000099_01,web_01,sub_svc_3,web_01,0,0.0,2026-09-01T00:05:00+00:00,2026-09-01T00:05:00+00:00,HTTP,False
scen_000099,inc_scen_000099_01,web_01,sub_svc_4,web_01,0,0.0,2026-09-01T00:05:00+00:00,2026-09-01T00:05:00+00:00,HTTP,False
scen_000099,inc_scen_000099_01,web_01,sub_svc_5,web_01,0,0.0,2026-09-01T00:05:00+00:00,2026-09-01T00:05:00+00:00,HTTP,False
scen_000099,inc_scen_000099_01,web_01,sub_svc_6,web_01,0,0.0,2026-09-01T00:05:00+00:00,2026-09-01T00:05:00+00:00,HTTP,False
scen_000099,inc_scen_000099_01,web_01,sub_svc_7,web_01,0,0.0,2026-09-01T00:05:00+00:00,2026-09-01T00:05:00+00:00,HTTP,False
scen_000099,inc_scen_000099_01,web_01,sub_svc_8,web_01,0,0.0,2026-09-01T00:05:00+00:00,2026-09-01T00:05:00+00:00,HTTP,False
scen_000099,inc_scen_000099_01,web_01,sub_svc_9,web_01,0,0.0,2026-09-01T00:05:00+00:00,2026-09-01T00:05:00+00:00,HTTP,False
scen_000099,inc_scen_000099_01,web_01,sub_svc_10,web_01,0,0.0,2026-09-01T00:05:00+00:00,2026-09-01T00:05:00+00:00,HTTP,False
scen_000099,inc_scen_000099_01,web_01,sub_svc_11,web_01,0,0.0,2026-09-01T00:05:00+00:00,2026-09-01T00:05:00+00:00,HTTP,False
scen_000099,inc_scen_000099_01,web_01,sub_svc_12,web_01,0,0.0,2026-09-01T00:05:00+00:00,2026-09-01T00:05:00+00:00,HTTP,False
scen_000099,inc_scen_000099_01,web_01,sub_svc_13,web_01,0,0.0,2026-09-01T00:05:00+00:00,2026-09-01T00:05:00+00:00,HTTP,False
scen_000099,inc_scen_000099_01,web_01,sub_svc_14,web_01,0,0.0,2026-09-01T00:05:00+00:00,2026-09-01T00:05:00+00:00,HTTP,False
scen_000099,inc_scen_000099_01,web_01,sub_svc_15,web_01,0,0.0,2026-09-01T00:05:00+00:00,2026-09-01T00:05:00+00:00,HTTP,False
scen_000099,inc_scen_000099_01,web_01,sub_svc_16,web_01,0,0.0,2026-09-01T00:05:00+00:00,2026-09-01T00:05:00+00:00,HTTP,False
scen_000099,inc_scen_000099_01,web_01,sub_svc_17,web_01,0,0.0,2026-09-01T00:05:00+00:00,2026-09-01T00:05:00+00:00,HTTP,False
scen_000099,inc_scen_000099_01,web_01,sub_svc_18,web_01,0,0.0,2026-09-01T00:05:00+00:00,2026-09-01T00:05:00+00:00,HTTP,False
scen_000099,inc_scen_000099_01,web_01,sub_svc_19,web_01,0,0.0,2026-09-01T00:05:00+00:00,2026-09-01T00:05:00+00:00,HTTP,False
scen_000099,inc_scen_000099_01,web_01,sub_svc_20,web_01,0,0.0,2026-09-01T00:05:00+00:00,2026-09-01T00:05:00+00:00,HTTP,False
scen_000099,inc_scen_000099_01,web_01,sub_svc_21,web_01,0,0.0,2026-09-01T00:05:00+00:00,2026-09-01T00:05:00+00:00,HTTP,False
scen_000099,inc_scen_000099_01,web_01,sub_svc_22,web_01,0,0.0,2026-09-01T00:05:00+00:00,2026-09-01T00:05:00+00:00,HTTP,False
scen_000099,inc_scen_000099_01,web_01,sub_svc_23,web_01,0,0.0,2026-09-01T00:05:00+00:00,2026-09-01T00:05:00+00:00,HTTP,False
scen_000099,inc_scen_000099_01,web_01,sub_svc_24,web_01,0,0.0,2026-09-01T00:05:00+00:00,2026-09-01T00:05:00+00:00,HTTP,False
scen_000099,inc_scen_000099_01,web_01,sub_svc_25,web_01,0,0.0,2026-09-01T00:05:00+00:00,2026-09-01T00:05:00+00:00,HTTP,False
scen_000099,inc_scen_000099_01,web_01,sub_svc_26,web_01,0,0.0,2026-09-01T00:05:00+00:00,2026-09-01T00:05:00+00:00,HTTP,False
scen_000099,inc_scen_000099_01,web_01,sub_svc_27,web_01,0,0.0,2026-09-01T00:05:00+00:00,2026-09-01T00:05:00+00:00,HTTP,False
scen_000099,inc_scen_000099_01,web_01,sub_svc_28,web_01,0,0.0,2026-09-01T00:05:00+00:00,2026-09-01T00:05:00+00:00,HTTP,False
scen_000099,inc_scen_000099_01,web_01,sub_svc_29,web_01,0,0.0,2026-09-01T00:05:00+00:00,2026-09-01T00:05:00+00:00,HTTP,False
scen_000099,inc_scen_000099_01,web_01,sub_svc_30,web_01,0,0.0,2026-09-01T00:05:00+00:00,2026-09-01T00:05:00+00:00,HTTP,False
scen_000099,inc_scen_000099_01,web_01,sub_svc_31,web_01,0,0.0,2026-09-01T00:05:00+00:00,2026-09-01T00:05:00+00:00,HTTP,False
scen_000099,inc_scen_000099_01,web_01,sub_svc_32,web_01,0,0.0,2026-09-01T00:05:00+00:00,2026-09-01T00:05:00+00:00,HTTP,False
scen_000099,inc_scen_000099_01,web_01,sub_svc_33,web_01,0,0.0,2026-09-01T00:05:00+00:00,2026-09-01T00:05:00+00:00,HTTP,False
scen_000099,inc_scen_000099_01,web_01,sub_svc_34,web_01,0,0.0,2026-09-01T00:05:00+00:00,2026-09-01T00:05:00+00:00,HTTP,False
scen_000099,inc_scen_000099_01,web_01,sub_svc_35,web_01,0,0.0,2026-09-01T00:05:00+00:00,2026-09-01T00:05:00+00:00,HTTP,False
scen_000099,inc_scen_000099_01,web_01,sub_svc_36,web_01,0,0.0,2026-09-01T00:05:00+00:00,2026-09-01T00:05:00+00:00,HTTP,False
scen_000099,inc_scen_000099_01,web_01,sub_svc_37,web_01,0,0.0,2026-09-01T00:05:00+00:00,2026-09-01T00:05:00+00:00,HTTP,False
scen_000099,inc_scen_000099_01,web_01,sub_svc_38,web_01,0,0.0,2026-09-01T00:05:00+00:00,2026-09-01T00:05:00+00:00,HTTP,False
scen_000099,inc_scen_000099_01,sub_svc_2,db_01,sub_svc_2,0,0.0,2026-09-01T00:05:00+00:00,2026-09-01T00:05:00+00:00,DATABASE,False
scen_000099,inc_scen_000099_01,sub_svc_3,db_01,sub_svc_3,0,0.0,2026-09-01T00:05:00+00:00,2026-09-01T00:05:00+00:00,DATABASE,False
scen_000099,inc_scen_000099_01,sub_svc_4,db_01,sub_svc_4,0,0.0,2026-09-01T00:05:00+00:00,2026-09-01T00:05:00+00:00,DATABASE,False
scen_000099,inc_scen_000099_01,sub_svc_5,db_01,sub_svc_5,0,0.0,2026-09-01T00:05:00+00:00,2026-09-01T00:05:00+00:00,DATABASE,False
scen_000099,inc_scen_000099_01,sub_svc_6,db_01,sub_svc_6,0,0.0,2026-09-01T00:05:00+00:00,2026-09-01T00:05:00+00:00,DATABASE,False
scen_000099,inc_scen_000099_01,sub_svc_7,db_01,sub_svc_7,0,0.0,2026-09-01T00:05:00+00:00,2026-09-01T00:05:00+00:00,DATABASE,False
scen_000099,inc_scen_000099_01,sub_svc_9,db_01,sub_svc_9,0,0.0,2026-09-01T00:05:00+00:00,2026-09-01T00:05:00+00:00,DATABASE,False
scen_000099,inc_scen_000099_01,sub_svc_10,db_01,sub_svc_10,0,0.0,2026-09-01T00:05:00+00:00,2026-09-01T00:05:00+00:00,DATABASE,False
scen_000099,inc_scen_000099_01,sub_svc_11,db_01,sub_svc_11,0,0.0,2026-09-01T00:05:00+00:00,2026-09-01T00:05:00+00:00,DATABASE,False
scen_000099,inc_scen_000099_01,sub_svc_12,db_01,sub_svc_12,0,0.0,2026-09-01T00:05:00+00:00,2026-09-01T00:05:00+00:00,DATABASE,False
scen_000099,inc_scen_000099_01,sub_svc_13,db_01,sub_svc_13,0,0.0,2026-09-01T00:05:00+00:00,2026-09-01T00:05:00+00:00,DATABASE,False
scen_000099,inc_scen_000099_01,sub_svc_14,db_01,sub_svc_14,0,0.0,2026-09-01T00:05:00+00:00,2026-09-01T00:05:00+00:00,DATABASE,False
scen_000099,inc_scen_000099_01,sub_svc_15,db_01,sub_svc_15,0,0.0,2026-09-01T00:05:00+00:00,2026-09-01T00:05:00+00:00,DATABASE,False
scen_000099,inc_scen_000099_01,sub_svc_16,db_01,sub_svc_16,0,0.0,2026-09-01T00:05:00+00:00,2026-09-01T00:05:00+00:00,DATABASE,False
scen_000099,inc_scen_000099_01,sub_svc_17,db_01,sub_svc_17,0,0.0,2026-09-01T00:05:00+00:00,2026-09-01T00:05:00+00:00,DATABASE,False
scen_000099,inc_scen_000099_01,sub_svc_18,db_01,sub_svc_18,0,0.0,2026-09-01T00:05:00+00:00,2026-09-01T00:05:00+00:00,DATABASE,False
scen_000099,inc_scen_000099_01,sub_svc_19,db_01,sub_svc_19,0,0.0,2026-09-01T00:05:00+00:00,2026-09-01T00:05:00+00:00,DATABASE,False
scen_000099,inc_scen_000099_01,sub_svc_20,db_01,sub_svc_20,0,0.0,2026-09-01T00:05:00+00:00,2026-09-01T00:05:00+00:00,DATABASE,False
scen_000099,inc_scen_000099_01,sub_svc_21,db_01,sub_svc_21,0,0.0,2026-09-01T00:05:00+00:00,2026-09-01T00:05:00+00:00,DATABASE,False
scen_000099,inc_scen_000099_01,sub_svc_22,db_01,sub_svc_22,0,0.0,2026-09-01T00:05:00+00:00,2026-09-01T00:05:00+00:00,DATABASE,False
scen_000099,inc_scen_000099_01,sub_svc_23,db_01,sub_svc_23,0,0.0,2026-09-01T00:05:00+00:00,2026-09-01T00:05:00+00:00,DATABASE,False
scen_000099,inc_scen_000099_01,sub_svc_24,db_01,sub_svc_24,0,0.0,2026-09-01T00:05:00+00:00,2026-09-01T00:05:00+00:00,DATABASE,False
scen_000099,inc_scen_000099_01,sub_svc_25,db_01,sub_svc_25,0,0.0,2026-09-01T00:05:00+00:00,2026-09-01T00:05:00+00:00,DATABASE,False
scen_000099,inc_scen_000099_01,sub_svc_26,db_01,sub_svc_26,0,0.0,2026-09-01T00:05:00+00:00,2026-09-01T00:05:00+00:00,DATABASE,False
scen_000099,inc_scen_000099_01,sub_svc_27,db_01,sub_svc_27,0,0.0,2026-09-01T00:05:00+00:00,2026-09-01T00:05:00+00:00,DATABASE,False
scen_000099,inc_scen_000099_01,sub_svc_28,db_01,sub_svc_28,0,0.0,2026-09-01T00:05:00+00:00,2026-09-01T00:05:00+00:00,DATABASE,False
scen_000099,inc_scen_000099_01,sub_svc_29,db_01,sub_svc_29,0,0.0,2026-09-01T00:05:00+00:00,2026-09-01T00:05:00+00:00,DATABASE,False
scen_000099,inc_scen_000099_01,sub_svc_30,db_01,sub_svc_30,0,0.0,2026-09-01T00:05:00+00:00,2026-09-01T00:05:00+00:00,DATABASE,False
scen_000099,inc_scen_000099_01,sub_svc_31,db_01,sub_svc_31,0,0.0,2026-09-01T00:05:00+00:00,2026-09-01T00:05:00+00:00,DATABASE,False
scen_000099,inc_scen_000099_01,sub_svc_32,db_01,sub_svc_32,0,0.0,2026-09-01T00:05:00+00:00,2026-09-01T00:05:00+00:00,DATABASE,False
scen_000099,inc_scen_000099_01,sub_svc_33,db_01,sub_svc_33,0,0.0,2026-09-01T00:05:00+00:00,2026-09-01T00:05:00+00:00,DATABASE,False
scen_000099,inc_scen_000099_01,sub_svc_34,db_01,sub_svc_34,0,0.0,2026-09-01T00:05:00+00:00,2026-09-01T00:05:00+00:00,DATABASE,False
scen_000099,inc_scen_000099_01,sub_svc_35,db_01,sub_svc_35,0,0.0,2026-09-01T00:05:00+00:00,2026-09-01T00:05:00+00:00,DATABASE,False
scen_000099,inc_scen_000099_01,sub_svc_36,db_01,sub_svc_36,0,0.0,2026-09-01T00:05:00+00:00,2026-09-01T00:05:00+00:00,DATABASE,False
scen_000099,inc_scen_000099_01,sub_svc_37,db_01,sub_svc_37,0,0.0,2026-09-01T00:05:00+00:00,2026-09-01T00:05:00+00:00,DATABASE,False
scen_000099,inc_scen_000099_01,sub_svc_38,db_01,sub_svc_38,0,0.0,2026-09-01T00:05:00+00:00,2026-09-01T00:05:00+00:00,DATABASE,False
