node_id,node_type,service_name,environment,region,zone,host_id,container_id,version,cpu_capacity,memory_capacity,replica_count,criticality,scenario_id,topology_id
gw_01,api_gateway,api_gateway,production,eu-central-1,eu-central-1a,host-328,ct-3286,v3.1.0,2.0,64.0,4,critical,scen_000000,top_0000
lb_01,load_balancer,load_balancer,production,eu-central-1,eu-central-1a,host-130,ct-2535,v1.3.0,2.0,64.0,2,critical,scen_000000,top_0000
auth_01,auth_service,auth_service,production,eu-central-1,eu-central-1c,host-765,ct-9928,v2.3.0,16.0,64.0,3,high,scen_000000,top_0000
web_01,web_service,web_service,production,eu-central-1,eu-central-1a,host-877,ct-3615,v3.6.0,8.0,16.0,2,high,scen_000000,top_0000
db_01,postgresql,postgresql,production,eu-central-1,eu-central-1a,host-881,ct-6514,v1.1.0,16.0,4.0,3,critical,scen_000000,top_0000
sub_svc_2,web_service,sub_service_2,production,eu-central-1,eu-central-1b,host-718,ct-5333,v1.7.0,2.0,32.0,1,low,scen_000000,top_0000
sub_svc_3,web_service,sub_service_3,production,eu-central-1,eu-central-1c,host-400,ct-6925,v3.3.0,2.0,4.0,2,low,scen_000000,top_0000
sub_svc_4,web_service,sub_service_4,production,eu-central-1,eu-central-1b,host-181,ct-4814,v1.6.0,8.0,32.0,3,low,scen_000000,top_0000
node_00,notification_service,mesh_svc_0,production,eu-central-1,eu-central-1a,host-533,ct-7182,v1.0.0,2.0,4.0,1,critical,scen_000003,top_0003
node_01,api_gateway,mesh_svc_1,production,eu-central-1,eu-central-1b,host-163,ct-3660,v3.2.0,4.0,8.0,1,critical,scen_000003,top_0003
node_02,order_service,mesh_svc_2,production,eu-central-1,eu-central-1c,host-845,ct-3966,v3.7.0,2.0,16.0,5,high,scen_000003,top_0003
node_03,user_service,mesh_svc_3,production,eu-central-1,eu-central-1c,host-350,ct-3865,v2.0.0,4.0,4.0,5,medium,scen_000003,top_0003
node_04,load_balancer,mesh_svc_4,production,eu-central-1,eu-central-1c,host-369,ct-6592,v2.8.0,2.0,32.0,2,critical,scen_000003,top_0003
node_05,vm_instance,mesh_svc_5,production,eu-central-1,eu-central-1b,host-344,ct-1536,v3.4.0,8.0,8.0,5,medium,scen_000003,top_0003
node_06,redis,mesh_svc_6,production,eu-central-1,eu-central-1c,host-345,ct-9873,v2.2.0,8.0,32.0,5,medium,scen_000003,top_0003
node_07,elasticsearch,mesh_svc_7,production,eu-central-1,eu-central-1a,host-377,ct-4889,v3.5.0,2.0,64.0,3,critical,scen_000003,top_0003
node_08,order_service,mesh_svc_8,production,eu-central-1,eu-central-1c,host-203,ct-7323,v2.5.0,16.0,4.0,4,low,scen_000003,top_0003
node_09,user_service,mesh_svc_9,production,eu-central-1,eu-central-1c,host-619,ct-6651,v1.1.0,8.0,8.0,1,low,scen_000003,top_0003
node_10,load_balancer,mesh_svc_10,production,eu-central-1,eu-central-1a,host-528,ct-5048,v1.3.0,16.0,64.0,5,low,scen_000003,top_0003
node_11,web_service,mesh_svc_11,production,eu-central-1,eu-central-1c,host-835,ct-1376,v2.6.0,16.0,4.0,1,low,scen_000003,top_0003
node_12,mongodb,mesh_svc_12,production,eu-central-1,eu-central-1b,host-869,ct-4036,v2.0.0,16.0,4.0,1,low,scen_000003,top_0003
node_13,k8s_node,mesh_svc_13,production,eu-central-1,eu-central-1a,host-594,ct-4365,v1.8.0,16.0,32.0,4,low,scen_000003,top_0003
node_14,web_service,mesh_svc_14,production,eu-central-1,eu-central-1a,host-661,ct-1162,v3.0.0,8.0,16.0,4,medium,scen_000003,top_0003
node_15,mysql,mesh_svc_15,production,eu-central-1,eu-central-1a,host-606,ct-4625,v2.4.0,8.0,4.0,5,high,scen_000003,top_0003
node_16,container,mesh_svc_16,production,eu-central-1,eu-central-1c,host-311,ct-4955,v2.9.0,8.0,32.0,5,medium,scen_000003,top_0003
node_17,recommendation_service,mesh_svc_17,production,eu-central-1,eu-central-1b,host-869,ct-9520,v2.7.0,8.0,16.0,2,medium,scen_000003,top_0003
node_18,load_balancer,mesh_svc_18,production,eu-central-1,eu-central-1c,host-699,ct-3981,v2.5.0,4.0,8.0,1,high,scen_000003,top_0003
node_19,rabbitmq,mesh_svc_19,production,eu-central-1,eu-central-1b,host-293,ct-5646,v1.7.0,8.0,32.0,1,low,scen_000003,top_0003
node_20,k8s_node,mesh_svc_20,production,eu-central-1,eu-central-1c,host-681,ct-8858,v1.4.0,16.0,8.0,3,low,scen_000003,top_0003
node_21,object_storage,mesh_svc_21,production,eu-central-1,eu-central-1a,host-842,ct-2347,v1.8.0,2.0,64.0,1,low,scen_000003,top_0003
node_22,vm_instance,mesh_svc_22,production,eu-central-1,eu-central-1a,host-384,ct-4123,v1.1.0,16.0,8.0,5,low,scen_000003,top_0003
node_23,rabbitmq,mesh_svc_23,production,eu-central-1,eu-central-1c,host-862,ct-2446,v2.2.0,4.0,16.0,4,medium,scen_000003,top_0003
node_24,order_service,mesh_svc_24,production,eu-central-1,eu-central-1a,host-859,ct-2775,v2.2.0,8.0,8.0,3,medium,scen_000003,top_0003
node_25,vm_instance,mesh_svc_25,production,eu-central-1,eu-central-1b,host-757,ct-9009,v2.9.0,16.0,4.0,5,critical,scen_000003,top_0003
node_26,recommendation_service,mesh_svc_26,production,eu-central-1,eu-central-1b,host-448,ct-8816,v3.9.0,4.0,32.0,2,low,scen_000003,top_0003
gw_01,api_gateway,api_gateway,production,ap-southeast-1,ap-southeast-1b,host-329,ct-2510,v2.9.0,4.0,4.0,1,critical,scen_000004,top_0004
rec_01,recommendation_service,recommendation_service,production,ap-southeast-1,ap-southeast-1a,host-852,ct-2730,v3.0.0,4.0,4.0,5,high,scen_000004,top_0004
es_01,elasticsearch,elasticsearch,production,ap-southeast-1,ap-southeast-1c,host-138,ct-5655,v2.3.0,16.0,4.0,3,critical,scen_000004,top_0004
redis_01,redis,redis,production,ap-southeast-1,ap-southeast-1c,host-997,ct-9161,v2.1.0,4.0,64.0,2,critical,scen_000004,top_0004
mongo_01,mongodb,mongodb,production,ap-southeast-1,ap-southeast-1b,host-193,ct-9629,v1.7.0,2.0,8.0,1,high,scen_000004,top_0004
search_node_1,user_service,search_aux_1,production,ap-southeast-1,ap-southeast-1a,host-444,ct-8265,v3.7.0,4.0,8.0,1,medium,scen_000004,top_0004
search_node_2,user_service,search_aux_2,production,ap-southeast-1,ap-southeast-1b,host-785,ct-4613,v2.8.0,4.0,16.0,5,medium,scen_000004,top_0004
search_node_3,user_service,search_aux_3,production,ap-southeast-1,ap-southeast-1b,host-396,ct-6198,v1.7.0,4.0,8.0,4,medium,scen_000004,top_0004
search_node_4,user_service,search_aux_4,production,ap-southeast-1,ap-southeast-1b,host-533,ct-8859,v1.2.0,4.0,16.0,4,medium,scen_000004,top_0004
search_node_5,user_service,search_aux_5,production,ap-southeast-1,ap-southeast-1c,host-307,ct-8962,v3.0.0,8.0,32.0,1,medium,scen_000004,top_0004
search_node_6,user_service,search_aux_6,production,ap-southeast-1,ap-southeast-1b,host-404,ct-3963,v3.9.0,4.0,64.0,4,medium,scen_000004,top_0004
search_node_7,user_service,search_aux_7,production,ap-southeast-1,ap-southeast-1c,host-666,ct-2197,v2.3.0,16.0,64.0,2,medium,scen_000004,top_0004
search_node_8,user_service,search_aux_8,production,ap-southeast-1,ap-southeast-1c,host-760,ct-3307,v1.8.0,16.0,8.0,4,medium,scen_000004,top_0004
search_node_9,user_service,search_aux_9,production,ap-southeast-1,ap-southeast-1c,host-559,ct-6589,v3.0.0,8.0,8.0,2,medium,scen_000004,top_0004
search_node_10,user_service,search_aux_10,production,ap-southeast-1,ap-southeast-1a,host-641,ct-1919,v3.5.0,4.0,16.0,3,medium,scen_000004,top_0004
search_node_11,user_service,search_aux_11,production,ap-southeast-1,ap-southeast-1b,host-800,ct-5617,v1.4.0,16.0,16.0,5,medium,scen_000004,top_0004
search_node_12,user_service,search_aux_12,production,ap-southeast-1,ap-southeast-1c,host-927,ct-1149,v3.2.0,8.0,32.0,2,medium,scen_000004,top_0004
search_node_13,user_service,search_aux_13,production,ap-southeast-1,ap-southeast-1c,host-744,ct-8372,v1.0.0,16.0,4.0,1,medium,scen_000004,top_0004
search_node_14,user_service,search_aux_14,production,ap-southeast-1,ap-southeast-1c,host-280,ct-9529,v3.1.0,8.0,16.0,1,medium,scen_000004,top_0004
search_node_15,user_service,search_aux_15,production,ap-southeast-1,ap-southeast-1b,host-729,ct-5903,v1.5.0,2.0,16.0,5,medium,scen_000004,top_0004
search_node_16,user_service,search_aux_16,production,ap-southeast-1,ap-southeast-1a,host-460,ct-4669,v3.5.0,4.0,4.0,3,medium,scen_000004,top_0004
search_node_17,user_service,search_aux_17,production,ap-southeast-1,ap-southeast-1c,host-884,ct-5225,v3.2.0,16.0,4.0,5,medium,scen_000004,top_0004
search_node_18,user_service,search_aux_18,production,ap-southeast-1,ap-southeast-1b,host-910,ct-3351,v1.7.0,16.0,32.0,2,medium,scen_000004,top_0004
search_node_19,user_service,search_aux_19,production,ap-southeast-1,ap-southeast-1a,host-497,ct-4216,v3.0.0,4.0,4.0,2,medium,scen_000004,top_0004
search_node_20,user_service,search_aux_20,production,ap-southeast-1,ap-southeast-1b,host-926,ct-2832,v1.0.0,8.0,8.0,5,medium,scen_000004,top_0004
ingest_01,api_gateway,ingestion_gateway,production,ap-southeast-1,ap-southeast-1a,host-498,ct-7446,v1.6.0,8.0,64.0,5,critical,scen_000014,top_0014
kafka_broker,kafka,kafka,production,ap-southeast-1,ap-southeast-1c,host-698,ct-5824,v3.9.0,8.0,16.0,1,critical,scen_000014,top_0014
notif_01,notification_service,notification_service,production,ap-southeast-1,ap-southeast-1c,host-169,ct-7249,v1.7.0,16.0,32.0,5,high,scen_000014,top_0014
user_01,user_service,user_service,production,ap-southeast-1,ap-southeast-1b,host-850,ct-5549,v3.2.0,4.0,32.0,5,medium,scen_000014,top_0014
db_event,mysql,mysql,production,ap-southeast-1,ap-southeast-1b,host-134,ct-2916,v3.3.0,8.0,4.0,1,high,scen_000014,top_0014
consumer_1,web_service,kafka_consumer_1,production,ap-southeast-1,ap-southeast-1a,host-367,ct-8656,v3.6.0,4.0,64.0,1,low,scen_000014,top_0014
consumer_2,web_service,kafka_consumer_2,production,ap-southeast-1,ap-southeast-1a,host-560,ct-3797,v1.5.0,8.0,4.0,4,low,scen_000014,top_0014
consumer_3,web_service,kafka_consumer_3,production,ap-southeast-1,ap-southeast-1c,host-817,ct-5021,v1.8.0,8.0,4.0,4,low,scen_000014,top_0014
consumer_4,web_service,kafka_consumer_4,production,ap-southeast-1,ap-southeast-1b,host-102,ct-1106,v2.2.0,16.0,32.0,2,low,scen_000014,top_0014
consumer_5,web_service,kafka_consumer_5,production,ap-southeast-1,ap-southeast-1b,host-201,ct-1346,v1.9.0,8.0,32.0,4,low,scen_000014,top_0014
consumer_6,web_service,kafka_consumer_6,production,ap-southeast-1,ap-southeast-1a,host-657,ct-8507,v3.6.0,4.0,16.0,2,low,scen_000014,top_0014
consumer_7,web_service,kafka_consumer_7,production,ap-southeast-1,ap-southeast-1a,host-718,ct-1488,v3.1.0,8.0,64.0,3,low,scen_000014,top_0014
consumer_8,web_service,kafka_consumer_8,production,ap-southeast-1,ap-southeast-1b,host-434,ct-4621,v2.4.0,4.0,4.0,4,low,scen_000014,top_0014
consumer_9,web_service,kafka_consumer_9,production,ap-southeast-1,ap-southeast-1c,host-627,ct-5389,v3.8.0,2.0,16.0,1,low,scen_000014,top_0014
consumer_10,web_service,kafka_consumer_10,production,ap-southeast-1,ap-southeast-1b,host-633,ct-1281,v1.0.0,4.0,8.0,3,low,scen_000014,top_0014
consumer_11,web_service,kafka_consumer_11,production,ap-southeast-1,ap-southeast-1a,host-649,ct-2373,v1.7.0,16.0,16.0,2,low,scen_000014,top_0014
consumer_12,web_service,kafka_consumer_12,production,ap-southeast-1,ap-southeast-1c,host-774,ct-7145,v1.5.0,8.0,16.0,1,low,scen_000014,top_0014
consumer_13,web_service,kafka_consumer_13,production,ap-southeast-1,ap-southeast-1c,host-178,ct-4626,v3.0.0,16.0,16.0,4,low,scen_000014,top_0014
consumer_14,web_service,kafka_consumer_14,production,ap-southeast-1,ap-southeast-1a,host-954,ct-1272,v2.4.0,4.0,4.0,3,low,scen_000014,top_0014
consumer_15,web_service,kafka_consumer_15,production,ap-southeast-1,ap-southeast-1c,host-879,ct-2564,v2.4.0,4.0,16.0,5,low,scen_000014,top_0014
consumer_16,web_service,kafka_consumer_16,production,ap-southeast-1,ap-southeast-1b,host-379,ct-3498,v3.1.0,2.0,8.0,3,low,scen_000014,top_0014
consumer_17,web_service,kafka_consumer_17,production,ap-southeast-1,ap-southeast-1a,host-469,ct-8571,v1.8.0,16.0,8.0,2,low,scen_000014,top_0014
consumer_18,web_service,kafka_consumer_18,production,ap-southeast-1,ap-southeast-1a,host-222,ct-5085,v1.8.0,4.0,16.0,3,low,scen_000014,top_0014
consumer_19,web_service,kafka_consumer_19,production,ap-southeast-1,ap-southeast-1c,host-300,ct-6542,v2.1.0,8.0,64.0,2,low,scen_000014,top_0014
gw_01,api_gateway,api_gateway,production,us-west-2,us-west-2b,host-654,ct-3878,v2.7.0,8.0,32.0,5,critical,scen_000015,top_0015
lb_01,load_balancer,load_balancer,production,us-west-2,us-west-2c,host-432,ct-7378,v2.5.0,16.0,4.0,3,critical,scen_000015,top_0015
auth_01,auth_service,auth_service,production,us-west-2,us-west-2b,host-237,ct-9366,v2.0.0,4.0,8.0,5,high,scen_000015,top_0015
web_01,web_service,web_service,production,us-west-2,us-west-2c,host-546,ct-1110,v1.0.0,2.0,32.0,3,high,scen_000015,top_0015
db_01,postgresql,postgresql,production,us-west-2,us-west-2c,host-762,ct-8152,v3.2.0,16.0,64.0,2,critical,scen_000015,top_0015
sub_svc_2,web_service,sub_service_2,production,us-west-2,us-west-2a,host-884,ct-3598,v2.6.0,4.0,4.0,4,low,scen_000015,top_0015
sub_svc_3,web_service,sub_service_3,production,us-west-2,us-west-2b,host-652,ct-8804,v2.4.0,16.0,16.0,1,low,scen_000015,top_0015
sub_svc_4,web_service,sub_service_4,production,us-west-2,us-west-2a,host-235,ct-9804,v2.5.0,4.0,16.0,2,low,scen_000015,top_0015
sub_svc_5,web_service,sub_service_5,production,us-west-2,us-west-2a,host-328,ct-1905,v2.6.0,16.0,4.0,2,low,scen_000015,top_0015
sub_svc_6,web_service,sub_service_6,production,us-west-2,us-west-2b,host-933,ct-9318,v1.4.0,2.0,16.0,1,low,scen_000015,top_0015
sub_svc_7,web_service,sub_service_7,production,us-west-2,us-west-2c,host-431,ct-1256,v1.7.0,16.0,32.0,4,low,scen_000015,top_0015
sub_svc_8,web_service,sub_service_8,production,us-west-2,us-west-2c,host-631,ct-1367,v2.5.0,2.0,4.0,2,low,scen_000015,top_0015
sub_svc_9,web_service,sub_service_9,production,us-west-2,us-west-2c,host-251,ct-5066,v3.9.0,8.0,8.0,5,low,scen_000015,top_0015
sub_svc_10,web_service,sub_service_10,production,us-west-2,us-west-2c,host-210,ct-1398,v3.9.0,2.0,64.0,3,low,scen_000015,top_0015
sub_svc_11,web_service,sub_service_11,production,us-west-2,us-west-2b,host-918,ct-7788,v3.6.0,16.0,16.0,1,low,scen_000015,top_0015
sub_svc_12,web_service,sub_service_12,production,us-west-2,us-west-2b,host-555,ct-5371,v2.8.0,2.0,32.0,3,low,scen_000015,top_0015
sub_svc_13,web_service,sub_service_13,production,us-west-2,us-west-2b,host-540,ct-3349,v1.1.0,8.0,8.0,3,low,scen_000015,top_0015
sub_svc_14,web_service,sub_service_14,production,us-west-2,us-west-2c,host-109,ct-4125,v2.7.0,16.0,8.0,1,low,scen_000015,top_0015
sub_svc_15,web_service,sub_service_15,production,us-west-2,us-west-2b,host-666,ct-8296,v3.5.0,2.0,4.0,3,low,scen_000015,top_0015
sub_svc_16,web_service,sub_service_16,production,us-west-2,us-west-2b,host-951,ct-1264,v3.1.0,16.0,16.0,1,low,scen_000015,top_0015
sub_svc_17,web_service,sub_service_17,production,us-west-2,us-west-2a,host-330,ct-6840,v1.3.0,8.0,8.0,2,low,scen_000015,top_0015
sub_svc_18,web_service,sub_service_18,production,us-west-2,us-west-2c,host-901,ct-5654,v3.6.0,16.0,8.0,4,low,scen_000015,top_0015
sub_svc_19,web_service,sub_service_19,production,us-west-2,us-west-2c,host-336,ct-3432,v2.8.0,16.0,64.0,4,low,scen_000015,top_0015
sub_svc_20,web_service,sub_service_20,production,us-west-2,us-west-2a,host-405,ct-6399,v1.6.0,16.0,4.0,2,low,scen_000015,top_0015
sub_svc_21,web_service,sub_service_21,production,us-west-2,us-west-2b,host-544,ct-9194,v3.1.0,4.0,64.0,1,low,scen_000015,top_0015
sub_svc_22,web_service,sub_service_22,production,us-west-2,us-west-2a,host-848,ct-3505,v2.0.0,4.0,8.0,4,low,scen_000015,top_0015
sub_svc_23,web_service,sub_service_23,production,us-west-2,us-west-2a,host-788,ct-5952,v3.6.0,8.0,64.0,4,low,scen_000015,top_0015
gw_01,api_gateway,api_gateway,production,ap-southeast-1,ap-southeast-1a,host-191,ct-4165,v3.5.0,8.0,64.0,3,critical,scen_000017,top_0017
auth_01,auth_service,auth_service,production,ap-southeast-1,ap-southeast-1a,host-702,ct-3714,v1.6.0,2.0,4.0,4,high,scen_000017,top_0017
order_01,order_service,order_service,production,ap-southeast-1,ap-southeast-1a,host-705,ct-9685,v2.4.0,4.0,8.0,3,critical,scen_000017,top_0017
pay_01,payment_service,payment_service,production,ap-southeast-1,ap-southeast-1a,host-152,ct-2176,v3.5.0,2.0,32.0,2,critical,scen_000017,top_0017
inv_01,inventory_service,inventory_service,production,ap-southeast-1,ap-southeast-1c,host-678,ct-1311,v1.8.0,16.0,4.0,5,high,scen_000017,top_0017
db_master,postgresql,postgresql,production,ap-southeast-1,ap-southeast-1a,host-661,ct-6056,v2.3.0,16.0,16.0,2,critical,scen_000017,top_0017
cache_01,redis,redis,production,ap-southeast-1,ap-southeast-1c,host-950,ct-3165,v3.6.0,4.0,64.0,3,high,scen_000017,top_0017
mq_01,kafka,kafka,production,ap-southeast-1,ap-southeast-1a,host-406,ct-8569,v3.8.0,4.0,16.0,3,high,scen_000017,top_0017
ecom_aux_1,user_service,user_service_1,production,ap-southeast-1,ap-southeast-1b,host-559,ct-8214,v1.3.0,8.0,64.0,3,low,scen_000017,top_0017
node_00,kafka,mesh_svc_0,production,ap-southeast-1,ap-southeast-1a,host-218,ct-9840,v2.8.0,4.0,4.0,2,critical,scen_000019,top_0019
node_01,load_balancer,mesh_svc_1,production,ap-southeast-1,ap-southeast-1c,host-892,ct-9540,v1.3.0,8.0,4.0,5,critical,scen_000019,top_0019
node_02,web_service,mesh_svc_2,production,ap-southeast-1,ap-southeast-1a,host-489,ct-5672,v2.5.0,4.0,4.0,1,high,scen_000019,top_0019
node_03,elasticsearch,mesh_svc_3,production,ap-southeast-1,ap-southeast-1b,host-824,ct-5634,v3.4.0,8.0,64.0,3,low,scen_000019,top_0019
node_04,inventory_service,mesh_svc_4,production,ap-southeast-1,ap-southeast-1c,host-650,ct-5530,v2.1.0,4.0,4.0,4,medium,scen_000019,top_0019
node_05,container,mesh_svc_5,production,ap-southeast-1,ap-southeast-1c,host-944,ct-9508,v2.7.0,4.0,8.0,3,medium,scen_000019,top_0019
node_06,vm_instance,mesh_svc_6,production,ap-southeast-1,ap-southeast-1a,host-287,ct-5149,v2.1.0,8.0,4.0,2,medium,scen_000019,top_0019
node_07,load_balancer,mesh_svc_7,production,ap-southeast-1,ap-southeast-1a,host-615,ct-6277,v3.6.0,16.0,16.0,2,high,scen_000019,top_0019
node_08,elasticsearch,mesh_svc_8,production,ap-southeast-1,ap-southeast-1c,host-548,ct-5572,v1.8.0,8.0,16.0,4,low,scen_000019,top_0019
node_09,object_storage,mesh_svc_9,production,ap-southeast-1,ap-southeast-1c,host-164,ct-9390,v2.3.0,2.0,64.0,4,low,scen_000019,top_0019
node_10,web_service,mesh_svc_10,production,ap-southeast-1,ap-southeast-1a,host-647,ct-3072,v2.8.0,16.0,4.0,2,low,scen_000019,top_0019
node_11,auth_service,mesh_svc_11,production,ap-southeast-1,ap-southeast-1c,host-573,ct-6212,v2.5.0,4.0,4.0,2,high,scen_000019,top_0019
node_12,inventory_service,mesh_svc_12,production,ap-southeast-1,ap-southeast-1a,host-905,ct-1321,v1.0.0,2.0,4.0,2,high,scen_000019,top_0019
node_13,redis,mesh_svc_13,production,ap-southeast-1,ap-southeast-1c,host-669,ct-1835,v1.0.0,4.0,16.0,5,low,scen_000019,top_0019
node_14,elasticsearch,mesh_svc_14,production,ap-southeast-1,ap-southeast-1b,host-680,ct-7966,v1.7.0,8.0,4.0,4,high,scen_000019,top_0019
node_15,web_service,mesh_svc_15,production,ap-southeast-1,ap-southeast-1a,host-676,ct-4527,v2.7.0,16.0,64.0,1,high,scen_000019,top_0019
node_16,container,mesh_svc_16,production,ap-southeast-1,ap-southeast-1b,host-243,ct-6218,v3.7.0,16.0,32.0,5,high,scen_000019,top_0019
node_17,web_service,mesh_svc_17,production,ap-southeast-1,ap-southeast-1a,host-200,ct-3197,v3.0.0,16.0,4.0,1,high,scen_000019,top_0019
node_18,user_service,mesh_svc_18,production,ap-southeast-1,ap-southeast-1b,host-115,ct-5274,v1.2.0,2.0,4.0,5,high,scen_000019,top_0019
node_19,vm_instance,mesh_svc_19,production,ap-southeast-1,ap-southeast-1a,host-356,ct-6191,v3.5.0,8.0,8.0,1,low,scen_000019,top_0019
node_20,elasticsearch,mesh_svc_20,production,ap-southeast-1,ap-southeast-1c,host-250,ct-7974,v3.0.0,16.0,64.0,4,low,scen_000019,top_0019
node_21,elasticsearch,mesh_svc_21,production,ap-southeast-1,ap-southeast-1a,host-923,ct-6168,v3.6.0,16.0,64.0,4,high,scen_000019,top_0019
node_22,auth_service,mesh_svc_22,production,ap-southeast-1,ap-southeast-1a,host-335,ct-9537,v2.6.0,16.0,8.0,3,critical,scen_000019,top_0019
node_23,inventory_service,mesh_svc_23,production,ap-southeast-1,ap-southeast-1c,host-365,ct-7298,v3.8.0,8.0,64.0,5,low,scen_000019,top_0019
node_24,order_service,mesh_svc_24,production,ap-southeast-1,ap-southeast-1b,host-861,ct-8145,v3.9.0,8.0,8.0,4,high,scen_000019,top_0019
gw_01,api_gateway,api_gateway,production,us-east-1,us-east-1b,host-851,ct-8437,v3.8.0,16.0,16.0,2,critical,scen_000023,top_0023
lb_01,load_balancer,load_balancer,production,us-east-1,us-east-1c,host-127,ct-4922,v3.8.0,16.0,32.0,4,critical,scen_000023,top_0023
auth_01,auth_service,auth_service,production,us-east-1,us-east-1c,host-927,ct-2222,v3.1.0,2.0,16.0,5,high,scen_000023,top_0023
web_01,web_service,web_service,production,us-east-1,us-east-1b,host-151,ct-5757,v3.3.0,2.0,4.0,5,high,scen_000023,top_0023
db_01,postgresql,postgresql,production,us-east-1,us-east-1b,host-233,ct-6862,v2.4.0,16.0,8.0,5,critical,scen_000023,top_0023
sub_svc_2,web_service,sub_service_2,production,us-east-1,us-east-1a,host-251,ct-2259,v3.8.0,16.0,32.0,2,low,scen_000023,top_0023
sub_svc_3,web_service,sub_service_3,production,us-east-1,us-east-1c,host-932,ct-7673,v3.0.0,4.0,32.0,1,low,scen_000023,top_0023
sub_svc_4,web_service,sub_service_4,production,us-east-1,us-east-1c,host-773,ct-8806,v2.8.0,8.0,16.0,2,low,scen_000023,top_0023
sub_svc_5,web_service,sub_service_5,production,us-east-1,us-east-1a,host-576,ct-1722,v2.3.0,16.0,4.0,4,low,scen_000023,top_0023
sub_svc_6,web_service,sub_service_6,production,us-east-1,us-east-1a,host-510,ct-4781,v2.0.0,16.0,8.0,1,low,scen_000023,top_0023
sub_svc_7,web_service,sub_service_7,production,us-east-1,us-east-1c,host-278,ct-3874,v3.6.0,16.0,32.0,5,low,scen_000023,top_0023
sub_svc_8,web_service,sub_service_8,production,us-east-1,us-east-1b,host-915,ct-4026,v2.4.0,8.0,32.0,5,low,scen_000023,top_0023
sub_svc_9,web_service,sub_service_9,production,us-east-1,us-east-1b,host-230,ct-1035,v2.3.0,16.0,4.0,5,low,scen_000023,top_0023
sub_svc_10,web_service,sub_service_10,production,us-east-1,us-east-1a,host-874,ct-6344,v2.7.0,16.0,64.0,4,low,scen_000023,top_0023
sub_svc_11,web_service,sub_service_11,production,us-east-1,us-east-1c,host-580,ct-7817,v2.1.0,4.0,4.0,2,low,scen_000023,top_0023
sub_svc_12,web_service,sub_service_12,production,us-east-1,us-east-1b,host-924,ct-1060,v1.0.0,8.0,16.0,3,low,scen_000023,top_0023
sub_svc_13,web_service,sub_service_13,production,us-east-1,us-east-1c,host-858,ct-4441,v2.6.0,4.0,4.0,1,low,scen_000023,top_0023
sub_svc_14,web_service,sub_service_14,production,us-east-1,us-east-1b,host-542,ct-7834,v2.5.0,4.0,8.0,4,low,scen_000023,top_0023
sub_svc_15,web_service,sub_service_15,production,us-east-1,us-east-1a,host-190,ct-3790,v1.1.0,4.0,4.0,2,low,scen_000023,top_0023
sub_svc_16,web_service,sub_service_16,production,us-east-1,us-east-1b,host-274,ct-6681,v2.4.0,2.0,64.0,1,low,scen_000023,top_0023
gw_01,api_gateway,api_gateway,production,us-east-1,us-east-1b,host-141,ct-4120,v2.7.0,16.0,8.0,5,critical,scen_000027,top_0027
rec_01,recommendation_service,recommendation_service,production,us-east-1,us-east-1b,host-697,ct-3342,v1.3.0,2.0,8.0,4,high,scen_000027,top_0027
es_01,elasticsearch,elasticsearch,production,us-east-1,us-east-1a,host-873,ct-4206,v2.4.0,16.0,4.0,2,critical,scen_000027,top_0027
redis_01,redis,redis,production,us-east-1,us-east-1a,host-893,ct-3196,v3.8.0,2.0,32.0,1,critical,scen_000027,top_0027
mongo_01,mongodb,mongodb,production,us-east-1,us-east-1a,host-182,ct-8598,v3.8.0,8.0,8.0,3,high,scen_000027,top_0027
search_node_1,user_service,search_aux_1,production,us-east-1,us-east-1b,host-978,ct-5863,v2.8.0,8.0,8.0,1,medium,scen_000027,top_0027
search_node_2,user_service,search_aux_2,production,us-east-1,us-east-1b,host-243,ct-2190,v1.9.0,2.0,32.0,2,medium,scen_000027,top_0027
search_node_3,user_service,search_aux_3,production,us-east-1,us-east-1c,host-482,ct-5692,v2.0.0,4.0,64.0,3,medium,scen_000027,top_0027
search_node_4,user_service,search_aux_4,production,us-east-1,us-east-1c,host-760,ct-1293,v1.4.0,4.0,16.0,4,medium,scen_000027,top_0027
search_node_5,user_service,search_aux_5,production,us-east-1,us-east-1a,host-909,ct-5788,v2.1.0,16.0,64.0,2,medium,scen_000027,top_0027
search_node_6,user_service,search_aux_6,production,us-east-1,us-east-1a,host-661,ct-2976,v3.2.0,16.0,16.0,4,medium,scen_000027,top_0027
search_node_7,user_service,search_aux_7,production,us-east-1,us-east-1c,host-537,ct-8804,v1.1.0,4.0,16.0,4,medium,scen_000027,top_0027
search_node_8,user_service,search_aux_8,production,us-east-1,us-east-1c,host-884,ct-2038,v3.1.0,4.0,4.0,4,medium,scen_000027,top_0027
search_node_9,user_service,search_aux_9,production,us-east-1,us-east-1c,host-960,ct-3309,v1.1.0,8.0,8.0,4,medium,scen_000027,top_0027
search_node_10,user_service,search_aux_10,production,us-east-1,us-east-1b,host-372,ct-9817,v1.2.0,2.0,8.0,5,medium,scen_000027,top_0027
search_node_11,user_service,search_aux_11,production,us-east-1,us-east-1b,host-201,ct-4063,v1.0.0,2.0,16.0,2,medium,scen_000027,top_0027
search_node_12,user_service,search_aux_12,production,us-east-1,us-east-1c,host-601,ct-3906,v3.3.0,8.0,64.0,4,medium,scen_000027,top_0027
search_node_13,user_service,search_aux_13,production,us-east-1,us-east-1a,host-503,ct-3526,v1.5.0,16.0,32.0,4,medium,scen_000027,top_0027
search_node_14,user_service,search_aux_14,production,us-east-1,us-east-1a,host-688,ct-4205,v2.0.0,2.0,64.0,3,medium,scen_000027,top_0027
search_node_15,user_service,search_aux_15,production,us-east-1,us-east-1a,host-353,ct-5874,v3.0.0,16.0,64.0,3,medium,scen_000027,top_0027
ingest_01,api_gateway,ingestion_gateway,production,us-west-2,us-west-2a,host-261,ct-9195,v3.2.0,4.0,64.0,5,critical,scen_000030,top_0030
kafka_broker,kafka,kafka,production,us-west-2,us-west-2b,host-656,ct-7451,v1.3.0,8.0,32.0,4,critical,scen_000030,top_0030
notif_01,notification_service,notification_service,production,us-west-2,us-west-2a,host-780,ct-9069,v1.6.0,16.0,32.0,3,high,scen_000030,top_0030
user_01,user_service,user_service,production,us-west-2,us-west-2a,host-836,ct-1872,v2.7.0,8.0,4.0,4,medium,scen_000030,top_0030
db_event,mysql,mysql,production,us-west-2,us-west-2b,host-631,ct-3327,v3.1.0,4.0,4.0,3,high,scen_000030,top_0030
consumer_1,web_service,kafka_consumer_1,production,us-west-2,us-west-2c,host-851,ct-2344,v1.5.0,8.0,8.0,4,low,scen_000030,top_0030
consumer_2,web_service,kafka_consumer_2,production,us-west-2,us-west-2a,host-469,ct-4777,v2.7.0,8.0,8.0,5,low,scen_000030,top_0030
consumer_3,web_service,kafka_consumer_3,production,us-west-2,us-west-2c,host-473,ct-9172,v3.0.0,4.0,64.0,1,low,scen_000030,top_0030
consumer_4,web_service,kafka_consumer_4,production,us-west-2,us-west-2a,host-778,ct-1241,v1.7.0,4.0,16.0,5,low,scen_000030,top_0030
consumer_5,web_service,kafka_consumer_5,production,us-west-2,us-west-2a,host-839,ct-6682,v1.4.0,16.0,16.0,1,low,scen_000030,top_0030
consumer_6,web_service,kafka_consumer_6,production,us-west-2,us-west-2a,host-226,ct-7764,v3.3.0,8.0,64.0,4,low,scen_000030,top_0030
consumer_7,web_service,kafka_consumer_7,production,us-west-2,us-west-2b,host-167,ct-2366,v2.0.0,16.0,32.0,3,low,scen_000030,top_0030
node_00,payment_service,mesh_svc_0,production,eu-central-1,eu-central-1c,host-218,ct-6284,v3.8.0,16.0,8.0,5,low,scen_000031,top_0031
node_01,kafka,mesh_svc_1,production,eu-central-1,eu-central-1a,host-195,ct-4333,v2.0.0,8.0,16.0,2,low,scen_000031,top_0031
node_02,notification_service,mesh_svc_2,production,eu-central-1,eu-central-1c,host-523,ct-2759,v3.7.0,16.0,8.0,2,low,scen_000031,top_0031
node_03,postgresql,mesh_svc_3,production,eu-central-1,eu-central-1b,host-232,ct-9036,v1.0.0,2.0,8.0,1,low,scen_000031,top_0031
node_04,kafka,mesh_svc_4,production,eu-central-1,eu-central-1c,host-192,ct-5133,v2.5.0,8.0,8.0,5,high,scen_000031,top_0031
node_05,k8s_node,mesh_svc_5,production,eu-central-1,eu-central-1a,host-814,ct-7459,v3.4.0,16.0,32.0,1,medium,scen_000031,top_0031
node_06,kafka,mesh_svc_6,production,eu-central-1,eu-central-1a,host-523,ct-5700,v3.3.0,8.0,8.0,3,low,scen_000031,top_0031
node_07,mongodb,mesh_svc_7,production,eu-central-1,eu-central-1a,host-849,ct-8128,v1.0.0,8.0,64.0,1,low,scen_000031,top_0031
node_08,mysql,mesh_svc_8,production,eu-central-1,eu-central-1c,host-204,ct-4222,v1.4.0,2.0,16.0,5,low,scen_000031,top_0031
node_09,user_service,mesh_svc_9,production,eu-central-1,eu-central-1c,host-328,ct-7402,v3.1.0,8.0,8.0,4,medium,scen_000031,top_0031
node_10,notification_service,mesh_svc_10,production,eu-central-1,eu-central-1c,host-883,ct-7191,v1.9.0,4.0,4.0,2,critical,scen_000031,top_0031
node_11,load_balancer,mesh_svc_11,production,eu-central-1,eu-central-1c,host-177,ct-3103,v3.2.0,2.0,8.0,4,critical,scen_000031,top_0031
node_12,k8s_node,mesh_svc_12,production,eu-central-1,eu-central-1a,host-542,ct-2892,v3.3.0,2.0,64.0,4,medium,scen_000031,top_0031
node_13,payment_service,mesh_svc_13,production,eu-central-1,eu-central-1c,host-112,ct-5060,v3.0.0,4.0,16.0,5,medium,scen_000031,top_0031
node_14,k8s_node,mesh_svc_14,production,eu-central-1,eu-central-1c,host-707,ct-1970,v2.8.0,8.0,16.0,3,low,scen_000031,top_0031
node_15,redis,mesh_svc_15,production,eu-central-1,eu-central-1a,host-599,ct-4280,v2.9.0,8.0,4.0,4,low,scen_000031,top_0031
node_16,postgresql,mesh_svc_16,production,eu-central-1,eu-central-1b,host-624,ct-4941,v1.0.0,8.0,64.0,1,high,scen_000031,top_0031
node_17,rabbitmq,mesh_svc_17,production,eu-central-1,eu-central-1a,host-622,ct-9850,v1.4.0,16.0,64.0,3,high,scen_000031,top_0031
node_18,user_service,mesh_svc_18,production,eu-central-1,eu-central-1b,host-927,ct-7292,v1.1.0,8.0,32.0,2,high,scen_000031,top_0031
node_19,recommendation_service,mesh_svc_19,production,eu-central-1,eu-central-1c,host-969,ct-9911,v1.5.0,4.0,4.0,4,medium,scen_000031,top_0031
node_20,mongodb,mesh_svc_20,production,eu-central-1,eu-central-1a,host-134,ct-5192,v1.2.0,4.0,8.0,4,low,scen_000031,top_0031
node_21,mysql,mesh_svc_21,production,eu-central-1,eu-central-1c,host-884,ct-7222,v2.4.0,8.0,16.0,5,low,scen_000031,top_0031
node_22,mysql,mesh_svc_22,production,eu-central-1,eu-central-1c,host-448,ct-4780,v1.8.0,16.0,4.0,1,low,scen_000031,top_0031
node_23,notification_service,mesh_svc_23,production,eu-central-1,eu-central-1a,host-881,ct-9215,v1.5.0,4.0,4.0,1,low,scen_000031,top_0031
node_24,mysql,mesh_svc_24,production,eu-central-1,eu-central-1b,host-978,ct-4045,v3.2.0,2.0,4.0,3,medium,scen_000031,top_0031
node_25,redis,mesh_svc_25,production,eu-central-1,eu-central-1b,host-535,ct-4479,v2.6.0,16.0,4.0,3,high,scen_000031,top_0031
node_00,elasticsearch,mesh_svc_0,production,eu-central-1,eu-central-1b,host-930,ct-7854,v2.4.0,8.0,32.0,4,low,scen_000032,top_0032
node_01,mongodb,mesh_svc_1,production,eu-central-1,eu-central-1c,host-226,ct-7941,v1.2.0,16.0,64.0,3,high,scen_000032,top_0032
node_02,auth_service,mesh_svc_2,production,eu-central-1,eu-central-1c,host-374,ct-9882,v1.2.0,16.0,8.0,5,critical,scen_000032,top_0032
node_03,notification_service,mesh_svc_3,production,eu-central-1,eu-central-1a,host-305,ct-9625,v1.4.0,4.0,16.0,4,medium,scen_000032,top_0032
node_04,api_gateway,mesh_svc_4,production,eu-central-1,eu-central-1b,host-393,ct-4592,v1.7.0,2.0,16.0,3,medium,scen_000032,top_0032
node_05,user_service,mesh_svc_5,production,eu-central-1,eu-central-1c,host-850,ct-2943,v2.9.0,4.0,8.0,1,medium,scen_000032,top_0032
node_06,container,mesh_svc_6,production,eu-central-1,eu-central-1c,host-173,ct-9227,v2.8.0,2.0,4.0,5,low,scen_000032,top_0032
node_07,user_service,mesh_svc_7,production,eu-central-1,eu-central-1b,host-134,ct-4201,v1.9.0,8.0,4.0,3,high,scen_000032,top_0032
node_08,k8s_node,mesh_svc_8,production,eu-central-1,eu-central-1b,host-814,ct-4702,v3.7.0,2.0,16.0,3,medium,scen_000032,top_0032
node_09,mongodb,mesh_svc_9,production,eu-central-1,eu-central-1b,host-845,ct-6379,v2.1.0,8.0,16.0,2,critical,scen_000032,top_0032
node_10,redis,mesh_svc_10,production,eu-central-1,eu-central-1c,host-367,ct-1928,v3.0.0,8.0,64.0,2,low,scen_000032,top_0032
node_11,user_service,mesh_svc_11,production,eu-central-1,eu-central-1c,host-108,ct-3323,v3.9.0,8.0,4.0,5,critical,scen_000032,top_0032
node_12,container,mesh_svc_12,production,eu-central-1,eu-central-1b,host-334,ct-2803,v2.3.0,16.0,8.0,2,high,scen_000032,top_0032
node_13,container,mesh_svc_13,production,eu-central-1,eu-central-1a,host-692,ct-5024,v3.5.0,2.0,4.0,2,medium,scen_000032,top_0032
node_14,web_service,mesh_svc_14,production,eu-central-1,eu-central-1c,host-639,ct-2419,v2.7.0,8.0,4.0,5,medium,scen_000032,top_0032
node_15,web_service,mesh_svc_15,production,eu-central-1,eu-central-1b,host-708,ct-4877,v1.2.0,2.0,32.0,2,high,scen_000032,top_0032
node_16,postgresql,mesh_svc_16,production,eu-central-1,eu-central-1b,host-463,ct-5814,v3.7.0,16.0,8.0,1,high,scen_000032,top_0032
node_17,object_storage,mesh_svc_17,production,eu-central-1,eu-central-1b,host-758,ct-5414,v3.1.0,8.0,64.0,1,medium,scen_000032,top_0032
node_18,notification_service,mesh_svc_18,production,eu-central-1,eu-central-1a,host-101,ct-1177,v1.8.0,8.0,32.0,3,critical,scen_000032,top_0032
node_00,mongodb,mesh_svc_0,production,eu-central-1,eu-central-1b,host-114,ct-3688,v2.5.0,16.0,16.0,1,low,scen_000033,top_0033
node_01,notification_service,mesh_svc_1,production,eu-central-1,eu-central-1c,host-528,ct-2537,v3.6.0,4.0,4.0,3,high,scen_000033,top_0033
node_02,order_service,mesh_svc_2,production,eu-central-1,eu-central-1b,host-972,ct-5263,v3.5.0,2.0,16.0,4,high,scen_000033,top_0033
node_03,auth_service,mesh_svc_3,production,eu-central-1,eu-central-1b,host-952,ct-4635,v3.2.0,4.0,4.0,3,medium,scen_000033,top_0033
node_04,mongodb,mesh_svc_4,production,eu-central-1,eu-central-1b,host-621,ct-5715,v3.5.0,16.0,4.0,3,high,scen_000033,top_0033
node_05,api_gateway,mesh_svc_5,production,eu-central-1,eu-central-1b,host-529,ct-6338,v3.3.0,16.0,4.0,3,high,scen_000033,top_0033
node_06,redis,mesh_svc_6,production,eu-central-1,eu-central-1a,host-210,ct-5788,v3.2.0,2.0,32.0,1,high,scen_000033,top_0033
node_07,postgresql,mesh_svc_7,production,eu-central-1,eu-central-1a,host-473,ct-7828,v1.3.0,2.0,32.0,5,medium,scen_000033,top_0033
node_08,vm_instance,mesh_svc_8,production,eu-central-1,eu-central-1a,host-918,ct-2775,v1.9.0,2.0,4.0,1,critical,scen_000033,top_0033
node_09,k8s_node,mesh_svc_9,production,eu-central-1,eu-central-1b,host-823,ct-9400,v1.3.0,2.0,32.0,3,medium,scen_000033,top_0033
node_10,vm_instance,mesh_svc_10,production,eu-central-1,eu-central-1a,host-555,ct-4529,v2.5.0,2.0,16.0,4,high,scen_000033,top_0033
node_11,payment_service,mesh_svc_11,production,eu-central-1,eu-central-1c,host-903,ct-9443,v2.2.0,8.0,32.0,4,critical,scen_000033,top_0033
node_12,elasticsearch,mesh_svc_12,production,eu-central-1,eu-central-1a,host-568,ct-4707,v1.4.0,4.0,32.0,5,high,scen_000033,top_0033
node_13,inventory_service,mesh_svc_13,production,eu-central-1,eu-central-1c,host-244,ct-7653,v1.5.0,4.0,16.0,5,medium,scen_000033,top_0033
node_14,recommendation_service,mesh_svc_14,production,eu-central-1,eu-central-1a,host-857,ct-2721,v1.0.0,16.0,16.0,4,high,scen_000033,top_0033
node_15,order_service,mesh_svc_15,production,eu-central-1,eu-central-1c,host-248,ct-1820,v1.7.0,2.0,8.0,1,high,scen_000033,top_0033
node_16,recommendation_service,mesh_svc_16,production,eu-central-1,eu-central-1a,host-789,ct-4887,v2.6.0,2.0,8.0,1,medium,scen_000033,top_0033
node_17,notification_service,mesh_svc_17,production,eu-central-1,eu-central-1a,host-278,ct-4138,v1.3.0,4.0,4.0,3,low,scen_000033,top_0033
ingest_01,api_gateway,ingestion_gateway,production,us-west-2,us-west-2a,host-781,ct-3500,v1.0.0,16.0,8.0,2,critical,scen_000034,top_0034
kafka_broker,kafka,kafka,production,us-west-2,us-west-2a,host-410,ct-5564,v3.6.0,4.0,16.0,5,critical,scen_000034,top_0034
notif_01,notification_service,notification_service,production,us-west-2,us-west-2c,host-219,ct-4558,v1.7.0,8.0,16.0,5,high,scen_000034,top_0034
user_01,user_service,user_service,production,us-west-2,us-west-2b,host-870,ct-2949,v3.3.0,2.0,8.0,4,medium,scen_000034,top_0034
db_event,mysql,mysql,production,us-west-2,us-west-2a,host-641,ct-7676,v3.6.0,4.0,64.0,4,high,scen_000034,top_0034
consumer_1,web_service,kafka_consumer_1,production,us-west-2,us-west-2a,host-458,ct-2622,v1.8.0,16.0,8.0,2,low,scen_000034,top_0034
consumer_2,web_service,kafka_consumer_2,production,us-west-2,us-west-2a,host-457,ct-4689,v1.1.0,4.0,4.0,1,low,scen_000034,top_0034
consumer_3,web_service,kafka_consumer_3,production,us-west-2,us-west-2c,host-608,ct-6684,v2.7.0,8.0,32.0,5,low,scen_000034,top_0034
consumer_4,web_service,kafka_consumer_4,production,us-west-2,us-west-2b,host-847,ct-9534,v2.4.0,16.0,8.0,3,low,scen_000034,top_0034
consumer_5,web_service,kafka_consumer_5,production,us-west-2,us-west-2a,host-540,ct-8398,v1.9.0,4.0,8.0,2,low,scen_000034,top_0034
consumer_6,web_service,kafka_consumer_6,production,us-west-2,us-west-2b,host-521,ct-7905,v1.5.0,4.0,8.0,5,low,scen_000034,top_0034
consumer_7,web_service,kafka_consumer_7,production,us-west-2,us-west-2c,host-690,ct-2711,v1.8.0,2.0,8.0,2,low,scen_000034,top_0034
consumer_8,web_service,kafka_consumer_8,production,us-west-2,us-west-2c,host-754,ct-8907,v1.6.0,2.0,64.0,1,low,scen_000034,top_0034
consumer_9,web_service,kafka_consumer_9,production,us-west-2,us-west-2a,host-663,ct-9746,v1.9.0,16.0,32.0,4,low,scen_000034,top_0034
consumer_10,web_service,kafka_consumer_10,production,us-west-2,us-west-2c,host-982,ct-2421,v1.1.0,4.0,16.0,3,low,scen_000034,top_0034
consumer_11,web_service,kafka_consumer_11,production,us-west-2,us-west-2a,host-344,ct-6239,v1.1.0,2.0,16.0,1,low,scen_000034,top_0034
consumer_12,web_service,kafka_consumer_12,production,us-west-2,us-west-2c,host-336,ct-6172,v3.8.0,4.0,16.0,3,low,scen_000034,top_0034
consumer_13,web_service,kafka_consumer_13,production,us-west-2,us-west-2b,host-376,ct-3469,v3.8.0,2.0,4.0,2,low,scen_000034,top_0034
consumer_14,web_service,kafka_consumer_14,production,us-west-2,us-west-2b,host-343,ct-3267,v3.2.0,16.0,64.0,2,low,scen_000034,top_0034
consumer_15,web_service,kafka_consumer_15,production,us-west-2,us-west-2a,host-699,ct-4377,v1.4.0,2.0,32.0,2,low,scen_000034,top_0034
consumer_16,web_service,kafka_consumer_16,production,us-west-2,us-west-2a,host-537,ct-4820,v3.7.0,16.0,32.0,3,low,scen_000034,top_0034
consumer_17,web_service,kafka_consumer_17,production,us-west-2,us-west-2c,host-251,ct-6949,v2.1.0,4.0,16.0,3,low,scen_000034,top_0034
consumer_18,web_service,kafka_consumer_18,production,us-west-2,us-west-2a,host-884,ct-2050,v1.0.0,16.0,16.0,3,low,scen_000034,top_0034
consumer_19,web_service,kafka_consumer_19,production,us-west-2,us-west-2a,host-853,ct-1423,v2.7.0,4.0,4.0,4,low,scen_000034,top_0034
consumer_20,web_service,kafka_consumer_20,production,us-west-2,us-west-2c,host-617,ct-4406,v2.2.0,16.0,32.0,5,low,scen_000034,top_0034
consumer_21,web_service,kafka_consumer_21,production,us-west-2,us-west-2c,host-415,ct-6069,v1.8.0,2.0,64.0,5,low,scen_000034,top_0034
gw_01,api_gateway,api_gateway,production,us-east-1,us-east-1b,host-937,ct-5143,v2.3.0,4.0,16.0,5,critical,scen_000037,top_0037
auth_01,auth_service,auth_service,production,us-east-1,us-east-1a,host-581,ct-7169,v1.1.0,16.0,8.0,1,high,scen_000037,top_0037
order_01,order_service,order_service,production,us-east-1,us-east-1c,host-332,ct-3567,v1.9.0,2.0,8.0,3,critical,scen_000037,top_0037
pay_01,payment_service,payment_service,production,us-east-1,us-east-1a,host-202,ct-7148,v3.4.0,8.0,4.0,2,critical,scen_000037,top_0037
inv_01,inventory_service,inventory_service,production,us-east-1,us-east-1a,host-355,ct-2087,v2.2.0,2.0,8.0,1,high,scen_000037,top_0037
db_master,postgresql,postgresql,production,us-east-1,us-east-1b,host-197,ct-9132,v3.6.0,2.0,64.0,5,critical,scen_000037,top_0037
cache_01,redis,redis,production,us-east-1,us-east-1a,host-174,ct-4594,v2.3.0,16.0,64.0,4,high,scen_000037,top_0037
mq_01,kafka,kafka,production,us-east-1,us-east-1a,host-508,ct-6598,v1.4.0,2.0,32.0,3,high,scen_000037,top_0037
ecom_aux_1,user_service,user_service_1,production,us-east-1,us-east-1b,host-668,ct-6592,v1.1.0,16.0,16.0,2,low,scen_000037,top_0037
ecom_aux_2,user_service,user_service_2,production,us-east-1,us-east-1c,host-877,ct-6068,v1.8.0,16.0,16.0,2,low,scen_000037,top_0037
ecom_aux_3,user_service,user_service_3,production,us-east-1,us-east-1c,host-599,ct-6295,v2.6.0,2.0,64.0,1,low,scen_000037,top_0037
ecom_aux_4,user_service,user_service_4,production,us-east-1,us-east-1b,host-414,ct-4646,v2.1.0,2.0,8.0,5,low,scen_000037,top_0037
ecom_aux_5,user_service,user_service_5,production,us-east-1,us-east-1c,host-652,ct-1290,v3.2.0,8.0,32.0,5,low,scen_000037,top_0037
ecom_aux_6,user_service,user_service_6,production,us-east-1,us-east-1c,host-431,ct-1227,v1.8.0,16.0,8.0,5,low,scen_000037,top_0037
ecom_aux_7,user_service,user_service_7,production,us-east-1,us-east-1a,host-260,ct-2522,v3.6.0,4.0,64.0,3,low,scen_000037,top_0037
ecom_aux_8,user_service,user_service_8,production,us-east-1,us-east-1c,host-221,ct-5865,v3.2.0,4.0,64.0,4,low,scen_000037,top_0037
ecom_aux_9,user_service,user_service_9,production,us-east-1,us-east-1c,host-410,ct-2543,v1.3.0,2.0,4.0,4,low,scen_000037,top_0037
ecom_aux_10,user_service,user_service_10,production,us-east-1,us-east-1b,host-854,ct-2724,v2.1.0,4.0,64.0,3,low,scen_000037,top_0037
ecom_aux_11,user_service,user_service_11,production,us-east-1,us-east-1a,host-140,ct-6607,v2.3.0,16.0,64.0,3,low,scen_000037,top_0037
ecom_aux_12,user_service,user_service_12,production,us-east-1,us-east-1c,host-801,ct-2981,v1.6.0,8.0,64.0,1,low,scen_000037,top_0037
ecom_aux_13,user_service,user_service_13,production,us-east-1,us-east-1b,host-371,ct-2137,v3.4.0,2.0,4.0,2,low,scen_000037,top_0037
ecom_aux_14,user_service,user_service_14,production,us-east-1,us-east-1c,host-159,ct-5877,v2.3.0,4.0,8.0,1,low,scen_000037,top_0037
ecom_aux_15,user_service,user_service_15,production,us-east-1,us-east-1b,host-891,ct-1814,v1.0.0,2.0,16.0,5,low,scen_000037,top_0037
ecom_aux_16,user_service,user_service_16,production,us-east-1,us-east-1b,host-139,ct-7940,v2.4.0,8.0,4.0,2,low,scen_000037,top_0037
ecom_aux_17,user_service,user_service_17,production,us-east-1,us-east-1b,host-143,ct-7732,v2.4.0,8.0,64.0,3,low,scen_000037,top_0037
ecom_aux_18,user_service,user_service_18,production,us-east-1,us-east-1a,host-537,ct-9180,v1.8.0,4.0,16.0,2,low,scen_000037,top_0037
ecom_aux_19,user_service,user_service_19,production,us-east-1,us-east-1c,host-892,ct-6098,v3.1.0,16.0,4.0,3,low,scen_000037,top_0037
ecom_aux_20,user_service,user_service_20,production,us-east-1,us-east-1c,host-249,ct-2901,v3.6.0,4.0,4.0,4,low,scen_000037,top_0037
ecom_aux_21,user_service,user_service_21,production,us-east-1,us-east-1c,host-349,ct-5474,v3.5.0,4.0,64.0,2,low,scen_000037,top_0037
ecom_aux_22,user_service,user_service_22,production,us-east-1,us-east-1b,host-260,ct-8726,v3.7.0,8.0,8.0,3,low,scen_000037,top_0037
ecom_aux_23,user_service,user_service_23,production,us-east-1,us-east-1a,host-172,ct-7299,v3.5.0,8.0,4.0,5,low,scen_000037,top_0037
ecom_aux_24,user_service,user_service_24,production,us-east-1,us-east-1a,host-934,ct-3679,v1.2.0,2.0,64.0,5,low,scen_000037,top_0037
ecom_aux_25,user_service,user_service_25,production,us-east-1,us-east-1b,host-221,ct-3672,v1.6.0,4.0,32.0,5,low,scen_000037,top_0037
ecom_aux_26,user_service,user_service_26,production,us-east-1,us-east-1b,host-838,ct-4779,v1.3.0,8.0,4.0,1,low,scen_000037,top_0037
ecom_aux_27,user_service,user_service_27,production,us-east-1,us-east-1c,host-923,ct-7795,v2.3.0,2.0,32.0,5,low,scen_000037,top_0037
node_00,payment_service,mesh_svc_0,production,us-east-1,us-east-1b,host-185,ct-3052,v1.1.0,2.0,64.0,5,medium,scen_000038,top_0038
node_01,postgresql,mesh_svc_1,production,us-east-1,us-east-1b,host-953,ct-4150,v3.3.0,8.0,32.0,5,medium,scen_000038,top_0038
node_02,rabbitmq,mesh_svc_2,production,us-east-1,us-east-1c,host-938,ct-1962,v1.8.0,2.0,64.0,2,medium,scen_000038,top_0038
node_03,payment_service,mesh_svc_3,production,us-east-1,us-east-1b,host-910,ct-8422,v3.6.0,8.0,32.0,3,low,scen_000038,top_0038
node_04,payment_service,mesh_svc_4,production,us-east-1,us-east-1b,host-711,ct-3477,v1.5.0,16.0,8.0,2,high,scen_000038,top_0038
node_05,object_storage,mesh_svc_5,production,us-east-1,us-east-1c,host-110,ct-3380,v2.0.0,8.0,64.0,5,low,scen_000038,top_0038
node_06,api_gateway,mesh_svc_6,production,us-east-1,us-east-1b,host-538,ct-8351,v2.0.0,8.0,64.0,5,critical,scen_000038,top_0038
node_07,postgresql,mesh_svc_7,production,us-east-1,us-east-1c,host-712,ct-7151,v1.0.0,4.0,32.0,2,medium,scen_000038,top_0038
node_08,postgresql,mesh_svc_8,production,us-east-1,us-east-1b,host-381,ct-6538,v3.9.0,4.0,8.0,4,low,scen_000038,top_0038
node_09,user_service,mesh_svc_9,production,us-east-1,us-east-1c,host-610,ct-2649,v1.4.0,4.0,32.0,5,medium,scen_000038,top_0038
node_10,inventory_service,mesh_svc_10,production,us-east-1,us-east-1c,host-698,ct-3999,v3.0.0,2.0,32.0,4,low,scen_000038,top_0038
node_11,payment_service,mesh_svc_11,production,us-east-1,us-east-1c,host-740,ct-6479,v3.6.0,8.0,8.0,3,medium,scen_000038,top_0038
node_12,kafka,mesh_svc_12,production,us-east-1,us-east-1b,host-774,ct-7141,v2.8.0,8.0,32.0,5,medium,scen_000038,top_0038
node_13,api_gateway,mesh_svc_13,production,us-east-1,us-east-1c,host-438,ct-9739,v2.7.0,2.0,64.0,1,critical,scen_000038,top_0038
node_14,recommendation_service,mesh_svc_14,production,us-east-1,us-east-1b,host-164,ct-5593,v3.1.0,2.0,64.0,3,low,scen_000038,top_0038
node_15,kafka,mesh_svc_15,production,us-east-1,us-east-1a,host-254,ct-3720,v3.7.0,16.0,32.0,5,low,scen_000038,top_0038
node_16,kafka,mesh_svc_16,production,us-east-1,us-east-1a,host-801,ct-5111,v3.2.0,16.0,8.0,3,critical,scen_000038,top_0038
node_17,api_gateway,mesh_svc_17,production,us-east-1,us-east-1c,host-996,ct-7530,v2.3.0,8.0,64.0,3,low,scen_000038,top_0038
node_18,container,mesh_svc_18,production,us-east-1,us-east-1c,host-496,ct-8832,v2.9.0,4.0,16.0,3,critical,scen_000038,top_0038
node_19,recommendation_service,mesh_svc_19,production,us-east-1,us-east-1c,host-281,ct-4818,v3.0.0,8.0,16.0,3,low,scen_000038,top_0038
node_20,mongodb,mesh_svc_20,production,us-east-1,us-east-1a,host-947,ct-1168,v1.8.0,4.0,8.0,4,high,scen_000038,top_0038
node_21,notification_service,mesh_svc_21,production,us-east-1,us-east-1a,host-160,ct-6452,v1.7.0,16.0,4.0,2,high,scen_000038,top_0038
node_22,load_balancer,mesh_svc_22,production,us-east-1,us-east-1b,host-559,ct-1591,v3.1.0,4.0,8.0,2,critical,scen_000038,top_0038
node_23,rabbitmq,mesh_svc_23,production,us-east-1,us-east-1c,host-721,ct-6879,v1.8.0,2.0,4.0,5,medium,scen_000038,top_0038
node_24,rabbitmq,mesh_svc_24,production,us-east-1,us-east-1b,host-971,ct-7464,v1.4.0,4.0,4.0,4,high,scen_000038,top_0038
node_25,redis,mesh_svc_25,production,us-east-1,us-east-1a,host-863,ct-2193,v3.2.0,8.0,32.0,4,medium,scen_000038,top_0038
gw_01,api_gateway,api_gateway,production,us-west-2,us-west-2c,host-368,ct-7150,v3.7.0,4.0,64.0,1,critical,scen_000039,top_0039
auth_01,auth_service,auth_service,production,us-west-2,us-west-2b,host-784,ct-7638,v3.3.0,2.0,16.0,3,high,scen_000039,top_0039
order_01,order_service,order_service,production,us-west-2,us-west-2b,host-259,ct-7880,v3.7.0,4.0,16.0,2,critical,scen_000039,top_0039
pay_01,payment_service,payment_service,production,us-west-2,us-west-2c,host-969,ct-7055,v2.6.0,2.0,8.0,4,critical,scen_000039,top_0039
inv_01,inventory_service,inventory_service,production,us-west-2,us-west-2a,host-982,ct-8097,v1.6.0,8.0,4.0,3,high,scen_000039,top_0039
db_master,postgresql,postgresql,production,us-west-2,us-west-2a,host-194,ct-4584,v1.2.0,2.0,32.0,4,critical,scen_000039,top_0039
cache_01,redis,redis,production,us-west-2,us-west-2c,host-849,ct-3313,v3.2.0,2.0,4.0,2,high,scen_000039,top_0039
mq_01,kafka,kafka,production,us-west-2,us-west-2c,host-948,ct-7195,v2.4.0,8.0,32.0,2,high,scen_000039,top_0039
ecom_aux_1,user_service,user_service_1,production,us-west-2,us-west-2c,host-759,ct-3814,v2.9.0,8.0,64.0,2,low,scen_000039,top_0039
ecom_aux_2,user_service,user_service_2,production,us-west-2,us-west-2a,host-368,ct-5218,v2.6.0,4.0,4.0,2,low,scen_000039,top_0039
ecom_aux_3,user_service,user_service_3,production,us-west-2,us-west-2a,host-564,ct-1650,v3.3.0,2.0,16.0,3,low,scen_000039,top_0039
ecom_aux_4,user_service,user_service_4,production,us-west-2,us-west-2c,host-200,ct-5839,v2.0.0,8.0,16.0,3,low,scen_000039,top_0039
ecom_aux_5,user_service,user_service_5,production,us-west-2,us-west-2b,host-886,ct-3679,v3.1.0,4.0,4.0,4,low,scen_000039,top_0039
ecom_aux_6,user_service,user_service_6,production,us-west-2,us-west-2a,host-893,ct-3743,v1.2.0,2.0,4.0,3,low,scen_000039,top_0039
ecom_aux_7,user_service,user_service_7,production,us-west-2,us-west-2a,host-157,ct-3043,v1.9.0,8.0,16.0,5,low,scen_000039,top_0039
ecom_aux_8,user_service,user_service_8,production,us-west-2,us-west-2b,host-682,ct-2602,v1.8.0,4.0,64.0,3,low,scen_000039,top_0039
ecom_aux_9,user_service,user_service_9,production,us-west-2,us-west-2b,host-953,ct-7138,v3.1.0,2.0,8.0,4,low,scen_000039,top_0039
ecom_aux_10,user_service,user_service_10,production,us-west-2,us-west-2c,host-775,ct-5640,v1.2.0,16.0,4.0,4,low,scen_000039,top_0039
ecom_aux_11,user_service,user_service_11,production,us-west-2,us-west-2b,host-665,ct-9114,v3.4.0,16.0,16.0,4,low,scen_000039,top_0039
ecom_aux_12,user_service,user_service_12,production,us-west-2,us-west-2c,host-817,ct-1030,v1.1.0,16.0,8.0,4,low,scen_000039,top_0039
ecom_aux_13,user_service,user_service_13,production,us-west-2,us-west-2b,host-288,ct-8115,v3.6.0,16.0,16.0,3,low,scen_000039,top_0039
ecom_aux_14,user_service,user_service_14,production,us-west-2,us-west-2c,host-582,ct-3748,v2.2.0,4.0,4.0,4,low,scen_000039,top_0039
ecom_aux_15,user_service,user_service_15,production,us-west-2,us-west-2a,host-106,ct-1685,v1.1.0,16.0,8.0,1,low,scen_000039,top_0039
ecom_aux_16,user_service,user_service_16,production,us-west-2,us-west-2c,host-216,ct-9638,v3.5.0,16.0,8.0,5,low,scen_000039,top_0039
ecom_aux_17,user_service,user_service_17,production,us-west-2,us-west-2b,host-111,ct-1990,v1.1.0,8.0,32.0,2,low,scen_000039,top_0039
ecom_aux_18,user_service,user_service_18,production,us-west-2,us-west-2c,host-511,ct-9674,v3.8.0,2.0,8.0,1,low,scen_000039,top_0039
ecom_aux_19,user_service,user_service_19,production,us-west-2,us-west-2c,host-655,ct-5153,v3.0.0,8.0,8.0,2,low,scen_000039,top_0039
ecom_aux_20,user_service,user_service_20,production,us-west-2,us-west-2a,host-939,ct-9122,v2.0.0,8.0,16.0,5,low,scen_000039,top_0039
ecom_aux_21,user_service,user_service_21,production,us-west-2,us-west-2a,host-820,ct-4831,v1.4.0,4.0,64.0,2,low,scen_000039,top_0039
ingest_01,api_gateway,ingestion_gateway,production,eu-central-1,eu-central-1a,host-290,ct-4645,v1.2.0,16.0,64.0,4,critical,scen_000040,top_0040
kafka_broker,kafka,kafka,production,eu-central-1,eu-central-1a,host-369,ct-5977,v1.5.0,4.0,32.0,1,critical,scen_000040,top_0040
notif_01,notification_service,notification_service,production,eu-central-1,eu-central-1a,host-532,ct-3076,v2.5.0,16.0,4.0,3,high,scen_000040,top_0040
user_01,user_service,user_service,production,eu-central-1,eu-central-1b,host-779,ct-1931,v1.6.0,8.0,16.0,4,medium,scen_000040,top_0040
db_event,mysql,mysql,production,eu-central-1,eu-central-1a,host-880,ct-4483,v2.1.0,8.0,4.0,1,high,scen_000040,top_0040
consumer_1,web_service,kafka_consumer_1,production,eu-central-1,eu-central-1b,host-884,ct-4834,v3.0.0,4.0,64.0,3,low,scen_000040,top_0040
consumer_2,web_service,kafka_consumer_2,production,eu-central-1,eu-central-1a,host-469,ct-4562,v1.0.0,2.0,64.0,2,low,scen_000040,top_0040
consumer_3,web_service,kafka_consumer_3,production,eu-central-1,eu-central-1c,host-569,ct-1952,v2.6.0,16.0,16.0,5,low,scen_000040,top_0040
consumer_4,web_service,kafka_consumer_4,production,eu-central-1,eu-central-1c,host-964,ct-4825,v1.3.0,16.0,8.0,5,low,scen_000040,top_0040
consumer_5,web_service,kafka_consumer_5,production,eu-central-1,eu-central-1b,host-612,ct-5104,v3.2.0,8.0,8.0,2,low,scen_000040,top_0040
consumer_6,web_service,kafka_consumer_6,production,eu-central-1,eu-central-1a,host-605,ct-9357,v1.0.0,16.0,16.0,1,low,scen_000040,top_0040
consumer_7,web_service,kafka_consumer_7,production,eu-central-1,eu-central-1a,host-690,ct-9645,v3.6.0,8.0,8.0,3,low,scen_000040,top_0040
consumer_8,web_service,kafka_consumer_8,production,eu-central-1,eu-central-1b,host-130,ct-6827,v2.8.0,2.0,64.0,3,low,scen_000040,top_0040
consumer_9,web_service,kafka_consumer_9,production,eu-central-1,eu-central-1b,host-633,ct-4479,v2.7.0,4.0,4.0,5,low,scen_000040,top_0040
consumer_10,web_service,kafka_consumer_10,production,eu-central-1,eu-central-1a,host-870,ct-9515,v3.8.0,16.0,64.0,1,low,scen_000040,top_0040
consumer_11,web_service,kafka_consumer_11,production,eu-central-1,eu-central-1b,host-655,ct-8849,v1.7.0,2.0,4.0,5,low,scen_000040,top_0040
gw_01,api_gateway,api_gateway,production,eu-central-1,eu-central-1a,host-927,ct-1000,v2.6.0,4.0,16.0,1,critical,scen_000042,top_0042
auth_01,auth_service,auth_service,production,eu-central-1,eu-central-1b,host-268,ct-9064,v1.5.0,16.0,32.0,5,high,scen_000042,top_0042
order_01,order_service,order_service,production,eu-central-1,eu-central-1b,host-864,ct-7257,v3.8.0,16.0,32.0,4,critical,scen_000042,top_0042
pay_01,payment_service,payment_service,production,eu-central-1,eu-central-1c,host-783,ct-6263,v3.9.0,8.0,16.0,4,critical,scen_000042,top_0042
inv_01,inventory_service,inventory_service,production,eu-central-1,eu-central-1c,host-540,ct-7156,v2.2.0,2.0,16.0,4,high,scen_000042,top_0042
db_master,postgresql,postgresql,production,eu-central-1,eu-central-1c,host-288,ct-4015,v1.8.0,16.0,16.0,2,critical,scen_000042,top_0042
cache_01,redis,redis,production,eu-central-1,eu-central-1a,host-489,ct-4098,v1.8.0,2.0,64.0,2,high,scen_000042,top_0042
mq_01,kafka,kafka,production,eu-central-1,eu-central-1c,host-162,ct-4662,v1.6.0,2.0,16.0,5,high,scen_000042,top_0042
ecom_aux_1,user_service,user_service_1,production,eu-central-1,eu-central-1c,host-991,ct-8671,v1.4.0,2.0,8.0,3,low,scen_000042,top_0042
ecom_aux_2,user_service,user_service_2,production,eu-central-1,eu-central-1c,host-783,ct-6483,v2.4.0,4.0,4.0,5,low,scen_000042,top_0042
ecom_aux_3,user_service,user_service_3,production,eu-central-1,eu-central-1a,host-898,ct-7240,v1.6.0,2.0,32.0,4,low,scen_000042,top_0042
ecom_aux_4,user_service,user_service_4,production,eu-central-1,eu-central-1a,host-631,ct-4223,v2.4.0,4.0,64.0,4,low,scen_000042,top_0042
ecom_aux_5,user_service,user_service_5,production,eu-central-1,eu-central-1a,host-247,ct-8359,v2.7.0,4.0,4.0,2,low,scen_000042,top_0042
ecom_aux_6,user_service,user_service_6,production,eu-central-1,eu-central-1b,host-345,ct-3027,v3.7.0,8.0,64.0,2,low,scen_000042,top_0042
ecom_aux_7,user_service,user_service_7,production,eu-central-1,eu-central-1c,host-491,ct-5631,v2.5.0,16.0,16.0,1,low,scen_000042,top_0042
ecom_aux_8,user_service,user_service_8,production,eu-central-1,eu-central-1c,host-130,ct-3957,v1.2.0,4.0,64.0,5,low,scen_000042,top_0042
ecom_aux_9,user_service,user_service_9,production,eu-central-1,eu-central-1c,host-772,ct-3933,v3.3.0,4.0,32.0,3,low,scen_000042,top_0042
ecom_aux_10,user_service,user_service_10,production,eu-central-1,eu-central-1b,host-629,ct-1351,v1.1.0,8.0,32.0,1,low,scen_000042,top_0042
ecom_aux_11,user_service,user_service_11,production,eu-central-1,eu-central-1c,host-651,ct-8417,v1.5.0,16.0,16.0,4,low,scen_000042,top_0042
ecom_aux_12,user_service,user_service_12,production,eu-central-1,eu-central-1a,host-941,ct-8747,v2.7.0,8.0,8.0,5,low,scen_000042,top_0042
ecom_aux_13,user_service,user_service_13,production,eu-central-1,eu-central-1c,host-918,ct-9468,v3.0.0,16.0,16.0,4,low,scen_000042,top_0042
ecom_aux_14,user_service,user_service_14,production,eu-central-1,eu-central-1c,host-762,ct-7098,v2.3.0,2.0,32.0,1,low,scen_000042,top_0042
ecom_aux_15,user_service,user_service_15,production,eu-central-1,eu-central-1b,host-150,ct-2183,v3.1.0,2.0,8.0,3,low,scen_000042,top_0042
ecom_aux_16,user_service,user_service_16,production,eu-central-1,eu-central-1b,host-946,ct-2016,v3.1.0,2.0,64.0,3,low,scen_000042,top_0042
ecom_aux_17,user_service,user_service_17,production,eu-central-1,eu-central-1c,host-511,ct-1582,v3.7.0,2.0,32.0,2,low,scen_000042,top_0042
ecom_aux_18,user_service,user_service_18,production,eu-central-1,eu-central-1a,host-909,ct-5024,v1.9.0,4.0,64.0,2,low,scen_000042,top_0042
ecom_aux_19,user_service,user_service_19,production,eu-central-1,eu-central-1b,host-265,ct-2558,v3.5.0,2.0,64.0,1,low,scen_000042,top_0042
ecom_aux_20,user_service,user_service_20,production,eu-central-1,eu-central-1b,host-826,ct-9301,v2.7.0,8.0,4.0,5,low,scen_000042,top_0042
ecom_aux_21,user_service,user_service_21,production,eu-central-1,eu-central-1c,host-680,ct-1223,v1.8.0,4.0,64.0,3,low,scen_000042,top_0042
ecom_aux_22,user_service,user_service_22,production,eu-central-1,eu-central-1a,host-759,ct-6039,v1.1.0,4.0,8.0,4,low,scen_000042,top_0042
ecom_aux_23,user_service,user_service_23,production,eu-central-1,eu-central-1b,host-809,ct-6979,v2.1.0,16.0,8.0,1,low,scen_000042,top_0042
ecom_aux_24,user_service,user_service_24,production,eu-central-1,eu-central-1c,host-795,ct-8221,v3.9.0,8.0,8.0,3,low,scen_000042,top_0042
ecom_aux_25,user_service,user_service_25,production,eu-central-1,eu-central-1a,host-743,ct-5171,v1.7.0,4.0,8.0,2,low,scen_000042,top_0042
node_00,postgresql,mesh_svc_0,production,us-west-2,us-west-2a,host-522,ct-3621,v1.1.0,2.0,64.0,5,medium,scen_000044,top_0044
node_01,redis,mesh_svc_1,production,us-west-2,us-west-2a,host-919,ct-7428,v1.4.0,8.0,64.0,5,low,scen_000044,top_0044
node_02,notification_service,mesh_svc_2,production,us-west-2,us-west-2a,host-567,ct-8219,v3.1.0,16.0,8.0,1,medium,scen_000044,top_0044
node_03,postgresql,mesh_svc_3,production,us-west-2,us-west-2c,host-119,ct-4948,v2.7.0,2.0,16.0,2,high,scen_000044,top_0044
node_04,notification_service,mesh_svc_4,production,us-west-2,us-west-2b,host-414,ct-4737,v3.6.0,4.0,4.0,2,medium,scen_000044,top_0044
node_05,api_gateway,mesh_svc_5,production,us-west-2,us-west-2c,host-858,ct-3837,v3.2.0,16.0,8.0,4,medium,scen_000044,top_0044
node_06,elasticsearch,mesh_svc_6,production,us-west-2,us-west-2a,host-215,ct-6839,v1.4.0,4.0,8.0,2,critical,scen_000044,top_0044
node_07,order_service,mesh_svc_7,production,us-west-2,us-west-2b,host-257,ct-1366,v2.5.0,2.0,4.0,4,critical,scen_000044,top_0044
gw_01,api_gateway,api_gateway,production,eu-central-1,eu-central-1a,host-521,ct-5379,v1.3.0,4.0,8.0,1,critical,scen_000047,top_0047
rec_01,recommendation_service,recommendation_service,production,eu-central-1,eu-central-1a,host-531,ct-4473,v1.1.0,16.0,16.0,3,high,scen_000047,top_0047
es_01,elasticsearch,elasticsearch,production,eu-central-1,eu-central-1a,host-639,ct-3354,v3.8.0,2.0,16.0,3,critical,scen_000047,top_0047
redis_01,redis,redis,production,eu-central-1,eu-central-1c,host-403,ct-8138,v3.0.0,2.0,4.0,2,critical,scen_000047,top_0047
mongo_01,mongodb,mongodb,production,eu-central-1,eu-central-1a,host-761,ct-2074,v3.9.0,2.0,16.0,4,high,scen_000047,top_0047
search_node_1,user_service,search_aux_1,production,eu-central-1,eu-central-1a,host-822,ct-6524,v1.2.0,2.0,16.0,1,medium,scen_000047,top_0047
search_node_2,user_service,search_aux_2,production,eu-central-1,eu-central-1c,host-405,ct-7055,v1.5.0,4.0,32.0,4,medium,scen_000047,top_0047
search_node_3,user_service,search_aux_3,production,eu-central-1,eu-central-1b,host-538,ct-9826,v2.3.0,2.0,32.0,5,medium,scen_000047,top_0047
search_node_4,user_service,search_aux_4,production,eu-central-1,eu-central-1b,host-169,ct-5705,v1.6.0,4.0,8.0,1,medium,scen_000047,top_0047
search_node_5,user_service,search_aux_5,production,eu-central-1,eu-central-1b,host-111,ct-3855,v1.3.0,16.0,4.0,4,medium,scen_000047,top_0047
search_node_6,user_service,search_aux_6,production,eu-central-1,eu-central-1c,host-994,ct-2825,v2.0.0,16.0,64.0,4,medium,scen_000047,top_0047
search_node_7,user_service,search_aux_7,production,eu-central-1,eu-central-1c,host-335,ct-7782,v2.2.0,8.0,32.0,4,medium,scen_000047,top_0047
search_node_8,user_service,search_aux_8,production,eu-central-1,eu-central-1a,host-452,ct-7925,v3.6.0,2.0,4.0,4,medium,scen_000047,top_0047
gw_01,api_gateway,api_gateway,production,us-west-2,us-west-2a,host-153,ct-4350,v2.2.0,4.0,32.0,1,critical,scen_000049,top_0049
auth_01,auth_service,auth_service,production,us-west-2,us-west-2c,host-561,ct-8271,v1.8.0,16.0,8.0,4,high,scen_000049,top_0049
order_01,order_service,order_service,production,us-west-2,us-west-2a,host-998,ct-1324,v3.2.0,4.0,16.0,3,critical,scen_000049,top_0049
pay_01,payment_service,payment_service,production,us-west-2,us-west-2b,host-190,ct-6252,v2.7.0,16.0,16.0,2,critical,scen_000049,top_0049
inv_01,inventory_service,inventory_service,production,us-west-2,us-west-2a,host-900,ct-4694,v2.9.0,2.0,8.0,1,high,scen_000049,top_0049
db_master,postgresql,postgresql,production,us-west-2,us-west-2b,host-995,ct-6112,v2.8.0,8.0,32.0,3,critical,scen_000049,top_0049
cache_01,redis,redis,production,us-west-2,us-west-2c,host-295,ct-9868,v2.1.0,4.0,64.0,2,high,scen_000049,top_0049
mq_01,kafka,kafka,production,us-west-2,us-west-2c,host-464,ct-8251,v3.3.0,2.0,4.0,4,high,scen_000049,top_0049
ecom_aux_1,user_service,user_service_1,production,us-west-2,us-west-2b,host-687,ct-7505,v1.5.0,16.0,32.0,3,low,scen_000049,top_0049
ecom_aux_2,user_service,user_service_2,production,us-west-2,us-west-2b,host-718,ct-4299,v1.8.0,16.0,8.0,3,low,scen_000049,top_0049
ecom_aux_3,user_service,user_service_3,production,us-west-2,us-west-2a,host-681,ct-5412,v3.8.0,8.0,64.0,4,low,scen_000049,top_0049
ecom_aux_4,user_service,user_service_4,production,us-west-2,us-west-2b,host-411,ct-9297,v3.4.0,2.0,64.0,4,low,scen_000049,top_0049
ecom_aux_5,user_service,user_service_5,production,us-west-2,us-west-2c,host-440,ct-4519,v1.5.0,4.0,4.0,5,low,scen_000049,top_0049
ecom_aux_6,user_service,user_service_6,production,us-west-2,us-west-2c,host-165,ct-2686,v2.1.0,8.0,4.0,5,low,scen_000049,top_0049
ecom_aux_7,user_service,user_service_7,production,us-west-2,us-west-2a,host-576,ct-4954,v3.4.0,8.0,16.0,2,low,scen_000049,top_0049
ecom_aux_8,user_service,user_service_8,production,us-west-2,us-west-2a,host-757,ct-1180,v1.7.0,4.0,4.0,1,low,scen_000049,top_0049
ecom_aux_9,user_service,user_service_9,production,us-west-2,us-west-2a,host-952,ct-8634,v3.3.0,4.0,16.0,1,low,scen_000049,top_0049
ecom_aux_10,user_service,user_service_10,production,us-west-2,us-west-2c,host-520,ct-4478,v2.7.0,16.0,64.0,5,low,scen_000049,top_0049
ecom_aux_11,user_service,user_service_11,production,us-west-2,us-west-2c,host-913,ct-4600,v1.9.0,16.0,16.0,4,low,scen_000049,top_0049
ecom_aux_12,user_service,user_service_12,production,us-west-2,us-west-2c,host-432,ct-9031,v1.8.0,4.0,4.0,1,low,scen_000049,top_0049
ecom_aux_13,user_service,user_service_13,production,us-west-2,us-west-2b,host-532,ct-4582,v1.6.0,8.0,8.0,3,low,scen_000049,top_0049
ecom_aux_14,user_service,user_service_14,production,us-west-2,us-west-2b,host-416,ct-1067,v3.5.0,2.0,4.0,4,low,scen_000049,top_0049
ecom_aux_15,user_service,user_service_15,production,us-west-2,us-west-2b,host-792,ct-4643,v2.9.0,2.0,4.0,1,low,scen_000049,top_0049
ecom_aux_16,user_service,user_service_16,production,us-west-2,us-west-2b,host-541,ct-6766,v3.1.0,16.0,4.0,4,low,scen_000049,top_0049
ecom_aux_17,user_service,user_service_17,production,us-west-2,us-west-2a,host-458,ct-9595,v1.7.0,2.0,4.0,5,low,scen_000049,top_0049
ecom_aux_18,user_service,user_service_18,production,us-west-2,us-west-2b,host-274,ct-2297,v1.6.0,8.0,32.0,1,low,scen_000049,top_0049
ecom_aux_19,user_service,user_service_19,production,us-west-2,us-west-2a,host-699,ct-2247,v3.5.0,2.0,8.0,1,low,scen_000049,top_0049
ecom_aux_20,user_service,user_service_20,production,us-west-2,us-west-2b,host-220,ct-2941,v2.4.0,4.0,64.0,1,low,scen_000049,top_0049
ecom_aux_21,user_service,user_service_21,production,us-west-2,us-west-2b,host-896,ct-3806,v3.5.0,16.0,32.0,3,low,scen_000049,top_0049
ecom_aux_22,user_service,user_service_22,production,us-west-2,us-west-2c,host-428,ct-7918,v1.0.0,16.0,16.0,3,low,scen_000049,top_0049
ecom_aux_23,user_service,user_service_23,production,us-west-2,us-west-2c,host-162,ct-3071,v3.7.0,4.0,64.0,1,low,scen_000049,top_0049
ecom_aux_24,user_service,user_service_24,production,us-west-2,us-west-2b,host-864,ct-1143,v1.3.0,8.0,32.0,1,low,scen_000049,top_0049
ecom_aux_25,user_service,user_service_25,production,us-west-2,us-west-2b,host-738,ct-2647,v1.0.0,8.0,4.0,2,low,scen_000049,top_0049
ecom_aux_26,user_service,user_service_26,production,us-west-2,us-west-2c,host-626,ct-7218,v2.9.0,16.0,64.0,2,low,scen_000049,top_0049
ecom_aux_27,user_service,user_service_27,production,us-west-2,us-west-2c,host-539,ct-8436,v1.2.0,2.0,32.0,4,low,scen_000049,top_0049
ingest_01,api_gateway,ingestion_gateway,production,us-west-2,us-west-2b,host-513,ct-2141,v2.7.0,16.0,4.0,4,critical,scen_000050,top_0050
kafka_broker,kafka,kafka,production,us-west-2,us-west-2c,host-172,ct-4529,v1.3.0,4.0,16.0,1,critical,scen_000050,top_0050
notif_01,notification_service,notification_service,production,us-west-2,us-west-2a,host-965,ct-3676,v3.7.0,8.0,32.0,3,high,scen_000050,top_0050
user_01,user_service,user_service,production,us-west-2,us-west-2b,host-399,ct-7514,v3.7.0,8.0,32.0,4,medium,scen_000050,top_0050
db_event,mysql,mysql,production,us-west-2,us-west-2a,host-748,ct-1004,v2.8.0,16.0,8.0,1,high,scen_000050,top_0050
consumer_1,web_service,kafka_consumer_1,production,us-west-2,us-west-2a,host-642,ct-9342,v2.2.0,4.0,4.0,4,low,scen_000050,top_0050
consumer_2,web_service,kafka_consumer_2,production,us-west-2,us-west-2c,host-899,ct-9526,v1.2.0,8.0,8.0,3,low,scen_000050,top_0050
consumer_3,web_service,kafka_consumer_3,production,us-west-2,us-west-2c,host-260,ct-6399,v3.8.0,4.0,8.0,1,low,scen_000050,top_0050
ingest_01,api_gateway,ingestion_gateway,production,eu-central-1,eu-central-1a,host-239,ct-3021,v2.9.0,4.0,4.0,4,critical,scen_000052,top_0052
kafka_broker,kafka,kafka,production,eu-central-1,eu-central-1c,host-674,ct-8555,v2.0.0,4.0,8.0,2,critical,scen_000052,top_0052
notif_01,notification_service,notification_service,production,eu-central-1,eu-central-1a,host-546,ct-5069,v2.0.0,8.0,64.0,1,high,scen_000052,top_0052
user_01,user_service,user_service,production,eu-central-1,eu-central-1c,host-603,ct-9751,v2.2.0,16.0,8.0,5,medium,scen_000052,top_0052
db_event,mysql,mysql,production,eu-central-1,eu-central-1b,host-710,ct-7248,v3.5.0,16.0,8.0,2,high,scen_000052,top_0052
consumer_1,web_service,kafka_consumer_1,production,eu-central-1,eu-central-1b,host-286,ct-5522,v1.5.0,4.0,8.0,2,low,scen_000052,top_0052
consumer_2,web_service,kafka_consumer_2,production,eu-central-1,eu-central-1a,host-667,ct-5144,v2.2.0,2.0,8.0,4,low,scen_000052,top_0052
consumer_3,web_service,kafka_consumer_3,production,eu-central-1,eu-central-1c,host-403,ct-5441,v2.8.0,8.0,4.0,1,low,scen_000052,top_0052
consumer_4,web_service,kafka_consumer_4,production,eu-central-1,eu-central-1a,host-918,ct-5662,v3.7.0,2.0,16.0,4,low,scen_000052,top_0052
consumer_5,web_service,kafka_consumer_5,production,eu-central-1,eu-central-1b,host-127,ct-5408,v3.4.0,4.0,32.0,2,low,scen_000052,top_0052
consumer_6,web_service,kafka_consumer_6,production,eu-central-1,eu-central-1c,host-804,ct-2850,v2.1.0,4.0,8.0,1,low,scen_000052,top_0052
consumer_7,web_service,kafka_consumer_7,production,eu-central-1,eu-central-1b,host-694,ct-4197,v3.9.0,4.0,64.0,2,low,scen_000052,top_0052
consumer_8,web_service,kafka_consumer_8,production,eu-central-1,eu-central-1c,host-496,ct-7066,v2.6.0,8.0,32.0,5,low,scen_000052,top_0052
consumer_9,web_service,kafka_consumer_9,production,eu-central-1,eu-central-1b,host-263,ct-1860,v1.5.0,8.0,16.0,5,low,scen_000052,top_0052
consumer_10,web_service,kafka_consumer_10,production,eu-central-1,eu-central-1b,host-573,ct-2072,v2.0.0,4.0,8.0,3,low,scen_000052,top_0052
consumer_11,web_service,kafka_consumer_11,production,eu-central-1,eu-central-1a,host-154,ct-1570,v1.5.0,16.0,4.0,4,low,scen_000052,top_0052
consumer_12,web_service,kafka_consumer_12,production,eu-central-1,eu-central-1a,host-557,ct-3234,v3.1.0,8.0,64.0,4,low,scen_000052,top_0052
consumer_13,web_service,kafka_consumer_13,production,eu-central-1,eu-central-1b,host-565,ct-3379,v3.1.0,8.0,4.0,4,low,scen_000052,top_0052
consumer_14,web_service,kafka_consumer_14,production,eu-central-1,eu-central-1c,host-890,ct-5565,v2.8.0,16.0,8.0,4,low,scen_000052,top_0052
consumer_15,web_service,kafka_consumer_15,production,eu-central-1,eu-central-1c,host-396,ct-5518,v3.5.0,8.0,16.0,1,low,scen_000052,top_0052
consumer_16,web_service,kafka_consumer_16,production,eu-central-1,eu-central-1a,host-881,ct-4475,v1.5.0,4.0,4.0,2,low,scen_000052,top_0052
consumer_17,web_service,kafka_consumer_17,production,eu-central-1,eu-central-1b,host-110,ct-9330,v3.9.0,16.0,32.0,5,low,scen_000052,top_0052
consumer_18,web_service,kafka_consumer_18,production,eu-central-1,eu-central-1b,host-470,ct-6673,v2.1.0,4.0,16.0,5,low,scen_000052,top_0052
consumer_19,web_service,kafka_consumer_19,production,eu-central-1,eu-central-1b,host-222,ct-6753,v2.1.0,2.0,32.0,2,low,scen_000052,top_0052
consumer_20,web_service,kafka_consumer_20,production,eu-central-1,eu-central-1c,host-121,ct-5633,v2.7.0,16.0,8.0,1,low,scen_000052,top_0052
consumer_21,web_service,kafka_consumer_21,production,eu-central-1,eu-central-1c,host-434,ct-4773,v3.9.0,4.0,32.0,5,low,scen_000052,top_0052
consumer_22,web_service,kafka_consumer_22,production,eu-central-1,eu-central-1b,host-877,ct-5493,v3.8.0,16.0,4.0,4,low,scen_000052,top_0052
consumer_23,web_service,kafka_consumer_23,production,eu-central-1,eu-central-1a,host-312,ct-2508,v2.7.0,16.0,32.0,3,low,scen_000052,top_0052
node_00,auth_service,mesh_svc_0,production,eu-central-1,eu-central-1c,host-734,ct-1871,v2.8.0,2.0,64.0,4,critical,scen_000062,top_0062
node_01,elasticsearch,mesh_svc_1,production,eu-central-1,eu-central-1a,host-639,ct-3240,v1.3.0,16.0,4.0,2,high,scen_000062,top_0062
node_02,order_service,mesh_svc_2,production,eu-central-1,eu-central-1b,host-789,ct-1707,v3.8.0,8.0,64.0,5,low,scen_000062,top_0062
node_03,mysql,mesh_svc_3,production,eu-central-1,eu-central-1a,host-443,ct-7181,v2.8.0,4.0,32.0,5,low,scen_000062,top_0062
node_04,auth_service,mesh_svc_4,production,eu-central-1,eu-central-1c,host-482,ct-7210,v2.7.0,4.0,32.0,4,low,scen_000062,top_0062
node_05,recommendation_service,mesh_svc_5,production,eu-central-1,eu-central-1a,host-777,ct-8462,v1.9.0,2.0,64.0,5,critical,scen_000062,top_0062
node_06,api_gateway,mesh_svc_6,production,eu-central-1,eu-central-1b,host-165,ct-5928,v2.9.0,8.0,8.0,5,medium,scen_000062,top_0062
node_07,inventory_service,mesh_svc_7,production,eu-central-1,eu-central-1c,host-344,ct-7789,v1.8.0,16.0,32.0,5,medium,scen_000062,top_0062
node_08,k8s_node,mesh_svc_8,production,eu-central-1,eu-central-1a,host-597,ct-7174,v3.1.0,2.0,64.0,3,critical,scen_000062,top_0062
node_09,web_service,mesh_svc_9,production,eu-central-1,eu-central-1a,host-366,ct-9297,v3.1.0,2.0,8.0,5,medium,scen_000062,top_0062
node_10,kafka,mesh_svc_10,production,eu-central-1,eu-central-1b,host-777,ct-4285,v2.5.0,2.0,4.0,3,medium,scen_000062,top_0062
node_11,mysql,mesh_svc_11,production,eu-central-1,eu-central-1b,host-858,ct-2711,v3.1.0,2.0,8.0,1,low,scen_000062,top_0062
node_12,payment_service,mesh_svc_12,production,eu-central-1,eu-central-1c,host-347,ct-3710,v3.6.0,4.0,8.0,5,medium,scen_000062,top_0062
ingest_01,api_gateway,ingestion_gateway,production,ap-southeast-1,ap-southeast-1a,host-489,ct-5888,v1.1.0,4.0,32.0,2,critical,scen_000065,top_0065
kafka_broker,kafka,kafka,production,ap-southeast-1,ap-southeast-1a,host-472,ct-6387,v2.7.0,8.0,32.0,3,critical,scen_000065,top_0065
notif_01,notification_service,notification_service,production,ap-southeast-1,ap-southeast-1a,host-851,ct-5655,v1.6.0,16.0,16.0,2,high,scen_000065,top_0065
user_01,user_service,user_service,production,ap-southeast-1,ap-southeast-1c,host-781,ct-2648,v3.8.0,2.0,64.0,1,medium,scen_000065,top_0065
db_event,mysql,mysql,production,ap-southeast-1,ap-southeast-1a,host-202,ct-7738,v1.2.0,8.0,4.0,1,high,scen_000065,top_0065
consumer_1,web_service,kafka_consumer_1,production,ap-southeast-1,ap-southeast-1a,host-334,ct-9064,v3.7.0,8.0,32.0,5,low,scen_000065,top_0065
consumer_2,web_service,kafka_consumer_2,production,ap-southeast-1,ap-southeast-1a,host-372,ct-5900,v3.5.0,8.0,64.0,3,low,scen_000065,top_0065
consumer_3,web_service,kafka_consumer_3,production,ap-southeast-1,ap-southeast-1a,host-713,ct-1410,v1.9.0,2.0,8.0,2,low,scen_000065,top_0065
consumer_4,web_service,kafka_consumer_4,production,ap-southeast-1,ap-southeast-1c,host-871,ct-3763,v3.6.0,16.0,64.0,1,low,scen_000065,top_0065
consumer_5,web_service,kafka_consumer_5,production,ap-southeast-1,ap-southeast-1b,host-292,ct-1555,v3.0.0,4.0,16.0,2,low,scen_000065,top_0065
consumer_6,web_service,kafka_consumer_6,production,ap-southeast-1,ap-southeast-1a,host-860,ct-8894,v2.1.0,4.0,8.0,1,low,scen_000065,top_0065
consumer_7,web_service,kafka_consumer_7,production,ap-southeast-1,ap-southeast-1a,host-187,ct-2563,v1.9.0,4.0,8.0,1,low,scen_000065,top_0065
consumer_8,web_service,kafka_consumer_8,production,ap-southeast-1,ap-southeast-1c,host-596,ct-8404,v1.4.0,8.0,8.0,2,low,scen_000065,top_0065
consumer_9,web_service,kafka_consumer_9,production,ap-southeast-1,ap-southeast-1b,host-845,ct-2935,v1.2.0,2.0,4.0,2,low,scen_000065,top_0065
consumer_10,web_service,kafka_consumer_10,production,ap-southeast-1,ap-southeast-1c,host-290,ct-7902,v2.9.0,4.0,16.0,1,low,scen_000065,top_0065
consumer_11,web_service,kafka_consumer_11,production,ap-southeast-1,ap-southeast-1a,host-240,ct-4802,v1.2.0,2.0,4.0,3,low,scen_000065,top_0065
consumer_12,web_service,kafka_consumer_12,production,ap-southeast-1,ap-southeast-1b,host-366,ct-2752,v2.4.0,16.0,4.0,1,low,scen_000065,top_0065
consumer_13,web_service,kafka_consumer_13,production,ap-southeast-1,ap-southeast-1a,host-416,ct-7904,v3.6.0,16.0,64.0,4,low,scen_000065,top_0065
consumer_14,web_service,kafka_consumer_14,production,ap-southeast-1,ap-southeast-1a,host-195,ct-4972,v3.9.0,8.0,16.0,3,low,scen_000065,top_0065
consumer_15,web_service,kafka_consumer_15,production,ap-southeast-1,ap-southeast-1c,host-405,ct-6586,v1.8.0,16.0,16.0,5,low,scen_000065,top_0065
consumer_16,web_service,kafka_consumer_16,production,ap-southeast-1,ap-southeast-1b,host-615,ct-4202,v2.2.0,16.0,8.0,2,low,scen_000065,top_0065
consumer_17,web_service,kafka_consumer_17,production,ap-southeast-1,ap-southeast-1b,host-411,ct-7555,v3.3.0,2.0,32.0,3,low,scen_000065,top_0065
consumer_18,web_service,kafka_consumer_18,production,ap-southeast-1,ap-southeast-1a,host-569,ct-2441,v1.5.0,16.0,4.0,3,low,scen_000065,top_0065
consumer_19,web_service,kafka_consumer_19,production,ap-southeast-1,ap-southeast-1b,host-454,ct-6656,v1.0.0,16.0,64.0,1,low,scen_000065,top_0065
ingest_01,api_gateway,ingestion_gateway,production,eu-central-1,eu-central-1b,host-966,ct-5302,v3.6.0,8.0,32.0,1,critical,scen_000067,top_0067
kafka_broker,kafka,kafka,production,eu-central-1,eu-central-1c,host-913,ct-2284,v1.1.0,8.0,64.0,4,critical,scen_000067,top_0067
notif_01,notification_service,notification_service,production,eu-central-1,eu-central-1b,host-346,ct-4387,v2.1.0,16.0,8.0,2,high,scen_000067,top_0067
user_01,user_service,user_service,production,eu-central-1,eu-central-1a,host-332,ct-5645,v2.6.0,8.0,64.0,4,medium,scen_000067,top_0067
db_event,mysql,mysql,production,eu-central-1,eu-central-1b,host-414,ct-8277,v2.4.0,16.0,4.0,4,high,scen_000067,top_0067
consumer_1,web_service,kafka_consumer_1,production,eu-central-1,eu-central-1b,host-880,ct-2310,v2.2.0,8.0,8.0,3,low,scen_000067,top_0067
consumer_2,web_service,kafka_consumer_2,production,eu-central-1,eu-central-1c,host-842,ct-6633,v3.6.0,16.0,4.0,5,low,scen_000067,top_0067
consumer_3,web_service,kafka_consumer_3,production,eu-central-1,eu-central-1a,host-831,ct-9833,v1.8.0,16.0,32.0,1,low,scen_000067,top_0067
consumer_4,web_service,kafka_consumer_4,production,eu-central-1,eu-central-1c,host-659,ct-3720,v2.0.0,16.0,64.0,3,low,scen_000067,top_0067
consumer_5,web_service,kafka_consumer_5,production,eu-central-1,eu-central-1c,host-499,ct-6386,v3.6.0,16.0,64.0,4,low,scen_000067,top_0067
consumer_6,web_service,kafka_consumer_6,production,eu-central-1,eu-central-1a,host-792,ct-3276,v3.1.0,16.0,16.0,5,low,scen_000067,top_0067
gw_01,api_gateway,api_gateway,production,ap-southeast-1,ap-southeast-1c,host-890,ct-9262,v2.4.0,2.0,8.0,2,critical,scen_000068,top_0068
auth_01,auth_service,auth_service,production,ap-southeast-1,ap-southeast-1a,host-151,ct-6192,v1.3.0,16.0,4.0,1,high,scen_000068,top_0068
order_01,order_service,order_service,production,ap-southeast-1,ap-southeast-1a,host-124,ct-5319,v2.6.0,16.0,8.0,4,critical,scen_000068,top_0068
pay_01,payment_service,payment_service,production,ap-southeast-1,ap-southeast-1a,host-907,ct-7586,v3.0.0,8.0,16.0,1,critical,scen_000068,top_0068
inv_01,inventory_service,inventory_service,production,ap-southeast-1,ap-southeast-1c,host-485,ct-6166,v2.2.0,8.0,16.0,2,high,scen_000068,top_0068
db_master,postgresql,postgresql,production,ap-southeast-1,ap-southeast-1a,host-187,ct-3714,v2.5.0,4.0,8.0,3,critical,scen_000068,top_0068
cache_01,redis,redis,production,ap-southeast-1,ap-southeast-1b,host-929,ct-1263,v3.4.0,16.0,32.0,4,high,scen_000068,top_0068
mq_01,kafka,kafka,production,ap-southeast-1,ap-southeast-1c,host-155,ct-1746,v1.2.0,2.0,8.0,1,high,scen_000068,top_0068
ecom_aux_1,user_service,user_service_1,production,ap-southeast-1,ap-southeast-1b,host-467,ct-9849,v2.6.0,8.0,32.0,2,low,scen_000068,top_0068
ecom_aux_2,user_service,user_service_2,production,ap-southeast-1,ap-southeast-1b,host-181,ct-3480,v1.0.0,8.0,64.0,5,low,scen_000068,top_0068
ecom_aux_3,user_service,user_service_3,production,ap-southeast-1,ap-southeast-1b,host-891,ct-7692,v2.2.0,8.0,8.0,1,low,scen_000068,top_0068
ecom_aux_4,user_service,user_service_4,production,ap-southeast-1,ap-southeast-1a,host-290,ct-8115,v1.9.0,2.0,8.0,5,low,scen_000068,top_0068
ecom_aux_5,user_service,user_service_5,production,ap-southeast-1,ap-southeast-1c,host-834,ct-3859,v1.7.0,8.0,8.0,4,low,scen_000068,top_0068
ecom_aux_6,user_service,user_service_6,production,ap-southeast-1,ap-southeast-1b,host-128,ct-9807,v3.1.0,2.0,8.0,5,low,scen_000068,top_0068
ecom_aux_7,user_service,user_service_7,production,ap-southeast-1,ap-southeast-1c,host-222,ct-5893,v3.1.0,2.0,4.0,4,low,scen_000068,top_0068
ecom_aux_8,user_service,user_service_8,production,ap-southeast-1,ap-southeast-1a,host-515,ct-7091,v3.2.0,2.0,64.0,2,low,scen_000068,top_0068
ecom_aux_9,user_service,user_service_9,production,ap-southeast-1,ap-southeast-1c,host-416,ct-2375,v2.2.0,2.0,32.0,1,low,scen_000068,top_0068
ecom_aux_10,user_service,user_service_10,production,ap-southeast-1,ap-southeast-1a,host-427,ct-3697,v1.6.0,8.0,16.0,2,low,scen_000068,top_0068
ecom_aux_11,user_service,user_service_11,production,ap-southeast-1,ap-southeast-1b,host-564,ct-8285,v3.9.0,4.0,8.0,4,low,scen_000068,top_0068
ecom_aux_12,user_service,user_service_12,production,ap-southeast-1,ap-southeast-1b,host-460,ct-6085,v1.6.0,4.0,16.0,1,low,scen_000068,top_0068
ecom_aux_13,user_service,user_service_13,production,ap-southeast-1,ap-southeast-1b,host-189,ct-5553,v1.3.0,8.0,64.0,2,low,scen_000068,top_0068
ecom_aux_14,user_service,user_service_14,production,ap-southeast-1,ap-southeast-1c,host-787,ct-8118,v2.9.0,8.0,8.0,1,low,scen_000068,top_0068
ecom_aux_15,user_service,user_service_15,production,ap-southeast-1,ap-southeast-1c,host-730,ct-9552,v3.1.0,2.0,32.0,3,low,scen_000068,top_0068
ecom_aux_16,user_service,user_service_16,production,ap-southeast-1,ap-southeast-1a,host-811,ct-1928,v3.0.0,8.0,8.0,1,low,scen_000068,top_0068
ecom_aux_17,user_service,user_service_17,production,ap-southeast-1,ap-southeast-1c,host-772,ct-8618,v2.7.0,16.0,32.0,1,low,scen_000068,top_0068
ecom_aux_18,user_service,user_service_18,production,ap-southeast-1,ap-southeast-1c,host-779,ct-5934,v1.1.0,16.0,8.0,5,low,scen_000068,top_0068
ecom_aux_19,user_service,user_service_19,production,ap-southeast-1,ap-southeast-1b,host-450,ct-8649,v1.7.0,2.0,4.0,1,low,scen_000068,top_0068
ecom_aux_20,user_service,user_service_20,production,ap-southeast-1,ap-southeast-1a,host-136,ct-4033,v2.9.0,8.0,32.0,5,low,scen_000068,top_0068
ecom_aux_21,user_service,user_service_21,production,ap-southeast-1,ap-southeast-1a,host-485,ct-8552,v1.8.0,4.0,8.0,3,low,scen_000068,top_0068
ecom_aux_22,user_service,user_service_22,production,ap-southeast-1,ap-southeast-1c,host-160,ct-2897,v2.8.0,4.0,4.0,1,low,scen_000068,top_0068
gw_01,api_gateway,api_gateway,production,us-east-1,us-east-1a,host-814,ct-2577,v2.1.0,16.0,64.0,5,critical,scen_000070,top_0070
auth_01,auth_service,auth_service,production,us-east-1,us-east-1c,host-806,ct-2993,v3.1.0,8.0,8.0,5,high,scen_000070,top_0070
order_01,order_service,order_service,production,us-east-1,us-east-1b,host-555,ct-9062,v2.9.0,4.0,8.0,1,critical,scen_000070,top_0070
pay_01,payment_service,payment_service,production,us-east-1,us-east-1c,host-504,ct-3673,v3.1.0,4.0,4.0,1,critical,scen_000070,top_0070
inv_01,inventory_service,inventory_service,production,us-east-1,us-east-1c,host-186,ct-6262,v1.6.0,8.0,32.0,4,high,scen_000070,top_0070
db_master,postgresql,postgresql,production,us-east-1,us-east-1a,host-841,ct-4226,v3.9.0,2.0,4.0,2,critical,scen_000070,top_0070
cache_01,redis,redis,production,us-east-1,us-east-1b,host-641,ct-2217,v2.3.0,2.0,32.0,4,high,scen_000070,top_0070
mq_01,kafka,kafka,production,us-east-1,us-east-1a,host-718,ct-9557,v2.0.0,2.0,8.0,1,high,scen_000070,top_0070
ecom_aux_1,user_service,user_service_1,production,us-east-1,us-east-1a,host-458,ct-3659,v3.2.0,4.0,16.0,1,low,scen_000070,top_0070
ecom_aux_2,user_service,user_service_2,production,us-east-1,us-east-1c,host-565,ct-8285,v1.5.0,4.0,16.0,2,low,scen_000070,top_0070
ecom_aux_3,user_service,user_service_3,production,us-east-1,us-east-1a,host-188,ct-6668,v1.3.0,4.0,4.0,2,low,scen_000070,top_0070
ecom_aux_4,user_service,user_service_4,production,us-east-1,us-east-1a,host-228,ct-9914,v2.9.0,16.0,8.0,2,low,scen_000070,top_0070
ecom_aux_5,user_service,user_service_5,production,us-east-1,us-east-1c,host-785,ct-6022,v2.5.0,8.0,4.0,1,low,scen_000070,top_0070
node_00,container,mesh_svc_0,production,us-west-2,us-west-2c,host-470,ct-1412,v3.0.0,2.0,8.0,1,critical,scen_000071,top_0071
node_01,order_service,mesh_svc_1,production,us-west-2,us-west-2b,host-605,ct-5683,v3.0.0,2.0,64.0,5,low,scen_000071,top_0071
node_02,payment_service,mesh_svc_2,production,us-west-2,us-west-2a,host-498,ct-7510,v3.7.0,4.0,32.0,2,critical,scen_000071,top_0071
node_03,postgresql,mesh_svc_3,production,us-west-2,us-west-2a,host-651,ct-6088,v3.4.0,2.0,64.0,3,critical,scen_000071,top_0071
node_04,api_gateway,mesh_svc_4,production,us-west-2,us-west-2a,host-898,ct-9359,v2.8.0,4.0,8.0,2,low,scen_000071,top_0071
node_05,order_service,mesh_svc_5,production,us-west-2,us-west-2c,host-671,ct-8501,v3.5.0,4.0,8.0,3,low,scen_000071,top_0071
node_06,postgresql,mesh_svc_6,production,us-west-2,us-west-2a,host-143,ct-1725,v2.5.0,2.0,8.0,2,critical,scen_000071,top_0071
node_07,inventory_service,mesh_svc_7,production,us-west-2,us-west-2c,host-709,ct-3509,v1.3.0,16.0,8.0,2,low,scen_000071,top_0071
node_08,vm_instance,mesh_svc_8,production,us-west-2,us-west-2a,host-208,ct-1607,v1.9.0,8.0,8.0,1,medium,scen_000071,top_0071
node_09,elasticsearch,mesh_svc_9,production,us-west-2,us-west-2b,host-295,ct-7386,v1.3.0,2.0,32.0,3,low,scen_000071,top_0071
node_10,notification_service,mesh_svc_10,production,us-west-2,us-west-2b,host-744,ct-1388,v3.2.0,4.0,16.0,3,medium,scen_000071,top_0071
node_11,elasticsearch,mesh_svc_11,production,us-west-2,us-west-2c,host-455,ct-7084,v3.2.0,4.0,4.0,4,medium,scen_000071,top_0071
node_12,load_balancer,mesh_svc_12,production,us-west-2,us-west-2c,host-493,ct-3361,v2.8.0,16.0,16.0,5,low,scen_000071,top_0071
node_13,vm_instance,mesh_svc_13,production,us-west-2,us-west-2b,host-901,ct-8009,v2.1.0,16.0,8.0,1,high,scen_000071,top_0071
node_14,object_storage,mesh_svc_14,production,us-west-2,us-west-2a,host-939,ct-6806,v3.4.0,4.0,16.0,5,low,scen_000071,top_0071
node_15,order_service,mesh_svc_15,production,us-west-2,us-west-2b,host-827,ct-7386,v2.0.0,8.0,16.0,4,high,scen_000071,top_0071
node_16,object_storage,mesh_svc_16,production,us-west-2,us-west-2c,host-966,ct-4106,v2.3.0,4.0,64.0,3,high,scen_000071,top_0071
node_17,user_service,mesh_svc_17,production,us-west-2,us-west-2a,host-643,ct-6797,v1.8.0,4.0,64.0,1,critical,scen_000071,top_0071
node_18,kafka,mesh_svc_18,production,us-west-2,us-west-2b,host-937,ct-1457,v2.1.0,2.0,32.0,1,high,scen_000071,top_0071
node_19,redis,mesh_svc_19,production,us-west-2,us-west-2a,host-715,ct-7346,v3.2.0,16.0,32.0,1,critical,scen_000071,top_0071
node_20,redis,mesh_svc_20,production,us-west-2,us-west-2c,host-221,ct-6760,v1.8.0,2.0,4.0,4,low,scen_000071,top_0071
node_21,container,mesh_svc_21,production,us-west-2,us-west-2c,host-811,ct-3415,v2.1.0,2.0,64.0,2,low,scen_000071,top_0071
node_22,mysql,mesh_svc_22,production,us-west-2,us-west-2c,host-774,ct-7565,v1.8.0,4.0,16.0,5,high,scen_000071,top_0071
node_23,postgresql,mesh_svc_23,production,us-west-2,us-west-2b,host-475,ct-6133,v3.5.0,4.0,4.0,3,low,scen_000071,top_0071
node_24,inventory_service,mesh_svc_24,production,us-west-2,us-west-2a,host-498,ct-2882,v2.9.0,16.0,8.0,3,high,scen_000071,top_0071
node_25,container,mesh_svc_25,production,us-west-2,us-west-2c,host-615,ct-7359,v3.4.0,8.0,4.0,5,low,scen_000071,top_0071
node_26,mysql,mesh_svc_26,production,us-west-2,us-west-2a,host-786,ct-3582,v3.0.0,4.0,64.0,4,low,scen_000071,top_0071
node_27,auth_service,mesh_svc_27,production,us-west-2,us-west-2a,host-113,ct-9977,v2.2.0,2.0,4.0,5,medium,scen_000071,top_0071
node_28,notification_service,mesh_svc_28,production,us-west-2,us-west-2c,host-516,ct-9786,v2.2.0,4.0,8.0,3,critical,scen_000071,top_0071
node_29,recommendation_service,mesh_svc_29,production,us-west-2,us-west-2a,host-784,ct-6555,v1.5.0,8.0,32.0,1,low,scen_000071,top_0071
node_30,user_service,mesh_svc_30,production,us-west-2,us-west-2a,host-229,ct-1044,v2.0.0,4.0,32.0,3,medium,scen_000071,top_0071
node_31,notification_service,mesh_svc_31,production,us-west-2,us-west-2a,host-177,ct-7057,v3.3.0,2.0,32.0,5,low,scen_000071,top_0071
node_32,rabbitmq,mesh_svc_32,production,us-west-2,us-west-2b,host-112,ct-2988,v3.9.0,8.0,4.0,3,medium,scen_000071,top_0071
ingest_01,api_gateway,ingestion_gateway,production,ap-southeast-1,ap-southeast-1a,host-248,ct-9586,v1.5.0,16.0,64.0,2,critical,scen_000075,top_0075
kafka_broker,kafka,kafka,production,ap-southeast-1,ap-southeast-1b,host-187,ct-8696,v2.5.0,16.0,8.0,2,critical,scen_000075,top_0075
notif_01,notification_service,notification_service,production,ap-southeast-1,ap-southeast-1c,host-465,ct-4075,v2.0.0,4.0,64.0,2,high,scen_000075,top_0075
user_01,user_service,user_service,production,ap-southeast-1,ap-southeast-1a,host-663,ct-7674,v3.0.0,4.0,32.0,4,medium,scen_000075,top_0075
db_event,mysql,mysql,production,ap-southeast-1,ap-southeast-1c,host-934,ct-2914,v1.8.0,2.0,8.0,5,high,scen_000075,top_0075
consumer_1,web_service,kafka_consumer_1,production,ap-southeast-1,ap-southeast-1c,host-259,ct-7430,v2.0.0,8.0,32.0,5,low,scen_000075,top_0075
consumer_2,web_service,kafka_consumer_2,production,ap-southeast-1,ap-southeast-1b,host-675,ct-7092,v3.1.0,8.0,4.0,1,low,scen_000075,top_0075
consumer_3,web_service,kafka_consumer_3,production,ap-southeast-1,ap-southeast-1a,host-295,ct-2194,v2.8.0,8.0,32.0,5,low,scen_000075,top_0075
consumer_4,web_service,kafka_consumer_4,production,ap-southeast-1,ap-southeast-1c,host-323,ct-1576,v1.3.0,2.0,32.0,5,low,scen_000075,top_0075
consumer_5,web_service,kafka_consumer_5,production,ap-southeast-1,ap-southeast-1c,host-112,ct-2579,v2.9.0,8.0,8.0,5,low,scen_000075,top_0075
consumer_6,web_service,kafka_consumer_6,production,ap-southeast-1,ap-southeast-1b,host-418,ct-3598,v3.2.0,16.0,4.0,3,low,scen_000075,top_0075
consumer_7,web_service,kafka_consumer_7,production,ap-southeast-1,ap-southeast-1b,host-967,ct-3609,v3.6.0,16.0,16.0,1,low,scen_000075,top_0075
consumer_8,web_service,kafka_consumer_8,production,ap-southeast-1,ap-southeast-1b,host-630,ct-2300,v2.4.0,16.0,8.0,5,low,scen_000075,top_0075
consumer_9,web_service,kafka_consumer_9,production,ap-southeast-1,ap-southeast-1c,host-737,ct-9787,v1.9.0,16.0,16.0,5,low,scen_000075,top_0075
consumer_10,web_service,kafka_consumer_10,production,ap-southeast-1,ap-southeast-1c,host-461,ct-3035,v1.2.0,8.0,64.0,1,low,scen_000075,top_0075
consumer_11,web_service,kafka_consumer_11,production,ap-southeast-1,ap-southeast-1b,host-176,ct-1822,v1.3.0,8.0,16.0,3,low,scen_000075,top_0075
consumer_12,web_service,kafka_consumer_12,production,ap-southeast-1,ap-southeast-1c,host-859,ct-3984,v3.8.0,4.0,8.0,2,low,scen_000075,top_0075
consumer_13,web_service,kafka_consumer_13,production,ap-southeast-1,ap-southeast-1b,host-356,ct-8761,v3.9.0,4.0,64.0,4,low,scen_000075,top_0075
consumer_14,web_service,kafka_consumer_14,production,ap-southeast-1,ap-southeast-1a,host-928,ct-9408,v1.0.0,16.0,64.0,4,low,scen_000075,top_0075
consumer_15,web_service,kafka_consumer_15,production,ap-southeast-1,ap-southeast-1c,host-757,ct-8951,v1.8.0,8.0,32.0,2,low,scen_000075,top_0075
consumer_16,web_service,kafka_consumer_16,production,ap-southeast-1,ap-southeast-1c,host-492,ct-8060,v1.7.0,8.0,8.0,2,low,scen_000075,top_0075
consumer_17,web_service,kafka_consumer_17,production,ap-southeast-1,ap-southeast-1c,host-197,ct-8550,v2.0.0,8.0,8.0,2,low,scen_000075,top_0075
consumer_18,web_service,kafka_consumer_18,production,ap-southeast-1,ap-southeast-1a,host-199,ct-5367,v3.4.0,4.0,4.0,1,low,scen_000075,top_0075
consumer_19,web_service,kafka_consumer_19,production,ap-southeast-1,ap-southeast-1c,host-693,ct-8388,v2.7.0,8.0,16.0,5,low,scen_000075,top_0075
consumer_20,web_service,kafka_consumer_20,production,ap-southeast-1,ap-southeast-1c,host-356,ct-3009,v3.7.0,16.0,32.0,3,low,scen_000075,top_0075
consumer_21,web_service,kafka_consumer_21,production,ap-southeast-1,ap-southeast-1b,host-186,ct-6702,v3.4.0,16.0,8.0,4,low,scen_000075,top_0075
consumer_22,web_service,kafka_consumer_22,production,ap-southeast-1,ap-southeast-1a,host-569,ct-5780,v1.0.0,2.0,32.0,4,low,scen_000075,top_0075
consumer_23,web_service,kafka_consumer_23,production,ap-southeast-1,ap-southeast-1b,host-910,ct-2981,v1.2.0,16.0,8.0,5,low,scen_000075,top_0075
consumer_24,web_service,kafka_consumer_24,production,ap-southeast-1,ap-southeast-1b,host-172,ct-5492,v3.7.0,8.0,4.0,2,low,scen_000075,top_0075
consumer_25,web_service,kafka_consumer_25,production,ap-southeast-1,ap-southeast-1c,host-673,ct-7447,v3.1.0,4.0,64.0,1,low,scen_000075,top_0075
consumer_26,web_service,kafka_consumer_26,production,ap-southeast-1,ap-southeast-1b,host-513,ct-8228,v1.4.0,8.0,8.0,5,low,scen_000075,top_0075
consumer_27,web_service,kafka_consumer_27,production,ap-southeast-1,ap-southeast-1c,host-144,ct-6971,v3.7.0,2.0,4.0,2,low,scen_000075,top_0075
consumer_28,web_service,kafka_consumer_28,production,ap-southeast-1,ap-southeast-1c,host-609,ct-8904,v1.5.0,16.0,16.0,2,low,scen_000075,top_0075
consumer_29,web_service,kafka_consumer_29,production,ap-southeast-1,ap-southeast-1c,host-875,ct-4417,v3.0.0,2.0,4.0,3,low,scen_000075,top_0075
gw_01,api_gateway,api_gateway,production,ap-southeast-1,ap-southeast-1c,host-291,ct-8340,v1.7.0,8.0,32.0,3,critical,scen_000076,top_0076
lb_01,load_balancer,load_balancer,production,ap-southeast-1,ap-southeast-1c,host-771,ct-4230,v3.8.0,8.0,16.0,1,critical,scen_000076,top_0076
auth_01,auth_service,auth_service,production,ap-southeast-1,ap-southeast-1b,host-125,ct-1894,v1.8.0,2.0,32.0,1,high,scen_000076,top_0076
web_01,web_service,web_service,production,ap-southeast-1,ap-southeast-1b,host-607,ct-1036,v2.4.0,8.0,32.0,5,high,scen_000076,top_0076
db_01,postgresql,postgresql,production,ap-southeast-1,ap-southeast-1c,host-125,ct-8706,v2.1.0,16.0,16.0,2,critical,scen_000076,top_0076
sub_svc_2,web_service,sub_service_2,production,ap-southeast-1,ap-southeast-1b,host-448,ct-6072,v3.5.0,4.0,16.0,5,low,scen_000076,top_0076
sub_svc_3,web_service,sub_service_3,production,ap-southeast-1,ap-southeast-1b,host-827,ct-2329,v2.2.0,2.0,16.0,2,low,scen_000076,top_0076
sub_svc_4,web_service,sub_service_4,production,ap-southeast-1,ap-southeast-1b,host-524,ct-3232,v3.0.0,8.0,32.0,4,low,scen_000076,top_0076
sub_svc_5,web_service,sub_service_5,production,ap-southeast-1,ap-southeast-1a,host-855,ct-7283,v1.7.0,2.0,32.0,5,low,scen_000076,top_0076
sub_svc_6,web_service,sub_service_6,production,ap-southeast-1,ap-southeast-1b,host-276,ct-9981,v2.3.0,16.0,64.0,4,low,scen_000076,top_0076
sub_svc_7,web_service,sub_service_7,production,ap-southeast-1,ap-southeast-1c,host-856,ct-3951,v2.3.0,16.0,8.0,5,low,scen_000076,top_0076
sub_svc_8,web_service,sub_service_8,production,ap-southeast-1,ap-southeast-1c,host-497,ct-6326,v1.5.0,16.0,32.0,1,low,scen_000076,top_0076
sub_svc_9,web_service,sub_service_9,production,ap-southeast-1,ap-southeast-1b,host-350,ct-9770,v2.8.0,8.0,4.0,1,low,scen_000076,top_0076
sub_svc_10,web_service,sub_service_10,production,ap-southeast-1,ap-southeast-1b,host-221,ct-5048,v1.5.0,16.0,64.0,4,low,scen_000076,top_0076
sub_svc_11,web_service,sub_service_11,production,ap-southeast-1,ap-southeast-1b,host-732,ct-4739,v2.3.0,8.0,4.0,3,low,scen_000076,top_0076
sub_svc_12,web_service,sub_service_12,production,ap-southeast-1,ap-southeast-1b,host-346,ct-4835,v3.3.0,16.0,8.0,4,low,scen_000076,top_0076
sub_svc_13,web_service,sub_service_13,production,ap-southeast-1,ap-southeast-1c,host-915,ct-7140,v2.3.0,16.0,4.0,3,low,scen_000076,top_0076
sub_svc_14,web_service,sub_service_14,production,ap-southeast-1,ap-southeast-1c,host-376,ct-5542,v2.7.0,4.0,8.0,1,low,scen_000076,top_0076
sub_svc_15,web_service,sub_service_15,production,ap-southeast-1,ap-southeast-1a,host-412,ct-7905,v2.1.0,16.0,4.0,4,low,scen_000076,top_0076
sub_svc_16,web_service,sub_service_16,production,ap-southeast-1,ap-southeast-1c,host-176,ct-3294,v3.2.0,16.0,4.0,3,low,scen_000076,top_0076
sub_svc_17,web_service,sub_service_17,production,ap-southeast-1,ap-southeast-1c,host-717,ct-6049,v3.9.0,8.0,4.0,3,low,scen_000076,top_0076
sub_svc_18,web_service,sub_service_18,production,ap-southeast-1,ap-southeast-1c,host-236,ct-5458,v1.0.0,2.0,16.0,4,low,scen_000076,top_0076
sub_svc_19,web_service,sub_service_19,production,ap-southeast-1,ap-southeast-1b,host-527,ct-2344,v1.3.0,2.0,4.0,1,low,scen_000076,top_0076
sub_svc_20,web_service,sub_service_20,production,ap-southeast-1,ap-southeast-1c,host-185,ct-8505,v3.5.0,2.0,32.0,5,low,scen_000076,top_0076
gw_01,api_gateway,api_gateway,production,us-east-1,us-east-1c,host-474,ct-4729,v3.3.0,8.0,32.0,1,critical,scen_000077,top_0077
lb_01,load_balancer,load_balancer,production,us-east-1,us-east-1c,host-791,ct-5730,v1.0.0,2.0,64.0,5,critical,scen_000077,top_0077
auth_01,auth_service,auth_service,production,us-east-1,us-east-1c,host-881,ct-2407,v3.9.0,8.0,8.0,5,high,scen_000077,top_0077
web_01,web_service,web_service,production,us-east-1,us-east-1b,host-161,ct-2645,v3.3.0,8.0,16.0,3,high,scen_000077,top_0077
db_01,postgresql,postgresql,production,us-east-1,us-east-1c,host-155,ct-9460,v2.4.0,16.0,64.0,5,critical,scen_000077,top_0077
sub_svc_2,web_service,sub_service_2,production,us-east-1,us-east-1b,host-454,ct-6870,v1.3.0,16.0,32.0,3,low,scen_000077,top_0077
sub_svc_3,web_service,sub_service_3,production,us-east-1,us-east-1c,host-948,ct-9269,v3.0.0,8.0,64.0,4,low,scen_000077,top_0077
sub_svc_4,web_service,sub_service_4,production,us-east-1,us-east-1b,host-577,ct-9984,v2.8.0,2.0,32.0,1,low,scen_000077,top_0077
sub_svc_5,web_service,sub_service_5,production,us-east-1,us-east-1c,host-961,ct-2669,v3.2.0,8.0,32.0,2,low,scen_000077,top_0077
node_00,notification_service,mesh_svc_0,production,us-east-1,us-east-1b,host-991,ct-6905,v2.4.0,8.0,32.0,2,critical,scen_000079,top_0079
node_01,mysql,mesh_svc_1,production,us-east-1,us-east-1a,host-494,ct-4286,v1.9.0,8.0,4.0,1,high,scen_000079,top_0079
node_02,postgresql,mesh_svc_2,production,us-east-1,us-east-1a,host-329,ct-5716,v2.0.0,8.0,16.0,3,high,scen_000079,top_0079
node_03,payment_service,mesh_svc_3,production,us-east-1,us-east-1a,host-603,ct-3323,v2.5.0,4.0,32.0,4,critical,scen_000079,top_0079
node_04,mysql,mesh_svc_4,production,us-east-1,us-east-1a,host-883,ct-9241,v2.6.0,2.0,32.0,2,critical,scen_000079,top_0079
node_05,inventory_service,mesh_svc_5,production,us-east-1,us-east-1b,host-645,ct-1817,v3.2.0,16.0,32.0,3,low,scen_000079,top_0079
node_06,load_balancer,mesh_svc_6,production,us-east-1,us-east-1c,host-636,ct-2851,v2.5.0,8.0,32.0,4,critical,scen_000079,top_0079
node_07,rabbitmq,mesh_svc_7,production,us-east-1,us-east-1b,host-279,ct-2489,v2.5.0,2.0,8.0,2,low,scen_000079,top_0079
node_08,postgresql,mesh_svc_8,production,us-east-1,us-east-1c,host-682,ct-1458,v1.7.0,4.0,8.0,1,medium,scen_000079,top_0079
node_09,container,mesh_svc_9,production,us-east-1,us-east-1b,host-617,ct-4607,v3.8.0,4.0,64.0,2,low,scen_000079,top_0079
node_10,load_balancer,mesh_svc_10,production,us-east-1,us-east-1b,host-908,ct-9104,v1.4.0,16.0,32.0,5,high,scen_000079,top_0079
node_00,kafka,mesh_svc_0,production,us-east-1,us-east-1c,host-657,ct-6460,v3.6.0,8.0,64.0,2,medium,scen_000082,top_0082
node_01,mysql,mesh_svc_1,production,us-east-1,us-east-1c,host-641,ct-1315,v1.5.0,16.0,8.0,5,critical,scen_000082,top_0082
node_02,payment_service,mesh_svc_2,production,us-east-1,us-east-1c,host-382,ct-9137,v2.6.0,2.0,8.0,5,medium,scen_000082,top_0082
node_03,order_service,mesh_svc_3,production,us-east-1,us-east-1b,host-153,ct-2177,v1.1.0,8.0,16.0,2,critical,scen_000082,top_0082
node_04,auth_service,mesh_svc_4,production,us-east-1,us-east-1c,host-663,ct-4804,v2.7.0,2.0,64.0,2,high,scen_000082,top_0082
node_05,object_storage,mesh_svc_5,production,us-east-1,us-east-1c,host-770,ct-8463,v1.2.0,2.0,8.0,4,low,scen_000082,top_0082
node_06,k8s_node,mesh_svc_6,production,us-east-1,us-east-1b,host-876,ct-8446,v1.2.0,8.0,8.0,3,high,scen_000082,top_0082
node_07,user_service,mesh_svc_7,production,us-east-1,us-east-1c,host-473,ct-6400,v1.5.0,8.0,16.0,5,medium,scen_000082,top_0082
node_08,web_service,mesh_svc_8,production,us-east-1,us-east-1b,host-704,ct-2849,v1.0.0,2.0,16.0,3,critical,scen_000082,top_0082
node_09,auth_service,mesh_svc_9,production,us-east-1,us-east-1c,host-346,ct-2013,v3.5.0,8.0,8.0,4,high,scen_000082,top_0082
node_10,user_service,mesh_svc_10,production,us-east-1,us-east-1c,host-419,ct-4492,v2.8.0,8.0,4.0,5,low,scen_000082,top_0082
node_11,auth_service,mesh_svc_11,production,us-east-1,us-east-1c,host-403,ct-9925,v3.9.0,8.0,64.0,3,high,scen_000082,top_0082
node_12,mongodb,mesh_svc_12,production,us-east-1,us-east-1c,host-113,ct-5009,v1.1.0,4.0,8.0,3,high,scen_000082,top_0082
node_13,load_balancer,mesh_svc_13,production,us-east-1,us-east-1a,host-556,ct-3681,v2.7.0,16.0,8.0,2,medium,scen_000082,top_0082
node_14,web_service,mesh_svc_14,production,us-east-1,us-east-1c,host-116,ct-4500,v3.4.0,4.0,64.0,5,low,scen_000082,top_0082
node_15,container,mesh_svc_15,production,us-east-1,us-east-1c,host-150,ct-7321,v1.0.0,8.0,16.0,3,critical,scen_000082,top_0082
node_16,notification_service,mesh_svc_16,production,us-east-1,us-east-1b,host-684,ct-2370,v3.3.0,2.0,64.0,5,critical,scen_000082,top_0082
node_17,elasticsearch,mesh_svc_17,production,us-east-1,us-east-1b,host-788,ct-5131,v3.1.0,16.0,4.0,1,low,scen_000082,top_0082
node_18,kafka,mesh_svc_18,production,us-east-1,us-east-1a,host-174,ct-9530,v3.2.0,4.0,32.0,4,medium,scen_000082,top_0082
node_19,rabbitmq,mesh_svc_19,production,us-east-1,us-east-1c,host-625,ct-4637,v1.1.0,2.0,16.0,2,critical,scen_000082,top_0082
node_20,recommendation_service,mesh_svc_20,production,us-east-1,us-east-1c,host-928,ct-5102,v2.8.0,4.0,32.0,1,medium,scen_000082,top_0082
node_21,auth_service,mesh_svc_21,production,us-east-1,us-east-1a,host-961,ct-6171,v3.1.0,2.0,8.0,4,high,scen_000082,top_0082
node_22,elasticsearch,mesh_svc_22,production,us-east-1,us-east-1c,host-222,ct-8565,v3.2.0,8.0,64.0,1,high,scen_000082,top_0082
node_23,redis,mesh_svc_23,production,us-east-1,us-east-1c,host-396,ct-4902,v1.7.0,4.0,16.0,1,low,scen_000082,top_0082
node_24,notification_service,mesh_svc_24,production,us-east-1,us-east-1c,host-201,ct-6669,v1.9.0,2.0,8.0,4,critical,scen_000082,top_0082
node_25,kafka,mesh_svc_25,production,us-east-1,us-east-1b,host-938,ct-9416,v3.1.0,4.0,32.0,3,high,scen_000082,top_0082
node_26,order_service,mesh_svc_26,production,us-east-1,us-east-1b,host-184,ct-8052,v3.3.0,2.0,4.0,5,low,scen_000082,top_0082
node_27,k8s_node,mesh_svc_27,production,us-east-1,us-east-1a,host-578,ct-1607,v2.7.0,4.0,4.0,4,critical,scen_000082,top_0082
node_28,api_gateway,mesh_svc_28,production,us-east-1,us-east-1b,host-214,ct-9063,v2.7.0,16.0,32.0,5,medium,scen_000082,top_0082
ingest_01,api_gateway,ingestion_gateway,production,ap-southeast-1,ap-southeast-1a,host-611,ct-4921,v2.8.0,8.0,16.0,2,critical,scen_000083,top_0083
kafka_broker,kafka,kafka,production,ap-southeast-1,ap-southeast-1c,host-374,ct-2522,v1.5.0,4.0,8.0,4,critical,scen_000083,top_0083
notif_01,notification_service,notification_service,production,ap-southeast-1,ap-southeast-1c,host-770,ct-1881,v2.7.0,8.0,8.0,5,high,scen_000083,top_0083
user_01,user_service,user_service,production,ap-southeast-1,ap-southeast-1a,host-239,ct-3514,v1.2.0,2.0,8.0,1,medium,scen_000083,top_0083
db_event,mysql,mysql,production,ap-southeast-1,ap-southeast-1b,host-166,ct-1363,v3.0.0,2.0,4.0,5,high,scen_000083,top_0083
consumer_1,web_service,kafka_consumer_1,production,ap-southeast-1,ap-southeast-1a,host-193,ct-7513,v3.7.0,8.0,4.0,2,low,scen_000083,top_0083
consumer_2,web_service,kafka_consumer_2,production,ap-southeast-1,ap-southeast-1a,host-892,ct-1504,v1.7.0,2.0,16.0,4,low,scen_000083,top_0083
consumer_3,web_service,kafka_consumer_3,production,ap-southeast-1,ap-southeast-1a,host-501,ct-2967,v1.6.0,2.0,4.0,1,low,scen_000083,top_0083
consumer_4,web_service,kafka_consumer_4,production,ap-southeast-1,ap-southeast-1c,host-434,ct-6747,v3.3.0,2.0,4.0,3,low,scen_000083,top_0083
consumer_5,web_service,kafka_consumer_5,production,ap-southeast-1,ap-southeast-1a,host-643,ct-4976,v3.9.0,4.0,8.0,3,low,scen_000083,top_0083
consumer_6,web_service,kafka_consumer_6,production,ap-southeast-1,ap-southeast-1b,host-483,ct-9470,v1.6.0,4.0,4.0,2,low,scen_000083,top_0083
consumer_7,web_service,kafka_consumer_7,production,ap-southeast-1,ap-southeast-1c,host-504,ct-9781,v1.0.0,4.0,16.0,1,low,scen_000083,top_0083
consumer_8,web_service,kafka_consumer_8,production,ap-southeast-1,ap-southeast-1c,host-801,ct-1576,v3.1.0,8.0,64.0,1,low,scen_000083,top_0083
consumer_9,web_service,kafka_consumer_9,production,ap-southeast-1,ap-southeast-1b,host-360,ct-2293,v3.2.0,4.0,8.0,4,low,scen_000083,top_0083
consumer_10,web_service,kafka_consumer_10,production,ap-southeast-1,ap-southeast-1b,host-423,ct-8409,v3.4.0,8.0,4.0,4,low,scen_000083,top_0083
consumer_11,web_service,kafka_consumer_11,production,ap-southeast-1,ap-southeast-1c,host-323,ct-2136,v3.2.0,2.0,32.0,2,low,scen_000083,top_0083
consumer_12,web_service,kafka_consumer_12,production,ap-southeast-1,ap-southeast-1b,host-306,ct-1883,v3.1.0,16.0,8.0,2,low,scen_000083,top_0083
consumer_13,web_service,kafka_consumer_13,production,ap-southeast-1,ap-southeast-1b,host-996,ct-2778,v1.0.0,8.0,32.0,5,low,scen_000083,top_0083
consumer_14,web_service,kafka_consumer_14,production,ap-southeast-1,ap-southeast-1a,host-786,ct-9010,v3.7.0,4.0,4.0,4,low,scen_000083,top_0083
consumer_15,web_service,kafka_consumer_15,production,ap-southeast-1,ap-southeast-1c,host-347,ct-7831,v2.1.0,8.0,4.0,2,low,scen_000083,top_0083
consumer_16,web_service,kafka_consumer_16,production,ap-southeast-1,ap-southeast-1a,host-278,ct-6335,v3.9.0,8.0,64.0,5,low,scen_000083,top_0083
consumer_17,web_service,kafka_consumer_17,production,ap-southeast-1,ap-southeast-1c,host-446,ct-1767,v3.9.0,16.0,64.0,1,low,scen_000083,top_0083
consumer_18,web_service,kafka_consumer_18,production,ap-southeast-1,ap-southeast-1a,host-193,ct-2620,v2.5.0,4.0,4.0,5,low,scen_000083,top_0083
consumer_19,web_service,kafka_consumer_19,production,ap-southeast-1,ap-southeast-1c,host-816,ct-7919,v1.0.0,2.0,64.0,2,low,scen_000083,top_0083
consumer_20,web_service,kafka_consumer_20,production,ap-southeast-1,ap-southeast-1b,host-153,ct-4130,v1.5.0,8.0,32.0,2,low,scen_000083,top_0083
consumer_21,web_service,kafka_consumer_21,production,ap-southeast-1,ap-southeast-1b,host-849,ct-9950,v2.8.0,16.0,4.0,1,low,scen_000083,top_0083
consumer_22,web_service,kafka_consumer_22,production,ap-southeast-1,ap-southeast-1b,host-290,ct-1463,v3.7.0,16.0,4.0,5,low,scen_000083,top_0083
consumer_23,web_service,kafka_consumer_23,production,ap-southeast-1,ap-southeast-1c,host-362,ct-5604,v2.5.0,2.0,64.0,1,low,scen_000083,top_0083
consumer_24,web_service,kafka_consumer_24,production,ap-southeast-1,ap-southeast-1c,host-297,ct-4305,v1.0.0,8.0,4.0,4,low,scen_000083,top_0083
consumer_25,web_service,kafka_consumer_25,production,ap-southeast-1,ap-southeast-1a,host-610,ct-5073,v1.6.0,2.0,8.0,1,low,scen_000083,top_0083
consumer_26,web_service,kafka_consumer_26,production,ap-southeast-1,ap-southeast-1b,host-315,ct-4120,v2.8.0,8.0,16.0,2,low,scen_000083,top_0083
consumer_27,web_service,kafka_consumer_27,production,ap-southeast-1,ap-southeast-1c,host-321,ct-3179,v2.6.0,8.0,8.0,5,low,scen_000083,top_0083
consumer_28,web_service,kafka_consumer_28,production,ap-southeast-1,ap-southeast-1b,host-518,ct-5269,v1.4.0,16.0,32.0,1,low,scen_000083,top_0083
ingest_01,api_gateway,ingestion_gateway,production,eu-central-1,eu-central-1c,host-634,ct-7451,v1.0.0,2.0,64.0,5,critical,scen_000084,top_0084
kafka_broker,kafka,kafka,production,eu-central-1,eu-central-1a,host-198,ct-2884,v3.0.0,2.0,32.0,2,critical,scen_000084,top_0084
notif_01,notification_service,notification_service,production,eu-central-1,eu-central-1c,host-925,ct-9715,v1.1.0,16.0,64.0,5,high,scen_000084,top_0084
user_01,user_service,user_service,production,eu-central-1,eu-central-1c,host-581,ct-6797,v3.2.0,16.0,64.0,3,medium,scen_000084,top_0084
db_event,mysql,mysql,production,eu-central-1,eu-central-1a,host-803,ct-6907,v1.3.0,8.0,16.0,4,high,scen_000084,top_0084
consumer_1,web_service,kafka_consumer_1,production,eu-central-1,eu-central-1c,host-174,ct-8816,v1.4.0,4.0,64.0,1,low,scen_000084,top_0084
consumer_2,web_service,kafka_consumer_2,production,eu-central-1,eu-central-1a,host-609,ct-9884,v3.8.0,8.0,16.0,5,low,scen_000084,top_0084
consumer_3,web_service,kafka_consumer_3,production,eu-central-1,eu-central-1c,host-494,ct-4481,v1.2.0,8.0,4.0,4,low,scen_000084,top_0084
consumer_4,web_service,kafka_consumer_4,production,eu-central-1,eu-central-1c,host-100,ct-1275,v3.9.0,4.0,8.0,4,low,scen_000084,top_0084
consumer_5,web_service,kafka_consumer_5,production,eu-central-1,eu-central-1a,host-779,ct-4704,v2.2.0,2.0,4.0,3,low,scen_000084,top_0084
consumer_6,web_service,kafka_consumer_6,production,eu-central-1,eu-central-1c,host-597,ct-2809,v1.3.0,4.0,4.0,2,low,scen_000084,top_0084
consumer_7,web_service,kafka_consumer_7,production,eu-central-1,eu-central-1b,host-937,ct-2463,v2.1.0,2.0,32.0,5,low,scen_000084,top_0084
consumer_8,web_service,kafka_consumer_8,production,eu-central-1,eu-central-1c,host-981,ct-6541,v2.2.0,16.0,16.0,3,low,scen_000084,top_0084
consumer_9,web_service,kafka_consumer_9,production,eu-central-1,eu-central-1b,host-729,ct-9341,v2.3.0,8.0,64.0,3,low,scen_000084,top_0084
consumer_10,web_service,kafka_consumer_10,production,eu-central-1,eu-central-1a,host-313,ct-5419,v1.5.0,2.0,8.0,3,low,scen_000084,top_0084
consumer_11,web_service,kafka_consumer_11,production,eu-central-1,eu-central-1b,host-915,ct-9375,v1.0.0,4.0,64.0,3,low,scen_000084,top_0084
consumer_12,web_service,kafka_consumer_12,production,eu-central-1,eu-central-1c,host-786,ct-6454,v3.8.0,8.0,16.0,2,low,scen_000084,top_0084
consumer_13,web_service,kafka_consumer_13,production,eu-central-1,eu-central-1c,host-935,ct-5209,v3.5.0,2.0,64.0,4,low,scen_000084,top_0084
consumer_14,web_service,kafka_consumer_14,production,eu-central-1,eu-central-1a,host-786,ct-5130,v1.0.0,8.0,16.0,1,low,scen_000084,top_0084
consumer_15,web_service,kafka_consumer_15,production,eu-central-1,eu-central-1c,host-496,ct-8635,v3.1.0,16.0,64.0,1,low,scen_000084,top_0084
consumer_16,web_service,kafka_consumer_16,production,eu-central-1,eu-central-1c,host-589,ct-8667,v2.6.0,4.0,8.0,3,low,scen_000084,top_0084
consumer_17,web_service,kafka_consumer_17,production,eu-central-1,eu-central-1b,host-318,ct-9852,v1.5.0,16.0,4.0,1,low,scen_000084,top_0084
consumer_18,web_service,kafka_consumer_18,production,eu-central-1,eu-central-1b,host-733,ct-8335,v2.6.0,16.0,8.0,4,low,scen_000084,top_0084
consumer_19,web_service,kafka_consumer_19,production,eu-central-1,eu-central-1b,host-778,ct-3918,v2.8.0,2.0,16.0,4,low,scen_000084,top_0084
gw_01,api_gateway,api_gateway,production,ap-southeast-1,ap-southeast-1b,host-676,ct-5071,v3.0.0,2.0,8.0,3,critical,scen_000087,top_0087
auth_01,auth_service,auth_service,production,ap-southeast-1,ap-southeast-1b,host-447,ct-9190,v2.2.0,4.0,16.0,2,high,scen_000087,top_0087
order_01,order_service,order_service,production,ap-southeast-1,ap-southeast-1b,host-959,ct-8245,v1.3.0,2.0,64.0,5,critical,scen_000087,top_0087
pay_01,payment_service,payment_service,production,ap-southeast-1,ap-southeast-1b,host-762,ct-5945,v3.0.0,8.0,16.0,2,critical,scen_000087,top_0087
inv_01,inventory_service,inventory_service,production,ap-southeast-1,ap-southeast-1c,host-603,ct-3762,v2.1.0,8.0,16.0,4,high,scen_000087,top_0087
db_master,postgresql,postgresql,production,ap-southeast-1,ap-southeast-1c,host-144,ct-8306,v2.5.0,4.0,16.0,5,critical,scen_000087,top_0087
cache_01,redis,redis,production,ap-southeast-1,ap-southeast-1a,host-412,ct-1990,v2.3.0,4.0,4.0,2,high,scen_000087,top_0087
mq_01,kafka,kafka,production,ap-southeast-1,ap-southeast-1b,host-550,ct-4124,v1.7.0,2.0,16.0,3,high,scen_000087,top_0087
ecom_aux_1,user_service,user_service_1,production,ap-southeast-1,ap-southeast-1b,host-939,ct-3273,v1.3.0,4.0,16.0,1,low,scen_000087,top_0087
ecom_aux_2,user_service,user_service_2,production,ap-southeast-1,ap-southeast-1b,host-776,ct-5557,v2.9.0,8.0,16.0,4,low,scen_000087,top_0087
ecom_aux_3,user_service,user_service_3,production,ap-southeast-1,ap-southeast-1c,host-997,ct-1080,v1.6.0,16.0,8.0,1,low,scen_000087,top_0087
ecom_aux_4,user_service,user_service_4,production,ap-southeast-1,ap-southeast-1c,host-750,ct-2048,v2.3.0,4.0,16.0,5,low,scen_000087,top_0087
ecom_aux_5,user_service,user_service_5,production,ap-southeast-1,ap-southeast-1b,host-822,ct-1772,v2.9.0,4.0,64.0,1,low,scen_000087,top_0087
ecom_aux_6,user_service,user_service_6,production,ap-southeast-1,ap-southeast-1b,host-650,ct-8332,v2.5.0,16.0,32.0,1,low,scen_000087,top_0087
ecom_aux_7,user_service,user_service_7,production,ap-southeast-1,ap-southeast-1b,host-495,ct-9839,v1.6.0,8.0,4.0,1,low,scen_000087,top_0087
ecom_aux_8,user_service,user_service_8,production,ap-southeast-1,ap-southeast-1c,host-701,ct-1720,v1.9.0,2.0,16.0,2,low,scen_000087,top_0087
ecom_aux_9,user_service,user_service_9,production,ap-southeast-1,ap-southeast-1b,host-732,ct-9901,v3.2.0,16.0,32.0,5,low,scen_000087,top_0087
ecom_aux_10,user_service,user_service_10,production,ap-southeast-1,ap-southeast-1c,host-617,ct-4391,v1.5.0,2.0,32.0,2,low,scen_000087,top_0087
ecom_aux_11,user_service,user_service_11,production,ap-southeast-1,ap-southeast-1c,host-862,ct-6915,v2.3.0,16.0,64.0,5,low,scen_000087,top_0087
ingest_01,api_gateway,ingestion_gateway,production,us-east-1,us-east-1a,host-654,ct-3253,v2.8.0,8.0,8.0,2,critical,scen_000096,top_0096
kafka_broker,kafka,kafka,production,us-east-1,us-east-1c,host-124,ct-1228,v2.4.0,8.0,64.0,1,critical,scen_000096,top_0096
notif_01,notification_service,notification_service,production,us-east-1,us-east-1c,host-875,ct-2723,v3.7.0,16.0,4.0,1,high,scen_000096,top_0096
user_01,user_service,user_service,production,us-east-1,us-east-1a,host-926,ct-3932,v3.8.0,8.0,32.0,2,medium,scen_000096,top_0096
db_event,mysql,mysql,production,us-east-1,us-east-1b,host-408,ct-1938,v2.1.0,2.0,64.0,5,high,scen_000096,top_0096
consumer_1,web_service,kafka_consumer_1,production,us-east-1,us-east-1a,host-865,ct-6713,v2.8.0,4.0,64.0,5,low,scen_000096,top_0096
consumer_2,web_service,kafka_consumer_2,production,us-east-1,us-east-1b,host-705,ct-4223,v3.4.0,8.0,8.0,5,low,scen_000096,top_0096
consumer_3,web_service,kafka_consumer_3,production,us-east-1,us-east-1a,host-818,ct-8246,v2.0.0,2.0,64.0,2,low,scen_000096,top_0096
consumer_4,web_service,kafka_consumer_4,production,us-east-1,us-east-1b,host-490,ct-4583,v3.8.0,2.0,64.0,3,low,scen_000096,top_0096
consumer_5,web_service,kafka_consumer_5,production,us-east-1,us-east-1b,host-500,ct-5302,v3.4.0,4.0,8.0,5,low,scen_000096,top_0096
consumer_6,web_service,kafka_consumer_6,production,us-east-1,us-east-1c,host-815,ct-7739,v1.4.0,16.0,32.0,2,low,scen_000096,top_0096
consumer_7,web_service,kafka_consumer_7,production,us-east-1,us-east-1b,host-760,ct-5650,v2.0.0,8.0,4.0,2,low,scen_000096,top_0096
consumer_8,web_service,kafka_consumer_8,production,us-east-1,us-east-1a,host-260,ct-5999,v2.0.0,4.0,32.0,2,low,scen_000096,top_0096
consumer_9,web_service,kafka_consumer_9,production,us-east-1,us-east-1a,host-615,ct-4730,v1.0.0,4.0,64.0,4,low,scen_000096,top_0096
consumer_10,web_service,kafka_consumer_10,production,us-east-1,us-east-1c,host-794,ct-3580,v2.9.0,16.0,8.0,5,low,scen_000096,top_0096
consumer_11,web_service,kafka_consumer_11,production,us-east-1,us-east-1b,host-511,ct-8595,v3.6.0,4.0,8.0,4,low,scen_000096,top_0096
consumer_12,web_service,kafka_consumer_12,production,us-east-1,us-east-1a,host-749,ct-3815,v3.3.0,16.0,64.0,3,low,scen_000096,top_0096
consumer_13,web_service,kafka_consumer_13,production,us-east-1,us-east-1b,host-707,ct-5154,v3.8.0,2.0,4.0,4,low,scen_000096,top_0096
consumer_14,web_service,kafka_consumer_14,production,us-east-1,us-east-1c,host-578,ct-1177,v3.9.0,4.0,8.0,1,low,scen_000096,top_0096
consumer_15,web_service,kafka_consumer_15,production,us-east-1,us-east-1c,host-167,ct-2975,v1.8.0,2.0,8.0,1,low,scen_000096,top_0096
consumer_16,web_service,kafka_consumer_16,production,us-east-1,us-east-1b,host-356,ct-8265,v1.5.0,2.0,8.0,2,low,scen_000096,top_0096
consumer_17,web_service,kafka_consumer_17,production,us-east-1,us-east-1b,host-477,ct-1421,v2.3.0,8.0,32.0,1,low,scen_000096,top_0096
consumer_18,web_service,kafka_consumer_18,production,us-east-1,us-east-1c,host-666,ct-4496,v3.8.0,4.0,4.0,1,low,scen_000096,top_0096
consumer_19,web_service,kafka_consumer_19,production,us-east-1,us-east-1a,host-304,ct-7684,v2.2.0,16.0,4.0,2,low,scen_000096,top_0096
consumer_20,web_service,kafka_consumer_20,production,us-east-1,us-east-1c,host-654,ct-4806,v3.2.0,4.0,64.0,5,low,scen_000096,top_0096
consumer_21,web_service,kafka_consumer_21,production,us-east-1,us-east-1b,host-848,ct-8941,v1.3.0,8.0,64.0,1,low,scen_000096,top_0096
consumer_22,web_service,kafka_consumer_22,production,us-east-1,us-east-1c,host-725,ct-8227,v1.2.0,16.0,16.0,5,low,scen_000096,top_0096
consumer_23,web_service,kafka_consumer_23,production,us-east-1,us-east-1a,host-755,ct-1817,v2.6.0,4.0,32.0,5,low,scen_000096,top_0096
consumer_24,web_service,kafka_consumer_24,production,us-east-1,us-east-1a,host-459,ct-4981,v3.2.0,8.0,4.0,4,low,scen_000096,top_0096
consumer_25,web_service,kafka_consumer_25,production,us-east-1,us-east-1b,host-572,ct-7990,v1.0.0,8.0,8.0,3,low,scen_000096,top_0096
consumer_26,web_service,kafka_consumer_26,production,us-east-1,us-east-1a,host-907,ct-2103,v1.6.0,2.0,4.0,2,low,scen_000096,top_0096
